backend,font,dpi,scene,phase,frames,new_atlas_entries,metric,reference_version,candidate_version,reference_median,candidate_median,reference_process_median,candidate_process_median,paired_delta_us,paired_delta_us_ci95,paired_delta_pct,paired_bootstrap95,process_blocks,trials_per_process,samples_per_version,bootstrap_resamples
cpu,ptsans,2,demo,first_paint,1,275,draw_us,master,current,2044.646,1763.0,2039.4164999999998,1766.375,-288.10450000000003,"[-302.2495000000001, -255.58349999999996]",-13.950275712757565,"[-14.657126035075745, -12.730525861890996]",12,5,60,10000
cpu,ptsans,2,demo,first_paint,1,275,submit_us,master,current,2046.812,1765.1875,2041.625,1768.729,-287.8754999999999,"[-302.5419999999999, -255.39600000000007]",-13.924091998973807,"[-14.650877268526019, -12.713318710009963]",12,5,60,10000
cpu,ptsans,2,demo,first_paint,1,275,complete_us,master,current,2046.812,1765.1875,2041.667,1768.75,-287.89649999999995,"[-302.5205000000001, -255.39599999999996]",-13.92497820507202,"[-14.650554976877107, -12.713192919227684]",12,5,60,10000
cpu,ptsans,2,demo,first_paint,1,275,draw_us,master,final,2044.646,1731.0625,2039.4164999999998,1729.6465,-295.45799999999997,"[-330.27099999999996, -275.8130000000001]",-14.751557991098675,"[-15.982536255006059, -13.826540061559417]",12,5,60,10000
cpu,ptsans,2,demo,first_paint,1,275,submit_us,master,final,2046.812,1733.375,2041.625,1731.792,-295.6664999999999,"[-330.33349999999996, -275.75]",-14.73456730419595,"[-15.967958933723796, -13.817934718717122]",12,5,60,10000
cpu,ptsans,2,demo,first_paint,1,275,complete_us,master,final,2046.812,1733.3960000000002,2041.667,1731.792,-295.625,"[-330.33400000000006, -275.7710000000001]",-14.734370043821805,"[-15.96785456517059, -13.816766377981498]",12,5,60,10000
cpu,ptsans,2,demo,first_paint,1,275,draw_us,master,route,2044.646,1748.6045,2039.4164999999998,1740.0,-276.3130000000001,"[-334.3125, -248.58300000000008]",-14.011127637874349,"[-16.077197278153314, -12.579220090359117]",12,5,60,10000
cpu,ptsans,2,demo,first_paint,1,275,submit_us,master,route,2046.812,1751.1460000000002,2041.625,1742.229,-276.10450000000003,"[-334.5004999999999, -248.39550000000008]",-13.986641354445489,"[-16.068086802149235, -12.557137017420395]",12,5,60,10000
cpu,ptsans,2,demo,first_paint,1,275,complete_us,master,route,2046.812,1751.1460000000002,2041.667,1742.271,-276.10450000000003,"[-334.4794999999999, -248.41650000000004]",-13.986641354445489,"[-16.06708777358558, -12.557935245383927]",12,5,60,10000
cpu,ptsans,2,demo,first_paint,1,275,draw_us,current,final,1763.0,1731.0625,1766.375,1729.6465,-42.04149999999993,"[-59.8119999999999, 15.146000000000072]",-2.360097259860922,"[-3.3290171615082462, 0.86197665765394]",12,5,60,10000
cpu,ptsans,2,demo,first_paint,1,275,submit_us,current,final,1765.1875,1733.375,1768.729,1731.792,-42.0,"[-59.72799999999995, 14.9375]",-2.372724494377426,"[-3.3202672662565713, 0.8489421927116325]",12,5,60,10000
cpu,ptsans,2,demo,first_paint,1,275,complete_us,current,final,1765.1875,1733.3960000000002,1768.75,1731.792,-42.02100000000007,"[-59.76999999999998, 14.958499999999958]",-2.3715946025659465,"[-3.32252440614621, 0.8501263206514675]",12,5,60,10000
cpu,ptsans,2,demo,first_paint,1,275,draw_us,current,route,1763.0,1748.6045,1766.375,1740.0,-10.85450000000003,"[-49.250499999999874, 21.124500000000012]",-0.6259289507468124,"[-2.7506276997072865, 1.2070366153307255]",12,5,60,10000
cpu,ptsans,2,demo,first_paint,1,275,submit_us,current,route,1765.1875,1751.1460000000002,1768.729,1742.229,-11.062999999999988,"[-49.104499999999916, 21.27049999999997]",-0.6368236770738833,"[-2.739159020455728, 1.2138679732122903]",12,5,60,10000
cpu,ptsans,2,demo,first_paint,1,275,complete_us,current,route,1765.1875,1751.1460000000002,1768.75,1742.271,-11.083999999999946,"[-49.12549999999999, 21.27049999999997]",-0.6380083371307355,"[-2.7402613504348308, 1.2138679732122903]",12,5,60,10000
cpu,ptsans,2,demo,first_paint,1,275,draw_us,route,final,1748.6045,1731.0625,1740.0,1729.6465,-11.832499999999982,"[-28.5, 9.1875]",-0.6865316299663915,"[-1.6615339867604106, 0.5279972510977338]",12,5,60,10000
cpu,ptsans,2,demo,first_paint,1,275,submit_us,route,final,1751.1460000000002,1733.375,1742.229,1731.792,-12.041000000000054,"[-28.541499999999928, 9.312999999999988]",-0.6977564825490057,"[-1.6620600985680467, 0.534557577462702]",12,5,60,10000
cpu,ptsans,2,demo,first_paint,1,275,complete_us,route,final,1751.1460000000002,1733.3960000000002,1742.271,1731.792,-12.04099999999994,"[-28.54200000000003, 9.3125]",-0.6977175517321965,"[-1.6620374627834777, 0.5345168594048544]",12,5,60,10000
cpu,ptsans,2,demo,pan,10,0,draw_us,master,current,219.53135,218.75225,219.93965,219.5418,-0.687650000000005,"[-2.485500000000002, 2.581450000000004]",-0.3143762893301927,"[-1.1355144081829027, 1.1962026620508048]",12,5,60,10000
cpu,ptsans,2,demo,pan,10,0,submit_us,master,current,221.1626,220.43964999999997,221.625,221.14805,-0.6145499999999942,"[-2.460650000000001, 2.5711000000000013]",-0.27876273289990094,"[-1.1161228037604332, 1.1768505016819253]",12,5,60,10000
cpu,ptsans,2,demo,pan,10,0,complete_us,master,current,221.18345,220.45845,221.6501,221.16885000000002,-0.6187499999999915,"[-2.460650000000001, 2.5793000000000035]",-0.2806234119027251,"[-1.1160608528065386, 1.1776824240888106]",12,5,60,10000
cpu,ptsans,2,demo,pan,10,0,draw_us,master,final,219.53135,219.71665000000002,219.93965,220.22070000000002,-0.8419000000000096,"[-1.9563500000000005, 2.354200000000006]",-0.37943713802215395,"[-0.8954311076299626, 1.0579539782617386]",12,5,60,10000
cpu,ptsans,2,demo,pan,10,0,submit_us,master,final,221.1626,221.4397,221.625,221.97075,-0.7834000000000003,"[-1.9562999999999988, 2.4395000000000095]",-0.34960419593599856,"[-0.8892271755113812, 1.0889110329350027]",12,5,60,10000
cpu,ptsans,2,demo,pan,10,0,complete_us,master,final,221.18345,221.4647,221.6501,221.98955,-0.783450000000002,"[-1.9519999999999982, 2.4333000000000027]",-0.3496324675019147,"[-0.8872330184631183, 1.0860274001121328]",12,5,60,10000
cpu,ptsans,2,demo,pan,10,0,draw_us,master,route,219.53135,218.00425,219.93965,217.78115,-1.6729500000000144,"[-3.2707500000000067, 1.0833499999999958]",-0.7632962061403403,"[-1.4661886989282003, 0.49959260559360175]",12,5,60,10000
cpu,ptsans,2,demo,pan,10,0,submit_us,master,route,221.1626,219.70839999999998,221.625,219.46465,-1.6539499999999947,"[-3.274799999999999, 1.0999500000000069]",-0.7489745695546113,"[-1.4568552682876823, 0.5033107969158901]",12,5,60,10000
cpu,ptsans,2,demo,pan,10,0,complete_us,master,route,221.18345,219.73335,221.6501,219.4855,-1.658149999999992,"[-3.274799999999999, 1.0938000000000017]",-0.7507872209662647,"[-1.456753066715788, 0.5004722509975079]",12,5,60,10000
cpu,ptsans,2,demo,pan,10,0,draw_us,current,final,218.75225,219.71665000000002,219.5418,220.22070000000002,1.1602999999999923,"[-2.6101500000000044, 2.3937000000000097]",0.5301832519252314,"[-1.1943183817371694, 1.0926929387049422]",12,5,60,10000
cpu,ptsans,2,demo,pan,10,0,submit_us,current,final,220.43964999999997,221.4397,221.14805,221.97075,1.285499999999999,"[-2.579099999999997, 2.485299999999995]",0.5828641451130934,"[-1.1716996430553683, 1.1258708914115512]",12,5,60,10000
cpu,ptsans,2,demo,pan,10,0,complete_us,current,final,220.45845,221.4647,221.16885000000002,221.98955,1.2834999999999894,"[-2.581150000000008, 2.4893499999999875]",0.5818767981011774,"[-1.1725300318762455, 1.1275747573166184]",12,5,60,10000
cpu,ptsans,2,demo,pan,10,0,draw_us,current,route,218.75225,218.00425,219.5418,217.78115,-0.6103999999999985,"[-3.210250000000002, 0.039500000000003865]",-0.28049561083104413,"[-1.4538058352420724, 0.018044697676278254]",12,5,60,10000
cpu,ptsans,2,demo,pan,10,0,submit_us,current,route,220.43964999999997,219.70839999999998,221.14805,219.46465,-0.625,"[-3.2247500000000002, -0.09149999999999636]",-0.28521541899610425,"[-1.4495399758743088, -0.04139308548103959]",12,5,60,10000
cpu,ptsans,2,demo,pan,10,0,complete_us,current,route,220.45845,219.73335,221.16885000000002,219.4855,-0.6293000000000006,"[-3.2331000000000074, -0.10405000000000086]",-0.28716061849451413,"[-1.453135214693252, -0.0470841220829632]",12,5,60,10000
cpu,ptsans,2,demo,pan,10,0,draw_us,route,final,218.00425,219.71665000000002,217.78115,220.22070000000002,1.2999499999999955,"[-1.2478499999999997, 3.6187500000000057]",0.5940623760525954,"[-0.5773864302784038, 1.6732306558875365]",12,5,60,10000
cpu,ptsans,2,demo,pan,10,0,submit_us,route,final,219.70839999999998,221.4397,219.46465,221.97075,1.3769999999999953,"[-1.249849999999995, 3.6561000000000092]",0.6245166451605555,"[-0.5737560012564646, 1.6773206577636146]",12,5,60,10000
cpu,ptsans,2,demo,pan,10,0,complete_us,route,final,219.73335,221.4647,219.4855,221.98955,1.3875499999999903,"[-1.241500000000002, 3.65209999999999]",0.6292588345123917,"[-0.5699548021117495, 1.6753091510972817]",12,5,60,10000
cpu,ptsans,2,demo,warm,30,0,draw_us,master,current,213.9458835,213.5264,213.31946699999997,213.95208300000002,-0.09441700000000708,"[-1.2104334999999935, 1.482600000000005]",-0.04284933869134755,"[-0.5623483010992136, 0.7020177717184328]",12,5,60,10000
cpu,ptsans,2,demo,warm,30,0,submit_us,master,current,215.5993665,215.134783,215.0208665,215.6131835,-0.1382835,"[-1.2035165000000063, 1.4347164999999933]",-0.06327208107385074,"[-0.5547514523769947, 0.6745343044839758]",12,5,60,10000
cpu,ptsans,2,demo,warm,30,0,complete_us,master,current,215.618783,215.1542165,215.04233349999998,215.63400000000001,-0.13828300000000127,"[-1.2014335000000074, 1.4334164999999928]",-0.06327522915011707,"[-0.5537427924766469, 0.6738193894660793]",12,5,60,10000
cpu,ptsans,2,demo,warm,30,0,draw_us,master,final,213.9458835,213.51735,213.31946699999997,213.15283349999999,-0.3700669999999917,"[-2.10775000000001, 1.7458500000000043]",-0.1777661521846441,"[-0.9904896107236882, 0.8165064866074379]",12,5,60,10000
cpu,ptsans,2,demo,warm,30,0,submit_us,master,final,215.5993665,215.1145,215.0208665,214.8423,-0.49431699999999523,"[-2.105533500000007, 1.7388335000000126]",-0.23474702681053894,"[-0.9812522677116131, 0.8070985651585372]",12,5,60,10000
cpu,ptsans,2,demo,warm,30,0,complete_us,master,final,215.618783,215.135367,215.04233349999998,214.864533,-0.49631650000000604,"[-2.098517000000001, 1.7410164999999864]",-0.2356877470387153,"[-0.9779369049294162, 0.8080308729106478]",12,5,60,10000
cpu,ptsans,2,demo,warm,30,0,draw_us,master,route,213.9458835,214.26041650000002,213.31946699999997,214.052117,0.09718300000000113,"[-0.5707664999999906, 0.9533330000000007]",0.045469500372796734,"[-0.2696828490849179, 0.4470164487210271]",12,5,60,10000
cpu,ptsans,2,demo,warm,30,0,submit_us,master,route,215.5993665,215.94791650000002,215.0208665,215.72993350000002,0.09713299999999947,"[-0.6534170000000046, 1.0861670000000032]",0.04524310441685886,"[-0.3058729555735884, 0.5061563185502882]",12,5,60,10000
cpu,ptsans,2,demo,warm,30,0,complete_us,master,route,215.618783,215.97084999999998,215.04233349999998,215.75144999999998,0.10568299999998487,"[-0.6582334999999944, 1.0841165000000075]",0.04912126423869401,"[-0.30815360472362663, 0.5051844901097335]",12,5,60,10000
cpu,ptsans,2,demo,warm,30,0,draw_us,current,final,213.5264,213.51735,213.95208300000002,213.15283349999999,-0.4444495000000046,"[-1.625766999999982, 1.8228165000000018]",-0.2060526135838736,"[-0.7738091082918397, 0.8651841762661316]",12,5,60,10000
cpu,ptsans,2,demo,warm,30,0,submit_us,current,final,215.134783,215.1145,215.6131835,214.8423,-0.450666499999997,"[-1.7077005000000014, 1.8549500000000023]",-0.20884133472969246,"[-0.8065173272310378, 0.8747641500195358]",12,5,60,10000
cpu,ptsans,2,demo,warm,30,0,complete_us,current,final,215.1542165,215.135367,215.63400000000001,214.864533,-0.44785049999998705,"[-1.7118660000000148, 1.856383000000008]",-0.20750371806123602,"[-0.8083963786878534, 0.8753950679578071]",12,5,60,10000
cpu,ptsans,2,demo,warm,30,0,draw_us,current,route,213.5264,214.26041650000002,213.95208300000002,214.052117,-0.2382329999999797,"[-1.977800000000002, 1.906283000000002]",-0.10980986736722764,"[-0.9253067821628658, 0.8900863314628693]",12,5,60,10000
cpu,ptsans,2,demo,warm,30,0,submit_us,current,route,215.134783,215.94791650000002,215.6131835,215.72993350000002,-0.16666649999999095,"[-2.021617000000006, 1.9237830000000145]",-0.07584317972518795,"[-0.9390534354093427, 0.8913509980197021]",12,5,60,10000
cpu,ptsans,2,demo,warm,30,0,complete_us,current,route,215.1542165,215.97084999999998,215.63400000000001,215.75144999999998,-0.1660164999999978,"[-2.0208829999999978, 1.9196165000000036]",-0.07552186136779437,"[-0.9386667956198136, 0.8893214611361611]",12,5,60,10000
cpu,ptsans,2,demo,warm,30,0,draw_us,route,final,214.26041650000002,213.51735,214.052117,213.15283349999999,-0.18128350000000637,"[-2.415849499999993, 1.4076000000000022]",-0.08557520586273681,"[-1.1353954377365805, 0.6594765499987165]",12,5,60,10000
cpu,ptsans,2,demo,warm,30,0,submit_us,route,final,215.94791650000002,215.1145,215.72993350000002,214.8423,-0.23266699999999219,"[-2.488083500000016, 1.4462330000000065]",-0.10882586484707302,"[-1.1601596131791958, 0.6723925412929321]",12,5,60,10000
cpu,ptsans,2,demo,warm,30,0,complete_us,route,final,215.97084999999998,215.135367,215.75144999999998,214.864533,-0.226466500000015,"[-2.4901835000000005, 1.4484165000000075]",-0.10593442963482969,"[-1.1610065873733366, 0.673337286025455]",12,5,60,10000
cpu,ptsans,2,demo,zoom_in,12,2924,draw_us,master,current,1866.366333,1600.565875,1871.0555,1600.263875,-268.3818749999999,"[-274.47399999999993, -247.31958350000002]",-14.467015944895351,"[-14.62252282972451, -13.442037015173913]",12,5,60,10000
cpu,ptsans,2,demo,zoom_in,12,2924,submit_us,master,current,1867.5641249999999,1601.7933335,1872.27425,1601.519,-268.4600415,"[-274.4584165, -247.35950049999997]",-14.458307499967821,"[-14.615304498205127, -13.4350763848112]",12,5,60,10000
cpu,ptsans,2,demo,zoom_in,12,2924,complete_us,master,current,1867.599,1601.814208,1872.289875,1601.5346665,-268.4581250000001,"[-274.45487550000007, -247.34725000000014]",-14.458049582402953,"[-14.615044785407111, -13.434303597546936]",12,5,60,10000
cpu,ptsans,2,demo,zoom_in,12,2924,draw_us,master,final,1866.366333,1571.1284580000001,1871.0555,1571.8940830000001,-298.51387499999987,"[-306.000042, -284.940917]",-15.968341853493667,"[-16.2996663785872, -15.24368903265657]",12,5,60,10000
cpu,ptsans,2,demo,zoom_in,12,2924,submit_us,master,final,1867.5641249999999,1572.381875,1872.27425,1573.1562915,-298.5382915,"[-306.001667, -284.922]",-15.958281613793467,"[-16.28953746197677, -15.232362013854434]",12,5,60,10000
cpu,ptsans,2,demo,zoom_in,12,2924,complete_us,master,final,1867.599,1572.4009999999998,1872.289875,1573.1736664999999,-298.5382085000001,"[-306.0034585000001, -284.91308349999997]",-15.957868156809113,"[-16.289422653533165, -15.231719728665666]",12,5,60,10000
cpu,ptsans,2,demo,zoom_in,12,2924,draw_us,master,route,1866.366333,1597.222292,1871.0555,1599.633792,-272.090333,"[-276.4947915, -252.288]",-14.539864585753186,"[-14.724962792907327, -13.928348127807876]",12,5,60,10000
cpu,ptsans,2,demo,zoom_in,12,2924,submit_us,master,route,1867.5641249999999,1598.444542,1872.27425,1600.857708,-272.133791,"[-276.5503749999999, -252.38183349999997]",-14.532326814842271,"[-14.718301149871838, -13.92364030887691]",12,5,60,10000
cpu,ptsans,2,demo,zoom_in,12,2924,complete_us,master,route,1867.599,1598.4671665,1872.289875,1600.8750415,-272.144084,"[-276.5469170000001, -252.37487450000015]",-14.532661472304941,"[-14.717995472410722, -13.923107046733541]",12,5,60,10000
cpu,ptsans,2,demo,zoom_in,12,2924,draw_us,current,final,1600.565875,1571.1284580000001,1600.263875,1571.8940830000001,-27.986000499999932,"[-33.475583500000084, -22.33862499999998]",-1.769140162857008,"[-2.0859204105729114, -1.3987526635444558]",12,5,60,10000
cpu,ptsans,2,demo,zoom_in,12,2924,submit_us,current,final,1601.7933335,1572.381875,1601.519,1573.1562915,-27.972291500000097,"[-33.50862500000005, -22.258708999999953]",-1.767025939557737,"[-2.0864059158629713, -1.392695861251153]",12,5,60,10000
cpu,ptsans,2,demo,zoom_in,12,2924,complete_us,current,final,1601.814208,1572.4009999999998,1601.5346665,1573.1736664999999,-27.97754199999997,"[-33.51216650000015, -22.26045799999997]",-1.767330210722473,"[-2.086593319268176, -1.3927875099028653]",12,5,60,10000
cpu,ptsans,2,demo,zoom_in,12,2924,draw_us,current,route,1600.565875,1597.222292,1600.263875,1599.633792,0.8769169999999349,"[-8.03808349999997, 8.755291499999998]",0.05351426362589229,"[-0.5083177496174984, 0.5573051480157631]",12,5,60,10000
cpu,ptsans,2,demo,zoom_in,12,2924,submit_us,current,route,1601.7933335,1598.444542,1601.519,1600.857708,0.7814165000000912,"[-8.000041499999952, 8.757083500000022]",0.04758248933054432,"[-0.5055514772408121, 0.5569931299805542]",12,5,60,10000
cpu,ptsans,2,demo,zoom_in,12,2924,complete_us,current,route,1601.814208,1598.4671665,1601.5346665,1600.8750415,0.7864584999999806,"[-8.005166500000087, 8.757041500000014]",0.04788687499830968,"[-0.5058640328333641, 0.5569851072029675]",12,5,60,10000
cpu,ptsans,2,demo,zoom_in,12,2924,draw_us,route,final,1597.222292,1571.1284580000001,1599.633792,1571.8940830000001,-26.015625500000056,"[-33.458582999999976, -20.810958499999856]",-1.6295435308599449,"[-2.1122653601424792, -1.318205775006548]",12,5,60,10000
cpu,ptsans,2,demo,zoom_in,12,2924,submit_us,route,final,1598.444542,1572.381875,1600.857708,1573.1562915,-26.034583500000053,"[-33.534958500000016, -20.798875000000066]",-1.6294262369738244,"[-2.1154723097714987, -1.3165313199890005]",12,5,60,10000
cpu,ptsans,2,demo,zoom_in,12,2924,complete_us,route,final,1598.4671665,1572.4009999999998,1600.8750415,1573.1736664999999,-26.03645849999998,"[-33.52791650000006, -20.800499999999943]",-1.629522565214414,"[-2.115000356742247, -1.3166176204980506]",12,5,60,10000
cpu,ptsans,2,demo,zoom_out,12,1952,draw_us,master,current,1212.3992915,1016.6163329999999,1214.369833,1017.3541665,-195.757,"[-201.72379200000006, -192.34362499999992]",-16.227413249824536,"[-16.46503986112492, -16.116290924021204]",12,5,60,10000
cpu,ptsans,2,demo,zoom_out,12,1952,submit_us,master,current,1213.7379165,1018.415,1215.7345,1018.7082499999999,-195.7588750000001,"[-201.70316699999995, -192.36645849999996]",-16.21501968042569,"[-16.4453107245487, -16.098728410984776]",12,5,60,10000
cpu,ptsans,2,demo,zoom_out,12,1952,complete_us,master,current,1213.758667,1018.4392085,1215.7534585,1018.730875,-195.75879150000003,"[-201.70141700000005, -192.36804150000006]",-16.214184683163374,"[-16.44488669705592, -16.098492958730674]",12,5,60,10000
cpu,ptsans,2,demo,zoom_out,12,1952,draw_us,master,final,1212.3992915,1001.3715835,1214.369833,1001.99125,-208.83675000000005,"[-215.11441699999995, -204.27958349999994]",-17.310039341530448,"[-18.00975867688439, -16.98378141976335]",12,5,60,10000
cpu,ptsans,2,demo,zoom_out,12,1952,submit_us,master,final,1213.7379165,1002.706583,1215.7345,1003.2915,-208.85920799999997,"[-215.227458, -204.25520799999998]",-17.2886651737453,"[-18.00101635187183, -16.962752152332037]",12,5,60,10000
cpu,ptsans,2,demo,zoom_out,12,1952,complete_us,master,final,1213.758667,1002.736167,1215.7534585,1003.317667,-208.85754150000002,"[-215.22733350000004, -204.24825049999998]",-17.288583933621126,"[-18.000521881636217, -16.962048930249885]",12,5,60,10000
cpu,ptsans,2,demo,zoom_out,12,1952,draw_us,master,route,1212.3992915,1017.6458335,1214.369833,1013.7309585,-200.491292,"[-206.2795415, -192.4687494999999]",-16.76346820203034,"[-17.092720099003184, -16.070706933094307]",12,5,60,10000
cpu,ptsans,2,demo,zoom_out,12,1952,submit_us,master,route,1213.7379165,1018.9653335,1215.7345,1015.0277915,-200.64570849999996,"[-206.34391699999998, -192.4547915]",-16.754719068206043,"[-17.08155036180454, -16.05606387964386]",12,5,60,10000
cpu,ptsans,2,demo,zoom_out,12,1952,complete_us,master,route,1213.758667,1018.9862085,1215.7534585,1015.0487499999999,-200.64575000000002,"[-206.33145850000005, -192.46875000000006]",-16.75353443242576,"[-17.081326994096468, -16.056206040381944]",12,5,60,10000
cpu,ptsans,2,demo,zoom_out,12,1952,draw_us,current,final,1016.6163329999999,1001.3715835,1017.3541665,1001.99125,-14.444333000000029,"[-19.68229150000002, -9.85420849999997]",-1.429406323067306,"[-1.9520094271202604, -0.9664585942092185]",12,5,60,10000
cpu,ptsans,2,demo,zoom_out,12,1952,submit_us,current,final,1018.415,1002.706583,1018.7082499999999,1003.2915,-14.472082999999998,"[-19.770832999999925, -9.779374999999959]",-1.431578489090185,"[-1.9582076448142693, -0.95786965903501]",12,5,60,10000
cpu,ptsans,2,demo,zoom_out,12,1952,complete_us,current,final,1018.4392085,1002.736167,1018.730875,1003.317667,-14.466875500000015,"[-19.772625000000005, -9.779457999999977]",-1.4310521128928333,"[-1.9583556855587658, -0.9578559329205205]",12,5,60,10000
cpu,ptsans,2,demo,zoom_out,12,1952,draw_us,current,route,1016.6163329999999,1017.6458335,1017.3541665,1013.7309585,-0.38895800000000236,"[-8.222166499999958, 4.37325050000004]",-0.03911102018405721,"[-0.8069083531181964, 0.4285600916327681]",12,5,60,10000
cpu,ptsans,2,demo,zoom_out,12,1952,submit_us,current,route,1018.415,1018.9653335,1018.7082499999999,1015.0277915,-0.3662500000000364,"[-8.265541499999927, 4.413250000000005]",-0.036749931904528355,"[-0.8101018547627514, 0.43189740064830673]",12,5,60,10000
cpu,ptsans,2,demo,zoom_out,12,1952,complete_us,current,route,1018.4392085,1018.9862085,1018.730875,1015.0487499999999,-0.3662504999999783,"[-8.255083500000012, 4.414833500000043]",-0.03675223462625277,"[-0.8090637967554326, 0.4320416646005354]",12,5,60,10000
cpu,ptsans,2,demo,zoom_out,12,1952,draw_us,route,final,1017.6458335,1001.3715835,1013.7309585,1001.99125,-13.366375000000005,"[-18.1422915, -7.713500000000067]",-1.331749850177305,"[-1.809016540255809, -0.7743559592802318]",12,5,60,10000
cpu,ptsans,2,demo,zoom_out,12,1952,submit_us,route,final,1018.9653335,1002.706583,1015.0277915,1003.2915,-13.376916499999993,"[-18.172000000000025, -7.715208000000018]",-1.3310994413202826,"[-1.80960778168211, -0.7735181297783944]",12,5,60,10000
cpu,ptsans,2,demo,zoom_out,12,1952,complete_us,route,final,1018.9862085,1002.736167,1015.0487499999999,1003.317667,-13.368083499999955,"[-18.16495850000001, -7.716958499999976]",-1.3302118301753763,"[-1.8088781266334009, -0.7736730836315209]",12,5,60,10000
cpu,ptsans,2,font_variations,first_paint,1,263,draw_us,master,current,1061.625,1080.375,1060.6460000000002,1083.7295,17.020999999999958,"[11.0, 25.958499999999958]",1.615125811347995,"[1.0386485376757348, 2.491500127894253]",12,5,60,10000
cpu,ptsans,2,font_variations,first_paint,1,263,submit_us,master,current,1061.8125,1080.583,1060.875,1083.9795,17.104000000000042,"[10.95799999999997, 25.9375]",1.6226871620839023,"[1.0384703629656822, 2.4887793604488895]",12,5,60,10000
cpu,ptsans,2,font_variations,first_paint,1,263,complete_us,master,current,1061.8335000000002,1080.583,1060.8960000000002,1084.0,17.10450000000003,"[10.958499999999958, 25.958499999999958]",1.6227025301484899,"[1.0364682326059582, 2.490766941602063]",12,5,60,10000
cpu,ptsans,2,font_variations,first_paint,1,263,draw_us,master,final,1061.625,1018.229,1060.6460000000002,1022.3755,-43.20800000000014,"[-47.39550000000003, -34.85450000000003]",-4.098942772329844,"[-4.446460293369341, -3.3543576280415435]",12,5,60,10000
cpu,ptsans,2,font_variations,first_paint,1,263,submit_us,master,final,1061.8125,1018.6045,1060.875,1022.563,-43.22949999999997,"[-47.4165000000001, -34.9375]",-4.098130085980611,"[-4.453216576119207, -3.36137852863293]",12,5,60,10000
cpu,ptsans,2,font_variations,first_paint,1,263,complete_us,master,final,1061.8335000000002,1018.625,1060.8960000000002,1022.6044999999999,-43.208000000000084,"[-47.41650000000004, -34.9375]",-4.099945068720817,"[-4.453092312714346, -3.36137852863293]",12,5,60,10000
cpu,ptsans,2,font_variations,first_paint,1,263,draw_us,master,route,1061.625,1052.083,1060.6460000000002,1054.75,-11.875500000000102,"[-24.43700000000007, 0.64549999999997]",-1.1195821787092997,"[-2.263120416497544, 0.06413773947173129]",12,5,60,10000
cpu,ptsans,2,font_variations,first_paint,1,263,submit_us,master,route,1061.8125,1052.2915,1060.875,1054.9375,-11.91700000000003,"[-24.458500000000072, 0.58299999999997]",-1.1232533159308222,"[-2.262698594796814, 0.0580597480332401]",12,5,60,10000
cpu,ptsans,2,font_variations,first_paint,1,263,complete_us,master,route,1061.8335000000002,1052.3125,1060.8960000000002,1054.979,-11.937999999999988,"[-24.437999999999988, 0.6250000000001137]",-1.1251726790410477,"[-2.2607630097889575, 0.06214457460947953]",12,5,60,10000
cpu,ptsans,2,font_variations,first_paint,1,263,draw_us,current,final,1080.375,1018.229,1083.7295,1022.3755,-59.54100000000011,"[-67.16750000000008, -50.47900000000004]",-5.558178071978764,"[-6.239371041832747, -4.753107751514552]",12,5,60,10000
cpu,ptsans,2,font_variations,first_paint,1,263,submit_us,current,final,1080.583,1018.6045,1083.9795,1022.563,-59.49999999999994,"[-67.14650000000006, -50.58300000000003]",-5.553482992927355,"[-6.2361779902417815, -4.761752335392266]",12,5,60,10000
cpu,ptsans,2,font_variations,first_paint,1,263,complete_us,current,final,1080.583,1018.625,1084.0,1022.6044999999999,-59.49950000000007,"[-67.16750000000002, -50.541499999999985]",-5.553222077247538,"[-6.238041850652787, -4.757836259199388]",12,5,60,10000
cpu,ptsans,2,font_variations,first_paint,1,263,draw_us,current,route,1080.375,1052.083,1083.7295,1054.75,-28.85450000000003,"[-35.10500000000002, -17.02150000000006]",-2.6976937587722016,"[-3.243176427900779, -1.561397898896466]",12,5,60,10000
cpu,ptsans,2,font_variations,first_paint,1,263,submit_us,current,route,1080.583,1052.2915,1083.9795,1054.9375,-28.875499999999988,"[-35.16650000000004, -17.063000000000102]",-2.6991164302535173,"[-3.2481099348749876, -1.5648343330879777]",12,5,60,10000
cpu,ptsans,2,font_variations,first_paint,1,263,complete_us,current,route,1080.583,1052.3125,1084.0,1054.979,-28.854499999999916,"[-35.167499999999905, -17.04200000000003]",-2.697119657622815,"[-3.2480762631734716, -1.5628898414560277]",12,5,60,10000
cpu,ptsans,2,font_variations,first_paint,1,263,draw_us,route,final,1052.083,1018.229,1054.75,1022.3755,-33.95799999999997,"[-40.79200000000003, -21.521000000000072]",-3.2831446602350765,"[-3.8110130374923723, -2.026339048410375]",12,5,60,10000
cpu,ptsans,2,font_variations,first_paint,1,263,submit_us,route,final,1052.2915,1018.6045,1054.9375,1022.563,-33.9375,"[-40.74999999999994, -21.52150000000006]",-3.280556528106332,"[-3.8064958383904113, -2.0258941169258584]",12,5,60,10000
cpu,ptsans,2,font_variations,first_paint,1,263,complete_us,route,final,1052.3125,1018.625,1054.979,1022.6044999999999,-33.97900000000004,"[-40.791499999999985, -21.520999999999958]",-3.284436685997194,"[-3.8102250790400474, -2.0257683912847266]",12,5,60,10000
cpu,ptsans,2,font_variations,slant_advance,10,1158,draw_us,master,current,466.42515000000003,477.62284999999997,468.00825,479.73355,11.458499999999987,"[8.52924999999999, 19.24584999999999]",2.438982947929813,"[1.84282423701696, 4.11187103730698]",12,5,60,10000
cpu,ptsans,2,font_variations,slant_advance,10,1158,submit_us,master,current,466.54179999999997,477.73109999999997,468.12715000000003,479.83975,11.47305,"[8.520749999999992, 19.24384999999998]",2.44154821158703,"[1.84057464661449, 4.110462780727254]",12,5,60,10000
cpu,ptsans,2,font_variations,slant_advance,10,1158,complete_us,master,current,466.5627,477.76445,468.1396,479.8626,11.47290000000001,"[8.51445000000001, 19.239599999999996]",2.4414195443843933,"[1.8390765170558265, 4.10933626182487]",12,5,60,10000
cpu,ptsans,2,font_variations,slant_advance,10,1158,draw_us,master,final,466.42515000000003,456.05629999999996,468.00825,455.25205,-12.114700000000028,"[-14.970850000000013, -9.400000000000006]",-2.61736833835739,"[-3.2228663805183078, -2.005024270878386]",12,5,60,10000
cpu,ptsans,2,font_variations,slant_advance,10,1158,submit_us,master,final,466.54179999999997,456.1542,468.12715000000003,455.35205,-12.116700000000037,"[-14.966649999999987, -9.408350000000013]",-2.6190102602823173,"[-3.2212573741083106, -2.0063330435386884]",12,5,60,10000
cpu,ptsans,2,font_variations,slant_advance,10,1158,complete_us,master,final,466.5627,456.17715,468.1396,455.37495,-12.135500000000008,"[-14.979199999999992, -9.397950000000009]",-2.6189206518557606,"[-3.2237874371692787, -2.00405414332589]",12,5,60,10000
cpu,ptsans,2,font_variations,slant_advance,10,1158,draw_us,master,route,466.42515000000003,467.64605,468.00825,468.09585000000004,0.018699999999995498,"[-2.8582999999999856, 2.8521499999999946]",0.006826121859165868,"[-0.6193474634520746, 0.6081321941940554]",12,5,60,10000
cpu,ptsans,2,font_variations,slant_advance,10,1158,submit_us,master,route,466.54179999999997,467.7564,468.12715000000003,468.20825,0.0020499999999969987,"[-2.8480500000000006, 2.831199999999967]",0.0031599774797164137,"[-0.6170191985484075, 0.6035144683660509]",12,5,60,10000
cpu,ptsans,2,font_variations,slant_advance,10,1158,complete_us,master,route,466.5627,467.77935,468.1396,468.23335,0.008199999999987995,"[-2.858399999999989, 2.833149999999989]",0.004483968206508981,"[-0.619257125198569, 0.6039078474307069]",12,5,60,10000
cpu,ptsans,2,font_variations,slant_advance,10,1158,draw_us,current,final,477.62284999999997,456.05629999999996,479.73355,455.25205,-23.075049999999976,"[-28.014700000000005, -20.92500000000001]",-4.72980220653938,"[-5.815525100921431, -4.379471306145716]",12,5,60,10000
cpu,ptsans,2,font_variations,slant_advance,10,1158,submit_us,current,final,477.73109999999997,456.1542,479.83975,455.35205,-23.043800000000005,"[-28.026999999999987, -20.92734999999999]",-4.722216324672446,"[-5.814273135613379, -4.378971295362222]",12,5,60,10000
cpu,ptsans,2,font_variations,slant_advance,10,1158,complete_us,current,final,477.76445,456.17715,479.8626,455.37495,-23.035349999999994,"[-28.01665, -20.92089999999999]",-4.720302148713307,"[-5.815016214958773, -4.377474036381362]",12,5,60,10000
cpu,ptsans,2,font_variations,slant_advance,10,1158,draw_us,current,route,477.62284999999997,467.64605,479.73355,468.09585000000004,-11.216649999999987,"[-16.345699999999994, -4.910499999999985]",-2.3978081936869677,"[-3.3732080476113535, -1.0283305193227787]",12,5,60,10000
cpu,ptsans,2,font_variations,slant_advance,10,1158,submit_us,current,route,477.73109999999997,467.7564,479.83975,468.20825,-11.216800000000006,"[-16.356149999999985, -4.918700000000001]",-2.3973021460856225,"[-3.374553093838456, -1.0298254163348675]",12,5,60,10000
cpu,ptsans,2,font_variations,slant_advance,10,1158,complete_us,current,route,477.76445,467.77935,479.8626,468.23335,-11.21875,"[-16.35820000000001, -4.920950000000005]",-2.3976540057404683,"[-3.3748426036765644, -1.0302417299403788]",12,5,60,10000
cpu,ptsans,2,font_variations,slant_advance,10,1158,draw_us,route,final,467.64605,456.05629999999996,468.09585000000004,455.25205,-13.900149999999996,"[-15.520900000000012, -8.995900000000034]",-3.00225991170191,"[-3.3280164242658614, -1.9600116046154414]",12,5,60,10000
cpu,ptsans,2,font_variations,slant_advance,10,1158,submit_us,route,final,467.7564,456.1542,468.20825,455.35205,-13.885549999999995,"[-15.518750000000011, -9.002049999999997]",-2.9984695657114093,"[-3.3264494030139202, -1.9608837483173935]",12,5,60,10000
cpu,ptsans,2,font_variations,slant_advance,10,1158,complete_us,route,final,467.77935,456.17715,468.23335,455.37495,-13.906149999999997,"[-15.518800000000027, -8.985500000000002]",-3.002718177193875,"[-3.3267519942180357, -1.9572410071450497]",12,5,60,10000
cpu,ptsans,2,font_variations,slant_return,10,0,draw_us,master,current,39.3583,39.4311,39.447900000000004,39.5604,0.018700000000002603,"[-0.2708999999999975, 0.35415000000000063]",0.04756248617000525,"[-0.6763156285539307, 0.9111571172794819]",12,5,60,10000
cpu,ptsans,2,font_variations,slant_return,10,0,submit_us,master,current,39.44785,39.4958,39.5394,39.6228,0.0019999999999988916,"[-0.27484999999999715, 0.33944999999999936]",0.004794171152483484,"[-0.6849556664801137, 0.8716454375819138]",12,5,60,10000
cpu,ptsans,2,font_variations,slant_return,10,0,complete_us,master,current,39.460300000000004,39.525,39.54985,39.6521,0.010400000000000631,"[-0.27500000000000213, 0.34789999999999566]",0.026278692404074766,"[-0.6848450707657106, 0.8928020338734299]",12,5,60,10000
cpu,ptsans,2,font_variations,slant_return,10,0,draw_us,master,final,39.3583,38.5333,39.447900000000004,38.558350000000004,-1.2811500000000002,"[-1.5585500000000003, -0.6374500000000012]",-3.1921258247780027,"[-3.973820274043077, -1.610510361909312]",12,5,60,10000
cpu,ptsans,2,font_variations,slant_return,10,0,submit_us,master,final,39.44785,38.6124,39.5394,38.63735,-1.2918999999999983,"[-1.5541499999999964, -0.6457999999999977]",-3.211924690789175,"[-3.954555330820564, -1.6280155320636092]",12,5,60,10000
cpu,ptsans,2,font_variations,slant_return,10,0,complete_us,master,final,39.460300000000004,38.6291,39.54985,38.652,-1.2710000000000008,"[-1.5645500000000006, -0.6456499999999998]",-3.1593575671413854,"[-3.978811581977754, -1.6268983702711848]",12,5,60,10000
cpu,ptsans,2,font_variations,slant_return,10,0,draw_us,master,route,39.3583,38.21455,39.447900000000004,38.2416,-1.2332000000000036,"[-1.5748500000000014, -1.0562500000000021]",-3.1090688944325984,"[-3.9272840341261546, -2.6986241818543255]",12,5,60,10000
cpu,ptsans,2,font_variations,slant_return,10,0,submit_us,master,route,39.44785,38.28945,39.5394,38.3082,-1.2581500000000005,"[-1.5792499999999983, -1.0625000000000036]",-3.1643872018070898,"[-3.9294314792273632, -2.709238673583414]",12,5,60,10000
cpu,ptsans,2,font_variations,slant_return,10,0,complete_us,master,route,39.460300000000004,38.30615,39.54985,38.326899999999995,-1.2352999999999987,"[-1.57085, -1.072700000000001]",-3.106493136868438,"[-3.9071825642536027, -2.7334668207279145]",12,5,60,10000
cpu,ptsans,2,font_variations,slant_return,10,0,draw_us,current,final,39.4311,38.5333,39.5604,38.558350000000004,-1.1854000000000013,"[-1.483500000000003, -0.6894500000000008]",-2.982778789396762,"[-3.762699841271772, -1.7519462724189472]",12,5,60,10000
cpu,ptsans,2,font_variations,slant_return,10,0,submit_us,current,final,39.4958,38.6124,39.6228,38.63735,-1.1795000000000044,"[-1.4643999999999977, -0.6748499999999993]",-2.962476289789101,"[-3.7025457334784466, -1.7221613186255091]",12,5,60,10000
cpu,ptsans,2,font_variations,slant_return,10,0,complete_us,current,final,39.525,38.6291,39.6521,38.652,-1.1834999999999987,"[-1.4875500000000024, -0.6788999999999987]",-2.9711489860348825,"[-3.7426152505654287, -1.7313197020544069]",12,5,60,10000
cpu,ptsans,2,font_variations,slant_return,10,0,draw_us,current,route,39.4311,38.21455,39.5604,38.2416,-1.2312500000000028,"[-1.8979500000000016, -1.0666500000000028]",-3.123718693707173,"[-4.7121434324988885, -2.712195936352735]",12,5,60,10000
cpu,ptsans,2,font_variations,slant_return,10,0,submit_us,current,route,39.4958,38.28945,39.6228,38.3082,-1.2312500000000028,"[-1.8957000000000015, -1.0477000000000025]",-3.1069309822575275,"[-4.697792395302264, -2.6600360620272436]",12,5,60,10000
cpu,ptsans,2,font_variations,slant_return,10,0,complete_us,current,route,39.525,38.30615,39.6521,38.326899999999995,-1.2312500000000028,"[-1.9126500000000028, -1.0581499999999977]",-3.105449557995482,"[-4.735844238554349, -2.6846390032413736]",12,5,60,10000
cpu,ptsans,2,font_variations,slant_return,10,0,draw_us,route,final,38.21455,38.5333,38.2416,38.558350000000004,0.21890000000000143,"[-0.2647999999999975, 0.7126000000000019]",0.5674941729923777,"[-0.6910449468289392, 1.8660979376907583]",12,5,60,10000
cpu,ptsans,2,font_variations,slant_return,10,0,submit_us,route,final,38.28945,38.6124,38.3082,38.63735,0.22295000000000087,"[-0.26695000000000135, 0.7230000000000025]",0.5767746149839215,"[-0.6951657978404524, 1.889951951649893]",12,5,60,10000
cpu,ptsans,2,font_variations,slant_return,10,0,complete_us,route,final,38.30615,38.6291,38.326899999999995,38.652,0.22919999999999874,"[-0.2647499999999994, 0.7230500000000006]",0.5925548456682639,"[-0.6891923581496817, 1.8890964236937258]",12,5,60,10000
cpu,ptsans,2,font_variations,warm,30,0,draw_us,master,current,36.9104335,36.9416335,37.020117,37.0222165,-0.10566700000000395,"[-0.23961699999999908, 0.1653330000000004]",-0.2882515522230622,"[-0.6397791245218443, 0.4469286157797736]",12,5,60,10000
cpu,ptsans,2,font_variations,warm,30,0,submit_us,master,current,36.971450000000004,37.010400000000004,37.0848,37.087500000000006,-0.11873300000000242,"[-0.23828350000000142, 0.16723349999999826]",-0.32328709172395054,"[-0.6350222057486643, 0.45130753998643414]",12,5,60,10000
cpu,ptsans,2,font_variations,warm,30,0,complete_us,master,current,36.995117,37.030533500000004,37.105567,37.10975,-0.10908350000000056,"[-0.23816700000000068, 0.16323300000000174]",-0.29688439305240455,"[-0.6344274961495422, 0.44030673062194214]",12,5,60,10000
cpu,ptsans,2,font_variations,warm,30,0,draw_us,master,final,36.9104335,36.829167,37.020117,36.799983499999996,-0.323599999999999,"[-0.817416999999999, 0.018000000000004235]",-0.878794340483946,"[-2.194931654888166, 0.04757713469684122]",12,5,60,10000
cpu,ptsans,2,font_variations,warm,30,0,submit_us,master,final,36.971450000000004,36.8944835,37.0848,36.86525,-0.3214499999999987,"[-0.8242334999999983, 0.01529999999999987]",-0.8715066309518071,"[-2.208957761053637, 0.04057833166613012]",12,5,60,10000
cpu,ptsans,2,font_variations,warm,30,0,complete_us,master,final,36.995117,36.91465,37.105567,36.887516500000004,-0.32828349999999773,"[-0.8214834999999958, 0.01729999999999876]",-0.8892645611218941,"[-2.2006465599067493, 0.04560403688963488]",12,5,60,10000
cpu,ptsans,2,font_variations,warm,30,0,draw_us,master,route,36.9104335,36.7388835,37.020117,36.769433,-0.23123349999999832,"[-1.0097169999999984, 0.22851650000000134]",-0.622670661332414,"[-2.7104116930219524, 0.6211134592188361]",12,5,60,10000
cpu,ptsans,2,font_variations,warm,30,0,submit_us,master,route,36.971450000000004,36.80555,37.0848,36.829083499999996,-0.2256999999999998,"[-1.0165664999999962, 0.22994999999999877]",-0.6064901025598812,"[-2.723584188357359, 0.6235940966605735]",12,5,60,10000
cpu,ptsans,2,font_variations,warm,30,0,complete_us,master,route,36.995117,36.827816999999996,37.105567,36.8541165,-0.22779999999999845,"[-1.013816999999996, 0.22994999999999877]",-0.6117150599280363,"[-2.7151335594105594, 0.6235058557567452]",12,5,60,10000
cpu,ptsans,2,font_variations,warm,30,0,draw_us,current,final,36.9416335,36.829167,37.0222165,36.799983499999996,-0.43408349999999984,"[-0.6971999999999987, 0.18888350000000287]",-1.164505018648182,"[-1.8902633048470063, 0.5090928147377216]",12,5,60,10000
cpu,ptsans,2,font_variations,warm,30,0,submit_us,current,final,37.010400000000004,36.8944835,37.087500000000006,36.86525,-0.4312499999999986,"[-0.697184, 0.19160049999999984]",-1.1548849263464445,"[-1.8866120265407516, 0.5154876702586075]",12,5,60,10000
cpu,ptsans,2,font_variations,warm,30,0,complete_us,current,final,37.030533500000004,36.91465,37.10975,36.887516500000004,-0.4333000000000027,"[-0.6980164999999978, 0.18396650000000037]",-1.159680902484228,"[-1.887943291464328, 0.49466158357741596]",12,5,60,10000
cpu,ptsans,2,font_variations,warm,30,0,draw_us,current,route,36.9416335,36.7388835,37.0222165,36.769433,-0.1479165000000009,"[-0.6499670000000002, 0.15415050000000008]",-0.40182773728567045,"[-1.7622766620364438, 0.4144620724715886]",12,5,60,10000
cpu,ptsans,2,font_variations,warm,30,0,submit_us,current,route,37.010400000000004,36.80555,37.087500000000006,36.829083499999996,-0.15135000000000431,"[-0.6457665000000006, 0.15845000000000198]",-0.4103886598435025,"[-1.7481719227486536, 0.425205065637968]",12,5,60,10000
cpu,ptsans,2,font_variations,warm,30,0,complete_us,current,route,37.030533500000004,36.827816999999996,37.10975,36.8541165,-0.143733000000001,"[-0.6507169999999967, 0.15899999999999892]",-0.3895142197484214,"[-1.7604120364525966, 0.4264723225291811]",12,5,60,10000
cpu,ptsans,2,font_variations,warm,30,0,draw_us,route,final,36.7388835,36.829167,36.769433,36.799983499999996,0.1507170000000002,"[-0.4174334999999978, 0.41601650000000134]",0.41945500016294934,"[-1.1219965175545965, 1.1415055741224922]",12,5,60,10000
cpu,ptsans,2,font_variations,warm,30,0,submit_us,route,final,36.80555,36.8944835,36.829083499999996,36.86525,0.15276700000000076,"[-0.422366499999999, 0.4195165000000003]",0.4262039831129827,"[-1.1331135914115442, 1.1490932120005182]",12,5,60,10000
cpu,ptsans,2,font_variations,warm,30,0,complete_us,route,final,36.827816999999996,36.91465,36.8541165,36.887516500000004,0.14443299999999937,"[-0.42224999999999824, 0.41948349999999834]",0.4029833233589075,"[-1.1320907013379344, 1.1484928492629387]",12,5,60,10000
cpu,ptsans,2,font_variations,weight_advance,6,717,draw_us,master,current,512.4478335,522.9654165,512.5034165,522.6665,12.274166500000035,"[4.6041664999999625, 14.267333500000063]",2.418959924541275,"[0.9019332540607827, 2.7838964846786385]",12,5,60,10000
cpu,ptsans,2,font_variations,weight_advance,6,717,submit_us,master,current,512.5935835,523.0939165,512.666667,522.8053335,12.22916650000002,"[4.5833335000000375, 14.239583000000039]",2.409181689557871,"[0.8975101420733655, 2.777600019654758]",12,5,60,10000
cpu,ptsans,2,font_variations,weight_advance,6,717,complete_us,master,current,512.6144999999999,523.1112499999999,512.6945000000001,522.8260829999999,12.23275000000001,"[4.586665999999951, 14.222083499999997]",2.4097876751823954,"[0.8982100672408566, 2.7740362540525143]",12,5,60,10000
cpu,ptsans,2,font_variations,weight_advance,6,717,draw_us,master,final,512.4478335,501.58658349999996,512.5034165,502.9270835,-9.357583000000034,"[-12.85783349999997, -5.843833499999988]",-1.8203979358549227,"[-2.5324762233598475, -1.152388200399057]",12,5,60,10000
cpu,ptsans,2,font_variations,weight_advance,6,717,submit_us,master,final,512.5935835,501.7220835,512.666667,503.0901665,-9.229332999999968,"[-12.885333000000003, -5.864832999999976]",-1.7949805535840524,"[-2.5369851665692114, -1.1561544286464331]",12,5,60,10000
cpu,ptsans,2,font_variations,weight_advance,6,717,complete_us,master,final,512.6144999999999,501.7395835,512.6945000000001,503.111,-9.239833999999973,"[-12.874833000000052, -5.8509995]",-1.7969281879235743,"[-2.534886434484629, -1.1533506080016909]",12,5,60,10000
cpu,ptsans,2,font_variations,weight_advance,6,717,draw_us,master,route,512.4478335,510.6735,512.5034165,510.6735,-1.1770834999999806,"[-4.187583499999988, 4.01408349999997]",-0.23133277116045292,"[-0.8166961541719031, 0.7732504866830969]",12,5,60,10000
cpu,ptsans,2,font_variations,weight_advance,6,717,submit_us,master,route,512.5935835,510.8158335,512.666667,510.8158335,-1.2221669999999847,"[-4.211833000000013, 4.0278335000000425]",-0.24013564398076004,"[-0.8211537876672337, 0.7756373099891634]",12,5,60,10000
cpu,ptsans,2,font_variations,weight_advance,6,717,complete_us,master,route,512.6144999999999,510.83675,512.6945000000001,510.83675,-1.211667000000034,"[-4.19108300000002, 4.031250000000057]",-0.23805942419805604,"[-0.8170868619428229, 0.7762506133138225]",12,5,60,10000
cpu,ptsans,2,font_variations,weight_advance,6,717,draw_us,current,final,522.9654165,501.58658349999996,522.6665,502.9270835,-20.506749999999982,"[-23.288083500000027, -14.649666499999995]",-3.969976385733182,"[-4.428643286958573, -2.854243717023647]",12,5,60,10000
cpu,ptsans,2,font_variations,weight_advance,6,717,submit_us,current,final,523.0939165,501.7220835,522.8053335,503.0901665,-20.506917000000016,"[-23.270666500000033, -14.514166500000016]",-3.9682165462794075,"[-4.424167406066381, -2.8272728735116104]",12,5,60,10000
cpu,ptsans,2,font_variations,weight_advance,6,717,complete_us,current,final,523.1112499999999,501.7395835,522.8260829999999,503.111,-20.5136665,"[-23.27399950000006, -14.496749999999992]",-3.9693973242723612,"[-4.424626719936392, -2.823819219088841]",12,5,60,10000
cpu,ptsans,2,font_variations,weight_advance,6,717,draw_us,current,route,522.9654165,510.6735,522.6665,510.6735,-10.107666999999964,"[-15.944583000000023, -4.177082999999982]",-1.9449120240236872,"[-3.0644121714915706, -0.8108773902993527]",12,5,60,10000
cpu,ptsans,2,font_variations,weight_advance,6,717,submit_us,current,route,523.0939165,510.8158335,522.8053335,510.8158335,-10.087000000000018,"[-15.940916500000014, -4.0693335000000275]",-1.9404205609433678,"[-3.064899053219489, -0.7903631238419528]",12,5,60,10000
cpu,ptsans,2,font_variations,weight_advance,6,717,complete_us,current,route,523.1112499999999,510.83675,522.8260829999999,510.83675,-10.076583,"[-15.940833500000025, -4.069416500000017]",-1.9383585355371435,"[-3.062786470127732, -0.7904102447967742]",12,5,60,10000
cpu,ptsans,2,font_variations,weight_advance,6,717,draw_us,route,final,510.6735,501.58658349999996,510.6735,502.9270835,-9.065999999999974,"[-12.395833000000039, -4.5345834999999965]",-1.77861627852276,"[-2.397297256588682, -0.8884117620960696]",12,5,60,10000
cpu,ptsans,2,font_variations,weight_advance,6,717,submit_us,route,final,510.8158335,501.7220835,510.8158335,503.0901665,-9.062332999999995,"[-12.274416500000001, -4.520666499999976]",-1.7801199904990572,"[-2.373182491779502, -0.8854764135592497]",12,5,60,10000
cpu,ptsans,2,font_variations,weight_advance,6,717,complete_us,route,final,510.83675,501.7395835,510.83675,503.111,-9.048333499999984,"[-12.281500000000051, -4.545000000000016]",-1.7793515094708723,"[-2.3744392038492768, -0.8901873651762704]",12,5,60,10000
cpu,ptsans,2,font_variations,weight_return,6,0,draw_us,master,current,38.6874165,38.7014165,38.729166500000005,38.961749999999995,0.1564165000000024,"[-1.0070000000000014, 0.9825839999999992]",0.4080194153408656,"[-2.5606327275239704, 2.5758537442467255]",12,5,60,10000
cpu,ptsans,2,font_variations,weight_return,6,0,submit_us,master,current,38.767416499999996,38.76375,38.802167,39.020666500000004,0.14599999999999724,"[-1.0105834999999992, 0.979166499999998]",0.3725923724501756,"[-2.5635280846440676, 2.562008239168223]",12,5,60,10000
cpu,ptsans,2,font_variations,weight_return,6,0,complete_us,master,current,38.788083,38.795083500000004,38.826499999999996,39.048500000000004,0.15291650000000345,"[-1.0139995000000006, 0.9825829999999982]",0.39736745254473904,"[-2.571804921372167, 2.5693088575699963]",12,5,60,10000
cpu,ptsans,2,font_variations,weight_return,6,0,draw_us,master,final,38.6874165,38.5035,38.729166500000005,38.6075835,0.0452500000000029,"[-0.7363335000000006, 0.9305005000000008]",0.11329880185826924,"[-1.8616737946720918, 2.4941853010068793]",12,5,60,10000
cpu,ptsans,2,font_variations,weight_return,6,0,submit_us,master,final,38.767416499999996,38.5835,38.802167,38.670083500000004,0.041749999999996845,"[-0.7395830000000032, 0.9307494999999975]",0.10419209404175511,"[-1.8654728070505222, 2.489968149426103]",12,5,60,10000
cpu,ptsans,2,font_variations,weight_return,6,0,complete_us,master,final,38.788083,38.60075,38.826499999999996,38.694500000000005,0.04849949999999836,"[-0.7326665000000006, 0.934000000000001]",0.12131245191733253,"[-1.8476791162945816, 2.4974575698983426]",12,5,60,10000
cpu,ptsans,2,font_variations,weight_return,6,0,draw_us,master,route,38.6874165,37.8125835,38.729166500000005,37.545167,-0.7119999999999997,"[-1.5384165000000003, 0.2119164999999974]",-1.8611890394378494,"[-3.898771986171673, 0.5716184827313953]",12,5,60,10000
cpu,ptsans,2,font_variations,weight_return,6,0,submit_us,master,route,38.767416499999996,37.88875,38.802167,37.610833,-0.6632499999999979,"[-1.5485834999999994, 0.22916649999999805]",-1.732890572394774,"[-3.9158361365537466, 0.616958946206958]",12,5,60,10000
cpu,ptsans,2,font_variations,weight_return,6,0,complete_us,master,route,38.788083,37.9096665,38.826499999999996,37.628333,-0.6705000000000005,"[-1.5349164999999978, 0.21900049999999993]",-1.7506646411784954,"[-3.8800185190238476, 0.5897685683578513]",12,5,60,10000
cpu,ptsans,2,font_variations,weight_return,6,0,draw_us,current,final,38.7014165,38.5035,38.961749999999995,38.6075835,-0.0555000000000021,"[-0.7291669999999968, 0.38533350000000155]",-0.1418142451243054,"[-1.886912560143711, 1.0173793428080669]",12,5,60,10000
cpu,ptsans,2,font_variations,weight_return,6,0,submit_us,current,final,38.76375,38.5835,39.020666500000004,38.670083500000004,-0.062416999999999945,"[-0.7290835000000015, 0.40258349999999865]",-0.1591376469730288,"[-1.8845785662137793, 1.0620339888794073]",12,5,60,10000
cpu,ptsans,2,font_variations,weight_return,6,0,complete_us,current,final,38.795083500000004,38.60075,39.048500000000004,38.694500000000005,-0.06266649999999885,"[-0.7221665000000002, 0.40258299999999636]",-0.15968812633767038,"[-1.8645427274978865, 1.0609490909302965]",12,5,60,10000
cpu,ptsans,2,font_variations,weight_return,6,0,draw_us,current,route,38.7014165,37.8125835,38.961749999999995,37.545167,-0.9757505000000002,"[-1.684083000000001, -0.04524950000000061]",-2.520902895141952,"[-4.303161257088961, -0.11636223938395474]",12,5,60,10000
cpu,ptsans,2,font_variations,weight_return,6,0,submit_us,current,route,38.76375,37.88875,39.020666500000004,37.610833,-0.9685835000000012,"[-1.6808334999999985, -0.04199999999999804]",-2.4988940117658953,"[-4.287265556224195, -0.10722464001385879]",12,5,60,10000
cpu,ptsans,2,font_variations,weight_return,6,0,complete_us,current,route,38.795083500000004,37.9096665,39.048500000000004,37.628333,-0.9790830000000028,"[-1.6773334999999996, -0.045583500000002886]",-2.523087775650168,"[-4.276081715746788, -0.11701138755904061]",12,5,60,10000
cpu,ptsans,2,font_variations,weight_return,6,0,draw_us,route,final,37.8125835,38.5035,37.545167,38.6075835,0.920083499999997,"[-0.07641650000000055, 1.7221665000000002]",2.4404891885765667,"[-0.18181141145064972, 4.568556516009825]",12,5,60,10000
cpu,ptsans,2,font_variations,weight_return,6,0,submit_us,route,final,37.88875,38.5835,37.610833,38.670083500000004,0.8994169999999997,"[-0.10091700000000259, 1.725999999999999]",2.380223225714384,"[-0.24202297488741809, 4.569789893704734]",12,5,60,10000
cpu,ptsans,2,font_variations,weight_return,6,0,complete_us,route,final,37.9096665,38.60075,37.628333,38.694500000000005,0.9098330000000026,"[-0.0970835000000001, 1.7396670000000007]",2.406366984999231,"[-0.2316268907043173, 4.604489219178753]",12,5,60,10000
cpu,ptsans,2,grid_pollution,hot_first,1,94,draw_us,master,current,472.542,495.9585,473.52049999999997,494.834,22.853499999999997,"[19.209000000000003, 26.541499999999985]",4.81595961276462,"[4.050467892561461, 5.6604385400559565]",12,5,60,10000
cpu,ptsans,2,grid_pollution,hot_first,1,94,submit_us,master,current,472.625,496.0415,473.58349999999996,494.917,22.87450000000004,"[19.229499999999973, 26.541999999999973]",4.819758174942179,"[4.054064480898212, 5.659243960894688]",12,5,60,10000
cpu,ptsans,2,grid_pollution,hot_first,1,94,complete_us,master,current,472.64599999999996,496.083,473.625,494.938,22.873999999999995,"[19.22999999999999, 26.520999999999958]",4.819226493976625,"[4.05398097149866, 5.658925130018644]",12,5,60,10000
cpu,ptsans,2,grid_pollution,hot_first,1,94,draw_us,master,final,472.542,416.375,473.52049999999997,416.39599999999996,-54.77099999999999,"[-59.292, -50.97999999999999]",-11.551068038719432,"[-12.551990840404793, -10.860653623207256]",12,5,60,10000
cpu,ptsans,2,grid_pollution,hot_first,1,94,submit_us,master,final,472.625,416.45849999999996,473.58349999999996,416.5,-54.79199999999997,"[-59.333, -50.97949999999997]",-11.553452734429136,"[-12.549782915814362, -10.854884676900252]",12,5,60,10000
cpu,ptsans,2,grid_pollution,hot_first,1,94,complete_us,master,final,472.64599999999996,416.45849999999996,473.625,416.5,-54.81299999999999,"[-59.333500000000015, -50.97999999999999]",-11.556878675326365,"[-12.54524686718792, -10.862687891469907]",12,5,60,10000
cpu,ptsans,2,grid_pollution,hot_first,1,94,draw_us,master,route,472.542,431.979,473.52049999999997,431.45849999999996,-38.79249999999999,"[-43.25, -32.87450000000001]",-8.272032002815454,"[-9.110674903615045, -7.039220579998756]",12,5,60,10000
cpu,ptsans,2,grid_pollution,hot_first,1,94,submit_us,master,route,472.625,432.04150000000004,473.58349999999996,431.5625,-38.79199999999997,"[-43.27050000000003, -32.79199999999997]",-8.270537175741438,"[-9.112618432223051, -7.020481823019791]",12,5,60,10000
cpu,ptsans,2,grid_pollution,hot_first,1,94,complete_us,master,route,472.64599999999996,432.08299999999997,473.625,431.604,-38.79249999999999,"[-43.22900000000004, -32.8125]",-8.270276488479482,"[-9.103878661865405, -7.024215173152593]",12,5,60,10000
cpu,ptsans,2,grid_pollution,hot_first,1,94,draw_us,current,final,495.9585,416.375,494.834,416.39599999999996,-76.45849999999999,"[-80.58300000000003, -73.834]",-15.419271363605315,"[-16.245335110279978, -14.875139801885917]",12,5,60,10000
cpu,ptsans,2,grid_pollution,hot_first,1,94,submit_us,current,final,496.0415,416.45849999999996,494.917,416.5,-76.47949999999997,"[-80.60350000000003, -73.83349999999999]",-15.420892277252275,"[-16.245353205406808, -14.872552213333806]",12,5,60,10000
cpu,ptsans,2,grid_pollution,hot_first,1,94,complete_us,current,final,496.083,416.45849999999996,494.938,416.5,-76.50049999999999,"[-80.62450000000001, -73.85449999999997]",-15.423853185980434,"[-16.241241214842326, -14.876144491288091]",12,5,60,10000
cpu,ptsans,2,grid_pollution,hot_first,1,94,draw_us,current,route,495.9585,431.979,494.834,431.45849999999996,-62.459,"[-65.72950000000003, -51.39549999999997]",-12.646638418929163,"[-13.313413374589933, -10.310495926999153]",12,5,60,10000
cpu,ptsans,2,grid_pollution,hot_first,1,94,submit_us,current,route,496.0415,432.04150000000004,494.917,431.5625,-62.458500000000015,"[-65.75049999999996, -51.31299999999999]",-12.644423375162024,"[-13.315429442118859, -10.29175223583808]",12,5,60,10000
cpu,ptsans,2,grid_pollution,hot_first,1,94,complete_us,current,route,496.083,432.08299999999997,494.938,431.604,-62.4795,"[-65.75049999999999, -51.31249999999997]",-12.63976047985313,"[-13.314861702170328, -10.291279209025046]",12,5,60,10000
cpu,ptsans,2,grid_pollution,hot_first,1,94,draw_us,route,final,431.979,416.375,431.45849999999996,416.39599999999996,-14.1875,"[-25.396500000000003, -10.395999999999987]",-3.291997897854121,"[-5.831334226151331, -2.416471533425091]",12,5,60,10000
cpu,ptsans,2,grid_pollution,hot_first,1,94,submit_us,route,final,432.04150000000004,416.45849999999996,431.5625,416.5,-14.166500000000013,"[-25.5, -10.395999999999987]",-3.286493911592375,"[-5.834881068137532, -2.416005408443467]",12,5,60,10000
cpu,ptsans,2,grid_pollution,hot_first,1,94,complete_us,route,final,432.08299999999997,416.45849999999996,431.604,416.5,-14.207999999999998,"[-25.5, -10.416999999999973]",-3.28636116493401,"[-5.834436108261325, -2.4207486877799167]",12,5,60,10000
cpu,ptsans,2,grid_pollution,hot_return,1,94,draw_us,master,current,406.70849999999996,425.54150000000004,404.08349999999996,424.54150000000004,20.084000000000003,"[14.875000000000028, 22.458000000000027]",4.9743427127274975,"[3.6123460424124176, 5.583831756802427]",12,5,60,10000
cpu,ptsans,2,grid_pollution,hot_return,1,94,submit_us,master,current,406.83349999999996,425.66650000000004,404.20849999999996,424.75,20.125,"[14.874500000000012, 22.43700000000004]",4.982448707861775,"[3.611308375326039, 5.5768735442573]",12,5,60,10000
cpu,ptsans,2,grid_pollution,hot_return,1,94,complete_us,master,current,406.8545,425.6875,404.20849999999996,424.7915,20.1455,"[14.895500000000027, 22.43700000000004]",4.987511999001015,"[3.6163701409180904, 5.576602085677429]",12,5,60,10000
cpu,ptsans,2,grid_pollution,hot_return,1,94,draw_us,master,final,406.70849999999996,398.4375,404.08349999999996,399.85450000000003,-9.958000000000027,"[-15.374499999999983, -2.0214999999999748]",-2.4754166405385245,"[-3.763425281908966, -0.5027229074778483]",12,5,60,10000
cpu,ptsans,2,grid_pollution,hot_return,1,94,submit_us,master,final,406.83349999999996,398.6045,404.20849999999996,400.0005,-9.978499999999997,"[-15.3125, -2.0415000000000134]",-2.480014465266528,"[-3.7469520925089537, -0.5075086035293719]",12,5,60,10000
cpu,ptsans,2,grid_pollution,hot_return,1,94,complete_us,master,final,406.8545,398.625,404.20849999999996,400.021,-9.978500000000025,"[-15.291999999999973, -2.021000000000015]",-2.4796219325384286,"[-3.7420108451452827, -0.5024180664652933]",12,5,60,10000
cpu,ptsans,2,grid_pollution,hot_return,1,94,draw_us,master,route,406.70849999999996,414.375,404.08349999999996,417.4375,8.750499999999988,"[2.750499999999988, 18.291500000000013]",2.1967377317359205,"[0.6632044600241471, 4.5479252822685945]",12,5,60,10000
cpu,ptsans,2,grid_pollution,hot_return,1,94,submit_us,master,route,406.83349999999996,414.54150000000004,404.20849999999996,417.54150000000004,8.750499999999988,"[2.750499999999988, 18.3125]",2.1960484267283586,"[0.6630240581526836, 4.551547220787389]",12,5,60,10000
cpu,ptsans,2,grid_pollution,hot_return,1,94,complete_us,master,route,406.8545,414.54150000000004,404.20849999999996,417.54150000000004,8.770999999999987,"[2.7084999999999866, 18.333499999999987]",2.2011117178675987,"[0.6528593834001062, 4.55676191729204]",12,5,60,10000
cpu,ptsans,2,grid_pollution,hot_return,1,94,draw_us,current,final,425.54150000000004,398.4375,424.54150000000004,399.85450000000003,-30.146500000000003,"[-33.0, -24.666500000000013]",-7.062139565940246,"[-7.687501312047907, -5.804757046517917]",12,5,60,10000
cpu,ptsans,2,grid_pollution,hot_return,1,94,submit_us,current,final,425.66650000000004,398.6045,424.75,400.0005,-30.146499999999975,"[-33.02099999999999, -24.728500000000025]",-7.069371460977952,"[-7.690099528477662, -5.816882490605208]",12,5,60,10000
cpu,ptsans,2,grid_pollution,hot_return,1,94,complete_us,current,final,425.6875,398.625,424.7915,400.021,-30.146500000000003,"[-33.041499999999985, -24.7705]",-7.073565695251638,"[-7.694183741069255, -5.826186821345525]",12,5,60,10000
cpu,ptsans,2,grid_pollution,hot_return,1,94,draw_us,current,route,425.54150000000004,414.375,424.54150000000004,417.4375,-9.957999999999998,"[-13.125000000000028, -3.9165000000000134]",-2.3456085030559515,"[-3.0644309121518165, -0.9233924054677656]",12,5,60,10000
cpu,ptsans,2,grid_pollution,hot_return,1,94,submit_us,current,route,425.66650000000004,414.54150000000004,424.75,417.54150000000004,-10.0625,"[-13.103999999999985, -3.8540000000000134]",-2.36909129189411,"[-3.0539718897126478, -0.9084811995320297]",12,5,60,10000
cpu,ptsans,2,grid_pollution,hot_return,1,94,complete_us,current,route,425.6875,414.54150000000004,424.7915,417.54150000000004,-10.083499999999987,"[-13.125000000000028, -3.875]",-2.373802183725765,"[-3.0635220102590957, -0.9133851374846402]",12,5,60,10000
cpu,ptsans,2,grid_pollution,hot_return,1,94,draw_us,route,final,414.375,398.4375,417.4375,399.85450000000003,-19.416499999999985,"[-22.562999999999988, -16.166499999999985]",-4.801193481837395,"[-5.39730129766992, -3.9810216814048505]",12,5,60,10000
cpu,ptsans,2,grid_pollution,hot_return,1,94,submit_us,route,final,414.54150000000004,398.6045,417.54150000000004,400.0005,-19.37499999999997,"[-22.6045, -16.124500000000012]",-4.78963615719003,"[-5.404700324484796, -3.969453228492603]",12,5,60,10000
cpu,ptsans,2,grid_pollution,hot_return,1,94,complete_us,route,final,414.54150000000004,398.625,417.54150000000004,400.021,-19.353999999999985,"[-22.625, -16.103999999999985]",-4.784392711497154,"[-5.409390180481417, -3.9645297820801115]",12,5,60,10000
cpu,ptsans,2,grid_pollution,hot_second,1,94,draw_us,master,current,388.646,146.70850000000002,391.22950000000003,147.875,-242.687,"[-247.0625, -239.14600000000002]",-62.39193798271924,"[-63.00980598574836, -61.316451799267625]",12,5,60,10000
cpu,ptsans,2,grid_pollution,hot_second,1,94,submit_us,master,current,388.70849999999996,146.79149999999998,391.3125,147.958,-242.66650000000004,"[-247.08350000000002, -239.16699999999997]",-62.389149363781044,"[-62.99993107829652, -61.303677599160736]",12,5,60,10000
cpu,ptsans,2,grid_pollution,hot_second,1,94,complete_us,master,current,388.7295,146.79149999999998,391.3125,147.958,-242.6875,"[-247.0625, -239.1465]",-62.38547307719668,"[-62.99844027615353, -61.30241886730781]",12,5,60,10000
cpu,ptsans,2,grid_pollution,hot_second,1,94,draw_us,master,final,388.646,146.70850000000002,391.22950000000003,146.77100000000002,-241.8955,"[-244.6665, -239.35400000000004]",-62.05958550509517,"[-62.65998123911051, -61.621341106495905]",12,5,60,10000
cpu,ptsans,2,grid_pollution,hot_second,1,94,submit_us,master,final,388.70849999999996,146.7705,391.3125,146.812,-241.875,"[-244.688, -239.35399999999998]",-62.04645643418071,"[-62.65524974922721, -61.60646522615356]",12,5,60,10000
cpu,ptsans,2,grid_pollution,hot_second,1,94,complete_us,master,final,388.7295,146.79149999999998,391.3125,146.85399999999998,-241.896,"[-244.6875, -239.375]",-62.04504285909546,"[-62.65192698472987, -61.61052412662299]",12,5,60,10000
cpu,ptsans,2,grid_pollution,hot_second,1,94,draw_us,master,route,388.646,147.95850000000002,391.22950000000003,148.875,-241.77050000000003,"[-244.7495, -233.167]",-61.79730591967197,"[-62.54146806952939, -60.76554638270417]",12,5,60,10000
cpu,ptsans,2,grid_pollution,hot_second,1,94,submit_us,master,route,388.70849999999996,148.04149999999998,391.3125,148.916,-241.7915,"[-244.77100000000002, -233.16699999999997]",-61.792743233460065,"[-62.53873781534206, -60.75280613449761]",12,5,60,10000
cpu,ptsans,2,grid_pollution,hot_second,1,94,complete_us,master,route,388.7295,148.08350000000002,391.3125,148.937,-241.79199999999997,"[-244.75, -233.18849999999998]",-61.791424104867055,"[-62.52773701921302, -60.74953644967452]",12,5,60,10000
cpu,ptsans,2,grid_pollution,hot_second,1,94,draw_us,current,final,146.70850000000002,146.70850000000002,147.875,146.77100000000002,1.0835000000000008,"[-3.25, 3.3755000000000024]",0.7402397446174658,"[-2.1366980429691926, 2.2888142769985076]",12,5,60,10000
cpu,ptsans,2,grid_pollution,hot_second,1,94,submit_us,current,final,146.79149999999998,146.7705,147.958,146.812,1.0420000000000016,"[-3.2295000000000016, 3.396000000000001]",0.7109108955402288,"[-2.1212524961631676, 2.301683024880752]",12,5,60,10000
cpu,ptsans,2,grid_pollution,hot_second,1,94,complete_us,current,final,146.79149999999998,146.79149999999998,147.958,146.85399999999998,1.0630000000000024,"[-3.25, 3.396000000000001]",0.7254103535366818,"[-2.1355320521131373, 2.3013430256492273]",12,5,60,10000
cpu,ptsans,2,grid_pollution,hot_second,1,94,draw_us,current,route,146.70850000000002,147.95850000000002,147.875,148.875,1.375,"[-1.2079999999999984, 5.875]",0.8969878477442572,"[-0.8239235730021388, 4.208629807260456]",12,5,60,10000
cpu,ptsans,2,grid_pollution,hot_second,1,94,submit_us,current,route,146.79149999999998,148.04149999999998,147.958,148.916,1.3960000000000008,"[-1.2289999999999992, 5.875]",0.9103586800573882,"[-0.8376083064823792, 4.207374321094037]",12,5,60,10000
cpu,ptsans,2,grid_pollution,hot_second,1,94,complete_us,current,route,146.79149999999998,148.08350000000002,147.958,148.937,1.3960000000000008,"[-1.2079999999999984, 5.875]",0.9101609664938226,"[-0.8234555547506017, 4.206128235928686]",12,5,60,10000
cpu,ptsans,2,grid_pollution,hot_second,1,94,draw_us,route,final,147.95850000000002,146.70850000000002,148.875,146.77100000000002,0.25,"[-7.666499999999999, 2.8130000000000024]",0.1636562093713878,"[-5.1364948354981514, 1.968983535127078]",12,5,60,10000
cpu,ptsans,2,grid_pollution,hot_second,1,94,submit_us,route,final,148.04149999999998,146.7705,148.916,146.812,0.2920000000000016,"[-7.667000000000002, 2.8545000000000016]",0.19127492235129218,"[-5.120472458488601, 1.9974107661558382]",12,5,60,10000
cpu,ptsans,2,grid_pollution,hot_second,1,94,complete_us,route,final,148.08350000000002,146.79149999999998,148.937,146.85399999999998,0.2920000000000016,"[-7.666499999999999, 2.8125]",0.19123114750400072,"[-5.120245066039658, 1.9674727003153425]",12,5,60,10000
cpu,ptsans,2,grid_pollution,pollution,64,6016,draw_us,master,current,391.40820299999996,416.660836,392.480789,416.5693515,23.376945000000035,"[22.099929500000002, 27.477227]",6.005684082366258,"[5.590075144027351, 7.028927185552658]",12,5,60,10000
cpu,ptsans,2,grid_pollution,pollution,64,6016,submit_us,master,current,391.464211,416.726664,392.5426405,416.63061749999997,23.37796099999997,"[22.099023500000015, 27.476258]",6.005058531272023,"[5.589031947257828, 7.027508860274246]",12,5,60,10000
cpu,ptsans,2,grid_pollution,pollution,64,6016,complete_us,master,current,391.487297,416.74586750000003,392.5663985,416.6501485,23.375695499999978,"[22.098734500000006, 27.473007999999993]",6.004143955603592,"[5.588651514998022, 7.026269404833407]",12,5,60,10000
cpu,ptsans,2,grid_pollution,pollution,64,6016,draw_us,master,final,391.40820299999996,384.9016405,392.480789,385.43485150000004,-7.194015500000006,"[-8.389983999999998, -5.601578000000018]",-1.825737315909154,"[-2.137272769675941, -1.4479439285135731]",12,5,60,10000
cpu,ptsans,2,grid_pollution,pollution,64,6016,submit_us,master,final,391.464211,384.959641,392.5426405,385.49471900000003,-7.192726499999992,"[-8.392124999999993, -5.598937500000034]",-1.8251367854341116,"[-2.137496605389072, -1.4470144244170091]",12,5,60,10000
cpu,ptsans,2,grid_pollution,pollution,64,6016,complete_us,master,final,391.487297,384.981406,392.5663985,385.514969,-7.196843999999999,"[-8.391523000000007, -5.602281000000005]",-1.826076551709499,"[-2.137226991989083, -1.4477931370688868]",12,5,60,10000
cpu,ptsans,2,grid_pollution,pollution,64,6016,draw_us,master,route,391.40820299999996,404.9569925,392.480789,405.60057,13.536773499999981,"[11.680703000000022, 16.481453000000016]",3.4474561665712167,"[3.0053717613931052, 4.21751651837472]",12,5,60,10000
cpu,ptsans,2,grid_pollution,pollution,64,6016,submit_us,master,route,391.464211,405.0171485,392.5426405,405.67837499999996,13.545796499999994,"[11.682226499999985, 16.487000499999994]",3.449210004691783,"[3.0052724206019787, 4.218248404041636]",12,5,60,10000
cpu,ptsans,2,grid_pollution,pollution,64,6016,complete_us,master,route,391.487297,405.037711,392.5663985,405.700203,13.544569999999993,"[11.683242499999977, 16.48665649999998]",3.44870387732088,"[3.0053694124263286, 4.2178984871072185]",12,5,60,10000
cpu,ptsans,2,grid_pollution,pollution,64,6016,draw_us,current,final,416.660836,384.9016405,416.5693515,385.43485150000004,-30.670867000000015,"[-33.76857799999999, -29.17188250000001]",-7.449997545195947,"[-8.126314006485803, -7.023157177684153]",12,5,60,10000
cpu,ptsans,2,grid_pollution,pollution,64,6016,submit_us,current,final,416.726664,384.959641,416.63061749999997,385.49471900000003,-30.664968999999985,"[-33.770539000000014, -29.16632849999999]",-7.447500640895289,"[-8.125221682626282, -7.020559363117473]",12,5,60,10000
cpu,ptsans,2,grid_pollution,pollution,64,6016,complete_us,current,final,416.74586750000003,384.981406,416.6501485,385.514969,-30.666359,"[-33.76953099999997, -29.165335999999996]",-7.4474590919509644,"[-8.124890023387232, -7.019930424567078]",12,5,60,10000
cpu,ptsans,2,grid_pollution,pollution,64,6016,draw_us,current,route,416.660836,404.9569925,416.5693515,405.60057,-11.215547000000015,"[-13.026078500000011, -9.090148500000026]",-2.723032668891273,"[-3.113957952245039, -2.1888947269913137]",12,5,60,10000
cpu,ptsans,2,grid_pollution,pollution,64,6016,submit_us,current,route,416.726664,405.0171485,416.63061749999997,405.67837499999996,-11.208382499999999,"[-13.01924249999999, -9.087851999999998]",-2.7209109121962447,"[-3.111887870907515, -2.1864114729000237]",12,5,60,10000
cpu,ptsans,2,grid_pollution,pollution,64,6016,complete_us,current,route,416.74586750000003,405.037711,416.6501485,405.700203,-11.202218999999985,"[-13.020828000000023, -9.086219]",-2.719299745338305,"[-3.1121051705586877, -2.1859070938101466]",12,5,60,10000
cpu,ptsans,2,grid_pollution,pollution,64,6016,draw_us,route,final,404.9569925,384.9016405,405.60057,385.43485150000004,-20.558898,"[-22.378593499999994, -19.19626550000001]",-5.1625456504840574,"[-5.56261952329446, -4.777719786471829]",12,5,60,10000
cpu,ptsans,2,grid_pollution,pollution,64,6016,submit_us,route,final,405.0171485,384.959641,405.67837499999996,385.49471900000003,-20.558570000000003,"[-22.375695500000035, -19.190687499999996]",-5.162013618079553,"[-5.561151343817016, -4.777988835606517]",12,5,60,10000
cpu,ptsans,2,grid_pollution,pollution,64,6016,complete_us,route,final,405.037711,384.981406,405.700203,385.514969,-20.56088249999999,"[-22.381515499999978, -19.190765499999998]",-5.162063442110998,"[-5.562258567263839, -4.777591200203524]",12,5,60,10000
cpu,ptsans,2,grid_singleton,once,1,94,draw_us,master,current,481.8125,498.83349999999996,480.91650000000004,497.5205,17.916499999999985,"[13.5625, 22.25000000000003]",3.6966472722987587,"[2.8173370164761735, 4.64265865290574]",12,5,60,10000
cpu,ptsans,2,grid_singleton,once,1,94,submit_us,master,current,481.97900000000004,498.95849999999996,481.0625,497.72900000000004,17.916500000000013,"[13.625499999999988, 22.25000000000003]",3.695693381497467,"[2.8296108984284474, 4.641234298479868]",12,5,60,10000
cpu,ptsans,2,grid_singleton,once,1,94,complete_us,master,current,481.97900000000004,498.97950000000003,481.0625,497.72900000000004,17.896000000000015,"[13.604499999999973, 22.25000000000003]",3.691521209494364,"[2.825155707043947, 4.641234298479868]",12,5,60,10000
cpu,ptsans,2,grid_singleton,once,1,94,draw_us,master,final,481.8125,426.9995,480.91650000000004,425.5835,-54.542,"[-56.72900000000001, -52.916]",-11.348063097180283,"[-11.867617716019025, -11.086586619622635]",12,5,60,10000
cpu,ptsans,2,grid_singleton,once,1,94,submit_us,master,final,481.97900000000004,427.1245,481.0625,425.7085,-54.5625,"[-56.75, -52.916]",-11.344718471344816,"[-11.868362778935747, -11.083683235291463]",12,5,60,10000
cpu,ptsans,2,grid_singleton,once,1,94,complete_us,master,final,481.97900000000004,427.1455,481.0625,425.72900000000004,-54.5625,"[-56.7295, -52.916]",-11.344224556846516,"[-11.864105621719972, -11.083090522762024]",12,5,60,10000
cpu,ptsans,2,grid_singleton,once,1,94,draw_us,master,route,481.8125,440.27049999999997,480.91650000000004,440.22900000000004,-37.83349999999999,"[-44.417, -33.87450000000001]",-7.892158400061616,"[-9.259069469442682, -7.105553484862315]",12,5,60,10000
cpu,ptsans,2,grid_singleton,once,1,94,submit_us,master,route,481.97900000000004,440.437,481.0625,440.35400000000004,-37.83349999999999,"[-44.43799999999999, -33.8535]",-7.889751452397926,"[-9.26107978219246, -7.099071708504578]",12,5,60,10000
cpu,ptsans,2,grid_singleton,once,1,94,complete_us,master,route,481.97900000000004,440.437,481.0625,440.35400000000004,-37.8125,"[-44.4375, -33.8535]",-7.885401753148558,"[-9.26049071400783, -7.098840590740418]",12,5,60,10000
cpu,ptsans,2,grid_singleton,once,1,94,draw_us,current,final,498.83349999999996,426.9995,497.5205,425.5835,-71.52149999999997,"[-75.74950000000001, -69.24950000000001]",-14.475684015586404,"[-15.217045029320719, -13.962403221790382]",12,5,60,10000
cpu,ptsans,2,grid_singleton,once,1,94,submit_us,current,final,498.95849999999996,427.1245,497.72900000000004,425.7085,-71.5215,"[-75.77000000000001, -69.31200000000001]",-14.475583742458687,"[-15.218879180238826, -13.966136848937932]",12,5,60,10000
cpu,ptsans,2,grid_singleton,once,1,94,complete_us,current,final,498.97950000000003,427.1455,497.72900000000004,425.72900000000004,-71.5215,"[-75.74950000000004, -69.3125]",-14.470905391949623,"[-15.218340783977663, -13.969740391530012]",12,5,60,10000
cpu,ptsans,2,grid_singleton,once,1,94,draw_us,current,route,498.83349999999996,440.27049999999997,497.5205,440.22900000000004,-55.72900000000001,"[-60.083500000000015, -51.83300000000003]",-11.261847242216605,"[-11.97827987045943, -10.480123599992869]",12,5,60,10000
cpu,ptsans,2,grid_singleton,once,1,94,submit_us,current,route,498.95849999999996,440.437,497.72900000000004,440.35400000000004,-55.70800000000003,"[-60.083500000000015, -51.811500000000024]",-11.262728802241062,"[-11.974783227879083, -10.489525208450829]",12,5,60,10000
cpu,ptsans,2,grid_singleton,once,1,94,complete_us,current,route,498.97950000000003,440.437,497.72900000000004,440.35400000000004,-55.70800000000003,"[-60.06250000000003, -51.853500000000025]",-11.258659993727127,"[-11.970618288340123, -10.485152485910486]",12,5,60,10000
cpu,ptsans,2,grid_singleton,once,1,94,draw_us,route,final,440.27049999999997,426.9995,440.22900000000004,425.5835,-16.166499999999985,"[-18.520999999999987, -12.4375]",-3.7080485007527306,"[-4.1834449490488534, -2.843441606578917]",12,5,60,10000
cpu,ptsans,2,grid_singleton,once,1,94,submit_us,route,final,440.437,427.1245,440.35400000000004,425.7085,-16.166999999999973,"[-18.520999999999987, -12.396000000000015]",-3.7069249361067094,"[-4.1838894957769766, -2.833301065679583]",12,5,60,10000
cpu,ptsans,2,grid_singleton,once,1,94,complete_us,route,final,440.437,427.1455,440.35400000000004,425.72900000000004,-16.146499999999975,"[-18.499500000000012, -12.437999999999988]",-3.702199168918746,"[-4.179102265372136, -2.8410400750750133]",12,5,60,10000
cpu,ptsans,2,grid_two_phases,first,1,94,draw_us,master,current,431.14549999999997,448.625,431.27049999999997,448.4375,15.792000000000002,"[9.97999999999999, 19.021000000000015]",3.662021695297435,"[2.3450024738913666, 4.440011852867243]",12,5,60,10000
cpu,ptsans,2,grid_two_phases,first,1,94,submit_us,master,current,431.25,448.77099999999996,431.39549999999997,448.5625,15.792000000000002,"[10.021500000000003, 19.021000000000015]",3.6609604953553476,"[2.35428510625032, 4.438716708220092]",12,5,60,10000
cpu,ptsans,2,grid_two_phases,first,1,94,complete_us,master,current,431.25,448.7915,431.437,448.58299999999997,15.770999999999987,"[9.97999999999999, 19.00000000000003]",3.6557204851436764,"[2.344313900660522, 4.433603732608482]",12,5,60,10000
cpu,ptsans,2,grid_two_phases,first,1,94,draw_us,master,final,431.14549999999997,377.83349999999996,431.27049999999997,376.0,-57.458,"[-59.6875, -51.416]",-13.375208718596308,"[-13.695576752576649, -11.806505503143743]",12,5,60,10000
cpu,ptsans,2,grid_two_phases,first,1,94,submit_us,master,final,431.25,377.9375,431.39549999999997,376.125,-57.4785,"[-59.666499999999985, -51.43700000000001]",-13.376211214467677,"[-13.691648553877311, -11.807964137360567]",12,5,60,10000
cpu,ptsans,2,grid_two_phases,first,1,94,complete_us,master,final,431.25,377.979,431.437,376.1665,-57.458,"[-59.68700000000001, -51.45750000000001]",-13.370668742037473,"[-13.695230951256654, -11.811518955074241]",12,5,60,10000
cpu,ptsans,2,grid_two_phases,first,1,94,draw_us,master,route,431.14549999999997,395.0625,431.27049999999997,395.08299999999997,-38.68799999999999,"[-45.5, -30.145999999999987]",-8.966986427842222,"[-10.357450514727168, -6.983234965493384]",12,5,60,10000
cpu,ptsans,2,grid_two_phases,first,1,94,submit_us,master,route,431.25,395.1875,431.39549999999997,395.22900000000004,-38.667,"[-45.478999999999985, -30.186999999999983]",-8.960005513650987,"[-10.359324867229796, -6.990395137610406]",12,5,60,10000
cpu,ptsans,2,grid_two_phases,first,1,94,complete_us,master,route,431.25,395.20799999999997,431.437,395.22900000000004,-38.66699999999997,"[-45.51999999999998, -30.166499999999985]",-8.959582602931249,"[-10.363434093939238, -6.985612859566426]",12,5,60,10000
cpu,ptsans,2,grid_two_phases,first,1,94,draw_us,current,final,448.625,377.83349999999996,448.4375,376.0,-69.75049999999999,"[-75.95849999999999, -67.8535]",-15.810932417795525,"[-16.929197756372194, -15.040546783414111]",12,5,60,10000
cpu,ptsans,2,grid_two_phases,first,1,94,submit_us,current,final,448.77099999999996,377.9375,448.5625,376.125,-69.75049999999999,"[-75.959, -67.87450000000001]",-15.806452840306807,"[-16.925371804965536, -15.041067616152109]",12,5,60,10000
cpu,ptsans,2,grid_two_phases,first,1,94,complete_us,current,final,448.7915,377.979,448.58299999999997,376.1665,-69.7295,"[-75.9375, -67.85300000000001]",-15.800921398175138,"[-16.91980955143903, -15.040269963887926]",12,5,60,10000
cpu,ptsans,2,grid_two_phases,first,1,94,draw_us,current,route,448.625,395.0625,448.4375,395.08299999999997,-55.6875,"[-60.25000000000003, -45.85449999999997]",-12.421524090642505,"[-13.25987569747949, -10.232199374095712]",12,5,60,10000
cpu,ptsans,2,grid_two_phases,first,1,94,submit_us,current,route,448.77099999999996,395.1875,448.5625,395.22900000000004,-55.66650000000001,"[-60.22900000000001, -45.875]",-12.413975200777227,"[-13.251628228467428, -10.233913057006266]",12,5,60,10000
cpu,ptsans,2,grid_two_phases,first,1,94,complete_us,current,route,448.7915,395.20799999999997,448.58299999999997,395.22900000000004,-55.666499999999985,"[-60.22900000000001, -45.89549999999997]",-12.413361874006107,"[-13.251628228467428, -10.237557693209048]",12,5,60,10000
cpu,ptsans,2,grid_two_phases,first,1,94,draw_us,route,final,395.0625,377.83349999999996,395.08299999999997,376.0,-18.291499999999985,"[-26.7705, -9.999500000000012]",-4.750085805992138,"[-6.659310805218427, -2.5338021043058823]",12,5,60,10000
cpu,ptsans,2,grid_two_phases,first,1,94,submit_us,route,final,395.1875,377.9375,395.22900000000004,376.125,-18.291999999999973,"[-26.771000000000015, -10.020500000000027]",-4.748880920502452,"[-6.657692866180404, -2.538174139063992]",12,5,60,10000
cpu,ptsans,2,grid_two_phases,first,1,94,complete_us,route,final,395.20799999999997,377.979,395.22900000000004,376.1665,-18.291499999999985,"[-26.75, -9.99950000000004]",-4.748543121237242,"[-6.652201536144419, -2.5328368476631336]",12,5,60,10000
cpu,ptsans,2,grid_two_phases,second,1,94,draw_us,master,current,380.2085,145.66649999999998,379.8125,145.66649999999998,-234.146,"[-237.54149999999998, -230.29149999999998]",-61.58047202677764,"[-62.16731562311413, -61.224776726764404]",12,5,60,10000
cpu,ptsans,2,grid_two_phases,second,1,94,submit_us,master,current,380.3125,145.7705,379.91700000000003,145.7705,-234.1875,"[-237.5625, -230.33350000000002]",-61.5767092592491,"[-62.15241529410106, -61.213409216498576]",12,5,60,10000
cpu,ptsans,2,grid_two_phases,second,1,94,complete_us,master,current,380.3335,145.7705,379.9375,145.7705,-234.16649999999998,"[-237.583, -230.33350000000002]",-61.57120106252778,"[-62.15445396240211, -61.213409216498576]",12,5,60,10000
cpu,ptsans,2,grid_two_phases,second,1,94,draw_us,master,final,380.2085,145.91649999999998,379.8125,145.5625,-236.0625,"[-239.438, -231.7705]",-61.8803536547724,"[-62.765237819992464, -61.52548743199779]",12,5,60,10000
cpu,ptsans,2,grid_two_phases,second,1,94,submit_us,master,final,380.3125,145.97899999999998,379.91700000000003,145.6045,-236.1455,"[-239.501, -231.77050000000003]",-61.877346458084524,"[-62.755563412864454, -61.521589173609186]",12,5,60,10000
cpu,ptsans,2,grid_two_phases,second,1,94,complete_us,master,final,380.3335,146.0,379.9375,145.6455,-236.1045,"[-239.459, -231.79149999999998]",-61.866611682670936,"[-62.75004013487787, -61.516250631942526]",12,5,60,10000
cpu,ptsans,2,grid_two_phases,second,1,94,draw_us,master,route,380.2085,147.8125,379.8125,148.47899999999998,-232.4995,"[-235.02100000000002, -225.459]",-60.90688234809966,"[-62.21526571788391, -59.96184334993035]",12,5,60,10000
cpu,ptsans,2,grid_two_phases,second,1,94,submit_us,master,route,380.3125,147.875,379.91700000000003,148.52100000000002,-232.5625,"[-235.083, -225.54250000000002]",-60.90129533295736,"[-62.20910094045195, -59.9585964675255]",12,5,60,10000
cpu,ptsans,2,grid_two_phases,second,1,94,complete_us,master,route,380.3335,147.917,379.9375,148.5625,-232.54149999999998,"[-235.042, -225.5215]",-60.897927358628166,"[-62.203648812792366, -59.95292462417641]",12,5,60,10000
cpu,ptsans,2,grid_two_phases,second,1,94,draw_us,current,final,145.66649999999998,145.91649999999998,145.66649999999998,145.5625,-0.9579999999999984,"[-4.104500000000002, 2.896000000000001]",-0.6510786763835263,"[-2.828449266619404, 2.036854582342462]",12,5,60,10000
cpu,ptsans,2,grid_two_phases,second,1,94,submit_us,current,final,145.7705,145.97899999999998,145.7705,145.6045,-0.9784999999999968,"[-4.125500000000002, 2.896000000000001]",-0.6646767540301746,"[-2.840933997599687, 2.03602419325587]",12,5,60,10000
cpu,ptsans,2,grid_two_phases,second,1,94,complete_us,current,final,145.7705,146.0,145.7705,145.6455,-0.9789999999999992,"[-4.105000000000004, 2.896000000000001]",-0.6648291200926915,"[-2.827148685345554, 2.0350652156402638]",12,5,60,10000
cpu,ptsans,2,grid_two_phases,second,1,94,draw_us,current,route,145.66649999999998,147.8125,145.66649999999998,148.47899999999998,4.833500000000001,"[-1.9164999999999992, 6.6875]",3.4556519579090894,"[-1.2928912532971848, 4.648110901776114]",12,5,60,10000
cpu,ptsans,2,grid_two_phases,second,1,94,submit_us,current,route,145.7705,147.875,145.7705,148.52100000000002,4.832999999999998,"[-1.9375, 6.667000000000002]",3.4532497338223167,"[-1.3063551503808557, 4.630955487951061]",12,5,60,10000
cpu,ptsans,2,grid_two_phases,second,1,94,complete_us,current,route,145.7705,147.917,145.7705,148.5625,4.833500000000001,"[-1.9380000000000024, 6.646000000000001]",3.454702352665573,"[-1.3066186055383455, 4.615245550855118]",12,5,60,10000
cpu,ptsans,2,grid_two_phases,second,1,94,draw_us,route,final,147.8125,145.91649999999998,148.47899999999998,145.5625,-3.271500000000003,"[-8.979, -0.2085000000000008]",-2.1604039863171884,"[-6.159691841357723, -0.14274018844833147]",12,5,60,10000
cpu,ptsans,2,grid_two_phases,second,1,94,submit_us,route,final,147.875,145.97899999999998,148.52100000000002,145.6045,-3.2704999999999984,"[-8.979, -0.2079999999999984]",-2.155698353559604,"[-6.156185483474041, -0.1423555176671143]",12,5,60,10000
cpu,ptsans,2,grid_two_phases,second,1,94,complete_us,route,final,147.917,146.0,148.5625,145.6455,-3.271000000000001,"[-8.999499999999998, -0.1875]",-2.1562074862593317,"[-6.169995108199549, -0.12822625006270738]",12,5,60,10000
cpu,ptsans,2,grid_unique_sizes,sweep,32,3008,draw_us,master,current,377.9785,403.13865599999997,378.38023450000003,403.2623125,24.76760950000002,"[21.457672000000002, 26.356109500000002]",6.496466150945224,"[5.679773355081396, 6.9649618856459705]",12,5,60,10000
cpu,ptsans,2,grid_unique_sizes,sweep,32,3008,submit_us,master,current,378.041687,403.2024535,378.440672,403.3215625,24.775328000000002,"[21.4510315, 26.36015599999999]",6.49808409567073,"[5.677955925877976, 6.964917720602848]",12,5,60,10000
cpu,ptsans,2,grid_unique_sizes,sweep,32,3008,complete_us,master,current,378.061875,403.21810949999997,378.4635,403.340453,24.77401549999999,"[21.451765999999992, 26.356906500000008]",6.497588133786536,"[5.678371453985697, 6.963642044092788]",12,5,60,10000
cpu,ptsans,2,grid_unique_sizes,sweep,32,3008,draw_us,master,final,377.9785,370.813781,378.38023450000003,370.9570465,-9.287656500000026,"[-9.700437499999992, -7.7460945000000265]",-2.435019029529312,"[-2.6087064412009475, -2.047751833609829]",12,5,60,10000
cpu,ptsans,2,grid_unique_sizes,sweep,32,3008,submit_us,master,final,378.041687,370.8997185,378.440672,371.016953,-9.291656499999988,"[-9.701093500000013, -7.746030999999988]",-2.4356590589880875,"[-2.6084365942187606, -2.0470516093813673]",12,5,60,10000
cpu,ptsans,2,grid_unique_sizes,sweep,32,3008,complete_us,master,final,378.061875,370.91790649999996,378.4635,371.0397345,-9.292280500000004,"[-9.699844000000013, -7.748687000000018]",-2.435669455358913,"[-2.608495444895281, -2.048472556990161]",12,5,60,10000
cpu,ptsans,2,grid_unique_sizes,sweep,32,3008,draw_us,master,route,377.9785,389.155656,378.38023450000003,389.8177185,9.395796999999988,"[7.529999499999974, 11.876984499999992]",2.4897183340441886,"[2.0014984231071287, 3.1272342258469865]",12,5,60,10000
cpu,ptsans,2,grid_unique_sizes,sweep,32,3008,submit_us,master,route,378.041687,389.2227345,378.440672,389.8742495,9.390608999999984,"[7.533890499999984, 11.874984000000012]",2.487926106186855,"[2.002185597941364, 3.126173697325596]",12,5,60,10000
cpu,ptsans,2,grid_unique_sizes,sweep,32,3008,complete_us,master,route,378.061875,389.239,378.4635,389.898359,9.397108999999972,"[7.534546500000005, 11.881562500000001]",2.4895156006065844,"[2.002245434772698, 3.127753040019654]",12,5,60,10000
cpu,ptsans,2,grid_unique_sizes,sweep,32,3008,draw_us,current,final,403.13865599999997,370.813781,403.2623125,370.9570465,-32.17584400000004,"[-34.86978149999999, -30.60145300000002]",-8.011537208731617,"[-8.628934631263117, -7.631257469274383]",12,5,60,10000
cpu,ptsans,2,grid_unique_sizes,sweep,32,3008,submit_us,current,final,403.2024535,370.8997185,403.3215625,371.016953,-32.176953,"[-34.874359, -30.598156499999988]",-8.010582824087443,"[-8.628675497896632, -7.629504766696915]",12,5,60,10000
cpu,ptsans,2,grid_unique_sizes,sweep,32,3008,complete_us,current,final,403.21810949999997,370.91790649999996,403.340453,371.0397345,-32.17048399999999,"[-34.871110000000016, -30.597640499999983]",-8.0094202047502,"[-8.62748031786934, -7.629381881557013]",12,5,60,10000
cpu,ptsans,2,grid_unique_sizes,sweep,32,3008,draw_us,current,route,403.13865599999997,389.155656,403.2623125,389.8177185,-12.932906500000001,"[-16.4439845, -10.983656000000025]",-3.2477307658794974,"[-4.067003925749035, -2.71837049132414]",12,5,60,10000
cpu,ptsans,2,grid_unique_sizes,sweep,32,3008,submit_us,current,route,403.2024535,389.2227345,403.3215625,389.8742495,-12.938812500000012,"[-16.44386000000003, -10.977156500000007]",-3.2486885037618873,"[-4.066349047656109, -2.7163832874905425]",12,5,60,10000
cpu,ptsans,2,grid_unique_sizes,sweep,32,3008,complete_us,current,route,403.21810949999997,389.239,403.340453,389.898359,-12.93301600000001,"[-16.4446255, -10.971233999999981]",-3.247075975771385,"[-4.066323475511229, -2.7147780985252723]",12,5,60,10000
cpu,ptsans,2,grid_unique_sizes,sweep,32,3008,draw_us,route,final,389.155656,370.813781,389.8177185,370.9570465,-18.325515499999995,"[-22.2760155, -15.316969]",-4.759416352663099,"[-5.68430014506966, -4.027512545460704]",12,5,60,10000
cpu,ptsans,2,grid_unique_sizes,sweep,32,3008,submit_us,route,final,389.2227345,370.8997185,389.8742495,371.016953,-18.321531499999992,"[-22.279811999999993, -15.323562500000008]",-4.757123275615715,"[-5.6843033233059455, -4.028502629553582]",12,5,60,10000
cpu,ptsans,2,grid_unique_sizes,sweep,32,3008,complete_us,route,final,389.239,370.91790649999996,389.898359,371.0397345,-18.328093999999993,"[-22.283703000000003, -15.325484000000017]",-4.759352835397718,"[-5.684911780517915, -4.028795475032587]",12,5,60,10000
cpu,ptsans,2,grid_unique_variations,sweep,32,3008,draw_us,master,current,249.1992345,273.8001405,249.1946565,273.395844,23.945906500000007,"[22.363875000000007, 25.39778100000001]",9.719284715921951,"[8.991640902762654, 10.152213195187898]",12,5,60,10000
cpu,ptsans,2,grid_unique_variations,sweep,32,3008,submit_us,master,current,249.2655625,273.8593905,249.260406,273.45504700000004,23.938156500000005,"[22.356625000000022, 25.393969000000013]",9.71363137172222,"[8.986432795481779, 10.148122426737638]",12,5,60,10000
cpu,ptsans,2,grid_unique_variations,sweep,32,3008,complete_us,master,current,249.2845155,273.878891,249.2806565,273.47850000000005,23.936812500000016,"[22.363859000000005, 25.401078000000012]",9.71220986094572,"[8.988644333949335, 10.15022131650879]",12,5,60,10000
cpu,ptsans,2,grid_unique_variations,sweep,32,3008,draw_us,master,final,249.1992345,174.9329375,249.1946565,175.08462500000002,-74.414688,"[-75.60289050000002, -73.28845349999999]",-29.86819418587278,"[-30.544207049022187, -29.382964004964393]",12,5,60,10000
cpu,ptsans,2,grid_unique_variations,sweep,32,3008,submit_us,master,final,249.2655625,174.99278099999998,249.260406,175.14120300000002,-74.4174685,"[-75.61075, -73.28832750000001]",-29.86150193721616,"[-30.53938070372253, -29.374615902829724]",12,5,60,10000
cpu,ptsans,2,grid_unique_variations,sweep,32,3008,complete_us,master,final,249.2845155,175.0084845,249.2806565,175.1601405,-74.41996900000001,"[-75.61137500000001, -73.29620349999999]",-29.86016276070113,"[-30.537650572565404, -29.374293001978014]",12,5,60,10000
cpu,ptsans,2,grid_unique_variations,sweep,32,3008,draw_us,master,route,249.1992345,195.447922,249.1946565,195.744797,-53.369750499999995,"[-55.355484000000004, -51.55409399999999]",-21.603681750581103,"[-22.06477531181676, -20.64920912905592]",12,5,60,10000
cpu,ptsans,2,grid_unique_variations,sweep,32,3008,submit_us,master,route,249.2655625,195.50457799999998,249.260406,195.80282799999998,-53.3770155,"[-55.365874500000004, -51.561124500000005]",-21.6019473928725,"[-22.06280479794845, -20.645125077994713]",12,5,60,10000
cpu,ptsans,2,grid_unique_variations,sweep,32,3008,complete_us,master,route,249.2845155,195.5313125,249.2806565,195.8243435,-53.37239100000001,"[-55.36010949999999, -51.559265999999994]",-21.600911729122366,"[-22.059095989975283, -20.641073780936807]",12,5,60,10000
cpu,ptsans,2,grid_unique_variations,sweep,32,3008,draw_us,current,final,273.8001405,174.9329375,273.395844,175.08462500000002,-97.94790600000002,"[-98.71031300000001, -96.851547]",-35.868221793775426,"[-36.131846668687075, -35.45314989610057]",12,5,60,10000
cpu,ptsans,2,grid_unique_variations,sweep,32,3008,submit_us,current,final,273.8593905,174.99278099999998,273.45504700000004,175.14120300000002,-97.952422,"[-98.70448500000002, -96.85095249999999]",-35.86118469155278,"[-36.123565316903324, -35.44495807512284]",12,5,60,10000
cpu,ptsans,2,grid_unique_variations,sweep,32,3008,complete_us,current,final,273.878891,175.0084845,273.47850000000005,175.1601405,-97.95562450000001,"[-98.71356250000002, -96.85226599999999]",-35.86027637984068,"[-36.12226457940726, -35.44335804493735]",12,5,60,10000
cpu,ptsans,2,grid_unique_variations,sweep,32,3008,draw_us,current,route,273.8001405,195.447922,273.395844,195.744797,-76.23829699999999,"[-79.08009349999999, -75.4934065]",-28.48344591643974,"[-28.87937049832453, -27.41508490459917]",12,5,60,10000
cpu,ptsans,2,grid_unique_variations,sweep,32,3008,submit_us,current,route,273.8593905,195.50457799999998,273.45504700000004,195.80282799999998,-76.2382655,"[-79.07878050000001, -75.49610950000002]",-28.47775271142659,"[-28.872542002037612, -27.408361268236053]",12,5,60,10000
cpu,ptsans,2,grid_unique_variations,sweep,32,3008,complete_us,current,route,273.878891,195.5313125,273.47850000000005,195.8243435,-76.241484,"[-79.0839995, -75.49495350000001]",-28.474824110747,"[-28.87194395143328, -27.40599158694121]",12,5,60,10000
cpu,ptsans,2,grid_unique_variations,sweep,32,3008,draw_us,route,final,195.447922,174.9329375,195.744797,175.08462500000002,-20.772078000000008,"[-23.01957800000001, -19.02014050000001]",-10.750307781080792,"[-11.752689725968779, -9.723315610585814]",12,5,60,10000
cpu,ptsans,2,grid_unique_variations,sweep,32,3008,submit_us,route,final,195.50457799999998,174.99278099999998,195.80282799999998,175.14120300000002,-20.762515499999992,"[-23.016265500000003, -19.023406500000007]",-10.74234286438434,"[-11.749261417009022, -9.723200285421374]",12,5,60,10000
cpu,ptsans,2,grid_unique_variations,sweep,32,3008,complete_us,route,final,195.5313125,175.0084845,195.8243435,175.1601405,-20.76762500000001,"[-23.026639999999986, -19.027874999999995]",-10.743668705902714,"[-11.75052401137533, -9.722977417951768]",12,5,60,10000
cpu,ptsans,2,text,first_paint,1,1253,draw_us,master,current,9334.5005,8611.5835,9335.9795,8608.125,-712.2289999999994,"[-776.5630000000001, -614.6040000000003]",-7.616873094690807,"[-8.2838768419354, -6.708685094228601]",12,5,60,10000
cpu,ptsans,2,text,first_paint,1,1253,submit_us,master,current,9337.1465,8614.2915,9338.4585,8610.6665,-712.9165000000003,"[-776.5625, -614.4795000000013]",-7.622249770660583,"[-8.281537580486114, -6.705546532687934]",12,5,60,10000
cpu,ptsans,2,text,first_paint,1,1253,complete_us,master,current,9337.167000000001,8614.2915,9338.4585,8610.6665,-712.9375,"[-776.5835000000006, -614.5000000000009]",-7.622239686119848,"[-8.281742072269699, -6.7057567191341265]",12,5,60,10000
cpu,ptsans,2,text,first_paint,1,1253,draw_us,master,final,9334.5005,8460.5625,9335.9795,8460.5625,-870.5005000000001,"[-950.1670000000004, -762.0]",-9.434260363900943,"[-10.263884861767636, -8.262596503061337]",12,5,60,10000
cpu,ptsans,2,text,first_paint,1,1253,submit_us,master,final,9337.1465,8463.0,9338.4585,8463.0,-870.4795000000004,"[-950.75, -761.9579999999996]",-9.43152893460335,"[-10.265272619634441, -8.259855581826315]",12,5,60,10000
cpu,ptsans,2,text,first_paint,1,1253,complete_us,master,final,9337.167000000001,8463.021,9338.4585,8463.021,-870.4790000000003,"[-950.75, -761.9579999999996]",-9.431507664776262,"[-10.265454416416159, -8.259855581826315]",12,5,60,10000
cpu,ptsans,2,text,first_paint,1,1253,draw_us,master,route,9334.5005,8599.3125,9335.9795,8592.0835,-731.9375,"[-818.5, -658.811999999999]",-7.821942096200074,"[-8.722361331346917, -7.082033323673132]",12,5,60,10000
cpu,ptsans,2,text,first_paint,1,1253,submit_us,master,route,9337.1465,8601.896,9338.4585,8595.25,-731.25,"[-818.6039999999994, -659.2295000000004]",-7.812561703197008,"[-8.718337054282893, -7.0843757468611495]",12,5,60,10000
cpu,ptsans,2,text,first_paint,1,1253,complete_us,master,route,9337.167000000001,8601.9165,9338.4585,8595.25,-731.25,"[-818.5625, -659.25]",-7.812561703197008,"[-8.718318937105536, -7.084584454964044]",12,5,60,10000
cpu,ptsans,2,text,first_paint,1,1253,draw_us,current,final,8611.5835,8460.5625,8608.125,8460.5625,-182.97900000000027,"[-262.66700000000037, -101.77050000000054]",-2.119201499317885,"[-3.0487734256522736, -1.1875188840200057]",12,5,60,10000
cpu,ptsans,2,text,first_paint,1,1253,submit_us,current,final,8614.2915,8463.0,8610.6665,8463.0,-182.66650000000027,"[-262.83349999999973, -101.77049999999872]",-2.1149788595305252,"[-3.0549383226161133, -1.1871432222772371]",12,5,60,10000
cpu,ptsans,2,text,first_paint,1,1253,complete_us,current,final,8614.2915,8463.021,8610.6665,8463.021,-182.64550000000054,"[-262.83349999999973, -101.74949999999899]",-2.1147354188935816,"[-3.0549383226161133, -1.186898296954969]",12,5,60,10000
cpu,ptsans,2,text,first_paint,1,1253,draw_us,current,route,8611.5835,8599.3125,8608.125,8592.0835,-3.436999999999898,"[-84.33349999999973, 61.45850000000064]",-0.03979560649481351,"[-0.9778398702505964, 0.7032517833021612]",12,5,60,10000
cpu,ptsans,2,text,first_paint,1,1253,submit_us,current,route,8614.2915,8601.896,8610.6665,8595.25,-3.3744999999989886,"[-84.52149999999983, 61.08350000000064]",-0.039054697191392984,"[-0.9797669714749213, 0.6987087777282852]",12,5,60,10000
cpu,ptsans,2,text,first_paint,1,1253,complete_us,current,route,8614.2915,8601.9165,8610.6665,8595.25,-3.3744999999989886,"[-84.54199999999946, 61.08349999999973]",-0.039054697191392984,"[-0.9800000779832618, 0.6987079910795946]",12,5,60,10000
cpu,ptsans,2,text,first_paint,1,1253,draw_us,route,final,8599.3125,8460.5625,8592.0835,8460.5625,-127.8125,"[-182.91700000000037, -61.72950000000037]",-1.5130998912204152,"[-2.116213561555469, -0.726531894936544]",12,5,60,10000
cpu,ptsans,2,text,first_paint,1,1253,submit_us,route,final,8601.896,8463.0,8595.25,8463.0,-127.8755000000001,"[-182.95799999999963, -62.10399999999936]",-1.513341868228918,"[-2.11608204249899, -0.7307329155055886]",12,5,60,10000
cpu,ptsans,2,text,first_paint,1,1253,complete_us,route,final,8601.9165,8463.021,8595.25,8463.021,-127.85400000000027,"[-182.9369999999999, -62.10350000000017]",-1.5130871356877185,"[-2.1158392971461493, -0.73073421715662]",12,5,60,10000
cpu,ptsans,2,text,reflow,3,1,draw_us,master,current,2063.889,2047.618,2061.868167,2041.458167,-16.534500000000094,"[-34.742832999999905, -11.069999999999936]",-0.7967319959813313,"[-1.6863048128320568, -0.5354446141464964]",12,5,60,10000
cpu,ptsans,2,text,reflow,3,1,submit_us,master,current,2064.4306665,2048.118,2062.3194999999996,2041.9998329999999,-16.625167000000033,"[-34.72216650000007, -11.021333500000196]",-0.8008879080079745,"[-1.6848876091280773, -0.5329572469205068]",12,5,60,10000
cpu,ptsans,2,text,reflow,3,1,complete_us,master,current,2064.4515,2048.131833,2062.3403335,2042.0136665,-16.618166999999858,"[-34.701167000000055, -11.035166500000173]",-0.80054192197061,"[-1.6838571222509313, -0.5336247586446463]",12,5,60,10000
cpu,ptsans,2,text,reflow,3,1,draw_us,master,final,2063.889,2073.8125,2061.868167,2073.8125,17.464999999999918,"[-2.430500000000052, 20.923500000000104]",0.8561348451988082,"[-0.11995090823984644, 1.013124268853316]",12,5,60,10000
cpu,ptsans,2,text,reflow,3,1,submit_us,master,final,2064.4306665,2074.291833,2062.3194999999996,2074.291833,17.562499999999886,"[-2.4304994999999963, 20.937332999999853]",0.8607330886890585,"[-0.11991620306549544, 1.010866357560003]",12,5,60,10000
cpu,ptsans,2,text,reflow,3,1,complete_us,master,final,2064.4515,2074.3195,2062.3403335,2074.3195,17.541666500000133,"[-2.4235000000001037, 20.958166499999834]",0.8596906842013863,"[-0.11957021125686973, 1.0108408122265211]",12,5,60,10000
cpu,ptsans,2,text,reflow,3,1,draw_us,master,route,2063.889,2071.1458334999998,2061.868167,2069.5903335000003,0.11083349999989878,"[-10.763999999999783, 17.660166499999946]",0.0070656722834849806,"[-0.5270793302622756, 0.857194932905303]",12,5,60,10000
cpu,ptsans,2,text,reflow,3,1,submit_us,master,route,2064.4306665,2071.6458335,2062.3194999999996,2070.0415000000003,0.034500000000207365,"[-10.729000000000042, 17.611500000000092]",0.00334316925967304,"[-0.5259207839426627, 0.8546650386982657]",12,5,60,10000
cpu,ptsans,2,text,reflow,3,1,complete_us,master,route,2064.4515,2071.6666665000002,2062.3403335,2070.0625,0.03433299999983319,"[-10.722166500000071, 17.625333000000182]",0.003335009907468045,"[-0.5259306338939951, 0.8553304103536385]",12,5,60,10000
cpu,ptsans,2,text,reflow,3,1,draw_us,current,final,2047.618,2073.8125,2041.458167,2073.8125,31.208165999999892,"[12.006666999999993, 37.58999999999992]",1.5447952056105274,"[0.5902628134398402, 1.8563930073173474]",12,5,60,10000
cpu,ptsans,2,text,reflow,3,1,submit_us,current,final,2048.118,2074.291833,2041.9998329999999,2074.291833,31.236332999999945,"[12.02066649999972, 37.63200000000006]",1.545810223573374,"[0.590740905535242, 1.8579687339402962]",12,5,60,10000
cpu,ptsans,2,text,reflow,3,1,complete_us,current,final,2048.131833,2074.3195,2042.0136665,2074.3195,31.208666999999878,"[12.020500000000084, 37.631833500000084]",1.5444088596337724,"[0.5907246145493039, 1.8579477808624345]",12,5,60,10000
cpu,ptsans,2,text,reflow,3,1,draw_us,current,route,2047.618,2071.1458334999998,2041.458167,2069.5903335000003,22.444499999999948,"[8.687666499999864, 32.68033349999996]",1.0995479723283297,"[0.42893596284242497, 1.5969651804924156]",12,5,60,10000
cpu,ptsans,2,text,reflow,3,1,submit_us,current,route,2048.118,2071.6458335,2041.9998329999999,2070.0415000000003,22.424000500000147,"[8.618333000000234, 32.68733350000025]",1.0982422564041583,"[0.42541541785672266, 1.5969294067772366]",12,5,60,10000
cpu,ptsans,2,text,reflow,3,1,complete_us,current,route,2048.131833,2071.6666665000002,2042.0136665,2070.0625,22.416832999999883,"[8.625166499999978, 32.687333500000136]",1.0978797534004325,"[0.4257542756368915, 1.5969206888964083]",12,5,60,10000
cpu,ptsans,2,text,reflow,3,1,draw_us,route,final,2071.1458334999998,2073.8125,2069.5903335000003,2073.8125,4.451500000000124,"[-2.7988330000000587, 23.65300000000002]",0.21493602928787103,"[-0.1327967381349715, 1.133095246585647]",12,5,60,10000
cpu,ptsans,2,text,reflow,3,1,submit_us,route,final,2071.6458335,2074.291833,2070.0415000000003,2074.291833,4.472332999999708,"[-2.7571670000002086, 23.722499999999854]",0.2158642209266648,"[-0.13078284379849925, 1.136148001955617]",12,5,60,10000
cpu,ptsans,2,text,reflow,3,1,complete_us,route,final,2071.6666665000002,2074.3195,2070.0625,2074.3195,4.486167000000023,"[-2.7501669999999194, 23.729500000000144]",0.21653044327880622,"[-0.13044635153122153, 1.1364750844614413]",12,5,60,10000
cpu,ptsans,2,text,size_advance,12,5246,draw_us,master,current,5527.048624999999,5011.7604169999995,5526.993125,5008.604166499999,-533.8819579999999,"[-577.6787920000002, -491.72770850000006]",-9.616496709910155,"[-10.260214969507846, -8.960523023003592]",12,5,60,10000
cpu,ptsans,2,text,size_advance,12,5246,submit_us,master,current,5527.659708499999,5012.361000000001,5527.6616665,5009.190833,-533.9513335000001,"[-577.6943745000003, -491.7989170000001]",-9.616902545288697,"[-10.259191142432877, -8.960681553651074]",12,5,60,10000
cpu,ptsans,2,text,size_advance,12,5246,complete_us,master,current,5527.6805,5012.376708,5527.6874165,5009.21,-533.9460414999999,"[-577.6944579999999, -491.79879200000005]",-9.616689498662856,"[-10.259151457654381, -8.960648963536393]",12,5,60,10000
cpu,ptsans,2,text,size_advance,12,5246,draw_us,master,final,5527.048624999999,5016.821125,5526.993125,5030.46875,-521.6406670000001,"[-540.3541249999998, -475.91525]",-9.411783921108675,"[-9.900028432337816, -8.691309231925647]",12,5,60,10000
cpu,ptsans,2,text,size_advance,12,5246,submit_us,master,final,5527.659708499999,5017.5034165,5527.6616665,5031.050333499999,-521.6962920000001,"[-540.4115005000003, -475.97775049999973]",-9.41162022428476,"[-9.898606947665328, -8.691769917578107]",12,5,60,10000
cpu,ptsans,2,text,size_advance,12,5246,complete_us,master,final,5527.6805,5017.517333,5527.6874165,5031.074625,-521.6858745,"[-540.4166664999998, -475.97416650000014]",-9.411398683482837,"[-9.898539322855388, -8.691759830906399]",12,5,60,10000
cpu,ptsans,2,text,size_advance,12,5246,draw_us,master,route,5527.048624999999,5064.62675,5526.993125,5062.86975,-475.76741649999985,"[-520.5816249999998, -436.0677499999997]",-8.581643740815187,"[-9.259183514503821, -8.02548654998655]",12,5,60,10000
cpu,ptsans,2,text,size_advance,12,5246,submit_us,master,route,5527.659708499999,5065.345666499999,5527.6616665,5063.597374999999,-475.8142499999999,"[-520.4946249999998, -436.05212500000016]",-8.58145961485235,"[-9.256399017859152, -8.024233976381957]",12,5,60,10000
cpu,ptsans,2,text,size_advance,12,5246,complete_us,master,route,5527.6805,5065.371499999999,5527.6874165,5063.6198335,-475.8089580000001,"[-520.4912079999999, -436.0417915000003]",-8.581334874190855,"[-9.256301793605232, -8.024017763446212]",12,5,60,10000
cpu,ptsans,2,text,size_advance,12,5246,draw_us,current,final,5011.7604169999995,5016.821125,5008.604166499999,5030.46875,12.149374999999964,"[-2.0416669999999613, 33.83162500000026]",0.24287040794072068,"[-0.04091349290188395, 0.6887451672403455]",12,5,60,10000
cpu,ptsans,2,text,size_advance,12,5246,submit_us,current,final,5012.361000000001,5017.5034165,5009.190833,5031.050333499999,12.104041999999481,"[-2.0557505000001584, 33.82304150000027]",0.24194156536919698,"[-0.04118749379105058, 0.6884807610222254]",12,5,60,10000
cpu,ptsans,2,text,size_advance,12,5246,complete_us,current,final,5012.376708,5017.517333,5009.21,5031.074625,12.098833500000183,"[-2.048707999999351, 33.81962550000026]",0.24183644036825935,"[-0.041046888448309504, 0.6884012651727667]",12,5,60,10000
cpu,ptsans,2,text,size_advance,12,5246,draw_us,current,route,5011.7604169999995,5064.62675,5008.604166499999,5062.86975,52.093624999999975,"[30.52604199999996, 66.30737500000032]",1.0568074021727547,"[0.6066676658131431, 1.3281601162715262]",12,5,60,10000
cpu,ptsans,2,text,size_advance,12,5246,submit_us,current,route,5012.361000000001,5065.345666499999,5009.190833,5063.597374999999,52.1074579999995,"[30.519334000000526, 66.50533350000023]",1.0569496693148994,"[0.6064684650559093, 1.331966575689636]",12,5,60,10000
cpu,ptsans,2,text,size_advance,12,5246,complete_us,current,route,5012.376708,5065.371499999999,5009.21,5063.6198335,52.10416650000025,"[30.521041999999852, 66.51045849999991]",1.0568765201960373,"[0.6064997363725344, 1.3320632901214102]",12,5,60,10000
cpu,ptsans,2,text,size_advance,12,5246,draw_us,route,final,5064.62675,5016.821125,5062.86975,5030.46875,-36.48774999999978,"[-58.33854149999979, -8.216875000000073]",-0.7300628578335022,"[-1.1512636603414894, -0.1654331492235317]",12,5,60,10000
cpu,ptsans,2,text,size_advance,12,5246,submit_us,route,final,5065.345666499999,5017.5034165,5063.597374999999,5031.050333499999,-36.4878749999998,"[-58.41325000000006, -8.27599999999984]",-0.7299720505505147,"[-1.152589861144948, -0.1665808001187319]",12,5,60,10000
cpu,ptsans,2,text,size_advance,12,5246,complete_us,route,final,5065.371499999999,5017.517333,5063.6198335,5031.074625,-36.489500000000135,"[-58.413332999999966, -8.279458499999691]",-0.7300026856451036,"[-1.1525868663181393, -0.16665318944959484]",12,5,60,10000
cpu,ptsans,2,text,size_return,12,0,draw_us,master,current,265.3160415,264.130125,266.86304199999995,264.643875,-1.4427914999999985,"[-2.7484169999999892, 1.3296665000000019]",-0.5402124178654988,"[-1.033465191613081, 0.49598047801802103]",12,5,60,10000
cpu,ptsans,2,text,size_return,12,0,submit_us,master,current,265.71695850000003,264.522375,267.2535415,265.020667,-1.4687085000000195,"[-2.7640829999999994, 1.303625000000011]",-0.5490916737042384,"[-1.0377558527485453, 0.48560320477342156]",12,5,60,10000
cpu,ptsans,2,text,size_return,12,0,complete_us,master,current,265.746542,264.545125,267.281375,265.03975,-1.4671255000000372,"[-2.7639164999999934, 1.2932084999999915]",-0.5484628232389821,"[-1.0376180525915324, 0.48165998586469083]",12,5,60,10000
cpu,ptsans,2,text,size_return,12,0,draw_us,master,final,265.3160415,267.9375,266.86304199999995,268.56591649999996,2.296958000000018,"[-1.1701669999999922, 5.965375000000023]",0.8565603943355593,"[-0.44600167509404876, 2.261243336460028]",12,5,60,10000
cpu,ptsans,2,text,size_return,12,0,submit_us,master,final,265.71695850000003,268.3315,267.2535415,268.965167,2.2621665000000064,"[-1.203249999999997, 5.944666499999997]",0.8422834981094307,"[-0.45795175631372365, 2.252229818785123]",12,5,60,10000
cpu,ptsans,2,text,size_return,12,0,complete_us,master,final,265.746542,268.338458,267.281375,268.9860415,2.2605000000000075,"[-1.2015834999999981, 5.937708499999999]",0.8415997468643743,"[-0.4572307005592857, 2.2547509468058946]",12,5,60,10000
cpu,ptsans,2,text,size_return,12,0,draw_us,master,route,265.3160415,266.3367915,266.86304199999995,266.7170415,-0.3664579999999944,"[-3.1788749999999766, 3.5989999999999895]",-0.1368690912688708,"[-1.182451056174133, 1.3750255000059552]",12,5,60,10000
cpu,ptsans,2,text,size_return,12,0,submit_us,master,route,265.71695850000003,266.72054149999997,267.2535415,267.1024585,-0.3803335000000061,"[-3.2015419999999892, 3.609374499999987]",-0.14188062750120078,"[-1.1890569140496299, 1.3767351713041331]",12,5,60,10000
cpu,ptsans,2,text,size_return,12,0,complete_us,master,route,265.746542,266.7447915,267.281375,267.12504149999995,-0.3785415000000114,"[-3.198042000000015, 3.6059164999999638]",-0.14113051597745563,"[-1.1876696285659738, 1.3752725325041015]",12,5,60,10000
cpu,ptsans,2,text,size_return,12,0,draw_us,current,final,264.130125,267.9375,264.643875,268.56591649999996,4.029500000000013,"[-0.28808349999999905, 5.128415999999987]",1.5019701846652134,"[-0.1068334629496237, 1.9442243589947394]",12,5,60,10000
cpu,ptsans,2,text,size_return,12,0,submit_us,current,final,264.522375,268.3315,265.020667,268.965167,4.0207499999999925,"[-0.28466649999998594, 5.143916500000017]",1.508035059222812,"[-0.10538296421160886, 1.9473263819848041]",12,5,60,10000
cpu,ptsans,2,text,size_return,12,0,complete_us,current,final,264.545125,268.338458,265.03975,268.9860415,4.0120000000000005,"[-0.2967919999999822, 5.140625]",1.5045811614873394,"[-0.10996070045075634, 1.9458970740164006]",12,5,60,10000
cpu,ptsans,2,text,size_return,12,0,draw_us,current,route,264.130125,266.3367915,264.643875,266.7170415,0.7933334999999886,"[-2.086624499999999, 2.6892085000000066]",0.29760520390775813,"[-0.7840097494088427, 1.0139417165141107]",12,5,60,10000
cpu,ptsans,2,text,size_return,12,0,submit_us,current,route,264.522375,266.72054149999997,265.020667,267.1024585,0.7897914999999784,"[-2.096916499999992, 2.6996665000000064]",0.29588350548683806,"[-0.7867070134627341, 1.0164617573366286]",12,5,60,10000
cpu,ptsans,2,text,size_return,12,0,complete_us,current,route,264.545125,266.7447915,265.03975,267.12504149999995,0.7811670000000106,"[-2.090000000000032, 2.706666499999983]",0.29263770329261973,"[-0.7840710661112915, 1.0190211927533444]",12,5,60,10000
cpu,ptsans,2,text,size_return,12,0,draw_us,route,final,266.3367915,267.9375,266.7170415,268.56591649999996,2.3333749999999895,"[0.5537915000000169, 4.039833000000002]",0.8708097493753897,"[0.20604999097338927, 1.5647232824906987]",12,5,60,10000
cpu,ptsans,2,text,size_return,12,0,submit_us,route,final,266.72054149999997,268.3315,267.1024585,268.965167,2.336708499999986,"[0.5642495000000167, 4.036417000000014]",0.8707790514047575,"[0.20964738243031134, 1.5610725191529395]",12,5,60,10000
cpu,ptsans,2,text,size_return,12,0,complete_us,route,final,266.7447915,268.338458,267.12504149999995,268.9860415,2.3401665000000094,"[0.5711665000000039, 4.027750000000012]",0.8720095594658361,"[0.21219687219552474, 1.5576076495687041]",12,5,60,10000
cpu,ptsans,2,text,warm,30,0,draw_us,master,current,249.5812665,250.564583,249.7861335,250.2500335,-0.04518349999999316,"[-0.7360670000000056, 1.0805499999999881]",-0.017871788376305764,"[-0.29733220472119015, 0.4338900203808449]",12,5,60,10000
cpu,ptsans,2,text,warm,30,0,submit_us,master,current,249.87778350000002,250.84165,250.0743,250.5313,0.1257335000000097,"[-0.7652330000000092, 1.0556504999999845]",0.050500554581622836,"[-0.30858600587213014, 0.42340960168062436]",12,5,60,10000
cpu,ptsans,2,text,warm,30,0,complete_us,master,current,249.9007335,250.8603665,250.095867,250.5535665,0.1215660000000156,"[-0.7680330000000168, 1.0541999999999945]",0.04884277626332478,"[-0.3096486969474954, 0.4227978473891003]",12,5,60,10000
cpu,ptsans,2,text,warm,30,0,draw_us,master,final,249.5812665,252.97224999999997,249.7861335,253.2646,1.7276834999999977,"[0.0063164999999969496, 5.0806164999999766]",0.6894894952962027,"[0.0027325523901056137, 2.0173386613324795]",12,5,60,10000
cpu,ptsans,2,text,warm,30,0,submit_us,master,final,249.87778350000002,253.28473300000002,250.0743,253.56315,1.7368334999999888,"[-0.012516500000018027, 5.079333500000018]",0.692349944238535,"[-0.004778611815509093, 2.0142985330905527]",12,5,60,10000
cpu,ptsans,2,text,warm,30,0,complete_us,master,final,249.9007335,253.3083835,250.095867,253.5804835,1.7402335000000022,"[-0.01603300000000729, 5.082067000000009]",0.6936646467057384,"[-0.006173902518757934, 2.0152373716802674]",12,5,60,10000
cpu,ptsans,2,text,warm,30,0,draw_us,master,route,249.5812665,251.7312335,249.7861335,252.384033,1.6618335000000002,"[-1.0243329999999986, 3.918766000000005]",0.6630849384098414,"[-0.4043132034638963, 1.5790442057408316]",12,5,60,10000
cpu,ptsans,2,text,warm,30,0,submit_us,master,route,249.87778350000002,252.038117,250.0743,252.66598349999998,1.6617999999999995,"[-1.0505500000000154, 3.900716999999986]",0.6623191566539233,"[-0.41414570671748363, 1.569858943609903]",12,5,60,10000
cpu,ptsans,2,text,warm,30,0,complete_us,master,route,249.9007335,252.0611,250.095867,252.690217,1.659000000000006,"[-1.0492835000000156, 3.9034169999999904]",0.6611545756879167,"[-0.4136147387943767, 1.5708172841301882]",12,5,60,10000
cpu,ptsans,2,text,warm,30,0,draw_us,current,final,250.564583,252.97224999999997,250.2500335,253.2646,3.0326334999999887,"[0.802133000000012, 3.5791329999999846]",1.2037823768114797,"[0.3180994636165835, 1.4205988537445702]",12,5,60,10000
cpu,ptsans,2,text,warm,30,0,submit_us,current,final,250.84165,253.28473300000002,250.5313,253.56315,3.0331669999999917,"[0.8069334999999853, 3.5811000000000064]",1.2087504379706626,"[0.3196209168263464, 1.4166616682275812]",12,5,60,10000
cpu,ptsans,2,text,warm,30,0,complete_us,current,final,250.8603665,253.3083835,250.5535665,253.5804835,3.031066999999993,"[0.8075834999999927, 3.583983500000002]",1.2091693000836679,"[0.3198525162388166, 1.417719400780415]",12,5,60,10000
cpu,ptsans,2,text,warm,30,0,draw_us,current,route,250.564583,251.7312335,250.2500335,252.384033,2.0597330000000085,"[-1.2049334999999957, 3.1631665000000027]",0.8217550026496157,"[-0.47837623416681074, 1.2693318469643722]",12,5,60,10000
cpu,ptsans,2,text,warm,30,0,submit_us,current,route,250.84165,252.038117,250.5313,252.66598349999998,2.060266999999996,"[-1.2125170000000054, 3.0875000000000057]",0.8210331667865556,"[-0.4764483165602629, 1.236578454552817]",12,5,60,10000
cpu,ptsans,2,text,warm,30,0,complete_us,current,route,250.8603665,252.0611,250.5535665,252.690217,2.06448300000001,"[-1.2042505000000006, 3.0881669999999986]",0.8226622801080441,"[-0.473948316297107, 1.2367549617755547]",12,5,60,10000
cpu,ptsans,2,text,warm,30,0,draw_us,route,final,251.7312335,252.97224999999997,252.384033,253.2646,0.08396700000000124,"[-0.32073400000001584, 1.5874834999999905]",0.033351123884128864,"[-0.12504097303628336, 0.6291868057301087]",12,5,60,10000
cpu,ptsans,2,text,warm,30,0,submit_us,route,final,252.038117,253.28473300000002,252.66598349999998,253.56315,0.09248299999998721,"[-0.314565999999985, 1.6138665000000003]",0.036680230685992576,"[-0.12247733378714654, 0.6389319182394493]",12,5,60,10000
cpu,ptsans,2,text,warm,30,0,complete_us,route,final,252.0611,253.3083835,252.690217,253.5804835,0.0965334999999925,"[-0.3138994999999767, 1.610449999999986]",0.0382921837747463,"[-0.1222293520151796, 0.637513800988887]",12,5,60,10000
cpu,ptsans,2,text,x_advance,10,614,draw_us,master,current,423.37495,357.72715,423.852,357.65840000000003,-64.96445,"[-69.8939, -62.53104999999999]",-15.49748887403073,"[-16.633540382974957, -14.667173686932806]",12,5,60,10000
cpu,ptsans,2,text,x_advance,10,614,submit_us,master,current,423.73545,358.11685,424.21680000000003,358.05415000000005,-64.92065000000002,"[-69.92095, -62.529049999999984]",-15.474046115300222,"[-16.623420720767335, -14.65338303526617]",12,5,60,10000
cpu,ptsans,2,text,x_advance,10,614,complete_us,master,current,423.76035,358.146,424.24170000000004,358.07305,-64.91844999999998,"[-69.92105000000001, -62.52069999999998]",-15.473026222364322,"[-16.622633077198028, -14.650637979578413]",12,5,60,10000
cpu,ptsans,2,text,x_advance,10,614,draw_us,master,final,423.37495,360.1979,423.852,360.69169999999997,-64.49360000000001,"[-66.37290000000002, -61.4521]",-15.166053640245048,"[-15.551612715897056, -14.652079314746992]",12,5,60,10000
cpu,ptsans,2,text,x_advance,10,614,submit_us,master,final,423.73545,360.5605,424.21680000000003,361.0459,-64.50824999999998,"[-66.27270000000001, -61.45425000000003]",-15.154506877428059,"[-15.544037883420113, -14.641195239399263]",12,5,60,10000
cpu,ptsans,2,text,x_advance,10,614,complete_us,master,final,423.76035,360.5854,424.24170000000004,361.07295,-64.50210000000001,"[-66.27705000000003, -61.4563]",-15.152381945583208,"[-15.545160374439089, -14.64043990635488]",12,5,60,10000
cpu,ptsans,2,text,x_advance,10,614,draw_us,master,route,423.37495,359.52705000000003,423.852,361.18125,-63.56645,"[-67.22710000000001, -60.44999999999999]",-15.162707191678882,"[-15.759345538297197, -14.29506657852454]",12,5,60,10000
cpu,ptsans,2,text,x_advance,10,614,submit_us,master,route,423.73545,359.90004999999996,424.21680000000003,361.5625,-63.57910000000001,"[-67.23115000000001, -60.41020000000003]",-15.152674025568686,"[-15.749447284923772, -14.278315384533352]",12,5,60,10000
cpu,ptsans,2,text,x_advance,10,614,complete_us,master,route,423.76035,359.92494999999997,424.24170000000004,361.5833,-63.57910000000001,"[-67.22694999999999, -60.420799999999986]",-15.151920820865879,"[-15.748127755561242, -14.277675631197518]",12,5,60,10000
cpu,ptsans,2,text,x_advance,10,614,draw_us,current,final,357.72715,360.1979,357.65840000000003,360.69169999999997,3.3311999999999955,"[-2.1854000000000156, 6.529149999999987]",0.9430528505657954,"[-0.6127822579526987, 1.8405249268423907]",12,5,60,10000
cpu,ptsans,2,text,x_advance,10,614,submit_us,current,final,358.11685,360.5605,358.05415000000005,361.0459,3.2853000000000065,"[-2.200099999999992, 6.520900000000012]",0.9289629627870388,"[-0.6163909169412507, 1.8361259000690966]",12,5,60,10000
cpu,ptsans,2,text,x_advance,10,614,complete_us,current,final,358.146,360.5854,358.07305,361.07295,3.283249999999981,"[-2.2041499999999985, 6.520849999999967]",0.9283064112298178,"[-0.6174540078119906, 1.8359946273952765]",12,5,60,10000
cpu,ptsans,2,text,x_advance,10,614,draw_us,current,route,357.72715,359.52705000000003,357.65840000000003,361.18125,2.900049999999993,"[0.7333500000000015, 6.398149999999987]",0.8082875248523913,"[0.2033975813199529, 1.8154194520202949]",12,5,60,10000
cpu,ptsans,2,text,x_advance,10,614,submit_us,current,route,358.11685,359.90004999999996,358.05415000000005,361.5625,2.918750000000017,"[0.7125000000000057, 6.393850000000015]",0.8125752237333583,"[0.19723539717779737, 1.812282097771023]",12,5,60,10000
cpu,ptsans,2,text,x_advance,10,614,complete_us,current,route,358.146,359.92494999999997,358.07305,361.5833,2.9061000000000092,"[0.7144999999999868, 6.394100000000009]",0.809030601923888,"[0.19779643486318443, 1.8122385735684032]",12,5,60,10000
cpu,ptsans,2,text,x_advance,10,614,draw_us,route,final,359.52705000000003,360.1979,361.18125,360.69169999999997,0.25209999999998445,"[-1.4897000000000276, 1.9561999999999955]",0.07263431930605302,"[-0.42398813622506193, 0.5451616565471995]",12,5,60,10000
cpu,ptsans,2,text,x_advance,10,614,submit_us,route,final,359.90004999999996,360.5605,361.5625,361.0459,0.341700000000003,"[-1.506450000000001, 1.9476999999999975]",0.09420334071882364,"[-0.42819452070602115, 0.5422577525900918]",12,5,60,10000
cpu,ptsans,2,text,x_advance,10,614,complete_us,route,final,359.92494999999997,360.5854,361.5833,361.07295,0.35214999999999463,"[-1.5042500000000132, 1.9478499999999883]",0.09708635449821035,"[-0.4275798881180237, 0.5422881139235503]",12,5,60,10000
cpu,ptsans,2,text,x_return,10,0,draw_us,master,current,255.4333,255.97500000000002,256.32079999999996,255.46245,-4.999999998744897e-05,"[-1.5624499999999983, 2.458200000000005]",0.0008753742526790287,"[-0.6168255041506865, 0.9944524963244827]",12,5,60,10000
cpu,ptsans,2,text,x_return,10,0,submit_us,master,current,255.7856,256.327,256.6667,255.79365,-0.018950000000003797,"[-1.5498000000000047, 2.4707500000000095]",-0.006565329098257022,"[-0.6093434116388241, 0.9981817254703151]",12,5,60,10000
cpu,ptsans,2,text,x_return,10,0,complete_us,master,current,255.81045,256.3479,256.69375,255.8062,-0.037549999999981765,"[-1.5478499999999968, 2.474800000000002]",-0.013806441909347544,"[-0.6092875371168982, 0.9997426587758262]",12,5,60,10000
cpu,ptsans,2,text,x_return,10,0,draw_us,master,final,255.4333,258.64995,256.32079999999996,258.67719999999997,1.872950000000003,"[-0.041550000000000864, 3.9937500000000057]",0.7407800852825441,"[-0.015180087250316054, 1.5567200175394924]",12,5,60,10000
cpu,ptsans,2,text,x_return,10,0,submit_us,master,final,255.7856,258.9833,256.6667,259.0106,1.8624499999999955,"[-0.04999999999998295, 3.9750999999999976]",0.7356050531650227,"[-0.0183707390419785, 1.5473683608719813]",12,5,60,10000
cpu,ptsans,2,text,x_return,10,0,complete_us,master,final,255.81045,259.0083,256.69375,259.03135,1.8563500000000062,"[-0.05619999999996139, 3.9770499999999913]",0.7331472603551492,"[-0.02081073718576687, 1.5480194974870187]",12,5,60,10000
cpu,ptsans,2,text,x_return,10,0,draw_us,master,route,255.4333,258.4979,256.32079999999996,258.51025000000004,1.185450000000003,"[-0.4435500000000161, 3.1416500000000127]",0.47485686465206234,"[-0.17299206697145575, 1.2412583196272364]",12,5,60,10000
cpu,ptsans,2,text,x_return,10,0,submit_us,master,route,255.7856,258.83545,256.6667,258.8437,1.1896500000000145,"[-0.4499500000000154, 3.131399999999985]",0.4759350923139616,"[-0.17523864890719998, 1.23554466916731]",12,5,60,10000
cpu,ptsans,2,text,x_return,10,0,complete_us,master,route,255.81045,258.8521,256.69375,258.86035000000004,1.1834500000000077,"[-0.4436499999999768, 3.127200000000002]",0.47353668459945153,"[-0.1727914544128739, 1.2337781648122936]",12,5,60,10000
cpu,ptsans,2,text,x_return,10,0,draw_us,current,final,255.97500000000002,258.64995,255.46245,258.67719999999997,1.237550000000013,"[-0.9791500000000042, 5.18334999999999]",0.48443814329909296,"[-0.3750392222410248, 2.049409389261614]",12,5,60,10000
cpu,ptsans,2,text,x_return,10,0,submit_us,current,final,256.327,258.9833,255.79365,259.0106,1.2605500000000092,"[-0.9750000000000227, 5.137450000000001]",0.49280126973230143,"[-0.37297826897241815, 2.0282078444151863]",12,5,60,10000
cpu,ptsans,2,text,x_return,10,0,complete_us,current,final,256.3479,259.0083,255.8062,259.03135,1.2646500000000032,"[-0.9770499999999913, 5.139649999999989]",0.4943805712419924,"[-0.3737349321711714, 2.028948703055522]",12,5,60,10000
cpu,ptsans,2,text,x_return,10,0,draw_us,current,route,255.97500000000002,258.4979,255.46245,258.51025000000004,1.2771999999999935,"[-0.6895999999999987, 3.2144500000000136]",0.4984428404155361,"[-0.27718954157486264, 1.2650284168417292]",12,5,60,10000
cpu,ptsans,2,text,x_return,10,0,submit_us,current,route,256.327,258.83545,255.79365,258.8437,1.2749000000000024,"[-0.6727000000000061, 3.181350000000009]",0.4985320783577385,"[-0.27037253008926343, 1.2500832345913038]",12,5,60,10000
cpu,ptsans,2,text,x_return,10,0,complete_us,current,route,256.3479,258.8521,255.8062,258.86035000000004,1.2835000000000036,"[-0.6686499999999853, 3.181299999999993]",0.501844482716407,"[-0.26876307128362864, 1.249953877759158]",12,5,60,10000
cpu,ptsans,2,text,x_return,10,0,draw_us,route,final,258.4979,258.64995,258.51025000000004,258.67719999999997,-0.34789999999998145,"[-0.9146500000000231, 1.9665999999999713]",-0.13783556610926784,"[-0.3512305655866521, 0.7595435712241527]",12,5,60,10000
cpu,ptsans,2,text,x_return,10,0,submit_us,route,final,258.83545,258.9833,258.8437,259.0106,-0.341700000000003,"[-0.9145000000000039, 1.9790999999999883]",-0.1353070552340241,"[-0.35075787157953786, 0.7634013888512925]",12,5,60,10000
cpu,ptsans,2,text,x_return,10,0,complete_us,route,final,258.8521,259.0083,258.86035000000004,259.03135,-0.34789999999998145,"[-0.9147499999999695, 1.9728999999999814]",-0.13779400649122087,"[-0.3508260505356964, 0.7609350471421195]",12,5,60,10000
cpu,ptsans,2,text,y_advance,10,0,draw_us,master,current,251.73340000000002,250.90834999999998,251.93975,250.07305,-0.7228999999999957,"[-1.629099999999994, 0.6021499999999946]",-0.2896025785397327,"[-0.6455467076855403, 0.23836217199028065]",12,5,60,10000
cpu,ptsans,2,text,y_advance,10,0,submit_us,master,current,252.0481,251.20635,252.2666,250.38145,-0.7436500000000166,"[-1.6457500000000067, 0.5792000000000002]",-0.2966794947553919,"[-0.6512815200916677, 0.228993584991255]",12,5,60,10000
cpu,ptsans,2,text,y_advance,10,0,complete_us,master,current,252.06889999999999,251.2231,252.2917,250.4023,-0.7477499999999964,"[-1.6456499999999892, 0.5896000000000043]",-0.2975777035428451,"[-0.651220049380824, 0.23307216966039768]",12,5,60,10000
cpu,ptsans,2,text,y_advance,10,0,draw_us,master,final,251.73340000000002,252.8521,251.93975,253.84395,0.6897500000000036,"[-1.975049999999996, 4.104199999999992]",0.2728984491935815,"[-0.8011247656380782, 1.6214288738914728]",12,5,60,10000
cpu,ptsans,2,text,y_advance,10,0,submit_us,master,final,252.0481,253.1771,252.2666,254.1585,0.6773000000000025,"[-1.9917000000000087, 4.11460000000001]",0.2676229580316214,"[-0.8068382802058571, 1.6234386866918027]",12,5,60,10000
cpu,ptsans,2,text,y_advance,10,0,complete_us,master,final,252.06889999999999,253.2,252.2917,254.1814,0.6751000000000005,"[-1.9832999999999856, 4.116799999999984]",0.2667424046561395,"[-0.8033959412780456, 1.6241698472928667]",12,5,60,10000
cpu,ptsans,2,text,y_advance,10,0,draw_us,master,route,251.73340000000002,253.3126,251.93975,253.3126,1.4665999999999855,"[-0.5415500000000009, 2.347999999999999]",0.5814717228241006,"[-0.21448145413657804, 0.9283774117874399]",12,5,60,10000
cpu,ptsans,2,text,y_advance,10,0,submit_us,master,route,252.0481,253.6104,252.2666,253.6104,1.472999999999999,"[-0.5501500000000021, 2.3292499999999876]",0.583352358042466,"[-0.2176559962426161, 0.9197657267745463]",12,5,60,10000
cpu,ptsans,2,text,y_advance,10,0,complete_us,master,route,252.06889999999999,253.6334,252.2917,253.6334,1.4708500000000129,"[-0.5416999999999916, 2.339649999999992]",0.5824436125168697,"[-0.21426005995620057, 0.923809338689896]",12,5,60,10000
cpu,ptsans,2,text,y_advance,10,0,draw_us,current,final,250.90834999999998,252.8521,250.07305,253.84395,2.2790999999999997,"[-1.3186500000000052, 3.570850000000007]",0.900306831882447,"[-0.5240551440172825, 1.4303260671946205]",12,5,60,10000
cpu,ptsans,2,text,y_advance,10,0,submit_us,current,final,251.20635,253.1771,250.38145,254.1585,2.2896000000000214,"[-1.3063000000000073, 3.5939499999999924]",0.9033854106548334,"[-0.5185165617621057, 1.437672190964634]",12,5,60,10000
cpu,ptsans,2,text,y_advance,10,0,complete_us,current,final,251.2231,253.2,250.4023,254.1814,2.2749999999999915,"[-1.3040999999999912, 3.591799999999978]",0.8975058878202269,"[-0.5176725637445478, 1.4341593480506898]",12,5,60,10000
cpu,ptsans,2,text,y_advance,10,0,draw_us,current,route,250.90834999999998,253.3126,250.07305,253.3126,2.5622499999999917,"[0.04385000000000616, 4.416749999999993]",1.022677383708237,"[0.018250874707032017, 1.7642603897524811]",12,5,60,10000
cpu,ptsans,2,text,y_advance,10,0,submit_us,current,route,251.20635,253.6104,250.38145,253.6104,2.570700000000002,"[0.05195000000000505, 4.425149999999988]",1.0272820082161238,"[0.02142007991914885, 1.7655432858210918]",12,5,60,10000
cpu,ptsans,2,text,y_advance,10,0,complete_us,current,route,251.2231,253.6334,250.4023,253.6334,2.568550000000002,"[0.05004999999999882, 4.429299999999998]",1.027157002318524,"[0.02067153480828643, 1.7670741324451456]",12,5,60,10000
cpu,ptsans,2,text,y_advance,10,0,draw_us,route,final,253.3126,252.8521,253.3126,253.84395,-0.3060999999999865,"[-3.1499500000000182, 2.645700000000005]",-0.117110353269545,"[-1.2454735912006298, 1.0457726503602105]",12,5,60,10000
cpu,ptsans,2,text,y_advance,10,0,submit_us,route,final,253.6104,253.1771,253.6104,254.1585,-0.29565000000000907,"[-3.13539999999999, 2.6435500000000047]",-0.11280827479608346,"[-1.2381290657664024, 1.043569840317482]",12,5,60,10000
cpu,ptsans,2,text,y_advance,10,0,complete_us,route,final,253.6334,253.2,253.6334,254.1814,-0.3039500000000146,"[-3.124849999999995, 2.6414999999999935]",-0.11606767914825733,"[-1.2339461119403317, 1.0426766848172453]",12,5,60,10000
cpu,stock,2,demo,first_paint,1,262,draw_us,master,current,1489.333,1466.7505,1484.979,1463.4795,-15.707499999999982,"[-37.33349999999996, 6.041499999999928]",-1.0529586683631353,"[-2.5503357493700305, 0.44732013444280794]",12,5,60,10000
cpu,stock,2,demo,first_paint,1,262,submit_us,master,current,1491.521,1468.9585,1487.083,1465.6665,-15.666500000000042,"[-37.35450000000003, 6.10349999999994]",-1.0487017661651332,"[-2.5482064271830698, 0.45053873861853333]",12,5,60,10000
cpu,stock,2,demo,first_paint,1,262,complete_us,master,current,1491.521,1468.9795,1487.104,1465.7085,-15.666500000000042,"[-37.375000000000114, 6.08299999999997]",-1.0486705925243922,"[-2.5495737503270943, 0.44904596759954285]",12,5,60,10000
cpu,stock,2,demo,first_paint,1,262,draw_us,master,final,1489.333,1407.6665,1484.979,1408.3125,-80.0,"[-96.51999999999998, -61.8125]",-5.436192664735395,"[-6.468134343632636, -4.2476067473131485]",12,5,60,10000
cpu,stock,2,demo,first_paint,1,262,submit_us,master,final,1491.521,1409.792,1487.083,1410.271,-80.14599999999996,"[-96.49950000000013, -61.68700000000001]",-5.433084262096305,"[-6.45774597483284, -4.23284000921042]",12,5,60,10000
cpu,stock,2,demo,first_paint,1,262,complete_us,master,final,1491.521,1409.792,1487.104,1410.292,-80.14549999999997,"[-96.52049999999997, -61.708000000000084]",-5.434409977133619,"[-6.458974816067892, -4.23423582988332]",12,5,60,10000
cpu,stock,2,demo,first_paint,1,262,draw_us,master,route,1489.333,1421.3125,1484.979,1421.6665,-47.47849999999994,"[-72.8325000000001, -36.125]",-3.2304435984018385,"[-4.896014301381435, -2.4553096544696897]",12,5,60,10000
cpu,stock,2,demo,first_paint,1,262,submit_us,master,route,1491.521,1423.313,1487.083,1423.8335,-47.43700000000001,"[-72.74950000000013, -35.520500000000084]",-3.2257440280377523,"[-4.883667246648482, -2.43436059300276]",12,5,60,10000
cpu,stock,2,demo,first_paint,1,262,complete_us,master,route,1491.521,1423.3335,1487.104,1423.8335,-47.437000000000126,"[-72.74950000000013, -35.562000000000126]",-3.225694684869529,"[-4.883570105966906, -2.4356615105200543]",12,5,60,10000
cpu,stock,2,demo,first_paint,1,262,draw_us,current,final,1466.7505,1407.6665,1463.4795,1408.3125,-56.54200000000003,"[-85.4375, -43.22900000000004]",-3.943029786246538,"[-5.755782069435073, -3.011275272936842]",12,5,60,10000
cpu,stock,2,demo,first_paint,1,262,submit_us,current,final,1468.9585,1409.792,1465.6665,1410.271,-56.666000000000054,"[-85.64549999999997, -43.24950000000001]",-3.945980021569473,"[-5.760946994818688, -3.0085363527078632]",12,5,60,10000
cpu,stock,2,demo,first_paint,1,262,complete_us,current,final,1468.9795,1409.792,1465.7085,1410.292,-56.66649999999993,"[-85.64550000000008, -43.27049999999997]",-3.945890099805421,"[-5.760861630794656, -3.009932051096392]",12,5,60,10000
cpu,stock,2,demo,first_paint,1,262,draw_us,current,route,1466.7505,1421.3125,1463.4795,1421.6665,-33.14599999999996,"[-49.041000000000054, -27.47849999999994]",-2.2857163393028737,"[-3.3499109200433805, -1.9001585147642885]",12,5,60,10000
cpu,stock,2,demo,first_paint,1,262,submit_us,current,route,1468.9585,1423.313,1465.6665,1423.8335,-33.041000000000054,"[-49.103500000000054, -27.39549999999997]",-2.27110774489942,"[-3.348523238045309, -1.8913531289515728]",12,5,60,10000
cpu,stock,2,demo,first_paint,1,262,complete_us,current,route,1468.9795,1423.3335,1465.7085,1423.8335,-33.0625,"[-49.103500000000054, -27.395500000000084]",-2.2710569802012195,"[-3.3483528302777676, -1.8912567677640435]",12,5,60,10000
cpu,stock,2,demo,first_paint,1,262,draw_us,route,final,1421.3125,1407.6665,1421.6665,1408.3125,-14.4375,"[-41.41650000000004, -8.375]",-1.0146080237675936,"[-2.8957459900191607, -0.6033973470470355]",12,5,60,10000
cpu,stock,2,demo,first_paint,1,262,submit_us,route,final,1423.313,1409.792,1423.8335,1410.271,-14.521000000000072,"[-41.979499999999916, -8.458000000000084]",-1.0189349593854924,"[-2.9302232677989206, -0.6086136329365222]",12,5,60,10000
cpu,stock,2,demo,first_paint,1,262,complete_us,route,final,1423.3335,1409.792,1423.8335,1410.292,-14.499499999999898,"[-41.979499999999916, -8.458499999999958]",-1.0174056058911807,"[-2.9301837183416057, -0.6086408422262046]",12,5,60,10000
cpu,stock,2,demo,pan,10,0,draw_us,master,current,220.69795,221.00825,220.25615,220.39385,-0.6396500000000174,"[-1.0269999999999868, 2.4604500000000087]",-0.2961637805923345,"[-0.4688606690629815, 1.1032393140338326]",12,5,60,10000
cpu,stock,2,demo,pan,10,0,submit_us,master,current,222.40415000000002,222.72695,221.99165,222.12285,-0.7145500000000169,"[-1.022750000000002, 2.452050000000014]",-0.3234104494566292,"[-0.4563906602449763, 1.0910600557294425]",12,5,60,10000
cpu,stock,2,demo,pan,10,0,complete_us,master,current,222.42079999999999,222.7499,222.01665,222.1479,-0.7166499999999871,"[-1.0228999999999928, 2.4582500000000067]",-0.3224810857919147,"[-0.4564511193690224, 1.093698206303395]",12,5,60,10000
cpu,stock,2,demo,pan,10,0,draw_us,master,final,220.69795,221.96255000000002,220.25615,222.06459999999998,0.5455499999999915,"[0.07920000000000016, 2.650049999999993]",0.2489665747023695,"[0.03603881492285632, 1.2166811323930493]",12,5,60,10000
cpu,stock,2,demo,pan,10,0,submit_us,master,final,222.40415000000002,223.7626,221.99165,223.7626,0.8852999999999867,"[0.07895000000000607, 2.645799999999994]",0.39866628561485706,"[0.036638942684191766, 1.2054952561057042]",12,5,60,10000
cpu,stock,2,demo,pan,10,0,complete_us,master,final,222.42079999999999,223.7813,222.01665,223.7813,0.8915999999999968,"[0.08105000000000473, 2.646000000000001]",0.4014803590867366,"[0.03760462105639739, 1.2054720993938894]",12,5,60,10000
cpu,stock,2,demo,pan,10,0,draw_us,master,route,220.69795,219.46665000000002,220.25615,219.8043,-1.0501000000000005,"[-2.9668000000000063, -0.1561500000000109]",-0.48463087684531003,"[-1.3248351974319172, -0.0710654439255276]",12,5,60,10000
cpu,stock,2,demo,pan,10,0,submit_us,master,route,222.40415000000002,221.1063,221.99165,221.47085,-0.9835500000000081,"[-3.131299999999996, -0.11870000000000402]",-0.4506144722536354,"[-1.3868281499262614, -0.05399768629997803]",12,5,60,10000
cpu,stock,2,demo,pan,10,0,complete_us,master,route,222.42079999999999,221.1312,222.01665,221.49585000000002,-0.9856499999999926,"[-3.1209499999999935, -0.10409999999998831]",-0.451526460880336,"[-1.3820955903977805, -0.047439012580491324]",12,5,60,10000
cpu,stock,2,demo,pan,10,0,draw_us,current,final,221.00825,221.96255000000002,220.39385,222.06459999999998,1.0812500000000114,"[-0.9562999999999988, 1.783149999999992]",0.49094959989716136,"[-0.4244282358098872, 0.8101475858570351]",12,5,60,10000
cpu,stock,2,demo,pan,10,0,submit_us,current,final,222.72695,223.7626,222.12285,223.7626,1.293849999999992,"[-1.0041999999999973, 1.8164000000000016]",0.580021306163736,"[-0.4421343243289022, 0.8195222225524934]",12,5,60,10000
cpu,stock,2,demo,pan,10,0,complete_us,current,final,222.7499,223.7813,222.1479,223.7813,1.289849999999987,"[-1.012599999999992, 1.8246999999999929]",0.5781743781150817,"[-0.44578360127198735, 0.8231978201314827]",12,5,60,10000
cpu,stock,2,demo,pan,10,0,draw_us,current,route,221.00825,219.46665000000002,220.39385,219.8043,-0.3627000000000038,"[-4.839749999999995, 0.43140000000001066]",-0.1648346539813883,"[-2.1501628318572275, 0.19781036236046212]",12,5,60,10000
cpu,stock,2,demo,pan,10,0,submit_us,current,route,222.72695,221.1063,222.12285,221.47085,-0.33165000000001044,"[-4.902149999999992, 0.477099999999993]",-0.14929419684205913,"[-2.160937962219939, 0.2171002748538431]",12,5,60,10000
cpu,stock,2,demo,pan,10,0,complete_us,current,route,222.7499,221.1312,222.1479,221.49585000000002,-0.3336000000000041,"[-4.9084, 0.47714999999999463]",-0.1501652406941889,"[-2.163410926524162, 0.21712743454366246]",12,5,60,10000
cpu,stock,2,demo,pan,10,0,draw_us,route,final,219.46665000000002,221.96255000000002,219.8043,222.06459999999998,2.6459999999999866,"[1.1310000000000144, 4.427050000000008]",1.2003463885410293,"[0.5198534037625713, 2.012324352253403]",12,5,60,10000
cpu,stock,2,demo,pan,10,0,submit_us,route,final,221.1063,223.7626,221.47085,223.7626,2.6168499999999995,"[1.1875500000000017, 4.593599999999981]",1.1778013672710919,"[0.5389704555554209, 2.073036390920313]",12,5,60,10000
cpu,stock,2,demo,pan,10,0,complete_us,route,final,221.1312,223.7813,221.49585000000002,223.7813,2.614549999999994,"[1.1895999999999844, 4.581150000000008]",1.1766125209428213,"[0.539919010496559, 2.067153370736652]",12,5,60,10000
cpu,stock,2,demo,warm,30,0,draw_us,master,current,218.0590335,218.6090335,217.460417,218.759017,0.6971670000000074,"[-2.37018350000001, 2.581966499999993]",0.31943943817390186,"[-1.0883515157501522, 1.1751401120272509]",12,5,60,10000
cpu,stock,2,demo,warm,30,0,submit_us,master,current,219.7146335,220.2958665,219.0868835,220.43681650000002,0.6693495000000098,"[-2.323633000000015, 2.6931504999999873]",0.30428293403885753,"[-1.0588886729607117, 1.2165692528447791]",12,5,60,10000
cpu,stock,2,demo,warm,30,0,complete_us,master,current,219.743017,220.32355,219.11599999999999,220.4576165,0.6645000000000039,"[-2.326383000000007, 2.6951164999999833]",0.30203335609134685,"[-1.060019447643834, 1.2173082565563709]",12,5,60,10000
cpu,stock,2,demo,warm,30,0,draw_us,master,final,218.0590335,216.8861335,217.460417,217.218133,-1.0757830000000013,"[-2.7625005000000016, -0.046600500000010925]",-0.4999668424343684,"[-1.2602883401303833, -0.02524730703563627]",12,5,60,10000
cpu,stock,2,demo,warm,30,0,submit_us,master,final,219.7146335,218.3958,219.0868835,218.86391650000002,-1.0403164999999888,"[-2.793766500000004, -0.017999499999987734]",-0.4801652951859414,"[-1.265009224463759, -0.012822313681337683]",12,5,60,10000
cpu,stock,2,demo,warm,30,0,complete_us,master,final,219.743017,218.42643349999997,219.11599999999999,218.8930835,-1.0514334999999875,"[-2.7854335000000106, -0.02913300000000163]",-0.48527160836575045,"[-1.2611200761877328, -0.017939618282802883]",12,5,60,10000
cpu,stock,2,demo,warm,30,0,draw_us,master,route,218.0590335,216.6437,217.460417,216.58891699999998,-1.5195000000000078,"[-3.7235835000000037, -0.11953349999998863]",-0.7006830223892146,"[-1.6916213305187167, -0.05515800004950999]",12,5,60,10000
cpu,stock,2,demo,warm,30,0,submit_us,master,route,219.7146335,218.301367,219.0868835,218.188917,-1.4881000000000029,"[-3.638216500000013, -0.1570000000000107]",-0.6810558786619181,"[-1.6403967827135435, -0.0718699591455263]",12,5,60,10000
cpu,stock,2,demo,warm,30,0,complete_us,master,route,219.743017,218.325683,219.11599999999999,218.2090665,-1.5054670000000243,"[-3.619399999999999, -0.16048299999999927]",-0.6888839660345258,"[-1.6317756135038441, -0.07345815452913795]",12,5,60,10000
cpu,stock,2,demo,warm,30,0,draw_us,current,final,218.6090335,216.8861335,218.759017,217.218133,-1.9687164999999993,"[-3.259033500000001, -0.003516500000003475]",-0.9046067692852322,"[-1.500903683163779, 0.007704022338417271]",12,5,60,10000
cpu,stock,2,demo,warm,30,0,submit_us,current,final,220.2958665,218.3958,220.43681650000002,218.86391650000002,-1.9354169999999868,"[-3.2367499999999865, 0.07505000000001871]",-0.8831975161704031,"[-1.4799765880484372, 0.04235742666263698]",12,5,60,10000
cpu,stock,2,demo,warm,30,0,complete_us,current,final,220.32355,218.42643349999997,220.4576165,218.8930835,-1.931216500000005,"[-3.2311835, 0.06669999999999732]",-0.8810601218571579,"[-1.477423935691502, 0.03859619585669938]",12,5,60,10000
cpu,stock,2,demo,warm,30,0,draw_us,current,route,218.6090335,216.6437,218.759017,216.58891699999998,-2.170100000000005,"[-3.631999999999991, -0.947916499999991]",-0.9912218302693676,"[-1.6426478027583957, -0.43165499940489016]",12,5,60,10000
cpu,stock,2,demo,warm,30,0,submit_us,current,route,220.2958665,218.301367,220.43681650000002,218.188917,-2.2478995000000026,"[-3.6834169999999915, -0.956949999999992]",-1.0189218264249622,"[-1.653660533099488, -0.4379875312871706]",12,5,60,10000
cpu,stock,2,demo,warm,30,0,complete_us,current,route,220.32355,218.325683,220.4576165,218.2090665,-2.2485499999999945,"[-3.690217000000004, -0.9548169999999914]",-1.0191310300363243,"[-1.6565314127006958, -0.436965101094422]",12,5,60,10000
cpu,stock,2,demo,warm,30,0,draw_us,route,final,216.6437,216.8861335,216.58891699999998,217.218133,0.18956649999998376,"[-1.2042165000000153, 1.9069164999999941]",0.08731520334117615,"[-0.560549126330917, 0.9041149452839181]",12,5,60,10000
cpu,stock,2,demo,warm,30,0,submit_us,route,final,218.301367,218.3958,218.188917,218.86391650000002,0.15341650000000584,"[-1.1778164999999916, 1.9583505000000088]",0.07020401427267897,"[-0.5446751712808173, 0.9204529621209989]",12,5,60,10000
cpu,stock,2,demo,warm,30,0,complete_us,route,final,218.325683,218.42643349999997,218.2090665,218.8930835,0.14439999999999031,"[-1.1681329999999832, 1.9492170000000044]",0.06608206064285249,"[-0.5402094347192521, 0.9158738106017417]",12,5,60,10000
cpu,stock,2,demo,zoom_in,12,2865,draw_us,master,current,1336.21175,1307.1927500000002,1336.8385414999998,1306.968833,-25.10058300000003,"[-31.734291999999982, -13.737749500000064]",-1.905793876764439,"[-2.3858811017307024, -1.0237199919838846]",12,5,60,10000
cpu,stock,2,demo,zoom_in,12,2865,submit_us,master,current,1337.421875,1308.40975,1338.0537915,1308.132,-25.062500499999942,"[-31.812374999999975, -13.67879199999993]",-1.901156945876492,"[-2.3895649683014994, -1.0184996826159143]",12,5,60,10000
cpu,stock,2,demo,zoom_in,12,2865,complete_us,master,current,1337.4478749999998,1308.4358750000001,1338.0780415,1308.1632915,-25.057124999999928,"[-31.81412499999999, -13.678708000000029]",-1.9007236994839416,"[-2.3896649158222094, -1.0184776172014631]",12,5,60,10000
cpu,stock,2,demo,zoom_in,12,2865,draw_us,master,final,1336.21175,1282.6945,1336.8385414999998,1285.4705414999999,-47.41320799999994,"[-62.470583499999975, -39.008749999999964]",-3.535734189944467,"[-4.701191806247362, -2.976832185652772]",12,5,60,10000
cpu,stock,2,demo,zoom_in,12,2865,submit_us,master,final,1337.421875,1283.90275,1338.0537915,1286.6597915,-47.42024950000007,"[-62.53304150000008, -38.991375500000004]",-3.5330942673185204,"[-4.705273839129969, -2.9728881236710194]",12,5,60,10000
cpu,stock,2,demo,zoom_in,12,2865,complete_us,master,final,1337.4478749999998,1283.921875,1338.0780415,1286.6823749999999,-47.42712499999993,"[-62.532833499999924, -38.9982500000001]",-3.5335333696448146,"[-4.704675258289182, -2.9733680676853003]",12,5,60,10000
cpu,stock,2,demo,zoom_in,12,2865,draw_us,master,route,1336.21175,1303.4272085,1336.8385414999998,1307.3002915,-31.092083500000058,"[-38.972125000000005, -22.557166499999994]",-2.336725561577724,"[-2.90591624661391, -1.7388498341247727]",12,5,60,10000
cpu,stock,2,demo,zoom_in,12,2865,submit_us,master,route,1337.421875,1304.5625420000001,1338.0537915,1308.500125,-31.173416500000144,"[-39.09020799999996, -22.585083499999882]",-2.3406612891321177,"[-2.912005924918859, -1.739425862686761]",12,5,60,10000
cpu,stock,2,demo,zoom_in,12,2865,complete_us,master,route,1337.4478749999998,1304.5816665,1338.0780415,1308.5121669999999,-31.157790999999975,"[-39.09008349999988, -22.59375]",-2.339468056248778,"[-2.9119422811388516, -1.7400665520358183]",12,5,60,10000
cpu,stock,2,demo,zoom_in,12,2865,draw_us,current,final,1307.1927500000002,1282.6945,1306.968833,1285.4705414999999,-16.944375000000036,"[-37.076458, -11.673916999999847]",-1.3209167957902612,"[-2.8512425710402303, -0.9036793281888278]",12,5,60,10000
cpu,stock,2,demo,zoom_in,12,2865,submit_us,current,final,1308.40975,1283.90275,1308.132,1286.6597915,-16.965208500000017,"[-37.07658349999997, -11.720666499999993]",-1.321304357153824,"[-2.8487716030402233, -0.9064859165704375]",12,5,60,10000
cpu,stock,2,demo,zoom_in,12,2865,complete_us,current,final,1308.4358750000001,1283.921875,1308.1632915,1286.6823749999999,-16.968666499999927,"[-37.07825000000014, -11.731166500000086]",-1.3215437443689249,"[-2.8488385591592778, -0.9072851278319416]",12,5,60,10000
cpu,stock,2,demo,zoom_in,12,2865,draw_us,current,route,1307.1927500000002,1303.4272085,1306.968833,1307.3002915,-8.152833500000042,"[-13.595375000000104, -1.1997084999999288]",-0.6218807582225538,"[-1.0694313681362588, -0.0953693980820236]",12,5,60,10000
cpu,stock,2,demo,zoom_in,12,2865,submit_us,current,route,1308.40975,1304.5625420000001,1308.132,1308.500125,-8.206625000000031,"[-13.593541999999957, -1.243041500000004]",-0.6254145112222331,"[-1.0683723821374669, -0.09866612560019972]",12,5,60,10000
cpu,stock,2,demo,zoom_in,12,2865,complete_us,current,route,1308.4358750000001,1304.5816665,1308.1632915,1308.5121669999999,-8.218791500000066,"[-13.593707999999992, -1.2430830000000697]",-0.6263263574729006,"[-1.0683760125677955, -0.09867430284109524]",12,5,60,10000
cpu,stock,2,demo,zoom_in,12,2865,draw_us,route,final,1303.4272085,1282.6945,1307.3002915,1285.4705414999999,-23.406208499999934,"[-27.128541499999983, -6.921916500000066]",-1.7834740188251763,"[-2.0838616183504968, -0.5323373773691242]",12,5,60,10000
cpu,stock,2,demo,zoom_in,12,2865,submit_us,route,final,1304.5625420000001,1283.90275,1308.500125,1286.6597915,-23.378541500000097,"[-27.159999999999968, -6.92195849999996]",-1.7798087991519496,"[-2.0844708546639557, -0.5284171042920005]",12,5,60,10000
cpu,stock,2,demo,zoom_in,12,2865,complete_us,route,final,1304.5816665,1283.921875,1308.5121669999999,1286.6823749999999,-23.388833500000032,"[-27.15816700000005, -6.918541499999947]",-1.7805509783918538,"[-2.0842986515312023, -0.5281484542540182]",12,5,60,10000
cpu,stock,2,demo,zoom_out,12,1927,draw_us,master,current,871.816042,859.446125,874.3177499999999,860.663125,-9.57654199999996,"[-17.079833500000007, -5.276208999999994]",-1.1016667216659504,"[-1.9708355547558787, -0.6079803923541238]",12,5,60,10000
cpu,stock,2,demo,zoom_out,12,1927,submit_us,master,current,873.1979584999999,860.769,875.717125,861.9582085,-9.61462499999999,"[-17.06258349999996, -5.296999999999969]",-1.1042952107114368,"[-1.964118406914811, -0.6094055099777118]",12,5,60,10000
cpu,stock,2,demo,zoom_out,12,1927,complete_us,master,current,873.21525,860.79325,875.736167,861.9825000000001,-9.60775000000001,"[-17.06770800000004, -5.295374999999979]",-1.1034828089018678,"[-1.9642722066027463, -0.609218428914865]",12,5,60,10000
cpu,stock,2,demo,zoom_out,12,1927,draw_us,master,final,871.816042,845.34025,874.3177499999999,850.03475,-26.256958999999938,"[-36.241333000000054, -17.994749999999954]",-3.034027126955141,"[-4.105533567349584, -2.08926258685565]",12,5,60,10000
cpu,stock,2,demo,zoom_out,12,1927,submit_us,master,final,873.1979584999999,846.7066665,875.717125,851.3663335,-26.246624999999995,"[-36.27962499999995, -18.093875000000025]",-3.0283957104433767,"[-4.103694120904916, -2.0974340845896444]",12,5,60,10000
cpu,stock,2,demo,zoom_out,12,1927,complete_us,master,final,873.21525,846.7291665,875.736167,851.388875,-26.25012449999997,"[-36.27804199999997, -18.095541499999968]",-3.0287263529969852,"[-4.103429622801791, -2.097597750305502]",12,5,60,10000
cpu,stock,2,demo,zoom_out,12,1927,draw_us,master,route,871.816042,855.5069585,874.3177499999999,860.074625,-14.612667000000044,"[-22.44104150000004, -8.961916999999971]",-1.671226685454652,"[-2.546771296917588, -1.0312055431623501]",12,5,60,10000
cpu,stock,2,demo,zoom_out,12,1927,submit_us,master,route,873.1979584999999,856.8281665,875.717125,861.4391665,-14.551999999999964,"[-22.510541499999988, -8.944458499999996]",-1.672523010070237,"[-2.5508288873263174, -1.0275784164439639]",12,5,60,10000
cpu,stock,2,demo,zoom_out,12,1927,complete_us,master,route,873.21525,856.850625,875.736167,861.4548335,-14.557041500000025,"[-22.510500500000035, -8.946166500000004]",-1.6742296579448979,"[-2.5507509109132243, -1.027751380471692]",12,5,60,10000
cpu,stock,2,demo,zoom_out,12,1927,draw_us,current,final,859.446125,845.34025,860.663125,850.03475,-15.442750000000046,"[-25.475667000000044, -7.72391650000003]",-1.79745012281749,"[-2.92977584413861, -0.8938003131719718]",12,5,60,10000
cpu,stock,2,demo,zoom_out,12,1927,submit_us,current,final,860.769,846.7066665,861.9582085,851.3663335,-15.515624999999943,"[-25.45979150000005, -7.744833000000028]",-1.803097660006442,"[-2.9234585492891596, -0.8947896638506925]",12,5,60,10000
cpu,stock,2,demo,zoom_out,12,1927,complete_us,current,final,860.79325,846.7291665,861.9825000000001,851.388875,-15.508791499999973,"[-25.461500500000056, -7.7463334999999915]",-1.8022703490969127,"[-2.923596823025515, -0.894943328067016]",12,5,60,10000
cpu,stock,2,demo,zoom_out,12,1927,draw_us,current,route,859.446125,855.5069585,860.663125,860.074625,-3.5226244999999494,"[-9.232500500000015, 0.6146249999999895]",-0.410359076777711,"[-1.062958631125882, 0.07136776261558175]",12,5,60,10000
cpu,stock,2,demo,zoom_out,12,1927,submit_us,current,route,860.769,856.8281665,861.9582085,861.4391665,-3.5156665000000658,"[-9.343541500000015, 0.6701664999999934]",-0.408889626123643,"[-1.0741046115737507, 0.0777136052697136]",12,5,60,10000
cpu,stock,2,demo,zoom_out,12,1927,complete_us,current,route,860.79325,856.850625,861.9825000000001,861.4548335,-3.5104164999999625,"[-9.341792000000055, 0.6615835000000061]",-0.40826409849384904,"[-1.0738738491891497, 0.07671525411979685]",12,5,60,10000
cpu,stock,2,demo,zoom_out,12,1927,draw_us,route,final,855.5069585,845.34025,860.074625,850.03475,-12.380166499999973,"[-15.208374999999933, -5.907791499999973]",-1.439202899802433,"[-1.8037718185528906, -0.6835919258971312]",12,5,60,10000
cpu,stock,2,demo,zoom_out,12,1927,submit_us,route,final,856.8281665,846.7066665,861.4391665,851.3663335,-12.43229150000002,"[-15.31091600000002, -5.9408334999999965]",-1.4430643921691244,"[-1.8131170498261628, -0.6863621513116924]",12,5,60,10000
cpu,stock,2,demo,zoom_out,12,1927,complete_us,route,final,856.850625,846.7291665,861.4548335,851.388875,-12.437541499999952,"[-15.305750000000046, -5.94429150000002]",-1.4436367360854796,"[-1.812502691273865, -0.6867396086516708]",12,5,60,10000
cpu,stock,2,font_variations,first_paint,1,263,draw_us,master,current,1025.5625,1047.167,1029.7085,1048.2705,22.583000000000027,"[10.8125, 36.5625]",2.1800962266416923,"[1.0805426833828125, 3.6827634643522122]",12,5,60,10000
cpu,stock,2,font_variations,first_paint,1,263,submit_us,master,current,1025.833,1047.375,1029.9165,1048.458,22.603499999999997,"[10.8125, 36.60449999999997]",2.1816043857870393,"[1.0803177245147455, 3.6862167487463737]",12,5,60,10000
cpu,stock,2,font_variations,first_paint,1,263,complete_us,master,current,1025.854,1047.417,1029.9585,1048.4995,22.60350000000011,"[10.79200000000003, 36.58349999999996]",2.181561564488499,"[1.0782237302927822, 3.6838871777287507]",12,5,60,10000
cpu,stock,2,font_variations,first_paint,1,263,draw_us,master,final,1025.5625,989.6875,1029.7085,988.5835,-30.833000000000027,"[-38.895500000000084, -28.31299999999993]",-3.0339936563301695,"[-3.8898860786183986, -2.790336114154562]",12,5,60,10000
cpu,stock,2,font_variations,first_paint,1,263,submit_us,master,final,1025.833,989.9165,1029.9165,988.7915,-30.812500000000057,"[-38.89499999999998, -28.3125]",-3.0312606079818005,"[-3.88902447385337, -2.789715569741269]",12,5,60,10000
cpu,stock,2,font_variations,first_paint,1,263,complete_us,master,final,1025.854,989.9165,1029.9585,988.8335,-30.812000000000012,"[-38.895500000000084, -28.31299999999993]",-3.0311482445212814,"[-3.888912740220085, -2.7896486559103764]",12,5,60,10000
cpu,stock,2,font_variations,first_paint,1,263,draw_us,master,route,1025.5625,1015.3955000000001,1029.7085,1017.9794999999999,-8.583999999999946,"[-17.70799999999997, 3.208499999999958]",-0.8307109992630013,"[-1.752216121467115, 0.3195206716512411]",12,5,60,10000
cpu,stock,2,font_variations,first_paint,1,263,submit_us,master,route,1025.833,1015.625,1029.9165,1018.2085,-8.604499999999973,"[-17.645500000000084, 3.1669999999999163]",-0.8325354010667196,"[-1.7456545781785127, 0.31542840065692523]",12,5,60,10000
cpu,stock,2,font_variations,first_paint,1,263,complete_us,master,route,1025.854,1015.625,1029.9585,1018.2294999999999,-8.583499999999958,"[-17.665999999999997, 3.187999999999988]",-0.8304792666386118,"[-1.7476320604855156, 0.31745598372291406]",12,5,60,10000
cpu,stock,2,font_variations,first_paint,1,263,draw_us,current,final,1047.167,989.6875,1048.2705,988.5835,-59.853500000000054,"[-71.95850000000002, -40.916499999999985]",-5.691390331250362,"[-6.9874638249203365, -4.010029831227535]",12,5,60,10000
cpu,stock,2,font_variations,first_paint,1,263,submit_us,current,final,1047.375,989.9165,1048.458,988.7915,-59.79099999999994,"[-72.0, -40.9375]",-5.684424609224321,"[-6.989791830200154, -4.007170628559253]",12,5,60,10000
cpu,stock,2,font_variations,first_paint,1,263,complete_us,current,final,1047.417,989.9165,1048.4995,988.8335,-59.81200000000001,"[-71.97949999999997, -40.916499999999985]",-5.6861816431717225,"[-6.987618269561641, -4.005001231145739]",12,5,60,10000
cpu,stock,2,font_variations,first_paint,1,263,draw_us,current,route,1047.167,1015.3955000000001,1048.2705,1017.9794999999999,-33.08299999999997,"[-48.020500000000084, -25.374500000000012]",-3.2368411272100825,"[-4.437717451031031, -2.44891064166704]",12,5,60,10000
cpu,stock,2,font_variations,first_paint,1,263,submit_us,current,route,1047.375,1015.625,1048.458,1018.2085,-33.125,"[-47.95799999999997, -25.353500000000054]",-3.2401524171513207,"[-4.430879016662792, -2.4483674294551006]",12,5,60,10000
cpu,stock,2,font_variations,first_paint,1,263,complete_us,current,route,1047.417,1015.625,1048.4995,1018.2294999999999,-33.08299999999997,"[-47.937500000000114, -25.353500000000054]",-3.236049289432308,"[-4.428913495519615, -2.448270049195689]",12,5,60,10000
cpu,stock,2,font_variations,first_paint,1,263,draw_us,route,final,1015.3955000000001,989.6875,1017.9794999999999,988.5835,-28.145999999999958,"[-39.396499999999946, -9.79200000000003]",-2.7316850565002992,"[-3.9201239728197224, -0.9917848587220501]",12,5,60,10000
cpu,stock,2,font_variations,first_paint,1,263,submit_us,route,final,1015.625,989.9165,1018.2085,988.7915,-28.062499999999943,"[-39.52050000000003, -9.812999999999988]",-2.723082775211938,"[-3.930735397251378, -0.9936495418150226]",12,5,60,10000
cpu,stock,2,font_variations,first_paint,1,263,complete_us,route,final,1015.625,989.9165,1018.2294999999999,988.8335,-28.104499999999973,"[-39.521499999999946, -9.791999999999973]",-2.7270545611058683,"[-3.9306705399916817, -0.9915093250008666]",12,5,60,10000
cpu,stock,2,font_variations,slant_advance,10,1158,draw_us,master,current,467.09794999999997,479.62699999999995,466.7188,480.62699999999995,12.1541,"[9.827349999999996, 15.833349999999967]",2.5977725336463253,"[2.1350241972465156, 3.486514449978806]",12,5,60,10000
cpu,stock,2,font_variations,slant_advance,10,1158,submit_us,master,current,467.20640000000003,479.72475,466.8334,480.7205,12.122900000000016,"[9.812600000000003, 15.812450000000013]",2.5904172372328116,"[2.1313184983690503, 3.4810668341440087]",12,5,60,10000
cpu,stock,2,font_variations,slant_advance,10,1158,complete_us,master,current,467.23135,479.7415,466.85625,480.73940000000005,12.131249999999994,"[9.812749999999994, 15.816599999999994]",2.592111676988429,"[2.1312269385729277, 3.4818149110209085]",12,5,60,10000
cpu,stock,2,font_variations,slant_advance,10,1158,draw_us,master,final,467.09794999999997,454.15215,466.7188,453.8355,-13.902199999999993,"[-16.785199999999975, -11.306249999999977]",-2.9592008785428447,"[-3.602472642494481, -2.4462162953393927]",12,5,60,10000
cpu,stock,2,font_variations,slant_advance,10,1158,submit_us,master,final,467.20640000000003,454.2604,466.8334,453.93330000000003,-13.922899999999998,"[-16.80635000000001, -11.320899999999966]",-2.962815534088609,"[-3.6061511301595184, -2.448799326823975]",12,5,60,10000
cpu,stock,2,font_variations,slant_advance,10,1158,complete_us,master,final,467.23135,454.27295000000004,466.85625,453.9563,-13.91255000000001,"[-16.808300000000003, -11.316699999999997]",-2.9605481516358223,"[-3.6063554571008516, -2.4477828248166187]",12,5,60,10000
cpu,stock,2,font_variations,slant_advance,10,1158,draw_us,master,route,467.09794999999997,469.18330000000003,466.7188,470.09805,2.7206999999999937,"[0.13145000000000095, 4.185500000000019]",0.5954497937982306,"[0.028278877972198746, 0.8991342215720177]",12,5,60,10000
cpu,stock,2,font_variations,slant_advance,10,1158,submit_us,master,route,467.20640000000003,469.28125,466.8334,470.21065,2.703850000000017,"[0.11889999999999645, 4.171000000000021]",0.5915020375134916,"[0.02556657196576273, 0.8957882838162456]",12,5,60,10000
cpu,stock,2,font_variations,slant_advance,10,1158,complete_us,master,route,467.23135,469.30205,466.85625,470.2356,2.7081999999999766,"[0.1169500000000312, 4.173000000000002]",0.5924191789239308,"[0.025149184612982545, 0.8961806703592257]",12,5,60,10000
cpu,stock,2,font_variations,slant_advance,10,1158,draw_us,current,final,479.62699999999995,454.15215,480.62699999999995,453.8355,-26.351899999999972,"[-27.835449999999952, -23.7603]",-5.546013236343783,"[-5.764550399968854, -5.136775819532469]",12,5,60,10000
cpu,stock,2,font_variations,slant_advance,10,1158,submit_us,current,final,479.72475,454.2604,480.7205,453.93330000000003,-26.35174999999998,"[-27.82714999999999, -23.762349999999998]",-5.544881925338984,"[-5.761712932290742, -5.134920434851997]",12,5,60,10000
cpu,stock,2,font_variations,slant_advance,10,1158,complete_us,current,final,479.7415,454.27295000000004,480.73940000000005,453.9563,-26.34775000000002,"[-27.82510000000002, -23.760249999999985]",-5.543819733841104,"[-5.7610656489051335, -5.134544628481513]",12,5,60,10000
cpu,stock,2,font_variations,slant_advance,10,1158,draw_us,current,route,479.62699999999995,469.18330000000003,480.62699999999995,470.09805,-9.712699999999984,"[-13.393699999999967, -8.691649999999981]",-2.0740210794520317,"[-2.840064760236732, -1.802113502695657]",12,5,60,10000
cpu,stock,2,font_variations,slant_advance,10,1158,submit_us,current,route,479.72475,469.28125,480.7205,470.21065,-9.710750000000019,"[-13.393750000000011, -8.680949999999996]",-2.0731795893903557,"[-2.839623246227463, -1.7995492378816036]",12,5,60,10000
cpu,stock,2,font_variations,slant_advance,10,1158,complete_us,current,route,479.7415,469.30205,480.73940000000005,470.2356,-9.714849999999956,"[-13.391649999999998, -8.687449999999984]",-2.0739344628048384,"[-2.8390013314467666, -1.8008089771823332]",12,5,60,10000
cpu,stock,2,font_variations,slant_advance,10,1158,draw_us,route,final,469.18330000000003,454.15215,470.09805,453.8355,-15.687600000000003,"[-18.458349999999996, -12.300099999999986]",-3.3741460654897026,"[-3.8972162367546748, -2.6505374525428005]",12,5,60,10000
cpu,stock,2,font_variations,slant_advance,10,1158,submit_us,route,final,469.28125,454.2604,470.21065,453.93330000000003,-15.697849999999988,"[-18.460499999999996, -12.298000000000002]",-3.3756011166141295,"[-3.896808505102012, -2.649529233840614]",12,5,60,10000
cpu,stock,2,font_variations,slant_advance,10,1158,complete_us,route,final,469.30205,454.27295000000004,470.2356,453.9563,-15.698000000000036,"[-18.456200000000024, -12.295900000000017]",-3.375496525791238,"[-3.8957663452696965, -2.6489382863359054]",12,5,60,10000
cpu,stock,2,font_variations,slant_return,10,0,draw_us,master,current,39.2354,39.42505,39.55825,39.45215,-0.16029999999999944,"[-0.42079999999999984, 0.8020999999999994]",-0.4109153188275205,"[-1.0525750417638757, 2.1106755284961976]",12,5,60,10000
cpu,stock,2,font_variations,slant_return,10,0,submit_us,master,current,39.31035,39.49385,39.63535,39.522949999999994,-0.17914999999999992,"[-0.4353000000000016, 0.8020000000000032]",-0.4460186424132151,"[-1.0864441207905584, 2.1166244253973066]",12,5,60,10000
cpu,stock,2,font_variations,slant_return,10,0,complete_us,master,current,39.3311,39.518699999999995,39.65415,39.5396,-0.1728999999999985,"[-0.4353499999999997, 0.799949999999999]",-0.44178397384792567,"[-1.0861508520462582, 2.1098239613151715]",12,5,60,10000
cpu,stock,2,font_variations,slant_return,10,0,draw_us,master,final,39.2354,38.49995,39.55825,38.61455,-0.7273500000000013,"[-1.154, -0.47919999999999874]",-1.8241772102929876,"[-2.907632811364158, -1.2172984070568271]",12,5,60,10000
cpu,stock,2,font_variations,slant_return,10,0,submit_us,master,final,39.31035,38.58115,39.63535,38.6895,-0.7273500000000013,"[-1.1583499999999987, -0.48545000000000016]",-1.8203279796840832,"[-2.9382735668830042, -1.2305368469403777]",12,5,60,10000
cpu,stock,2,font_variations,slant_return,10,0,complete_us,master,final,39.3311,38.595699999999994,39.65415,38.71245,-0.7292499999999968,"[-1.1520999999999972, -0.47919999999999874]",-1.8343187799484961,"[-2.905795762050839, -1.21395400339247]",12,5,60,10000
cpu,stock,2,font_variations,slant_return,10,0,draw_us,master,route,39.2354,38.225,39.55825,38.225,-1.3083500000000008,"[-1.4373499999999986, -0.7187500000000036]",-3.3027075181170096,"[-3.6013463086781883, -1.846967167541358]",12,5,60,10000
cpu,stock,2,font_variations,slant_return,10,0,submit_us,master,route,39.31035,38.30395,39.63535,38.301950000000005,-1.3168000000000006,"[-1.4537999999999975, -0.7166499999999978]",-3.3122866414781846,"[-3.634451881964634, -1.8378776919556306]",12,5,60,10000
cpu,stock,2,font_variations,slant_return,10,0,complete_us,master,route,39.3311,38.32715,39.65415,38.3249,-1.310500000000001,"[-1.4477999999999973, -0.7206499999999956]",-3.294897095993149,"[-3.618316327185295, -1.847253308691743]",12,5,60,10000
cpu,stock,2,font_variations,slant_return,10,0,draw_us,current,final,39.42505,38.49995,39.45215,38.61455,-0.6291499999999992,"[-1.2020499999999998, -0.2750499999999967]",-1.6058100587226565,"[-3.1027902520736172, -0.7048271443133747]",12,5,60,10000
cpu,stock,2,font_variations,slant_return,10,0,submit_us,current,final,39.49385,38.58115,39.522949999999994,38.6895,-0.6124000000000009,"[-1.2040500000000023, -0.27099999999999724]",-1.5608297406549843,"[-3.1016519578015433, -0.6931196612241952]",12,5,60,10000
cpu,stock,2,font_variations,slant_return,10,0,complete_us,current,final,39.518699999999995,38.595699999999994,39.5396,38.71245,-0.6206999999999994,"[-1.197849999999999, -0.27104999999999535]",-1.580609071711031,"[-3.0844367234649726, -0.6931208357772001]",12,5,60,10000
cpu,stock,2,font_variations,slant_return,10,0,draw_us,current,route,39.42505,38.225,39.45215,38.225,-1.0771499999999996,"[-1.5167000000000037, -0.6271000000000022]",-2.7293103283248135,"[-3.8032382091102104, -1.5970963228196355]",12,5,60,10000
cpu,stock,2,font_variations,slant_return,10,0,submit_us,current,route,39.49385,38.30395,39.522949999999994,38.301950000000005,-1.0686500000000017,"[-1.5228000000000002, -0.6311499999999981]",-2.703007600606888,"[-3.8115433851750535, -1.6041575298817001]",12,5,60,10000
cpu,stock,2,font_variations,slant_return,10,0,complete_us,current,route,39.518699999999995,38.32715,39.5396,38.3249,-1.0707499999999968,"[-1.5166499999999985, -0.6374499999999976]",-2.7066860382057634,"[-3.794682570586516, -1.61913873711384]",12,5,60,10000
cpu,stock,2,font_variations,slant_return,10,0,draw_us,route,final,38.225,38.49995,38.225,38.61455,0.10615000000000308,"[-0.05410000000000181, 0.5895499999999991]",0.27537915821876924,"[-0.14097379618671635, 1.5388977687596506]",12,5,60,10000
cpu,stock,2,font_variations,slant_return,10,0,submit_us,route,final,38.30395,38.58115,38.301950000000005,38.6895,0.11224999999999952,"[-0.05209999999999937, 0.5999499999999998]",0.2900330387876293,"[-0.1355399480016617, 1.5631696040383058]",12,5,60,10000
cpu,stock,2,font_variations,slant_return,10,0,complete_us,route,final,38.32715,38.595699999999994,38.3249,38.71245,0.12049999999999628,"[-0.05825000000000102, 0.6083000000000034]",0.3111645126567142,"[-0.1514725462896882, 1.584233482767461]",12,5,60,10000
cpu,stock,2,font_variations,warm,30,0,draw_us,master,current,37.0874835,37.2152665,37.0972165,37.3180665,-0.12291650000000232,"[-0.6000000000000014, 0.3410334999999982]",-0.32932553724340785,"[-1.6048313539956227, 0.921278687280036]",12,5,60,10000
cpu,stock,2,font_variations,warm,30,0,submit_us,master,current,37.1562835,37.277067,37.165966499999996,37.3874665,-0.13814999999999955,"[-0.6007169999999995, 0.33740000000000236]",-0.3688468064979411,"[-1.6045291802216644, 0.9097667362488737]",12,5,60,10000
cpu,stock,2,font_variations,warm,30,0,complete_us,master,current,37.176383,37.297183000000004,37.18615,37.407633000000004,-0.1486339999999977,"[-0.6034500000000023, 0.33388300000000015]",-0.3967327649056551,"[-1.6112705353286627, 0.8998033805683092]",12,5,60,10000
cpu,stock,2,font_variations,warm,30,0,draw_us,master,final,37.0874835,36.5708,37.0972165,36.69375,-0.5902494999999988,"[-0.9242834999999978, -0.30068350000000166]",-1.5914476683946355,"[-2.5013870026845186, -0.8125695619679019]",12,5,60,10000
cpu,stock,2,font_variations,warm,30,0,submit_us,master,final,37.1562835,36.656983499999996,37.165966499999996,36.7749335,-0.5819665000000036,"[-0.9382834999999972, -0.2909999999999968]",-1.587828554905435,"[-2.5341153586858676, -0.7848859747446313]",12,5,60,10000
cpu,stock,2,font_variations,warm,30,0,complete_us,master,final,37.176383,36.684033,37.18615,36.804199999999994,-0.5715669999999982,"[-0.9499669999999973, -0.2840834999999977]",-1.5781994670281074,"[-2.563518458114805, -0.7657875167030814]",12,5,60,10000
cpu,stock,2,font_variations,warm,30,0,draw_us,master,route,37.0874835,36.680533499999996,37.0972165,36.6847,-0.5951665000000013,"[-0.9485334999999999, -0.2195670000000014]",-1.6448158104865274,"[-2.5698203826239774, -0.5895711789922764]",12,5,60,10000
cpu,stock,2,font_variations,warm,30,0,submit_us,master,route,37.1562835,36.7500165,37.165966499999996,36.7555,-0.5875165000000031,"[-0.9708999999999968, -0.21468300000000085]",-1.6201755416486163,"[-2.6147927371389157, -0.5758158716961337]",12,5,60,10000
cpu,stock,2,font_variations,warm,30,0,complete_us,master,route,37.176383,36.76665,37.18615,36.7715,-0.579250499999997,"[-0.9916840000000029, -0.21323300000000245]",-1.5959704823798104,"[-2.664632178423054, -0.5718897501109765]",12,5,60,10000
cpu,stock,2,font_variations,warm,30,0,draw_us,current,final,37.2152665,36.5708,37.3180665,36.69375,-0.6146169999999991,"[-0.7173665000000007, -0.36318349999999455]",-1.6418480959699944,"[-1.9222589111461241, -0.9872043750620396]",12,5,60,10000
cpu,stock,2,font_variations,warm,30,0,submit_us,current,final,37.277067,36.656983499999996,37.3874665,36.7749335,-0.6263834999999993,"[-0.7006665000000041, -0.35828349999999887]",-1.6793984296498088,"[-1.8993545395334266, -0.972370465656236]",12,5,60,10000
cpu,stock,2,font_variations,warm,30,0,complete_us,current,final,37.297183000000004,36.684033,37.407633000000004,36.804199999999994,-0.6179664999999979,"[-0.6978665, -0.3568169999999995]",-1.650753776727576,"[-1.864474142052558, -0.9678737630835932]",12,5,60,10000
cpu,stock,2,font_variations,warm,30,0,draw_us,current,route,37.2152665,36.680533499999996,37.3180665,36.6847,-0.5353994999999969,"[-0.7000335, -0.42016700000000284]",-1.4580076666064146,"[-1.9205895755361135, -1.1201085422268497]",12,5,60,10000
cpu,stock,2,font_variations,warm,30,0,submit_us,current,route,37.277067,36.7500165,37.3874665,36.7555,-0.5284499999999994,"[-0.6986165, -0.4131830000000001]",-1.4367579450436818,"[-1.9119902950611611, -1.103947789863302]",12,5,60,10000
cpu,stock,2,font_variations,warm,30,0,complete_us,current,route,37.297183000000004,36.76665,37.407633000000004,36.7715,-0.5312170000000016,"[-0.6999664999999986, -0.39998299999999887]",-1.443471068233404,"[-1.8817000758054314, -1.068255446106653]",12,5,60,10000
cpu,stock,2,font_variations,warm,30,0,draw_us,route,final,36.680533499999996,36.5708,36.6847,36.69375,-0.013866999999997631,"[-0.13753299999999768, 0.0847330000000035]",-0.03862585336989466,"[-0.37567741848937297, 0.2305164523244918]",12,5,60,10000
cpu,stock,2,font_variations,warm,30,0,submit_us,route,final,36.7500165,36.656983499999996,36.7555,36.7749335,-0.02161699999999911,"[-0.14868349999999708, 0.09165000000000134]",-0.06118424540452194,"[-0.4049777288262668, 0.24973302975910272]",12,5,60,10000
cpu,stock,2,font_variations,warm,30,0,complete_us,route,final,36.76665,36.684033,36.7715,36.804199999999994,-0.034733499999997974,"[-0.1555164999999974, 0.10423349999999942]",-0.09707798146609825,"[-0.42301341144369564, 0.2839310857420285]",12,5,60,10000
cpu,stock,2,font_variations,weight_advance,6,717,draw_us,master,current,507.6491665,522.5105834999999,509.70816649999995,524.913333,14.406416500000006,"[8.916750000000008, 16.6875]",2.902328748775107,"[1.7499729833083344, 3.2874984818726194]",12,5,60,10000
cpu,stock,2,font_variations,weight_advance,6,717,submit_us,master,current,507.79141649999997,522.6564165,509.85749999999996,525.0451665,14.3822495,"[8.885583499999996, 16.694416500000017]",2.896661324184413,"[1.743238942567138, 3.2879021326591706]",12,5,60,10000
cpu,stock,2,font_variations,weight_advance,6,717,complete_us,master,current,507.80875000000003,522.68075,509.8714165,525.0694165,14.378500000000031,"[8.88900000000001, 16.69799999999998]",2.895781824717991,"[1.7439070767071074, 3.28852599891738]",12,5,60,10000
cpu,stock,2,font_variations,weight_advance,6,717,draw_us,master,final,507.6491665,495.0034165,509.70816649999995,494.4548335,-14.621166999999986,"[-17.708249499999965, -12.132082999999994]",-2.882280938070508,"[-3.4782259063897705, -2.413688509358342]",12,5,60,10000
cpu,stock,2,font_variations,weight_advance,6,717,submit_us,master,final,507.79141649999997,495.14916700000003,509.85749999999996,494.6145835,-14.631749999999982,"[-17.72908350000003, -12.152666499999981]",-2.8834188382581063,"[-3.4786516957009073, -2.417000920754997]",12,5,60,10000
cpu,stock,2,font_variations,weight_advance,6,717,complete_us,master,final,507.80875000000003,495.17341650000003,509.8714165,494.63525000000004,-14.638749999999959,"[-17.7290835, -12.135249499999986]",-2.8846607253406207,"[-3.479170075033944, -2.413491050714023]",12,5,60,10000
cpu,stock,2,font_variations,weight_advance,6,717,draw_us,master,route,507.6491665,511.3265,509.70816649999995,512.0624165,1.8437494999999728,"[-1.0242494999999963, 5.465333500000014]",0.3613674365740227,"[-0.2045009624719374, 1.0893118732554385]",12,5,60,10000
cpu,stock,2,font_variations,weight_advance,6,717,submit_us,master,route,507.79141649999997,511.48625,509.85749999999996,512.204833,1.7849995000000263,"[-1.0449164999999994, 5.458165999999977]",0.3497169272861145,"[-0.2085477805256808, 1.087542413040421]",12,5,60,10000
cpu,stock,2,font_variations,weight_advance,6,717,complete_us,master,route,507.80875000000003,511.50374999999997,509.8714165,512.2255835000001,1.784833500000019,"[-1.0413329999999803, 5.454750500000017]",0.3496723112298983,"[-0.20785180755547028, 1.0868373799139408]",12,5,60,10000
cpu,stock,2,font_variations,weight_advance,6,717,draw_us,current,final,522.5105834999999,495.0034165,524.913333,494.4548335,-28.420166499999965,"[-31.67008299999995, -23.34008300000002]",-5.392078344231843,"[-6.100216049162544, -4.440774340506481]",12,5,60,10000
cpu,stock,2,font_variations,weight_advance,6,717,submit_us,current,final,522.6564165,495.14916700000003,525.0451665,494.6145835,-28.416750000000008,"[-31.673583499999978, -23.36433299999996]",-5.3898663294092035,"[-6.099226904356165, -4.442733462681792]",12,5,60,10000
cpu,stock,2,font_variations,weight_advance,6,717,complete_us,current,final,522.68075,495.17341650000003,525.0694165,494.63525000000004,-28.409750000000003,"[-31.68391650000001, -23.36416700000001]",-5.388431744011607,"[-6.100897760757368, -4.443174435295771]",12,5,60,10000
cpu,stock,2,font_variations,weight_advance,6,717,draw_us,current,route,522.5105834999999,511.3265,524.913333,512.0624165,-11.180499999999967,"[-15.222166500000043, -8.298916499999962]",-2.1559679229859685,"[-2.8779460000079746, -1.6169764493062566]",12,5,60,10000
cpu,stock,2,font_variations,weight_advance,6,717,submit_us,current,route,522.6564165,511.48625,525.0451665,512.204833,-11.176916500000004,"[-15.215166999999951, -8.298666500000024]",-2.1546625751439175,"[-2.875803735858262, -1.6164972234906982]",12,5,60,10000
cpu,stock,2,font_variations,weight_advance,6,717,complete_us,current,route,522.68075,511.50374999999997,525.0694165,512.2255835000001,-11.194083000000035,"[-15.232499999999959, -8.298583000000008]",-2.157919304608763,"[-2.8789222915117985, -1.616505760012199]",12,5,60,10000
cpu,stock,2,font_variations,weight_advance,6,717,draw_us,route,final,511.3265,495.0034165,512.0624165,494.4548335,-16.715166500000038,"[-18.57641650000005, -13.50324999999998]",-3.256246194046825,"[-3.606696694959044, -2.690271676295425]",12,5,60,10000
cpu,stock,2,font_variations,weight_advance,6,717,submit_us,route,final,511.48625,495.14916700000003,512.204833,494.6145835,-16.7152495,"[-18.566082999999992, -13.506916500000017]",-3.255308200537832,"[-3.6036573281522655, -2.690164053740285]",12,5,60,10000
cpu,stock,2,font_variations,weight_advance,6,717,complete_us,route,final,511.50374999999997,495.17341650000003,512.2255835000001,494.63525000000004,-16.725750000000005,"[-18.5625, -13.496333499999992]",-3.257241083924012,"[-3.6028135272720085, -2.6879935214615402]",12,5,60,10000
cpu,stock,2,font_variations,weight_return,6,0,draw_us,master,current,38.09375,38.736166499999996,37.9514165,38.552,0.4235830000000007,"[-0.4130830000000003, 1.2080835000000008]",1.091946403601396,"[-1.0991208574445854, 3.2565366762545622]",12,5,60,10000
cpu,stock,2,font_variations,weight_return,6,0,submit_us,master,current,38.1770835,38.816,38.034833500000005,38.617833,0.4099164999999978,"[-0.4130830000000003, 1.2151664999999987]",1.054747181284954,"[-1.0965183583284743, 3.270338855276367]",12,5,60,10000
cpu,stock,2,font_variations,weight_return,6,0,complete_us,master,current,38.1875,38.840333,38.04175,38.638583499999996,0.42358299999999716,"[-0.41300000000000026, 1.204749999999997]",1.0893622631259814,"[-1.096487785177841, 3.2395068767816726]",12,5,60,10000
cpu,stock,2,font_variations,weight_return,6,0,draw_us,master,final,38.09375,37.8751665,37.9514165,38.107583500000004,-0.5000834999999988,"[-1.3262494999999994, 0.4828335000000017]",-1.318765051335552,"[-3.507338734178555, 1.277407617487858]",12,5,60,10000
cpu,stock,2,font_variations,weight_return,6,0,submit_us,master,final,38.1770835,37.9515835,38.034833500000005,38.180499999999995,-0.496417000000001,"[-1.3226665000000004, 0.4930004999999973]",-1.3068809631427536,"[-3.4921701664501263, 1.30245584148575]",12,5,60,10000
cpu,stock,2,font_variations,weight_return,6,0,complete_us,master,final,38.1875,37.9759165,38.04175,38.2080835,-0.49658349999999984,"[-1.3262500000000017, 0.48616699999999824]",-1.3071234406258125,"[-3.4987463486111703, 1.283141548072464]",12,5,60,10000
cpu,stock,2,font_variations,weight_return,6,0,draw_us,master,route,38.09375,37.940833,37.9514165,37.829750000000004,-1.1320835000000002,"[-1.4930834999999973, 0.38874950000000297]",-2.91090238964975,"[-3.9601107102164796, 1.0286606436053891]",12,5,60,10000
cpu,stock,2,font_variations,weight_return,6,0,submit_us,master,route,38.1770835,38.007,38.034833500000005,37.899249999999995,-1.135749999999998,"[-1.499750500000001, 0.38875050000000044]",-2.9060200033119656,"[-3.9708628394089227, 1.0267291513810506]",12,5,60,10000
cpu,stock,2,font_variations,weight_return,6,0,complete_us,master,route,38.1875,38.0276665,38.04175,37.9131665,-1.1320835000000002,"[-1.4965000000000046, 0.39558299999999846]",-2.8957706589019194,"[-3.9586724643664972, 1.0443779778955942]",12,5,60,10000
cpu,stock,2,font_variations,weight_return,6,0,draw_us,current,final,38.736166499999996,37.8751665,38.552,38.107583500000004,-1.0416665000000016,"[-1.9930834999999973, 0.6529999999999987]",-2.6408332704255133,"[-5.116036314510253, 1.7074873559706827]",12,5,60,10000
cpu,stock,2,font_variations,weight_return,6,0,submit_us,current,final,38.816,37.9515835,38.617833,38.180499999999995,-1.0519165000000008,"[-1.989666499999995, 0.6700835000000005]",-2.6615779473865175,"[-5.098062399415315, 1.7491564806744075]",12,5,60,10000
cpu,stock,2,font_variations,weight_return,6,0,complete_us,current,final,38.840333,37.9759165,38.638583499999996,38.2080835,-1.0452495000000006,"[-1.9997499999999988, 0.6668334999999992]",-2.6435625065277133,"[-5.120420282352001, 1.7398115603484587]",12,5,60,10000
cpu,stock,2,font_variations,weight_return,6,0,draw_us,current,route,38.736166499999996,37.940833,38.552,37.829750000000004,-0.7882500000000014,"[-1.9965834999999998, -0.5105835000000027]",-2.0280290544273827,"[-5.035274561378333, -1.3054653040179443]",12,5,60,10000
cpu,stock,2,font_variations,weight_return,6,0,submit_us,current,route,38.816,38.007,38.617833,37.899249999999995,-0.7779164999999999,"[-2.0032500000000013, -0.510416499999998]",-1.998628462495694,"[-5.043183203724954, -1.3113312365400864]",12,5,60,10000
cpu,stock,2,font_variations,weight_return,6,0,complete_us,current,route,38.840333,38.0276665,38.638583499999996,37.9131665,-0.7918334999999956,"[-2.0032500000000013, -0.5068330000000003]",-2.032657617633732,"[-5.032543983323029, -1.2840493929883345]",12,5,60,10000
cpu,stock,2,font_variations,weight_return,6,0,draw_us,route,final,37.940833,37.8751665,37.829750000000004,38.107583500000004,0.10441700000000154,"[-0.37841650000000016, 1.142249500000002]",0.283266974050278,"[-0.9919311982867884, 3.0952096166251164]",12,5,60,10000
cpu,stock,2,font_variations,weight_return,6,0,submit_us,route,final,38.007,37.9515835,37.899249999999995,38.180499999999995,0.10424999999999685,"[-0.3715834999999963, 1.149083000000001]",0.2827983810367529,"[-0.9724929008786409, 3.1072409805000367]",12,5,60,10000
cpu,stock,2,font_variations,weight_return,6,0,complete_us,route,final,38.0276665,37.9759165,37.9131665,38.2080835,0.10083350000000024,"[-0.36808300000000216, 1.1526664999999987]",0.2738870466049481,"[-0.9631469545022531, 3.1160846881290394]",12,5,60,10000
cpu,stock,2,grid_pollution,hot_first,1,94,draw_us,master,current,224.292,241.1035,222.084,238.89600000000002,16.5415,"[11.479, 20.499499999999998]",7.338807195321328,"[4.963292402373054, 9.357164680205432]",12,5,60,10000
cpu,stock,2,grid_pollution,hot_first,1,94,submit_us,master,current,224.375,241.1875,222.167,239.02100000000002,16.5,"[11.4375, 20.542]",7.317031072045732,"[4.952570454468841, 9.37310661531917]",12,5,60,10000
cpu,stock,2,grid_pollution,hot_first,1,94,complete_us,master,current,224.39600000000002,241.208,222.188,239.042,16.5415,"[11.4375, 20.563000000000002]",7.335447866264511,"[4.942484142637149, 9.382735976617385]",12,5,60,10000
cpu,stock,2,grid_pollution,hot_first,1,94,draw_us,master,final,224.292,160.583,222.084,159.1455,-64.7715,"[-67.0835, -55.146]",-28.10564716743722,"[-29.820113164925402, -25.937083268193717]",12,5,60,10000
cpu,stock,2,grid_pollution,hot_first,1,94,submit_us,master,final,224.375,160.667,222.167,159.2295,-64.771,"[-67.125, -55.1455]",-28.107755010581492,"[-29.824546521192712, -25.924730048629343]",12,5,60,10000
cpu,stock,2,grid_pollution,hot_first,1,94,complete_us,master,final,224.39600000000002,160.6875,222.188,159.25,-64.7715,"[-67.104, -55.1455]",-28.095670132906832,"[-29.812551545577993, -25.924730048629343]",12,5,60,10000
cpu,stock,2,grid_pollution,hot_first,1,94,draw_us,master,route,224.292,181.25,222.084,180.75,-43.0835,"[-49.1035, -37.0415]",-19.44888984192128,"[-21.320407262195317, -16.806133728464555]",12,5,60,10000
cpu,stock,2,grid_pollution,hot_first,1,94,submit_us,master,route,224.375,181.333,222.167,180.833,-43.125,"[-49.1245, -37.0625]",-19.4494719479841,"[-21.321903982089058, -16.8092485018571]",12,5,60,10000
cpu,stock,2,grid_pollution,hot_first,1,94,complete_us,master,route,224.39600000000002,181.333,222.188,180.85399999999998,-43.125,"[-49.125, -37.0415]",-19.446631143719976,"[-21.31999660975648, -16.799806777528474]",12,5,60,10000
cpu,stock,2,grid_pollution,hot_first,1,94,draw_us,current,final,241.1035,160.583,238.89600000000002,159.1455,-78.542,"[-81.2085, -72.9375]",-32.430848667314976,"[-34.079795006746366, -31.728578088578082]",12,5,60,10000
cpu,stock,2,grid_pollution,hot_first,1,94,submit_us,current,final,241.1875,160.667,239.02100000000002,159.2295,-78.542,"[-81.271, -72.9375]",-32.418809937983156,"[-34.08813038417183, -31.718103958335647]",12,5,60,10000
cpu,stock,2,grid_pollution,hot_first,1,94,complete_us,current,final,241.208,160.6875,239.042,159.25,-78.542,"[-81.271, -72.9165]",-32.40952135497861,"[-34.082198189640074, -31.706851631340818]",12,5,60,10000
cpu,stock,2,grid_pollution,hot_first,1,94,draw_us,current,route,241.1035,181.25,238.89600000000002,180.75,-58.188,"[-65.5625, -57.0625]",-24.826576715347887,"[-27.171001039549004, -23.839004705809693]",12,5,60,10000
cpu,stock,2,grid_pollution,hot_first,1,94,submit_us,current,route,241.1875,181.333,239.02100000000002,180.833,-58.2085,"[-65.604, -57.063]",-24.833001837301733,"[-27.185368422339838, -23.83085158693918]",12,5,60,10000
cpu,stock,2,grid_pollution,hot_first,1,94,complete_us,current,route,241.208,181.333,239.042,180.85399999999998,-58.1875,"[-65.646, -57.0835]",-24.824558200587195,"[-27.189652811164542, -23.837393320803642]",12,5,60,10000
cpu,stock,2,grid_pollution,hot_first,1,94,draw_us,route,final,181.25,160.583,180.75,159.1455,-15.875500000000002,"[-22.5415, -13.438000000000002]",-8.850266121508222,"[-12.374432219825753, -7.687726347658708]",12,5,60,10000
cpu,stock,2,grid_pollution,hot_first,1,94,submit_us,route,final,181.333,160.667,180.833,159.2295,-15.8335,"[-22.5415, -13.457999999999998]",-8.82479914719081,"[-12.368933225070561, -7.695307803822333]",12,5,60,10000
cpu,stock,2,grid_pollution,hot_first,1,94,complete_us,route,final,181.333,160.6875,180.85399999999998,159.25,-15.813000000000002,"[-22.5205, -13.4585]",-8.812027418749024,"[-12.357333642655528, -7.671747845466337]",12,5,60,10000
cpu,stock,2,grid_pollution,hot_return,1,94,draw_us,master,current,211.70850000000002,232.2705,210.9795,232.33350000000002,16.813500000000005,"[11.625, 25.1665]",8.083293952092962,"[5.4676343078296945, 11.890408876602187]",12,5,60,10000
cpu,stock,2,grid_pollution,hot_return,1,94,submit_us,master,current,211.813,232.3955,211.1045,232.45850000000002,16.792500000000004,"[11.5835, 25.104]",8.067830654087548,"[5.44443471768613, 11.902451336237775]",12,5,60,10000
cpu,stock,2,grid_pollution,hot_return,1,94,complete_us,master,current,211.85399999999998,232.3955,211.125,232.47899999999998,16.771,"[11.604, 25.1045]",8.056328604901296,"[5.453940112577326, 11.89074810137476]",12,5,60,10000
cpu,stock,2,grid_pollution,hot_return,1,94,draw_us,master,final,211.70850000000002,208.1045,210.9795,205.125,-8.5,"[-11.707999999999998, -4.938000000000002]",-3.987317462977213,"[-5.39750564785243, -2.363127268707416]",12,5,60,10000
cpu,stock,2,grid_pollution,hot_return,1,94,submit_us,master,final,211.813,208.209,211.1045,205.20850000000002,-8.4375,"[-11.770499999999998, -4.957999999999998]",-3.9562490549976017,"[-5.42276959656332, -2.371097893450819]",12,5,60,10000
cpu,stock,2,grid_pollution,hot_return,1,94,complete_us,master,final,211.85399999999998,208.2295,211.125,205.22899999999998,-8.4585,"[-11.771, -4.958500000000001]",-3.9650712937624952,"[-5.4224460231623475, -2.3712182854292996]",12,5,60,10000
cpu,stock,2,grid_pollution,hot_return,1,94,draw_us,master,route,211.70850000000002,217.41649999999998,210.9795,218.125,5.021000000000001,"[2.4375, 11.563000000000002]",2.402245021352878,"[1.1428321935938013, 5.636857965513153]",12,5,60,10000
cpu,stock,2,grid_pollution,hot_return,1,94,submit_us,master,route,211.813,217.54149999999998,211.1045,218.25,5.063000000000002,"[2.4579999999999984, 11.521500000000003]",2.4214067548187446,"[1.1512002698384038, 5.61297349635399]",12,5,60,10000
cpu,stock,2,grid_pollution,hot_return,1,94,complete_us,master,route,211.85399999999998,217.542,211.125,218.25,5.021500000000003,"[2.4579999999999984, 11.542500000000004]",2.4010845300528882,"[1.151108348982266, 5.62251582902118]",12,5,60,10000
cpu,stock,2,grid_pollution,hot_return,1,94,draw_us,current,final,232.2705,208.1045,232.33350000000002,205.125,-27.646500000000003,"[-34.688, -19.478499999999997]",-11.97052923159665,"[-14.34837152254979, -8.562339116745848]",12,5,60,10000
cpu,stock,2,grid_pollution,hot_return,1,94,submit_us,current,final,232.3955,208.209,232.45850000000002,205.20850000000002,-27.667,"[-34.6665, -19.521]",-11.964450100153172,"[-14.331770836514657, -8.576276334850853]",12,5,60,10000
cpu,stock,2,grid_pollution,hot_return,1,94,complete_us,current,final,232.3955,208.2295,232.47899999999998,205.22899999999998,-27.667,"[-34.688, -19.5205]",-11.964040569384748,"[-14.33799654037805, -8.575279859755069]",12,5,60,10000
cpu,stock,2,grid_pollution,hot_return,1,94,draw_us,current,route,232.2705,217.41649999999998,232.33350000000002,218.125,-10.854500000000002,"[-20.458, -7.208500000000001]",-4.717680846157052,"[-8.489400115576018, -3.2776088187320362]",12,5,60,10000
cpu,stock,2,grid_pollution,hot_return,1,94,submit_us,current,route,232.3955,217.54149999999998,232.45850000000002,218.25,-10.8335,"[-20.5205, -7.188000000000002]",-4.70755420063168,"[-8.509332764615262, -3.2665008540461837]",12,5,60,10000
cpu,stock,2,grid_pollution,hot_return,1,94,complete_us,current,route,232.3955,217.542,232.47899999999998,218.25,-10.8335,"[-20.499499999999998, -7.207999999999998]",-4.7070954427154525,"[-8.499724780932905, -3.274706061232985]",12,5,60,10000
cpu,stock,2,grid_pollution,hot_return,1,94,draw_us,route,final,217.41649999999998,208.1045,218.125,205.125,-13.790999999999997,"[-19.875500000000002, -7.645499999999998]",-6.394238081456367,"[-8.881932197956433, -3.520093457943924]",12,5,60,10000
cpu,stock,2,grid_pollution,hot_return,1,94,submit_us,route,final,217.54149999999998,208.209,218.25,205.20850000000002,-13.832999999999998,"[-19.854, -7.708500000000001]",-6.409425543000236,"[-8.86902172572861, -3.5462927308299252]",12,5,60,10000
cpu,stock,2,grid_pollution,hot_return,1,94,complete_us,route,final,217.542,208.2295,218.25,205.22899999999998,-13.8125,"[-19.875500000000002, -7.708500000000001]",-6.399736719648752,"[-8.876973528290499, -3.545930108035078]",12,5,60,10000
cpu,stock,2,grid_pollution,hot_second,1,94,draw_us,master,current,168.02100000000002,136.77100000000002,168.54149999999998,136.77100000000002,-32.1045,"[-36.2295, -27.708]",-19.09412567164548,"[-21.228355788967797, -17.09120788546064]",12,5,60,10000
cpu,stock,2,grid_pollution,hot_second,1,94,submit_us,master,current,168.08350000000002,136.833,168.625,136.833,-32.125,"[-36.272000000000006, -27.688000000000002]",-19.097913660417156,"[-21.23294151741485, -17.07191357969679]",12,5,60,10000
cpu,stock,2,grid_pollution,hot_second,1,94,complete_us,master,current,168.1045,136.875,168.625,136.875,-32.104,"[-36.2505, -27.709000000000003]",-19.08444132681651,"[-21.230572903282734, -17.082964938000693]",12,5,60,10000
cpu,stock,2,grid_pollution,hot_second,1,94,draw_us,master,final,168.02100000000002,134.5005,168.54149999999998,135.125,-34.917,"[-37.437, -32.2085]",-20.875308573635948,"[-22.151275683450155, -19.367651089312886]",12,5,60,10000
cpu,stock,2,grid_pollution,hot_second,1,94,submit_us,master,final,168.08350000000002,134.5625,168.625,135.1875,-34.9585,"[-37.4585, -32.229]",-20.87628724579832,"[-22.155499013447393, -19.370460006430207]",12,5,60,10000
cpu,stock,2,grid_pollution,hot_second,1,94,complete_us,master,final,168.1045,134.6045,168.625,135.22899999999998,-34.979,"[-37.458, -32.208]",-20.87628724579832,"[-22.153024125459165, -19.345700266900685]",12,5,60,10000
cpu,stock,2,grid_pollution,hot_second,1,94,draw_us,master,route,168.02100000000002,137.10399999999998,168.54149999999998,136.792,-31.2705,"[-34.583, -26.104]",-19.08880441088258,"[-20.43682376699222, -15.652291007681146]",12,5,60,10000
cpu,stock,2,grid_pollution,hot_second,1,94,submit_us,master,route,168.08350000000002,137.1455,168.625,136.833,-31.2705,"[-34.626000000000005, -26.125]",-19.079113529946476,"[-20.429337436530403, -15.656827204539297]",12,5,60,10000
cpu,stock,2,grid_pollution,hot_second,1,94,complete_us,master,route,168.1045,137.16649999999998,168.625,136.875,-31.229,"[-34.6045, -26.0835]",-19.052489632592824,"[-20.427012652858714, -15.632189407109859]",12,5,60,10000
cpu,stock,2,grid_pollution,hot_second,1,94,draw_us,current,final,136.77100000000002,134.5005,136.77100000000002,135.125,-1.9164999999999992,"[-3.9795000000000016, -0.625]",-1.4755338860622524,"[-2.837473445003197, -0.4827927368865448]",12,5,60,10000
cpu,stock,2,grid_pollution,hot_second,1,94,submit_us,current,final,136.833,134.5625,136.833,135.1875,-1.8954999999999984,"[-3.978999999999999, -0.6244999999999976]",-1.4582934593762975,"[-2.835859829238907, -0.48227499060379264]",12,5,60,10000
cpu,stock,2,grid_pollution,hot_second,1,94,complete_us,current,final,136.875,134.6045,136.875,135.22899999999998,-1.9164999999999992,"[-3.9795000000000016, -0.6244999999999976]",-1.474554722287319,"[-2.8357759705307686, -0.4822936699430791]",12,5,60,10000
cpu,stock,2,grid_pollution,hot_second,1,94,draw_us,current,route,136.77100000000002,137.10399999999998,136.77100000000002,136.792,0.7085000000000008,"[-0.6659999999999968, 1.667500000000004]",0.5225547215760074,"[-0.4842917259460455, 1.2159569702770212]",12,5,60,10000
cpu,stock,2,grid_pollution,hot_second,1,94,submit_us,current,route,136.833,137.1455,136.833,136.833,0.730000000000004,"[-0.6664999999999992, 1.6465000000000032]",0.5387735403328375,"[-0.48473723928855184, 1.208524663053978]",12,5,60,10000
cpu,stock,2,grid_pollution,hot_second,1,94,complete_us,current,route,136.875,137.16649999999998,136.875,136.875,0.7505000000000024,"[-0.6875, 1.6670000000000016]",0.5535041498207938,"[-0.49955798513196537, 1.214847847269851]",12,5,60,10000
cpu,stock,2,grid_pollution,hot_second,1,94,draw_us,route,final,137.10399999999998,134.5005,136.792,135.125,-3.021500000000003,"[-6.686999999999998, 0.6454999999999984]",-2.263722916931937,"[-4.854294532494197, 0.47172026083498464]",12,5,60,10000
cpu,stock,2,grid_pollution,hot_second,1,94,submit_us,route,final,137.1455,134.5625,136.833,135.1875,-3.021000000000001,"[-6.6875, 0.6670000000000016]",-2.261566800182546,"[-4.852467717349612, 0.48740507452174064]",12,5,60,10000
cpu,stock,2,grid_pollution,hot_second,1,94,complete_us,route,final,137.16649999999998,134.6045,136.875,135.22899999999998,-3.0625,"[-6.707999999999998, 0.6255000000000024]",-2.279392941179481,"[-4.866240691075852, 0.45692932538197173]",12,5,60,10000
cpu,stock,2,grid_pollution,pollution,64,6016,draw_us,master,current,200.258125,222.882836,200.258125,222.6559215,22.323570000000004,"[20.972625000000008, 24.7402735]",11.484026808178848,"[10.576129133627255, 12.43634626900496]",12,5,60,10000
cpu,stock,2,grid_pollution,pollution,64,6016,submit_us,master,current,200.31475799999998,222.9387425,200.31475799999998,222.718422,22.32628100000001,"[20.967147999999995, 24.742469000000014]",11.478849833156834,"[10.570069669202864, 12.43512475424382]",12,5,60,10000
cpu,stock,2,grid_pollution,pollution,64,6016,complete_us,master,current,200.338203,222.960914,200.338203,222.737992,22.326546499999992,"[20.968132499999996, 24.743804499999996]",11.47904566057666,"[10.569339907138776, 12.434903383836692]",12,5,60,10000
cpu,stock,2,grid_pollution,pollution,64,6016,draw_us,master,final,200.258125,191.47717949999998,200.258125,190.96776549999998,-8.966202999999979,"[-9.2909765, -8.557999999999993]",-4.559701463369587,"[-4.662135421122565, -4.317800435807618]",12,5,60,10000
cpu,stock,2,grid_pollution,pollution,64,6016,submit_us,master,final,200.31475799999998,191.531906,200.31475799999998,191.02642200000003,-8.971578499999978,"[-9.297094000000001, -8.5606255]",-4.562704199901146,"[-4.661520578939621, -4.319096787766464]",12,5,60,10000
cpu,stock,2,grid_pollution,pollution,64,6016,complete_us,master,final,200.338203,191.55796099999998,200.338203,191.04724199999998,-8.969688000000005,"[-9.294500499999998, -8.564843999999994]",-4.560983855668327,"[-4.660213082846248, -4.31909133003413]",12,5,60,10000
cpu,stock,2,grid_pollution,pollution,64,6016,draw_us,master,route,200.258125,211.90592199999998,200.258125,212.2402735,11.470656500000004,"[10.648788999999994, 12.033890500000012]",5.809445628603161,"[5.308643306402782, 5.992001321458762]",12,5,60,10000
cpu,stock,2,grid_pollution,pollution,64,6016,submit_us,master,route,200.31475799999998,211.9615625,200.31475799999998,212.2953045,11.469350999999989,"[10.643249499999996, 12.031914]",5.804221142912036,"[5.305901103032129, 5.9891887173754155]",12,5,60,10000
cpu,stock,2,grid_pollution,pollution,64,6016,complete_us,master,route,200.338203,211.984375,200.338203,212.31610949999998,11.469007500000004,"[10.642945499999996, 12.033828000000014]",5.8049971061691625,"[5.302267654991654, 5.989577265513679]",12,5,60,10000
cpu,stock,2,grid_pollution,pollution,64,6016,draw_us,current,final,222.882836,191.47717949999998,222.6559215,190.96776549999998,-31.780336000000005,"[-32.973296500000004, -31.0696715]",-14.439942534424738,"[-14.800845991185646, -14.072835201484379]",12,5,60,10000
cpu,stock,2,grid_pollution,pollution,64,6016,submit_us,current,final,222.9387425,191.531906,222.718422,191.02642200000003,-31.779976500000004,"[-32.975828500000006, -31.0770785]",-14.435437061704949,"[-14.798609505096831, -14.071432995120803]",12,5,60,10000
cpu,stock,2,grid_pollution,pollution,64,6016,complete_us,current,final,222.960914,191.55796099999998,222.737992,191.04724199999998,-31.78263249999999,"[-32.97872650000001, -31.074484499999997]",-14.43465499080892,"[-14.797990495172915, -14.069875422962424]",12,5,60,10000
cpu,stock,2,grid_pollution,pollution,64,6016,draw_us,current,route,222.882836,211.90592199999998,222.6559215,212.2402735,-11.668625000000006,"[-12.957343500000007, -9.976898500000004]",-5.307415693502487,"[-5.730732207233885, -4.554906521272739]",12,5,60,10000
cpu,stock,2,grid_pollution,pollution,64,6016,submit_us,current,route,222.9387425,211.9615625,222.718422,212.2953045,-11.678125000000009,"[-12.9628285, -9.975975999999989]",-5.3087407682264,"[-5.731643176599688, -4.553291170169565]",12,5,60,10000
cpu,stock,2,grid_pollution,pollution,64,6016,complete_us,current,route,222.960914,211.984375,222.737992,212.31610949999998,-11.676132499999994,"[-12.965125, -9.978897999999987]",-5.307825194853755,"[-5.732087290278725, -4.554156221294781]",12,5,60,10000
cpu,stock,2,grid_pollution,pollution,64,6016,draw_us,route,final,211.90592199999998,191.47717949999998,212.2402735,190.96776549999998,-19.96678899999999,"[-21.190414000000004, -19.568101499999997]",-9.585851830245872,"[-9.955190548989728, -9.246144305620879]",12,5,60,10000
cpu,stock,2,grid_pollution,pollution,64,6016,submit_us,route,final,211.9615625,191.531906,212.2953045,191.02642200000003,-19.96899999999998,"[-21.197242000000003, -19.572296500000007]",-9.586997724490216,"[-9.955633072908604, -9.244968651206513]",12,5,60,10000
cpu,stock,2,grid_pollution,pollution,64,6016,complete_us,route,final,211.984375,191.55796099999998,212.31610949999998,191.04724199999998,-19.967414500000004,"[-21.19658600000001, -19.56873449999999]",-9.585612721407593,"[-9.954340426586416, -9.242564199670184]",12,5,60,10000
cpu,stock,2,grid_singleton,once,1,94,draw_us,master,current,243.70850000000002,261.08299999999997,244.91649999999998,262.125,17.854499999999987,"[13.582999999999984, 22.08250000000001]",7.35554645554275,"[5.4248457476730465, 9.279116924527752]",12,5,60,10000
cpu,stock,2,grid_singleton,once,1,94,submit_us,master,current,243.83350000000002,261.1875,245.04149999999998,262.22950000000003,17.854499999999987,"[13.582999999999984, 22.062000000000012]",7.352393077517205,"[5.42213881138196, 9.265636676633815]",12,5,60,10000
cpu,stock,2,grid_singleton,once,1,94,complete_us,master,current,243.8545,261.20799999999997,245.0625,262.25,17.875000000000014,"[13.5835, 22.062000000000012]",7.360357585755506,"[5.4214504638023575, 9.265636676633815]",12,5,60,10000
cpu,stock,2,grid_singleton,once,1,94,draw_us,master,final,243.70850000000002,187.0205,244.91649999999998,187.062,-58.1875,"[-62.167, -53.3755]",-23.72890937460938,"[-25.01349919654743, -22.975336575096012]",12,5,60,10000
cpu,stock,2,grid_singleton,once,1,94,submit_us,master,final,243.83350000000002,187.16649999999998,245.04149999999998,187.187,-58.1875,"[-62.167, -53.313]",-23.70923710868753,"[-25.0092148647322, -22.963728198052493]",12,5,60,10000
cpu,stock,2,grid_singleton,once,1,94,complete_us,master,final,243.8545,187.16649999999998,245.0625,187.208,-58.188,"[-62.146, -53.313]",-23.705075411415088,"[-25.021808474297075, -22.953527873575176]",12,5,60,10000
cpu,stock,2,grid_singleton,once,1,94,draw_us,master,route,243.70850000000002,200.375,244.91649999999998,199.27100000000002,-44.7295,"[-50.646, -41.313]",-18.454690204446592,"[-20.37138670408369, -17.33442875116267]",12,5,60,10000
cpu,stock,2,grid_singleton,once,1,94,submit_us,master,route,243.83350000000002,200.4795,245.04149999999998,199.3545,-44.7295,"[-50.6465, -41.2915]",-18.445174368413518,"[-20.377792208305056, -17.3182435928206]",12,5,60,10000
cpu,stock,2,grid_singleton,once,1,94,complete_us,master,route,243.8545,200.52100000000002,245.0625,199.3545,-44.688,"[-50.688, -41.292]",-18.42836138149524,"[-20.390828706547108, -17.3182435928206]",12,5,60,10000
cpu,stock,2,grid_singleton,once,1,94,draw_us,current,final,261.08299999999997,187.0205,262.125,187.062,-75.75049999999997,"[-79.91649999999998, -71.312]",-28.509539609928645,"[-30.407776381730866, -27.31380331611576]",12,5,60,10000
cpu,stock,2,grid_singleton,once,1,94,submit_us,current,final,261.1875,187.16649999999998,262.22950000000003,187.187,-75.792,"[-79.93749999999999, -71.3125]",-28.507429924704255,"[-30.392719504084077, -27.303076402974984]",12,5,60,10000
cpu,stock,2,grid_singleton,once,1,94,complete_us,current,final,261.20799999999997,187.16649999999998,262.25,187.208,-75.79249999999999,"[-79.979, -71.3125]",-28.505384571366033,"[-30.39011233952555, -27.30094386044533]",12,5,60,10000
cpu,stock,2,grid_singleton,once,1,94,draw_us,current,route,261.08299999999997,200.375,262.125,199.27100000000002,-62.166499999999985,"[-67.08349999999997, -59.16650000000001]",-23.566448256142795,"[-25.209908472365385, -22.753079677818565]",12,5,60,10000
cpu,stock,2,grid_singleton,once,1,94,submit_us,current,route,261.1875,200.4795,262.22950000000003,199.3545,-62.2085,"[-67.10399999999997, -59.1665]",-23.5693701419187,"[-25.20575192263108, -22.74196419251135]",12,5,60,10000
cpu,stock,2,grid_singleton,once,1,94,complete_us,current,route,261.20799999999997,200.52100000000002,262.25,199.3545,-62.208,"[-67.12450000000001, -59.20849999999999]",-23.56748015005406,"[-25.209501902272386, -22.754435500363524]",12,5,60,10000
cpu,stock,2,grid_singleton,once,1,94,draw_us,route,final,200.375,187.0205,199.27100000000002,187.062,-12.792000000000002,"[-14.9585, -9.271500000000003]",-6.653008005665817,"[-7.300534958015703, -4.691647687610246]",12,5,60,10000
cpu,stock,2,grid_singleton,once,1,94,submit_us,route,final,200.4795,187.16649999999998,199.3545,187.187,-12.771500000000003,"[-14.9585, -9.250500000000002]",-6.638256606936488,"[-7.296083865908026, -4.689109240556666]",12,5,60,10000
cpu,stock,2,grid_singleton,once,1,94,complete_us,route,final,200.52100000000002,187.16649999999998,199.3545,187.208,-12.7915,"[-14.959000000000003, -9.230000000000004]",-6.646068512611459,"[-7.295587953963622, -4.689109240556666]",12,5,60,10000
cpu,stock,2,grid_two_phases,first,1,94,draw_us,master,current,199.958,219.95850000000002,201.0205,219.95850000000002,19.896,"[16.3335, 23.271]",9.78420026996939,"[7.977668409038408, 12.033014918694441]",12,5,60,10000
cpu,stock,2,grid_two_phases,first,1,94,submit_us,master,current,200.10399999999998,220.08350000000002,201.1455,220.08350000000002,19.875,"[16.3335, 23.25]",9.76808878145895,"[7.973595039834547, 12.015189457111342]",12,5,60,10000
cpu,stock,2,grid_two_phases,first,1,94,complete_us,master,current,200.1455,220.1045,201.16649999999998,220.1045,19.896,"[16.3335, 23.25]",9.7776925423655,"[7.972800112537925, 12.013776000882748]",12,5,60,10000
cpu,stock,2,grid_two_phases,first,1,94,draw_us,master,final,199.958,146.35399999999998,201.0205,143.7495,-57.1665,"[-59.438, -49.2285]",-28.23613482662543,"[-29.01030324774034, -25.98586023958681]",12,5,60,10000
cpu,stock,2,grid_two_phases,first,1,94,submit_us,master,final,200.10399999999998,146.416,201.1455,143.85399999999998,-57.1455,"[-59.479, -49.2705]",-28.20401919234924,"[-29.00236033200634, -25.971640655111138]",12,5,60,10000
cpu,stock,2,grid_two_phases,first,1,94,complete_us,master,final,200.1455,146.4375,201.16649999999998,143.8745,-57.1455,"[-59.4795, -49.271]",-28.201147807364457,"[-29.00236033200634, -25.976792677720056]",12,5,60,10000
cpu,stock,2,grid_two_phases,first,1,94,draw_us,master,route,199.958,164.16649999999998,201.0205,165.8755,-35.4995,"[-40.7285, -32.3955]",-17.793771539851242,"[-19.80202774305055, -16.336800308072306]",12,5,60,10000
cpu,stock,2,grid_two_phases,first,1,94,submit_us,master,route,200.10399999999998,164.25,201.1455,165.9795,-35.4995,"[-40.7705, -32.4165]",-17.773788630063628,"[-19.81040415841401, -16.345894722967344]",12,5,60,10000
cpu,stock,2,grid_two_phases,first,1,94,complete_us,master,route,200.1455,164.29149999999998,201.16649999999998,165.9795,-35.4995,"[-40.7915, -32.4375]",-17.791560999088993,"[-19.816666314371815, -16.354579241610562]",12,5,60,10000
cpu,stock,2,grid_two_phases,first,1,94,draw_us,current,final,219.95850000000002,146.35399999999998,219.95850000000002,143.7495,-76.313,"[-78.75, -73.7085]",-34.587116482943934,"[-35.267144916716006, -33.56980047441724]",12,5,60,10000
cpu,stock,2,grid_two_phases,first,1,94,submit_us,current,final,220.08350000000002,146.416,220.08350000000002,143.85399999999998,-76.2915,"[-78.7705, -73.708]",-34.579803561564965,"[-35.24425342043917, -33.545097248344874]",12,5,60,10000
cpu,stock,2,grid_two_phases,first,1,94,complete_us,current,final,220.1045,146.4375,220.1045,143.8745,-76.271,"[-78.7915, -73.7085]",-34.57634105448861,"[-35.23481002781976, -33.539089133089135]",12,5,60,10000
cpu,stock,2,grid_two_phases,first,1,94,draw_us,current,route,219.95850000000002,164.16649999999998,219.95850000000002,165.8755,-55.2495,"[-57.979, -53.062]",-25.273184874894987,"[-26.23382850769359, -24.018357317795452]",12,5,60,10000
cpu,stock,2,grid_two_phases,first,1,94,submit_us,current,route,220.08350000000002,164.25,220.08350000000002,165.9795,-55.2705,"[-57.958, -53.062]",-25.270707833036283,"[-26.22859246584492, -24.009335619996246]",12,5,60,10000
cpu,stock,2,grid_two_phases,first,1,94,complete_us,current,route,220.1045,164.29149999999998,220.1045,165.9795,-55.271,"[-57.979, -53.062]",-25.268291287641176,"[-26.242848416808478, -24.007253284362115]",12,5,60,10000
cpu,stock,2,grid_two_phases,first,1,94,draw_us,route,final,164.16649999999998,146.35399999999998,165.8755,143.7495,-20.438000000000002,"[-22.875500000000002, -15.813000000000002]",-12.175616907479842,"[-13.835998914914345, -9.527695463382546]",12,5,60,10000
cpu,stock,2,grid_two_phases,first,1,94,submit_us,route,final,164.25,146.416,165.9795,143.85399999999998,-20.4585,"[-22.875, -15.792000000000002]",-12.181782724558033,"[-13.826860964957987, -9.50900163925608]",12,5,60,10000
cpu,stock,2,grid_two_phases,first,1,94,complete_us,route,final,164.29149999999998,146.4375,165.9795,143.8745,-20.479,"[-22.875500000000002, -15.771500000000003]",-12.190964695880213,"[-13.825545773952364, -9.49554040015148]",12,5,60,10000
cpu,stock,2,grid_two_phases,second,1,94,draw_us,master,current,172.3125,138.95850000000002,172.312,138.1455,-37.1875,"[-41.438, -33.2915]",-20.85148319910108,"[-23.856129385666762, -19.146653482305524]",12,5,60,10000
cpu,stock,2,grid_two_phases,second,1,94,submit_us,master,current,172.375,139.0005,172.3955,138.20850000000002,-37.1875,"[-41.4585, -33.3335]",-20.841719765096357,"[-23.85346088432079, -19.159299237910115]",12,5,60,10000
cpu,stock,2,grid_two_phases,second,1,94,complete_us,master,current,172.3955,139.042,172.41649999999998,138.25,-37.208,"[-41.459, -33.3335]",-20.85068951807207,"[-23.851386163886183, -19.157036768581815]",12,5,60,10000
cpu,stock,2,grid_two_phases,second,1,94,draw_us,master,final,172.3125,135.3955,172.312,135.7705,-38.167500000000004,"[-42.6045, -32.3335]",-21.581805779948944,"[-24.531834053085397, -19.315423889180273]",12,5,60,10000
cpu,stock,2,grid_two_phases,second,1,94,submit_us,master,final,172.375,135.47899999999998,172.3955,135.833,-38.188,"[-42.667, -32.396]",-21.583111756786554,"[-24.552930423604543, -19.331037543853945]",12,5,60,10000
cpu,stock,2,grid_two_phases,second,1,94,complete_us,master,final,172.3955,135.5,172.41649999999998,135.85399999999998,-38.167,"[-42.646, -32.3545]",-21.590055406012624,"[-24.53804297969906, -19.31645859890912]",12,5,60,10000
cpu,stock,2,grid_two_phases,second,1,94,draw_us,master,route,172.3125,138.8125,172.312,140.6875,-33.667,"[-38.104, -29.771]",-19.417844461655804,"[-21.903123665239445, -17.38148206089656]",12,5,60,10000
cpu,stock,2,grid_two_phases,second,1,94,submit_us,master,route,172.375,138.8755,172.3955,140.7505,-33.7295,"[-38.104, -29.792]",-19.364679958000927,"[-21.89187252236627, -17.382943792993665]",12,5,60,10000
cpu,stock,2,grid_two_phases,second,1,94,complete_us,master,route,172.3955,138.917,172.41649999999998,140.79149999999998,-33.7085,"[-38.125, -29.792]",-19.3504196401356,"[-21.899070546879983, -17.3808513922894]",12,5,60,10000
cpu,stock,2,grid_two_phases,second,1,94,draw_us,current,final,138.95850000000002,135.3955,138.1455,135.7705,-1.5210000000000008,"[-3.2920000000000016, -0.0625]",-1.131417009673663,"[-2.4209542116552294, -0.049065603916775835]",12,5,60,10000
cpu,stock,2,grid_two_phases,second,1,94,submit_us,current,final,139.0005,135.47899999999998,138.20850000000002,135.833,-1.5420000000000016,"[-3.2920000000000016, -0.08400000000000318]",-1.1471350797814306,"[-2.4197729956090486, -0.06459815972757466]",12,5,60,10000
cpu,stock,2,grid_two_phases,second,1,94,complete_us,current,final,139.042,135.5,138.25,135.85399999999998,-1.5,"[-3.291499999999999, -0.0835000000000008]",-1.115803633259188,"[-2.419086913627649, -0.06421605464126956]",12,5,60,10000
cpu,stock,2,grid_two_phases,second,1,94,draw_us,current,route,138.95850000000002,138.8125,138.1455,140.6875,2.75,"[-2.5204999999999984, 5.063000000000002]",2.098451219170505,"[-1.789843337859881, 3.656037102960641]",12,5,60,10000
cpu,stock,2,grid_two_phases,second,1,94,submit_us,current,route,139.0005,138.8755,138.20850000000002,140.7505,2.7920000000000016,"[-2.540999999999997, 5.020499999999998]",2.128842734702896,"[-1.8030754153807615, 3.6233081571646175]",12,5,60,10000
cpu,stock,2,grid_two_phases,second,1,94,complete_us,current,route,139.042,138.917,138.25,140.79149999999998,2.771500000000003,"[-2.5204999999999984, 5.021000000000001]",2.1136090100591254,"[-1.7885834813791524, 3.6229254268667965]",12,5,60,10000
cpu,stock,2,grid_two_phases,second,1,94,draw_us,route,final,138.8125,135.3955,140.6875,135.7705,-5.021500000000003,"[-7.979500000000002, -0.0835000000000008]",-3.531776376927631,"[-5.550506723573905, -0.06545129451316911]",12,5,60,10000
cpu,stock,2,grid_two_phases,second,1,94,submit_us,route,final,138.8755,135.47899999999998,140.7505,135.833,-5.021500000000003,"[-7.979500000000002, -0.10500000000000398]",-3.516216495076596,"[-5.548903249982246, -0.08082807263653513]",12,5,60,10000
cpu,stock,2,grid_two_phases,second,1,94,complete_us,route,final,138.917,135.5,140.79149999999998,135.85399999999998,-4.979500000000002,"[-7.979500000000002, -0.10450000000000159]",-3.487508691653768,"[-5.547283063115177, -0.08056174649723746]",12,5,60,10000
cpu,stock,2,grid_unique_sizes,sweep,32,3008,draw_us,master,current,183.366547,207.599594,182.939406,207.8769535,24.2558595,"[23.5494535, 25.355468499999986]",13.28022279732407,"[12.804821491745255, 13.968325214094978]",12,5,60,10000
cpu,stock,2,grid_unique_sizes,sweep,32,3008,submit_us,master,current,183.42975,207.663406,183.00251550000002,207.93945300000001,24.257125499999987,"[23.5493745, 25.358672000000013]",13.277304916081324,"[12.799731000053704, 13.962986620953256]",12,5,60,10000
cpu,stock,2,grid_unique_sizes,sweep,32,3008,complete_us,master,current,183.44925,207.679047,183.02664049999998,207.95698449999998,24.256546999999998,"[23.546843999999993, 25.35287500000001]",13.272778558643905,"[12.799565015469028, 13.96195640193445]",12,5,60,10000
cpu,stock,2,grid_unique_sizes,sweep,32,3008,draw_us,master,final,183.366547,175.127594,182.939406,175.4042815,-8.304718499999993,"[-9.799453000000014, -7.677655999999999]",-4.6483126605877505,"[-5.400863988371207, -4.212685167226665]",12,5,60,10000
cpu,stock,2,grid_unique_sizes,sweep,32,3008,submit_us,master,final,183.42975,175.18803150000002,183.00251550000002,175.4654845,-8.304656499999993,"[-9.794265500000009, -7.6768749999999955]",-4.647453260539735,"[-5.396262213440056, -4.2111862518662]",12,5,60,10000
cpu,stock,2,grid_unique_sizes,sweep,32,3008,complete_us,master,final,183.44925,175.20632799999998,183.02664049999998,175.486969,-8.304640500000005,"[-9.800781, -7.680780999999996]",-4.648738567008332,"[-5.399138330597242, -4.214200281834096]",12,5,60,10000
cpu,stock,2,grid_unique_sizes,sweep,32,3008,draw_us,master,route,183.366547,195.2525625,182.939406,195.813828,11.659453,"[10.491530999999995, 13.294969000000009]",6.427474098780106,"[5.695785212268179, 7.267214640455855]",12,5,60,10000
cpu,stock,2,grid_unique_sizes,sweep,32,3008,submit_us,master,route,183.42975,195.30981250000002,183.00251550000002,195.8731875,11.659453499999998,"[10.489578499999993, 13.293781499999994]",6.425458070492218,"[5.695270659640206, 7.264047956137953]",12,5,60,10000
cpu,stock,2,grid_unique_sizes,sweep,32,3008,complete_us,master,route,183.44925,195.333875,183.02664049999998,195.8940935,11.660187500000006,"[10.488406499999996, 13.289187499999997]",6.424998424430117,"[5.691411318667294, 7.26058922303543]",12,5,60,10000
cpu,stock,2,grid_unique_sizes,sweep,32,3008,draw_us,current,final,207.599594,175.127594,207.8769535,175.4042815,-32.272203000000005,"[-33.567015, -30.85612549999999]",-15.450150557367914,"[-16.444215013607014, -15.15728170431746]",12,5,60,10000
cpu,stock,2,grid_unique_sizes,sweep,32,3008,submit_us,current,final,207.663406,175.18803150000002,207.93945300000001,175.4654845,-32.270875000000004,"[-33.57354749999999, -30.8579685]",-15.444927229077589,"[-16.442194421788653, -15.151046768371351]",12,5,60,10000
cpu,stock,2,grid_unique_sizes,sweep,32,3008,complete_us,current,final,207.679047,175.20632799999998,207.95698449999998,175.486969,-32.266296999999994,"[-33.568374500000004, -30.856062499999993]",-15.442779844860848,"[-16.43852620356568, -15.149953943757893]",12,5,60,10000
cpu,stock,2,grid_unique_sizes,sweep,32,3008,draw_us,current,route,207.599594,195.2525625,207.8769535,195.813828,-11.519547000000003,"[-14.604171499999993, -10.216765499999994]",-5.518942008621441,"[-6.986553170608095, -5.041047778725371]",12,5,60,10000
cpu,stock,2,grid_unique_sizes,sweep,32,3008,submit_us,current,route,207.663406,195.30981250000002,207.93945300000001,195.8731875,-11.516312499999998,"[-14.608000500000017, -10.214827999999997]",-5.51571502741252,"[-6.985101417647072, -5.038510491857973]",12,5,60,10000
cpu,stock,2,grid_unique_sizes,sweep,32,3008,complete_us,current,route,207.679047,195.333875,207.95698449999998,195.8940935,-11.516906500000005,"[-14.602750000000015, -10.208937500000005]",-5.51553838875114,"[-6.983805891808581, -5.035192677974104]",12,5,60,10000
cpu,stock,2,grid_unique_sizes,sweep,32,3008,draw_us,route,final,195.2525625,175.127594,195.813828,175.4042815,-20.528577999999996,"[-21.001312499999997, -19.029890499999993]",-10.40723894335786,"[-10.817322557245628, -10.09905480023449]",12,5,60,10000
cpu,stock,2,grid_unique_sizes,sweep,32,3008,submit_us,route,final,195.30981250000002,175.18803150000002,195.8731875,175.4654845,-20.525265500000003,"[-21.00003149999999, -19.031796999999983]",-10.402767200133667,"[-10.814242617457243, -10.097462788005963]",12,5,60,10000
cpu,stock,2,grid_unique_sizes,sweep,32,3008,complete_us,route,final,195.333875,175.20632799999998,195.8940935,175.486969,-20.523359,"[-21.001968500000004, -19.031875499999998]",-10.40050344170882,"[-10.814552794128346, -10.0958830497206]",12,5,60,10000
cpu,stock,2,grid_unique_variations,sweep,32,3008,draw_us,master,current,244.3404375,270.193375,243.4238595,270.2845,26.154905999999997,"[25.102844000000005, 27.466125500000018]",10.885884703469383,"[10.372159421153416, 11.231579098800971]",12,5,60,10000
cpu,stock,2,grid_unique_variations,sweep,32,3008,submit_us,master,current,244.402984,270.2512655,243.486297,270.3443595,26.149765500000015,"[25.104812499999994, 27.458375000000004]",10.879442812679008,"[10.37007561527864, 11.226762122094103]",12,5,60,10000
cpu,stock,2,grid_unique_variations,sweep,32,3008,complete_us,master,current,244.4206565,270.27335949999997,243.50779699999998,270.3684375,26.150374999999997,"[25.105515999999994, 27.4577185]",10.880740085824447,"[10.369500655312734, 11.223678603252342]",12,5,60,10000
cpu,stock,2,grid_unique_variations,sweep,32,3008,draw_us,master,final,244.3404375,171.94074999999998,243.4238595,172.268203,-72.72198499999999,"[-73.176422, -70.915375]",-29.71775597822073,"[-29.959799503507412, -29.132517935650643]",12,5,60,10000
cpu,stock,2,grid_unique_variations,sweep,32,3008,submit_us,master,final,244.402984,171.9987345,243.486297,172.33457800000002,-72.718125,"[-73.175141, -70.9205625]",-29.71274725929731,"[-29.949983050298783, -29.127175853444378]",12,5,60,10000
cpu,stock,2,grid_unique_variations,sweep,32,3008,complete_us,master,final,244.4206565,172.020172,243.50779699999998,172.3476405,-72.72785950000001,"[-73.18356299999999, -70.919328]",-29.711986323982003,"[-29.951809690799085, -29.124102070905714]",12,5,60,10000
cpu,stock,2,grid_unique_variations,sweep,32,3008,draw_us,master,route,244.3404375,191.5579845,243.4238595,191.540391,-52.55010999999999,"[-52.832078499999994, -51.30399999999999]",-21.64984495750305,"[-21.964715250037475, -21.219716319102268]",12,5,60,10000
cpu,stock,2,grid_unique_variations,sweep,32,3008,submit_us,master,route,244.402984,191.615953,243.486297,191.59775000000002,-52.5546875,"[-52.83923449999999, -51.30917199999999]",-21.64597885983808,"[-21.960503517536033, -21.219440633558627]",12,5,60,10000
cpu,stock,2,grid_unique_variations,sweep,32,3008,complete_us,master,route,244.4206565,191.636094,243.50779699999998,191.61398450000002,-52.5533435,"[-52.84051550000001, -51.31246850000001]",-21.64358571677829,"[-21.957696258303717, -21.21681173113122]",12,5,60,10000
cpu,stock,2,grid_unique_variations,sweep,32,3008,draw_us,current,final,270.193375,171.94074999999998,270.2845,172.268203,-98.01821900000002,"[-100.75717250000002, -96.078032]",-36.57859357822555,"[-36.747350059876204, -36.28570575064027]",12,5,60,10000
cpu,stock,2,grid_unique_variations,sweep,32,3008,submit_us,current,final,270.2512655,171.9987345,270.3443595,172.33457800000002,-98.0215,"[-100.7605005, -96.0886245]",-36.57254025218053,"[-36.73668010130025, -36.27645937999944]",12,5,60,10000
cpu,stock,2,grid_unique_variations,sweep,32,3008,complete_us,current,final,270.27335949999997,172.020172,270.3684375,172.3476405,-98.0300155,"[-100.75846849999999, -96.083359]",-36.570585194628,"[-36.73768822874217, -36.275872632743116]",12,5,60,10000
cpu,stock,2,grid_unique_variations,sweep,32,3008,draw_us,current,route,270.193375,191.5579845,270.2845,191.540391,-78.65881250000001,"[-80.20637550000001, -77.3645625]",-29.162826702681024,"[-29.729206763652506, -29.016863842023543]",12,5,60,10000
cpu,stock,2,grid_unique_variations,sweep,32,3008,submit_us,current,route,270.2512655,191.615953,270.3443595,191.59775000000002,-78.6418435,"[-80.2123285, -77.36854650000002]",-29.155154987399623,"[-29.721660457620665, -29.00771729812997]",12,5,60,10000
cpu,stock,2,grid_unique_variations,sweep,32,3008,complete_us,current,route,270.27335949999997,191.636094,270.3684375,191.61398450000002,-78.6437655,"[-80.2090155, -77.3704685]",-29.151565028675908,"[-29.71717137392325, -29.008079068796828]",12,5,60,10000
cpu,stock,2,grid_unique_variations,sweep,32,3008,draw_us,route,final,191.5579845,171.94074999999998,191.540391,172.268203,-19.455765999999997,"[-20.550797000000017, -18.395234000000002]",-10.15524217732941,"[-10.664024008281231, -9.734418600050411]",12,5,60,10000
cpu,stock,2,grid_unique_variations,sweep,32,3008,submit_us,route,final,191.615953,171.9987345,191.59775000000002,172.33457800000002,-19.469500499999995,"[-20.548172000000008, -18.403703000000007]",-10.158315625917002,"[-10.660008637071062, -9.735833293630753]",12,5,60,10000
cpu,stock,2,grid_unique_variations,sweep,32,3008,complete_us,route,final,191.636094,172.020172,191.61398450000002,172.3476405,-19.474765500000004,"[-20.549452999999986, -18.406937499999984]",-10.159964378565661,"[-10.660138795211804, -9.736208733257723]",12,5,60,10000
cpu,stock,2,text,first_paint,1,1344,draw_us,master,current,7585.1875,7530.375,7589.771,7531.1245,-36.812499999999545,"[-108.52100000000019, 9.603999999999814]",-0.5009129939726908,"[-1.4207990717306274, 0.12828675277883894]",12,5,60,10000
cpu,stock,2,text,first_paint,1,1344,submit_us,master,current,7588.1875,7533.479,7592.646000000001,7533.7915,-36.5625,"[-108.6875, 9.313000000000102]",-0.4971581035134398,"[-1.4224571584270818, 0.12433385016413778]",12,5,60,10000
cpu,stock,2,text,first_paint,1,1344,complete_us,master,current,7588.208500000001,7533.5,7592.667,7533.7915,-36.5625,"[-108.70850000000019, 9.313000000000557]",-0.4971581035134398,"[-1.422725064179603, 0.12433353072491826]",12,5,60,10000
cpu,stock,2,text,first_paint,1,1344,draw_us,master,final,7585.1875,7287.333500000001,7589.771,7309.853999999999,-288.79200000000037,"[-395.70799999999963, -182.79200000000037]",-3.8367743980380453,"[-5.239303793425398, -2.4634499095346705]",12,5,60,10000
cpu,stock,2,text,first_paint,1,1344,submit_us,master,final,7588.1875,7289.7295,7592.646000000001,7312.1455000000005,-288.9585000000002,"[-395.9580000000001, -182.43750000000045]",-3.837708086999403,"[-5.240708462957855, -2.4577263448824995]",12,5,60,10000
cpu,stock,2,text,first_paint,1,1344,complete_us,master,final,7588.208500000001,7289.7295,7592.667,7312.166499999999,-288.95799999999963,"[-396.0, -182.39550000000008]",-3.837691514256253,"[-5.241235011730649, -2.45716024126445]",12,5,60,10000
cpu,stock,2,text,first_paint,1,1344,draw_us,master,route,7585.1875,7414.8965,7589.771,7416.459,-206.0625,"[-278.3539999999998, -121.625]",-2.7007270478632384,"[-3.6913167113127865, -1.6142228060824493]",12,5,60,10000
cpu,stock,2,text,first_paint,1,1344,submit_us,master,route,7588.1875,7417.458500000001,7592.646000000001,7419.2294999999995,-206.04149999999981,"[-278.4789999999998, -121.9994999999999]",-2.6995066530715928,"[-3.6917402173137823, -1.6185732650909668]",12,5,60,10000
cpu,stock,2,text,first_paint,1,1344,complete_us,master,route,7588.208500000001,7417.4794999999995,7592.667,7419.2294999999995,-206.02050000000008,"[-278.49949999999944, -122.04149999999981]",-2.6992316534808216,"[-3.691987231784355, -1.6191215766450606]",12,5,60,10000
cpu,stock,2,text,first_paint,1,1344,draw_us,current,final,7530.375,7287.333500000001,7531.1245,7309.853999999999,-258.6255000000001,"[-280.4789999999998, -182.18750000000045]",-3.3807928052562386,"[-3.7541986750154797, -2.4533437143183456]",12,5,60,10000
cpu,stock,2,text,first_paint,1,1344,submit_us,current,final,7533.479,7289.7295,7533.7915,7312.1455000000005,-258.75,"[-280.5210000000002, -182.54200000000037]",-3.3860084875940553,"[-3.7534603429923816, -2.4614674939781924]",12,5,60,10000
cpu,stock,2,text,first_paint,1,1344,complete_us,current,final,7533.5,7289.7295,7533.7915,7312.166499999999,-258.7710000000002,"[-280.5210000000002, -182.50000000000045]",-3.3862664174736157,"[-3.75344965758031, -2.4611600364311537]",12,5,60,10000
cpu,stock,2,text,first_paint,1,1344,draw_us,current,route,7530.375,7414.8965,7531.1245,7416.459,-168.68799999999965,"[-219.66750000000002, -87.04099999999971]",-2.224057928235518,"[-2.9472989705482955, -1.1618051698411125]",12,5,60,10000
cpu,stock,2,text,first_paint,1,1344,submit_us,current,route,7533.479,7417.458500000001,7533.7915,7419.2294999999995,-168.91649999999981,"[-220.9590000000003, -87.31250000000045]",-2.22395512236519,"[-2.963140840108874, -1.1650005707759592]",12,5,60,10000
cpu,stock,2,text,first_paint,1,1344,complete_us,current,route,7533.5,7417.4794999999995,7533.7915,7419.2294999999995,-168.91699999999992,"[-220.95850000000019, -87.29150000000027]",-2.223686630829219,"[-2.963125503746522, -1.164718886907351]",12,5,60,10000
cpu,stock,2,text,first_paint,1,1344,draw_us,route,final,7414.8965,7287.333500000001,7416.459,7309.853999999999,-51.5630000000001,"[-145.22949999999992, -5.64600000000064]",-0.6908306854040813,"[-1.9458685326051162, -0.07680814578034378]",12,5,60,10000
cpu,stock,2,text,first_paint,1,1344,submit_us,route,final,7417.458500000001,7289.7295,7419.2294999999995,7312.1455000000005,-51.583500000000186,"[-146.00049999999965, -5.7710000000001855]",-0.6908785809145168,"[-1.9553850729957134, -0.07794281439114648]",12,5,60,10000
cpu,stock,2,text,first_paint,1,1344,complete_us,route,final,7417.4794999999995,7289.7295,7419.2294999999995,7312.166499999999,-51.60400000000027,"[-146.0005000000001, -5.7710000000001855]",-0.691149575172284,"[-1.9553782444058365, -0.07794276648043774]",12,5,60,10000
cpu,stock,2,text,reflow,3,5,draw_us,master,current,1999.847,1995.7848330000002,2000.854,1995.1109999999999,-17.312666499999978,"[-34.71516700000018, 8.48599999999999]",-0.8730384124311041,"[-1.7316183232757854, 0.4181083421023746]",12,5,60,10000
cpu,stock,2,text,reflow,3,5,submit_us,master,current,2000.3401665000001,1996.2361664999999,2001.3121664999999,1995.5971665,-17.34733349999999,"[-34.74966649999999, 8.486166499999968]",-0.8745602415735854,"[-1.7329160148915168, 0.4180167447817629]",12,5,60,10000
cpu,stock,2,text,reflow,3,5,complete_us,master,current,2000.368,1996.257,2001.3471665000002,1995.618,-17.340333500000042,"[-34.756500000000074, 8.472166499999958]",-0.8741991123092152,"[-1.7332436231482673, 0.41731556303782336]",12,5,60,10000
cpu,stock,2,text,reflow,3,5,draw_us,master,final,1999.847,2011.847,2000.854,2013.3053329999998,4.590166499999896,"[-10.930333500000074, 19.63900000000001]",0.22759071094810013,"[-0.5486942192062361, 0.9858325944850477]",12,5,60,10000
cpu,stock,2,text,reflow,3,5,submit_us,master,final,2000.3401665000001,2012.319333,2001.3121664999999,2013.791833,4.5831664999999475,"[-10.909667000000013, 19.639166499999988]",0.2271774797080517,"[-0.5475146591491564, 0.9855998135362642]",12,5,60,10000
cpu,stock,2,text,reflow,3,5,complete_us,master,final,2000.368,2012.3541664999998,2001.3471665000002,2013.8126665,4.555333500000074,"[-10.902666999999951, 19.631999999999948]",0.22579467167596068,"[-0.5471622110470087, 0.9852281327848988]",12,5,60,10000
cpu,stock,2,text,reflow,3,5,draw_us,master,route,1999.847,2016.4376670000001,2000.854,2017.521,14.389000499999952,"[-17.31933300000003, 25.722334000000046]",0.7246517039808387,"[-0.8741442581363723, 1.2902225160567382]",12,5,60,10000
cpu,stock,2,text,reflow,3,5,submit_us,master,route,2000.3401665000001,2016.9513335000001,2001.3121664999999,2018.034667,14.375332999999955,"[-17.325833500000044, 25.715500500000076]",0.7237911954582898,"[-0.8742275929189691, 1.2895395767649753]",12,5,60,10000
cpu,stock,2,text,reflow,3,5,complete_us,master,route,2000.368,2016.9723334999999,2001.3471665000002,2018.0626670000001,14.36816650000003,"[-17.31899999999996, 25.70866699999999]",0.7234206353127437,"[-0.8738719578534282, 1.2891873609841453]",12,5,60,10000
cpu,stock,2,text,reflow,3,5,draw_us,current,final,1995.7848330000002,2011.847,1995.1109999999999,2013.3053329999998,10.180499999999938,"[-1.4304994999999963, 36.57616700000017]",0.5080088631179702,"[-0.07012276499618886, 1.8755167563466957]",12,5,60,10000
cpu,stock,2,text,reflow,3,5,submit_us,current,final,1996.2361664999999,2012.319333,1995.5971665,2013.791833,10.138666499999886,"[-1.2916665000000194, 36.63149999999996]",0.5057933178818641,"[-0.06330233267419216, 1.877906562757392]",12,5,60,10000
cpu,stock,2,text,reflow,3,5,complete_us,current,final,1996.257,2012.3541664999998,1995.618,2013.8126665,10.131666500000051,"[-1.2776665000000094, 36.645666500000175]",0.505438969339933,"[-0.06261355355751119, 1.8786187202850968]",12,5,60,10000
cpu,stock,2,text,reflow,3,5,draw_us,current,route,1995.7848330000002,2016.4376670000001,1995.1109999999999,2017.521,19.75016699999992,"[7.229332999999883, 48.09066699999994]",0.9812748509367419,"[0.3608334269742053, 2.4454182928791313]",12,5,60,10000
cpu,stock,2,text,reflow,3,5,submit_us,current,route,1996.2361664999999,2016.9513335000001,1995.5971665,2018.034667,19.881999999999834,"[7.249666999999931, 48.10450049999997]",0.9867193188423329,"[0.36175532353459605, 2.446260650170873]",12,5,60,10000
cpu,stock,2,text,reflow,3,5,complete_us,current,route,1996.257,2016.9723334999999,1995.618,2018.0626670000001,19.882000000000062,"[7.2498335000000225, 48.09766650000006]",0.9867035660178991,"[0.36175862869285424, 2.4458888585663363]",12,5,60,10000
cpu,stock,2,text,reflow,3,5,draw_us,route,final,2016.4376670000001,2011.847,2017.521,2013.3053329999998,-1.7154999999999063,"[-25.55600000000004, 22.47883300000001]",-0.08583450833606898,"[-1.2648082205732047, 1.1214683695061622]",12,5,60,10000
cpu,stock,2,text,reflow,3,5,submit_us,route,final,2016.9513335000001,2012.319333,2018.034667,2013.791833,-1.7918335000000525,"[-25.51433350000002, 22.61766650000004]",-0.08961569431796268,"[-1.2624316910673172, 1.1281037093249124]",12,5,60,10000
cpu,stock,2,text,reflow,3,5,complete_us,route,final,2016.9723334999999,2012.3541664999998,2018.0626670000001,2013.8126665,-1.7848334999999906,"[-25.50033350000001, 22.624999500000058]",-0.08925882199380952,"[-1.2617323134361924, 1.1284569760352192]",12,5,60,10000
cpu,stock,2,text,size_advance,12,6066,draw_us,master,current,5029.668375,4897.979333,5017.355875,4897.6545,-124.07137450000073,"[-178.9462085, -90.45829150000009]",-2.4592694980185237,"[-3.594185236036984, -1.8084949553374752]",12,5,60,10000
cpu,stock,2,text,size_advance,12,6066,submit_us,master,current,5030.380208500001,4898.6165415,5018.112833499999,4898.24825,-124.17362500000036,"[-179.02445800000032, -90.63366649999989]",-2.4608883235938683,"[-3.59524895781938, -1.8117304516635235]",12,5,60,10000
cpu,stock,2,text,size_advance,12,6066,complete_us,master,current,5030.4044165,4898.6407915,5018.1300835,4898.2760835,-124.17191700000012,"[-179.0174165000003, -90.63708299999962]",-2.460849291620532,"[-3.5950918973641945, -1.8117903570527283]",12,5,60,10000
cpu,stock,2,text,size_advance,12,6066,draw_us,master,final,5029.668375,4888.3125,5017.355875,4886.458333500001,-153.99487500000032,"[-179.15966649999973, -121.90454150000005]",-3.1241247779453527,"[-3.601677448098978, -2.4202696459122874]",12,5,60,10000
cpu,stock,2,text,size_advance,12,6066,submit_us,master,final,5030.380208500001,4888.96875,5018.112833499999,4887.137125,-154.07829149999998,"[-179.32466650000015, -121.99645849999979]",-3.1253817262343997,"[-3.604437199516969, -2.4217399108877657]",12,5,60,10000
cpu,stock,2,text,size_advance,12,6066,complete_us,master,final,5030.4044165,4888.987833499999,5018.1300835,4887.1579165,-154.07500000000027,"[-179.33162500000026, -121.99474999999984]",-3.1253039556610904,"[-3.604562999130656, -2.4216967116377996]",12,5,60,10000
cpu,stock,2,text,size_advance,12,6066,draw_us,master,route,5029.668375,4930.80375,5017.355875,4934.9756665,-106.62687499999993,"[-165.6285000000007, -72.48087499999974]",-2.140489763747322,"[-3.2529181637950213, -1.454287431049095]",12,5,60,10000
cpu,stock,2,text,size_advance,12,6066,submit_us,master,route,5030.380208500001,4931.4512915,5018.112833499999,4935.612833499999,-106.72054150000031,"[-165.75187500000038, -72.6075420000002]",-2.14206175628307,"[-3.2548268113372245, -1.4565822956714936]",12,5,60,10000
cpu,stock,2,text,size_advance,12,6066,complete_us,master,route,5030.4044165,4931.472125,5018.1300835,4935.635417,-106.72049949999973,"[-165.7465830000001, -72.60933399999976]",-2.142054166522972,"[-3.2547121739416927, -1.4566117770582143]",12,5,60,10000
cpu,stock,2,text,size_advance,12,6066,draw_us,current,final,4897.979333,4888.3125,4897.6545,4886.458333500001,-11.706708499999877,"[-56.98258349999969, 26.104208499999913]",-0.23696193293403778,"[-1.1362989127415346, 0.5436546684407406]",12,5,60,10000
cpu,stock,2,text,size_advance,12,6066,submit_us,current,final,4898.6165415,4888.96875,4898.24825,4887.137125,-11.677041999999801,"[-57.100791500000014, 26.14579150000054]",-0.23632829172384184,"[-1.1384921804962034, 0.5444304917818221]",12,5,60,10000
cpu,stock,2,text,size_advance,12,6066,complete_us,current,final,4898.6407915,4888.987833499999,4898.2760835,4887.1579165,-11.67883350000011,"[-57.1024580000003, 26.14395800000011]",-0.23636439200316328,"[-1.1385206112979662, 0.5443872412934869]",12,5,60,10000
cpu,stock,2,text,size_advance,12,6066,draw_us,current,route,4897.979333,4930.80375,4897.6545,4934.9756665,4.224000499999875,"[-11.456750000000284, 49.171875000000455]",0.0882117693767559,"[-0.2310869683549377, 1.0044306786751944]",12,5,60,10000
cpu,stock,2,text,size_advance,12,6066,submit_us,current,route,4898.6165415,4931.4512915,4898.24825,4935.612833499999,4.298666499999399,"[-11.522750000000087, 49.185875000000124]",0.08972048483066875,"[-0.23238538330775382, 1.0045966468388623]",12,5,60,10000
cpu,stock,2,text,size_advance,12,6066,complete_us,current,route,4898.6407915,4931.472125,4898.2760835,4935.635417,4.298499499999707,"[-11.517416499999854, 49.18054149999989]",0.08971811572072719,"[-0.23227719327733598, 1.0044819600151356]",12,5,60,10000
cpu,stock,2,text,size_advance,12,6066,draw_us,route,final,4930.80375,4888.3125,4934.9756665,4886.458333500001,-34.99654199999986,"[-48.4687085000005, -7.263958000000002]",-0.7066818137825059,"[-0.9936347453468664, -0.1478334447783225]",12,5,60,10000
cpu,stock,2,text,size_advance,12,6066,submit_us,route,final,4931.4512915,4888.96875,4935.612833499999,4887.137125,-34.97220849999985,"[-48.47416649999968, -7.309041499999694]",-0.7061065319988791,"[-0.9936145132228014, -0.14874259453819816]",12,5,60,10000
cpu,stock,2,text,size_advance,12,6066,complete_us,route,final,4931.472125,4888.987833499999,4935.635417,4887.1579165,-34.97741700000006,"[-48.472417000000405, -7.309083000000555]",-0.7062084355339671,"[-0.9935727194101851, -0.1487431405646389]",12,5,60,10000
cpu,stock,2,text,size_return,12,0,draw_us,master,current,275.07991649999997,277.8559585,275.07991649999997,277.98283349999997,2.692833500000006,"[-0.6094584999999881, 3.9617085000000145]",1.003185838388887,"[-0.22149714630625428, 1.4342227838819999]",12,5,60,10000
cpu,stock,2,text,size_return,12,0,submit_us,master,current,275.477333,278.2795415,275.477333,278.37675,2.7205419999999947,"[-0.6199169999999867, 3.9550005000000112]",1.012256542016332,"[-0.22487746955571208, 1.4296075700126365]",12,5,60,10000
cpu,stock,2,text,size_return,12,0,complete_us,master,current,275.50175,278.303833,275.50175,278.39587500000005,2.7169580000000053,"[-0.6164165000000139, 3.9461670000000026]",1.0108498270629651,"[-0.22357317056809212, 1.4262794454064531]",12,5,60,10000
cpu,stock,2,text,size_return,12,0,draw_us,master,final,275.07991649999997,275.69283299999995,275.07991649999997,276.47395800000004,-1.2448750000000075,"[-5.03804199999999, 1.3211254999999937]",-0.45463048447995646,"[-1.8299504429256486, 0.4807512480130005]",12,5,60,10000
cpu,stock,2,text,size_return,12,0,submit_us,master,final,275.477333,276.09024999999997,275.477333,276.85429150000004,-1.2534579999999949,"[-5.063916500000005, 1.3160000000000025]",-0.45712866629128435,"[-1.8336438393803667, 0.478160625566193]",12,5,60,10000
cpu,stock,2,text,size_return,12,0,complete_us,master,final,275.50175,276.11287500000003,275.50175,276.87325,-1.2516660000000002,"[-5.062291999999985, 1.3002500000000055]",-0.45649387686410026,"[-1.8355283463993122, 0.47238168591251517]",12,5,60,10000
cpu,stock,2,text,size_return,12,0,draw_us,master,route,275.07991649999997,275.2396665,275.07991649999997,275.545083,-1.7515829999999823,"[-3.9151669999999967, 1.1597080000000233]",-0.661663696264525,"[-1.4314062574837527, 0.42910197601156996]",12,5,60,10000
cpu,stock,2,text,size_return,12,0,submit_us,master,route,275.477333,275.62516700000003,275.477333,275.92195849999996,-1.319458499999996,"[-3.942832999999979, 1.1599170000000072]",-0.46601241294461637,"[-1.439308222888691, 0.4285530095787582]",12,5,60,10000
cpu,stock,2,text,size_return,12,0,complete_us,master,route,275.50175,275.64587500000005,275.50175,275.946125,-1.319500000000005,"[-3.9376245000000267, 1.1631665000000169]",-0.46599877059125827,"[-1.4373677714835997, 0.4297553350172012]",12,5,60,10000
cpu,stock,2,text,size_return,12,0,draw_us,current,final,277.8559585,275.69283299999995,277.98283349999997,276.47395800000004,-4.492958000000016,"[-6.361208000000005, -0.137166499999978]",-1.6096371882092786,"[-2.320640441388455, -0.047179984288864274]",12,5,60,10000
cpu,stock,2,text,size_return,12,0,submit_us,current,final,278.2795415,276.09024999999997,278.37675,276.85429150000004,-4.5346250000000055,"[-6.3767085000000066, -0.14399950000000672]",-1.6220589596678603,"[-2.3174337456270178, -0.04977710558066173]",12,5,60,10000
cpu,stock,2,text,size_return,12,0,complete_us,current,final,278.303833,276.11287500000003,278.39587500000005,276.87325,-4.5484585000000095,"[-6.36979199999999, -0.1544164999999964]",-1.6268464941845584,"[-2.3160846544849347, -0.05357490062520287]",12,5,60,10000
cpu,stock,2,text,size_return,12,0,draw_us,current,route,277.8559585,275.2396665,277.98283349999997,275.545083,-3.3730834999999786,"[-5.211666499999978, -0.3071250000000134]",-1.1942786170870745,"[-1.9241604315104188, -0.13014474211111016]",12,5,60,10000
cpu,stock,2,text,size_return,12,0,submit_us,current,route,278.2795415,275.62516700000003,278.37675,275.92195849999996,-3.2707499999999925,"[-5.237666999999988, 0.0017499999999870397]",-1.1667165661393142,"[-1.9311003121046943, 0.0071556226669156064]",12,5,60,10000
cpu,stock,2,text,size_return,12,0,complete_us,current,route,278.303833,275.64587500000005,278.39587500000005,275.946125,-3.2725420000000156,"[-5.2394999999999925, 0.003583499999990636]",-1.1672505150309487,"[-1.9317128477579493, 0.007802224103914401]",12,5,60,10000
cpu,stock,2,text,size_return,12,0,draw_us,route,final,275.2396665,275.69283299999995,275.545083,276.47395800000004,0.24649999999996908,"[-2.6996249999999975, 3.6684584999999856]",0.08907451088725482,"[-0.9664994658506676, 1.3315555927482348]",12,5,60,10000
cpu,stock,2,text,size_return,12,0,submit_us,route,final,275.62516700000003,276.09024999999997,275.92195849999996,276.85429150000004,0.23450049999999578,"[-3.282791500000002, 3.6927080000000103]",0.08444030640705202,"[-1.1684798837881871, 1.338511576099155]",12,5,60,10000
cpu,stock,2,text,size_return,12,0,complete_us,route,final,275.64587500000005,276.11287500000003,275.946125,276.87325,0.23108350000003952,"[-3.28287499999999, 3.6858335000000295]",0.08320582202673288,"[-1.1684333309175898, 1.3359023223879385]",12,5,60,10000
cpu,stock,2,text,warm,30,0,draw_us,master,current,263.21043299999997,263.27293299999997,263.8923665,264.6743665,0.286050000000003,"[-1.8917505000000006, 1.9318829999999707]",0.11886969920373303,"[-0.7296922059711775, 0.7311156395804486]",12,5,60,10000
cpu,stock,2,text,warm,30,0,submit_us,master,current,263.51595,263.57638299999996,264.21320000000003,264.98405,0.2665829999999829,"[-1.9034999999999798, 1.937266500000021]",0.11119312397475656,"[-0.7333117031823766, 0.7322811438939092]",12,5,60,10000
cpu,stock,2,text,warm,30,0,complete_us,master,current,263.53679999999997,263.5958,264.23618350000004,265.00773300000003,0.26731649999999263,"[-1.9154000000000053, 1.9381329999999934]",0.1114756602878797,"[-0.7378160603635053, 0.7325469025110332]",12,5,60,10000
cpu,stock,2,text,warm,30,0,draw_us,master,final,263.21043299999997,261.338267,263.8923665,262.0222835,-2.188699999999983,"[-3.143749999999997, -1.2833165000000122]",-0.8322400641849692,"[-1.2042104422217537, -0.48494787900764114]",12,5,60,10000
cpu,stock,2,text,warm,30,0,submit_us,master,final,263.51595,261.6382835,264.21320000000003,262.34375,-2.182549999999992,"[-3.1299000000000206, -1.3041164999999921]",-0.8289215288072804,"[-1.197518546027182, -0.4922040465860089]",12,5,60,10000
cpu,stock,2,text,warm,30,0,complete_us,master,final,263.53679999999997,261.67231649999997,264.23618350000004,262.3744165,-2.182483500000018,"[-3.1092000000000013, -1.314483000000024]",-0.8288348665532019,"[-1.1895295397648775, -0.49605253124503923]",12,5,60,10000
cpu,stock,2,text,warm,30,0,draw_us,master,route,263.21043299999997,260.9514335,263.8923665,261.5548,-1.8721835000000056,"[-3.1083835000000164, -1.2742334999999798]",-0.7117520516523423,"[-1.1880759341797664, -0.48604141582182514]",12,5,60,10000
cpu,stock,2,text,warm,30,0,submit_us,master,route,263.51595,261.27785,264.21320000000003,261.86595,-1.8903004999999666,"[-3.1215664999999717, -1.2847670000000164]",-0.7177745877733344,"[-1.1855977499965253, -0.48947310223020346]",12,5,60,10000
cpu,stock,2,text,warm,30,0,complete_us,master,route,263.53679999999997,261.3090335,264.23618350000004,261.898617,-1.8916835000000276,"[-3.1159994999999867, -1.2731330000000014]",-0.7182392020991746,"[-1.178112139628723, -0.48710727884082594]",12,5,60,10000
cpu,stock,2,text,warm,30,0,draw_us,current,final,263.27293299999997,261.338267,264.6743665,262.0222835,-2.2388499999999993,"[-3.5730165000000227, -1.5103665000000177]",-0.8693386088280408,"[-1.3435661847587599, -0.582936682103663]",12,5,60,10000
cpu,stock,2,text,warm,30,0,submit_us,current,final,263.57638299999996,261.6382835,264.98405,262.34375,-2.2341499999999854,"[-3.565899999999999, -1.5270665000000179]",-0.8697918103385494,"[-1.3392815026118388, -0.5885799870060326]",12,5,60,10000
cpu,stock,2,text,warm,30,0,complete_us,current,final,263.5958,261.67231649999997,265.00773300000003,262.3744165,-2.232699999999994,"[-3.559799499999997, -1.5214500000000015]",-0.8691652830873808,"[-1.3368416190720267, -0.5863317514409605]",12,5,60,10000
cpu,stock,2,text,warm,30,0,draw_us,current,route,263.27293299999997,260.9514335,264.6743665,261.5548,-2.0519999999999783,"[-3.263916500000022, -0.8084000000000344]",-0.7824643658672636,"[-1.233358941430207, -0.3066971971876109]",12,5,60,10000
cpu,stock,2,text,warm,30,0,submit_us,current,route,263.57638299999996,261.27785,264.98405,261.86595,-2.0525995000000137,"[-3.2652835000000096, -0.851300000000009]",-0.7818009354388644,"[-1.2324215851916454, -0.32246516823400406]",12,5,60,10000
cpu,stock,2,text,warm,30,0,complete_us,current,route,263.5958,261.3090335,265.00773300000003,261.898617,-2.054816499999987,"[-3.254299500000002, -0.8583505000000002]",-0.7825053484533273,"[-1.2281627798731043, -0.32506500826423035]",12,5,60,10000
cpu,stock,2,text,warm,30,0,draw_us,route,final,260.9514335,261.338267,261.5548,262.0222835,-0.49366649999998913,"[-1.5805500000000166, 0.4355500000000063]",-0.1875767477335588,"[-0.5932871912411541, 0.1682319837188806]",12,5,60,10000
cpu,stock,2,text,warm,30,0,submit_us,route,final,261.27785,261.6382835,261.86595,262.34375,-0.4908995000000118,"[-1.5723169999999698, 0.42784949999997934]",-0.18628703839251304,"[-0.58867893574992, 0.16490559149614503]",12,5,60,10000
cpu,stock,2,text,warm,30,0,complete_us,route,final,261.3090335,261.67231649999997,261.898617,262.3744165,-0.4936830000000043,"[-1.5715500000000304, 0.4209834999999771]",-0.18734130391811488,"[-0.5883362080826349, 0.16207985483700504]",12,5,60,10000
cpu,stock,2,text,x_advance,10,666,draw_us,master,current,418.02075,382.28544999999997,417.5416,382.62705,-34.720800000000025,"[-36.14589999999998, -32.3751]",-8.288522788932156,"[-8.671900309703846, -7.873228999671772]",12,5,60,10000
cpu,stock,2,text,x_advance,10,666,submit_us,master,current,418.38115,382.77295000000004,417.91655000000003,382.9792,-34.72070000000002,"[-36.1499, -32.39595]",-8.287705059130818,"[-8.657414300952336, -7.870905189869193]",12,5,60,10000
cpu,stock,2,text,x_advance,10,666,complete_us,master,current,418.41035,382.79179999999997,417.93745,382.99580000000003,-34.72290000000001,"[-36.152000000000015, -32.39374999999998]",-8.289346387119274,"[-8.65694611853885, -7.869941030407201]",12,5,60,10000
cpu,stock,2,text,x_advance,10,666,draw_us,master,final,418.02075,380.5312,417.5416,380.36455,-37.01255000000003,"[-38.93349999999998, -35.18749999999997]",-8.880188008913041,"[-9.246933199973355, -8.449245355493511]",12,5,60,10000
cpu,stock,2,text,x_advance,10,666,submit_us,master,final,418.38115,380.8999,417.91655000000003,380.73749999999995,-37.03120000000004,"[-38.952200000000005, -35.200050000000005]",-8.876635368005326,"[-9.24308050738276, -8.436666977604386]",12,5,60,10000
cpu,stock,2,text,x_advance,10,666,complete_us,master,final,418.41035,380.92085,417.93745,380.7626,-37.018699999999995,"[-38.95009999999999, -35.20214999999999]",-8.873326916391981,"[-9.24216815931041, -8.437200707442704]",12,5,60,10000
cpu,stock,2,text,x_advance,10,666,draw_us,master,route,418.02075,381.46664999999996,417.5416,382.30634999999995,-35.95840000000001,"[-39.08969999999999, -33.4999]",-8.609168571221893,"[-9.28994044745629, -8.14746914280895]",12,5,60,10000
cpu,stock,2,text,x_advance,10,666,submit_us,master,route,418.38115,381.82285,417.91655000000003,382.66475,-35.989450000000005,"[-39.0916, -33.518699999999995]",-8.608874375894315,"[-9.28204569234279, -8.14474042617182]",12,5,60,10000
cpu,stock,2,text,x_advance,10,666,complete_us,master,route,418.41035,381.84995000000004,417.93745,382.68555000000003,-35.98325,"[-39.09375, -33.51664999999997]",-8.607005724632765,"[-9.282096563837904, -8.14391466359028]",12,5,60,10000
cpu,stock,2,text,x_advance,10,666,draw_us,current,final,382.28544999999997,380.5312,382.62705,380.36455,-2.1854999999999905,"[-3.5854499999999803, 0.48759999999998627]",-0.5787033684129805,"[-0.9329232744288429, 0.12783906438509907]",12,5,60,10000
cpu,stock,2,text,x_advance,10,666,submit_us,current,final,382.77295000000004,380.8999,382.9792,380.73749999999995,-2.185500000000019,"[-3.556299999999993, 0.5063000000000102]",-0.5781817273979251,"[-0.9244595268411426, 0.1325667198693592]",12,5,60,10000
cpu,stock,2,text,x_advance,10,666,complete_us,current,final,382.79179999999997,380.92085,382.99580000000003,380.7626,-2.1812000000000182,"[-3.5625000000000284, 0.512599999999992]",-0.5770436502889276,"[-0.9260041832272137, 0.13418121244948567]",12,5,60,10000
cpu,stock,2,text,x_advance,10,666,draw_us,current,route,382.28544999999997,381.46664999999996,382.62705,382.30634999999995,-2.133499999999998,"[-2.818600000000032, -0.40434999999999377]",-0.5737766580812598,"[-0.7307347418359422, -0.10800564555458192]",12,5,60,10000
cpu,stock,2,text,x_advance,10,666,submit_us,current,route,382.77295000000004,381.82285,382.9792,382.66475,-2.1522999999999968,"[-2.8186999999999784, -0.42089999999998895]",-0.5780265996860878,"[-0.7300592872662437, -0.11227856931844138]",12,5,60,10000
cpu,stock,2,text,x_advance,10,666,complete_us,current,route,382.79179999999997,381.84995000000004,382.99580000000003,382.68555000000003,-2.1542499999999905,"[-2.8165500000000065, -0.42719999999999914]",-0.5785215150593992,"[-0.7294817274503207, -0.11390266783593561]",12,5,60,10000
cpu,stock,2,text,x_advance,10,666,draw_us,route,final,381.46664999999996,380.5312,382.30634999999995,380.36455,-0.6166499999999928,"[-2.0854499999999803, 2.2458000000000027]",-0.16690137606697464,"[-0.5442873303813711, 0.5891575157573326]",12,5,60,10000
cpu,stock,2,text,x_advance,10,666,submit_us,route,final,381.82285,380.8999,382.66475,380.73749999999995,-0.5707999999999913,"[-2.0794500000000085, 2.258499999999998]",-0.15455511082253515,"[-0.5412681759282278, 0.591863948233684]",12,5,60,10000
cpu,stock,2,text,x_advance,10,666,complete_us,route,final,381.84995000000004,380.92085,382.68555000000003,380.7626,-0.5624500000000126,"[-2.081400000000002, 2.2562999999999818]",-0.15227000611218178,"[-0.5417428334246188, 0.5912560160486802]",12,5,60,10000
cpu,stock,2,text,x_return,10,0,draw_us,master,current,268.9062,268.58115,269.8749,267.89369999999997,-0.020649999999989177,"[-2.0414499999999975, 1.8168000000000006]",-0.0074640052372065835,"[-0.7617440779581541, 0.6943960937810134]",12,5,60,10000
cpu,stock,2,text,x_return,10,0,submit_us,master,current,269.26455,268.96035,270.23735,268.25835,-0.006050000000016098,"[-2.056049999999999, 1.8210499999999854]",-0.002027073399463175,"[-0.766091899281679, 0.6950518742928957]",12,5,60,10000
cpu,stock,2,text,x_return,10,0,complete_us,master,current,269.2854,268.9729,270.24995,268.27504999999996,-0.010249999999984993,"[-2.0541000000000054, 1.820900000000023]",-0.003587962858908611,"[-0.7653697916577828, 0.694999517413275]",12,5,60,10000
cpu,stock,2,text,x_return,10,0,draw_us,master,final,268.9062,268.60204999999996,269.8749,268.60215,-0.5956999999999937,"[-1.9040500000000122, 1.4521000000000015]",-0.22099855203642216,"[-0.7048345554006408, 0.5649364122724654]",12,5,60,10000
cpu,stock,2,text,x_return,10,0,submit_us,master,final,269.26455,268.94385,270.23735,268.94385,-0.6122500000000173,"[-1.9310500000000275, 1.470899999999986]",-0.2268501995335903,"[-0.7138675188260557, 0.571229260136985]",12,5,60,10000
cpu,stock,2,text,x_return,10,0,complete_us,master,final,269.2854,268.96445,270.24995,268.96675000000005,-0.6040499999999724,"[-1.9185999999999979, 1.47914999999999]",-0.22379421793510268,"[-0.7092288651483203, 0.574436535949685]",12,5,60,10000
cpu,stock,2,text,x_return,10,0,draw_us,master,route,268.9062,267.0126,269.8749,267.0668,-2.8185000000000002,"[-5.345749999999981, -0.6938499999999976]",-1.0432117631651805,"[-2.012800339701981, -0.25376303704452985]",12,5,60,10000
cpu,stock,2,text,x_return,10,0,submit_us,master,route,269.26455,267.35245,270.23735,267.41475,-2.8433500000000436,"[-5.362500000000011, -0.706150000000008]",-1.0509975453211584,"[-2.0164984057639836, -0.25823444264520545]",12,5,60,10000
cpu,stock,2,text,x_return,10,0,complete_us,master,route,269.2854,267.37109999999996,270.24995,267.42935,-2.841349999999977,"[-5.358399999999989, -0.7104500000000087]",-1.0502022825874036,"[-2.014807453643014, -0.25985306301506417]",12,5,60,10000
cpu,stock,2,text,x_return,10,0,draw_us,current,final,268.58115,268.60204999999996,267.89369999999997,268.60215,-0.058350000000018554,"[-2.291349999999966, 1.3851999999999975]",-0.02185189297715384,"[-0.8449087007799394, 0.5180523269717519]",12,5,60,10000
cpu,stock,2,text,x_return,10,0,submit_us,current,final,268.96035,268.94385,268.25835,268.94385,-0.07920000000000016,"[-2.2830000000000155, 1.4123499999999751]",-0.029642523712397617,"[-0.8407599127928211, 0.5276339832523624]",12,5,60,10000
cpu,stock,2,text,x_return,10,0,complete_us,current,final,268.9729,268.96445,268.27504999999996,268.96675000000005,-0.06885000000001185,"[-2.287099999999981, 1.4143999999999721]",-0.02569067162154215,"[-0.8421927880539359, 0.5284455282739242]",12,5,60,10000
cpu,stock,2,text,x_return,10,0,draw_us,current,route,268.58115,267.0126,267.89369999999997,267.0668,-2.3272499999999923,"[-4.824949999999973, -0.25190000000003465]",-0.8945932545038227,"[-1.8190055669448646, -0.09306086294890159]",12,5,60,10000
cpu,stock,2,text,x_return,10,0,submit_us,current,route,268.96035,267.35245,268.25835,267.41475,-2.34375,"[-4.81880000000001, -0.26020000000002597]",-0.8997915745697194,"[-1.8145127886348755, -0.09597194270663523]",12,5,60,10000
cpu,stock,2,text,x_return,10,0,complete_us,current,route,268.9729,267.37109999999996,268.27504999999996,267.42935,-2.343900000000019,"[-4.812399999999997, -0.256149999999991]",-0.8998490190130881,"[-1.8119424044239218, -0.09450965159884528]",12,5,60,10000
cpu,stock,2,text,x_return,10,0,draw_us,route,final,267.0126,268.60204999999996,267.0668,268.60215,1.7564499999999725,"[1.3582999999999572, 3.7792499999999905]",0.6663967185677744,"[0.5080594861835541, 1.441193196262991]",12,5,60,10000
cpu,stock,2,text,x_return,10,0,submit_us,route,final,267.35245,268.94385,267.41475,268.94385,1.7834000000000003,"[1.3624499999999955, 3.804249999999996]",0.6758122781687081,"[0.5089593614407861, 1.4489672569933165]",12,5,60,10000
cpu,stock,2,text,x_return,10,0,complete_us,route,final,267.37109999999996,268.96445,267.42935,268.96675000000005,1.7668999999999926,"[1.3727999999999838, 3.808400000000006]",0.6694826132792042,"[0.512790404849095, 1.4504623000535788]",12,5,60,10000
cpu,stock,2,text,y_advance,10,0,draw_us,master,current,263.27285,263.62305000000003,264.5104,264.1251,-0.3665499999999895,"[-2.4146499999999946, 2.033299999999997]",-0.13706628785790098,"[-0.9217820877800931, 0.7837327612894018]",12,5,60,10000
cpu,stock,2,text,y_advance,10,0,submit_us,master,current,263.5958,263.93985,264.8376,264.45844999999997,-0.37084999999999013,"[-2.418750000000003, 2.0289000000000073]",-0.13850798826985367,"[-0.9269270040068389, 0.7810728660998634]",12,5,60,10000
cpu,stock,2,text,y_advance,10,0,complete_us,master,current,263.61440000000005,263.9606,264.85625,264.4751,-0.37905000000000655,"[-2.420900000000003, 2.016449999999992]",-0.1415608485346831,"[-0.9276820191376323, 0.7760549040664033]",12,5,60,10000
cpu,stock,2,text,y_advance,10,0,draw_us,master,final,263.27285,262.10835,264.5104,262.41855,-1.9604000000000212,"[-4.237650000000002, -0.25430000000000064]",-0.736016239661258,"[-1.5902999128238282, -0.09728716449949881]",12,5,60,10000
cpu,stock,2,text,y_advance,10,0,submit_us,master,final,263.5958,262.40824999999995,264.8376,262.71445,-1.9710000000000036,"[-4.275100000000009, -0.27909999999997126]",-0.7390951126728218,"[-1.6023630545752843, -0.10677248827559715]",12,5,60,10000
cpu,stock,2,text,y_advance,10,0,complete_us,master,final,263.61440000000005,262.42915000000005,264.85625,262.7333,-1.970799999999997,"[-4.277150000000006, -0.2831000000000188]",-0.7389450400866304,"[-1.6029654837366292, -0.10835934159283966]",12,5,60,10000
cpu,stock,2,text,y_advance,10,0,draw_us,master,route,263.27285,261.86245,264.5104,261.8542,-2.6312499999999943,"[-4.568950000000001, 1.2855000000000132]",-1.0046976703239563,"[-1.7385851930527163, 0.4874309551507028]",12,5,60,10000
cpu,stock,2,text,y_advance,10,0,submit_us,master,route,263.5958,262.1667,264.8376,262.1916,-2.612349999999992,"[-4.566700000000026, 1.2730999999999995]",-0.9963916130325157,"[-1.7348776043380587, 0.4821471115535658]",12,5,60,10000
cpu,stock,2,text,y_advance,10,0,complete_us,master,route,263.61440000000005,262.18965000000003,264.85625,262.20415,-2.6165500000000037,"[-4.585499999999996, 1.2835000000000036]",-0.9979721700344335,"[-1.7378238514256572, 0.4860645664351071]",12,5,60,10000
cpu,stock,2,text,y_advance,10,0,draw_us,current,final,263.62305000000003,262.10835,264.1251,262.41855,-2.237550000000013,"[-4.052000000000007, -1.1899500000000103]",-0.868961397409207,"[-1.5427376129324821, -0.4488993626601545]",12,5,60,10000
cpu,stock,2,text,y_advance,10,0,submit_us,current,final,263.93985,262.40824999999995,264.45844999999997,262.71445,-2.258400000000009,"[-4.0748999999999995, -1.2001499999999794]",-0.8757425402157737,"[-1.538596005785725, -0.4522273490128237]",12,5,60,10000
cpu,stock,2,text,y_advance,10,0,complete_us,current,final,263.9606,262.42915000000005,264.4751,262.7333,-2.256350000000012,"[-4.070599999999999, -1.1917499999999848]",-0.8748879471747295,"[-1.5391669752024606, -0.4490229797788903]",12,5,60,10000
cpu,stock,2,text,y_advance,10,0,draw_us,current,route,263.62305000000003,261.86245,264.1251,261.8542,-1.9604000000000212,"[-3.483300000000014, -0.43334999999999013]",-0.7336181666574071,"[-1.316391333782685, -0.1680277649471429]",12,5,60,10000
cpu,stock,2,text,y_advance,10,0,submit_us,current,route,263.93985,262.1667,264.45844999999997,262.1916,-1.947700000000026,"[-3.4604500000000087, -0.4082000000000079]",-0.7280250484106632,"[-1.3062455624544278, -0.15823093578086755]",12,5,60,10000
cpu,stock,2,text,y_advance,10,0,complete_us,current,route,263.9606,262.18965000000003,264.4751,262.20415,-1.945600000000013,"[-3.458449999999999, -0.4227499999999935]",-0.7271806823340554,"[-1.3054299769293787, -0.16380436828150047]",12,5,60,10000
cpu,stock,2,text,y_advance,10,0,draw_us,route,final,261.86245,262.10835,261.8542,262.41855,-0.12950000000000728,"[-2.162450000000007, 1.3937500000000114]",-0.048932364260073635,"[-0.8147782387855629, 0.5273632486769597]",12,5,60,10000
cpu,stock,2,text,y_advance,10,0,submit_us,route,final,262.1667,262.40824999999995,262.1916,262.71445,-0.1376499999999794,"[-2.168849999999992, 1.3938999999999737]",-0.05197272720307011,"[-0.8162069487189394, 0.5267923633030192]",12,5,60,10000
cpu,stock,2,text,y_advance,10,0,complete_us,route,final,262.18965000000003,262.42915000000005,262.20415,262.7333,-0.13329999999999131,"[-2.172799999999995, 1.4001000000000374]",-0.05031970888645376,"[-0.8176228778571326, 0.5291572804887457]",12,5,60,10000
cpu,vollkorn,2,demo,first_paint,1,269,draw_us,master,current,6745.2080000000005,4568.979,6761.2705,4570.2295,-2205.375,"[-2236.125, -2162.5409999999993]",-32.662112636529976,"[-33.37327754702028, -32.08955424051326]",12,5,60,10000
cpu,vollkorn,2,demo,first_paint,1,269,submit_us,master,current,6747.583500000001,4571.583500000001,6763.458500000001,4572.667,-2205.2500000000005,"[-2236.2295, -2161.958]",-32.650511720450524,"[-33.36343290496397, -32.0766978061565]",12,5,60,10000
cpu,vollkorn,2,demo,first_paint,1,269,complete_us,master,current,6747.6245,4571.6044999999995,6763.4795,4572.688,-2205.25,"[-2236.208, -2161.9375000000005]",-32.65062865465183,"[-33.363009457770005, -32.07660028372182]",12,5,60,10000
cpu,vollkorn,2,demo,first_paint,1,269,draw_us,master,final,6745.2080000000005,4554.688,6761.2705,4539.4585,-2232.7500000000005,"[-2290.7085, -2188.041]",-33.009142211969674,"[-33.69612769733934, -32.50684642872764]",12,5,60,10000
cpu,vollkorn,2,demo,first_paint,1,269,submit_us,master,final,6747.583500000001,4557.042,6763.458500000001,4541.8125,-2232.6244999999994,"[-2290.8329999999996, -2187.875]",-32.99787116734024,"[-33.68514178526005, -32.499531128359706]",12,5,60,10000
cpu,vollkorn,2,demo,first_paint,1,269,complete_us,master,final,6747.6245,4557.063,6763.4795,4541.8335,-2232.6455,"[-2290.8329999999996, -2187.875]",-32.99797769590043,"[-33.685037166396015, -32.49932180941196]",12,5,60,10000
cpu,vollkorn,2,demo,first_paint,1,269,draw_us,master,route,6745.2080000000005,4550.583500000001,6761.2705,4550.583500000001,-2202.0624999999995,"[-2252.937, -2191.7295000000004]",-32.8756781872773,"[-33.286038343486425, -32.37915520564374]",12,5,60,10000
cpu,vollkorn,2,demo,first_paint,1,269,submit_us,master,route,6747.583500000001,4553.125,6763.458500000001,4553.125,-2202.25,"[-2252.9159999999997, -2191.8534999999997]",-32.867124249992635,"[-33.27100903589362, -32.368447780350834]",12,5,60,10000
cpu,vollkorn,2,demo,first_paint,1,269,complete_us,master,route,6747.6245,4553.1455,6763.4795,4553.1455,-2202.2709999999997,"[-2252.8954999999996, -2191.8954999999996]",-32.86723295189142,"[-33.27080407779308, -32.368865751587265]",12,5,60,10000
cpu,vollkorn,2,demo,first_paint,1,269,draw_us,current,final,4568.979,4554.688,4570.2295,4539.4585,-19.625,"[-42.16650000000027, 9.458999999999833]",-0.427785147816806,"[-0.9365612043808813, 0.20840710223336556]",12,5,60,10000
cpu,vollkorn,2,demo,first_paint,1,269,submit_us,current,final,4571.583500000001,4557.042,4572.667,4541.8125,-19.47899999999936,"[-42.374999999999545, 9.521500000000287]",-0.4243826429593256,"[-0.940457497488556, 0.20967813828857151]",12,5,60,10000
cpu,vollkorn,2,demo,first_paint,1,269,complete_us,current,final,4571.6044999999995,4557.063,4572.688,4541.8335,-19.478999999999814,"[-42.39549999999963, 9.521000000000186]",-0.42438070677404127,"[-0.9409131821643824, 0.2096663145638722]",12,5,60,10000
cpu,vollkorn,2,demo,first_paint,1,269,draw_us,current,route,4568.979,4550.583500000001,4570.2295,4550.583500000001,-4.416000000000167,"[-31.936999999999898, 26.416499999999814]",-0.09711852194667636,"[-0.7125071021729767, 0.575643010863347]",12,5,60,10000
cpu,vollkorn,2,demo,first_paint,1,269,submit_us,current,route,4571.583500000001,4553.125,4572.667,4553.125,-4.187500000000455,"[-31.936999999999443, 26.41650000000027]",-0.09203134952275316,"[-0.7121730782142677, 0.5753436888942032]",12,5,60,10000
cpu,vollkorn,2,demo,first_paint,1,269,complete_us,current,route,4571.6044999999995,4553.1455,4572.688,4553.1455,-4.1875,"[-31.916499999999814, 26.396000000000186]",-0.09203119926329828,"[-0.7117171142178691, 0.574895539041298]",12,5,60,10000
cpu,vollkorn,2,demo,first_paint,1,269,draw_us,route,final,4550.583500000001,4554.688,4550.583500000001,4539.4585,-38.25,"[-60.95849999999973, 25.853999999999814]",-0.8551009512773766,"[-1.316733050426544, 0.5680647274993733]",12,5,60,10000
cpu,vollkorn,2,demo,first_paint,1,269,submit_us,route,final,4553.125,4557.042,4553.125,4541.8125,-38.041499999999814,"[-61.20849999999973, 25.646000000000186]",-0.8499632963526405,"[-1.3213254766266946, 0.5631849439180603]",12,5,60,10000
cpu,vollkorn,2,demo,first_paint,1,269,complete_us,route,final,4553.1455,4557.063,4553.1455,4541.8335,-38.062499999999545,"[-61.1875, 25.625500000000557]",-0.8504378720074923,"[-1.3208726627441991, 0.5627317155498135]",12,5,60,10000
cpu,vollkorn,2,demo,pan,10,0,draw_us,master,current,218.74165,219.9646,218.66455000000002,219.36245,0.6791999999999945,"[-0.5914999999999964, 1.4353000000000122]",0.31545988108735434,"[-0.27124051870211496, 0.6558186833801272]",12,5,60,10000
cpu,vollkorn,2,demo,pan,10,0,submit_us,master,current,220.52915000000002,221.57920000000001,220.4291,221.02285,0.6852000000000089,"[-0.6187999999999931, 1.3061500000000024]",0.3156891423524377,"[-0.2817457321653227, 0.5919637190426874]",12,5,60,10000
cpu,vollkorn,2,demo,pan,10,0,complete_us,master,current,220.55415,221.60424999999998,220.452,221.04790000000003,0.6854000000000013,"[-0.6124499999999955, 1.3020999999999958]",0.31571787508777316,"[-0.2788046435510949, 0.5900483831200898]",12,5,60,10000
cpu,vollkorn,2,demo,pan,10,0,draw_us,master,final,218.74165,220.2126,218.66455000000002,220.2126,1.1585000000000036,"[-1.3727999999999838, 3.3896500000000174]",0.5341254592011402,"[-0.6211435811672938, 1.5510030552494114]",12,5,60,10000
cpu,vollkorn,2,demo,pan,10,0,submit_us,master,final,220.52915000000002,221.9751,220.4291,221.9751,1.1395499999999856,"[-1.3333999999999975, 3.4480000000000075]",0.5212321174457246,"[-0.5987478796995571, 1.5656016004351292]",12,5,60,10000
cpu,vollkorn,2,demo,pan,10,0,complete_us,master,final,220.55415,221.998,220.452,221.998,1.127049999999997,"[-1.3229499999999916, 3.450100000000006]",0.5153644527641887,"[-0.5940053190793493, 1.566403163134722]",12,5,60,10000
cpu,vollkorn,2,demo,pan,10,0,draw_us,master,route,218.74165,220.71654999999998,218.66455000000002,220.8895,2.2665000000000077,"[-1.2934999999999945, 3.179150000000007]",1.039410068105473,"[-0.6057018023666039, 1.4493611474064472]",12,5,60,10000
cpu,vollkorn,2,demo,pan,10,0,submit_us,master,route,220.52915000000002,222.3687,220.4291,222.53945,2.1979999999999933,"[-1.3081999999999994, 3.0792]",0.9977086357604081,"[-0.6079429972930206, 1.3922365318199126]",12,5,60,10000
cpu,vollkorn,2,demo,pan,10,0,complete_us,master,route,220.55415,222.37705,220.452,222.5562,2.198050000000009,"[-1.3165000000000049, 3.0854499999999945]",0.9976544318769598,"[-0.6117819393214263, 1.39492467645288]",12,5,60,10000
cpu,vollkorn,2,demo,pan,10,0,draw_us,current,final,219.9646,220.2126,219.36245,220.2126,0.2750000000000057,"[-2.6289999999999907, 2.5730999999999966]",0.12574665450339473,"[-1.1796334127803287, 1.1671094498214907]",12,5,60,10000
cpu,vollkorn,2,demo,pan,10,0,submit_us,current,final,221.57920000000001,221.9751,221.02285,221.9751,0.316749999999999,"[-2.6143500000000017, 2.572950000000006]",0.14391408291672958,"[-1.1638666440620171, 1.1580097258005462]",12,5,60,10000
cpu,vollkorn,2,demo,pan,10,0,complete_us,current,final,221.60424999999998,221.998,221.04790000000003,221.998,0.30410000000000537,"[-2.6101000000000028, 2.5792999999999893]",0.1380536807052246,"[-1.161890720237213, 1.1607678219449413]",12,5,60,10000
cpu,vollkorn,2,demo,pan,10,0,draw_us,current,route,219.9646,220.71654999999998,219.36245,220.8895,0.545899999999989,"[-1.6166499999999928, 2.337450000000004]",0.24916758056030552,"[-0.7571743801197572, 1.05885288134695]",12,5,60,10000
cpu,vollkorn,2,demo,pan,10,0,submit_us,current,route,221.57920000000001,222.3687,221.02285,222.53945,0.5915500000000122,"[-1.601850000000013, 2.356200000000001]",0.26828663679830944,"[-0.7446330453633354, 1.0598540435501458]",12,5,60,10000
cpu,vollkorn,2,demo,pan,10,0,complete_us,current,route,221.60424999999998,222.37705,221.04790000000003,222.5562,0.6020499999999913,"[-1.6124499999999955, 2.3624499999999955]",0.2730320551437959,"[-0.7494872398988106, 1.0618585873349629]",12,5,60,10000
cpu,vollkorn,2,demo,pan,10,0,draw_us,route,final,220.71654999999998,220.2126,220.8895,220.2126,0.412549999999996,"[-1.7123500000000007, 1.30865]",0.18915869513687067,"[-0.7719687714772605, 0.5962506601603135]",12,5,60,10000
cpu,vollkorn,2,demo,pan,10,0,submit_us,route,final,222.3687,221.9751,222.53945,221.9751,0.4292999999999978,"[-1.716399999999993, 1.331150000000008]",0.19527006477998432,"[-0.7691107520276852, 0.6104999067159333]",12,5,60,10000
cpu,vollkorn,2,demo,pan,10,0,complete_us,route,final,222.37705,221.998,222.5562,221.998,0.4208500000000157,"[-1.716549999999998, 1.3394499999999852]",0.1914071427205455,"[-0.7690407404612576, 0.6142082534385307]",12,5,60,10000
cpu,vollkorn,2,demo,warm,30,0,draw_us,master,current,215.9944835,215.3875165,216.2403335,215.5688,-0.6701499999999925,"[-2.9895165000000077, 1.5729999999999933]",-0.30965046768973714,"[-1.3639321684474626, 0.7366233446897241]",12,5,60,10000
cpu,vollkorn,2,demo,warm,30,0,submit_us,master,current,217.67503349999998,217.03545,217.86821650000002,217.220817,-0.7354165000000137,"[-3.0075834999999955, 1.64785049999999]",-0.33725381247461383,"[-1.361606146663491, 0.7627811523973294]",12,5,60,10000
cpu,vollkorn,2,demo,warm,30,0,complete_us,master,current,217.7013665,217.05554999999998,217.88966649999998,217.2430165,-0.7306329999999974,"[-3.012467000000001, 1.649132999999992]",-0.3350322601707145,"[-1.363680047568483, 0.7633108009430178]",12,5,60,10000
cpu,vollkorn,2,demo,warm,30,0,draw_us,master,final,215.9944835,216.39101649999998,216.2403335,215.2159165,0.7292000000000058,"[-1.2771165000000053, 2.2132495000000034]",0.33719668313987317,"[-0.5899154084595182, 1.0269967866691099]",12,5,60,10000
cpu,vollkorn,2,demo,warm,30,0,submit_us,master,final,217.67503349999998,218.0270835,217.86821650000002,216.880517,0.7444169999999843,"[-1.2908994999999948, 2.1610999999999905]",0.34579215668849583,"[-0.5917045632997886, 0.9952179579025278]",12,5,60,10000
cpu,vollkorn,2,demo,warm,30,0,complete_us,master,final,217.7013665,218.047933,217.88966649999998,216.9014,0.7436664999999891,"[-1.2909000000000077, 2.17223349999999]",0.34541355631024784,"[-0.5916482176207605, 1.0002735375850058]",12,5,60,10000
cpu,vollkorn,2,demo,warm,30,0,draw_us,master,route,215.9944835,213.9993,216.2403335,214.3285,-1.813167000000007,"[-2.517283500000005, -0.3832995000000068]",-0.8335445658669172,"[-1.1715852739323185, -0.181395966858533]",12,5,60,10000
cpu,vollkorn,2,demo,warm,30,0,submit_us,master,route,217.67503349999998,215.659583,217.86821650000002,216.05419999999998,-1.7631500000000102,"[-2.53611650000002, -0.3951835000000017]",-0.8045146064854458,"[-1.1712562202529586, -0.18578599999266587]",12,5,60,10000
cpu,vollkorn,2,demo,warm,30,0,complete_us,master,route,217.7013665,215.6846165,217.88966649999998,216.07708350000001,-1.7638499999999908,"[-2.5360999999999905, -0.3953005000000047]",-0.8047283440703823,"[-1.17114151398105, -0.18581999543345606]",12,5,60,10000
cpu,vollkorn,2,demo,warm,30,0,draw_us,current,final,215.3875165,216.39101649999998,215.5688,215.2159165,0.5213830000000002,"[-1.1638499999999965, 2.854783000000012]",0.2468273761870976,"[-0.539655256153454, 1.3249094100856729]",12,5,60,10000
cpu,vollkorn,2,demo,warm,30,0,submit_us,current,final,217.03545,218.0270835,217.220817,216.880517,0.462483000000006,"[-1.2632329999999996, 2.9263835]",0.21778411744498571,"[-0.5810775567565041, 1.3483039702374633]",12,5,60,10000
cpu,vollkorn,2,demo,warm,30,0,complete_us,current,final,217.05554999999998,218.047933,217.2430165,216.9014,0.46518349999999486,"[-1.2603665000000035, 2.927750000000003]",0.21906142696127562,"[-0.5797074390472723, 1.348810337043549]",12,5,60,10000
cpu,vollkorn,2,demo,warm,30,0,draw_us,current,route,215.3875165,213.9993,215.5688,214.3285,-1.473533500000002,"[-2.0645329999999973, 1.0687334999999933]",-0.6823772161889063,"[-0.9538907747316194, 0.5137009377727431]",12,5,60,10000
cpu,vollkorn,2,demo,warm,30,0,submit_us,current,route,217.03545,215.659583,217.220817,216.05419999999998,-1.4582670000000064,"[-1.99861700000001, 0.9756670000000156]",-0.6698827949125408,"[-0.911521753611233, 0.46522386549040506]",12,5,60,10000
cpu,vollkorn,2,demo,warm,30,0,complete_us,current,route,217.05554999999998,215.6846165,217.2430165,216.07708350000001,-1.4561334999999929,"[-1.9986164999999971, 0.9791335000000032]",-0.6688483879477514,"[-0.9114341788242664, 0.46683920505879994]",12,5,60,10000
cpu,vollkorn,2,demo,warm,30,0,draw_us,route,final,213.9993,216.39101649999998,214.3285,215.2159165,2.3770330000000115,"[0.8047834999999992, 3.182016499999989]",1.0949668197617668,"[0.3756106292417516, 1.4792326962218771]",12,5,60,10000
cpu,vollkorn,2,demo,warm,30,0,submit_us,route,final,215.659583,218.0270835,216.05419999999998,216.880517,2.334083000000007,"[0.8263170000000173, 3.204049999999995]",1.066789320799133,"[0.382474161711599, 1.4878227068542915]",12,5,60,10000
cpu,vollkorn,2,demo,warm,30,0,complete_us,route,final,215.6846165,218.047933,216.07708350000001,216.9014,2.330582999999976,"[0.8243164999999948, 3.199899500000001]",1.0650645654493363,"[0.3815096414434671, 1.4857625645839256]",12,5,60,10000
cpu,vollkorn,2,demo,zoom_in,12,2877,draw_us,master,current,6206.9911250000005,4089.7969585,6217.8505829999995,4085.6840835000003,-2115.2744165,"[-2128.4393335, -2075.121542]",-34.036637919801734,"[-34.33308992302901, -33.85383846083718]",12,5,60,10000
cpu,vollkorn,2,demo,zoom_in,12,2877,submit_us,master,current,6208.2845835,4091.138875,6219.1770415,4086.970542,-2115.2900419999996,"[-2128.6720415, -2075.1317915]",-34.0316629882966,"[-34.326392613905355, -33.84714907823921]",12,5,60,10000
cpu,vollkorn,2,demo,zoom_in,12,2877,complete_us,master,current,6208.3036250000005,4091.1527915,6219.1979169999995,4086.9826665,-2115.293417,"[-2128.6755004999995, -2075.1352500000003]",-34.03173550265191,"[-34.32636984355572, -33.84728534781574]",12,5,60,10000
cpu,vollkorn,2,demo,zoom_in,12,2877,draw_us,master,final,6206.9911250000005,4087.8505834999996,6217.8505829999995,4089.892292,-2100.9947915000002,"[-2121.9947915, -2064.2393755000003]",-33.94829819661407,"[-34.236759255739315, -33.7988832749502]",12,5,60,10000
cpu,vollkorn,2,demo,zoom_in,12,2877,submit_us,master,final,6208.2845835,4089.1336250000004,6219.1770415,4091.1283750000002,-2101.1057499999997,"[-2122.116333, -2064.32975]",-33.94230359638732,"[-34.23074451411487, -33.78963705252977]",12,5,60,10000
cpu,vollkorn,2,demo,zoom_in,12,2877,complete_us,master,final,6208.3036250000005,4089.1440000000002,6219.1979169999995,4091.142292,-2101.1005834999996,"[-2122.1144585, -2064.334833]",-33.94222635865536,"[-34.230738530461586, -33.78959853598202]",12,5,60,10000
cpu,vollkorn,2,demo,zoom_in,12,2877,draw_us,master,route,6206.9911250000005,4089.9392915,6217.8505829999995,4091.6440000000002,-2099.8282499999996,"[-2111.7186659999998, -2067.5243329999994]",-33.824426333342075,"[-34.138944301630104, -33.56066947228831]",12,5,60,10000
cpu,vollkorn,2,demo,zoom_in,12,2877,submit_us,master,route,6208.2845835,4091.204875,6219.1770415,4092.875,-2099.8108750000006,"[-2111.805375, -2067.4929580000003]",-33.81647061862402,"[-34.13300973810725, -33.55400409432086]",12,5,60,10000
cpu,vollkorn,2,demo,zoom_in,12,2877,complete_us,master,route,6208.3036250000005,4091.2292085,6219.1979169999995,4092.8992915,-2099.8144585,"[-2111.788125, -2067.4999165]",-33.81634748671123,"[-34.132644728511295, -33.55393846754461]",12,5,60,10000
cpu,vollkorn,2,demo,zoom_in,12,2877,draw_us,current,final,4089.7969585,4087.8505834999996,4085.6840835000003,4089.892292,10.543583500000295,"[-17.843875000000025, 21.687624999999798]",0.2563790438848135,"[-0.44290990294933996, 0.5350668029412198]",12,5,60,10000
cpu,vollkorn,2,demo,zoom_in,12,2877,submit_us,current,final,4091.138875,4089.1336250000004,4086.970542,4091.1283750000002,10.685833000000002,"[-17.904666500000303, 21.599292000000105]",0.2597582166829815,"[-0.4442648008185335, 0.5327053858086073]",12,5,60,10000
cpu,vollkorn,2,demo,zoom_in,12,2877,complete_us,current,final,4091.1527915,4089.1440000000002,4086.9826665,4091.142292,10.69458349999968,"[-17.89416600000004, 21.604291500000045]",0.25996960740780617,"[-0.44400522152020505, 0.5328270515071454]",12,5,60,10000
cpu,vollkorn,2,demo,zoom_in,12,2877,draw_us,current,route,4089.7969585,4089.9392915,4085.6840835000003,4091.6440000000002,12.72587550000003,"[-5.595583499999975, 25.13716650000015]",0.31346378799619323,"[-0.13687195837247534, 0.6130904045736019]",12,5,60,10000
cpu,vollkorn,2,demo,zoom_in,12,2877,submit_us,current,route,4091.138875,4091.204875,4086.970542,4092.875,12.76233349999984,"[-5.576458499999944, 25.190917000000127]",0.3142201673982381,"[-0.13635677382595746, 0.6142013805034319]",12,5,60,10000
cpu,vollkorn,2,demo,zoom_in,12,2877,complete_us,current,route,4091.1527915,4091.2292085,4086.9826665,4092.8992915,12.770791999999801,"[-5.5694164999999884, 25.203041500000154]",0.3144286359175852,"[-0.1361840902540823, 0.6144957942316509]",12,5,60,10000
cpu,vollkorn,2,demo,zoom_in,12,2877,draw_us,route,final,4089.9392915,4087.8505834999996,4091.6440000000002,4089.892292,-4.82641650000005,"[-26.83495850000031, 16.05208349999998]",-0.11770343866110422,"[-0.653992783909163, 0.3955397961056928]",12,5,60,10000
cpu,vollkorn,2,demo,zoom_in,12,2877,submit_us,route,final,4091.204875,4089.1336250000004,4092.875,4091.1283750000002,-4.79520800000023,"[-26.940958499999624, 16.015666499999952]",-0.11690702125712327,"[-0.6563523741187849, 0.3945221434744184]",12,5,60,10000
cpu,vollkorn,2,demo,zoom_in,12,2877,complete_us,route,final,4091.2292085,4089.1440000000002,4092.8992915,4091.142292,-4.810749999999871,"[-26.942583500000183, 16.01041650000002]",-0.11728502927867979,"[-0.6563894839247741, 0.3943905707080808]",12,5,60,10000
cpu,vollkorn,2,demo,zoom_out,12,1956,draw_us,master,current,4042.8767915,2591.762125,4046.272583,2590.9009164999998,-1458.1787915,"[-1468.2449585, -1431.163166]",-36.08988831705372,"[-36.34948834100136, -35.70813791440432]",12,5,60,10000
cpu,vollkorn,2,demo,zoom_out,12,1956,submit_us,master,current,4044.3298335,2593.6407085,4047.7187915,2592.3175835,-1458.3088745,"[-1468.2657915, -1431.2516665]",-36.0794940064031,"[-36.33782844100359, -35.697284937985856]",12,5,60,10000
cpu,vollkorn,2,demo,zoom_out,12,1956,complete_us,master,current,4044.3472920000004,2593.663167,4047.7482085,2592.3402079999996,-1458.3105,"[-1468.2709165, -1431.2690004999997]",-36.079490870765454,"[-36.337836095632994, -35.69712995503388]",12,5,60,10000
cpu,vollkorn,2,demo,zoom_out,12,1956,draw_us,master,final,4042.8767915,2572.2899165,4046.272583,2566.7187080000003,-1481.0452505,"[-1495.156125, -1462.8474585]",-36.56225740357289,"[-37.10363345300216, -36.335114519359706]",12,5,60,10000
cpu,vollkorn,2,demo,zoom_out,12,1956,submit_us,master,final,4044.3298335,2573.678833,4047.7187915,2568.095333,-1481.0679169999999,"[-1495.220208, -1462.864875]",-36.55078732483764,"[-37.09138590332613, -36.32270417352663]",12,5,60,10000
cpu,vollkorn,2,demo,zoom_out,12,1956,complete_us,master,final,4044.3472920000004,2573.6997085000003,4047.7482085,2568.1197085,-1481.071208,"[-1495.2219584999998, -1462.8717085]",-36.55053683812611,"[-37.091194686899996, -36.322551248750116]",12,5,60,10000
cpu,vollkorn,2,demo,zoom_out,12,1956,draw_us,master,route,4042.8767915,2591.22225,4046.272583,2582.03125,-1457.0764165,"[-1465.114417, -1451.0868335]",-36.03222145300742,"[-36.20330314405746, -35.70598842171328]",12,5,60,10000
cpu,vollkorn,2,demo,zoom_out,12,1956,submit_us,master,route,4044.3298335,2592.5798335,4047.7187915,2583.401,-1457.1302500000002,"[-1465.281125, -1451.1441665]",-36.02252062366388,"[-36.193749842368234, -35.69440120201752]",12,5,60,10000
cpu,vollkorn,2,demo,zoom_out,12,1956,complete_us,master,route,4044.3472920000004,2592.604167,4047.7482085,2583.4269999999997,-1457.1319999999998,"[-1465.272583, -1451.1338334999998]",-36.02212606613019,"[-36.193315876511434, -35.69429861223626]",12,5,60,10000
cpu,vollkorn,2,demo,zoom_out,12,1956,draw_us,current,final,2591.762125,2572.2899165,2590.9009164999998,2566.7187080000003,-26.031333999999788,"[-38.3127915, -13.413125000000264]",-1.0011890845484206,"[-1.5051995390273687, -0.5136919441429022]",12,5,60,10000
cpu,vollkorn,2,demo,zoom_out,12,1956,submit_us,current,final,2593.6407085,2573.678833,2592.3175835,2568.095333,-25.948041999999987,"[-38.34070799999995, -13.338625499999807]",-0.9974840825798914,"[-1.5055103412332238, -0.5105684776025021]",12,5,60,10000
cpu,vollkorn,2,demo,zoom_out,12,1956,complete_us,current,final,2593.663167,2573.6997085000003,2592.3402079999996,2568.1197085,-25.944583000000193,"[-38.337166500000194, -13.341958500000146]",-0.9973405292468374,"[-1.5053598908580323, -0.5106915141984025]",12,5,60,10000
cpu,vollkorn,2,demo,zoom_out,12,1956,draw_us,current,route,2591.762125,2591.22225,2590.9009164999998,2582.03125,0.6703750000001492,"[-13.251791499999854, 12.066125000000056]",0.02606475333966629,"[-0.5095719652805419, 0.46906917540340265]",12,5,60,10000
cpu,vollkorn,2,demo,zoom_out,12,1956,submit_us,current,route,2593.6407085,2592.5798335,2592.3175835,2583.401,0.7032499999997981,"[-13.274416999999858, 12.078374500000109]",0.027298335160241827,"[-0.5101637291705485, 0.4693183298966064]",12,5,60,10000
cpu,vollkorn,2,demo,zoom_out,12,1956,complete_us,current,route,2593.663167,2592.604167,2592.3402079999996,2583.4269999999997,0.7032085000000734,"[-13.269166499999983, 12.072958499999913]",0.02729804260229174,"[-0.5099592769058747, 0.46909469151164007]",12,5,60,10000
cpu,vollkorn,2,demo,zoom_out,12,1956,draw_us,route,final,2591.22225,2572.2899165,2582.03125,2566.7187080000003,-21.64233349999995,"[-52.05729199999996, -9.376875000000155]",-0.8360184249449287,"[-1.9959381730122239, -0.36416626440794464]",12,5,60,10000
cpu,vollkorn,2,demo,zoom_out,12,1956,submit_us,route,final,2592.5798335,2573.678833,2583.401,2568.095333,-21.6579999999999,"[-52.06941600000005, -9.408042000000023]",-0.8361914961577288,"[-1.9953612428415757, -0.36517480027441485]",12,5,60,10000
cpu,vollkorn,2,demo,zoom_out,12,1956,complete_us,route,final,2592.604167,2573.6997085000003,2583.4269999999997,2568.1197085,-21.666832999999997,"[-52.072791999999936, -9.39929149999989]",-0.8365250625571807,"[-1.995472333999726, -0.3648237447920144]",12,5,60,10000
cpu,vollkorn,2,font_variations,first_paint,1,263,draw_us,master,current,1066.0415,1087.6455,1067.3955,1085.854,15.270500000000084,"[9.229000000000042, 18.91700000000003]",1.4318558402941273,"[0.884980967047877, 1.77309459043542]",12,5,60,10000
cpu,vollkorn,2,font_variations,first_paint,1,263,submit_us,master,current,1066.2705,1087.854,1067.583,1086.1455,15.1875,"[9.1875, 19.020999999999958]",1.4236596967004078,"[0.8808722591969076, 1.7825667568101444]",12,5,60,10000
cpu,vollkorn,2,font_variations,first_paint,1,263,complete_us,master,current,1066.2915,1087.854,1067.604,1086.1455,15.187500000000114,"[9.1875, 19.0]",1.4236065460468739,"[0.8808508590062658, 1.7805524559157404]",12,5,60,10000
cpu,vollkorn,2,font_variations,first_paint,1,263,draw_us,master,final,1066.0415,1020.854,1067.3955,1027.792,-41.20799999999997,"[-51.20849999999996, -31.41599999999994]",-3.8795732672962986,"[-4.769919864827715, -2.9059813330877593]",12,5,60,10000
cpu,vollkorn,2,font_variations,first_paint,1,263,submit_us,master,final,1066.2705,1021.021,1067.583,1028.0,-41.20800000000003,"[-51.24999999999994, -31.437000000000012]",-3.882665385982542,"[-4.772770514962388, -2.907293027820473]",12,5,60,10000
cpu,vollkorn,2,font_variations,first_paint,1,263,complete_us,master,final,1066.2915,1021.0415,1067.604,1028.0,-41.18750000000006,"[-51.271000000000015, -31.437000000000012]",-3.8807257805645143,"[-4.774629264307889, -2.907293027820473]",12,5,60,10000
cpu,vollkorn,2,font_variations,first_paint,1,263,draw_us,master,route,1066.0415,1055.604,1067.3955,1060.1665,-6.416499999999928,"[-26.416999999999973, 4.292499999999961]",-0.6035895108036204,"[-2.502023317347013, 0.40927330141450335]",12,5,60,10000
cpu,vollkorn,2,font_variations,first_paint,1,263,submit_us,master,route,1066.2705,1055.8955,1067.583,1060.396,-6.458000000000084,"[-26.458499999999958, 4.292499999999961]",-0.6074062519691947,"[-2.4995406910080065, 0.40917570882748056]",12,5,60,10000
cpu,vollkorn,2,font_variations,first_paint,1,263,complete_us,master,route,1066.2915,1055.9165,1067.604,1060.396,-6.479000000000042,"[-26.436999999999955, 4.31350000000009]",-0.6093623781090407,"[-2.4994500217201954, 0.4111238900051384]",12,5,60,10000
cpu,vollkorn,2,font_variations,first_paint,1,263,draw_us,current,final,1087.6455,1020.854,1085.854,1027.792,-54.25,"[-68.06299999999993, -43.08299999999991]",-5.095139999600439,"[-6.310197611829915, -4.026911468456684]",12,5,60,10000
cpu,vollkorn,2,font_variations,first_paint,1,263,submit_us,current,final,1087.854,1021.021,1086.1455,1028.0,-54.20849999999996,"[-68.10450000000003, -43.103999999999985]",-5.090283530106804,"[-6.3126993862409995, -4.028099774620592]",12,5,60,10000
cpu,vollkorn,2,font_variations,first_paint,1,263,complete_us,current,final,1087.854,1021.0415,1086.1455,1028.0,-54.20799999999991,"[-68.10450000000003, -43.08349999999996]",-5.090126904334047,"[-6.3126993862409995, -4.0261733092147365]",12,5,60,10000
cpu,vollkorn,2,font_variations,first_paint,1,263,draw_us,current,route,1087.6455,1055.604,1085.854,1060.1665,-30.354000000000042,"[-36.250999999999976, -13.437000000000012]",-2.7939242411574083,"[-3.37845441847624, -1.2436065299605281]",12,5,60,10000
cpu,vollkorn,2,font_variations,first_paint,1,263,submit_us,current,route,1087.854,1055.8955,1086.1455,1060.396,-30.4375,"[-36.250499999999874, -13.416000000000054]",-2.800803017049791,"[-3.3778163701746577, -1.2414368150234112]",12,5,60,10000
cpu,vollkorn,2,font_variations,first_paint,1,263,complete_us,current,route,1087.854,1055.9165,1086.1455,1060.396,-30.437500000000114,"[-36.229499999999916, -13.416000000000054]",-2.800746474769744,"[-3.3757327187345867, -1.2414188650175129]",12,5,60,10000
cpu,vollkorn,2,font_variations,first_paint,1,263,draw_us,route,final,1055.604,1020.854,1060.1665,1027.792,-33.312000000000126,"[-50.02049999999991, -9.020499999999913]",-3.1221503250489837,"[-4.704070184602865, -0.863994319047301]",12,5,60,10000
cpu,vollkorn,2,font_variations,first_paint,1,263,submit_us,route,final,1055.8955,1021.021,1060.396,1028.0,-33.33349999999996,"[-50.04199999999997, -8.999500000000069]",-3.123472554015272,"[-4.705045641308109, -0.8618352698529175]",12,5,60,10000
cpu,vollkorn,2,font_variations,first_paint,1,263,complete_us,route,final,1055.9165,1021.0415,1060.396,1028.0,-33.33349999999996,"[-50.083500000000015, -9.0]",-3.123472554015272,"[-4.708767711283968, -0.8618493298812147]",12,5,60,10000
cpu,vollkorn,2,font_variations,slant_advance,10,1158,draw_us,master,current,467.24585,481.3854,466.4063,481.13955,14.56880000000001,"[9.066549999999978, 18.54585]",3.1160409404226153,"[1.9385767086552375, 3.9678518494082438]",12,5,60,10000
cpu,vollkorn,2,font_variations,slant_advance,10,1158,submit_us,master,current,467.36045,481.4771,466.5292,481.23965,14.552150000000012,"[9.039549999999991, 18.525100000000037]",3.1116896444958853,"[1.932248105362755, 3.962459998528911]",12,5,60,10000
cpu,vollkorn,2,font_variations,slant_advance,10,1158,complete_us,master,current,467.38125,481.50625,466.55205,481.25835,14.554300000000012,"[9.035250000000019, 18.53140000000002]",3.112038627081082,"[1.9312515148311116, 3.9636443415776323]",12,5,60,10000
cpu,vollkorn,2,font_variations,slant_advance,10,1158,draw_us,master,final,467.24585,458.24805000000003,466.4063,458.20005000000003,-9.372899999999987,"[-13.891500000000008, -4.916699999999963]",-2.004602670375799,"[-2.9412759814648695, -1.054319350743449]",12,5,60,10000
cpu,vollkorn,2,font_variations,slant_advance,10,1158,submit_us,master,final,467.36045,458.35015,466.5292,458.31039999999996,-9.38130000000001,"[-13.90809999999999, -4.9147000000000105]",-2.0058888294949284,"[-2.944089768888547, -1.0536344325913827]",12,5,60,10000
cpu,vollkorn,2,font_variations,slant_advance,10,1158,complete_us,master,final,467.38125,458.37924999999996,466.55205,458.33124999999995,-9.377049999999997,"[-13.90825000000001, -4.9042499999999905]",-2.004909998836318,"[-2.943977820095717, -1.0513562741656157]",12,5,60,10000
cpu,vollkorn,2,font_variations,slant_advance,10,1158,draw_us,master,route,467.24585,470.80615,466.4063,471.24170000000004,4.610499999999973,"[2.860350000000011, 7.977100000000007]",0.9885391152338552,"[0.6085000042756694, 1.71513922982518]",12,5,60,10000
cpu,vollkorn,2,font_variations,slant_advance,10,1158,submit_us,master,route,467.36045,470.9022,466.5292,471.35005,4.589550000000003,"[2.8479499999999973, 8.000049999999987]",0.9837844763709414,"[0.6057202457254385, 1.719622156628453]",12,5,60,10000
cpu,vollkorn,2,font_variations,slant_advance,10,1158,complete_us,master,route,467.38125,470.91885,466.55205,471.36055,4.591700000000031,"[2.848049999999972, 7.995800000000003]",0.9841944688218196,"[0.6057058788678016, 1.7186420542008585]",12,5,60,10000
cpu,vollkorn,2,font_variations,slant_advance,10,1158,draw_us,current,final,481.3854,458.24805000000003,481.13955,458.20005000000003,-22.331199999999967,"[-26.84805, -19.016700000000014]",-4.64280714012374,"[-5.5101604426926185, -4.027031501794065]",12,5,60,10000
cpu,vollkorn,2,font_variations,slant_advance,10,1158,submit_us,current,final,481.4771,458.35015,481.23965,458.31039999999996,-22.32925000000003,"[-26.83360000000002, -18.99984999999998]",-4.64133711991121,"[-5.506061371330112, -4.02266070944024]",12,5,60,10000
cpu,vollkorn,2,font_variations,slant_advance,10,1158,complete_us,current,final,481.50625,458.37924999999996,481.25835,458.33124999999995,-22.323000000000008,"[-26.83140000000003, -19.002200000000045]",-4.639837203414232,"[-5.5054070959001775, -4.022990074263488]",12,5,60,10000
cpu,vollkorn,2,font_variations,slant_advance,10,1158,draw_us,current,route,481.3854,470.80615,481.13955,471.24170000000004,-11.183350000000019,"[-15.370749999999987, -8.33114999999998]",-2.359107263340915,"[-3.1461690542764877, -1.737475026875851]",12,5,60,10000
cpu,vollkorn,2,font_variations,slant_advance,10,1158,submit_us,current,route,481.4771,470.9022,481.23965,471.35005,-11.181049999999999,"[-15.354000000000013, -8.339550000000003]",-2.3581962819164803,"[-3.139596491830882, -1.7388282282659817]",12,5,60,10000
cpu,vollkorn,2,font_variations,slant_advance,10,1158,complete_us,current,route,481.50625,470.91885,481.25835,471.36055,-11.179249999999996,"[-15.356150000000014, -8.333200000000005]",-2.357739620849353,"[-3.13988452109355, -1.7374394245036007]",12,5,60,10000
cpu,vollkorn,2,font_variations,slant_advance,10,1158,draw_us,route,final,470.80615,458.24805000000003,471.24170000000004,458.20005000000003,-13.266699999999986,"[-17.022700000000015, -7.058199999999999]",-2.8112153208929627,"[-3.6082971543456743, -1.541223351689186]",12,5,60,10000
cpu,vollkorn,2,font_variations,slant_advance,10,1158,submit_us,route,final,470.9022,458.35015,471.35005,458.31039999999996,-13.264600000000002,"[-17.024900000000002, -7.04189999999997]",-2.8101140990079934,"[-3.6079844495011946, -1.5374394551439186]",12,5,60,10000
cpu,vollkorn,2,font_variations,slant_advance,10,1158,complete_us,route,final,470.91885,458.37924999999996,471.36055,458.33124999999995,-13.252199999999988,"[-17.026899999999983, -7.039749999999998]",-2.807399338359995,"[-3.608220753574165, -1.536936127994093]",12,5,60,10000
cpu,vollkorn,2,font_variations,slant_return,10,0,draw_us,master,current,39.60635,39.7459,39.510549999999995,39.6978,0.3666500000000035,"[-0.14585000000000292, 0.7688999999999986]",0.9358886516227072,"[-0.3514658269527515, 1.9437816509858652]",12,5,60,10000
cpu,vollkorn,2,font_variations,slant_return,10,0,submit_us,master,current,39.68344999999999,39.82905,39.59385,39.7769,0.3540499999999973,"[-0.1521000000000008, 0.7750000000000021]",0.9014676435529889,"[-0.36611500238847294, 1.9559513329616696]",12,5,60,10000
cpu,vollkorn,2,font_variations,slant_return,10,0,complete_us,master,current,39.70425,39.8437,39.6105,39.79565,0.36040000000000205,"[-0.1437500000000007, 0.7709499999999991]",0.9174355500990106,"[-0.3454689795609478, 1.94432570393136]",12,5,60,10000
cpu,vollkorn,2,font_variations,slant_return,10,0,draw_us,master,final,39.60635,38.25835,39.510549999999995,38.2458,-1.3668000000000013,"[-1.6709000000000032, -0.9792499999999968]",-3.4317426706381324,"[-4.207669479364828, -2.567267972236731]",12,5,60,10000
cpu,vollkorn,2,font_variations,slant_return,10,0,submit_us,master,final,39.68344999999999,38.3354,39.59385,38.3167,-1.3687499999999986,"[-1.685299999999998, -0.983349999999998]",-3.4301113694828467,"[-4.234948828108537, -2.5715142207331896]",12,5,60,10000
cpu,vollkorn,2,font_variations,slant_return,10,0,complete_us,master,final,39.70425,38.3583,39.6105,38.335449999999994,-1.3687000000000005,"[-1.687450000000002, -0.9770499999999984]",-3.428312090480329,"[-4.23841530273738, -2.5542267566125263]",12,5,60,10000
cpu,vollkorn,2,font_variations,slant_return,10,0,draw_us,master,route,39.60635,38.4167,39.510549999999995,38.5125,-1.100050000000003,"[-1.5437000000000012, 0.08974999999999866]",-2.7935279779504163,"[-3.8502513433501417, 0.28205000135375635]",12,5,60,10000
cpu,vollkorn,2,font_variations,slant_return,10,0,submit_us,master,route,39.68344999999999,38.48765,39.59385,38.5895,-1.112599999999997,"[-1.550099999999997, 0.09375]",-2.819414273140092,"[-3.8581914956593746, 0.29122468006020363]",12,5,60,10000
cpu,vollkorn,2,font_variations,slant_return,10,0,complete_us,master,route,39.70425,38.51055,39.6105,38.60415,-1.106300000000001,"[-1.5522000000000027, 0.08970000000000056]",-2.802159580992092,"[-3.861822187940672, 0.2810316328963447]",12,5,60,10000
cpu,vollkorn,2,font_variations,slant_return,10,0,draw_us,current,final,39.7459,38.25835,39.6978,38.2458,-1.5314499999999995,"[-2.1000499999999995, -1.3438500000000033]",-3.8312582905859704,"[-5.223235048163671, -3.409774631315754]",12,5,60,10000
cpu,vollkorn,2,font_variations,slant_return,10,0,submit_us,current,final,39.82905,38.3354,39.7769,38.3167,-1.5293999999999954,"[-2.1082, -1.3581000000000003]",-3.8186194164791134,"[-5.227900768638605, -3.438579411730797]",12,5,60,10000
cpu,vollkorn,2,font_variations,slant_return,10,0,complete_us,current,final,39.8437,38.3583,39.79565,38.335449999999994,-1.5357999999999983,"[-2.1061499999999995, -1.3478500000000047]",-3.8323467157084066,"[-5.216350466495722, -3.4113523391107794]",12,5,60,10000
cpu,vollkorn,2,font_variations,slant_return,10,0,draw_us,current,route,39.7459,38.4167,39.6978,38.5125,-1.1790999999999983,"[-1.8124499999999983, -0.675100000000004]",-2.9670911048594037,"[-4.520556036404644, -1.7208694281897585]",12,5,60,10000
cpu,vollkorn,2,font_variations,slant_return,10,0,submit_us,current,route,39.82905,38.48765,39.7769,38.5895,-1.1876500000000014,"[-1.8186, -0.6813000000000002]",-2.9826310245322176,"[-4.526984032425984, -1.7331114351121224]",12,5,60,10000
cpu,vollkorn,2,font_variations,slant_return,10,0,complete_us,current,route,39.8437,38.51055,39.79565,38.60415,-1.1791500000000035,"[-1.8124000000000002, -0.6772000000000027]",-2.960065329480549,"[-4.50992060164872, -1.7220737918402673]",12,5,60,10000
cpu,vollkorn,2,font_variations,slant_return,10,0,draw_us,route,final,38.4167,38.25835,38.5125,38.2458,-0.2876000000000012,"[-1.1792499999999997, 0.1229000000000049]",-0.7506603267148804,"[-3.092402938469557, 0.3187835191393096]",12,5,60,10000
cpu,vollkorn,2,font_variations,slant_return,10,0,submit_us,route,final,38.48765,38.3354,38.5895,38.3167,-0.2896000000000001,"[-1.1875, 0.13134999999999764]",-0.7544079337003851,"[-3.1076887523095786, 0.3400551155395837]",12,5,60,10000
cpu,vollkorn,2,font_variations,slant_return,10,0,complete_us,route,final,38.51055,38.3583,38.60415,38.335449999999994,-0.2937499999999993,"[-1.174949999999999, 0.12490000000000023]",-0.7648067367158617,"[-3.0741109832428952, 0.32318889407725315]",12,5,60,10000
cpu,vollkorn,2,font_variations,warm,30,0,draw_us,master,current,37.29515,37.1951165,37.269433500000005,37.1193835,-0.15486700000000297,"[-0.3666499999999999, 0.11728299999999692]",-0.4150250161945812,"[-0.9733663926057678, 0.3123526153857026]",12,5,60,10000
cpu,vollkorn,2,font_variations,warm,30,0,submit_us,master,current,37.36255,37.2632,37.338832999999994,37.179017,-0.16384949999999776,"[-0.3694664999999979, 0.10958349999999939]",-0.43832110957077175,"[-0.9788787339494232, 0.2912517349598298]",12,5,60,10000
cpu,vollkorn,2,font_variations,warm,30,0,complete_us,master,current,37.3813165,37.2825665,37.35685,37.20765,-0.15548350000000255,"[-0.3659834999999987, 0.10614949999999723]",-0.4157211716155129,"[-0.9692886423593949, 0.2819181329684395]",12,5,60,10000
cpu,vollkorn,2,font_variations,warm,30,0,draw_us,master,final,37.29515,36.504866500000006,37.269433500000005,36.5895835,-0.6179835000000011,"[-1.0506664999999984, -0.4472670000000001]",-1.648329557298439,"[-2.779924295324321, -1.2043826490879594]",12,5,60,10000
cpu,vollkorn,2,font_variations,warm,30,0,submit_us,master,final,37.36255,36.573,37.338832999999994,36.6576165,-0.6195164999999996,"[-1.055500000000002, -0.45218349999999674]",-1.6493884275192605,"[-2.787334397898922, -1.2153284710106627]",12,5,60,10000
cpu,vollkorn,2,font_variations,warm,30,0,complete_us,master,final,37.3813165,36.5931,37.35685,36.6756335,-0.6195500000000003,"[-1.0583499999999972, -0.45076699999999903]",-1.6485524008272467,"[-2.7933858994212635, -1.2119356867366926]",12,5,60,10000
cpu,vollkorn,2,font_variations,warm,30,0,draw_us,master,route,37.29515,36.9652835,37.269433500000005,36.965317,-0.44086650000000205,"[-0.7430670000000035, 0.04726599999999692]",-1.1758363855333798,"[-1.9797977567864722, 0.12808716126209152]",12,5,60,10000
cpu,vollkorn,2,font_variations,warm,30,0,submit_us,master,route,37.36255,37.0318335,37.338832999999994,37.0292,-0.4491835000000002,"[-0.7619839999999982, 0.04104999999999848]",-1.1958251075185666,"[-2.0260977694196267, 0.1110115583800586]",12,5,60,10000
cpu,vollkorn,2,font_variations,warm,30,0,complete_us,master,route,37.3813165,37.0513,37.35685,37.0535335,-0.4499670000000009,"[-0.7605834999999992, 0.03833350000000024]",-1.1971757409927564,"[-2.0213382926902446, 0.10343193697983644]",12,5,60,10000
cpu,vollkorn,2,font_variations,warm,30,0,draw_us,current,final,37.1951165,36.504866500000006,37.1193835,36.5895835,-0.5472169999999963,"[-0.8422834999999971, -0.29858349999999945]",-1.4984497507024297,"[-2.2575884707772884, -0.8027624237599729]",12,5,60,10000
cpu,vollkorn,2,font_variations,warm,30,0,submit_us,current,final,37.2632,36.573,37.179017,36.6576165,-0.5423504999999977,"[-0.8353835000000025, -0.30271700000000124]",-1.4827024290351376,"[-2.23524555467306, -0.8125730771928352]",12,5,60,10000
cpu,vollkorn,2,font_variations,warm,30,0,complete_us,current,final,37.2825665,36.5931,37.20765,36.6756335,-0.5451000000000015,"[-0.8417660000000033, -0.2986000000000004]",-1.4894509810078282,"[-2.2506881958547496, -0.800959036278609]",12,5,60,10000
cpu,vollkorn,2,font_variations,warm,30,0,draw_us,current,route,37.1951165,36.9652835,37.1193835,36.965317,-0.2047834999999978,"[-0.7319670000000009, -0.03465050000000147]",-0.5546256911345471,"[-1.9805321245924323, -0.09283374453756266]",12,5,60,10000
cpu,vollkorn,2,font_variations,warm,30,0,submit_us,current,route,37.2632,37.0318335,37.179017,37.0292,-0.20476700000000037,"[-0.7291334999999997, -0.036150499999997976]",-0.5536650941734667,"[-1.9695550342259671, -0.0967335668942304]",12,5,60,10000
cpu,vollkorn,2,font_variations,warm,30,0,complete_us,current,route,37.2825665,37.0513,37.20765,37.0535335,-0.20843300000000298,"[-0.7319330000000015, -0.03685000000000116]",-0.563170791495482,"[-1.9755209809901975, -0.09849760111726447]",12,5,60,10000
cpu,vollkorn,2,font_variations,warm,30,0,draw_us,route,final,36.9652835,36.504866500000006,36.965317,36.5895835,-0.25766649999999913,"[-0.64865, 0.025666500000003367]",-0.7155006795637409,"[-1.7340895343282425, 0.06952999584962094]",12,5,60,10000
cpu,vollkorn,2,font_variations,warm,30,0,submit_us,route,final,37.0318335,36.573,37.0292,36.6576165,-0.2542999999999971,"[-0.6429495000000038, 0.025717000000000212]",-0.7051846812998253,"[-1.7268503476536579, 0.06963800142339438]",12,5,60,10000
cpu,vollkorn,2,font_variations,warm,30,0,complete_us,route,final,37.0513,36.5931,37.0535335,36.6756335,-0.2549670000000006,"[-0.6436829999999993, 0.023667000000003213]",-0.7064154051607541,"[-1.724471881485673, 0.0637055345636961]",12,5,60,10000
cpu,vollkorn,2,font_variations,weight_advance,6,717,draw_us,master,current,511.4375,525.37175,511.31600000000003,523.7258335,12.545583000000022,"[9.788416499999983, 14.038166499999988]",2.4664896122957636,"[1.9265432245143987, 2.7274065843218454]",12,5,60,10000
cpu,vollkorn,2,font_variations,weight_advance,6,717,submit_us,master,current,511.5901665,525.5175835,511.4755,523.8646665,12.514250000000033,"[9.79533349999997, 14.024500000000018]",2.459491668824265,"[1.9274349868044882, 2.7260053361992664]",12,5,60,10000
cpu,vollkorn,2,font_variations,weight_advance,6,717,complete_us,master,current,511.60749999999996,525.534917,511.49283349999996,523.885417,12.510499999999979,"[9.79899949999998, 14.021166500000021]",2.4586171588430794,"[1.9260428823109743, 2.728042879682091]",12,5,60,10000
cpu,vollkorn,2,font_variations,weight_advance,6,717,draw_us,master,final,511.4375,502.51725,511.31600000000003,504.65608299999997,-9.125083499999988,"[-13.069417000000016, -4.2154165000000035]",-1.7688307182224638,"[-2.5586398347253625, -0.840798987505198]",12,5,60,10000
cpu,vollkorn,2,font_variations,weight_advance,6,717,submit_us,master,final,511.5901665,502.645583,511.4755,504.8055,-9.107500000000044,"[-13.079916499999996, -4.218833000000018]",-1.7649213009710785,"[-2.5599104728715183, -0.8412681012309409]",12,5,60,10000
cpu,vollkorn,2,font_variations,weight_advance,6,717,complete_us,master,final,511.60749999999996,502.66650000000004,511.49283349999996,504.82991649999997,-9.100500499999981,"[-13.079833500000007, -4.23599999999999]",-1.7634809022228137,"[-2.5597918118412224, -0.8446118252319001]",12,5,60,10000
cpu,vollkorn,2,font_variations,weight_advance,6,717,draw_us,master,route,511.4375,512.416583,511.31600000000003,512.2258334999999,1.8404170000000022,"[-5.621666500000032, 5.586583499999989]",0.3603232122629696,"[-1.0853319985253573, 1.0965658132394474]",12,5,60,10000
cpu,vollkorn,2,font_variations,weight_advance,6,717,submit_us,master,route,511.5901665,512.573,511.4755,512.3716665,1.8161665000000369,"[-5.656500499999993, 5.579749999999962]",0.3554572579258286,"[-1.0918322043029782, 1.0949325449454816]",12,5,60,10000
cpu,vollkorn,2,font_variations,weight_advance,6,717,complete_us,master,route,511.60749999999996,512.5971665,511.49283349999996,512.388917,1.8230830000000253,"[-5.659916999999979, 5.57616699999997]",0.3567976191537148,"[-1.0924233814516127, 1.09418840320481]",12,5,60,10000
cpu,vollkorn,2,font_variations,weight_advance,6,717,draw_us,current,final,525.37175,502.51725,523.7258335,504.65608299999997,-20.875166499999978,"[-24.2675835, -16.6875]",-4.01526286505497,"[-4.6359784045311265, -3.250033550475462]",12,5,60,10000
cpu,vollkorn,2,font_variations,weight_advance,6,717,submit_us,current,final,525.5175835,502.645583,523.8646665,504.8055,-20.87508299999999,"[-24.26408349999997, -16.708417000000026]",-4.014170921163124,"[-4.634053390016435, -3.2531419544076288]",12,5,60,10000
cpu,vollkorn,2,font_variations,weight_advance,6,717,complete_us,current,final,525.534917,502.66650000000004,523.885417,504.82991649999997,-20.87866650000001,"[-24.26049999999995, -16.70833350000001]",-4.014718445686544,"[-4.633156666559335, -3.253037830424854]",12,5,60,10000
cpu,vollkorn,2,font_variations,weight_advance,6,717,draw_us,current,route,525.37175,512.416583,523.7258335,512.2258334999999,-12.211833500000012,"[-14.784916500000037, -9.163166500000017]",-2.325759037746622,"[-2.824295385730463, -1.7770010120020885]",12,5,60,10000
cpu,vollkorn,2,font_variations,weight_advance,6,717,submit_us,current,route,525.5175835,512.573,523.8646665,512.3716665,-12.208500499999957,"[-14.799000500000005, -9.170000000000016]",-2.324494140217875,"[-2.8262075707478127, -1.777869493264661]",12,5,60,10000
cpu,vollkorn,2,font_variations,weight_advance,6,717,complete_us,current,route,525.534917,512.5971665,523.885417,512.388917,-12.211916999999971,"[-14.802083500000009, -9.173583499999978]",-2.3250373798005155,"[-2.8266139969574278, -1.7785049361486227]",12,5,60,10000
cpu,vollkorn,2,font_variations,weight_advance,6,717,draw_us,route,final,512.416583,502.51725,512.2258334999999,504.65608299999997,-9.836750000000023,"[-13.3613335, -5.267666499999962]",-1.9386504528603743,"[-2.5853087793478613, -1.0427778971435486]",12,5,60,10000
cpu,vollkorn,2,font_variations,weight_advance,6,717,submit_us,route,final,512.573,502.645583,512.3716665,504.8055,-9.829916499999996,"[-13.326500000000038, -5.260665999999986]",-1.9368474878216968,"[-2.577906697017557, -1.0411815215933429]",12,5,60,10000
cpu,vollkorn,2,font_variations,weight_advance,6,717,complete_us,route,final,512.5971665,502.66650000000004,512.388917,504.82991649999997,-9.84375,"[-13.319417000000016, -5.26400000000001]",-1.9394801593473565,"[-2.5764201235456974, -1.04175305972537]",12,5,60,10000
cpu,vollkorn,2,font_variations,weight_return,6,0,draw_us,master,current,38.9375,38.861082999999994,38.882000000000005,38.958333499999995,0.02424999999999855,"[-0.4790830000000028, 1.0208330000000032]",0.06207164329147252,"[-1.2264692447813863, 2.5953156673960476]",12,5,60,10000
cpu,vollkorn,2,font_variations,weight_return,6,0,submit_us,master,current,39.0175835,38.9304165,38.95825000000001,39.03475,0.013583000000000567,"[-0.4788330000000016, 1.0173330000000043]",0.0347092749796607,"[-1.2234474692164987, 2.582036952919653]",12,5,60,10000
cpu,vollkorn,2,font_variations,weight_return,6,0,complete_us,master,current,39.0349165,38.951333500000004,38.979166500000005,39.055667,0.010333999999996735,"[-0.48249999999999815, 1.0205829999999985]",0.02643823307748594,"[-1.2320840310002246, 2.588543495385931]",12,5,60,10000
cpu,vollkorn,2,font_variations,weight_return,6,0,draw_us,master,final,38.9375,37.711833,38.882000000000005,37.711833,-1.163166499999999,"[-1.6074999999999982, -0.5762500000000017]",-3.0115680725112615,"[-4.078883220684448, -1.4751614197324958]",12,5,60,10000
cpu,vollkorn,2,font_variations,weight_return,6,0,submit_us,master,final,39.0175835,37.77775,38.95825000000001,37.77775,-1.1739169999999994,"[-1.621166500000001, -0.5865835000000033]",-3.032997142298793,"[-4.081588934122371, -1.4984742391744688]",12,5,60,10000
cpu,vollkorn,2,font_variations,weight_return,6,0,complete_us,master,final,39.0349165,37.798833,38.979166500000005,37.8021665,-1.1700829999999982,"[-1.6247499999999988, -0.5799164999999995]",-3.020748011774843,"[-4.088518471114155, -1.4807088339610475]",12,5,60,10000
cpu,vollkorn,2,font_variations,weight_return,6,0,draw_us,master,route,38.9375,37.816,38.882000000000005,38.33325,-0.6110829999999972,"[-1.34375, 0.23625000000000185]",-1.659787463424789,"[-3.381639744556036, 0.6050669235137085]",12,5,60,10000
cpu,vollkorn,2,font_variations,weight_return,6,0,submit_us,master,route,39.0175835,37.885416500000005,38.95825000000001,38.4025835,-0.617833000000001,"[-1.3540829999999993, 0.2295000000000016]",-1.656815613905166,"[-3.4007382303314735, 0.5866583523122415]",12,5,60,10000
cpu,vollkorn,2,font_variations,weight_return,6,0,complete_us,master,route,39.0349165,37.90625,38.979166500000005,38.430333000000005,-0.6212499999999963,"[-1.3473334999999977, 0.22933350000000274]",-1.665353030829575,"[-3.381978055625362, 0.5858820172817247]",12,5,60,10000
cpu,vollkorn,2,font_variations,weight_return,6,0,draw_us,current,final,38.861082999999994,37.711833,38.958333499999995,37.711833,-1.2604999999999968,"[-1.7672504999999994, -0.47208300000000136]",-3.2711679888868805,"[-4.542184520181259, -1.2077732809589514]",12,5,60,10000
cpu,vollkorn,2,font_variations,weight_return,6,0,submit_us,current,final,38.9304165,37.77775,39.03475,37.77775,-1.2637494999999994,"[-1.7812504999999987, -0.47925000000000395]",-3.2741761901468216,"[-4.56916486821306, -1.2234405063599185]",12,5,60,10000
cpu,vollkorn,2,font_variations,weight_return,6,0,complete_us,current,final,38.951333500000004,37.798833,39.055667,37.8021665,-1.2533335,"[-1.7675835000000006, -0.46891649999999885]",-3.245556811365191,"[-4.5324755947619195, -1.196855427985588]",12,5,60,10000
cpu,vollkorn,2,font_variations,weight_return,6,0,draw_us,current,route,38.861082999999994,37.816,38.958333499999995,38.33325,-0.8230000000000004,"[-1.954833500000003, -0.21174950000000337]",-2.0949285732880183,"[-5.138211396740133, -0.5417521112504098]",12,5,60,10000
cpu,vollkorn,2,font_variations,weight_return,6,0,submit_us,current,route,38.9304165,37.885416500000005,39.03475,38.4025835,-0.8370835000000021,"[-1.9582500000000032, -0.2150829999999999]",-2.1263735116370643,"[-5.137474342831827, -0.5494649725187872]",12,5,60,10000
cpu,vollkorn,2,font_variations,weight_return,6,0,complete_us,current,route,38.951333500000004,37.90625,39.055667,38.430333000000005,-0.8198335000000014,"[-1.9584999999999972, -0.2115000000000009]",-2.0822235474242943,"[-5.135405452079372, -0.5397722427957719]",12,5,60,10000
cpu,vollkorn,2,font_variations,weight_return,6,0,draw_us,route,final,37.816,37.711833,38.33325,37.711833,-0.2118335000000009,"[-0.9478335000000015, 0.614583500000002]",-0.5650228116114375,"[-2.43236664127211, 1.6196941808809484]",12,5,60,10000
cpu,vollkorn,2,font_variations,weight_return,6,0,submit_us,route,final,37.885416500000005,37.77775,38.4025835,37.77775,-0.20150049999999808,"[-0.9483335000000039, 0.6286669999999965]",-0.5367576075161085,"[-2.4291502891670147, 1.6540632891876017]",12,5,60,10000
cpu,vollkorn,2,font_variations,weight_return,6,0,complete_us,route,final,37.90625,37.798833,38.430333000000005,37.8021665,-0.2049164999999995,"[-0.9411665000000013, 0.618166500000001]",-0.5451791272888473,"[-2.4096580204182594, 1.6249968757332867]",12,5,60,10000
cpu,vollkorn,2,grid_pollution,hot_first,1,94,draw_us,master,current,1603.792,1625.4165,1604.959,1621.813,11.666500000000042,"[-4.25, 25.229000000000042]",0.7273306384157352,"[-0.2645143071685896, 1.5700729809990266]",12,5,60,10000
cpu,vollkorn,2,grid_pollution,hot_first,1,94,submit_us,master,current,1604.0,1625.5415,1605.1465,1621.896,11.666000000000054,"[-4.166499999999928, 25.1875]",0.7272709540023237,"[-0.25934787301108986, 1.5673094573783075]",12,5,60,10000
cpu,vollkorn,2,grid_pollution,hot_first,1,94,complete_us,master,current,1604.0205,1625.5835,1605.167,1621.917,11.645999999999958,"[-4.166999999999916, 25.145500000000084]",0.7259988283051855,"[-0.25937449194731177, 1.5646546484533896]",12,5,60,10000
cpu,vollkorn,2,grid_pollution,hot_first,1,94,draw_us,master,final,1603.792,1512.8335,1604.959,1514.396,-97.72950000000003,"[-107.56249999999989, -77.68749999999989]",-6.060772321421737,"[-6.702647541071988, -4.802078877422694]",12,5,60,10000
cpu,vollkorn,2,grid_pollution,hot_first,1,94,submit_us,master,final,1604.0,1512.917,1605.1465,1514.5,-97.64650000000006,"[-107.41650000000004, -77.70799999999997]",-6.055257778241035,"[-6.703329789378243, -4.803041582701201]",12,5,60,10000
cpu,vollkorn,2,grid_pollution,hot_first,1,94,complete_us,master,final,1604.0205,1512.9375,1605.167,1514.5,-97.6875,"[-107.43799999999999, -77.70799999999997]",-6.057646810122536,"[-6.70453565423032, -4.802918302916248]",12,5,60,10000
cpu,vollkorn,2,grid_pollution,hot_first,1,94,draw_us,master,route,1603.792,1526.1045,1604.959,1526.1255,-77.54200000000003,"[-99.47899999999993, -56.04149999999993]",-4.8750627542115454,"[-6.133292745913799, -3.4880075837433133]",12,5,60,10000
cpu,vollkorn,2,grid_pollution,hot_first,1,94,submit_us,master,route,1604.0,1526.2295,1605.1465,1526.2505,-77.60449999999992,"[-99.54150000000004, -56.04200000000003]",-4.878459462108942,"[-6.136337339640219, -3.4878105471523257]",12,5,60,10000
cpu,vollkorn,2,grid_pollution,hot_first,1,94,complete_us,master,route,1604.0205,1526.25,1605.167,1526.2710000000002,-77.60399999999993,"[-99.58299999999997, -56.062000000000126]",-4.878347275439998,"[-6.13874052337694, -3.488975085056251]",12,5,60,10000
cpu,vollkorn,2,grid_pollution,hot_first,1,94,draw_us,current,final,1625.4165,1512.8335,1621.813,1514.396,-107.14600000000007,"[-119.68749999999989, -95.66650000000004]",-6.550306795672428,"[-7.410581830581863, -6.01576874256598]",12,5,60,10000
cpu,vollkorn,2,grid_pollution,hot_first,1,94,submit_us,current,final,1625.5415,1512.917,1621.896,1514.5,-107.10400000000016,"[-119.45799999999997, -95.66699999999992]",-6.5460644919445645,"[-7.395941139208145, -6.015362909049893]",12,5,60,10000
cpu,vollkorn,2,grid_pollution,hot_first,1,94,complete_us,current,final,1625.5835,1512.9375,1621.917,1514.5,-107.12549999999999,"[-119.4375, -95.66699999999992]",-6.545987333617909,"[-7.3946753164233385, -6.015362909049893]",12,5,60,10000
cpu,vollkorn,2,grid_pollution,hot_first,1,94,draw_us,current,route,1625.4165,1526.1045,1621.813,1526.1255,-77.97900000000004,"[-114.45749999999998, -69.16700000000003]",-4.8696897551814615,"[-6.975993600284103, -4.266571629273042]",12,5,60,10000
cpu,vollkorn,2,grid_pollution,hot_first,1,94,submit_us,current,route,1625.5415,1526.2295,1621.896,1526.2505,-78.0,"[-114.41600000000005, -69.08349999999996]",-4.869373621560002,"[-6.97310896395516, -4.263754369753231]",12,5,60,10000
cpu,vollkorn,2,grid_pollution,hot_first,1,94,complete_us,current,route,1625.5835,1526.25,1621.917,1526.2710000000002,-78.0,"[-114.4369999999999, -69.08350000000007]",-4.86926919726634,"[-6.9742091112060365, -4.263698388170667]",12,5,60,10000
cpu,vollkorn,2,grid_pollution,hot_first,1,94,draw_us,route,final,1526.1045,1512.8335,1526.1255,1514.396,-17.521000000000072,"[-32.729499999999916, -2.8125]",-1.1369250565299638,"[-2.1464457721077412, -0.18847043499198302]",12,5,60,10000
cpu,vollkorn,2,grid_pollution,hot_first,1,94,submit_us,route,final,1526.2295,1512.917,1526.2505,1514.5,-17.583500000000072,"[-32.75, -2.604000000000042]",-1.1408698943553564,"[-2.1476000321057898, -0.17454193534783835]",12,5,60,10000
cpu,vollkorn,2,grid_pollution,hot_first,1,94,complete_us,route,final,1526.25,1512.9375,1526.2710000000002,1514.5,-17.5625,"[-32.750499999999874, -2.60450000000003]",-1.1394783064937575,"[-2.1476285524141714, -0.1745681206712979]",12,5,60,10000
cpu,vollkorn,2,grid_pollution,hot_return,1,94,draw_us,master,current,1526.25,1545.521,1526.25,1544.9585,13.083499999999958,"[2.3544999999999163, 30.437000000000012]",0.8541194795766427,"[0.15758452005905643, 2.003371901137574]",12,5,60,10000
cpu,vollkorn,2,grid_pollution,hot_return,1,94,submit_us,master,current,1526.4375,1545.729,1526.4375,1545.2915,13.207499999999982,"[2.625499999999988, 30.77049999999997]",0.8620992022220331,"[0.1756907496938187, 2.0250081424268873]",12,5,60,10000
cpu,vollkorn,2,grid_pollution,hot_return,1,94,complete_us,master,current,1526.458,1545.729,1526.458,1545.312,13.227999999999952,"[2.625, 30.771000000000072]",0.8634385602709793,"[0.17565873127393106, 2.025014731291852]",12,5,60,10000
cpu,vollkorn,2,grid_pollution,hot_return,1,94,draw_us,master,final,1526.25,1506.0415,1526.25,1505.208,-25.020500000000084,"[-35.1869999999999, -11.6875]",-1.649898272572753,"[-2.272781765103049, -0.7669447914910199]",12,5,60,10000
cpu,vollkorn,2,grid_pollution,hot_return,1,94,submit_us,master,final,1526.4375,1506.312,1526.4375,1505.458,-24.83299999999997,"[-35.187500000000114, -11.72950000000003]",-1.6374660364813387,"[-2.2725689294942617, -0.7695830177095297]",12,5,60,10000
cpu,vollkorn,2,grid_pollution,hot_return,1,94,complete_us,master,final,1526.458,1506.333,1526.458,1505.479,-24.832500000000095,"[-35.1875, -11.70799999999997]",-1.6374118292372786,"[-2.272534391063896, -0.7681704010073731]",12,5,60,10000
cpu,vollkorn,2,grid_pollution,hot_return,1,94,draw_us,master,route,1526.25,1536.8335000000002,1526.25,1531.1665,6.833499999999958,"[-9.291500000000042, 21.895500000000084]",0.4475928230429749,"[-0.617239234845629, 1.4293881019887822]",12,5,60,10000
cpu,vollkorn,2,grid_pollution,hot_return,1,94,submit_us,master,route,1526.4375,1537.0835000000002,1526.4375,1531.396,6.8125,"[-9.25, 22.019999999999982]",0.4461661033349773,"[-0.6144446347085997, 1.4373246328005074]",12,5,60,10000
cpu,vollkorn,2,grid_pollution,hot_return,1,94,complete_us,master,route,1526.458,1537.104,1526.458,1531.437,6.833999999999946,"[-9.249500000000012, 22.040499999999952]",0.44756459365619117,"[-0.6144016918677053, 1.4386639908494536]",12,5,60,10000
cpu,vollkorn,2,grid_pollution,hot_return,1,94,draw_us,current,final,1545.521,1506.0415,1544.9585,1505.208,-38.83349999999996,"[-51.70850000000007, -16.437499999999886]",-2.5149935974789814,"[-3.321097558493813, -1.0787985744329043]",12,5,60,10000
cpu,vollkorn,2,grid_pollution,hot_return,1,94,submit_us,current,final,1545.729,1506.312,1545.2915,1505.458,-38.79149999999993,"[-52.00049999999999, -16.375]",-2.511932515042009,"[-3.338498469476331, -1.0745845566934253]",12,5,60,10000
cpu,vollkorn,2,grid_pollution,hot_return,1,94,complete_us,current,final,1545.729,1506.333,1545.312,1505.479,-38.79150000000004,"[-51.95849999999996, -16.374500000000012]",-2.5118990047555076,"[-3.3358020895354557, -1.074501231418895]",12,5,60,10000
cpu,vollkorn,2,grid_pollution,hot_return,1,94,draw_us,current,route,1545.521,1536.8335000000002,1544.9585,1531.1665,-9.479499999999916,"[-29.146000000000072, 6.333000000000084]",-0.6257887100679316,"[-1.8709509998869167, 0.41127158145283227]",12,5,60,10000
cpu,vollkorn,2,grid_pollution,hot_return,1,94,submit_us,current,route,1545.729,1537.0835000000002,1545.2915,1531.396,-9.583000000000084,"[-29.770999999999958, 6.375]",-0.6325143885736739,"[-1.9101011855846506, 0.4139691977136817]",12,5,60,10000
cpu,vollkorn,2,grid_pollution,hot_return,1,94,complete_us,current,route,1545.729,1537.104,1545.312,1531.437,-9.583000000000084,"[-29.72950000000003, 6.395500000000084]",-0.6325143885736739,"[-1.9074385653401638, 0.41531067413609346]",12,5,60,10000
cpu,vollkorn,2,grid_pollution,hot_return,1,94,draw_us,route,final,1536.8335000000002,1506.0415,1531.1665,1505.208,-37.24950000000001,"[-47.4375, -5.479000000000042]",-2.4092487145225103,"[-3.0422899684429128, -0.35609346789947094]",12,5,60,10000
cpu,vollkorn,2,grid_pollution,hot_return,1,94,submit_us,route,final,1537.0835000000002,1506.312,1531.396,1505.458,-37.25,"[-47.39599999999996, -5.395999999999958]",-2.408723621505432,"[-3.0392120677550762, -0.35039775044032884]",12,5,60,10000
cpu,vollkorn,2,grid_pollution,hot_return,1,94,complete_us,route,final,1537.104,1506.333,1531.437,1505.479,-37.24950000000001,"[-47.41650000000004, -5.375]",-2.408626810759001,"[-3.0404831342450587, -0.3489748383545044]",12,5,60,10000
cpu,vollkorn,2,grid_pollution,hot_second,1,94,draw_us,master,current,1465.479,195.39600000000002,1464.3960000000002,195.39600000000002,-1273.2295,"[-1278.8955, -1261.9375]",-86.74644190305088,"[-86.9848679946291, -86.57399364463826]",12,5,60,10000
cpu,vollkorn,2,grid_pollution,hot_second,1,94,submit_us,master,current,1465.583,195.45850000000002,1464.5,195.45850000000002,-1273.2295,"[-1278.9375, -1261.938]",-86.74314321206029,"[-86.97975097236814, -86.5694619990301]",12,5,60,10000
cpu,vollkorn,2,grid_pollution,hot_second,1,94,complete_us,master,current,1465.583,195.4795,1464.5,195.4795,-1273.2085,"[-1278.9165, -1261.938]",-86.7417177117606,"[-86.97867387697707, -86.5694619990301]",12,5,60,10000
cpu,vollkorn,2,grid_pollution,hot_second,1,94,draw_us,master,final,1465.479,195.8755,1464.3960000000002,196.084,-1269.9589999999998,"[-1278.7285, -1259.979]",-86.65311501535257,"[-86.95883325038503, -86.42240801386703]",12,5,60,10000
cpu,vollkorn,2,grid_pollution,hot_second,1,94,submit_us,master,final,1465.583,195.9375,1464.5,196.14600000000002,-1270.0005,"[-1278.8745, -1259.9995]",-86.64843085147935,"[-86.95402009534985, -86.42010973552853]",12,5,60,10000
cpu,vollkorn,2,grid_pollution,hot_second,1,94,complete_us,master,final,1465.583,195.95850000000002,1464.5,196.167,-1269.9795,"[-1278.8535000000002, -1259.9795]",-86.64843085147935,"[-86.9525506215684, -86.41749281969331]",12,5,60,10000
cpu,vollkorn,2,grid_pollution,hot_second,1,94,draw_us,master,route,1465.479,198.0625,1464.3960000000002,197.91649999999998,-1269.0625,"[-1273.5, -1256.1039999999998]",-86.4244441839974,"[-86.60007398904315, -86.31063768617685]",12,5,60,10000
cpu,vollkorn,2,grid_pollution,hot_second,1,94,submit_us,master,route,1465.583,198.14600000000002,1464.5,197.9785,-1269.104,"[-1273.6045, -1256.125]",-86.42053957724823,"[-86.59699054141652, -86.30735764213506]",12,5,60,10000
cpu,vollkorn,2,grid_pollution,hot_second,1,94,complete_us,master,route,1465.583,198.14600000000002,1464.5,197.9995,-1269.083,"[-1273.625, -1256.1255]",-86.42072844554652,"[-86.59556741562237, -86.30595148591453]",12,5,60,10000
cpu,vollkorn,2,grid_pollution,hot_second,1,94,draw_us,current,final,195.39600000000002,195.8755,195.39600000000002,196.084,1.3545000000000016,"[-3.646000000000001, 4.708500000000001]",0.7132766669420865,"[-1.8639467157403666, 2.515498620900858]",12,5,60,10000
cpu,vollkorn,2,grid_pollution,hot_second,1,94,submit_us,current,final,195.45850000000002,195.9375,195.45850000000002,196.14600000000002,1.3539999999999992,"[-3.6670000000000016, 4.667500000000004]",0.713408215601008,"[-1.863679096832238, 2.4923262706454397]",12,5,60,10000
cpu,vollkorn,2,grid_pollution,hot_second,1,94,complete_us,current,final,195.4795,195.95850000000002,195.4795,196.167,1.375,"[-3.6670000000000016, 4.667000000000002]",0.7240237315128795,"[-1.863297218241039, 2.491503044644705]",12,5,60,10000
cpu,vollkorn,2,grid_pollution,hot_second,1,94,draw_us,current,route,195.39600000000002,198.0625,195.39600000000002,197.91649999999998,4.5625,"[0.2085000000000008, 8.207999999999998]",2.430580977374164,"[0.1019844309713247, 4.3128046527325825]",12,5,60,10000
cpu,vollkorn,2,grid_pollution,hot_second,1,94,submit_us,current,route,195.45850000000002,198.14600000000002,195.45850000000002,197.9785,4.521500000000003,"[0.2085000000000008, 8.207999999999998]",2.407848298892956,"[0.10194309120025724, 4.31092451758186]",12,5,60,10000
cpu,vollkorn,2,grid_pollution,hot_second,1,94,complete_us,current,route,195.4795,198.14600000000002,195.4795,197.9995,4.542000000000002,"[0.1875, 8.186999999999998]",2.4179367758606407,"[0.09134851488188933, 4.299348904733746]",12,5,60,10000
cpu,vollkorn,2,grid_pollution,hot_second,1,94,draw_us,route,final,198.0625,195.8755,197.91649999999998,196.084,-2.5829999999999984,"[-7.124499999999998, 0.2295000000000016]",-1.340497538521307,"[-3.603600952993502, 0.12093536262087201]",12,5,60,10000
cpu,vollkorn,2,grid_pollution,hot_second,1,94,submit_us,route,final,198.14600000000002,195.9375,197.9785,196.14600000000002,-2.5619999999999976,"[-7.125, 0.1880000000000024]",-1.3296376071424254,"[-3.6026665138463088, 0.0997455560825089]",12,5,60,10000
cpu,vollkorn,2,grid_pollution,hot_second,1,94,complete_us,route,final,198.14600000000002,195.95850000000002,197.9995,196.167,-2.5829999999999984,"[-7.103999999999999, 0.2295000000000016]",-1.3399159103145042,"[-3.591652201402795, 0.12088254901736484]",12,5,60,10000
cpu,vollkorn,2,grid_pollution,pollution,64,6016,draw_us,master,current,1521.863953,1540.733039,1521.0026404999999,1544.6637735,25.270804999999996,"[14.019241999999963, 34.1422735000001]",1.6599412967706062,"[0.918928041779421, 2.290269549290591]",12,5,60,10000
cpu,vollkorn,2,grid_pollution,pollution,64,6016,submit_us,master,current,1521.950891,1540.8063124999999,1521.0833675,1544.7373440000001,25.26629700000001,"[14.023414000000116, 34.13580450000006]",1.659554731870383,"[0.919158757412486, 2.28970597979844]",12,5,60,10000
cpu,vollkorn,2,grid_pollution,pollution,64,6016,complete_us,master,current,1521.9723285,1540.8264840000002,1521.104844,1544.75882,25.26403849999997,"[14.020851500000049, 34.13678100000004]",1.6593823598032853,"[0.9189771856788154, 2.289737026450478]",12,5,60,10000
cpu,vollkorn,2,grid_pollution,pollution,64,6016,draw_us,master,final,1521.863953,1505.6953515,1521.0026404999999,1504.1637890000002,-15.818320499999913,"[-21.372663999999986, -8.769539000000009]",-1.0501877221172906,"[-1.406907064605717, -0.5753454293465354]",12,5,60,10000
cpu,vollkorn,2,grid_pollution,pollution,64,6016,submit_us,master,final,1521.950891,1505.7669765,1521.0833675,1504.237664,-15.82974200000001,"[-21.364210999999955, -8.779570999999919]",-1.0508983926911186,"[-1.4062816990122795, -0.5759757638319707]",12,5,60,10000
cpu,vollkorn,2,grid_pollution,pollution,64,6016,complete_us,master,final,1521.9723285,1505.7907500000001,1521.104844,1504.2601485,-15.831047500000068,"[-21.360008000000107, -8.77925049999999]",-1.0509686789344275,"[-1.4059832022309038, -0.5759471086255963]",12,5,60,10000
cpu,vollkorn,2,grid_pollution,pollution,64,6016,draw_us,master,route,1521.863953,1538.1533125,1521.0026404999999,1537.6484220000002,15.177093500000069,"[8.986016000000063, 36.135124500000074]",1.0082197288631467,"[0.58758984003211, 2.3997460036893403]",12,5,60,10000
cpu,vollkorn,2,grid_pollution,pollution,64,6016,submit_us,master,route,1521.950891,1538.223992,1521.0833675,1537.7092969999999,15.16398449999997,"[8.959328000000141, 36.120820500000036]",1.0073004660871687,"[0.5858088966534614, 2.3998886999129]",12,5,60,10000
cpu,vollkorn,2,grid_pollution,pollution,64,6016,complete_us,master,route,1521.9723285,1538.2448205,1521.104844,1537.732414,15.161452499999996,"[8.955085499999996, 36.12146100000007]",1.0071137086169024,"[0.5855223879917215, 2.3998796242181375]",12,5,60,10000
cpu,vollkorn,2,grid_pollution,pollution,64,6016,draw_us,current,final,1540.733039,1505.6953515,1544.6637735,1504.1637890000002,-38.03285949999986,"[-43.379577999999924, -31.482116999999903]",-2.4544526145412746,"[-2.792656121405318, -2.0519222801126666]",12,5,60,10000
cpu,vollkorn,2,grid_pollution,pollution,64,6016,submit_us,current,final,1540.8063124999999,1505.7669765,1544.7373440000001,1504.237664,-38.05110200000013,"[-43.38115600000003, -31.481890499999963]",-2.4554945884095734,"[-2.7926206320802116, -2.0518050273641286]",12,5,60,10000
cpu,vollkorn,2,grid_pollution,pollution,64,6016,complete_us,current,final,1540.8264840000002,1505.7907500000001,1544.75882,1504.2601485,-38.04624250000006,"[-43.38125000000002, -31.48186750000002]",-2.4551478074655133,"[-2.7925900606082523, -2.0517791769810168]",12,5,60,10000
cpu,vollkorn,2,grid_pollution,pollution,64,6016,draw_us,current,route,1540.733039,1538.1533125,1544.6637735,1537.6484220000002,1.068984500000056,"[-11.92351599999995, 6.022100999999907]",0.06965054152431316,"[-0.7680155326279969, 0.3937850496567141]",12,5,60,10000
cpu,vollkorn,2,grid_pollution,pollution,64,6016,submit_us,current,route,1540.8063124999999,1538.223992,1544.7373440000001,1537.7092969999999,1.0600860000000694,"[-11.936851500000103, 6.020117500000083]",0.06906704499588523,"[-0.7688316067226919, 0.39362430180713837]",12,5,60,10000
cpu,vollkorn,2,grid_pollution,pollution,64,6016,complete_us,current,route,1540.8264840000002,1538.2448205,1544.75882,1537.732414,1.062663499999985,"[-11.932648499999914, 6.019499999999994]",0.06923431685111892,"[-0.7685512749634027, 0.39357911050267314]",12,5,60,10000
cpu,vollkorn,2,grid_pollution,pollution,64,6016,draw_us,route,final,1538.1533125,1505.6953515,1537.6484220000002,1504.1637890000002,-33.53475800000001,"[-42.96225750000008, -30.395186999999964]",-2.1941986624381347,"[-2.812484815185523, -1.9794464037350024]",12,5,60,10000
cpu,vollkorn,2,grid_pollution,pollution,64,6016,submit_us,route,final,1538.223992,1505.7669765,1537.7092969999999,1504.237664,-33.53412500000002,"[-42.94171900000015, -30.388296999999966]",-2.1940610116439774,"[-2.8110004293338156, -1.9789114317748713]",12,5,60,10000
cpu,vollkorn,2,grid_pollution,pollution,64,6016,complete_us,route,final,1538.2448205,1505.7907500000001,1537.732414,1504.2601485,-33.528929500000004,"[-42.939781500000095, -30.390944999999988]",-2.193696727588984,"[-2.810839905405288, -1.9790555861159187]",12,5,60,10000
cpu,vollkorn,2,grid_singleton,once,1,94,draw_us,master,current,1609.5205,1641.9585,1606.5835000000002,1638.4375,24.83400000000006,"[12.04200000000003, 47.02049999999997]",1.551752170605336,"[0.7445400977651895, 2.9406784518780316]",12,5,60,10000
cpu,vollkorn,2,grid_singleton,once,1,94,submit_us,master,current,1609.6665,1642.0625,1606.75,1638.5415,24.771499999999946,"[12.042500000000132, 46.97900000000004]",1.547705668987931,"[0.7444697119434407, 2.9377799446753006]",12,5,60,10000
cpu,vollkorn,2,grid_singleton,once,1,94,complete_us,master,current,1609.6875,1642.0835,1606.792,1638.5835,24.771499999999946,"[12.04200000000003, 46.95799999999997]",1.547705668987931,"[0.7444632288459485, 2.9363950552135476]",12,5,60,10000
cpu,vollkorn,2,grid_singleton,once,1,94,draw_us,master,final,1609.5205,1534.458,1606.5835000000002,1535.937,-74.20799999999997,"[-78.39550000000008, -62.500000000000114]",-4.6549215391947065,"[-4.955696673146997, -3.9042195712349628]",12,5,60,10000
cpu,vollkorn,2,grid_singleton,once,1,94,submit_us,master,final,1609.6665,1534.583,1606.75,1536.062,-74.25,"[-78.39550000000008, -62.541999999999916]",-4.657068750452664,"[-4.955305015997919, -3.9063858458457057]",12,5,60,10000
cpu,vollkorn,2,grid_singleton,once,1,94,complete_us,master,final,1609.6875,1534.6039999999998,1606.792,1536.083,-74.22950000000003,"[-78.41650000000004, -62.52100000000007]",-4.655798450438786,"[-4.956479606317316, -3.905019193226372]",12,5,60,10000
cpu,vollkorn,2,grid_singleton,once,1,94,draw_us,master,route,1609.5205,1555.5625,1606.5835000000002,1559.083,-52.29200000000003,"[-72.22899999999993, -42.541000000000054]",-3.255685558646948,"[-4.49101890741535, -2.640127929949998]",12,5,60,10000
cpu,vollkorn,2,grid_singleton,once,1,94,submit_us,master,route,1609.6665,1555.667,1606.75,1559.229,-52.29200000000003,"[-72.31200000000001, -42.583000000000084]",-3.2554321876417767,"[-4.494256891388737, -2.642488734925502]",12,5,60,10000
cpu,vollkorn,2,grid_singleton,once,1,94,complete_us,master,route,1609.6875,1555.708,1606.792,1559.2495,-52.291999999999916,"[-72.27100000000007, -42.58299999999997]",-3.255347063835934,"[-4.491716356851022, -2.642460712203798]",12,5,60,10000
cpu,vollkorn,2,grid_singleton,once,1,94,draw_us,current,final,1641.9585,1534.458,1638.4375,1535.937,-102.74950000000001,"[-107.14600000000007, -91.10400000000004]",-6.246638266759552,"[-6.508558541760223, -5.658334145993271]",12,5,60,10000
cpu,vollkorn,2,grid_singleton,once,1,94,submit_us,current,final,1642.0625,1534.583,1638.5415,1536.062,-102.70799999999997,"[-107.12549999999999, -91.125]",-6.24616532922383,"[-6.506814112929144, -5.659128664980351]",12,5,60,10000
cpu,vollkorn,2,grid_singleton,once,1,94,complete_us,current,final,1642.0835,1534.6039999999998,1638.5835,1536.083,-102.68700000000013,"[-107.12549999999999, -91.12549999999999]",-6.244893244161321,"[-6.506739600645501, -5.659091572560443]",12,5,60,10000
cpu,vollkorn,2,grid_singleton,once,1,94,draw_us,current,route,1641.9585,1555.5625,1638.4375,1559.083,-89.89550000000008,"[-100.81299999999999, -69.8125]",-5.444832100162128,"[-6.132438783107281, -4.286830464499131]",12,5,60,10000
cpu,vollkorn,2,grid_singleton,once,1,94,submit_us,current,route,1642.0625,1555.667,1638.5415,1559.229,-89.91650000000004,"[-100.83349999999996, -69.83350000000007]",-5.445621404107259,"[-6.131956227857454, -4.287733997290161]",12,5,60,10000
cpu,vollkorn,2,grid_singleton,once,1,94,complete_us,current,route,1642.0835,1555.708,1638.5835,1559.2495,-89.89549999999997,"[-100.81299999999987, -69.81299999999999]",-5.444349319044745,"[-6.13303132996208, -4.2864217040804125]",12,5,60,10000
cpu,vollkorn,2,grid_singleton,once,1,94,draw_us,route,final,1555.5625,1534.458,1559.083,1535.937,-15.875,"[-36.0, -7.5]",-1.0169452078576058,"[-2.29504947628284, -0.48331134916034246]",12,5,60,10000
cpu,vollkorn,2,grid_singleton,once,1,94,submit_us,route,final,1555.667,1534.583,1559.229,1536.062,-15.854499999999916,"[-36.10400000000004, -7.520999999999958]",-1.0155500661829742,"[-2.3013355765537424, -0.4846117579774767]",12,5,60,10000
cpu,vollkorn,2,grid_singleton,once,1,94,complete_us,route,final,1555.708,1534.6039999999998,1559.2495,1536.083,-15.833500000000072,"[-36.083000000000084, -7.5625]",-1.014191971004813,"[-2.299999662998803, -0.4872778332017935]",12,5,60,10000
cpu,vollkorn,2,grid_two_phases,first,1,94,draw_us,master,current,1547.8125,1580.271,1547.8335,1581.021,28.916999999999916,"[7.416499999999928, 43.1875]",1.8529443720994188,"[0.4739303494732505, 2.7867356015135347]",12,5,60,10000
cpu,vollkorn,2,grid_two_phases,first,1,94,submit_us,master,current,1547.958,1580.375,1547.9789999999998,1581.146,28.875,"[7.395999999999958, 43.16649999999993]",1.8500807390355756,"[0.472566184619172, 2.785161410188386]",12,5,60,10000
cpu,vollkorn,2,grid_two_phases,first,1,94,complete_us,master,current,1547.9995,1580.396,1547.9789999999998,1581.1665,28.854000000000042,"[7.437500000000114, 43.16650000000004]",1.8487110396868345,"[0.47522378164884804, 2.7851293636778185]",12,5,60,10000
cpu,vollkorn,2,grid_two_phases,first,1,94,draw_us,master,final,1547.8125,1477.917,1547.8335,1480.646,-71.85450000000003,"[-88.22850000000005, -56.708000000000084]",-4.614346404164177,"[-5.6386425022451006, -3.6701231015315248]",12,5,60,10000
cpu,vollkorn,2,grid_two_phases,first,1,94,submit_us,master,final,1547.958,1478.021,1547.9789999999998,1480.771,-71.87499999999989,"[-88.22850000000005, -56.708000000000084]",-4.615174964966107,"[-5.638192072244891, -3.6698261916517425]",12,5,60,10000
cpu,vollkorn,2,grid_two_phases,first,1,94,complete_us,master,final,1547.9995,1478.042,1547.9789999999998,1480.771,-71.87499999999989,"[-88.24950000000001, -56.68700000000001]",-4.615174964966107,"[-5.639467356907717, -3.668393198153919]",12,5,60,10000
cpu,vollkorn,2,grid_two_phases,first,1,94,draw_us,master,route,1547.8125,1498.896,1547.8335,1499.2915,-48.479000000000156,"[-68.41650000000004, -42.14599999999996]",-3.1166299968781894,"[-4.467185781920008, -2.733419998843878]",12,5,60,10000
cpu,vollkorn,2,grid_two_phases,first,1,94,submit_us,master,route,1547.958,1498.979,1547.9789999999998,1499.437,-48.499500000000126,"[-68.45849999999996, -42.12549999999999]",-3.117718373296391,"[-4.4694908596044245, -2.7318416100257705]",12,5,60,10000
cpu,vollkorn,2,grid_two_phases,first,1,94,complete_us,master,route,1547.9995,1499.021,1547.9789999999998,1499.437,-48.52100000000007,"[-68.47949999999992, -42.14599999999996]",-3.1176837116916154,"[-4.470795218361823, -2.7331446616893738]",12,5,60,10000
cpu,vollkorn,2,grid_two_phases,first,1,94,draw_us,current,final,1580.271,1477.917,1581.021,1480.646,-104.02050000000008,"[-112.93749999999989, -90.08300000000008]",-6.5432033939994465,"[-7.1725524467874, -5.8164748455036275]",12,5,60,10000
cpu,vollkorn,2,grid_two_phases,first,1,94,submit_us,current,final,1580.375,1478.021,1581.146,1480.771,-103.97899999999993,"[-112.875, -90.10350000000005]",-6.540249405482628,"[-7.168139322490136, -5.817348437256509]",12,5,60,10000
cpu,vollkorn,2,grid_two_phases,first,1,94,complete_us,current,final,1580.396,1478.042,1581.1665,1480.771,-103.97850000000005,"[-112.87499999999989, -90.10400000000004]",-6.540047149269523,"[-7.1681125359254025, -5.817260994415036]",12,5,60,10000
cpu,vollkorn,2,grid_two_phases,first,1,94,draw_us,current,route,1580.271,1498.896,1581.021,1499.2915,-74.70849999999996,"[-99.5625, -67.49950000000013]",-4.706945890668729,"[-6.311564287604349, -4.332730010654179]",12,5,60,10000
cpu,vollkorn,2,grid_two_phases,first,1,94,submit_us,current,route,1580.375,1498.979,1581.146,1499.437,-74.72950000000003,"[-99.58349999999996, -67.49950000000001]",-4.707892208106679,"[-6.311151191132058, -4.332436358273095]",12,5,60,10000
cpu,vollkorn,2,grid_two_phases,first,1,94,complete_us,current,route,1580.396,1499.021,1581.1665,1499.437,-74.70849999999996,"[-99.58349999999996, -67.49950000000013]",-4.706575215515696,"[-6.310987889517467, -4.332382236779731]",12,5,60,10000
cpu,vollkorn,2,grid_two_phases,first,1,94,draw_us,route,final,1498.896,1477.917,1499.2915,1480.646,-23.54200000000003,"[-39.020499999999856, -1.7080000000000837]",-1.560623865809746,"[-2.590001395451813, -0.11475588421847038]",12,5,60,10000
cpu,vollkorn,2,grid_two_phases,first,1,94,submit_us,route,final,1498.979,1478.021,1499.437,1480.771,-23.520999999999958,"[-38.97899999999993, -1.6875]",-1.559105247179654,"[-2.5870469048613343, -0.11336177619877263]",12,5,60,10000
cpu,vollkorn,2,grid_two_phases,first,1,94,complete_us,route,final,1499.021,1478.042,1499.437,1480.771,-23.541500000000042,"[-38.9994999999999, -1.7075000000000955]",-1.560442860670841,"[-2.588410274811986, -0.11470392477407887]",12,5,60,10000
cpu,vollkorn,2,grid_two_phases,second,1,94,draw_us,master,current,1459.8539999999998,192.8955,1460.4795,193.54149999999998,-1268.542,"[-1271.7289999999998, -1258.354]",-86.70525888366677,"[-87.04837697455955, -86.63897459770263]",12,5,60,10000
cpu,vollkorn,2,grid_two_phases,second,1,94,submit_us,master,current,1459.9375,192.9995,1460.5835,193.625,-1268.5414999999998,"[-1271.708, -1258.3335]",-86.69763064916532,"[-87.0438980125809, -86.6328100059018]",12,5,60,10000
cpu,vollkorn,2,grid_two_phases,second,1,94,complete_us,master,current,1459.958,193.0205,1460.604,193.66649999999998,-1268.5625,"[-1271.6875, -1258.3335]",-86.69781717635932,"[-87.04096255192954, -86.63016062752217]",12,5,60,10000
cpu,vollkorn,2,grid_two_phases,second,1,94,draw_us,master,final,1459.8539999999998,191.8545,1460.4795,192.25,-1269.083,"[-1273.7289999999998, -1261.2705]",-86.84725710882488,"[-87.0418775844579, -86.7651102734026]",12,5,60,10000
cpu,vollkorn,2,grid_two_phases,second,1,94,submit_us,master,final,1459.9375,191.9375,1460.5835,192.333,-1269.125,"[-1273.77, -1261.2710000000002]",-86.84267617212771,"[-87.03850835400385, -86.7603460828204]",12,5,60,10000
cpu,vollkorn,2,grid_two_phases,second,1,94,complete_us,master,final,1459.958,191.95850000000002,1460.604,192.35399999999998,-1269.125,"[-1273.7495, -1261.292]",-86.84267617212771,"[-87.03747487466072, -86.75894930725975]",12,5,60,10000
cpu,vollkorn,2,grid_two_phases,second,1,94,draw_us,master,route,1459.8539999999998,196.667,1460.4795,199.66649999999998,-1264.6665,"[-1267.5004999999999, -1254.125]",-86.38076497741366,"[-86.87466501459409, -86.25863655837391]",12,5,60,10000
cpu,vollkorn,2,grid_two_phases,second,1,94,submit_us,master,route,1459.9375,196.75,1460.5835,199.7505,-1264.6455,"[-1267.5210000000002, -1254.167]",-86.37614985812161,"[-86.86848019144733, -86.25410499204705]",12,5,60,10000
cpu,vollkorn,2,grid_two_phases,second,1,94,complete_us,master,route,1459.958,196.77100000000002,1460.604,199.7505,-1264.687,"[-1267.521, -1254.1665]",-86.37614985812161,"[-86.86884979556183, -86.25270048130665]",12,5,60,10000
cpu,vollkorn,2,grid_two_phases,second,1,94,draw_us,current,final,192.8955,191.8545,193.54149999999998,192.25,-3.1880000000000024,"[-7.353999999999999, 0.4170000000000016]",-1.633765243805957,"[-3.7401881820252836, 0.2160294945937835]",12,5,60,10000
cpu,vollkorn,2,grid_two_phases,second,1,94,submit_us,current,final,192.9995,191.9375,193.625,192.333,-3.25,"[-7.353999999999999, 0.3954999999999984]",-1.6645156874563416,"[-3.7386097017095943, 0.20473215280981116]",12,5,60,10000
cpu,vollkorn,2,grid_two_phases,second,1,94,complete_us,current,final,193.0205,191.95850000000002,193.66649999999998,192.35399999999998,-3.25,"[-7.396000000000001, 0.3960000000000008]",-1.664246537245484,"[-3.7591645565542176, 0.20502057569147247]",12,5,60,10000
cpu,vollkorn,2,grid_two_phases,second,1,94,draw_us,current,route,192.8955,196.667,193.54149999999998,199.66649999999998,4.394999999999996,"[0.1454999999999984, 8.104500000000002]",2.2371789840778145,"[0.054171821439380485, 4.229712497664718]",12,5,60,10000
cpu,vollkorn,2,grid_two_phases,second,1,94,submit_us,current,route,192.9995,196.75,193.625,199.7505,4.375,"[0.1255000000000024, 8.084000000000003]",2.2258017200311953,"[0.04358554036180684, 4.216833765082684]",12,5,60,10000
cpu,vollkorn,2,grid_two_phases,second,1,94,complete_us,current,route,193.0205,196.77100000000002,193.66649999999998,199.7505,4.333500000000001,"[0.1454999999999984, 8.105000000000004]",2.204223899336033,"[0.05415037325497973, 4.227702880233197]",12,5,60,10000
cpu,vollkorn,2,grid_two_phases,second,1,94,draw_us,route,final,196.667,191.8545,199.66649999999998,192.25,-6.500500000000002,"[-9.061999999999998, -1.5829999999999984]",-3.231712874558296,"[-4.510327841505301, -0.8283097298245778]",12,5,60,10000
cpu,vollkorn,2,grid_two_phases,second,1,94,submit_us,route,final,196.75,191.9375,199.7505,192.333,-6.5,"[-9.063000000000002, -1.6045000000000016]",-3.2301317203556223,"[-4.508940445516285, -0.8392325083340202]",12,5,60,10000
cpu,vollkorn,2,grid_two_phases,second,1,94,complete_us,route,final,196.77100000000002,191.95850000000002,199.7505,192.35399999999998,-6.500500000000002,"[-9.0625, -1.5835000000000008]",-3.2300658189561906,"[-4.508239096819683, -0.8284471825401429]",12,5,60,10000
cpu,vollkorn,2,grid_unique_sizes,sweep,32,3008,draw_us,master,current,1489.6725310000002,1514.2526565,1489.6725310000002,1518.3678439999999,22.492797499999938,"[17.40882799999997, 39.124312499999974]",1.5061122559839046,"[1.1647951773359089, 2.6699764089887945]",12,5,60,10000
cpu,vollkorn,2,grid_unique_sizes,sweep,32,3008,submit_us,master,current,1489.7513589999999,1514.3555314999999,1489.7513589999999,1518.4452345,22.492203000000018,"[17.398390500000005, 39.116562499999986]",1.5060001732010941,"[1.1640300875130793, 2.669301435681626]",12,5,60,10000
cpu,vollkorn,2,grid_unique_sizes,sweep,32,3008,complete_us,master,current,1489.773453,1514.3751095,1489.773453,1518.4648124999999,22.490921999999955,"[17.396469499999967, 39.12042150000002]",1.5058924710808497,"[1.1638854587069147, 2.6695333189750925]",12,5,60,10000
cpu,vollkorn,2,grid_unique_sizes,sweep,32,3008,draw_us,master,final,1489.6725310000002,1483.1132969999999,1489.6725310000002,1482.3170315,-8.892561999999998,"[-18.59951500000011, 7.854812999999922]",-0.6042311578249415,"[-1.2477686472544103, 0.5306927246183091]",12,5,60,10000
cpu,vollkorn,2,grid_unique_sizes,sweep,32,3008,submit_us,master,final,1489.7513589999999,1483.1778125,1489.7513589999999,1482.384172,-8.857484000000113,"[-18.597015499999998, 7.860577999999919]",-0.6018526287281056,"[-1.2475403362823434, 0.5310564274618734]",12,5,60,10000
cpu,vollkorn,2,grid_unique_sizes,sweep,32,3008,complete_us,master,final,1489.773453,1483.2011874999998,1489.773453,1482.410156,-8.863281499999971,"[-18.59692199999995, 7.861249499999985]",-0.6022378040522358,"[-1.2475168952554794, 0.5310943121527245]",12,5,60,10000
cpu,vollkorn,2,grid_unique_sizes,sweep,32,3008,draw_us,master,route,1489.6725310000002,1508.2382499999999,1489.6725310000002,1506.1112495,21.37178099999994,"[5.910109000000034, 31.82554700000003]",1.454206866168184,"[0.3980477653256709, 2.123615653149735]",12,5,60,10000
cpu,vollkorn,2,grid_unique_sizes,sweep,32,3008,submit_us,master,route,1489.7513589999999,1508.3275155000001,1489.7513589999999,1506.182812,21.371734500000116,"[5.906030999999871, 31.836562500000014]",1.4541330870562308,"[0.39775260766694576, 2.1242388326612183]",12,5,60,10000
cpu,vollkorn,2,grid_unique_sizes,sweep,32,3008,complete_us,master,route,1489.773453,1508.346375,1489.773453,1506.2037185,21.371797000000015,"[5.902202999999986, 31.845593000000008]",1.4541155008889417,"[0.3974892561691812, 2.124812777801044]",12,5,60,10000
cpu,vollkorn,2,grid_unique_sizes,sweep,32,3008,draw_us,current,final,1514.2526565,1483.1132969999999,1518.3678439999999,1482.3170315,-37.587905999999975,"[-43.87240650000001, -24.630155999999943]",-2.4790679858062656,"[-2.864159527363003, -1.6414119025256524]",12,5,60,10000
cpu,vollkorn,2,grid_unique_sizes,sweep,32,3008,submit_us,current,final,1514.3555314999999,1483.1778125,1518.4452345,1482.384172,-37.575578000000064,"[-43.873203500000045, -24.595109500000035]",-2.47814428381794,"[-2.8640823329553533, -1.6390100415109077]",12,5,60,10000
cpu,vollkorn,2,grid_unique_sizes,sweep,32,3008,complete_us,current,final,1514.3751095,1483.2011874999998,1518.4648124999999,1482.410156,-37.57879700000001,"[-43.86992250000003, -24.600312999999915]",-2.478320667882472,"[-2.8638228146010802, -1.6393428702761448]",12,5,60,10000
cpu,vollkorn,2,grid_unique_sizes,sweep,32,3008,draw_us,current,route,1514.2526565,1508.2382499999999,1518.3678439999999,1506.1112495,-5.158203500000013,"[-14.556047499999977, 1.8365779999999177]",-0.3377729697928322,"[-0.9565137755501496, 0.12218844631799453]",12,5,60,10000
cpu,vollkorn,2,grid_unique_sizes,sweep,32,3008,submit_us,current,route,1514.3555314999999,1508.3275155000001,1518.4452345,1506.182812,-5.150516000000039,"[-14.561906499999964, 1.843046999999956]",-0.3372686703865091,"[-0.9568510572581901, 0.12261313276378805]",12,5,60,10000
cpu,vollkorn,2,grid_unique_sizes,sweep,32,3008,complete_us,current,route,1514.3751095,1508.346375,1518.4648124999999,1506.2037185,-5.155672000000095,"[-14.55798500000003, 1.84050000000002]",-0.3375999700723997,"[-0.95658252290034, 0.12244356794263167]",12,5,60,10000
cpu,vollkorn,2,grid_unique_sizes,sweep,32,3008,draw_us,route,final,1508.2382499999999,1483.1132969999999,1506.1112495,1482.3170315,-23.632749500000045,"[-40.15434349999987, -13.227124499999945]",-1.586609132860517,"[-2.6384131586647097, -0.8889700344313745]",12,5,60,10000
cpu,vollkorn,2,grid_unique_sizes,sweep,32,3008,submit_us,route,final,1508.3275155000001,1483.1778125,1506.182812,1482.384172,-23.62810900000011,"[-40.16990600000008, -13.225139999999897]",-1.586205003904012,"[-2.639283764266981, -0.8887926272314106]",12,5,60,10000
cpu,vollkorn,2,grid_unique_sizes,sweep,32,3008,complete_us,route,final,1508.346375,1483.2011874999998,1506.2037185,1482.410156,-23.628749999999968,"[-40.16931299999999, -13.222546999999963]",-1.5862325962385293,"[-2.639210950004073, -0.8886085768666951]",12,5,60,10000
cpu,vollkorn,2,grid_unique_variations,sweep,32,3008,draw_us,master,current,249.487641,274.878938,249.9082345,276.57293749999997,25.938125000000028,"[24.583343500000012, 26.93626549999999]",10.343643600762364,"[9.89681824993024, 10.921272433477181]",12,5,60,10000
cpu,vollkorn,2,grid_unique_variations,sweep,32,3008,submit_us,master,current,249.5604065,274.941453,249.976625,276.63928150000004,25.94725000000001,"[24.58074999999998, 26.93487499999999]",10.341644954762842,"[9.890926700323243, 10.9196056720966]",12,5,60,10000
cpu,vollkorn,2,grid_unique_variations,sweep,32,3008,complete_us,master,current,249.577422,274.9603125,250.002672,276.662797,25.944656500000022,"[24.583296999999988, 26.93168700000001]",10.340722079348819,"[9.892233178100629, 10.917122340834418]",12,5,60,10000
cpu,vollkorn,2,grid_unique_variations,sweep,32,3008,draw_us,master,final,249.487641,176.7721565,249.9082345,176.508469,-71.60806299999999,"[-73.71290649999999, -71.2773595]",-29.18310667726426,"[-29.692246586367304, -28.518516570541724]",12,5,60,10000
cpu,vollkorn,2,grid_unique_variations,sweep,32,3008,submit_us,master,final,249.5604065,176.8288125,249.976625,176.57175,-71.60346899999999,"[-73.71556249999999, -71.27865600000001]",-29.174855193969524,"[-29.688692933307976, -28.51083241940374]",12,5,60,10000
cpu,vollkorn,2,grid_unique_variations,sweep,32,3008,complete_us,master,final,249.577422,176.8535,250.002672,176.593828,-71.6107335,"[-73.71289099999998, -71.2787035]",-29.172209386531044,"[-29.684288607405954, -28.508533022429674]",12,5,60,10000
cpu,vollkorn,2,grid_unique_variations,sweep,32,3008,draw_us,master,route,249.487641,196.061172,249.9082345,196.072906,-52.7851405,"[-54.2513285, -51.775452499999986]",-21.248999880904307,"[-21.888890895345888, -20.803890560268286]",12,5,60,10000
cpu,vollkorn,2,grid_unique_variations,sweep,32,3008,submit_us,master,route,249.5604065,196.125609,249.976625,196.141875,-52.78010950000001,"[-54.254672, -51.779359]",-21.239579432349387,"[-21.886836398171233, -20.79699225466105]",12,5,60,10000
cpu,vollkorn,2,grid_unique_variations,sweep,32,3008,complete_us,master,route,249.577422,196.15029700000002,250.002672,196.160125,-52.77617199999999,"[-54.254656499999996, -51.780719500000004]",-21.23825414460891,"[-21.884491311120936, -20.79598735516237]",12,5,60,10000
cpu,vollkorn,2,grid_unique_variations,sweep,32,3008,draw_us,current,final,274.878938,176.7721565,276.57293749999997,176.508469,-97.63537500000001,"[-99.4701405, -96.91665649999999]",-35.57775931193815,"[-36.50289480853399, -35.19165630872526]",12,5,60,10000
cpu,vollkorn,2,grid_unique_variations,sweep,32,3008,submit_us,current,final,274.941453,176.8288125,276.63928150000004,176.57175,-97.64196899999999,"[-99.47385899999999, -96.910735]",-35.57246401014878,"[-36.49617492554845, -35.18142450993903]",12,5,60,10000
cpu,vollkorn,2,grid_unique_variations,sweep,32,3008,complete_us,current,final,274.9603125,176.8535,276.662797,176.593828,-97.63996899999998,"[-99.47132800000001, -96.919312]",-35.56895642745475,"[-36.49190597682447, -35.17904120705791]",12,5,60,10000
cpu,vollkorn,2,grid_unique_variations,sweep,32,3008,draw_us,current,route,274.878938,196.061172,276.57293749999997,196.072906,-78.51506199999999,"[-80.728469, -77.08525000000002]",-28.729794488186286,"[-29.156229530760065, -28.29093316240693]",12,5,60,10000
cpu,vollkorn,2,grid_unique_variations,sweep,32,3008,submit_us,current,route,274.941453,196.125609,276.63928150000004,196.141875,-78.51049999999998,"[-80.74920350000001, -77.066469]",-28.72309774688151,"[-29.155352294903764, -28.282221303164867]",12,5,60,10000
cpu,vollkorn,2,grid_unique_variations,sweep,32,3008,complete_us,current,route,274.9603125,196.15029700000002,276.662797,196.160125,-78.5091875,"[-80.74787500000001, -77.070328]",-28.72030808410873,"[-29.152680841058547, -28.281700481956257]",12,5,60,10000
cpu,vollkorn,2,grid_unique_variations,sweep,32,3008,draw_us,route,final,196.061172,176.7721565,196.072906,176.508469,-19.576813,"[-20.350921999999997, -18.30595249999999]",-9.92810744414669,"[-10.469292181141254, -9.361728266953072]",12,5,60,10000
cpu,vollkorn,2,grid_unique_variations,sweep,32,3008,submit_us,route,final,196.125609,176.8288125,196.141875,176.57175,-19.580124999999995,"[-20.3637815, -18.305858999999998]",-9.930189266282774,"[-10.46798746296808, -9.360551021931208]",12,5,60,10000
cpu,vollkorn,2,grid_unique_variations,sweep,32,3008,complete_us,route,final,196.15029700000002,176.8535,196.160125,176.593828,-19.585358999999997,"[-20.36520299999998, -18.301984500000003]",-9.930133988414259,"[-10.468771592242875, -9.359447455146942]",12,5,60,10000
cpu,vollkorn,2,text,first_paint,1,1278,draw_us,master,current,27337.4375,20935.521,27331.896,20924.063000000002,-6431.625500000002,"[-6532.790999999999, -6248.7705000000005]",-23.75906038698149,"[-23.984106768008438, -22.93737221650847]",12,5,60,10000
cpu,vollkorn,2,text,first_paint,1,1278,submit_us,master,current,27340.5625,20938.4585,27335.5205,20927.313000000002,-6432.166499999999,"[-6533.4995, -6249.749999999998]",-23.75728522925938,"[-23.980932036376515, -22.937725580445278]",12,5,60,10000
cpu,vollkorn,2,text,first_paint,1,1278,complete_us,master,current,27340.583,20938.4795,27335.5415,20927.3545,-6432.166500000001,"[-6533.499500000002, -6249.75]",-23.757250375287214,"[-23.980913081574773, -22.937708718985512]",12,5,60,10000
cpu,vollkorn,2,text,first_paint,1,1278,draw_us,master,final,27337.4375,20830.4375,27331.896,20876.896,-6512.104500000001,"[-6621.437499999998, -6342.021000000001]",-23.984430542359057,"[-24.299213259651125, -23.32526007657527]",12,5,60,10000
cpu,vollkorn,2,text,first_paint,1,1278,submit_us,master,final,27340.5625,20833.021,27335.5205,20879.4795,-6512.520499999999,"[-6622.958499999999, -6342.041499999999]",-23.983485652113796,"[-24.30203194007315, -23.325594507070818]",12,5,60,10000
cpu,vollkorn,2,text,first_paint,1,1278,complete_us,master,final,27340.583,20833.0415,27335.5415,20879.521,-6512.5625,"[-6622.958500000001, -6342.062]",-23.98352610151619,"[-24.301937928259257, -23.325653514757974]",12,5,60,10000
cpu,vollkorn,2,text,first_paint,1,1278,draw_us,master,route,27337.4375,20872.125500000002,27331.896,20946.0835,-6441.082999999999,"[-6470.354500000001, -6331.875000000002]",-23.638665320106533,"[-23.891372412260637, -23.380003960048125]",12,5,60,10000
cpu,vollkorn,2,text,first_paint,1,1278,submit_us,master,route,27340.5625,20875.375,27335.5205,20949.521,-6440.9794999999995,"[-6470.041499999999, -6331.499499999998]",-23.634873461246812,"[-23.8915281424539, -23.37493490636458]",12,5,60,10000
cpu,vollkorn,2,text,first_paint,1,1278,complete_us,master,route,27340.583,20875.396,27335.5415,20949.5625,-6441.0,"[-6470.0419999999995, -6331.4995]",-23.634932237382433,"[-23.891435371450576, -23.374838541738725]",12,5,60,10000
cpu,vollkorn,2,text,first_paint,1,1278,draw_us,current,final,20935.521,20830.4375,20924.063000000002,20876.896,-93.31299999999828,"[-201.8130000000001, -18.52099999999882]",-0.4449729761171084,"[-0.9540674379388714, -0.08800541813142049]",12,5,60,10000
cpu,vollkorn,2,text,first_paint,1,1278,submit_us,current,final,20938.4585,20833.021,20927.313000000002,20879.4795,-94.58350000000064,"[-202.12549999999828, -19.1875]",-0.4509503186499675,"[-0.9554210904860416, -0.09118606566761445]",12,5,60,10000
cpu,vollkorn,2,text,first_paint,1,1278,complete_us,current,final,20938.4795,20833.0415,20927.3545,20879.521,-94.58350000000064,"[-202.10499999999956, -19.20799999999872]",-0.4509506714168554,"[-0.9553238659339935, -0.09128341174705068]",12,5,60,10000
cpu,vollkorn,2,text,first_paint,1,1278,draw_us,current,route,20935.521,20872.125500000002,20924.063000000002,20946.0835,9.52100000000064,"[-156.87550000000192, 122.66600000000108]",0.0450222578015691,"[-0.7529860105164876, 0.5981184678548357]",12,5,60,10000
cpu,vollkorn,2,text,first_paint,1,1278,submit_us,current,route,20938.4585,20875.375,20927.313000000002,20949.521,9.49949999999808,"[-156.74999999999818, 122.87449999999808]",0.0449177330417494,"[-0.7522973875401462, 0.5990569061107842]",12,5,60,10000
cpu,vollkorn,2,text,first_paint,1,1278,complete_us,current,route,20938.4795,20875.396,20927.3545,20949.5625,9.520500000000538,"[-156.75049999999828, 122.85399999999936]",0.045017562811350276,"[-0.7522993078899642, 0.5989546944258128]",12,5,60,10000
cpu,vollkorn,2,text,first_paint,1,1278,draw_us,route,final,20872.125500000002,20830.4375,20946.0835,20876.896,-86.14600000000064,"[-151.4375, -22.749499999999898]",-0.41449543607833816,"[-0.7216572948377242, -0.11269768270742442]",12,5,60,10000
cpu,vollkorn,2,text,first_paint,1,1278,submit_us,route,final,20875.375,20833.021,20949.521,20879.4795,-86.64549999999872,"[-152.125, -22.66649999999936]",-0.41681469608403354,"[-0.7248234407509047, -0.1122726087902981]",12,5,60,10000
cpu,vollkorn,2,text,first_paint,1,1278,complete_us,route,final,20875.396,20833.0415,20949.5625,20879.521,-86.64600000000064,"[-152.14500000000044, -22.665999999999258]",-0.4168167723594629,"[-0.7249174894326582, -0.11227122356120556]",12,5,60,10000
cpu,vollkorn,2,text,reflow,3,0,draw_us,master,current,2858.7430000000004,2830.3336664999997,2860.1733329999997,2841.5973335,-27.416332999999895,"[-53.10416650000002, -5.242999999999938]",-0.9547641576894472,"[-1.8613852741802994, -0.18089139236793783]",12,5,60,10000
cpu,vollkorn,2,text,reflow,3,0,submit_us,master,current,2859.2155000000002,2830.8958334999998,2860.631833,2842.062667,-27.381833000000142,"[-53.16666650000002, -5.256666999999879]",-0.9534133364385577,"[-1.863248742647755, -0.18132477408398517]",12,5,60,10000
cpu,vollkorn,2,text,reflow,3,0,complete_us,master,current,2859.2433335,2830.9168335,2860.6596664999997,2842.090333,-27.388833500000146,"[-53.18049999999994, -5.270667000000003]",-0.9536472199770496,"[-1.8637205262610257, -0.1818104981758828]",12,5,60,10000
cpu,vollkorn,2,text,reflow,3,0,draw_us,master,final,2858.7430000000004,2872.6665000000003,2860.1733329999997,2881.1945,10.659833500000104,"[-0.08349999999995816, 35.52133350000008]",0.3713076435750362,"[-0.003790188204233491, 1.2444534627288673]",12,5,60,10000
cpu,vollkorn,2,text,reflow,3,0,submit_us,master,final,2859.2155000000002,2873.1180000000004,2860.631833,2881.6735,10.694500000000062,"[-0.1390000000001237, 35.50700050000023]",0.3724610396021788,"[-0.004904308168285354, 1.2437358765842288]",12,5,60,10000
cpu,vollkorn,2,text,reflow,3,0,complete_us,master,final,2859.2433335,2873.138833,2860.6596664999997,2881.7015,10.673666499999854,"[-0.13849999999979445, 35.52100050000013]",0.3717300996891715,"[-0.004886945304721779, 1.2442255197798957]",12,5,60,10000
cpu,vollkorn,2,text,reflow,3,0,draw_us,master,route,2858.7430000000004,2871.4790000000003,2860.1733329999997,2870.3333334999998,11.347166499999958,"[-13.465166499999896, 48.86116700000002]",0.4015506389950074,"[-0.47028081919789355, 1.7281491336039956]",12,5,60,10000
cpu,vollkorn,2,text,reflow,3,0,submit_us,master,route,2859.2155000000002,2871.993,2860.631833,2870.8333335,11.375,"[-13.47933299999977, 48.826499999999896]",0.4024561306724239,"[-0.4707115154227892, 1.72661197502606]",12,5,60,10000
cpu,vollkorn,2,text,reflow,3,0,complete_us,master,route,2859.2433335,2872.007,2860.6596664999997,2870.8401670000003,11.36800049999988,"[-13.492833000000019, 48.83366650000016]",0.4022112348984863,"[-0.471174580613265, 1.7268630773845106]",12,5,60,10000
cpu,vollkorn,2,text,reflow,3,0,draw_us,current,final,2830.3336664999997,2872.6665000000003,2841.5973335,2881.1945,35.56233300000008,"[21.485500499999944, 71.28499999999985]",1.2714574668370782,"[0.7629148135994357, 2.517363740057421]",12,5,60,10000
cpu,vollkorn,2,text,reflow,3,0,submit_us,current,final,2830.8958334999998,2873.1180000000004,2842.062667,2881.6735,35.548666499999854,"[21.430499999999938, 71.2505000000001]",1.2707492456250358,"[0.7608365721156307, 2.5156866580496318]",12,5,60,10000
cpu,vollkorn,2,text,reflow,3,0,complete_us,current,final,2830.9168335,2873.138833,2842.090333,2881.7015,35.55583350000006,"[21.444333000000142, 71.25733349999996]",1.2710095937015886,"[0.7613198407745769, 2.515912160929956]",12,5,60,10000
cpu,vollkorn,2,text,reflow,3,0,draw_us,current,route,2830.3336664999997,2871.4790000000003,2841.5973335,2870.3333334999998,39.75733349999996,"[32.81899999999996, 73.26399949999973]",1.4098858001437842,"[1.1497652913798229, 2.5780572334889063]",12,5,60,10000
cpu,vollkorn,2,text,reflow,3,0,submit_us,current,route,2830.8958334999998,2871.993,2842.062667,2870.8333335,39.76416700000027,"[32.86766650000004, 73.38233300000002]",1.409894009835666,"[1.15129589513413, 2.5817581495887976]",12,5,60,10000
cpu,vollkorn,2,text,reflow,3,0,complete_us,current,route,2830.9168335,2872.007,2842.090333,2870.8401670000003,39.76433350000002,"[32.83983349999994, 73.37533299999996]",1.4098930798368325,"[1.1503085777332056, 2.581492463654278]",12,5,60,10000
cpu,vollkorn,2,text,reflow,3,0,draw_us,route,final,2871.4790000000003,2872.6665000000003,2870.3333334999998,2881.1945,-1.013832999999977,"[-29.27083300000004, 23.722166500000185]",-0.03515945404122811,"[-1.0065047105648928, 0.8290456304499538]",12,5,60,10000
cpu,vollkorn,2,text,reflow,3,0,submit_us,route,final,2871.993,2873.1180000000004,2870.8333335,2881.6735,-1.1251664999999775,"[-29.33316650000006, 23.729166000000077]",-0.03895744987799099,"[-1.0084829248023286, 0.8291469824371234]",12,5,60,10000
cpu,vollkorn,2,text,reflow,3,0,complete_us,route,final,2872.007,2873.138833,2870.8401670000003,2881.7015,-1.1111659999996846,"[-29.326333500000146, 23.735999499999707]",-0.03847711343327176,"[-1.0082413149311464, 0.8293839977302819]",12,5,60,10000
cpu,vollkorn,2,text,size_advance,12,5319,draw_us,master,current,11407.237875,7725.6734165,11392.3160835,7743.067583,-3688.9272085,"[-3704.758792, -3659.0488334999995]",-32.23711734440673,"[-32.60047146860643, -32.084999755575026]",12,5,60,10000
cpu,vollkorn,2,text,size_advance,12,5319,submit_us,master,current,11407.914958000001,7726.3592499999995,11393.073083,7743.7273335,-3689.0659995,"[-3704.888833, -3659.2050835000005]",-32.23578072238255,"[-32.59842208911974, -32.083298419781045]",12,5,60,10000
cpu,vollkorn,2,text,size_advance,12,5319,complete_us,master,current,11407.9340835,7726.3835415,11393.095625,7743.749833,-3689.0679170000008,"[-3704.8958335, -3659.205]",-32.235758878306825,"[-32.59833191349062, -32.083189605215026]",12,5,60,10000
cpu,vollkorn,2,text,size_advance,12,5319,draw_us,master,final,11407.237875,7805.33675,11392.3160835,7808.451375000001,-3597.4167085,"[-3665.3159165, -3555.2744584999996]",-31.662479912312442,"[-32.15885299803173, -31.225366874199228]",12,5,60,10000
cpu,vollkorn,2,text,size_advance,12,5319,submit_us,master,final,11407.914958000001,7805.9877085,11393.073083,7809.1110835,-3597.4826244999995,"[-3665.4861245, -3555.2954165000006]",-31.661081191299886,"[-32.15871382764351, -31.223520987438498]",12,5,60,10000
cpu,vollkorn,2,text,size_advance,12,5319,complete_us,master,final,11407.9340835,7806.005,11393.095625,7809.13875,-3597.4827085000006,"[-3665.4740415000006, -3555.291875]",-31.66101420251267,"[-32.158626496398824, -31.223474616796302]",12,5,60,10000
cpu,vollkorn,2,text,size_advance,12,5319,draw_us,master,route,11407.237875,7782.777792,11392.3160835,7793.6718335000005,-3601.9514579999995,"[-3642.5451249999996, -3547.6494585]",-31.58325766919018,"[-32.09914377233899, -31.233466747344536]",12,5,60,10000
cpu,vollkorn,2,text,size_advance,12,5319,submit_us,master,route,11407.914958000001,7783.9375414999995,11393.073083,7794.760249999999,-3602.0867085,"[-3642.6406664999995, -3547.5695415]",-31.576057503256667,"[-32.09720006905522, -31.23210681123266]",12,5,60,10000
cpu,vollkorn,2,text,size_advance,12,5319,complete_us,master,route,11407.9340835,7783.954874999999,11393.095625,7794.7724585,-3602.0938335,"[-3642.651125000001, -3547.571292]",-31.57607153788306,"[-32.09716351732854, -31.23207050211677]",12,5,60,10000
cpu,vollkorn,2,text,size_advance,12,5319,draw_us,current,final,7725.6734165,7805.33675,7743.067583,7808.451375000001,65.73099950000005,"[37.47912499999984, 103.61279150000018]",0.8651374717057903,"[0.4822144420000507, 1.343637242471174]",12,5,60,10000
cpu,vollkorn,2,text,size_advance,12,5319,submit_us,current,final,7726.3592499999995,7805.9877085,7743.7273335,7809.1110835,65.68395800000008,"[37.42700049999985, 103.58316650000052]",0.8644421054158302,"[0.48149851092116336, 1.3431303259399008]",12,5,60,10000
cpu,vollkorn,2,text,size_advance,12,5319,complete_us,current,final,7726.3835415,7806.005,7743.749833,7809.13875,65.68400049999991,"[37.430416499999865, 103.58491649999996]",0.8644403049798077,"[0.48154144468475213, 1.3431488357835475]",12,5,60,10000
cpu,vollkorn,2,text,size_advance,12,5319,draw_us,current,route,7725.6734165,7782.777792,7743.067583,7793.6718335000005,65.70487549999962,"[27.334957999999915, 113.55533349999996]",0.8513251924879728,"[0.3542005748139454, 1.4649569140402496]",12,5,60,10000
cpu,vollkorn,2,text,size_advance,12,5319,submit_us,current,route,7726.3592499999995,7783.9375414999995,7743.7273335,7794.760249999999,65.82470850000027,"[27.43758300000036, 113.67174999999997]",0.8528058325497634,"[0.35547393569881347, 1.466324643898198]",12,5,60,10000
cpu,vollkorn,2,text,size_advance,12,5319,complete_us,current,route,7726.3835415,7783.954874999999,7743.749833,7794.7724585,65.81762450000042,"[27.437416499999472, 113.66483349999999]",0.8527105570681925,"[0.3554719017560437, 1.466230240953803]",12,5,60,10000
cpu,vollkorn,2,text,size_advance,12,5319,draw_us,route,final,7782.777792,7805.33675,7793.6718335000005,7808.451375000001,11.699666500000149,"[-15.48608349999995, 58.8542080000002]",0.1501330654280375,"[-0.19608993783191697, 0.7778824122386174]",12,5,60,10000
cpu,vollkorn,2,text,size_advance,12,5319,submit_us,route,final,7783.9375414999995,7805.9877085,7794.760249999999,7809.1110835,11.039792000000034,"[-15.579916999999568, 58.87850000000026]",0.14163720508659772,"[-0.19725135124326054, 0.778134383497997]",12,5,60,10000
cpu,vollkorn,2,text,size_advance,12,5319,complete_us,route,final,7783.954874999999,7806.005,7794.7724585,7809.13875,11.05029150000064,"[-15.57995800000026, 58.86975050000001]",0.14177163060233866,"[-0.19725117387825453, 0.778016470759535]",12,5,60,10000
cpu,vollkorn,2,text,size_return,12,0,draw_us,master,current,267.9947915,266.7222915,268.71716649999996,267.0554585,-1.0328330000000108,"[-2.7068330000000174, 0.8959584999999777]",-0.3814256579962205,"[-1.0073747348445017, 0.33446925353669554]",12,5,60,10000
cpu,vollkorn,2,text,size_return,12,0,submit_us,master,current,268.3853335,267.1250835,269.1112085,267.446083,-1.0225420000000156,"[-2.7153754999999933, 0.8905829999999924]",-0.3770861612312659,"[-1.0090831621556495, 0.3318551639329148]",12,5,60,10000
cpu,vollkorn,2,text,size_return,12,0,complete_us,master,current,268.4009585,267.1475835,269.13712499999997,267.465083,-1.0243754999999908,"[-2.7275419999999997, 0.9027084999999886]",-0.37773814318059484,"[-1.0135117409453553, 0.3365107768757647]",12,5,60,10000
cpu,vollkorn,2,text,size_return,12,0,draw_us,master,final,267.9947915,268.14937499999996,268.71716649999996,268.53479200000004,-0.8959164999999985,"[-2.136958000000007, 2.541792000000015]",-0.3334171229497751,"[-0.8095937832265698, 0.9537672423032273]",12,5,60,10000
cpu,vollkorn,2,text,size_return,12,0,submit_us,master,final,268.3853335,268.54345850000004,269.1112085,268.9219165,-0.899374999999992,"[-2.161416499999973, 2.5332085000000006]",-0.3342147381902416,"[-0.8174685680238714, 0.949126202884476]",12,5,60,10000
cpu,vollkorn,2,text,size_return,12,0,complete_us,master,final,268.4009585,268.5695835,269.13712499999997,268.9514165,-0.8922085000000095,"[-2.1579164999999705, 2.5279995000000213]",-0.3315206039544827,"[-0.8160346859281353, 0.9470742121649667]",12,5,60,10000
cpu,vollkorn,2,text,size_return,12,0,draw_us,master,route,267.9947915,267.19275,268.71716649999996,266.664917,0.04150050000001215,"[-2.5465829999999983, 2.505208500000009]",0.015415377896144111,"[-0.9394735181825653, 0.9421110858536696]",12,5,60,10000
cpu,vollkorn,2,text,size_return,12,0,submit_us,master,route,268.3853335,267.5783335,269.1112085,267.048625,0.02945799999997689,"[-2.5605830000000083, 2.4738749999999925]",0.010913192239092595,"[-0.9432013867169409, 0.9287454420281005]",12,5,60,10000
cpu,vollkorn,2,text,size_return,12,0,complete_us,master,route,268.4009585,267.5973335,269.13712499999997,267.067625,0.027792000000005146,"[-2.5641249999999616, 2.477250500000025]",0.010290940928003867,"[-0.9444222965518834, 0.9300468168604636]",12,5,60,10000
cpu,vollkorn,2,text,size_return,12,0,draw_us,current,final,266.7222915,268.14937499999996,267.0554585,268.53479200000004,1.810916500000019,"[-1.5729165000000052, 3.5138750000000414]",0.6815966197173395,"[-0.604181758606509, 1.3071053231804464]",12,5,60,10000
cpu,vollkorn,2,text,size_return,12,0,submit_us,current,final,267.1250835,268.54345850000004,267.446083,268.9219165,1.8160005000000012,"[-1.5883744999999863, 3.5001670000000047]",0.6825279181799204,"[-0.6090526939622753, 1.3000524602410413]",12,5,60,10000
cpu,vollkorn,2,text,size_return,12,0,complete_us,current,final,267.1475835,268.5695835,267.465083,268.9514165,1.8353334999999902,"[-1.597166499999986, 3.4965415000000064]",0.6897398587727976,"[-0.6123616245533647, 1.2986151562144888]",12,5,60,10000
cpu,vollkorn,2,text,size_return,12,0,draw_us,current,route,266.7222915,267.19275,267.0554585,266.664917,0.6492084999999861,"[-1.6510415000000194, 3.2950835000000325]",0.25276722789242534,"[-0.6238424949372101, 1.2392381012622744]",12,5,60,10000
cpu,vollkorn,2,text,size_return,12,0,submit_us,current,route,267.1250835,267.5783335,267.446083,267.048625,0.6579169999999976,"[-1.6665835000000015, 3.2897499999999695]",0.2555830938880954,"[-0.6287623448132162, 1.2353603169032112]",12,5,60,10000
cpu,vollkorn,2,text,size_return,12,0,complete_us,current,route,267.1475835,267.5973335,267.465083,267.067625,0.6474999999999795,"[-1.657916499999999, 3.2932500000000005]",0.2515739576075815,"[-0.6254280157076575, 1.2365854899411888]",12,5,60,10000
cpu,vollkorn,2,text,size_return,12,0,draw_us,route,final,267.19275,268.14937499999996,266.664917,268.53479200000004,-0.027833500000014055,"[-2.362750500000004, 2.388916999999992]",-0.009285193817548665,"[-0.8624843001304616, 0.8987927720427002]",12,5,60,10000
cpu,vollkorn,2,text,size_return,12,0,submit_us,route,final,267.5783335,268.54345850000004,267.048625,268.9219165,-0.020957999999978938,"[-2.3907079999999894, 2.3923750000000155]",-0.008576239175550615,"[-0.8712934023751784, 0.8987886316145666]",12,5,60,10000
cpu,vollkorn,2,text,size_return,12,0,complete_us,route,final,267.5973335,268.5695835,267.067625,268.9514165,-0.020916999999997188,"[-2.3906250000000284, 2.3907079999999894]",-0.007227633043072057,"[-0.8712073232397255, 0.8980838553646842]",12,5,60,10000
cpu,vollkorn,2,text,warm,30,0,draw_us,master,current,251.03546649999998,250.9638835,251.5965,251.5285,0.7034835000000044,"[-1.141016499999992, 1.388116499999981]",0.28066157479438303,"[-0.45161716888335035, 0.5654753834255732]",12,5,60,10000
cpu,vollkorn,2,text,warm,30,0,submit_us,master,current,251.34518300000002,251.3035165,251.915233,251.83955,0.6978500000000025,"[-1.1068499999999943, 1.3860834999999838]",0.2780705440535214,"[-0.4375084731773282, 0.5639571315065983]",12,5,60,10000
cpu,vollkorn,2,text,warm,30,0,complete_us,master,current,251.3645835,251.320867,251.93470000000002,251.8562665,0.6951164999999975,"[-1.1110829999999936, 1.3923165000000068]",0.27695904491618073,"[-0.4391432068250545, 0.5664417911198538]",12,5,60,10000
cpu,vollkorn,2,text,warm,30,0,draw_us,master,final,251.03546649999998,253.09166649999997,251.5965,253.01246650000002,2.1666999999999916,"[0.8632169999999917, 3.692317000000017]",0.8774061138311362,"[0.34632866554160646, 1.4687989872207763]",12,5,60,10000
cpu,vollkorn,2,text,warm,30,0,submit_us,master,final,251.34518300000002,253.3916165,251.915233,253.31394999999998,2.160482999999985,"[0.8540830000000028, 3.6811995000000053]",0.8738553874591881,"[0.34220423302170344, 1.4625452025081143]",12,5,60,10000
cpu,vollkorn,2,text,warm,30,0,complete_us,master,final,251.3645835,253.409717,251.93470000000002,253.3355,2.1619500000000045,"[0.8520664999999923, 3.6791165000000063]",0.8744288089634678,"[0.3413627036641498, 1.4615932125207953]",12,5,60,10000
cpu,vollkorn,2,text,warm,30,0,draw_us,master,route,251.03546649999998,252.27783349999999,251.5965,252.9916335,1.7346999999999895,"[0.22710000000000719, 2.5686999999999927]",0.6944484822812513,"[0.10375523693112454, 1.0260375359702367]",12,5,60,10000
cpu,vollkorn,2,text,warm,30,0,submit_us,master,route,251.34518300000002,252.582767,251.915233,253.3062165,1.737517000000011,"[0.22363299999999242, 2.5570169999999877]",0.6947629434089886,"[0.10236568745705665, 1.0201079194386065]",12,5,60,10000
cpu,vollkorn,2,text,warm,30,0,complete_us,master,route,251.3645835,252.60014999999999,251.93470000000002,253.3277665,1.7354169999999982,"[0.22220000000000084, 2.5577164999999837]",0.6938547500574765,"[0.10184657611028158, 1.0203263780147909]",12,5,60,10000
cpu,vollkorn,2,text,warm,30,0,draw_us,current,final,250.9638835,253.09166649999997,251.5285,253.01246650000002,1.603499499999998,"[0.7534339999999986, 2.5971665000000144]",0.6379900788104131,"[0.3043241798438068, 1.02863181873033]",12,5,60,10000
cpu,vollkorn,2,text,warm,30,0,submit_us,current,final,251.3035165,253.3916165,251.83955,253.31394999999998,1.5904165000000035,"[0.7520164999999963, 2.6007000000000033]",0.6320090002821299,"[0.30341031371576843, 1.0287939415455027]",12,5,60,10000
cpu,vollkorn,2,text,warm,30,0,complete_us,current,final,251.320867,253.409717,251.8562665,253.3355,1.590433499999989,"[0.7527999999999935, 2.6006835000000024]",0.6319618801266969,"[0.3037147093897574, 1.0287114791410756]",12,5,60,10000
cpu,vollkorn,2,text,warm,30,0,draw_us,current,route,250.9638835,252.27783349999999,251.5285,252.9916335,1.1251000000000033,"[-0.42013299999999276, 2.1714164999999923]",0.4479964465412323,"[-0.17258876070669893, 0.8718317990534352]",12,5,60,10000
cpu,vollkorn,2,text,warm,30,0,submit_us,current,route,251.3035165,252.582767,251.83955,253.3062165,1.1278500000000093,"[-0.41251700000000824, 2.1694834999999983]",0.44853413216516813,"[-0.16926491748095462, 0.8699636115504727]",12,5,60,10000
cpu,vollkorn,2,text,warm,30,0,complete_us,current,route,251.320867,252.60014999999999,251.8562665,253.3277665,1.1285504999999887,"[-0.4201500000000067, 2.1673329999999993]",0.4487747418515431,"[-0.1723738787274609, 0.8690293464558629]",12,5,60,10000
cpu,vollkorn,2,text,warm,30,0,draw_us,route,final,252.27783349999999,253.09166649999997,252.9916335,253.01246650000002,1.1860329999999948,"[-0.8076329999999956, 2.782717000000005]",0.4761347505605418,"[-0.3181564946461046, 1.1341220737347446]",12,5,60,10000
cpu,vollkorn,2,text,warm,30,0,submit_us,route,final,252.582767,253.3916165,253.3062165,253.31394999999998,1.1736000000000075,"[-0.804916999999989, 2.7811499999999967]",0.4705401763877126,"[-0.31670532878107505, 1.1321819250448173]",12,5,60,10000
cpu,vollkorn,2,text,warm,30,0,complete_us,route,final,252.60014999999999,253.409717,253.3277665,253.3355,1.172283500000006,"[-0.8090665000000001, 2.783983500000005]",0.4699959742338944,"[-0.31831051107665265, 1.1332427626431052]",12,5,60,10000
cpu,vollkorn,2,text,x_advance,10,654,draw_us,master,current,682.2063499999999,377.83540000000005,682.5479,377.64165,-305.42060000000004,"[-308.11885, -304.35215000000005]",-44.76709549766251,"[-45.44993326050158, -44.60319833593304]",12,5,60,10000
cpu,vollkorn,2,text,x_advance,10,654,submit_us,master,current,682.5876000000001,378.1708,682.91875,378.00635,-305.42289999999997,"[-308.13329999999996, -304.37710000000004]",-44.744763431695944,"[-45.427838603901066, -44.58177172225325]",12,5,60,10000
cpu,vollkorn,2,text,x_advance,10,654,complete_us,master,current,682.6021499999999,378.19575,682.9397,378.025,-305.42074999999994,"[-308.13945, -304.3835]",-44.74389646615407,"[-45.42708723344725, -44.58016171874665]",12,5,60,10000
cpu,vollkorn,2,text,x_advance,10,654,draw_us,master,final,682.2063499999999,379.18135,682.5479,380.26255000000003,-300.00415000000004,"[-308.6749, -297.76865]",-44.380738371547096,"[-44.915345905128206, -43.95971509972445]",12,5,60,10000
cpu,vollkorn,2,text,x_advance,10,654,submit_us,master,final,682.5876000000001,379.57275,682.91875,380.6481,-299.98330000000004,"[-308.6627, -297.7501]",-44.35334685983986,"[-44.89341367337255, -43.93274270502904]",12,5,60,10000
cpu,vollkorn,2,text,x_advance,10,654,complete_us,master,final,682.6021499999999,379.58945,682.9397,380.67094999999995,-299.9874,"[-308.66670000000005, -297.73125]",-44.35295810368075,"[-44.890423380928695, -43.931736987044076]",12,5,60,10000
cpu,vollkorn,2,text,x_advance,10,654,draw_us,master,route,682.2063499999999,382.025,682.5479,383.26035,-300.4895,"[-303.8854, -297.6563500000001]",-44.36744204331876,"[-44.57135920428551, -43.89627979626273]",12,5,60,10000
cpu,vollkorn,2,text,x_advance,10,654,submit_us,master,route,682.5876000000001,382.3771,682.91875,383.61645,-300.5063,"[-303.89155000000005, -297.67100000000005]",-44.34616826074782,"[-44.55020885286669, -43.87705508340875]",12,5,60,10000
cpu,vollkorn,2,text,x_advance,10,654,complete_us,master,route,682.6021499999999,382.3958,682.9397,383.64365,-300.50225,"[-303.88945, -297.669]",-44.34406464027694,"[-44.548870425747154, -43.875543962772284]",12,5,60,10000
cpu,vollkorn,2,text,x_advance,10,654,draw_us,current,final,377.83540000000005,379.18135,377.64165,380.26255000000003,4.131200000000007,"[0.6750000000000114, 7.0750500000000045]",1.0841089248629143,"[0.17645688502562762, 1.9523732299993046]",12,5,60,10000
cpu,vollkorn,2,text,x_advance,10,654,submit_us,current,final,378.1708,379.57275,378.00635,380.6481,4.156300000000016,"[0.7019499999999823, 7.102000000000004]",1.0896926587448008,"[0.1833704754178822, 1.9612798618518723]",12,5,60,10000
cpu,vollkorn,2,text,x_advance,10,654,complete_us,current,final,378.19575,379.58945,378.025,380.67094999999995,4.151949999999999,"[0.6999000000000137, 7.1249500000000126]",1.0884958380653398,"[0.18281742120921374, 1.9658052280123517]",12,5,60,10000
cpu,vollkorn,2,text,x_advance,10,654,draw_us,current,route,377.83540000000005,382.025,377.64165,383.26035,6.025000000000006,"[2.5915999999999997, 7.358399999999989]",1.6284747758663953,"[0.6855860814669601, 1.9762427150885276]",12,5,60,10000
cpu,vollkorn,2,text,x_advance,10,654,submit_us,current,route,378.1708,382.3771,378.00635,383.61645,6.0268999999999835,"[2.5643499999999904, 7.377200000000016]",1.6296948776580944,"[0.6777326054999477, 1.979412072959441]",12,5,60,10000
cpu,vollkorn,2,text,x_advance,10,654,complete_us,current,route,378.19575,382.3958,378.025,383.64365,6.0312000000000126,"[2.574799999999982, 7.387599999999992]",1.6273648535054974,"[0.6804491543800917, 1.9821561711131586]",12,5,60,10000
cpu,vollkorn,2,text,x_advance,10,654,draw_us,route,final,382.025,379.18135,383.26035,380.26255000000003,-1.5893999999999835,"[-3.118799999999993, 0.34574999999998113]",-0.42048453144245546,"[-0.807762078035823, 0.09604386466763315]",12,5,60,10000
cpu,vollkorn,2,text,x_advance,10,654,submit_us,route,final,382.3771,379.57275,383.61645,380.6481,-1.564549999999997,"[-3.0958499999999844, 0.37079999999997426]",-0.413469483841683,"[-0.8009931485144173, 0.10255562032698284]",12,5,60,10000
cpu,vollkorn,2,text,x_advance,10,654,complete_us,route,final,382.3958,379.58945,383.64365,380.67094999999995,-1.5579999999999927,"[-3.1041999999999916, 0.37069999999999936]",-0.41167895731397675,"[-0.8031153436080685, 0.10254742151203922]",12,5,60,10000
cpu,vollkorn,2,text,x_return,10,0,draw_us,master,current,257.33529999999996,256.31870000000004,257.33529999999996,255.9709,-0.6958500000000072,"[-1.3372499999999832, 0.6766999999999825]",-0.2687643046042243,"[-0.5215588587259734, 0.26931161809813364]",12,5,60,10000
cpu,vollkorn,2,text,x_return,10,0,submit_us,master,current,257.69155,256.6812,257.69155,256.3146,-0.6853000000000122,"[-1.3354499999999945, 0.6707500000000124]",-0.2643279410042332,"[-0.5227424024569438, 0.2665173095926954]",12,5,60,10000
cpu,vollkorn,2,text,x_return,10,0,complete_us,master,current,257.70820000000003,256.70205,257.70820000000003,256.3396,-0.6854499999999746,"[-1.345799999999997, 0.6707499999999982]",-0.26436403414501486,"[-0.5267092667904261, 0.2665212792561489]",12,5,60,10000
cpu,vollkorn,2,text,x_return,10,0,draw_us,master,final,257.33529999999996,257.97285,257.33529999999996,257.97285,1.5602499999999964,"[0.06264999999999077, 4.381199999999993]",0.6011479526644825,"[0.023485206945456083, 1.7460853714760916]",12,5,60,10000
cpu,vollkorn,2,text,x_return,10,0,submit_us,master,final,257.69155,258.31865,257.69155,258.31865,1.554099999999977,"[0.054299999999983584, 4.3541000000000025]",0.5979523750565208,"[0.020210287758393175, 1.7327851828191854]",12,5,60,10000
cpu,vollkorn,2,text,x_return,10,0,complete_us,master,final,257.70820000000003,258.3374,257.70820000000003,258.3374,1.5498999999999796,"[0.05859999999998422, 4.368750000000006]",0.5962886455773475,"[0.021891583488181654, 1.7384098910562695]",12,5,60,10000
cpu,vollkorn,2,text,x_return,10,0,draw_us,master,route,257.33529999999996,257.80224999999996,257.33529999999996,256.6542,0.9501500000000078,"[-0.18760000000000332, 1.4497999999999962]",0.3756215546059982,"[-0.07463256967868426, 0.5739448184870377]",12,5,60,10000
cpu,vollkorn,2,text,x_return,10,0,submit_us,master,route,257.69155,258.1438,257.69155,256.98760000000004,0.9249999999999972,"[-0.2249999999999659, 1.4436000000000035]",0.36515846731383084,"[-0.08944925858968555, 0.5707436447750514]",12,5,60,10000
cpu,vollkorn,2,text,x_return,10,0,complete_us,master,route,257.70820000000003,258.16675,257.70820000000003,257.01035,0.9188500000000062,"[-0.21880000000000166, 1.4249500000000097]",0.36271042270954457,"[-0.08698058392380137, 0.5633249299013321]",12,5,60,10000
cpu,vollkorn,2,text,x_return,10,0,draw_us,current,final,256.31870000000004,257.97285,255.9709,257.97285,2.193599999999975,"[0.5707999999999913, 7.668749999999989]",0.8491631866234917,"[0.2229223848834061, 3.0726376074366235]",12,5,60,10000
cpu,vollkorn,2,text,x_return,10,0,submit_us,current,final,256.6812,258.31865,256.3146,258.31865,2.181149999999974,"[0.5478499999999968, 7.6874500000000126]",0.843153490968851,"[0.21365005494128342, 3.075898777937036]",12,5,60,10000
cpu,vollkorn,2,text,x_return,10,0,complete_us,current,final,256.70205,258.3374,256.3396,258.3374,2.1895999999999844,"[0.55210000000001, 7.687399999999997]",0.8463854604427223,"[0.21528355376104757, 3.075697118790832]",12,5,60,10000
cpu,vollkorn,2,text,x_return,10,0,draw_us,current,route,256.31870000000004,257.80224999999996,255.9709,256.6542,1.3102499999999964,"[0.07920000000000016, 2.8667000000000087]",0.5091636645910946,"[0.0310094345761458, 1.1123198039952986]",12,5,60,10000
cpu,vollkorn,2,text,x_return,10,0,submit_us,current,route,256.6812,258.1438,256.3146,256.98760000000004,1.302000000000021,"[0.0791499999999985, 2.84375]",0.5052904145461667,"[0.03103421809494966, 1.1026743031822717]",12,5,60,10000
cpu,vollkorn,2,text,x_return,10,0,complete_us,current,route,256.70205,258.16675,256.3396,257.01035,1.3101999999999805,"[0.058300000000016894, 2.8521499999999946]",0.5084150032140244,"[0.022838688095239146, 1.1030659742919835]",12,5,60,10000
cpu,vollkorn,2,text,x_return,10,0,draw_us,route,final,257.80224999999996,257.97285,256.6542,257.97285,0.385249999999985,"[-0.7541999999999973, 5.464399999999998]",0.14809940058838622,"[-0.2899664174287053, 2.1638001717726563]",12,5,60,10000
cpu,vollkorn,2,text,x_return,10,0,submit_us,route,final,258.1438,258.31865,256.98760000000004,258.31865,0.39154999999996676,"[-0.7480500000000063, 5.479049999999987]",0.1503220910609282,"[-0.2872311146641271, 2.1667413561919147]",12,5,60,10000
cpu,vollkorn,2,text,x_return,10,0,complete_us,route,final,258.16675,258.3374,257.01035,258.3374,0.3854000000000042,"[-0.7479000000000156, 5.474899999999991]",0.1479457833860831,"[-0.2871415967718782, 2.164927608028977]",12,5,60,10000
cpu,vollkorn,2,text,y_advance,10,0,draw_us,master,current,252.12705,251.35410000000002,252.02075000000002,251.5729,-0.5520500000000084,"[-2.4458999999999946, 1.939549999999997]",-0.21800396668367195,"[-0.9880543848373557, 0.7762501261106336]",12,5,60,10000
cpu,vollkorn,2,text,y_advance,10,0,submit_us,master,current,252.4543,251.65625,252.3479,251.8937,-0.5581499999999977,"[-2.4521500000000174, 1.9333999999999918]",-0.22013247368091182,"[-0.9892381212713186, 0.7727331942806281]",12,5,60,10000
cpu,vollkorn,2,text,y_advance,10,0,complete_us,master,current,252.47715,251.6876,252.36669999999998,251.91465,-0.560299999999998,"[-2.4502999999999986, 1.943950000000001]",-0.220964914257743,"[-0.9884033105567125, 0.7768673104251889]",12,5,60,10000
cpu,vollkorn,2,text,y_advance,10,0,draw_us,master,final,252.12705,252.95625,252.02075000000002,252.42284999999998,1.6813000000000073,"[-0.435450000000003, 3.4729500000000115]",0.6666321243508078,"[-0.1749892139045861, 1.3700421707765753]",12,5,60,10000
cpu,vollkorn,2,text,y_advance,10,0,submit_us,master,final,252.4543,253.2749,252.3479,252.7312,1.6728999999999985,"[-0.43755000000001587, 3.439649999999972]",0.6624264802855495,"[-0.17551718768948343, 1.3551565776450447]",12,5,60,10000
cpu,vollkorn,2,text,y_advance,10,0,complete_us,master,final,252.47715,253.3021,252.36669999999998,252.75205,1.6729000000000127,"[-0.44994999999998697, 3.4519499999999965]",0.6623882885439136,"[-0.18051601318504473, 1.3599417266700775]",12,5,60,10000
cpu,vollkorn,2,text,y_advance,10,0,draw_us,master,route,252.12705,252.5958,252.02075000000002,253.06240000000003,1.5291500000000013,"[0.8645000000000067, 2.4749999999999943]",0.6049633327381176,"[0.3427273584907131, 0.9887583483169538]",12,5,60,10000
cpu,vollkorn,2,text,y_advance,10,0,submit_us,master,route,252.4543,252.9187,252.3479,253.37285,1.5165999999999826,"[0.8436499999999967, 2.4917000000000087]",0.5992366746798816,"[0.33402541287212983, 0.9941826070075321]",12,5,60,10000
cpu,vollkorn,2,text,y_advance,10,0,complete_us,master,route,252.47715,252.9416,252.36669999999998,253.39785,1.5165999999999968,"[0.8540000000000134, 2.485449999999986]",0.599187909535992,"[0.3381057708948809, 0.9916320971034787]",12,5,60,10000
cpu,vollkorn,2,text,y_advance,10,0,draw_us,current,final,251.35410000000002,252.95625,251.5729,252.42284999999998,2.174900000000008,"[-0.3040500000000037, 5.9041]",0.8678660127446669,"[-0.12067719603320315, 2.423877701073218]",12,5,60,10000
cpu,vollkorn,2,text,y_advance,10,0,submit_us,current,final,251.65625,253.2749,251.8937,252.7312,2.1540999999999997,"[-0.3042999999999978, 5.901949999999999]",0.8584799007246957,"[-0.12062527578425297, 2.4199456403770525]",12,5,60,10000
cpu,vollkorn,2,text,y_advance,10,0,complete_us,current,final,251.6876,253.3021,251.91465,252.75205,2.154199999999989,"[-0.2980000000000018, 5.893650000000008]",0.8585208477676964,"[-0.11796918249159516, 2.4163003915885883]",12,5,60,10000
cpu,vollkorn,2,text,y_advance,10,0,draw_us,current,route,251.35410000000002,252.5958,251.5729,253.06240000000003,2.097849999999994,"[1.2272000000000105, 3.3750500000000017]",0.829085014852371,"[0.48488644883093457, 1.377860488525351]",12,5,60,10000
cpu,vollkorn,2,text,y_advance,10,0,submit_us,current,route,251.65625,252.9187,251.8937,253.37285,2.10414999999999,"[1.2439000000000107, 3.3811000000000178]",0.8305275547351054,"[0.49093077957291786, 1.3785876156981347]",12,5,60,10000
cpu,vollkorn,2,text,y_advance,10,0,complete_us,current,route,251.6876,252.9416,251.91465,253.39785,2.097849999999994,"[1.2374999999999972, 3.3917000000000144]",0.8279913820051665,"[0.488347439681569, 1.382768579194238]",12,5,60,10000
cpu,vollkorn,2,text,y_advance,10,0,draw_us,route,final,252.5958,252.95625,253.06240000000003,252.42284999999998,0.6376499999999936,"[-2.202200000000005, 2.4228000000000094]",0.25349254072923877,"[-0.8843835892498264, 0.9611124314360842]",12,5,60,10000
cpu,vollkorn,2,text,y_advance,10,0,submit_us,route,final,252.9187,253.2749,253.37285,252.7312,0.6457499999999925,"[-2.218599999999995, 2.3999499999999756]",0.2563199569895702,"[-0.8898396337310543, 0.9508936376290134]",12,5,60,10000
cpu,vollkorn,2,text,y_advance,10,0,complete_us,route,final,252.9416,253.3021,253.39785,252.75205,0.6395000000000124,"[-2.2185500000000076, 2.395799999999994]",0.2538226971302904,"[-0.8897263847646608, 0.9491711047218798]",12,5,60,10000
gpu,ptsans,2,demo,first_paint,1,275,draw_us,master,current,2819.2084999999997,2512.4790000000003,2819.2084999999997,2496.9584999999997,-277.89599999999996,"[-311.6044999999999, -252.75]",-9.989302006158985,"[-11.102287373122827, -9.094635235977794]",12,3,36,10000
gpu,ptsans,2,demo,first_paint,1,275,submit_us,master,current,8379.4375,8060.958500000001,8379.4375,8001.5835,-332.31299999999965,"[-391.14550000000054, -218.14600000000064]",-3.930987722050383,"[-4.692710535620092, -2.680163074821934]",12,3,36,10000
gpu,ptsans,2,demo,first_paint,1,275,complete_us,master,current,11483.5,11153.042000000001,11439.9375,11115.625,-248.64550000000054,"[-607.5420000000004, 288.35400000000027]",-2.2008900543314116,"[-5.212983883500749, 2.558128055373338]",12,3,36,10000
gpu,ptsans,2,demo,first_paint,1,275,draw_us,master,final,2819.2084999999997,2543.2084999999997,2819.2084999999997,2539.708,-246.45899999999983,"[-314.77099999999996, -167.54199999999992]",-8.813674760406265,"[-11.309521195466354, -6.075166485544781]",12,3,36,10000
gpu,ptsans,2,demo,first_paint,1,275,submit_us,master,final,8379.4375,8145.4169999999995,8379.4375,8075.4375,-339.7505000000001,"[-464.72900000000027, -160.85450000000037]",-4.154254710206256,"[-5.342505912510937, -1.9614210692447231]",12,3,36,10000
gpu,ptsans,2,demo,first_paint,1,275,complete_us,master,final,11483.5,11233.292000000001,11439.9375,11105.5835,-361.58300000000054,"[-483.79200000000037, 121.68749999999909]",-3.1339357638304532,"[-4.246048955288462, 1.0943451579366381]",12,3,36,10000
gpu,ptsans,2,demo,first_paint,1,275,draw_us,master,route,2819.2084999999997,2602.7709999999997,2819.2084999999997,2571.9375,-252.7299999999998,"[-325.02149999999983, -182.10400000000004]",-9.332109358609358,"[-11.316652099987278, -6.42698585523177]",12,3,36,10000
gpu,ptsans,2,demo,first_paint,1,275,submit_us,master,route,8379.4375,8339.334,8379.4375,8189.1875,-207.85400000000027,"[-333.8544999999999, -20.125500000000102]",-2.5266272117515145,"[-4.018565063653989, -0.2533890448048193]",12,3,36,10000
gpu,ptsans,2,demo,first_paint,1,275,complete_us,master,route,11483.5,11198.3125,11439.9375,11170.4995,-121.9994999999999,"[-450.27049999999963, -6.14600000000064]",-1.1332422256345565,"[-3.926837448957954, -0.04695437324083729]",12,3,36,10000
gpu,ptsans,2,demo,first_paint,1,275,draw_us,current,final,2512.4790000000003,2543.2084999999997,2496.9584999999997,2539.708,48.979499999999916,"[-58.312000000000126, 106.35449999999992]",1.967060835378831,"[-2.2301201542342386, 4.260651518901993]",12,3,36,10000
gpu,ptsans,2,demo,first_paint,1,275,submit_us,current,final,8060.958500000001,8145.4169999999995,8001.5835,8075.4375,71.41650000000027,"[-127.29149999999981, 354.68750000000045]",0.9012422751871862,"[-1.5989502341375195, 4.377723072655748]",12,3,36,10000
gpu,ptsans,2,demo,first_paint,1,275,complete_us,current,final,11153.042000000001,11233.292000000001,11115.625,11105.5835,97.14549999999963,"[-1186.9170000000004, 1211.687499999999]",0.844762450541392,"[-10.276613024138893, 12.3689556652517]",12,3,36,10000
gpu,ptsans,2,demo,first_paint,1,275,draw_us,current,route,2512.4790000000003,2602.7709999999997,2496.9584999999997,2571.9375,30.1875,"[-39.770500000000084, 173.0825000000002]",1.2178884935220347,"[-1.523704380206492, 6.920376273584006]",12,3,36,10000
gpu,ptsans,2,demo,first_paint,1,275,submit_us,current,route,8060.958500000001,8339.334,8001.5835,8189.1875,183.5215000000003,"[-22.833500000000186, 448.9994999999999]",2.287520937789289,"[-0.2906126153101374, 5.5663966121497825]",12,3,36,10000
gpu,ptsans,2,demo,first_paint,1,275,complete_us,current,route,11153.042000000001,11198.3125,11115.625,11170.4995,224.39499999999862,"[-756.1249999999991, 1227.8540000000003]",2.0727806901433277,"[-6.196465614043567, 11.558823180128531]",12,3,36,10000
gpu,ptsans,2,demo,first_paint,1,275,draw_us,route,final,2602.7709999999997,2543.2084999999997,2571.9375,2539.708,5.542499999999791,"[-60.270500000000084, 99.16699999999992]",0.21952877684290883,"[-2.3644037769586124, 3.9561762301298042]",12,3,36,10000
gpu,ptsans,2,demo,first_paint,1,275,submit_us,route,final,8339.334,8145.4169999999995,8189.1875,8075.4375,-183.20850000000019,"[-213.9369999999999, 92.58350000000019]",-2.2150321248005533,"[-2.5318742682188367, 1.1804861427855085]",12,3,36,10000
gpu,ptsans,2,demo,first_paint,1,275,complete_us,route,final,11198.3125,11233.292000000001,11170.4995,11105.5835,0.5624999999990905,"[-296.47900000000027, 598.6459999999988]",-0.04298347547613823,"[-2.60015973712619, 5.381117158198034]",12,3,36,10000
gpu,ptsans,2,demo,pan,10,0,draw_us,master,current,212.5603,211.32915,212.88119999999998,211.8312,-0.20195000000001073,"[-3.6729999999999876, 0.6103000000000094]",-0.096656725963995,"[-1.7327950313224427, 0.2895436655246941]",12,3,36,10000
gpu,ptsans,2,demo,pan,10,0,submit_us,master,current,555.6729499999999,553.5146,554.9060999999999,553.6541,-6.941699999999969,"[-13.725049999999953, -1.1832999999999743]",-1.2635860425833312,"[-2.367226637339165, -0.20202799696926732]",12,3,36,10000
gpu,ptsans,2,demo,pan,10,0,complete_us,master,current,900.6708000000001,890.9439,906.18955,888.4377,-9.20614999999998,"[-67.36665000000005, 5.533449999999959]",-1.0108373404395354,"[-7.113986263331091, 0.6236245192315915]",12,3,36,10000
gpu,ptsans,2,demo,pan,10,0,draw_us,master,final,212.5603,213.09789999999998,212.88119999999998,213.33319999999998,-0.4396500000000003,"[-5.170850000000016, 4.922900000000013]",-0.2030682155758745,"[-2.3911165911327026, 2.3514583310648374]",12,3,36,10000
gpu,ptsans,2,demo,pan,10,0,submit_us,master,final,555.6729499999999,555.48955,554.9060999999999,556.08965,-2.0270499999999743,"[-24.560400000000016, 4.579150000000027]",-0.3489030906743462,"[-4.22566034530597, 0.8312579480896809]",12,3,36,10000
gpu,ptsans,2,demo,pan,10,0,complete_us,master,final,900.6708000000001,889.46465,906.18955,891.50005,-26.700150000000008,"[-62.1832, 13.356199999999944]",-2.975548962397645,"[-6.626880049602102, 1.5171642550578124]",12,3,36,10000
gpu,ptsans,2,demo,pan,10,0,draw_us,master,route,212.5603,213.2063,212.88119999999998,217.62275,-1.0042500000000132,"[-4.395799999999994, 6.804000000000002]",-0.4670308928437561,"[-2.064802465887705, 3.207739485345751]",12,3,36,10000
gpu,ptsans,2,demo,pan,10,0,submit_us,master,route,555.6729499999999,560.1166000000001,554.9060999999999,565.3437,-2.848000000000013,"[-12.337400000000002, 10.524950000000047]",-0.518907143384939,"[-2.124258234663107, 1.8922302605953845]",12,3,36,10000
gpu,ptsans,2,demo,pan,10,0,complete_us,master,route,900.6708000000001,900.5083,906.18955,903.98135,-21.42315000000002,"[-69.43135000000001, 17.92700000000002]",-2.403506357745383,"[-7.321408716070527, 1.9789586072230358]",12,3,36,10000
gpu,ptsans,2,demo,pan,10,0,draw_us,current,final,211.32915,213.09789999999998,211.8312,213.33319999999998,2.9085500000000053,"[-3.1104000000000127, 3.8290500000000094]",1.3892368223216933,"[-1.4520102404188717, 1.833026786802805]",12,3,36,10000
gpu,ptsans,2,demo,pan,10,0,submit_us,current,final,553.5146,555.48955,553.6541,556.08965,1.3710500000000252,"[-2.6666999999999916, 10.731249999999989]",0.24728315374907828,"[-0.47561082121569953, 1.9777667512671404]",12,3,36,10000
gpu,ptsans,2,demo,pan,10,0,complete_us,current,final,890.9439,889.46465,888.4377,891.50005,2.0166000000000395,"[-12.360500000000002, 32.997749999999996]",0.2319063918811648,"[-1.3779084009027165, 3.8491105802123893]",12,3,36,10000
gpu,ptsans,2,demo,pan,10,0,draw_us,current,route,211.32915,213.2063,211.8312,217.62275,0.912700000000001,"[-1.7918499999999966, 9.304000000000002]",0.43738087468013775,"[-0.8383932023143637, 4.458644426447544]",12,3,36,10000
gpu,ptsans,2,demo,pan,10,0,submit_us,current,route,553.5146,560.1166000000001,553.6541,565.3437,8.543700000000001,"[1.9958499999999617, 19.30839999999995]",1.551094824396848,"[0.354921336783498, 3.5228638259263145]",12,3,36,10000
gpu,ptsans,2,demo,pan,10,0,complete_us,current,route,890.9439,900.5083,888.4377,903.98135,14.412549999999953,"[-16.429199999999923, 19.581199999999967]",1.6188970176225226,"[-1.8336887482123476, 2.2147717582368776]",12,3,36,10000
gpu,ptsans,2,demo,pan,10,0,draw_us,route,final,213.2063,213.09789999999998,217.62275,213.33319999999998,-2.0186999999999955,"[-7.754249999999999, 2.3437999999999874]",-0.9323120470548563,"[-3.550314783525649, 1.1245716601419153]",12,3,36,10000
gpu,ptsans,2,demo,pan,10,0,submit_us,route,final,560.1166000000001,555.48955,565.3437,556.08965,-7.635649999999998,"[-17.752099999999984, 4.764650000000074]",-1.3705336566647797,"[-3.085071362997299, 0.8656727749705495]",12,3,36,10000
gpu,ptsans,2,demo,pan,10,0,complete_us,route,final,900.5083,889.46465,903.98135,891.50005,-4.285499999999956,"[-25.33544999999998, 13.36469999999997]",-0.47232630372760487,"[-2.746330729068258, 1.5601856184030094]",12,3,36,10000
gpu,ptsans,2,demo,warm,30,0,draw_us,master,current,209.26245,207.7902835,209.67575,207.4506835,-1.546450500000006,"[-2.8749995000000013, 2.3090500000000134]",-0.7440417838171454,"[-1.3766782544800626, 1.0865156374817997]",12,3,36,10000
gpu,ptsans,2,demo,warm,30,0,submit_us,master,current,522.37775,515.374317,518.831167,517.0638835,-5.1463835000000415,"[-10.88536700000003, 1.3714830000000688]",-0.9879175138565621,"[-2.082030799949991, 0.265779774371544]",12,3,36,10000
gpu,ptsans,2,demo,warm,30,0,complete_us,master,current,927.9021,961.5958330000001,954.502033,952.525783,2.4486670000000004,"[-74.24664999999999, 72.60139950000007]",0.259500645405486,"[-7.207203659541728, 7.535182167988452]",12,3,36,10000
gpu,ptsans,2,demo,warm,30,0,draw_us,master,final,209.26245,208.6826165,209.67575,209.324233,2.3132329999999968,"[-2.2778339999999986, 3.708316499999995]",1.1287909280658037,"[-1.0811714424705798, 1.7903644695489995]",12,3,36,10000
gpu,ptsans,2,demo,warm,30,0,submit_us,master,final,522.37775,517.3916835,518.831167,516.6208835,1.5194830000000366,"[-5.399400500000013, 3.4764835000000005]",0.2961211791660978,"[-1.0353445901332747, 0.6791859113077114]",12,3,36,10000
gpu,ptsans,2,demo,warm,30,0,complete_us,master,final,927.9021,961.3847835,954.502033,939.3452665,-26.844982999999957,"[-102.185517, 57.78261699999996]",-2.9640084237795294,"[-10.452167816703373, 6.186232280575621]",12,3,36,10000
gpu,ptsans,2,demo,warm,30,0,draw_us,master,route,209.26245,209.4827,209.67575,211.21248300000002,0.8556335000000104,"[-2.299999999999997, 4.261083500000012]",0.41818413610299476,"[-1.1020703945527177, 2.026864786757532]",12,3,36,10000
gpu,ptsans,2,demo,warm,30,0,submit_us,master,route,522.37775,521.2923835,518.831167,524.6694164999999,-5.109666500000031,"[-13.83811700000004, 6.787517000000037]",-0.986982705568562,"[-2.6671385167688353, 1.318533390265042]",12,3,36,10000
gpu,ptsans,2,demo,warm,30,0,complete_us,master,route,927.9021,974.38895,954.502033,970.0548665,20.165967000000023,"[-67.9708005, 105.12431650000002]",2.054397817313769,"[-6.737517628068873, 11.785566213575716]",12,3,36,10000
gpu,ptsans,2,demo,warm,30,0,draw_us,current,final,207.7902835,208.6826165,207.4506835,209.324233,3.015916499999989,"[-1.6063504999999907, 5.819399500000003]",1.467749576886046,"[-0.767552240422753, 2.8436260668645463]",12,3,36,10000
gpu,ptsans,2,demo,warm,30,0,submit_us,current,final,515.374317,517.3916835,517.0638835,516.6208835,2.5242335000000367,"[-5.4555839999999876, 6.764000500000009]",0.49088831025581037,"[-1.049844531375499, 1.331813262099657]",12,3,36,10000
gpu,ptsans,2,demo,warm,30,0,complete_us,current,final,961.5958330000001,961.3847835,952.525783,939.3452665,-24.734033499999953,"[-86.38275049999999, 47.98325]",-2.661511315507009,"[-8.999915920298468, 5.133909391942826]",12,3,36,10000
gpu,ptsans,2,demo,warm,30,0,draw_us,current,route,207.7902835,209.4827,207.4506835,211.21248300000002,2.903449500000008,"[-0.6569329999999951, 6.185383000000016]",1.4073531056839061,"[-0.31770938698412743, 2.9717559625862533]",12,3,36,10000
gpu,ptsans,2,demo,warm,30,0,submit_us,current,route,515.374317,521.2923835,517.0638835,524.6694164999999,3.951299999999975,"[-5.627149999999972, 10.949316999999951]",0.7743793222709017,"[-1.1022316427634793, 2.1265067155600725]",12,3,36,10000
gpu,ptsans,2,demo,warm,30,0,complete_us,current,route,961.5958330000001,974.38895,952.525783,970.0548665,6.7395835000000375,"[-26.993816500000037, 67.12084950000002]",0.6878981993692856,"[-2.972793060689344, 7.445846648277521]",12,3,36,10000
gpu,ptsans,2,demo,warm,30,0,draw_us,route,final,209.4827,208.6826165,211.21248300000002,209.324233,-0.2687670000000111,"[-5.285499999999999, 6.054816000000002]",-0.1298547359958213,"[-2.459788517220934, 2.9793006966290503]",12,3,36,10000
gpu,ptsans,2,demo,warm,30,0,submit_us,route,final,521.2923835,517.3916835,524.6694164999999,516.6208835,-3.882649999999984,"[-9.012533500000018, 10.018699500000025]",-0.7392143306802101,"[-1.7115940810325192, 1.9821728018996065]",12,3,36,10000
gpu,ptsans,2,demo,warm,30,0,complete_us,route,final,974.38895,961.3847835,970.0548665,939.3452665,-4.2430329999999685,"[-117.80075, 50.24168350000002]",-0.46411864074097364,"[-11.293831077532591, 5.8175192068404495]",12,3,36,10000
gpu,ptsans,2,demo,zoom_in,12,2924,draw_us,master,current,2505.7430835,2251.010333,2489.5156665,2233.468875,-263.48612449999996,"[-289.3071665000002, -229.40441650000002]",-10.24770368240246,"[-11.69628598696692, -9.323196080667007]",12,3,36,10000
gpu,ptsans,2,demo,zoom_in,12,2924,submit_us,master,current,2733.319375,2476.9861250000004,2717.2482915,2461.9132915,-262.0728755,"[-292.2342080000001, -224.23262499999987]",-9.34122751571812,"[-10.848144255086888, -8.362011623033899]",12,3,36,10000
gpu,ptsans,2,demo,zoom_in,12,2924,complete_us,master,current,4388.635416499999,3995.2986665,4388.635416499999,3994.171875,-314.7692084999999,"[-436.4514579999998, -130.51575000000003]",-7.306140643445364,"[-9.86821773203015, -2.974104891950402]",12,3,36,10000
gpu,ptsans,2,demo,zoom_in,12,2924,draw_us,master,final,2505.7430835,2200.041667,2489.5156665,2208.781125,-307.36791700000003,"[-337.02091650000034, -290.51054150000004]",-12.430988798697863,"[-13.36378575363797, -11.481299784982724]",12,3,36,10000
gpu,ptsans,2,demo,zoom_in,12,2924,submit_us,master,final,2733.319375,2427.5468335,2717.2482915,2431.8125835,-316.0556670000001,"[-342.0173749999999, -295.6874164999999]",-11.4859218237656,"[-12.522146599903438, -10.871033410880663]",12,3,36,10000
gpu,ptsans,2,demo,zoom_in,12,2924,complete_us,master,final,4388.635416499999,3965.8177914999997,4388.635416499999,3968.878417,-342.5573750000001,"[-510.3769164999999, -158.41654200000016]",-7.91072174274054,"[-11.69078590760424, -3.5865084429343996]",12,3,36,10000
gpu,ptsans,2,demo,zoom_in,12,2924,draw_us,master,route,2505.7430835,2223.055708,2489.5156665,2241.8385415000002,-268.6250835000001,"[-301.21887500000025, -190.61616649999996]",-10.896800595548477,"[-11.897310199515832, -7.676375397976515]",12,3,36,10000
gpu,ptsans,2,demo,zoom_in,12,2924,submit_us,master,route,2733.319375,2444.053875,2717.2482915,2467.4826665,-275.93920849999995,"[-301.8993335, -181.3348329999999]",-10.254083385542913,"[-10.943359825505244, -6.697218612916755]",12,3,36,10000
gpu,ptsans,2,demo,zoom_in,12,2924,complete_us,master,route,4388.635416499999,3964.956458,4388.635416499999,3990.09375,-308.6787079999999,"[-375.0556664999999, -246.81270849999987]",-7.230283584786368,"[-8.608618817144132, -5.749651353787938]",12,3,36,10000
gpu,ptsans,2,demo,zoom_in,12,2924,draw_us,current,final,2251.010333,2200.041667,2233.468875,2208.781125,-43.15445900000009,"[-93.89062550000017, -2.119666499999994]",-1.9213881837206515,"[-4.068517306416581, -0.10322301982043092]",12,3,36,10000
gpu,ptsans,2,demo,zoom_in,12,2924,submit_us,current,final,2476.9861250000004,2427.5468335,2461.9132915,2431.8125835,-49.53470849999985,"[-104.68929149999985, 5.03295849999995]",-1.9957608335562094,"[-4.1142928815755155, 0.19643846992328795]",12,3,36,10000
gpu,ptsans,2,demo,zoom_in,12,2924,complete_us,current,final,3995.2986665,3965.8177914999997,3994.171875,3968.878417,-100.72237500000006,"[-203.34024999999997, 165.42883300000017]",-2.4612855791082633,"[-4.857605611121679, 4.138264365258182]",12,3,36,10000
gpu,ptsans,2,demo,zoom_in,12,2924,draw_us,current,route,2251.010333,2223.055708,2233.468875,2241.8385415000002,-4.1215835000000425,"[-54.991500000000315, 50.91495800000007]",-0.18492969813602156,"[-2.4240282522130006, 2.2906433723438258]",12,3,36,10000
gpu,ptsans,2,demo,zoom_in,12,2924,submit_us,current,route,2476.9861250000004,2444.053875,2461.9132915,2467.4826665,-6.505249999999933,"[-66.51745800000003, 53.732792000000245]",-0.25670377329247707,"[-2.658335004797885, 2.189220470744513]",12,3,36,10000
gpu,ptsans,2,demo,zoom_in,12,2924,complete_us,current,route,3995.2986665,3964.956458,3994.171875,3990.09375,4.138874999999871,"[-124.24654199999986, 106.82108349999999]",0.10506005128180229,"[-3.0256786461711593, 2.66416611748046]",12,3,36,10000
gpu,ptsans,2,demo,zoom_in,12,2924,draw_us,route,final,2223.055708,2200.041667,2241.8385415000002,2208.781125,-41.52958350000017,"[-52.6130005, -7.015374999999722]",-1.8638829636437204,"[-2.3090628468001526, -0.3204817467367005]",12,3,36,10000
gpu,ptsans,2,demo,zoom_in,12,2924,submit_us,route,final,2444.053875,2427.5468335,2467.4826665,2431.8125835,-42.91854149999995,"[-56.31424949999996, -6.876583499999924]",-1.775539774611462,"[-2.250508473098456, -0.285468269424205]",12,3,36,10000
gpu,ptsans,2,demo,zoom_in,12,2924,complete_us,route,final,3964.956458,3965.8177914999997,3990.09375,3968.878417,-25.275958500000115,"[-107.15108299999997, 94.90274950000003]",-0.6486079612210927,"[-2.6050617982531996, 2.401878803416657]",12,3,36,10000
gpu,ptsans,2,demo,zoom_out,12,1952,draw_us,master,current,1622.400875,1426.3212085,1622.400875,1429.0018335,-195.9218749999999,"[-215.44095900000002, -169.36283350000008]",-12.323842563955695,"[-13.422764772473016, -10.383618275985778]",12,3,36,10000
gpu,ptsans,2,demo,zoom_out,12,1952,submit_us,master,current,1971.982625,1774.9634999999998,1974.1249165,1774.2516664999998,-205.71354150000002,"[-224.59195850000003, -173.1509165]",-10.604901828161118,"[-11.49906408446687, -8.709942452846247]",12,3,36,10000
gpu,ptsans,2,demo,zoom_out,12,1952,complete_us,master,current,3095.1891665000003,2869.5695,3120.5780835,2856.18225,-231.29508299999998,"[-298.3836664999999, -202.3491664999999]",-7.3631693244686165,"[-9.533850684909929, -6.650263841783565]",12,3,36,10000
gpu,ptsans,2,demo,zoom_out,12,1952,draw_us,master,final,1622.400875,1407.7135835,1622.400875,1405.46875,-211.18229199999996,"[-234.89933400000007, -166.04866600000014]",-13.112159261419425,"[-14.491308472058112, -10.354332143096967]",12,3,36,10000
gpu,ptsans,2,demo,zoom_out,12,1952,submit_us,master,final,1971.982625,1748.6945,1974.1249165,1747.8195,-219.36283350000008,"[-249.72899999999993, -165.0226665]",-11.183624586514313,"[-12.630848502524161, -8.40201655222927]",12,3,36,10000
gpu,ptsans,2,demo,zoom_out,12,1952,complete_us,master,final,3095.1891665000003,2851.1911250000003,3120.5780835,2831.1700419999997,-282.20325,"[-335.624875, -177.52433299999984]",-9.148018903220095,"[-10.58369646394266, -5.8069431324171585]",12,3,36,10000
gpu,ptsans,2,demo,zoom_out,12,1952,draw_us,master,route,1622.400875,1447.9097915,1622.400875,1442.1597084999999,-187.67708349999998,"[-210.26387499999998, -164.0224995000001]",-11.452509319828442,"[-12.830216657696608, -10.077761341654305]",12,3,36,10000
gpu,ptsans,2,demo,zoom_out,12,1952,submit_us,master,route,1971.982625,1806.8055,1974.1249165,1788.949708,-186.68741650000004,"[-230.27945799999998, -155.253417]",-9.627465797784463,"[-11.509921795582677, -7.847580613080085]",12,3,36,10000
gpu,ptsans,2,demo,zoom_out,12,1952,complete_us,master,route,3095.1891665000003,2870.4930415,3120.5780835,2866.0365414999997,-257.8629995000001,"[-285.11279149999996, -194.42875000000004]",-8.413307732468972,"[-8.992197952238527, -6.227055470736737]",12,3,36,10000
gpu,ptsans,2,demo,zoom_out,12,1952,draw_us,current,final,1426.3212085,1407.7135835,1429.0018335,1405.46875,-5.538374999999974,"[-25.82129150000003, 16.06587550000006]",-0.3909095425903286,"[-1.8067641090054098, 1.1538977550958118]",12,3,36,10000
gpu,ptsans,2,demo,zoom_out,12,1952,submit_us,current,final,1774.9634999999998,1748.6945,1774.2516664999998,1747.8195,-17.3125,"[-27.62324949999993, 22.123333000000002]",-0.9906852172114899,"[-1.4961491828482165, 1.2852782812946884]",12,3,36,10000
gpu,ptsans,2,demo,zoom_out,12,1952,complete_us,current,final,2869.5695,2851.1911250000003,2856.18225,2831.1700419999997,-13.985957999999982,"[-63.303750500000206, 57.01916650000021]",-0.4925328671702478,"[-2.2312470676966845, 2.0425282918141052]",12,3,36,10000
gpu,ptsans,2,demo,zoom_out,12,1952,draw_us,current,route,1426.3212085,1447.9097915,1429.0018335,1442.1597084999999,12.32291650000002,"[-14.284791499999983, 38.55737500000009]",0.8868428835954845,"[-0.986753226695064, 2.731231129477929]",12,3,36,10000
gpu,ptsans,2,demo,zoom_out,12,1952,submit_us,current,route,1774.9634999999998,1806.8055,1774.2516664999998,1788.949708,9.38379150000003,"[-12.982624999999985, 54.00533400000006]",0.54567459849445,"[-0.7424884584578462, 3.0860035056333834]",12,3,36,10000
gpu,ptsans,2,demo,zoom_out,12,1952,complete_us,current,route,2869.5695,2870.4930415,2856.18225,2866.0365414999997,2.4342079999998987,"[-38.94266649999986, 36.79191649999984]",0.07685892890835211,"[-1.3510168943618006, 1.2956610279421854]",12,3,36,10000
gpu,ptsans,2,demo,zoom_out,12,1952,draw_us,route,final,1447.9097915,1407.7135835,1442.1597084999999,1405.46875,-17.982708499999944,"[-80.28654150000011, 4.4877914999999575]",-1.2789328364732566,"[-5.4777294357456485, 0.3113627725612411]",12,3,36,10000
gpu,ptsans,2,demo,zoom_out,12,1952,submit_us,route,final,1806.8055,1748.6945,1788.949708,1747.8195,-14.668416999999977,"[-89.32462499999997, 4.732499999999959]",-0.8370430018913355,"[-4.911577112520865, 0.2646784794824275]",12,3,36,10000
gpu,ptsans,2,demo,zoom_out,12,1952,complete_us,route,final,2870.4930415,2851.1911250000003,2866.0365414999997,2831.1700419999997,-28.352708500000062,"[-50.777874499999825, 27.63375000000019]",-0.993014482606358,"[-1.765030787257288, 0.9531048241086304]",12,3,36,10000
gpu,ptsans,2,font_variations,first_paint,1,263,draw_us,master,current,1710.167,1764.1045,1715.854,1763.042,42.7494999999999,"[4.395999999999958, 75.95800000000008]",2.4349026322010747,"[0.2851141828703496, 4.516879932398332]",12,3,36,10000
gpu,ptsans,2,font_variations,first_paint,1,263,submit_us,master,current,3096.375,3163.9375,3090.7290000000003,3169.9165000000003,71.375,"[20.020500000000084, 140.45849999999996]",2.286463305495534,"[0.662831741209613, 4.6864299258955855]",12,3,36,10000
gpu,ptsans,2,font_variations,first_paint,1,263,complete_us,master,current,4500.3544999999995,4606.9375,4500.3544999999995,4645.8955,208.18749999999955,"[23.041000000000167, 424.3125]",4.738458656600497,"[0.5116057266626672, 9.45337204220148]",12,3,36,10000
gpu,ptsans,2,font_variations,first_paint,1,263,draw_us,master,final,1710.167,1692.188,1715.854,1690.771,-27.979000000000042,"[-90.49950000000001, -6.020500000000084]",-1.6391839230801897,"[-5.113226073381167, -0.35255500123420047]",12,3,36,10000
gpu,ptsans,2,font_variations,first_paint,1,263,submit_us,master,final,3096.375,3064.2495,3090.7290000000003,3056.5209999999997,9.666500000000042,"[-83.87450000000013, 48.895500000000084]",0.3251136050352543,"[-2.689974562488795, 1.6315859996403392]",12,3,36,10000
gpu,ptsans,2,font_variations,first_paint,1,263,complete_us,master,final,4500.3544999999995,4557.229,4500.3544999999995,4608.2705000000005,109.35350000000017,"[-35.10349999999971, 1005.1039999999998]",2.425434587408948,"[-0.7798376384450134, 22.188717013797554]",12,3,36,10000
gpu,ptsans,2,font_variations,first_paint,1,263,draw_us,master,route,1710.167,1728.4164999999998,1715.854,1739.0205,3.541500000000042,"[-26.791499999999928, 76.24950000000001]",0.20518419159837875,"[-1.5721054575973115, 4.401859170565537]",12,3,36,10000
gpu,ptsans,2,font_variations,first_paint,1,263,submit_us,master,route,3096.375,3103.667,3090.7290000000003,3142.833,48.374500000000126,"[31.5625, 116.91550000000029]",1.5696913017704595,"[1.0128965207072294, 3.905850395858823]",12,3,36,10000
gpu,ptsans,2,font_variations,first_paint,1,263,complete_us,master,route,4500.3544999999995,4669.9580000000005,4500.3544999999995,4715.958500000001,177.0625,"[138.51999999999998, 641.1045000000004]",4.0894856337659435,"[3.032021411980834, 14.215291683023867]",12,3,36,10000
gpu,ptsans,2,font_variations,first_paint,1,263,draw_us,current,final,1764.1045,1692.188,1763.042,1690.771,-79.125,"[-122.91599999999994, -44.708000000000084]",-4.460985169290272,"[-6.851477674404633, -2.552915534295419]",12,3,36,10000
gpu,ptsans,2,font_variations,first_paint,1,263,submit_us,current,final,3163.9375,3064.2495,3169.9165000000003,3056.5209999999997,-122.79150000000004,"[-180.81200000000013, 36.687999999999874]",-3.9044415371297103,"[-5.630273647815592, 1.1906475432041264]",12,3,36,10000
gpu,ptsans,2,font_variations,first_paint,1,263,complete_us,current,final,4606.9375,4557.229,4645.8955,4608.2705000000005,6.686999999999898,"[-229.89550000000008, 270.47949999999946]",0.14393397292747911,"[-4.833071102321584, 5.558786308584596]",12,3,36,10000
gpu,ptsans,2,font_variations,first_paint,1,263,draw_us,current,route,1764.1045,1728.4164999999998,1763.042,1739.0205,-23.58299999999997,"[-75.10450000000003, 6.41700000000003]",-1.3339731176810088,"[-4.214690557642464, 0.36100622591586085]",12,3,36,10000
gpu,ptsans,2,font_variations,first_paint,1,263,submit_us,current,route,3163.9375,3103.667,3169.9165000000003,3142.833,-2.104000000000042,"[-102.5, 24.770500000000084]",-0.06759799200795613,"[-3.2630800262427098, 0.8084949420480436]",12,3,36,10000
gpu,ptsans,2,font_variations,first_paint,1,263,complete_us,current,route,4606.9375,4669.9580000000005,4645.8955,4715.958500000001,29.146000000000186,"[-344.6034999999997, 440.25000000000045]",0.634142313969277,"[-7.287259725375056, 9.219936338153367]",12,3,36,10000
gpu,ptsans,2,font_variations,first_paint,1,263,draw_us,route,final,1728.4164999999998,1692.188,1739.0205,1690.771,-64.89549999999997,"[-103.10400000000004, 12.916499999999928]",-3.7617354426394134,"[-5.869325762577904, 0.7721682232525451]",12,3,36,10000
gpu,ptsans,2,font_variations,first_paint,1,263,submit_us,route,final,3103.667,3064.2495,3142.833,3056.5209999999997,-79.91600000000017,"[-213.6450000000002, 17.333000000000084]",-2.5777030580158344,"[-6.556235291115698, 0.5711997582640849]",12,3,36,10000
gpu,ptsans,2,font_variations,first_paint,1,263,complete_us,route,final,4669.9580000000005,4557.229,4715.958500000001,4608.2705000000005,-94.8125,"[-670.1455000000005, 998.3539999999998]",-2.146681081977486,"[-12.655486362148972, 21.88860804757189]",12,3,36,10000
gpu,ptsans,2,font_variations,slant_advance,10,1158,draw_us,master,current,765.26675,786.76455,764.5313,785.4353000000001,24.674750000000017,"[15.600199999999973, 34.256350000000054]",3.2518401014268505,"[2.042557991140026, 4.528562141526404]",12,3,36,10000
gpu,ptsans,2,font_variations,slant_advance,10,1158,submit_us,master,current,815.4853499999999,836.523,815.72505,835.4457,24.208199999999977,"[15.016699999999958, 35.60419999999999]",2.926701363949491,"[1.841541001951219, 4.418529909110925]",12,3,36,10000
gpu,ptsans,2,font_variations,slant_advance,10,1158,complete_us,master,current,1262.0709499999998,1292.4855,1262.40005,1292.4855,32.252250000000004,"[18.193750000000023, 45.949749999999995]",2.566442993471907,"[1.4334413727737028, 3.6740841388097634]",12,3,36,10000
gpu,ptsans,2,font_variations,slant_advance,10,1158,draw_us,master,final,765.26675,754.7791500000001,764.5313,754.0875000000001,-10.483249999999998,"[-24.26695000000001, -3.8769499999999653]",-1.3807828171767789,"[-3.131285230478759, -0.5190754393630093]",12,3,36,10000
gpu,ptsans,2,font_variations,slant_advance,10,1158,submit_us,master,final,815.4853499999999,804.2792,815.72505,805.62295,-13.3082,"[-26.946049999999957, -2.8688999999999396]",-1.6415951629898284,"[-3.261913867480798, -0.360036383634621]",12,3,36,10000
gpu,ptsans,2,font_variations,slant_advance,10,1158,complete_us,master,final,1262.0709499999998,1248.94815,1262.40005,1248.5938,-25.674999999999955,"[-43.35194999999999, -10.233299999999986]",-2.027783934496502,"[-3.414448258531766, -0.8189848918059128]",12,3,36,10000
gpu,ptsans,2,font_variations,slant_advance,10,1158,draw_us,master,route,765.26675,778.8833500000001,764.5313,780.0208,18.38549999999998,"[-2.7292999999999665, 32.59375]",2.4083076527385505,"[-0.3177321279093037, 4.286116883140356]",12,3,36,10000
gpu,ptsans,2,font_variations,slant_advance,10,1158,submit_us,master,route,815.4853499999999,831.2,815.72505,831.8688,19.03325000000001,"[-3.7251000000000545, 38.099999999999966]",2.3446334504986455,"[-0.42304426497928316, 4.695396818384035]",12,3,36,10000
gpu,ptsans,2,font_variations,slant_advance,10,1158,complete_us,master,route,1262.0709499999998,1283.0145499999999,1262.40005,1284.73535,12.45214999999996,"[-25.120949999999993, 43.21265000000005]",0.9876912176639996,"[-1.9618701551946394, 3.432880990475773]",12,3,36,10000
gpu,ptsans,2,font_variations,slant_advance,10,1158,draw_us,current,final,786.76455,754.7791500000001,785.4353000000001,754.0875000000001,-32.78735,"[-45.39405000000005, -20.29589999999996]",-4.157755157071035,"[-5.797498426617836, -2.5932657133763803]",12,3,36,10000
gpu,ptsans,2,font_variations,slant_advance,10,1158,submit_us,current,final,836.523,804.2792,835.4457,805.62295,-34.433299999999974,"[-46.30244999999991, -17.387599999999964]",-4.097893405179609,"[-5.559354944955253, -2.085832680399063]",12,3,36,10000
gpu,ptsans,2,font_variations,slant_advance,10,1158,complete_us,current,final,1292.4855,1248.94815,1292.4855,1248.5938,-54.25630000000001,"[-68.00405, -40.35820000000001]",-4.207346760952813,"[-5.190928978240522, -3.1308004706059265]",12,3,36,10000
gpu,ptsans,2,font_variations,slant_advance,10,1158,draw_us,current,route,786.76455,778.8833500000001,785.4353000000001,780.0208,-7.776900000000012,"[-13.496000000000038, 11.031249999999943]",-0.9838375410877842,"[-1.7267774271926883, 1.404269568935601]",12,3,36,10000
gpu,ptsans,2,font_variations,slant_advance,10,1158,submit_us,current,route,836.523,831.2,835.4457,831.8688,-6.333449999999971,"[-12.843899999999962, 15.991649999999993]",-0.7548635836358342,"[-1.5446688519165475, 1.9112686163081372]",12,3,36,10000
gpu,ptsans,2,font_variations,slant_advance,10,1158,complete_us,current,route,1292.4855,1283.0145499999999,1292.4855,1284.73535,-8.56230000000005,"[-31.577099999999973, 13.131500000000074]",-0.6665077133895969,"[-2.4321833905060486, 1.021927235967357]",12,3,36,10000
gpu,ptsans,2,font_variations,slant_advance,10,1158,draw_us,route,final,778.8833500000001,754.7791500000001,780.0208,754.0875000000001,-27.370949999999993,"[-35.34979999999996, -19.92909999999995]",-3.521203400863099,"[-4.439013879618409, -2.5359620273253336]",12,3,36,10000
gpu,ptsans,2,font_variations,slant_advance,10,1158,submit_us,route,final,831.2,804.2792,831.8688,805.62295,-31.87914999999998,"[-41.570550000000026, -22.97494999999998]",-3.82127806511785,"[-4.877218096354219, -2.7229050735474547]",12,3,36,10000
gpu,ptsans,2,font_variations,slant_advance,10,1158,complete_us,route,final,1283.0145499999999,1248.94815,1284.73535,1248.5938,-33.16650000000004,"[-59.50215000000003, -11.731250000000045]",-2.5821699963213653,"[-4.572577642121812, -0.9333355164229451]",12,3,36,10000
gpu,ptsans,2,font_variations,slant_return,10,0,draw_us,master,current,42.49785,41.625,42.3958,41.4376,-0.4166000000000025,"[-2.112300000000001, 1.6727999999999987]",-0.9998792311886939,"[-4.906215977329842, 4.012976615863961]",12,3,36,10000
gpu,ptsans,2,font_variations,slant_return,10,0,submit_us,master,current,97.5832,96.40835,97.5832,96.40835,-2.4623999999999953,"[-6.877150000000007, 5.871000000000002]",-2.5471279329271788,"[-6.73136468560555, 6.128103491303428]",12,3,36,10000
gpu,ptsans,2,font_variations,slant_return,10,0,complete_us,master,current,292.95005000000003,285.8125,292.95005000000003,285.1396,-6.9334499999999935,"[-23.10605000000001, 0.8542499999999791]",-2.3408462339524814,"[-7.4497387379373725, 0.2971732061994914]",12,3,36,10000
gpu,ptsans,2,font_variations,slant_return,10,0,draw_us,master,final,42.49785,40.5582,42.3958,40.5582,-1.7291500000000042,"[-2.8313000000000024, -0.9207499999999982]",-4.106155105763781,"[-6.573205211260186, -2.1684651749441732]",12,3,36,10000
gpu,ptsans,2,font_variations,slant_return,10,0,submit_us,master,final,97.5832,94.83125,97.5832,93.39590000000001,-3.151849999999996,"[-5.114600000000003, -1.7815000000000012]",-3.1893305353556114,"[-5.241593687141327, -1.8821570954521305]",12,3,36,10000
gpu,ptsans,2,font_variations,slant_return,10,0,complete_us,master,final,292.95005000000003,282.26865,292.95005000000003,282.26865,-13.627199999999988,"[-26.23935, -2.3293500000000336]",-4.452691183960422,"[-8.648673103884713, -0.8098088453304619]",12,3,36,10000
gpu,ptsans,2,font_variations,slant_return,10,0,draw_us,master,route,42.49785,41.44995,42.3958,41.65415,-1.0124499999999976,"[-1.9351500000000001, -0.2643500000000003]",-2.3941161672736797,"[-4.55795167096541, -0.6056101869269193]",12,3,36,10000
gpu,ptsans,2,font_variations,slant_return,10,0,submit_us,master,route,97.5832,97.21255,97.5832,99.47915,-2.5874999999999986,"[-4.749899999999997, 3.0497999999999976]",-2.595179601180475,"[-4.538527801234165, 3.0928113174943705]",12,3,36,10000
gpu,ptsans,2,font_variations,slant_return,10,0,complete_us,master,route,292.95005000000003,288.43755,292.95005000000003,289.38535,-7.868750000000006,"[-17.90209999999999, 8.726899999999972]",-2.683650632256307,"[-5.849959433474888, 3.0587367231423412]",12,3,36,10000
gpu,ptsans,2,font_variations,slant_return,10,0,draw_us,current,final,41.625,40.5582,41.4376,40.5582,-1.1855500000000028,"[-2.7667, -0.21459999999999724]",-2.8556177412083383,"[-6.340299932333831, -0.5272640764863612]",12,3,36,10000
gpu,ptsans,2,font_variations,slant_return,10,0,submit_us,current,final,96.40835,94.83125,96.40835,93.39590000000001,-2.0272500000000093,"[-6.5854, 0.48535000000000394]",-2.1232345035536393,"[-6.645266372439851, 0.5255193440580619]",12,3,36,10000
gpu,ptsans,2,font_variations,slant_return,10,0,complete_us,current,final,285.8125,282.26865,285.1396,282.26865,-5.073249999999973,"[-13.635449999999963, 1.9230499999999893]",-1.773430765536621,"[-4.851525931305289, 0.6770348636222057]",12,3,36,10000
gpu,ptsans,2,font_variations,slant_return,10,0,draw_us,current,route,41.625,41.44995,41.4376,41.65415,0.2834000000000003,"[-2.8143999999999956, 2.8583500000000015]",0.6896992777924493,"[-6.446086120864147, 6.90075831562792]",12,3,36,10000
gpu,ptsans,2,font_variations,slant_return,10,0,submit_us,current,route,96.40835,97.21255,96.40835,99.47915,0.9728500000000011,"[-5.218649999999997, 9.926900000000003]",1.0974172105251534,"[-5.30561140771339, 10.504160797335683]",12,3,36,10000
gpu,ptsans,2,font_variations,slant_return,10,0,complete_us,current,route,285.8125,288.43755,285.1396,289.38535,3.1376000000000204,"[-2.3208999999999946, 11.478950000000026]",1.1094576559975033,"[-0.7947477477680376, 4.027939267004655]",12,3,36,10000
gpu,ptsans,2,font_variations,slant_return,10,0,draw_us,route,final,41.44995,40.5582,41.65415,40.5582,-1.0979500000000009,"[-3.5543000000000013, 0.3520499999999984]",-2.666451289215882,"[-7.897198827033458, 0.8439523662889248]",12,3,36,10000
gpu,ptsans,2,font_variations,slant_return,10,0,submit_us,route,final,97.21255,94.83125,99.47915,93.39590000000001,-2.8335500000000025,"[-8.658400000000007, -0.279350000000008]",-2.8667928106142937,"[-8.255441311967292, -0.2881927899650638]",12,3,36,10000
gpu,ptsans,2,font_variations,slant_return,10,0,complete_us,route,final,288.43755,282.26865,289.38535,282.26865,-11.703900000000004,"[-14.781350000000003, -2.631349999999969]",-3.9278623253899747,"[-5.091981563499254, -0.9155668184067711]",12,3,36,10000
gpu,ptsans,2,font_variations,warm,30,0,draw_us,master,current,40.1007,40.288216500000004,40.0679665,39.9576665,0.17771700000000124,"[-1.0227995000000014, 0.5333334999999977]",0.43839109037767665,"[-2.368550173165529, 1.353099245308964]",12,3,36,10000
gpu,ptsans,2,font_variations,warm,30,0,submit_us,master,current,88.25403349999999,88.2457835,88.97566649999999,88.690983,-1.820849999999993,"[-7.05419950000001, 0.4201335000000057]",-2.075715304390313,"[-7.5782067169676885, 0.4766813693462102]",12,3,36,10000
gpu,ptsans,2,font_variations,warm,30,0,complete_us,master,current,278.2076335,275.24935,279.74303299999997,275.08135,-4.000650000000007,"[-13.35903350000001, 2.021383500000013]",-1.4357249535410732,"[-4.629484140283491, 0.7278071926580088]",12,3,36,10000
gpu,ptsans,2,font_variations,warm,30,0,draw_us,master,final,40.1007,39.54725,40.0679665,39.559783499999995,-0.8047335000000011,"[-2.546566500000001, -0.1368495000000003]",-2.0286153220682888,"[-5.933852272360285, -0.3376465026053377]",12,3,36,10000
gpu,ptsans,2,font_variations,warm,30,0,submit_us,master,final,88.25403349999999,86.21388350000001,88.97566649999999,86.30551650000001,-3.985366499999998,"[-8.6228665, -0.17141699999999815]",-4.513405191830078,"[-8.993453818830178, -0.20095665190840717]",12,3,36,10000
gpu,ptsans,2,font_variations,warm,30,0,complete_us,master,final,278.2076335,272.70623350000005,279.74303299999997,272.9493335,-6.3978835000000345,"[-16.0791835, -1.8062830000000076]",-2.2868762318097815,"[-5.572085557826433, -0.6585494114467683]",12,3,36,10000
gpu,ptsans,2,font_variations,warm,30,0,draw_us,master,route,40.1007,39.597899999999996,40.0679665,39.7041335,-0.6450995000000006,"[-3.000083499999999, 0.28748299999999816]",-1.5926518212849183,"[-7.034313870987963, 0.7297893333607308]",12,3,36,10000
gpu,ptsans,2,font_variations,warm,30,0,submit_us,master,route,88.25403349999999,86.5020335,88.97566649999999,86.73055,-1.939016500000001,"[-9.437499500000001, 1.8278170000000031]",-2.154654124043509,"[-9.85983587240132, 2.081640698217513]",12,3,36,10000
gpu,ptsans,2,font_variations,warm,30,0,complete_us,master,route,278.2076335,274.947217,279.74303299999997,276.6174,1.6875665000000026,"[-14.239617000000038, 5.108349999999973]",0.6055313662811979,"[-4.932649029662667, 1.8453561707404642]",12,3,36,10000
gpu,ptsans,2,font_variations,warm,30,0,draw_us,current,final,40.288216500000004,39.54725,39.9576665,39.559783499999995,-0.6097000000000001,"[-1.4978499999999997, 0.06186699999999945]",-1.5262446685434417,"[-3.6826479171180204, 0.16091563252134677]",12,3,36,10000
gpu,ptsans,2,font_variations,warm,30,0,submit_us,current,final,88.2457835,86.21388350000001,88.690983,86.30551650000001,-2.1756995000000074,"[-3.691633500000002, 0.3938995000000034]",-2.465255481221557,"[-4.135695656659211, 0.4609333768785362]",12,3,36,10000
gpu,ptsans,2,font_variations,warm,30,0,complete_us,current,final,275.24935,272.70623350000005,275.08135,272.9493335,-2.8118664999999794,"[-4.084799500000003, -0.9923829999999896]",-1.0177275183106849,"[-1.475771261383979, -0.3634179757993572]",12,3,36,10000
gpu,ptsans,2,font_variations,warm,30,0,draw_us,current,route,40.288216500000004,39.597899999999996,39.9576665,39.7041335,-0.6021335000000008,"[-1.2568834999999972, -0.0257000000000005]",-1.5200673190576164,"[-3.1033359414282593, -0.06320368412752742]",12,3,36,10000
gpu,ptsans,2,font_variations,warm,30,0,submit_us,current,route,88.2457835,86.5020335,88.690983,86.73055,-0.42576700000000045,"[-2.720849500000007, 1.8430500000000052]",-0.49881277549392866,"[-3.0676500149888595, 2.050097037006382]",12,3,36,10000
gpu,ptsans,2,font_variations,warm,30,0,complete_us,current,route,275.24935,274.947217,275.08135,276.6174,3.045899999999989,"[-2.3201335000000256, 7.252800499999978]",1.085034464930179,"[-0.8436750292753425, 2.633108612822044]",12,3,36,10000
gpu,ptsans,2,font_variations,warm,30,0,draw_us,route,final,39.597899999999996,39.54725,39.7041335,39.559783499999995,-0.08185000000000286,"[-0.6472499999999997, 0.261083499999998]",-0.20526983322373682,"[-1.6219721994307823, 0.6706563122668929]",12,3,36,10000
gpu,ptsans,2,font_variations,warm,30,0,submit_us,route,final,86.5020335,86.21388350000001,86.73055,86.30551650000001,-0.5097165000000032,"[-3.213283500000003, 1.216149999999999]",-0.5954986020014819,"[-3.545221125581172, 1.4325030509003134]",12,3,36,10000
gpu,ptsans,2,font_variations,warm,30,0,complete_us,route,final,274.947217,272.70623350000005,276.6174,272.9493335,-3.6028334999999743,"[-9.453482999999977, -0.6417999999999893]",-1.3022138015793494,"[-3.342517800204009, -0.23566608560661728]",12,3,36,10000
gpu,ptsans,2,font_variations,weight_advance,6,717,draw_us,master,current,849.2605834999999,858.1249165,861.2671665,858.1249165,15.878667000000007,"[-32.04166700000002, 37.229333499999996]",1.8317840466790192,"[-3.701365192308409, 4.4081597027421875]",12,3,36,10000
gpu,ptsans,2,font_variations,weight_advance,6,717,submit_us,master,current,894.1874164999999,900.8124164999999,909.0104165,900.8124164999999,12.208166500000004,"[-34.41316699999999, 39.465333000000044]",1.3319892303428893,"[-3.7742304627738146, 4.573323197963852]",12,3,36,10000
gpu,ptsans,2,font_variations,weight_advance,6,717,complete_us,master,current,1348.3229999999999,1363.4094165000001,1351.9756665,1364.4131665,6.805583500000125,"[-65.26724999999999, 54.816167000000064]",0.5049867469720803,"[-4.623921205969261, 4.128010151014294]",12,3,36,10000
gpu,ptsans,2,font_variations,weight_advance,6,717,draw_us,master,final,849.2605834999999,826.3088335,861.2671665,825.2846665,-25.031333500000017,"[-44.24649999999997, -9.861000499999989]",-2.933301520782572,"[-5.0983086202154695, -1.146874336026188]",12,3,36,10000
gpu,ptsans,2,font_variations,weight_advance,6,717,submit_us,master,final,894.1874164999999,869.531,909.0104165,867.722167,-26.163333499999965,"[-50.69100000000003, -11.794999999999959]",-2.9123394834623006,"[-5.561252205230072, -1.308945532690764]",12,3,36,10000
gpu,ptsans,2,font_variations,weight_advance,6,717,complete_us,master,final,1348.3229999999999,1317.2291664999998,1351.9756665,1315.5901665000001,-35.85758350000003,"[-75.04541649999987, -17.73958300000004]",-2.6157400600836764,"[-5.3328952797347675, -1.3313586293102975]",12,3,36,10000
gpu,ptsans,2,font_variations,weight_advance,6,717,draw_us,master,route,849.2605834999999,856.5658335,861.2671665,858.399167,-3.777582999999993,"[-19.979083000000003, 35.39558349999999]",-0.44860365445641426,"[-2.331608723391537, 4.307681605361169]",12,3,36,10000
gpu,ptsans,2,font_variations,weight_advance,6,717,submit_us,master,route,894.1874164999999,900.8612499999999,909.0104165,902.72225,-5.423417000000029,"[-19.538166999999987, 34.8125]",-0.5989155597982576,"[-2.1636276432959898, 4.027056644422555]",12,3,36,10000
gpu,ptsans,2,font_variations,weight_advance,6,717,complete_us,master,route,1348.3229999999999,1350.22575,1351.9756665,1347.3021665,-11.239499499999965,"[-41.77424999999994, 24.232500000000073]",-0.831945897868458,"[-2.9471113313093156, 1.8308386163321533]",12,3,36,10000
gpu,ptsans,2,font_variations,weight_advance,6,717,draw_us,current,final,858.1249165,826.3088335,858.1249165,825.2846665,-32.038166500000045,"[-57.68391700000001, -15.080166500000018]",-3.733469894667607,"[-6.540240501888673, -1.7947417082966766]",12,3,36,10000
gpu,ptsans,2,font_variations,weight_advance,6,717,submit_us,current,final,900.8124164999999,869.531,900.8124164999999,867.722167,-32.242999499999996,"[-61.881583000000035, -15.361166499999968]",-3.5794245547840164,"[-6.672094142220803, -1.740052457106156]",12,3,36,10000
gpu,ptsans,2,font_variations,weight_advance,6,717,complete_us,current,final,1363.4094165000001,1317.2291664999998,1364.4131665,1315.5901665000001,-40.02766650000001,"[-72.5557500000001, -29.06258349999996]",-2.9537552586878624,"[-5.2431593604087166, -2.1676391008582208]",12,3,36,10000
gpu,ptsans,2,font_variations,weight_advance,6,717,draw_us,current,route,858.1249165,856.5658335,858.1249165,858.399167,0.6490834999999606,"[-20.593833500000017, 13.826166999999941]",0.06740245680107448,"[-2.331060482794517, 1.6496723664205293]",12,3,36,10000
gpu,ptsans,2,font_variations,weight_advance,6,717,submit_us,current,route,900.8124164999999,900.8612499999999,900.8124164999999,902.72225,-2.1214169999999513,"[-20.22550000000001, 15.35058349999997]",-0.22655233253963125,"[-2.178003613583024, 1.7428483179442344]",12,3,36,10000
gpu,ptsans,2,font_variations,weight_advance,6,717,complete_us,current,route,1363.4094165000001,1350.22575,1364.4131665,1347.3021665,-3.340249999999969,"[-38.76774950000015, 9.937416999999982]",-0.24551738655694266,"[-2.792852266252366, 0.7304770517921888]",12,3,36,10000
gpu,ptsans,2,font_variations,weight_advance,6,717,draw_us,route,final,856.5658335,826.3088335,858.399167,825.2846665,-35.385583499999996,"[-45.538250000000005, -21.295416999999986]",-4.106478662888846,"[-5.237523057136395, -2.5324620018720934]",12,3,36,10000
gpu,ptsans,2,font_variations,weight_advance,6,717,submit_us,route,final,900.8612499999999,869.531,902.72225,867.722167,-35.02449999999999,"[-49.50716650000004, -21.271000000000015]",-3.872197167141034,"[-5.409462949757376, -2.403879311835122]",12,3,36,10000
gpu,ptsans,2,font_variations,weight_advance,6,717,complete_us,route,final,1350.22575,1317.2291664999998,1347.3021665,1315.5901665000001,-33.271166499999936,"[-39.156000500000005, -24.08700049999993]",-2.4566270343824748,"[-2.892665748547624, -1.79734757747404]",12,3,36,10000
gpu,ptsans,2,font_variations,weight_return,6,0,draw_us,master,current,40.267416999999995,41.21875,40.4688335,41.107583,0.21858350000000115,"[-2.4409165000000037, 1.9096665000000002]",0.5527792992478964,"[-5.74923205308, 4.795542488445836]",12,3,36,10000
gpu,ptsans,2,font_variations,weight_return,6,0,submit_us,master,current,89.1353335,89.9893335,90.763667,88.97916699999999,-1.128582999999999,"[-4.1110834999999994, 2.9375]",-1.2872360524451232,"[-4.5049592209414735, 3.457568043168635]",12,3,36,10000
gpu,ptsans,2,font_variations,weight_return,6,0,complete_us,master,current,277.61125,276.433917,279.02099999999996,275.045,-3.447916499999991,"[-11.034499499999981, 4.4305835000000116]",-1.2446609807239217,"[-3.863436877515575, 1.5972935867464733]",12,3,36,10000
gpu,ptsans,2,font_variations,weight_return,6,0,draw_us,master,final,40.267416999999995,39.767333,40.4688335,39.986166499999996,0.1772500000000008,"[-3.0866669999999985, 0.5104170000000003]",0.4374254349368889,"[-7.2711817212228365, 1.2897077931593226]",12,3,36,10000
gpu,ptsans,2,font_variations,weight_return,6,0,submit_us,master,final,89.1353335,86.85766699999999,90.763667,86.85766699999999,-1.4584164999999985,"[-6.822916999999997, 1.5657499999999942]",-1.654570854504206,"[-7.247895330731563, 1.8125705829694083]",12,3,36,10000
gpu,ptsans,2,font_variations,weight_return,6,0,complete_us,master,final,277.61125,274.11458300000004,279.02099999999996,275.03475000000003,-5.524166500000007,"[-12.850832999999994, 10.253499999999974]",-1.954882018325621,"[-4.734880314144119, 3.727173655632565]",12,3,36,10000
gpu,ptsans,2,font_variations,weight_return,6,0,draw_us,master,route,40.267416999999995,39.264083,40.4688335,39.5939165,-1.024250000000002,"[-2.427083500000002, -0.03825000000000145]",-2.532844915167054,"[-5.8676755692106894, -0.027560855151637087]",12,3,36,10000
gpu,ptsans,2,font_variations,weight_return,6,0,submit_us,master,route,89.1353335,88.62491650000001,90.763667,86.9304165,-0.9653334999999998,"[-4.586666499999993, 1.9998329999999953]",-1.1304636277901514,"[-5.113278218175271, 2.3614449199779064]",12,3,36,10000
gpu,ptsans,2,font_variations,weight_return,6,0,complete_us,master,route,277.61125,274.82991649999997,279.02099999999996,274.31600000000003,-3.73599999999999,"[-8.309000000000026, 6.17733400000003]",-1.3697863505475638,"[-2.945969164694379, 2.1893742156458007]",12,3,36,10000
gpu,ptsans,2,font_variations,weight_return,6,0,draw_us,current,final,41.21875,39.767333,41.107583,39.986166499999996,-1.1770840000000007,"[-2.3124995000000013, 0.04875000000000185]",-2.870206933772801,"[-5.636291874042721, 0.13133643158605435]",12,3,36,10000
gpu,ptsans,2,font_variations,weight_return,6,0,submit_us,current,final,89.9893335,86.85766699999999,88.97916699999999,86.85766699999999,-1.5240004999999996,"[-5.434000000000005, 0.3329999999999984]",-1.7031449350953742,"[-6.067602474177342, 0.38758752069741886]",12,3,36,10000
gpu,ptsans,2,font_variations,weight_return,6,0,complete_us,current,final,276.433917,274.11458300000004,275.045,275.03475000000003,-1.537916999999993,"[-15.937667000000033, 14.381749999999982]",-0.43690561864461186,"[-5.647633087427806, 5.294323613879293]",12,3,36,10000
gpu,ptsans,2,font_variations,weight_return,6,0,draw_us,current,route,41.21875,39.264083,41.107583,39.5939165,-1.6007500000000014,"[-2.267417000000002, 0.29858299999999716]",-3.8868191357524284,"[-5.499863711927599, 0.8084638557207258]",12,3,36,10000
gpu,ptsans,2,font_variations,weight_return,6,0,submit_us,current,route,89.9893335,88.62491650000001,88.97916699999999,86.9304165,0.23599949999999836,"[-4.590083499999999, 4.312333000000002]",0.27003639117713085,"[-5.124205870275206, 4.823853628719643]",12,3,36,10000
gpu,ptsans,2,font_variations,weight_return,6,0,complete_us,current,route,276.433917,274.82991649999997,275.045,274.31600000000003,-2.1875004999999987,"[-8.600500000000011, 8.472082999999998]",-0.7925287971324746,"[-3.0837691821268445, 3.0882081926118965]",12,3,36,10000
gpu,ptsans,2,font_variations,weight_return,6,0,draw_us,route,final,39.264083,39.767333,39.5939165,39.986166499999996,-0.15625049999999518,"[-1.3474994999999979, 1.201500000000003]",-0.4039688195295599,"[-3.2008970058540145, 3.048070615836984]",12,3,36,10000
gpu,ptsans,2,font_variations,weight_return,6,0,submit_us,route,final,88.62491650000001,86.85766699999999,86.9304165,86.85766699999999,-1.5798330000000007,"[-5.652833000000008, 1.0]",-1.81833461221666,"[-6.005018243334209, 1.1752025080000117]",12,3,36,10000
gpu,ptsans,2,font_variations,weight_return,6,0,complete_us,route,final,274.82991649999997,274.11458300000004,274.31600000000003,275.03475000000003,-3.0973330000000203,"[-11.784832999999992, 12.62824999999998]",-1.0792984742618639,"[-4.284460042528282, 4.735852441975686]",12,3,36,10000
gpu,ptsans,2,grid_pollution,hot_first,1,94,draw_us,master,current,739.229,762.8125,739.729,765.3335,25.6875,"[14.771000000000015, 38.22949999999997]",3.4706306893767302,"[1.9350631371645388, 5.236598124053915]",12,3,36,10000
gpu,ptsans,2,grid_pollution,hot_first,1,94,submit_us,master,current,2002.875,2030.729,2012.021,2060.8125,22.104000000000042,"[-24.354000000000042, 94.12400000000014]",1.104155907988924,"[-1.147942390288087, 4.678328763668993]",12,3,36,10000
gpu,ptsans,2,grid_pollution,hot_first,1,94,complete_us,master,current,2980.1459999999997,3004.833,3000.7709999999997,3008.458,41.520500000000084,"[-39.20899999999983, 92.08349999999996]",1.4228137482535597,"[-1.3142658998807177, 2.9987588006995303]",12,3,36,10000
gpu,ptsans,2,grid_pollution,hot_first,1,94,draw_us,master,final,739.229,697.063,739.729,695.625,-47.978999999999985,"[-69.22950000000003, -32.70799999999997]",-6.5444524633461345,"[-9.06213976322926, -4.520056009170631]",12,3,36,10000
gpu,ptsans,2,grid_pollution,hot_first,1,94,submit_us,master,final,2002.875,2014.2710000000002,2012.021,1981.5005,-78.16650000000004,"[-130.95799999999997, 34.395000000000095]",-3.9838959909154426,"[-6.25148531098581, 1.7029108117387004]",12,3,36,10000
gpu,ptsans,2,grid_pollution,hot_first,1,94,complete_us,master,final,2980.1459999999997,2894.2084999999997,3000.7709999999997,2886.3955,-80.41650000000004,"[-132.125, -63.458000000000084]",-2.726160894201385,"[-4.366327786654856, -2.1277319771988488]",12,3,36,10000
gpu,ptsans,2,grid_pollution,hot_first,1,94,draw_us,master,route,739.229,704.1875,739.729,706.479,-31.70799999999997,"[-52.60399999999993, -14.749500000000012]",-4.269849533082754,"[-7.034070098360839, -2.0331536610740386]",12,3,36,10000
gpu,ptsans,2,grid_pollution,hot_first,1,94,submit_us,master,route,2002.875,1970.0,2012.021,1970.0,-56.1875,"[-111.52100000000007, -31.91700000000003]",-2.7356385282609974,"[-5.506510630059291, -1.6123769735317983]",12,3,36,10000
gpu,ptsans,2,grid_pollution,hot_first,1,94,complete_us,master,route,2980.1459999999997,2969.5209999999997,3000.7709999999997,2924.833,-75.27000000000021,"[-113.93700000000013, -44.291999999999916]",-2.5176076598472266,"[-3.747901481029381, -1.5358344762293752]",12,3,36,10000
gpu,ptsans,2,grid_pollution,hot_first,1,94,draw_us,current,final,762.8125,697.063,765.3335,695.625,-74.22899999999998,"[-110.70850000000002, -52.4375]",-9.716235496781945,"[-14.270200334242721, -6.88932965052948]",12,3,36,10000
gpu,ptsans,2,grid_pollution,hot_first,1,94,submit_us,current,final,2030.729,2014.2710000000002,2060.8125,1981.5005,-87.41649999999993,"[-163.70799999999997, 16.062000000000012]",-4.158693273533948,"[-8.091882582222144, 0.8060143202561987]",12,3,36,10000
gpu,ptsans,2,grid_pollution,hot_first,1,94,complete_us,current,final,3004.833,2894.2084999999997,3008.458,2886.3955,-152.3125,"[-215.22949999999992, -122.85350000000017]",-4.929566356018666,"[-6.788611674106609, -4.09966854648558]",12,3,36,10000
gpu,ptsans,2,grid_pollution,hot_first,1,94,draw_us,current,route,762.8125,704.1875,765.3335,706.479,-64.70849999999996,"[-69.87450000000001, -50.291499999999985]",-8.450656231011472,"[-9.106757866774135, -6.571285817608841]",12,3,36,10000
gpu,ptsans,2,grid_pollution,hot_first,1,94,submit_us,current,route,2030.729,1970.0,2060.8125,1970.0,-104.70800000000008,"[-147.6250000000001, -16.625]",-5.120660932454057,"[-7.158770432195228, -0.8011327466494411]",12,3,36,10000
gpu,ptsans,2,grid_pollution,hot_first,1,94,complete_us,current,route,3004.833,2969.5209999999997,3008.458,2924.833,-129.6450000000002,"[-194.8125, 22.645999999999958]",-4.232962084769221,"[-6.285044790089195, 0.7587586728568074]",12,3,36,10000
gpu,ptsans,2,grid_pollution,hot_first,1,94,draw_us,route,final,704.1875,697.063,706.479,695.625,-8.958500000000015,"[-41.9375, 14.187000000000012]",-1.2752596277192718,"[-5.904073554633782, 2.0440902649935477]",12,3,36,10000
gpu,ptsans,2,grid_pollution,hot_first,1,94,submit_us,route,final,1970.0,2014.2710000000002,1970.0,1981.5005,-9.916499999999928,"[-71.43700000000001, 93.70800000000008]",-0.5043960430449024,"[-3.6687729817272308, 4.855868309628752]",12,3,36,10000
gpu,ptsans,2,grid_pollution,hot_first,1,94,complete_us,route,final,2969.5209999999997,2894.2084999999997,2924.833,2886.3955,-11.4375,"[-130.02099999999996, 46.54100000000017]",-0.3977519828733622,"[-4.3283318949834335, 1.5836944962863586]",12,3,36,10000
gpu,ptsans,2,grid_pollution,hot_return,1,94,draw_us,master,current,651.771,674.6669999999999,649.0,677.6669999999999,21.999500000000012,"[16.5, 36.958500000000015]",3.37543643104804,"[2.56739051464816, 5.694620997291667]",12,3,36,10000
gpu,ptsans,2,grid_pollution,hot_return,1,94,submit_us,master,current,697.5835,718.979,695.1669999999999,722.104,24.853499999999997,"[14.583000000000027, 41.72900000000004]",3.618794412595394,"[2.0804717213027457, 6.0011949716913815]",12,3,36,10000
gpu,ptsans,2,grid_pollution,hot_return,1,94,complete_us,master,current,1132.729,1184.5625,1148.8335,1217.542,-23.979499999999916,"[-268.20849999999996, 398.95849999999996]",-2.0525711240422737,"[-17.138882165039973, 35.941493705543415]",12,3,36,10000
gpu,ptsans,2,grid_pollution,hot_return,1,94,draw_us,master,final,651.771,647.5205000000001,649.0,644.8330000000001,-11.916000000000054,"[-16.459000000000003, 4.896000000000015]",-1.8058999347296878,"[-2.549237538109128, 0.7644597544576026]",12,3,36,10000
gpu,ptsans,2,grid_pollution,hot_return,1,94,submit_us,master,final,697.5835,693.7915,695.1669999999999,690.0,-11.521500000000003,"[-18.083499999999958, 4.229499999999973]",-1.675389409119199,"[-2.56038875115438, 0.6228461778588601]",12,3,36,10000
gpu,ptsans,2,grid_pollution,hot_return,1,94,complete_us,master,final,1132.729,1104.25,1148.8335,1098.0625,-27.75,"[-213.25049999999987, -13.937999999999988]",-2.4637297209478994,"[-14.215615251424323, -1.2701973233155195]",12,3,36,10000
gpu,ptsans,2,grid_pollution,hot_return,1,94,draw_us,master,route,651.771,662.7085,649.0,661.125,9.790999999999997,"[-0.9375, 25.0]",1.5055648530594157,"[-0.1353731607325548, 3.8765620170448045]",12,3,36,10000
gpu,ptsans,2,grid_pollution,hot_return,1,94,submit_us,master,route,697.5835,709.5205,695.1669999999999,707.8335,11.666999999999973,"[-5.249999999999943, 26.08299999999997]",1.7019436378497788,"[-0.7377030509484017, 3.790760934672044]",12,3,36,10000
gpu,ptsans,2,grid_pollution,hot_return,1,94,complete_us,master,route,1132.729,1124.604,1148.8335,1122.583,1.5625,"[-250.60500000000002, 12.291500000000042]",0.14098971098395197,"[-17.250841865350292, 1.0893869844539106]",12,3,36,10000
gpu,ptsans,2,grid_pollution,hot_return,1,94,draw_us,current,final,674.6669999999999,647.5205000000001,677.6669999999999,644.8330000000001,-34.0,"[-43.54249999999996, -17.500499999999988]",-5.0412593888755906,"[-6.425856233690597, -2.4579196196226007]",12,3,36,10000
gpu,ptsans,2,grid_pollution,hot_return,1,94,submit_us,current,final,718.979,693.7915,722.104,690.0,-34.584,"[-46.39599999999996, -15.728500000000054]",-4.803209040629458,"[-6.345516425169195, -2.0537883178537717]",12,3,36,10000
gpu,ptsans,2,grid_pollution,hot_return,1,94,complete_us,current,final,1184.5625,1104.25,1217.542,1098.0625,-36.875499999999874,"[-418.72950000000003, 89.43700000000001]",-3.277991594436458,"[-27.24707853871122, 8.055623059650287]",12,3,36,10000
gpu,ptsans,2,grid_pollution,hot_return,1,94,draw_us,current,route,674.6669999999999,662.7085,677.6669999999999,661.125,-12.271000000000015,"[-23.625499999999988, 7.999500000000012]",-1.8148357688250905,"[-3.4686406525132996, 1.215935467560214]",12,3,36,10000
gpu,ptsans,2,grid_pollution,hot_return,1,94,submit_us,current,route,718.979,709.5205,722.104,707.8335,-12.457499999999982,"[-25.4375, 7.541499999999985]",-1.7492104621597504,"[-3.4677162343042855, 1.0708545475018427]",12,3,36,10000
gpu,ptsans,2,grid_pollution,hot_return,1,94,complete_us,current,route,1184.5625,1124.604,1217.542,1122.583,-106.97950000000003,"[-388.89599999999996, -7.4375]",-8.772051037747207,"[-25.224784343489617, -0.6572070686563403]",12,3,36,10000
gpu,ptsans,2,grid_pollution,hot_return,1,94,draw_us,route,final,662.7085,647.5205000000001,661.125,644.8330000000001,-20.020999999999958,"[-33.91700000000003, 2.458499999999958]",-3.0049914843693957,"[-5.117158702309443, 0.37433991243397413]",12,3,36,10000
gpu,ptsans,2,grid_pollution,hot_return,1,94,submit_us,route,final,709.5205,693.7915,707.8335,690.0,-19.291999999999973,"[-36.708999999999946, 3.041999999999973]",-2.714676635848756,"[-5.18546337742783, 0.43248103704850993]",12,3,36,10000
gpu,ptsans,2,grid_pollution,hot_return,1,94,complete_us,route,final,1124.604,1104.25,1122.583,1098.0625,-16.645999999999958,"[-53.08350000000007, 57.08349999999996]",-1.5099430061197294,"[-4.636791247391364, 5.160521326138056]",12,3,36,10000
gpu,ptsans,2,grid_pollution,hot_second,1,94,draw_us,master,current,649.6455000000001,389.875,650.4375,396.2085,-262.375,"[-277.146, -247.45899999999995]",-40.602463957550235,"[-41.690418882956635, -38.26140915103841]",12,3,36,10000
gpu,ptsans,2,grid_pollution,hot_second,1,94,submit_us,master,current,684.813,426.583,684.396,432.5,-259.75,"[-277.8125, -243.33399999999995]",-38.22965660988403,"[-39.660272835445426, -35.73593763657591]",12,3,36,10000
gpu,ptsans,2,grid_pollution,hot_second,1,94,complete_us,master,current,1120.4165,856.563,1112.042,859.375,-248.85449999999997,"[-321.1255, -214.5]",-22.397141221484667,"[-27.362667312121165, -20.12929610908609]",12,3,36,10000
gpu,ptsans,2,grid_pollution,hot_second,1,94,draw_us,master,final,649.6455000000001,391.3125,650.4375,393.104,-265.70849999999996,"[-271.8125, -249.41699999999997]",-40.94005864929721,"[-41.634488022931606, -38.35236828698562]",12,3,36,10000
gpu,ptsans,2,grid_pollution,hot_second,1,94,submit_us,master,final,684.813,427.66650000000004,684.396,427.6875,-266.229,"[-274.0, -252.12449999999998]",-38.96371951889826,"[-39.86443707732077, -36.52357270224316]",12,3,36,10000
gpu,ptsans,2,grid_pollution,hot_second,1,94,complete_us,master,final,1120.4165,862.146,1112.042,861.146,-265.313,"[-329.3335, -242.2920000000001]",-23.945537147916234,"[-27.85693627713578, -22.183820293357407]",12,3,36,10000
gpu,ptsans,2,grid_pollution,hot_second,1,94,draw_us,master,route,649.6455000000001,392.125,650.4375,391.375,-258.354,"[-274.79200000000003, -253.146]",-39.81051958991581,"[-41.336337952456574, -39.03897300884009]",12,3,36,10000
gpu,ptsans,2,grid_pollution,hot_second,1,94,submit_us,master,route,684.813,427.1455,684.396,426.2495,-256.25,"[-276.292, -252.3745]",-37.60653638745542,"[-39.44342975126884, -36.920642860670824]",12,3,36,10000
gpu,ptsans,2,grid_pollution,hot_second,1,94,complete_us,master,route,1120.4165,861.6465,1112.042,862.375,-247.687,"[-318.47900000000004, -224.18750000000006]",-22.293739946509767,"[-27.08056834668679, -20.6139774581476]",12,3,36,10000
gpu,ptsans,2,grid_pollution,hot_second,1,94,draw_us,current,final,389.875,391.3125,396.2085,393.104,-3.75,"[-12.396500000000003, 3.729499999999973]",-0.9769734880506198,"[-3.1243237684053295, 0.9468576587794431]",12,3,36,10000
gpu,ptsans,2,grid_pollution,hot_second,1,94,submit_us,current,final,426.583,427.66650000000004,432.5,427.6875,-6.374500000000012,"[-16.104000000000013, 1.3125000000000284]",-1.4890841705019475,"[-3.708388255632861, 0.3160607787827119]",12,3,36,10000
gpu,ptsans,2,grid_pollution,hot_second,1,94,complete_us,current,final,856.563,862.146,859.375,861.146,-5.625499999999931,"[-32.12450000000001, 14.125499999999988]",-0.6455770703905461,"[-3.7343557543835226, 1.6409599702280286]",12,3,36,10000
gpu,ptsans,2,grid_pollution,hot_second,1,94,draw_us,current,route,389.875,392.125,396.2085,391.375,-4.832500000000039,"[-10.875000000000028, 2.020500000000027]",-1.205721699564677,"[-2.7383284844511078, 0.52473574333326]",12,3,36,10000
gpu,ptsans,2,grid_pollution,hot_second,1,94,submit_us,current,route,426.583,427.1455,432.5,426.2495,-4.770000000000039,"[-15.958499999999987, 1.5205000000000268]",-1.0914160457365762,"[-3.6515666154065762, 0.36442156840326145]",12,3,36,10000
gpu,ptsans,2,grid_pollution,hot_second,1,94,complete_us,current,route,856.563,861.6465,859.375,862.375,-1.6034999999999968,"[-32.77000000000004, 10.521000000000015]",-0.1879000773227113,"[-3.6275467445596563, 1.2368902536818105]",12,3,36,10000
gpu,ptsans,2,grid_pollution,hot_second,1,94,draw_us,route,final,392.125,391.3125,391.375,393.104,0.978999999999985,"[-5.41700000000003, 14.041500000000013]",0.2509137571165665,"[-1.3848865906857577, 3.617759796714104]",12,3,36,10000
gpu,ptsans,2,grid_pollution,hot_second,1,94,submit_us,route,final,427.1455,427.66650000000004,426.2495,427.6875,-1.853999999999985,"[-9.000000000000028, 17.270500000000027]",-0.43625724255503817,"[-2.102347072632921, 4.081217484149047]",12,3,36,10000
gpu,ptsans,2,grid_pollution,hot_second,1,94,complete_us,route,final,861.6465,862.146,862.375,861.146,2.312000000000012,"[-28.583499999999958, 17.750499999999988]",0.26670147533821575,"[-3.330460828587917, 2.084825237912513]",12,3,36,10000
gpu,ptsans,2,grid_pollution,pollution,64,6016,draw_us,master,current,675.9244765,702.9663905,673.903961,699.9895779999999,28.40463299999999,"[13.646437500000047, 35.791335499999946]",4.164718815948387,"[1.9590020890104642, 5.38936554453362]",12,3,36,10000
gpu,ptsans,2,grid_pollution,pollution,64,6016,submit_us,master,current,712.2353515,738.3661485,710.002594,736.0052109999999,29.881812999999966,"[10.977164000000073, 36.85316449999999]",4.1027521433579235,"[1.5021337857058392, 5.272112908191906]",12,3,36,10000
gpu,ptsans,2,grid_pollution,pollution,64,6016,complete_us,master,current,1285.3808285,1306.6578749999999,1285.8024145,1283.376977,17.0476175,"[-27.37309349999998, 49.61204699999996]",1.3099996675704162,"[-2.1106674254010196, 3.9546456613456127]",12,3,36,10000
gpu,ptsans,2,grid_pollution,pollution,64,6016,draw_us,master,final,675.9244765,669.841758,673.903961,670.0830000000001,-2.5292970000000423,"[-15.95971899999995, 4.203742499999976]",-0.3807510537691017,"[-2.247039855980315, 0.6118971730570522]",12,3,36,10000
gpu,ptsans,2,grid_pollution,pollution,64,6016,submit_us,master,final,712.2353515,704.805656,710.002594,705.4964845,-2.910203000000024,"[-17.285233999999946, 5.70113299999997]",-0.4158046042193997,"[-2.3774782626560578, 0.788408784657546]",12,3,36,10000
gpu,ptsans,2,grid_pollution,pollution,64,6016,complete_us,master,final,1285.3808285,1237.3177425,1285.8024145,1249.6735469999999,-16.060843500000033,"[-52.119827999999984, 25.36028950000002]",-1.258867590338597,"[-4.042762613676432, 2.0993281462246993]",12,3,36,10000
gpu,ptsans,2,grid_pollution,pollution,64,6016,draw_us,master,route,675.9244765,691.417953,673.903961,691.8600315,14.944038999999918,"[-0.5085234999999102, 21.71880500000003]",2.263121823883696,"[-0.062280129290076536, 3.222711402366518]",12,3,36,10000
gpu,ptsans,2,grid_pollution,pollution,64,6016,submit_us,master,route,712.2353515,727.5963825,710.002594,728.346711,14.494828499999983,"[-3.34797599999996, 22.318749500000024]",2.0866102361049577,"[-0.44157119139000556, 3.143319012461321]",12,3,36,10000
gpu,ptsans,2,grid_pollution,pollution,64,6016,complete_us,master,route,1285.3808285,1256.0361560000001,1285.8024145,1255.669961,-21.74031249999996,"[-47.81701500000008, 53.26210949999995]",-1.688363638551399,"[-3.6714711200921126, 4.346253425162205]",12,3,36,10000
gpu,ptsans,2,grid_pollution,pollution,64,6016,draw_us,current,final,702.9663905,669.841758,699.9895779999999,670.0830000000001,-31.131171999999935,"[-48.65619549999997, -18.721382999999946]",-4.480205177349156,"[-6.910518408352784, -2.613351343146225]",12,3,36,10000
gpu,ptsans,2,grid_pollution,pollution,64,6016,submit_us,current,final,738.3661485,704.805656,736.0052109999999,705.4964845,-31.29971900000004,"[-50.33757049999991, -16.179054500000007]",-4.288644290721099,"[-6.790006927287667, -2.1441855328832915]",12,3,36,10000
gpu,ptsans,2,grid_pollution,pollution,64,6016,complete_us,current,final,1306.6578749999999,1237.3177425,1283.376977,1249.6735469999999,-17.680671500000017,"[-43.620780999999965, -10.44995300000005]",-1.3734803489162728,"[-3.4595120187497272, -0.8030412001681142]",12,3,36,10000
gpu,ptsans,2,grid_pollution,pollution,64,6016,draw_us,current,route,702.9663905,691.417953,699.9895779999999,691.8600315,-18.582953000000032,"[-26.206296500000008, -9.958999999999946]",-2.68858741297211,"[-3.6282002635707187, -1.4146284281505384]",12,3,36,10000
gpu,ptsans,2,grid_pollution,pollution,64,6016,submit_us,current,route,738.3661485,727.5963825,736.0052109999999,728.346711,-18.991133000000048,"[-29.093656499999952, -9.274428999999998]",-2.6181000448620653,"[-3.8184862767500327, -1.2525441326712072]",12,3,36,10000
gpu,ptsans,2,grid_pollution,pollution,64,6016,complete_us,current,route,1306.6578749999999,1256.0361560000001,1283.376977,1255.669961,-26.607742499999972,"[-64.86463250000008, 8.713851500000033]",-2.0994020877959816,"[-4.915391759548854, 0.6677677295516937]",12,3,36,10000
gpu,ptsans,2,grid_pollution,pollution,64,6016,draw_us,route,final,691.417953,669.841758,691.8600315,670.0830000000001,-22.708937500000047,"[-24.476289500000007, -8.032515499999988]",-3.220532562292205,"[-3.5495589878814906, -1.1723128573410013]",12,3,36,10000
gpu,ptsans,2,grid_pollution,pollution,64,6016,submit_us,route,final,727.5963825,704.805656,728.346711,705.4964845,-22.289429499999983,"[-25.248492499999998, -6.579961000000026]",-3.0514104932940764,"[-3.4791188280283656, -0.913321493218755]",12,3,36,10000
gpu,ptsans,2,grid_pollution,pollution,64,6016,complete_us,route,final,1256.0361560000001,1237.3177425,1255.669961,1249.6735469999999,-20.092546500000026,"[-30.379515500000025, 12.901054499999987]",-1.5727608742460986,"[-2.3948253720669777, 1.0263564023170413]",12,3,36,10000
gpu,ptsans,2,grid_singleton,once,1,94,draw_us,master,current,752.8330000000001,780.041,753.1665,780.3955000000001,29.39549999999997,"[6.728999999999985, 55.97949999999997]",3.9038073126679396,"[0.8892515192108097, 7.681179540330518]",12,3,36,10000
gpu,ptsans,2,grid_singleton,once,1,94,submit_us,master,current,2086.6245,2122.417,2090.833,2119.1455,20.750499999999874,"[-1.7709999999999582, 100.35350000000017]",1.0231209214551118,"[-0.08302256116311524, 5.015537028308559]",12,3,36,10000
gpu,ptsans,2,grid_singleton,once,1,94,complete_us,master,current,3023.708,3062.9375,3032.9165000000003,3063.417,33.52099999999996,"[3.2919999999999163, 130.58349999999996]",1.1002317748740387,"[0.1078211989795963, 4.473289469721187]",12,3,36,10000
gpu,ptsans,2,grid_singleton,once,1,94,draw_us,master,final,752.8330000000001,700.4165,753.1665,698.375,-49.25049999999999,"[-63.37500000000006, -28.666499999999985]",-6.5805350817499555,"[-8.38413574133121, -3.9046023328932478]",12,3,36,10000
gpu,ptsans,2,grid_singleton,once,1,94,submit_us,master,final,2086.6245,2028.313,2090.833,2056.6459999999997,-44.00049999999999,"[-104.91650000000004, -12.6875]",-2.1017956115009504,"[-4.9495761296717955, -0.6070946389250209]",12,3,36,10000
gpu,ptsans,2,grid_singleton,once,1,94,complete_us,master,final,3023.708,2948.208,3032.9165000000003,2957.0834999999997,-61.9375,"[-81.39550000000008, -6.1875]",-2.0475569149997543,"[-2.6371184540045944, -0.232934249281741]",12,3,36,10000
gpu,ptsans,2,grid_singleton,once,1,94,draw_us,master,route,752.8330000000001,727.6035,753.1665,735.9785,-19.062500000000057,"[-32.5, 2.353999999999985]",-2.6017809245179935,"[-4.390477507123547, 0.32400721072948224]",12,3,36,10000
gpu,ptsans,2,grid_singleton,once,1,94,submit_us,master,route,2086.6245,2065.9584999999997,2090.833,2065.9584999999997,-6.062000000000012,"[-48.66650000000004, 23.0625]",-0.2926658759277001,"[-2.3091509732698468, 1.0985599817270209]",12,3,36,10000
gpu,ptsans,2,grid_singleton,once,1,94,complete_us,master,route,3023.708,3017.0415000000003,3032.9165000000003,3015.5209999999997,18.479499999999916,"[-74.77099999999996, 104.52050000000008]",0.6126823642065071,"[-2.5421428962665527, 3.554834268288831]",12,3,36,10000
gpu,ptsans,2,grid_singleton,once,1,94,draw_us,current,final,780.041,700.4165,780.3955000000001,698.375,-77.54149999999998,"[-103.85449999999997, -62.60449999999997]",-10.005929438749057,"[-13.09242670314529, -8.048897651843307]",12,3,36,10000
gpu,ptsans,2,grid_singleton,once,1,94,submit_us,current,final,2122.417,2028.313,2119.1455,2056.6459999999997,-89.83300000000008,"[-163.02099999999996, -36.89500000000021]",-4.271074751395326,"[-7.493501138717329, -1.7549057726671313]",12,3,36,10000
gpu,ptsans,2,grid_singleton,once,1,94,complete_us,current,final,3062.9375,2948.208,3063.417,2957.0834999999997,-117.04150000000004,"[-182.56349999999975, -29.708000000000084]",-3.739428990457011,"[-5.860885959429512, -0.9732821297540772]",12,3,36,10000
gpu,ptsans,2,grid_singleton,once,1,94,draw_us,current,route,780.041,727.6035,780.3955000000001,735.9785,-53.41699999999997,"[-80.37549999999999, -5.832500000000039]",-6.863026799604516,"[-10.026089687719715, -0.7434448936373628]",12,3,36,10000
gpu,ptsans,2,grid_singleton,once,1,94,submit_us,current,route,2122.417,2065.9584999999997,2119.1455,2065.9584999999997,-32.85399999999993,"[-134.9375, 35.437999999999874]",-1.5770065823255852,"[-6.285804901784642, 1.7094221427776723]",12,3,36,10000
gpu,ptsans,2,grid_singleton,once,1,94,complete_us,current,route,3062.9375,3017.0415000000003,3063.417,3015.5209999999997,-43.33349999999996,"[-128.35400000000004, 16.208499999999958]",-1.4431144398504736,"[-4.250331473033054, 0.532131976344663]",12,3,36,10000
gpu,ptsans,2,grid_singleton,once,1,94,draw_us,route,final,727.6035,700.4165,735.9785,698.375,-36.89550000000003,"[-70.9375, -4.687999999999931]",-5.019749560834919,"[-9.163540172900586, -0.6523584783510894]",12,3,36,10000
gpu,ptsans,2,grid_singleton,once,1,94,submit_us,route,final,2065.9584999999997,2028.313,2065.9584999999997,2056.6459999999997,-76.81250000000011,"[-88.70899999999983, 23.145500000000084]",-3.7624067769970626,"[-4.3081739280624864, 1.136689625398779]",12,3,36,10000
gpu,ptsans,2,grid_singleton,once,1,94,complete_us,route,final,3017.0415000000003,2948.208,3015.5209999999997,2957.0834999999997,-36.979499999999916,"[-146.25, 29.958499999999958]",-1.1957835911593884,"[-4.78968393535758, 0.9927192871441393]",12,3,36,10000
gpu,ptsans,2,grid_two_phases,first,1,94,draw_us,master,current,729.4165,755.4165,729.4165,754.0,35.5,"[8.500499999999931, 58.26999999999998]",4.945350288168637,"[1.1501789213485436, 8.148905605687995]",12,3,36,10000
gpu,ptsans,2,grid_two_phases,first,1,94,submit_us,master,current,1932.062,1981.958,1947.75,1974.1875,48.208999999999946,"[-46.1875, 82.50049999999987]",2.5010300997949764,"[-2.338587409872966, 4.228495872192095]",12,3,36,10000
gpu,ptsans,2,grid_two_phases,first,1,94,complete_us,master,current,2902.416,2923.6045,2932.375,2925.6255,16.271499999999833,"[-126.10350000000017, 128.08349999999996]",0.5547616244350961,"[-4.210598541083205, 4.451790711937087]",12,3,36,10000
gpu,ptsans,2,grid_two_phases,first,1,94,draw_us,master,final,729.4165,682.375,729.4165,686.875,-37.39549999999997,"[-46.85450000000003, -29.5625]",-5.054683687587069,"[-6.528812722339361, -4.094405076169205]",12,3,36,10000
gpu,ptsans,2,grid_two_phases,first,1,94,submit_us,master,final,1932.062,1878.3125,1947.75,1879.8335,-70.16650000000004,"[-116.41699999999992, -42.062500000000114]",-3.552584911817225,"[-5.963813410568314, -2.1380702092568757]",12,3,36,10000
gpu,ptsans,2,grid_two_phases,first,1,94,complete_us,master,final,2902.416,2786.9790000000003,2932.375,2768.7290000000003,-136.16650000000004,"[-256.375, -78.04150000000004]",-4.598339557766107,"[-8.777565456826537, -2.6672322435248974]",12,3,36,10000
gpu,ptsans,2,grid_two_phases,first,1,94,draw_us,master,route,729.4165,699.4165,729.4165,704.167,-24.374499999999955,"[-36.2285, -14.833500000000015]",-3.341646240976698,"[-5.010524926397669, -2.040384604534251]",12,3,36,10000
gpu,ptsans,2,grid_two_phases,first,1,94,submit_us,master,route,1932.062,1946.146,1947.75,1940.5835,-23.020500000000084,"[-54.29250000000002, 33.3125]",-1.1686293829507033,"[-2.7331652252231606, 1.712327107639633]",12,3,36,10000
gpu,ptsans,2,grid_two_phases,first,1,94,complete_us,master,route,2902.416,2898.958,2932.375,2940.9790000000003,41.72900000000004,"[-61.6875, 161.9375]",1.447269086850167,"[-2.0937990377974725, 5.607266485354446]",12,3,36,10000
gpu,ptsans,2,grid_two_phases,first,1,94,draw_us,current,final,755.4165,682.375,754.0,686.875,-74.45800000000003,"[-98.70800000000003, -52.47949999999997]",-9.8993514684374,"[-12.805725499824778, -6.951099614762785]",12,3,36,10000
gpu,ptsans,2,grid_two_phases,first,1,94,submit_us,current,final,1981.958,1878.3125,1974.1875,1879.8335,-104.60400000000004,"[-155.08349999999996, -47.187500000000114]",-5.3502961456561025,"[-7.675583479958364, -2.4569040168416265]",12,3,36,10000
gpu,ptsans,2,grid_two_phases,first,1,94,complete_us,current,final,2923.6045,2786.9790000000003,2925.6255,2768.7290000000003,-201.97949999999992,"[-294.5424999999998, -52.41650000000004]",-6.7923247143949705,"[-9.830247173337902, -1.862342604914058]",12,3,36,10000
gpu,ptsans,2,grid_two_phases,first,1,94,draw_us,current,route,755.4165,699.4165,754.0,704.167,-60.583500000000015,"[-90.27050000000003, -34.541499999999985]",-8.027772917820524,"[-11.656289787734497, -4.597503384009405]",12,3,36,10000
gpu,ptsans,2,grid_two_phases,first,1,94,submit_us,current,route,1981.958,1946.146,1974.1875,1940.5835,-39.91649999999993,"[-113.50049999999999, 39.520500000000084]",-2.014380332944504,"[-5.604090098538467, 2.038964269105492]",12,3,36,10000
gpu,ptsans,2,grid_two_phases,first,1,94,complete_us,current,route,2923.6045,2898.958,2925.6255,2940.9790000000003,-10.458999999999833,"[-83.12549999999987, 335.8745000000001]",-0.3582896501027055,"[-2.806646190588158, 12.192873563443863]",12,3,36,10000
gpu,ptsans,2,grid_two_phases,first,1,94,draw_us,route,final,699.4165,682.375,704.167,686.875,-8.3125,"[-23.458500000000015, 4.375]",-1.2199649545839186,"[-3.3803572224161416, 0.6324352725812998]",12,3,36,10000
gpu,ptsans,2,grid_two_phases,first,1,94,submit_us,route,final,1946.146,1878.3125,1940.5835,1879.8335,-53.54150000000004,"[-104.33349999999996, -15.91700000000003]",-2.794222063869445,"[-5.413398958806498, -0.8023834136284158]",12,3,36,10000
gpu,ptsans,2,grid_two_phases,first,1,94,complete_us,route,final,2898.958,2786.9790000000003,2940.9790000000003,2768.7290000000003,-169.0,"[-377.3125, -65.4375]",-5.745852542580721,"[-11.95438540878429, -2.2697953546934215]",12,3,36,10000
gpu,ptsans,2,grid_two_phases,second,1,94,draw_us,master,current,651.3125,391.3125,649.5205000000001,389.9995,-256.72900000000004,"[-284.72950000000003, -241.354]",-39.94162532683909,"[-42.63806881091032, -37.356595903428925]",12,3,36,10000
gpu,ptsans,2,grid_two_phases,second,1,94,submit_us,master,current,688.1044999999999,425.52099999999996,687.125,424.02099999999996,-258.375,"[-285.334, -241.89599999999996]",-38.07077646024473,"[-40.48267547457442, -35.41540024356809]",12,3,36,10000
gpu,ptsans,2,grid_two_phases,second,1,94,complete_us,master,current,1121.3335000000002,861.813,1119.6045,861.813,-252.3744999999999,"[-277.56299999999993, -212.45800000000003]",-23.156940874513797,"[-24.595448580338708, -18.88203565860333]",12,3,36,10000
gpu,ptsans,2,grid_two_phases,second,1,94,draw_us,master,final,651.3125,391.16650000000004,649.5205000000001,393.64599999999996,-258.91700000000003,"[-273.9785, -237.771]",-39.638396451447,"[-41.52481512651893, -37.48579217216448]",12,3,36,10000
gpu,ptsans,2,grid_two_phases,second,1,94,submit_us,master,final,688.1044999999999,425.89549999999997,687.125,428.729,-256.60400000000004,"[-277.4995, -243.18749999999997]",-37.21928998473342,"[-40.24393394815678, -35.18419673903733]",12,3,36,10000
gpu,ptsans,2,grid_two_phases,second,1,94,complete_us,master,final,1121.3335000000002,840.771,1119.6045,842.771,-279.4375,"[-301.5200000000001, -259.64599999999996]",-24.964277296396666,"[-26.446332438461887, -23.383293309048724]",12,3,36,10000
gpu,ptsans,2,grid_two_phases,second,1,94,draw_us,master,route,651.3125,395.104,649.5205000000001,391.25,-258.458,"[-271.5, -243.062]",-40.05669807121342,"[-41.151818365448136, -37.6067376644314]",12,3,36,10000
gpu,ptsans,2,grid_two_phases,second,1,94,submit_us,master,route,688.1044999999999,432.16700000000003,687.125,426.104,-258.563,"[-275.02099999999996, -242.625]",-37.92858511290238,"[-39.48857018819457, -35.59604152807095]",12,3,36,10000
gpu,ptsans,2,grid_two_phases,second,1,94,complete_us,master,route,1121.3335000000002,872.4585,1119.6045,868.646,-255.06250000000006,"[-272.5, -100.41649999999987]",-22.908101447740403,"[-24.27040068280406, -9.347886427974277]",12,3,36,10000
gpu,ptsans,2,grid_two_phases,second,1,94,draw_us,current,final,391.3125,391.16650000000004,389.9995,393.64599999999996,4.791500000000013,"[-14.625, 25.0205]",1.272836875521055,"[-3.5888754256917013, 6.612370629185527]",12,3,36,10000
gpu,ptsans,2,grid_two_phases,second,1,94,submit_us,current,final,425.52099999999996,425.89549999999997,424.02099999999996,428.729,4.416499999999985,"[-19.25000000000003, 28.396000000000015]",1.1095183705543132,"[-4.289546860733817, 6.852624787360551]",12,3,36,10000
gpu,ptsans,2,grid_two_phases,second,1,94,complete_us,current,final,861.813,840.771,861.813,842.771,-16.5,"[-75.29149999999998, 5.875]",-1.9174291302570146,"[-8.132854875798317, 0.6899960123146753]",12,3,36,10000
gpu,ptsans,2,grid_two_phases,second,1,94,draw_us,current,route,391.3125,395.104,389.9995,391.25,0.6044999999999732,"[-14.6875, 18.167]",0.1560998035187111,"[-3.584819955678503, 4.786009096581667]",12,3,36,10000
gpu,ptsans,2,grid_two_phases,second,1,94,submit_us,current,route,425.52099999999996,432.16700000000003,424.02099999999996,426.104,0.9795000000000016,"[-16.667, 19.791500000000013]",0.23114991966383114,"[-3.770454801146461, 4.770554854406328]",12,3,36,10000
gpu,ptsans,2,grid_two_phases,second,1,94,complete_us,current,route,861.813,872.4585,861.813,868.646,8.958000000000027,"[-19.000499999999988, 162.60400000000004]",1.0472954100004706,"[-2.193793057478044, 19.55188115986418]",12,3,36,10000
gpu,ptsans,2,grid_two_phases,second,1,94,draw_us,route,final,395.104,391.16650000000004,391.25,393.64599999999996,4.62549999999996,"[-27.541499999999985, 18.665999999999997]",1.1921028043044957,"[-6.830397418973056, 4.851363488767335]",12,3,36,10000
gpu,ptsans,2,grid_two_phases,second,1,94,submit_us,route,final,432.16700000000003,425.89549999999997,426.104,428.729,3.8334999999999866,"[-32.311500000000024, 16.145999999999987]",0.9146072171687614,"[-7.327523460713858, 3.8117416403736892]",12,3,36,10000
gpu,ptsans,2,grid_two_phases,second,1,94,complete_us,route,final,872.4585,840.771,868.646,842.771,-33.72900000000004,"[-177.04100000000005, -5.228500000000054]",-3.8990891921234563,"[-17.070955709385466, -0.6185437918504455]",12,3,36,10000
gpu,ptsans,2,grid_unique_sizes,sweep,32,3008,draw_us,master,current,658.067703,692.1060625,657.1301715,689.658203,37.575422,"[17.322969, 50.61725000000001]",5.792088324677492,"[2.549505708704747, 7.7818495172087605]",12,3,36,10000
gpu,ptsans,2,grid_unique_sizes,sweep,32,3008,submit_us,master,current,728.174484,763.3515625,728.5208594999999,762.7291405000001,40.572343500000045,"[11.344390499999975, 57.81110899999999]",5.623293340451053,"[1.5297719824641232, 8.045792735275803]",12,3,36,10000
gpu,ptsans,2,grid_unique_sizes,sweep,32,3008,complete_us,master,current,1364.7181719999999,1374.1732655,1362.9167189999998,1374.3665315,3.874437499999999,"[-13.606156499999997, 78.75970350000011]",0.28527924933902105,"[-0.9757724485976838, 6.006950876410066]",12,3,36,10000
gpu,ptsans,2,grid_unique_sizes,sweep,32,3008,draw_us,master,final,658.067703,656.048828,657.1301715,663.1881405,0.45303100000000995,"[-8.79098399999998, 14.121078000000011]",0.0588898876962729,"[-1.2913338657876416, 2.1757360335957543]",12,3,36,10000
gpu,ptsans,2,grid_unique_sizes,sweep,32,3008,submit_us,master,final,728.174484,728.915391,728.5208594999999,736.8814535,-1.3939535000000092,"[-10.287046499999974, 22.48753099999999]",-0.19111691375530704,"[-1.426454953903572, 3.0119609004912618]",12,3,36,10000
gpu,ptsans,2,grid_unique_sizes,sweep,32,3008,complete_us,master,final,1364.7181719999999,1345.6257190000001,1362.9167189999998,1355.9167655,-10.652375000000006,"[-123.39254649999987, 31.223952499999996]",-0.7782604846784613,"[-8.97313393398918, 2.3077078814290553]",12,3,36,10000
gpu,ptsans,2,grid_unique_sizes,sweep,32,3008,draw_us,master,route,658.067703,675.5260625000001,657.1301715,677.981766,11.397734500000013,"[-5.179031000000009, 35.386063000000036]",1.739732406865413,"[-0.7070398204338246, 5.382929392835189]",12,3,36,10000
gpu,ptsans,2,grid_unique_sizes,sweep,32,3008,submit_us,master,route,728.174484,748.165328,728.5208594999999,752.5566405,13.999983999999984,"[-8.687562500000013, 37.42967150000004]",1.9589013351261508,"[-1.1206466357641276, 5.132875700414941]",12,3,36,10000
gpu,ptsans,2,grid_unique_sizes,sweep,32,3008,complete_us,master,route,1364.7181719999999,1374.3143905,1362.9167189999998,1350.843828,-36.38609399999996,"[-65.19798449999996, 47.845015500000045]",-2.6154289254445517,"[-4.780298469265943, 3.5324252421558233]",12,3,36,10000
gpu,ptsans,2,grid_unique_sizes,sweep,32,3008,draw_us,current,final,692.1060625,656.048828,689.658203,663.1881405,-40.30073399999998,"[-58.47531250000003, -16.26303150000001]",-5.901039277828102,"[-7.9792299802779905, -2.3575796235456083]",12,3,36,10000
gpu,ptsans,2,grid_unique_sizes,sweep,32,3008,submit_us,current,final,763.3515625,728.915391,762.7291405000001,736.8814535,-40.73768749999999,"[-58.47853150000003, -16.45585950000003]",-5.407992496904973,"[-7.270599301214508, -2.163239951790902]",12,3,36,10000
gpu,ptsans,2,grid_unique_sizes,sweep,32,3008,complete_us,current,final,1374.1732655,1345.6257190000001,1374.3665315,1355.9167655,-27.491687500000012,"[-116.27864049999994, 10.020155999999929]",-2.043826196627613,"[-8.467304220682115, 0.7473124332055936]",12,3,36,10000
gpu,ptsans,2,grid_unique_sizes,sweep,32,3008,draw_us,current,route,692.1060625,675.5260625000001,689.658203,677.981766,-22.509218499999974,"[-33.48698450000006, -6.890047000000038]",-3.2088452669656653,"[-4.771112435683417, -1.0038780931370617]",12,3,36,10000
gpu,ptsans,2,grid_unique_sizes,sweep,32,3008,submit_us,current,route,763.3515625,748.165328,762.7291405000001,752.5566405,-26.038609500000007,"[-34.5970155, -4.148500000000013]",-3.4145388229115223,"[-4.40298427555757, -0.5472442100325325]",12,3,36,10000
gpu,ptsans,2,grid_unique_sizes,sweep,32,3008,complete_us,current,route,1374.1732655,1374.3143905,1374.3665315,1350.843828,-8.120453500000053,"[-72.05471899999998, 39.503874999999994]",-0.5550786956775022,"[-5.18245319296245, 2.901158070744203]",12,3,36,10000
gpu,ptsans,2,grid_unique_sizes,sweep,32,3008,draw_us,route,final,675.5260625000001,656.048828,677.981766,663.1881405,-18.625577499999963,"[-21.398374999999987, -7.872984499999973]",-2.5990575824552886,"[-3.2101778744545175, -1.1689102974586363]",12,3,36,10000
gpu,ptsans,2,grid_unique_sizes,sweep,32,3008,submit_us,route,final,748.165328,728.915391,752.5566405,736.8814535,-17.705061999999998,"[-25.86462499999999, -9.188109499999996]",-2.4297922789953907,"[-3.3190321789599575, -1.231062372371633]",12,3,36,10000
gpu,ptsans,2,grid_unique_sizes,sweep,32,3008,complete_us,route,final,1374.3143905,1345.6257190000001,1350.843828,1355.9167655,-26.482421499999987,"[-90.68357850000007, 51.582593499999916]",-2.030674976172142,"[-6.791058532448607, 3.856687741232556]",12,3,36,10000
gpu,ptsans,2,grid_unique_variations,sweep,32,3008,draw_us,master,current,531.0488594999999,561.2558750000001,536.9225309999999,561.8183595,30.858062500000074,"[26.483640500000035, 36.935531000000026]",5.730525398697239,"[5.06194469525838, 7.132272399054774]",12,3,36,10000
gpu,ptsans,2,grid_unique_variations,sweep,32,3008,submit_us,master,current,606.4544375,635.5214375,613.408172,633.392578,28.605530999999985,"[25.105297000000007, 38.462234000000024]",4.57902797247921,"[4.152628889789522, 6.4116789754577574]",12,3,36,10000
gpu,ptsans,2,grid_unique_variations,sweep,32,3008,complete_us,master,current,1064.8561565,1196.6329375,1084.447875,1239.520172,102.40959399999997,"[36.72456250000005, 190.649766]",9.244302984099374,"[3.2103468952066616, 17.908035687956236]",12,3,36,10000
gpu,ptsans,2,grid_unique_variations,sweep,32,3008,draw_us,master,final,531.0488594999999,451.8509215,536.9225309999999,450.51423450000004,-77.57351549999998,"[-84.85553150000001, -68.046906]",-14.485011500035842,"[-15.941180253362742, -12.815568891722329]",12,3,36,10000
gpu,ptsans,2,grid_unique_variations,sweep,32,3008,submit_us,master,final,606.4544375,526.3463755,613.408172,523.9582809999999,-73.86003099999999,"[-84.72912500000001, -65.31182800000005]",-12.479463314365525,"[-13.782407041869554, -10.766628501397207]",12,3,36,10000
gpu,ptsans,2,grid_unique_variations,sweep,32,3008,complete_us,master,final,1064.8561565,1005.38275,1084.447875,973.0305625000001,-80.01489100000003,"[-118.13345300000003, 18.79106249999984]",-7.273301745138511,"[-10.861172613367064, 2.0430919450136535]",12,3,36,10000
gpu,ptsans,2,grid_unique_variations,sweep,32,3008,draw_us,master,route,531.0488594999999,467.98757850000004,536.9225309999999,468.2240155,-67.6960465,"[-72.72198400000005, -56.5285155]",-12.503373798416394,"[-13.568787465308862, -10.824601596254935]",12,3,36,10000
gpu,ptsans,2,grid_unique_variations,sweep,32,3008,submit_us,master,route,606.4544375,541.9459684999999,613.408172,541.9564215,-68.0221095,"[-77.72464050000002, -57.36314050000004]",-11.167654973778102,"[-12.282883352771057, -9.66132248261784]",12,3,36,10000
gpu,ptsans,2,grid_unique_variations,sweep,32,3008,complete_us,master,route,1064.8561565,997.455719,1084.447875,1002.8080004999999,-49.19196850000003,"[-137.36581249999995, -7.692171500000086]",-4.697738870290297,"[-11.383088844343032, -0.7192442883436789]",12,3,36,10000
gpu,ptsans,2,grid_unique_variations,sweep,32,3008,draw_us,current,final,561.2558750000001,451.8509215,561.8183595,450.51423450000004,-108.62109400000003,"[-124.31392150000002, -93.2532655]",-19.523292073997894,"[-20.97396740494445, -16.778033825928457]",12,3,36,10000
gpu,ptsans,2,grid_unique_variations,sweep,32,3008,submit_us,current,final,635.5214375,526.3463755,633.392578,523.9582809999999,-109.37159350000002,"[-117.347781, -84.48118749999998]",-17.435817572807935,"[-17.755485769562135, -13.445108683489199]",12,3,36,10000
gpu,ptsans,2,grid_unique_variations,sweep,32,3008,complete_us,current,final,1196.6329375,1005.38275,1239.520172,973.0305625000001,-213.61278149999998,"[-309.42699999999996, -24.11201600000004]",-17.20299804231929,"[-24.401264699900068, -1.3621843243340481]",12,3,36,10000
gpu,ptsans,2,grid_unique_variations,sweep,32,3008,draw_us,current,route,561.2558750000001,467.98757850000004,561.8183595,468.2240155,-93.141953,"[-107.34442200000004, -87.07806250000002]",-16.806882511667375,"[-18.462932869318635, -15.620371314326416]",12,3,36,10000
gpu,ptsans,2,grid_unique_variations,sweep,32,3008,submit_us,current,route,635.5214375,541.9459684999999,633.392578,541.9564215,-92.08209349999998,"[-109.73765600000002, -89.28760900000009]",-14.49088456073449,"[-16.811750218763578, -14.246524090417662]",12,3,36,10000
gpu,ptsans,2,grid_unique_variations,sweep,32,3008,complete_us,current,route,1196.6329375,997.455719,1239.520172,1002.8080004999999,-123.52348450000005,"[-298.9277035, -71.97459349999997]",-10.689064313717882,"[-23.27090559253518, -5.631623515971262]",12,3,36,10000
gpu,ptsans,2,grid_unique_variations,sweep,32,3008,draw_us,route,final,467.98757850000004,451.8509215,468.2240155,450.51423450000004,-15.765578000000005,"[-21.209750500000013, 1.3717344999999739]",-3.341977000858609,"[-4.55439287933026, 0.29681093012708937]",12,3,36,10000
gpu,ptsans,2,grid_unique_variations,sweep,32,3008,submit_us,route,final,541.9459684999999,526.3463755,541.9564215,523.9582809999999,-15.164656000000036,"[-21.792374499999937, 12.29696899999999]",-2.846030832089619,"[-4.063145506602522, 2.263061080455442]",12,3,36,10000
gpu,ptsans,2,grid_unique_variations,sweep,32,3008,complete_us,route,final,997.455719,1005.38275,1002.8080004999999,973.0305625000001,-27.786499999999933,"[-124.43037549999997, 159.6015314999999]",-2.8165974753733893,"[-10.733763048832035, 15.445698981578714]",12,3,36,10000
gpu,ptsans,2,text,first_paint,1,1253,draw_us,master,current,13202.8545,12453.146,13243.8755,12411.938,-847.0625,"[-936.0415000000003, -602.0834999999997]",-6.4281115801785305,"[-7.0029556620959665, -4.547797045586483]",12,3,36,10000
gpu,ptsans,2,text,first_paint,1,1253,submit_us,master,current,20389.500500000002,19456.8125,20232.3125,19351.0,-676.2914999999994,"[-1013.4580000000005, -284.7089999999989]",-3.383553445210419,"[-5.011431346855, -1.405275439557524]",12,3,36,10000
gpu,ptsans,2,text,first_paint,1,1253,complete_us,master,current,31812.958,30829.729,31647.0415,30826.4375,-594.8544999999995,"[-1197.4169999999995, -147.22849999999926]",-1.9333849899348055,"[-3.7114335927083184, -0.46426911902110457]",12,3,36,10000
gpu,ptsans,2,text,first_paint,1,1253,draw_us,master,final,13202.8545,12346.354,13243.8755,12335.1665,-870.4584999999988,"[-946.1239999999998, -731.3544999999995]",-6.564816319258648,"[-7.154373579010509, -5.495899920718189]",12,3,36,10000
gpu,ptsans,2,text,first_paint,1,1253,submit_us,master,final,20389.500500000002,19326.229,20232.3125,19251.458,-1044.4585000000006,"[-1372.811999999998, -502.1880000000001]",-5.162835548590323,"[-6.703760272697407, -2.5071615680822115]",12,3,36,10000
gpu,ptsans,2,text,first_paint,1,1253,complete_us,master,final,31812.958,30780.1665,31647.0415,30721.833,-818.0,"[-1420.9999999999982, 946.7290000000012]",-2.62164235027556,"[-4.4338191364967585, 3.0782721255977696]",12,3,36,10000
gpu,ptsans,2,text,first_paint,1,1253,draw_us,master,route,13202.8545,12463.9995,13243.8755,12415.7505,-843.5829999999996,"[-937.6459999999997, -645.6665000000003]",-6.397540697851934,"[-7.044711247927454, -4.916651722566335]",12,3,36,10000
gpu,ptsans,2,text,first_paint,1,1253,submit_us,master,route,20389.500500000002,19486.9375,20232.3125,19326.686999999998,-990.4994999999999,"[-1189.9169999999995, -160.45849999999882]",-4.892659392180354,"[-5.832672008184147, -0.8174702082687391]",12,3,36,10000
gpu,ptsans,2,text,first_paint,1,1253,complete_us,master,route,31812.958,30767.167,31647.0415,30739.354,-1258.8334999999988,"[-2047.8335000000006, 154.70850000000064]",-3.979731753929028,"[-6.404697440909146, 0.5427177434845221]",12,3,36,10000
gpu,ptsans,2,text,first_paint,1,1253,draw_us,current,final,12453.146,12346.354,12411.938,12335.1665,-45.35500000000047,"[-334.875, 139.8750000000009]",-0.3665660695897688,"[-2.691297321643271, 1.1236719059044664]",12,3,36,10000
gpu,ptsans,2,text,first_paint,1,1253,submit_us,current,final,19456.8125,19326.229,19351.0,19251.458,-170.20850000000064,"[-505.0209999999988, -52.22900000000118]",-0.8753491634127586,"[-2.5447665308318435, -0.2720291152803256]",12,3,36,10000
gpu,ptsans,2,text,first_paint,1,1253,complete_us,current,final,30829.729,30780.1665,30826.4375,30721.833,-147.47900000000118,"[-500.83350000000064, 694.9575000000023]",-0.49082894623150297,"[-1.5983607143711775, 2.2918233288128698]",12,3,36,10000
gpu,ptsans,2,text,first_paint,1,1253,draw_us,current,route,12453.146,12463.9995,12411.938,12415.7505,-6.29149999999936,"[-200.5624999999991, 182.8755000000001]",-0.050182826421935056,"[-1.561590554106268, 1.488141272109511]",12,3,36,10000
gpu,ptsans,2,text,first_paint,1,1253,submit_us,current,route,19456.8125,19486.9375,19351.0,19326.686999999998,-171.7505000000001,"[-492.77100000000064, 658.6670000000013]",-0.8835110427936166,"[-2.4819227077419734, 3.3632663305252386]",12,3,36,10000
gpu,ptsans,2,text,first_paint,1,1253,complete_us,current,route,30829.729,30767.167,30826.4375,30739.354,-519.1454999999987,"[-1062.6670000000013, 101.7505000000001]",-1.64817027516313,"[-3.462262832320495, 0.33406508506685917]",12,3,36,10000
gpu,ptsans,2,text,first_paint,1,1253,draw_us,route,final,12463.9995,12346.354,12415.7505,12335.1665,-151.95899999999983,"[-234.64599999999973, 7.375]",-1.2028961110926273,"[-1.8989678892817496, 0.057592337440032226]",12,3,36,10000
gpu,ptsans,2,text,first_paint,1,1253,submit_us,route,final,19486.9375,19326.229,19326.686999999998,19251.458,-186.22949999999946,"[-510.0005000000001, 26.04199999999946]",-0.962447195617433,"[-2.5037293916007397, 0.13466044728102644]",12,3,36,10000
gpu,ptsans,2,text,first_paint,1,1253,complete_us,route,final,30767.167,30780.1665,30739.354,30721.833,5.270499999998719,"[-369.3755000000001, 1174.8325000000004]",0.01598190544792044,"[-1.1928252381144921, 3.9667979480366045]",12,3,36,10000
gpu,ptsans,2,text,reflow,3,1,draw_us,master,current,2008.3748335,2022.5765000000001,2021.5763335000001,2024.9236664999999,0.20183350000002065,"[-10.63883300000009, 44.84716650000007]",0.012139684202200351,"[-0.5234167748946472, 2.227101773821072]",12,3,36,10000
gpu,ptsans,2,text,reflow,3,1,submit_us,master,current,2171.8331665,2195.312667,2178.979167,2193.138833,8.1528330000001,"[-2.3541669999999613, 53.798500000000104]",0.37955598141071745,"[-0.10725741594869165, 2.4749677161195915]",12,3,36,10000
gpu,ptsans,2,text,reflow,3,1,complete_us,master,current,2737.3608335,2760.9933334999996,2740.2221664999997,2759.4515,15.785333500000206,"[-5.305667000000085, 51.95116699999994]",0.5689675869773758,"[-0.19544084150684427, 1.8993612348377709]",12,3,36,10000
gpu,ptsans,2,text,reflow,3,1,draw_us,master,final,2008.3748335,2051.7151665,2021.5763335000001,2051.6386665,39.541499499999986,"[-3.3543335000000525, 48.03483349999988]",1.9735924234850044,"[-0.16834570357058265, 2.3604415023543712]",12,3,36,10000
gpu,ptsans,2,text,reflow,3,1,submit_us,master,final,2171.8331665,2218.625,2178.979167,2209.6526670000003,35.9996665000001,"[-0.8121670000000449, 49.319166500000165]",1.665135038272536,"[-0.03796926295142611, 2.2613935580962696]",12,3,36,10000
gpu,ptsans,2,text,reflow,3,1,complete_us,master,final,2737.3608335,2778.4651665,2740.2221664999997,2772.791333,22.840166499999896,"[-40.888499999999794, 51.270499999999856]",0.8351020904109885,"[-1.4740452272938465, 1.8929725916201345]",12,3,36,10000
gpu,ptsans,2,text,reflow,3,1,draw_us,master,route,2008.3748335,2046.763833,2021.5763335000001,2041.090333,12.257000000000062,"[-22.673667000000023, 50.06233350000002]",0.6137473268887139,"[-1.0929616509690265, 2.4758936476946714]",12,3,36,10000
gpu,ptsans,2,text,reflow,3,1,submit_us,master,route,2171.8331665,2214.0765,2178.979167,2205.9306665,12.687666499999978,"[-23.944500000000062, 55.90266650000012]",0.5892068487179936,"[-1.0685327313919246, 2.5587644400907883]",12,3,36,10000
gpu,ptsans,2,text,reflow,3,1,complete_us,master,route,2737.3608335,2760.6528335000003,2740.2221664999997,2758.6115,12.590333499999815,"[-34.423333500000126, 41.58983349999994]",0.4530729143748191,"[-1.2343437529257317, 1.531711776116862]",12,3,36,10000
gpu,ptsans,2,text,reflow,3,1,draw_us,current,final,2022.5765000000001,2051.7151665,2024.9236664999999,2051.6386665,27.652833500000042,"[-14.78483349999999, 59.215166499999896]",1.3844239350741305,"[-0.7210213986784619, 2.9619871209676907]",12,3,36,10000
gpu,ptsans,2,text,reflow,3,1,submit_us,current,final,2195.312667,2218.625,2193.138833,2209.6526670000003,22.49283300000002,"[-22.444166499999938, 59.222333500000104]",1.0435241566618902,"[-1.0007382955326771, 2.73456146978166]",12,3,36,10000
gpu,ptsans,2,text,reflow,3,1,complete_us,current,final,2760.9933334999996,2778.4651665,2759.4515,2772.791333,3.902499999999918,"[-48.076666499999874, 66.96499999999992]",0.14126672145492458,"[-1.7153612873897273, 2.4601608580320233]",12,3,36,10000
gpu,ptsans,2,text,reflow,3,1,draw_us,current,route,2022.5765000000001,2046.763833,2024.9236664999999,2041.090333,11.041666999999961,"[-0.59050000000002, 32.74316650000003]",0.5577590920804343,"[-0.030039933806397245, 1.6229860530424522]",12,3,36,10000
gpu,ptsans,2,text,reflow,3,1,submit_us,current,route,2195.312667,2214.0765,2193.138833,2205.9306665,8.798833499999773,"[-20.729166499999792, 26.916499499999873]",0.4057814275765126,"[-0.9247773324849495, 1.233643581774635]",12,3,36,10000
gpu,ptsans,2,text,reflow,3,1,complete_us,current,route,2760.9933334999996,2760.6528335000003,2759.4515,2758.6115,-2.492666500000041,"[-32.74983350000002, 14.513500500000191]",-0.09166935224280692,"[-1.1702306802794271, 0.5292702965573937]",12,3,36,10000
gpu,ptsans,2,text,reflow,3,1,draw_us,route,final,2046.763833,2051.7151665,2041.090333,2051.6386665,18.097167000000013,"[-15.125333999999953, 42.090166499999896]",0.8966108288231966,"[-0.7345669998775173, 2.093055353601936]",12,3,36,10000
gpu,ptsans,2,text,reflow,3,1,submit_us,route,final,2214.0765,2218.625,2205.9306665,2209.6526670000003,12.66666650000002,"[-16.7636665, 52.485833000000184]",0.5812831332061119,"[-0.7537581356501788, 2.4145586875195746]",12,3,36,10000
gpu,ptsans,2,text,reflow,3,1,complete_us,route,final,2760.6528335000003,2778.4651665,2758.6115,2772.791333,22.61083299999973,"[-48.541499999999814, 75.81216649999988]",0.8206504575600237,"[-1.7347498442603082, 2.748041058096251]",12,3,36,10000
gpu,ptsans,2,text,size_advance,12,5246,draw_us,master,current,6814.621542000001,6326.019083,6826.8420415,6326.019083,-577.9393749999999,"[-593.1283750000007, -438.63883350000015]",-8.490184642056747,"[-8.684706871453677, -6.51671658833145]",12,3,36,10000
gpu,ptsans,2,text,size_advance,12,5246,submit_us,master,current,6986.783042,6503.474,7009.513875,6503.474,-578.0625835000005,"[-592.6457919999998, -431.42191649999995]",-8.270492554918562,"[-8.4717929970838, -6.251878829194696]",12,3,36,10000
gpu,ptsans,2,text,size_advance,12,5246,complete_us,master,current,10248.033042,9522.744999999999,10248.033042,9525.756875,-665.0381669999997,"[-790.1251665, -369.0054999999993]",-6.544285463316657,"[-7.692982017154715, -3.710020262296565]",12,3,36,10000
gpu,ptsans,2,text,size_advance,12,5246,draw_us,master,final,6814.621542000001,6282.9115415,6826.8420415,6274.328125,-538.6632500000001,"[-614.5797915000003, -470.9357500000001]",-7.983236693577911,"[-8.717178031091787, -6.977327744462485]",12,3,36,10000
gpu,ptsans,2,text,size_advance,12,5246,submit_us,master,final,6986.783042,6462.7240415,7009.513875,6447.864625,-540.8957500000006,"[-632.5138749999996, -476.4339170000003]",-7.723468451848175,"[-8.730949221920536, -6.854365215452074]",12,3,36,10000
gpu,ptsans,2,text,size_advance,12,5246,complete_us,master,final,10248.033042,9605.187375,10248.033042,9462.243125,-602.5416670000004,"[-756.9929999999995, -539.7116669999996]",-5.9208655263605525,"[-7.321572190658349, -5.36548610046898]",12,3,36,10000
gpu,ptsans,2,text,size_advance,12,5246,draw_us,master,route,6814.621542000001,6348.2411250000005,6826.8420415,6386.1893335,-521.6459170000007,"[-588.8230000000003, -428.31074949999993]",-7.599664550194795,"[-8.532483142281277, -6.316072178756482]",12,3,36,10000
gpu,ptsans,2,text,size_advance,12,5246,submit_us,master,route,6986.783042,6526.017374999999,7009.513875,6570.472375,-525.3333335000002,"[-592.2466250000002, -431.09895849999975]",-7.5053873405967755,"[-8.410626149610401, -6.190374967828305]",12,3,36,10000
gpu,ptsans,2,text,size_advance,12,5246,complete_us,master,route,10248.033042,9677.9809165,10248.033042,9684.0469585,-464.9775834999991,"[-633.040083500001, -377.0312914999995]",-4.5552672132132095,"[-6.226585401546853, -3.6538955319777355]",12,3,36,10000
gpu,ptsans,2,text,size_advance,12,5246,draw_us,current,final,6326.019083,6282.9115415,6326.019083,6274.328125,37.82470850000027,"[-114.14933299999984, 113.56945799999994]",0.604379910395858,"[-1.7966041752841944, 1.862616825329555]",12,3,36,10000
gpu,ptsans,2,text,size_advance,12,5246,submit_us,current,final,6503.474,6462.7240415,6503.474,6447.864625,32.279625000000124,"[-129.42362500000036, 122.30391650000001]",0.502350360110182,"[-1.9786039372967579, 1.9542132963479286]",12,3,36,10000
gpu,ptsans,2,text,size_advance,12,5246,complete_us,current,final,9522.744999999999,9605.187375,9525.756875,9462.243125,-26.38170799999989,"[-196.07804150000084, 180.91183350000028]",-0.2811426980847187,"[-2.047517648266811, 1.953133358870629]",12,3,36,10000
gpu,ptsans,2,text,size_advance,12,5246,draw_us,current,route,6326.019083,6348.2411250000005,6326.019083,6386.1893335,56.38200000000006,"[10.840250000000196, 112.80733349999991]",0.9068182259326374,"[0.17324399917339472, 1.8204349628858196]",12,3,36,10000
gpu,ptsans,2,text,size_advance,12,5246,submit_us,current,route,6503.474,6526.017374999999,6503.474,6570.472375,61.63387499999999,"[0.3002915000001849, 113.33837499999981]",0.9634388265638227,"[0.007765815544713561, 1.7802576872382736]",12,3,36,10000
gpu,ptsans,2,text,size_advance,12,5246,complete_us,current,route,9522.744999999999,9677.9809165,9525.756875,9684.0469585,126.9984999999997,"[-47.4027500000002, 314.55720849999943]",1.3662452379984869,"[-0.48736965760822204, 3.328644265866265]",12,3,36,10000
gpu,ptsans,2,text,size_advance,12,5246,draw_us,route,final,6348.2411250000005,6282.9115415,6386.1893335,6274.328125,-25.718667000000096,"[-121.40458349999972, 27.668458499999815]",-0.4047697876542966,"[-1.914093694694713, 0.4352379193108935]",12,3,36,10000
gpu,ptsans,2,text,size_advance,12,5246,submit_us,route,final,6526.017374999999,6462.7240415,6570.472375,6447.864625,-26.90429200000017,"[-128.99658300000056, 39.62150000000065]",-0.41118146328744665,"[-1.9787172774406891, 0.6063149004552515]",12,3,36,10000
gpu,ptsans,2,text,size_advance,12,5246,complete_us,route,final,9677.9809165,9605.187375,9684.0469585,9462.243125,-169.84012499999972,"[-272.95483350000086, 94.10083300000042]",-1.7535004781004337,"[-2.837146455856093, 0.9657108566875849]",12,3,36,10000
gpu,ptsans,2,text,size_return,12,0,draw_us,master,current,261.203083,262.86975,262.5069585,263.5069585,-0.9219169999999934,"[-3.465208000000004, 5.4739999999999895]",-0.3588382905328924,"[-1.3267409485588355, 2.1173739593390417]",12,3,36,10000
gpu,ptsans,2,text,size_return,12,0,submit_us,master,current,418.64575,418.925375,420.82983349999995,420.7725,-2.3577080000000024,"[-6.451416999999992, 7.78970799999999]",-0.5601444157551261,"[-1.5225889436862539, 1.8846661175016877]",12,3,36,10000
gpu,ptsans,2,text,size_return,12,0,complete_us,master,current,843.6180830000001,829.217,843.6180830000001,851.899375,-18.059000000000026,"[-41.57650000000001, 8.960167000000013]",-2.0359120139941957,"[-4.848362566756381, 1.0740515100039372]",12,3,36,10000
gpu,ptsans,2,text,size_return,12,0,draw_us,master,final,261.203083,264.328125,262.5069585,263.93933300000003,2.7481244999999888,"[-2.2933334999999886, 8.631957999999969]",1.0484967457153993,"[-0.8684993037605504, 3.323102881392026]",12,3,36,10000
gpu,ptsans,2,text,size_return,12,0,submit_us,master,final,418.64575,420.04337499999997,420.82983349999995,422.93033349999996,-0.640500000000003,"[-10.904583000000002, 9.456291499999992]",-0.14003557093873464,"[-2.5494684036502067, 2.286056365827671]",12,3,36,10000
gpu,ptsans,2,text,size_return,12,0,complete_us,master,final,843.6180830000001,838.718667,843.6180830000001,857.9617920000001,-12.644042000000013,"[-52.75174999999996, 56.222333499999934]",-1.402771757386112,"[-6.19150665712469, 6.900634169647091]",12,3,36,10000
gpu,ptsans,2,text,size_return,12,0,draw_us,master,route,261.203083,263.914917,262.5069585,263.7413335,3.536499499999991,"[-0.8889585000000011, 5.993041000000005]",1.3764949599856524,"[-0.33623506202369313, 2.2575198702522448]",12,3,36,10000
gpu,ptsans,2,text,size_return,12,0,submit_us,master,route,418.64575,423.69266700000003,420.82983349999995,424.15616650000004,1.3299585000000036,"[-3.1545834999999727, 5.906207999999992]",0.3220627670000198,"[-0.7306327698784476, 1.4296060784290687]",12,3,36,10000
gpu,ptsans,2,text,size_return,12,0,complete_us,master,route,843.6180830000001,856.1405835,843.6180830000001,858.345417,6.9704170000000545,"[-71.46887500000003, 59.88379149999997]",0.8354891248234964,"[-8.520114402805078, 7.019548962005407]",12,3,36,10000
gpu,ptsans,2,text,size_return,12,0,draw_us,current,final,262.86975,264.328125,263.5069585,263.93933300000003,4.864666499999984,"[-2.7065829999999664, 11.864582999999996]",1.866229220539939,"[-1.0172516114522578, 4.608993080327261]",12,3,36,10000
gpu,ptsans,2,text,size_return,12,0,submit_us,current,final,418.925375,420.04337499999997,420.7725,422.93033349999996,5.218791999999979,"[-9.276041499999991, 17.350667000000016]",1.2823173069409055,"[-2.1808529003995325, 4.19520678681743]",12,3,36,10000
gpu,ptsans,2,text,size_return,12,0,complete_us,current,final,829.217,838.718667,851.899375,857.9617920000001,8.22933299999994,"[-12.345499500000017, 29.1822085]",0.9267765152893959,"[-1.5791487820162098, 3.3336376175998605]",12,3,36,10000
gpu,ptsans,2,text,size_return,12,0,draw_us,current,route,262.86975,263.914917,263.5069585,263.7413335,3.3541665000000194,"[-0.8019584999999836, 8.638874499999986]",1.2802411960888826,"[-0.2997106326097898, 3.278239621301382]",12,3,36,10000
gpu,ptsans,2,text,size_return,12,0,submit_us,current,route,418.925375,423.69266700000003,420.7725,424.15616650000004,5.454917000000023,"[2.1857909999999947, 11.034875]",1.3129246064865319,"[0.5179220847505772, 2.703361485069511]",12,3,36,10000
gpu,ptsans,2,text,size_return,12,0,complete_us,current,route,829.217,856.1405835,851.899375,858.345417,11.680416999999977,"[-83.8038335, 69.22925000000004]",1.420286243549157,"[-9.472027453757264, 8.24146047939822]",12,3,36,10000
gpu,ptsans,2,text,size_return,12,0,draw_us,route,final,263.914917,264.328125,263.7413335,263.93933300000003,-1.1736244999999883,"[-3.4947085000000015, 3.1145415000000014]",-0.44570141099388727,"[-1.295506550616221, 1.1922486950148414]",12,3,36,10000
gpu,ptsans,2,text,size_return,12,0,submit_us,route,final,423.69266700000003,420.04337499999997,424.15616650000004,422.93033349999996,-1.8299995000000138,"[-9.814416000000023, 4.75]",-0.43404732817473035,"[-2.3133356315510722, 1.13075351997326]",12,3,36,10000
gpu,ptsans,2,text,size_return,12,0,complete_us,route,final,856.1405835,838.718667,858.345417,857.9617920000001,28.35250000000002,"[-90.45670849999999, 94.60612449999991]",3.346374922546169,"[-10.082920003993458, 11.816367992298138]",12,3,36,10000
gpu,ptsans,2,text,warm,30,0,draw_us,master,current,235.00345,238.32156650000002,234.4992165,237.62435,0.9702835000000078,"[-0.4743504999999999, 5.805599999999998]",0.41255003043089156,"[-0.20069193360076065, 2.477511660195708]",12,3,36,10000
gpu,ptsans,2,text,warm,30,0,submit_us,master,current,354.6027835,356.73325,355.074983,355.6223165,2.25630000000001,"[-3.4158500000000345, 4.347166500000014]",0.6443054633248346,"[-0.9538947547182985, 1.2250476615190298]",12,3,36,10000
gpu,ptsans,2,text,warm,30,0,complete_us,master,current,620.2743335,631.821533,617.2910835,630.807,12.202666000000022,"[-13.27783299999993, 45.621500000000026]",2.017962841569265,"[-2.1262344930611468, 7.441952591851442]",12,3,36,10000
gpu,ptsans,2,text,warm,30,0,draw_us,master,final,235.00345,241.55075,234.4992165,241.8173835,6.632666499999999,"[5.514599500000003, 8.138816500000004]",2.804709789616855,"[2.331577924566375, 3.4873146843492853]",12,3,36,10000
gpu,ptsans,2,text,warm,30,0,submit_us,master,final,354.6027835,360.8562835,355.074983,361.0375665,6.197983499999992,"[2.9452835000000164, 8.3223835]",1.7246420298438148,"[0.8326576133141472, 2.376095415776036]",12,3,36,10000
gpu,ptsans,2,text,warm,30,0,complete_us,master,final,620.2743335,622.8603499999999,617.2910835,625.2319669999999,11.206067000000019,"[-11.25208299999997, 21.13824950000003]",1.855607599232012,"[-1.744142572857288, 3.458013587472686]",12,3,36,10000
gpu,ptsans,2,text,warm,30,0,draw_us,master,route,235.00345,241.4576335,234.4992165,241.9673665,6.523449499999998,"[5.402066500000004, 13.91040000000001]",2.7824083291038137,"[2.3095306869241217, 5.8695682040519115]",12,3,36,10000
gpu,ptsans,2,text,warm,30,0,submit_us,master,route,354.6027835,360.802783,355.074983,361.000683,7.821466500000014,"[5.6951669999999694, 17.775683499999985]",2.2199117701584004,"[1.617098115897131, 4.929452563540504]",12,3,36,10000
gpu,ptsans,2,text,warm,30,0,complete_us,master,route,620.2743335,626.901433,617.2910835,634.4589665,6.9103170000000205,"[-2.029699999999991, 42.69018349999999]",1.1340529427879775,"[-0.3189287746343916, 6.936056953519698]",12,3,36,10000
gpu,ptsans,2,text,warm,30,0,draw_us,current,final,238.32156650000002,241.55075,237.62435,241.8173835,5.250050000000016,"[1.409832999999992, 6.347182999999987]",2.2033174125240196,"[0.5901638438874035, 2.6671928410685886]",12,3,36,10000
gpu,ptsans,2,text,warm,30,0,submit_us,current,final,356.73325,360.8562835,355.6223165,361.0375665,5.430483500000008,"[2.6250000000000284, 8.348600000000005]",1.5268680732970386,"[0.7417062368188843, 2.320609652517769]",12,3,36,10000
gpu,ptsans,2,text,warm,30,0,complete_us,current,final,631.821533,622.8603499999999,630.807,625.2319669999999,-1.2576665000000844,"[-31.07711649999999, 12.213833499999964]",-0.20539678111842763,"[-4.7126080665090555, 1.938292374616224]",12,3,36,10000
gpu,ptsans,2,text,warm,30,0,draw_us,current,route,238.32156650000002,241.4576335,237.62435,241.9673665,3.4097004999999854,"[0.6076829999999944, 11.333300000000008]",1.4241373248942701,"[0.25620797013052865, 4.768672477732327]",12,3,36,10000
gpu,ptsans,2,text,warm,30,0,submit_us,current,route,356.73325,360.802783,355.6223165,361.000683,5.159632999999985,"[2.7311835000000144, 19.392432999999983]",1.458937689075146,"[0.7652398727448828, 5.45592663271196]",12,3,36,10000
gpu,ptsans,2,text,warm,30,0,complete_us,current,route,631.821533,626.901433,630.807,634.4589665,-11.052250000000015,"[-38.466650000000016, 40.028283499999986]",-1.745340920654448,"[-5.834912942511611, 6.598203283644944]",12,3,36,10000
gpu,ptsans,2,text,warm,30,0,draw_us,route,final,241.4576335,241.55075,241.9673665,241.8173835,-0.4534334999999885,"[-5.295800000000014, 1.1347834999999975]",-0.18700477000621052,"[-2.068581608867659, 0.472556643944988]",12,3,36,10000
gpu,ptsans,2,text,warm,30,0,submit_us,route,final,360.802783,360.8562835,361.000683,361.0375665,-2.829182999999972,"[-9.695232999999973, 1.2514830000000075]",-0.7850167473802461,"[-2.5197934850332118, 0.35092140827758245]",12,3,36,10000
gpu,ptsans,2,text,warm,30,0,complete_us,route,final,626.901433,622.8603499999999,634.4589665,625.2319669999999,6.150649999999985,"[-30.29171649999995, 12.839166500000033]",0.9985434544581451,"[-4.653926636622502, 2.034791640560951]",12,3,36,10000
gpu,ptsans,2,text,x_advance,10,614,draw_us,master,current,613.8875,537.4854,613.8875,538.16455,-74.96045000000004,"[-89.92914999999999, -67.30845]",-12.238767862468723,"[-14.42157845110198, -11.113344400756365]",12,3,36,10000
gpu,ptsans,2,text,x_advance,10,614,submit_us,master,current,781.49765,702.35635,786.2334,703.6146,-78.52289999999999,"[-93.35004999999995, -66.15844999999996]",-9.984238303215854,"[-11.790530538663408, -8.579131645226173]",12,3,36,10000
gpu,ptsans,2,text,x_advance,10,614,complete_us,master,current,1359.7833500000002,1265.92705,1372.1521,1259.1979000000001,-105.1065000000001,"[-176.97905000000003, -27.135600000000068]",-7.768390698884559,"[-12.776251804485822, -2.0438564144802607]",12,3,36,10000
gpu,ptsans,2,text,x_advance,10,614,draw_us,master,final,613.8875,539.4084,613.8875,540.2584,-68.47919999999993,"[-82.20210000000003, -59.787450000000035]",-11.256019162068942,"[-13.31530227190228, -9.838837117404104]",12,3,36,10000
gpu,ptsans,2,text,x_advance,10,614,submit_us,master,final,781.49765,707.45825,786.2334,709.8875,-71.05834999999996,"[-89.47905000000003, -59.84379999999999]",-9.037695348686098,"[-11.341287061580445, -7.727949302753007]",12,3,36,10000
gpu,ptsans,2,text,x_advance,10,614,complete_us,master,final,1359.7833500000002,1258.4354,1372.1521,1262.36455,-124.2106,"[-177.78955000000008, -70.32920000000001]",-8.981439947063851,"[-12.522415353175148, -5.190167614567059]",12,3,36,10000
gpu,ptsans,2,text,x_advance,10,614,draw_us,master,route,613.8875,542.8396,613.8875,544.7978499999999,-64.82715000000002,"[-81.13350000000003, -55.63945000000001]",-10.731262503369859,"[-12.90735314710974, -9.201600847966539]",12,3,36,10000
gpu,ptsans,2,text,x_advance,10,614,submit_us,master,route,781.49765,709.496,786.2334,711.06035,-68.05200000000002,"[-82.76449999999994, -54.79145]",-8.812410617710182,"[-10.483036419234864, -7.1254379556506535]",12,3,36,10000
gpu,ptsans,2,text,x_advance,10,614,complete_us,master,route,1359.7833500000002,1280.31255,1372.1521,1280.31255,-93.91049999999996,"[-202.0231, 73.47924999999998]",-6.998112636268051,"[-12.914271118918569, 5.3922992411524096]",12,3,36,10000
gpu,ptsans,2,text,x_advance,10,614,draw_us,current,final,537.4854,539.4084,538.16455,540.2584,4.502049999999997,"[-4.98739999999998, 13.616550000000075]",0.8522698412802954,"[-0.9074015129704793, 2.566455926267519]",12,3,36,10000
gpu,ptsans,2,text,x_advance,10,614,submit_us,current,final,702.35635,707.45825,703.6146,709.8875,6.577150000000017,"[-5.154200000000003, 15.666650000000004]",0.9481112607039988,"[-0.7276702449338646, 2.246367757529577]",12,3,36,10000
gpu,ptsans,2,text,x_advance,10,614,complete_us,current,final,1265.92705,1258.4354,1259.1979000000001,1262.36455,-3.5625,"[-54.95195000000001, 32.368400000000065]",-0.28081734560533866,"[-4.273425293072858, 2.63318544896336]",12,3,36,10000
gpu,ptsans,2,text,x_advance,10,614,draw_us,current,route,537.4854,542.8396,538.16455,544.7978499999999,6.4687000000000126,"[2.1978500000000167, 13.941599999999994]",1.2296658826406626,"[0.4022746221846951, 2.6268489030181863]",12,3,36,10000
gpu,ptsans,2,text,x_advance,10,614,submit_us,current,route,702.35635,709.496,703.6146,711.06035,6.768849999999986,"[-3.2540499999999497, 20.66655000000003]",0.9689849789713212,"[-0.4559482002791049, 2.959221613028462]",12,3,36,10000
gpu,ptsans,2,text,x_advance,10,614,complete_us,current,route,1265.92705,1280.31255,1259.1979000000001,1280.31255,28.543800000000033,"[-28.472999999999956, 150.5479499999999]",2.300821789606333,"[-2.2639033372741757, 12.050168847992447]",12,3,36,10000
gpu,ptsans,2,text,x_advance,10,614,draw_us,route,final,542.8396,539.4084,544.7978499999999,540.2584,-4.847699999999975,"[-21.59790000000004, 4.475149999999985]",-0.8927820560384381,"[-3.881084542629887, 0.8254198081742103]",12,3,36,10000
gpu,ptsans,2,text,x_advance,10,614,submit_us,route,final,709.496,707.45825,711.06035,709.8875,-8.210399999999993,"[-28.43135000000001, 9.30619999999999]",-1.1512125388549455,"[-3.9075381113835848, 1.3258508102107491]",12,3,36,10000
gpu,ptsans,2,text,x_advance,10,614,complete_us,route,final,1280.31255,1258.4354,1280.31255,1262.36455,8.158149999999864,"[-152.79985, 50.3605500000001]",0.6838165847647848,"[-10.603944986781327, 4.13638414842854]",12,3,36,10000
gpu,ptsans,2,text,x_return,10,0,draw_us,master,current,242.32704999999999,242.4562,242.92485,242.2875,1.2271499999999946,"[-3.3561499999999995, 4.426850000000002]",0.5071988802762828,"[-1.3749663409244328, 1.836060976914844]",12,3,36,10000
gpu,ptsans,2,text,x_return,10,0,submit_us,master,current,416.2021,414.8938,414.66675,414.8938,1.5272000000000219,"[-6.6039499999999975, 6.753900000000016]",0.374805737652284,"[-1.5634128093053146, 1.628307876832491]",12,3,36,10000
gpu,ptsans,2,text,x_return,10,0,complete_us,master,current,685.69605,684.4626499999999,683.5876499999999,684.4626499999999,4.037599999999998,"[-24.978999999999928, 26.545649999999966]",0.5681157434007433,"[-3.6045704982027917, 3.889170494056504]",12,3,36,10000
gpu,ptsans,2,text,x_return,10,0,draw_us,master,final,242.32704999999999,246.3937,242.92485,246.76255,4.679150000000007,"[2.05834999999999, 7.595949999999988]",1.941863786783904,"[0.8372145218637717, 3.181855143163881]",12,3,36,10000
gpu,ptsans,2,text,x_return,10,0,submit_us,master,final,416.2021,416.84590000000003,414.66675,417.3395,3.2104500000000087,"[-2.6622999999999877, 10.208500000000015]",0.7786080098045933,"[-0.6356071497954585, 2.485569071038607]",12,3,36,10000
gpu,ptsans,2,text,x_return,10,0,complete_us,master,final,685.69605,693.7271499999999,683.5876499999999,693.7271499999999,5.045900000000017,"[-16.68349999999998, 35.37479999999994]",0.7318126835092809,"[-2.4042051729939895, 5.251937943233309]",12,3,36,10000
gpu,ptsans,2,text,x_return,10,0,draw_us,master,route,242.32704999999999,247.51245,242.92485,248.01665,4.043799999999976,"[3.6916499999999814, 8.452000000000012]",1.6736547492673615,"[1.5075281271381247, 3.5323940563215306]",12,3,36,10000
gpu,ptsans,2,text,x_return,10,0,submit_us,master,route,416.2021,417.7667,414.66675,421.752,6.270800000000037,"[1.135549999999995, 11.920749999999998]",1.5338455258898875,"[0.278121434107681, 2.9031365077758386]",12,3,36,10000
gpu,ptsans,2,text,x_return,10,0,complete_us,master,route,685.69605,699.6667,683.5876499999999,700.1269,18.26030000000003,"[-2.0623999999999683, 33.40854999999999]",2.6230824655351426,"[-0.30893153013947794, 4.977235351346387]",12,3,36,10000
gpu,ptsans,2,text,x_return,10,0,draw_us,current,final,242.4562,246.3937,242.2875,246.76255,5.916650000000004,"[-1.9187000000000012, 7.5438000000000045]",2.47881950309381,"[-0.7780103399597171, 3.1206681203863385]",12,3,36,10000
gpu,ptsans,2,text,x_return,10,0,submit_us,current,final,414.8938,416.84590000000003,414.8938,417.3395,4.145999999999987,"[-4.59375, 7.256249999999994]",1.0138716455400099,"[-1.1056475862163406, 1.7750618660437034]",12,3,36,10000
gpu,ptsans,2,text,x_return,10,0,complete_us,current,final,684.4626499999999,693.7271499999999,684.4626499999999,693.7271499999999,12.19565,"[-36.45640000000003, 32.86444999999998]",1.796266818990977,"[-5.179219562688359, 4.973019871789819]",12,3,36,10000
gpu,ptsans,2,text,x_return,10,0,draw_us,current,route,242.4562,247.51245,242.2875,248.01665,2.897900000000007,"[1.720950000000002, 8.614599999999996]",1.1992677657054251,"[0.71055875356133, 3.5596146446479238]",12,3,36,10000
gpu,ptsans,2,text,x_return,10,0,submit_us,current,route,414.8938,417.7667,414.8938,421.752,6.162550000000039,"[0.025100000000009004, 12.041699999999992]",1.5065336115642203,"[0.003503804891547002, 2.9561761038405465]",12,3,36,10000
gpu,ptsans,2,text,x_return,10,0,complete_us,current,route,684.4626499999999,699.6667,684.4626499999999,700.1269,5.0583500000000186,"[-10.893849999999986, 43.07099999999997]",0.7817981985985489,"[-1.5256852258541675, 6.499828133381758]",12,3,36,10000
gpu,ptsans,2,text,x_return,10,0,draw_us,route,final,247.51245,246.3937,248.01665,246.76255,-0.7582499999999897,"[-5.1728999999999985, 3.7541999999999973]",-0.307107643255361,"[-2.0781440889129197, 1.5431384858619168]",12,3,36,10000
gpu,ptsans,2,text,x_return,10,0,submit_us,route,final,417.7667,416.84590000000003,421.752,417.3395,-2.279350000000022,"[-9.747749999999996, 4.995900000000006]",-0.5364638594278714,"[-2.305375526409359, 1.1911857405136228]",12,3,36,10000
gpu,ptsans,2,text,x_return,10,0,complete_us,route,final,699.6667,693.7271499999999,700.1269,693.7271499999999,-1.4165500000000293,"[-34.08345000000003, 21.108249999999998]",-0.18675987566224017,"[-4.814977015716504, 3.1425689815711366]",12,3,36,10000
gpu,ptsans,2,text,y_advance,10,0,draw_us,master,current,235.4835,238.2457,235.11874999999998,238.4645,4.0896999999999935,"[1.247850000000014, 9.143749999999997]",1.728390695152071,"[0.5261072940585421, 3.8885367269044235]",12,3,36,10000
gpu,ptsans,2,text,y_advance,10,0,submit_us,master,current,356.4961,357.92475,355.42515000000003,358.80395,4.38949999999997,"[0.33729999999999905, 7.316849999999988]",1.2379162662279675,"[0.09430915684374153, 2.081624160634321]",12,3,36,10000
gpu,ptsans,2,text,y_advance,10,0,complete_us,master,current,622.8418,624.19995,622.8418,623.4458500000001,-9.16455000000002,"[-43.466499999999996, 49.68160000000006]",-1.4396718017037402,"[-6.64887823890547, 8.159857097161993]",12,3,36,10000
gpu,ptsans,2,text,y_advance,10,0,draw_us,master,final,235.4835,241.9377,235.11874999999998,242.05630000000002,6.824950000000001,"[5.414349999999999, 9.722799999999992]",2.9051576464045437,"[2.292283789164007, 4.161905257748089]",12,3,36,10000
gpu,ptsans,2,text,y_advance,10,0,submit_us,master,final,356.4961,362.3479,355.42515000000003,362.76245,5.601950000000016,"[4.1688000000000045, 9.810349999999971]",1.5730620554520902,"[1.1671091347717044, 2.7748383398640497]",12,3,36,10000
gpu,ptsans,2,text,y_advance,10,0,complete_us,master,final,622.8418,630.87725,622.8418,627.3561500000001,6.512699999999995,"[-32.28310000000005, 38.00214999999997]",1.0794220351524997,"[-4.965664017407484, 6.401181751737573]",12,3,36,10000
gpu,ptsans,2,text,y_advance,10,0,draw_us,master,route,235.4835,243.67705,235.11874999999998,244.11235,8.420950000000005,"[5.324950000000001, 14.016350000000003]",3.551019067830663,"[2.255344246630031, 6.007252023905007]",12,3,36,10000
gpu,ptsans,2,text,y_advance,10,0,submit_us,master,route,356.4961,364.4853,355.42515000000003,365.83335,9.137249999999995,"[8.033500000000004, 18.779149999999987]",2.5744604750126854,"[2.2702811483153007, 5.281822152834536]",12,3,36,10000
gpu,ptsans,2,text,y_advance,10,0,complete_us,master,route,622.8418,629.5124000000001,622.8418,629.5124000000001,-2.4124499999999784,"[-27.43745000000007, 46.20814999999999]",-0.37959169220416755,"[-4.2090628470266624, 7.528880502003322]",12,3,36,10000
gpu,ptsans,2,text,y_advance,10,0,draw_us,current,final,238.2457,241.9377,238.4645,242.05630000000002,3.5918000000000063,"[-0.9418000000000006, 5.901949999999999]",1.5064245587336766,"[-0.3735087589450181, 2.4795464286575863]",12,3,36,10000
gpu,ptsans,2,text,y_advance,10,0,submit_us,current,final,357.92475,362.3479,358.80395,362.76245,1.0914999999999964,"[-0.9269999999999641, 6.01460000000003]",0.3065474071422436,"[-0.2527362825975821, 1.6800332886195979]",12,3,36,10000
gpu,ptsans,2,text,y_advance,10,0,complete_us,current,final,624.19995,630.87725,623.4458500000001,627.3561500000001,8.104199999999992,"[-43.168900000000065, 18.879099999999937]",1.308784398456042,"[-6.5481296440319525, 3.0083581749659416]",12,3,36,10000
gpu,ptsans,2,text,y_advance,10,0,draw_us,current,route,238.2457,243.67705,238.4645,244.11235,4.727149999999995,"[-2.9628000000000014, 8.939250000000001]",1.988566669168268,"[-1.1919131340296485, 3.75864086489196]",12,3,36,10000
gpu,ptsans,2,text,y_advance,10,0,submit_us,current,route,357.92475,364.4853,358.80395,365.83335,5.812600000000032,"[-4.5040500000000065, 14.754449999999991]",1.6243984752157825,"[-1.2298191338938613, 4.144718108787293]",12,3,36,10000
gpu,ptsans,2,text,y_advance,10,0,complete_us,current,route,624.19995,629.5124000000001,623.4458500000001,629.5124000000001,2.222849999999994,"[-31.968999999999994, 19.231149999999957]",0.3646788687814151,"[-5.040635849741709, 3.1638232830928814]",12,3,36,10000
gpu,ptsans,2,text,y_advance,10,0,draw_us,route,final,243.67705,241.9377,244.11235,242.05630000000002,-1.8480499999999864,"[-4.5456999999999965, 2.5876499999999965]",-0.754822801579158,"[-1.8293652461029652, 1.083360102182529]",12,3,36,10000
gpu,ptsans,2,text,y_advance,10,0,submit_us,route,final,364.4853,362.3479,365.83335,362.76245,-4.48739999999998,"[-10.404349999999994, 3.3145000000000095]",-1.2170685445107743,"[-2.789842410454113, 0.9214653291996777]",12,3,36,10000
gpu,ptsans,2,text,y_advance,10,0,complete_us,route,final,629.5124000000001,630.87725,629.5124000000001,627.3561500000001,1.3707499999999868,"[-28.639499999999998, 13.339699999999993]",0.22745282259573063,"[-4.488367901630635, 2.0419850158327923]",12,3,36,10000
gpu,stock,2,demo,first_paint,1,262,draw_us,master,current,2235.8955,2225.208,2226.9375,2201.25,5.4370000000001255,"[-29.770999999999958, 52.72850000000017]",0.2508094996050758,"[-1.353262127947863, 2.4440407477594905]",12,3,36,10000
gpu,stock,2,demo,first_paint,1,262,submit_us,master,current,7831.979,7730.4375,7831.979,7695.916499999999,72.04150000000027,"[-240.54149999999981, 317.68799999999965]",0.9641052691349739,"[-3.0231180119488332, 4.037107658099837]",12,3,36,10000
gpu,stock,2,demo,first_paint,1,262,complete_us,master,current,10539.0005,10788.875,10274.979,10721.812,657.5204999999996,"[-365.8130000000001, 1144.313]",6.693699966110312,"[-3.2576916406756085, 11.932038716793913]",12,3,36,10000
gpu,stock,2,demo,first_paint,1,262,draw_us,master,final,2235.8955,2203.667,2226.9375,2172.75,-42.104499999999916,"[-57.791999999999916, 20.104000000000042]",-1.89089220899748,"[-2.5624261622590905, 0.934960291837772]",12,3,36,10000
gpu,stock,2,demo,first_paint,1,262,submit_us,master,final,7831.979,7759.6875,7831.979,7707.6245,-53.791999999999916,"[-288.68799999999965, 335.4590000000003]",-0.6847913899085956,"[-3.720433066558415, 4.251157787513071]",12,3,36,10000
gpu,stock,2,demo,first_paint,1,262,complete_us,master,final,10539.0005,10636.8755,10274.979,10602.7085,-121.8125,"[-800.6039999999994, 1258.1464999999998]",-1.3531482403067785,"[-7.428941528042005, 13.426501264818057]",12,3,36,10000
gpu,stock,2,demo,first_paint,1,262,draw_us,master,route,2235.8955,2207.0625,2226.9375,2198.7495,3.041500000000042,"[-121.14649999999983, 214.18799999999987]",0.14939846830321346,"[-5.301741556537126, 9.632762015232233]",12,3,36,10000
gpu,stock,2,demo,first_paint,1,262,submit_us,master,route,7831.979,7761.0205,7831.979,7739.353999999999,70.60449999999992,"[-365.7289999999998, 493.7289999999998]",0.8957799104850062,"[-4.635360689078394, 6.700122308471046]",12,3,36,10000
gpu,stock,2,demo,first_paint,1,262,complete_us,master,route,10539.0005,10851.104,10274.979,10851.104,852.8130000000001,"[67.35400000000027, 1486.7919999999995]",8.606366243320707,"[0.6432113608718537, 14.847052392704473]",12,3,36,10000
gpu,stock,2,demo,first_paint,1,262,draw_us,current,final,2225.208,2203.667,2201.25,2172.75,-47.10350000000017,"[-100.89599999999996, 67.54150000000004]",-2.0894642123766682,"[-4.4983806281128915, 3.1351179379350502]",12,3,36,10000
gpu,stock,2,demo,first_paint,1,262,submit_us,current,final,7730.4375,7759.6875,7695.916499999999,7707.6245,-99.02100000000019,"[-378.6875, 419.5630000000001]",-1.2914864398387016,"[-4.606974163960636, 5.437467367363557]",12,3,36,10000
gpu,stock,2,demo,first_paint,1,262,complete_us,current,final,10788.875,10636.8755,10721.812,10602.7085,-422.75,"[-1158.812, 731.8340000000007]",-4.096932915134483,"[-10.359060202854238, 6.74845895139502]",12,3,36,10000
gpu,stock,2,demo,first_paint,1,262,draw_us,current,route,2225.208,2207.0625,2201.25,2198.7495,-17.624500000000126,"[-127.79150000000004, 223.8125]",-0.8066075153799868,"[-5.609794982429517, 10.142674865869694]",12,3,36,10000
gpu,stock,2,demo,first_paint,1,262,submit_us,current,route,7730.4375,7761.0205,7695.916499999999,7739.353999999999,48.5005000000001,"[-403.2294999999999, 362.5835000000002]",0.6535682999448345,"[-4.997854024254622, 4.533600225440093]",12,3,36,10000
gpu,stock,2,demo,first_paint,1,262,complete_us,current,route,10788.875,10851.104,10721.812,10851.104,-133.29149999999936,"[-239.375, 602.8329999999996]",-1.2065755215716234,"[-2.1884997552402696, 5.989212806429755]",12,3,36,10000
gpu,stock,2,demo,first_paint,1,262,draw_us,route,final,2207.0625,2203.667,2198.7495,2172.75,-44.16650000000004,"[-177.0, 39.20849999999996]",-2.0189177764832755,"[-7.22158323886447, 1.836024949399312]",12,3,36,10000
gpu,stock,2,demo,first_paint,1,262,submit_us,route,final,7761.0205,7759.6875,7739.353999999999,7707.6245,42.9369999999999,"[-272.75049999999965, 354.56250000000045]",0.567663707360655,"[-3.496033364388751, 4.495947310300641]",12,3,36,10000
gpu,stock,2,demo,first_paint,1,262,complete_us,route,final,10851.104,10636.8755,10851.104,10602.7085,-332.39549999999963,"[-1246.6034999999993, 255.5004999999992]",-3.0269643692042214,"[-11.868164254181902, 2.3832262804508564]",12,3,36,10000
gpu,stock,2,demo,pan,10,0,draw_us,master,current,212.72505,213.49795,212.72505,213.3459,0.02724999999999511,"[-3.4102999999999923, 3.5935500000000076]",0.004691327059969108,"[-1.5972385806244993, 1.6957763546836313]",12,3,36,10000
gpu,stock,2,demo,pan,10,0,submit_us,master,current,550.1645,547.49585,548.11245,546.80005,-0.6061999999999443,"[-4.2082000000000335, 4.5478500000000395]",-0.11120210938312947,"[-0.7789951528440753, 0.8351291166642905]",12,3,36,10000
gpu,stock,2,demo,pan,10,0,complete_us,master,current,881.5313,890.87285,880.30205,891.20625,3.583500000000015,"[-16.347699999999975, 39.575000000000045]",0.4285903657530732,"[-1.803174572804861, 4.5775499600160146]",12,3,36,10000
gpu,stock,2,demo,pan,10,0,draw_us,master,final,212.72505,214.37290000000002,212.72505,214.37290000000002,0.2356500000000068,"[-1.1186999999999898, 8.093850000000018]",0.1118736416361954,"[-0.5286644842420252, 3.8033509652104613]",12,3,36,10000
gpu,stock,2,demo,pan,10,0,submit_us,master,final,550.1645,551.91675,548.11245,554.8333,-0.6208000000000311,"[-3.3041999999999803, 14.096050000000048]",-0.11459993222319165,"[-0.5973553048664926, 2.5435517778849004]",12,3,36,10000
gpu,stock,2,demo,pan,10,0,complete_us,master,final,881.5313,901.1668,880.30205,896.4897000000001,13.196000000000083,"[-7.989550000000008, 33.58765]",1.503649297720977,"[-0.8859433114536408, 3.8327759953074247]",12,3,36,10000
gpu,stock,2,demo,pan,10,0,draw_us,master,route,212.72505,214.68124999999998,212.72505,215.43945,2.847750000000005,"[-1.0895500000000027, 4.818700000000007]",1.3392567632235397,"[-0.506714514484552, 2.2649888634580284]",12,3,36,10000
gpu,stock,2,demo,pan,10,0,submit_us,master,route,550.1645,552.2311500000001,548.11245,552.79785,4.995750000000044,"[-2.125000000000057, 13.72520000000003]",0.9174375880589447,"[-0.3855571797637791, 2.5147024104396065]",12,3,36,10000
gpu,stock,2,demo,pan,10,0,complete_us,master,route,881.5313,888.2749,880.30205,888.2749,13.478999999999985,"[-4.943749999999966, 24.27075000000002]",1.5476064036509807,"[-0.5463265249394778, 2.8103920367956503]",12,3,36,10000
gpu,stock,2,demo,pan,10,0,draw_us,current,final,213.49795,214.37290000000002,213.3459,214.37290000000002,1.5165499999999952,"[-1.066849999999988, 3.4731499999999897]",0.7223935172609219,"[-0.4870825297804138, 1.6597822834489073]",12,3,36,10000
gpu,stock,2,demo,pan,10,0,submit_us,current,final,547.49585,551.91675,546.80005,554.8333,2.5414499999999975,"[-3.4916500000000497, 10.664600000000007]",0.4579383592991815,"[-0.641689350152369, 1.957075108228079]",12,3,36,10000
gpu,stock,2,demo,pan,10,0,complete_us,current,final,890.87285,901.1668,891.20625,896.4897000000001,1.0231000000000563,"[-7.774850000000015, 8.558299999999974]",0.11589328801737686,"[-0.881739442239099, 0.9719597230429922]",12,3,36,10000
gpu,stock,2,demo,pan,10,0,draw_us,current,route,213.49795,214.68124999999998,213.3459,215.43945,-0.21044999999999447,"[-1.7438999999999965, 4.4456500000000005]",-0.0940647622805213,"[-0.8147892617195951, 2.12998412646358]",12,3,36,10000
gpu,stock,2,demo,pan,10,0,submit_us,current,route,547.49585,552.2311500000001,546.80005,552.79785,2.6187999999999647,"[-4.970850000000098, 11.278950000000066]",0.48328806386218615,"[-0.9015580165666615, 2.108130524047336]",12,3,36,10000
gpu,stock,2,demo,pan,10,0,complete_us,current,route,890.87285,888.2749,891.20625,888.2749,-1.5582000000000562,"[-13.108550000000037, 22.572799999999972]",-0.1708132473535795,"[-1.4711039012544114, 2.605001461626666]",12,3,36,10000
gpu,stock,2,demo,pan,10,0,draw_us,route,final,214.68124999999998,214.37290000000002,215.43945,214.37290000000002,0.46255000000000734,"[-3.274950000000004, 5.535600000000002]",0.21320038653749873,"[-1.5266942209681333, 2.5834622377995498]",12,3,36,10000
gpu,stock,2,demo,pan,10,0,submit_us,route,final,552.2311500000001,551.91675,552.79785,554.8333,1.5811500000000933,"[-8.504050000000063, 14.983299999999986]",0.28252722764706695,"[-1.5533966806822563, 2.691476935867021]",12,3,36,10000
gpu,stock,2,demo,pan,10,0,complete_us,route,final,888.2749,901.1668,888.2749,896.4897000000001,-2.7083500000000527,"[-15.051949999999977, 18.098150000000032]",-0.3253677985202208,"[-1.6965766753470002, 2.033742393908222]",12,3,36,10000
gpu,stock,2,demo,warm,30,0,draw_us,master,current,211.6500165,211.0236,211.058217,212.0979835,1.480549499999995,"[-9.54438350000001, 6.017933500000012]",0.6898106145959537,"[-4.208782958563834, 2.83727746123168]",12,3,36,10000
gpu,stock,2,demo,warm,30,0,submit_us,master,current,524.300667,520.633383,527.6472335000001,521.5772,1.692249500000031,"[-27.145166500000016, 8.800017000000025]",0.32995071709445156,"[-4.869915155331811, 1.677917163671283]",12,3,36,10000
gpu,stock,2,demo,warm,30,0,complete_us,master,current,948.840933,948.0804165,948.840933,947.5040329999999,10.198433499999965,"[-87.15764999999999, 68.22785000000005]",1.0597490274789179,"[-8.463464284287287, 7.1593193046916035]",12,3,36,10000
gpu,stock,2,demo,warm,30,0,draw_us,master,final,211.6500165,209.7992835,211.058217,209.73333350000001,-4.129166999999995,"[-10.749316500000006, -0.6486495000000048]",-1.9322956721818108,"[-4.813976894923649, -0.30629332774418927]",12,3,36,10000
gpu,stock,2,demo,warm,30,0,submit_us,master,final,524.300667,515.8680835,527.6472335000001,514.8103665,-9.81668350000001,"[-32.000083500000045, -7.273699500000021]",-1.895205393324284,"[-5.750235398562364, -1.368490787586918]",12,3,36,10000
gpu,stock,2,demo,warm,30,0,complete_us,master,final,948.840933,906.9235665,948.840933,919.5124165,-3.843783500000029,"[-99.17001650000003, 27.16116649999998]",-0.39887854741753603,"[-10.040396565156161, 3.1290327918615524]",12,3,36,10000
gpu,stock,2,demo,warm,30,0,draw_us,master,route,211.6500165,210.79091699999998,211.058217,210.79091699999998,-1.3971329999999966,"[-6.898633000000004, 1.3257830000000013]",-0.6722195246426865,"[-3.094648075833817, 0.6313532248018894]",12,3,36,10000
gpu,stock,2,demo,warm,30,0,submit_us,master,route,524.300667,518.2381835,527.6472335000001,518.647233,-5.78121699999997,"[-19.42441649999995, 2.6894829999999956]",-1.1077333204493556,"[-3.502711104729755, 0.49836992604364583]",12,3,36,10000
gpu,stock,2,demo,warm,30,0,complete_us,master,route,948.840933,902.69995,948.840933,915.3249665000001,-2.145150000000058,"[-85.17579999999998, 123.92371649999995]",-0.20866667844725018,"[-8.661952501103919, 14.135253133741344]",12,3,36,10000
gpu,stock,2,demo,warm,30,0,draw_us,current,final,211.0236,209.7992835,212.0979835,209.73333350000001,-4.3243334999999945,"[-6.859049999999982, 0.8910004999999899]",-2.0520956073257324,"[-3.123093877511751, 0.4249747689891836]",12,3,36,10000
gpu,stock,2,demo,warm,30,0,submit_us,current,final,520.633383,515.8680835,521.5772,514.8103665,-7.995216999999997,"[-15.717433, -0.4902165000000025]",-1.5377756052090352,"[-2.941900999666119, -0.095320128470755]",12,3,36,10000
gpu,stock,2,demo,warm,30,0,complete_us,current,final,948.0804165,906.9235665,947.5040329999999,919.5124165,16.481250000000045,"[-42.002883, 49.83265000000006]",1.5934281092196634,"[-4.519052377863197, 5.816529458172249]",12,3,36,10000
gpu,stock,2,demo,warm,30,0,draw_us,current,route,211.0236,210.79091699999998,212.0979835,210.79091699999998,-0.39999950000000695,"[-5.7804835000000026, 3.060366500000015]",-0.19581216947702207,"[-2.665032692632674, 1.4480554627112951]",12,3,36,10000
gpu,stock,2,demo,warm,30,0,submit_us,current,route,520.633383,518.2381835,521.5772,518.647233,0.6414834999999925,"[-13.39923349999998, 6.240299999999991]",0.12317441632831438,"[-2.4310975877321117, 1.2339265383308429]",12,3,36,10000
gpu,stock,2,demo,warm,30,0,complete_us,current,route,948.0804165,902.69995,947.5040329999999,915.3249665000001,25.206199999999967,"[-72.81599999999992, 164.31794949999988]",3.0544712164772836,"[-7.450561217085477, 17.401701951031978]",12,3,36,10000
gpu,stock,2,demo,warm,30,0,draw_us,route,final,210.79091699999998,209.7992835,210.79091699999998,209.73333350000001,-0.2874504999999914,"[-6.021016500000002, 3.2666499999999985]",-0.14145141838716735,"[-2.849216477650124, 1.577401657785149]",12,3,36,10000
gpu,stock,2,demo,warm,30,0,submit_us,route,final,518.2381835,515.8680835,518.647233,514.8103665,-4.709000000000003,"[-12.648066500000056, 4.330500499999971]",-0.9056110907099735,"[-2.3920842436751077, 0.836533852894239]",12,3,36,10000
gpu,stock,2,demo,warm,30,0,complete_us,route,final,902.69995,906.9235665,915.3249665000001,919.5124165,13.20349950000002,"[-166.99725, 95.16878349999996]",1.5535065147920746,"[-15.697956744987009, 10.725340526227157]",12,3,36,10000
gpu,stock,2,demo,zoom_in,12,2865,draw_us,master,current,1946.0209165,1949.95125,1942.7414585000001,1943.0989165,-13.239458000000013,"[-61.800250000000005, 87.93912499999976]",-0.6948891938467261,"[-3.098241140775576, 4.271458876098533]",12,3,36,10000
gpu,stock,2,demo,zoom_in,12,2865,submit_us,master,current,2171.7275415,2176.3715,2168.4931665,2166.8854579999997,-11.644208500000104,"[-63.767416499999854, 110.43595800000003]",-0.5473839257198188,"[-2.8705339310480085, 4.81736837438258]",12,3,36,10000
gpu,stock,2,demo,zoom_in,12,2865,complete_us,master,current,3699.0711250000004,3798.0642915,3712.57625,3829.706708,104.16862500000002,"[-61.1910005000002, 284.47570900000005]",2.939939341646025,"[-1.7041284250462307, 7.366842170995724]",12,3,36,10000
gpu,stock,2,demo,zoom_in,12,2865,draw_us,master,final,1946.0209165,1892.4495415000001,1942.7414585000001,1876.3873330000001,-56.94633299999998,"[-141.00700000000006, -29.254833500000018]",-2.974565219680725,"[-6.796739829988757, -1.5358085746573158]",12,3,36,10000
gpu,stock,2,demo,zoom_in,12,2865,submit_us,master,final,2171.7275415,2113.5504165,2168.4931665,2097.460125,-57.40124999999989,"[-150.28808350000008, -28.95483299999978]",-2.6917430503308637,"[-6.552694902271622, -1.3633846802836858]",12,3,36,10000
gpu,stock,2,demo,zoom_in,12,2865,complete_us,master,final,3699.0711250000004,3614.9758335,3712.57625,3614.9758335,-37.41841700000009,"[-214.46174999999994, 23.471874500000013]",-1.0589743473573554,"[-5.659598766619295, 0.6366901700575078]",12,3,36,10000
gpu,stock,2,demo,zoom_in,12,2865,draw_us,master,route,1946.0209165,1949.0746250000002,1942.7414585000001,1968.1111665,-23.388915999999995,"[-55.09899999999993, 32.454874500000074]",-1.1730523982946384,"[-2.7705401183524323, 1.6464166846441586]",12,3,36,10000
gpu,stock,2,demo,zoom_in,12,2865,submit_us,master,route,2171.7275415,2171.7535,2168.4931665,2194.5832915,-22.55379149999999,"[-62.711916499999916, 35.83329149999986]",-1.0175592602389483,"[-2.829367153465129, 1.629664294443467]",12,3,36,10000
gpu,stock,2,demo,zoom_in,12,2865,complete_us,master,route,3699.0711250000004,3697.2725835,3712.57625,3632.40975,-58.97745850000001,"[-221.3732500000001, 145.75320850000003]",-1.5954068080987593,"[-5.6324122073808045, 3.935799283635899]",12,3,36,10000
gpu,stock,2,demo,zoom_in,12,2865,draw_us,current,final,1949.95125,1892.4495415000001,1943.0989165,1876.3873330000001,-67.8194585,"[-116.7204579999999, -14.008666999999946]",-3.5278526757518582,"[-5.5858988691298075, -0.7418986854713983]",12,3,36,10000
gpu,stock,2,demo,zoom_in,12,2865,submit_us,current,final,2176.3715,2113.5504165,2166.8854579999997,2097.460125,-72.16145799999981,"[-135.4429164999999, -13.638958000000002]",-3.368481901050746,"[-5.780788180166812, -0.64578107579632]",12,3,36,10000
gpu,stock,2,demo,zoom_in,12,2865,complete_us,current,final,3798.0642915,3614.9758335,3829.706708,3614.9758335,-187.69449999999983,"[-366.57133299999987, -7.394375000000082]",-4.653668125386773,"[-8.990861542427442, -0.2038692188161717]",12,3,36,10000
gpu,stock,2,demo,zoom_in,12,2865,draw_us,current,route,1949.95125,1949.0746250000002,1943.0989165,1968.1111665,3.0729169999999613,"[-133.6126664999997, 69.90975000000003]",0.16327821652500907,"[-6.245121328759328, 3.568795400746816]",12,3,36,10000
gpu,stock,2,demo,zoom_in,12,2865,submit_us,current,route,2176.3715,2171.7535,2166.8854579999997,2194.5832915,2.578042000000096,"[-159.0382494999999, 73.76904149999973]",0.1231991941764099,"[-6.637876925000924, 3.3672875047543904]",12,3,36,10000
gpu,stock,2,demo,zoom_in,12,2865,complete_us,current,route,3798.0642915,3697.2725835,3829.706708,3632.40975,-138.0888329999998,"[-332.7899585, 38.66987499999982]",-3.445879849689637,"[-8.26575064966013, 1.0905980766019563]",12,3,36,10000
gpu,stock,2,demo,zoom_in,12,2865,draw_us,route,final,1949.0746250000002,1892.4495415000001,1968.1111665,1876.3873330000001,-41.66662500000007,"[-102.93583350000006, -21.32120850000001]",-2.1422213968290196,"[-5.10598978130311, -1.087420642456166]",12,3,36,10000
gpu,stock,2,demo,zoom_in,12,2865,submit_us,route,final,2171.7535,2113.5504165,2194.5832915,2097.460125,-45.03983299999982,"[-114.81429150000008, -21.619791499999792]",-2.0772967235276054,"[-5.104800604875575, -0.9846993479441901]",12,3,36,10000
gpu,stock,2,demo,zoom_in,12,2865,complete_us,route,final,3697.2725835,3614.9758335,3632.40975,3614.9758335,-74.12491649999993,"[-229.30541700000003, 10.323041500000272]",-2.0510933260524613,"[-5.937865916465879, 0.2874712597501605]",12,3,36,10000
gpu,stock,2,demo,zoom_out,12,1927,draw_us,master,current,1275.8594585,1266.8872084999998,1266.461708,1262.4722499999998,-19.862749500000064,"[-44.788208000000054, 6.953083500000048]",-1.5567705848994362,"[-3.4536195933471068, 0.5494037715275235]",12,3,36,10000
gpu,stock,2,demo,zoom_out,12,1927,submit_us,master,current,1625.930542,1616.8281670000001,1610.350625,1607.246542,-20.749791999999957,"[-55.30549999999994, 12.510375000000067]",-1.2987945814603996,"[-3.3217568199844, 0.7729431815956644]",12,3,36,10000
gpu,stock,2,demo,zoom_out,12,1927,complete_us,master,current,2705.1614170000003,2706.692625,2691.3158750000002,2713.0588749999997,20.006874499999867,"[-5.5470000000000255, 83.94454200000018]",0.7566850690087334,"[-0.20497206406117074, 3.1780335258346115]",12,3,36,10000
gpu,stock,2,demo,zoom_out,12,1927,draw_us,master,final,1275.8594585,1260.194333,1266.461708,1259.2725415,-14.065833000000111,"[-46.506791999999905, 5.143916999999988]",-1.1187090588636373,"[-3.453885062399581, 0.39599660408127235]",12,3,36,10000
gpu,stock,2,demo,zoom_out,12,1927,submit_us,master,final,1625.930542,1607.187375,1610.350625,1607.187375,-13.393916999999988,"[-56.03470800000002, -2.6145830000000387]",-0.8406738252522583,"[-3.2876900966802403, -0.15880814290665235]",12,3,36,10000
gpu,stock,2,demo,zoom_out,12,1927,complete_us,master,final,2705.1614170000003,2668.413125,2691.3158750000002,2664.1405835,-17.939208500000177,"[-44.887292000000116, 0.5972919999999249]",-0.67065509497643,"[-1.6584008625359081, 0.019988676752130674]",12,3,36,10000
gpu,stock,2,demo,zoom_out,12,1927,draw_us,master,route,1275.8594585,1268.9305,1266.461708,1275.9462915,0.21183299999995597,"[-11.098958000000039, 35.13537500000007]",0.02802807363091464,"[-0.873564745941402, 2.7968423997697722]",12,3,36,10000
gpu,stock,2,demo,zoom_out,12,1927,submit_us,master,route,1625.930542,1618.395792,1610.350625,1627.5608750000001,2.8227494999999863,"[-17.28995850000001, 45.522666999999956]",0.1781400984773529,"[-1.0706252150727569, 2.850511784918386]",12,3,36,10000
gpu,stock,2,demo,zoom_out,12,1927,complete_us,master,route,2705.1614170000003,2701.03825,2691.3158750000002,2704.8403335000003,27.137207999999873,"[-16.175207999999884, 74.71187499999996]",1.0301848201912822,"[-0.5986318655131828, 2.767739096574162]",12,3,36,10000
gpu,stock,2,demo,zoom_out,12,1927,draw_us,current,final,1266.8872084999998,1260.194333,1262.4722499999998,1259.2725415,-6.963625000000093,"[-39.26733300000001, 23.421832999999992]",-0.5490641297301591,"[-3.150338508051098, 1.8543100540189927]",12,3,36,10000
gpu,stock,2,demo,zoom_out,12,1927,submit_us,current,final,1616.8281670000001,1607.187375,1607.246542,1607.187375,-10.741292000000044,"[-47.1076250000001, 24.371458500000017]",-0.6707116857393614,"[-2.9631316242324903, 1.5009975054361413]",12,3,36,10000
gpu,stock,2,demo,zoom_out,12,1927,complete_us,current,final,2706.692625,2668.413125,2713.0588749999997,2664.1405835,-43.85745850000012,"[-91.48083349999979, -9.213416999999936]",-1.6300458444729604,"[-3.3239705478323445, -0.3528202782426326]",12,3,36,10000
gpu,stock,2,demo,zoom_out,12,1927,draw_us,current,route,1266.8872084999998,1268.9305,1262.4722499999998,1275.9462915,5.246374999999944,"[-8.810583499999893, 40.61087500000008]",0.4258506079522939,"[-0.6937301434673915, 3.262525686218498]",12,3,36,10000
gpu,stock,2,demo,zoom_out,12,1927,submit_us,current,route,1616.8281670000001,1618.395792,1607.246542,1627.5608750000001,10.76204150000001,"[-15.571041500000092, 51.29329150000001]",0.6861986293774658,"[-0.953504470472466, 3.2151997899931506]",12,3,36,10000
gpu,stock,2,demo,zoom_out,12,1927,complete_us,current,route,2706.692625,2701.03825,2713.0588749999997,2704.8403335000003,21.246625000000222,"[-41.07120800000007, 45.571249999999964]",0.786755381899007,"[-1.489515421094928, 1.6679200867971034]",12,3,36,10000
gpu,stock,2,demo,zoom_out,12,1927,draw_us,route,final,1268.9305,1260.194333,1275.9462915,1259.2725415,-23.907916999999998,"[-46.41654200000016, -5.163166500000102]",-1.8424714080996218,"[-3.6245876411170053, -0.4137586636554502]",12,3,36,10000
gpu,stock,2,demo,zoom_out,12,1927,submit_us,route,final,1618.395792,1607.187375,1627.5608750000001,1607.187375,-36.968750000000114,"[-56.364582999999925, -6.926874999999882]",-2.3016124652778247,"[-3.3787430414428554, -0.4314356497408245]",12,3,36,10000
gpu,stock,2,demo,zoom_out,12,1927,complete_us,route,final,2701.03825,2668.413125,2704.8403335000003,2664.1405835,-42.78133350000007,"[-78.08158349999985, -25.19437499999981]",-1.5814712468023184,"[-2.8551873345254664, -0.9359856144795176]",12,3,36,10000
gpu,stock,2,font_variations,first_paint,1,263,draw_us,master,current,1691.854,1745.8545,1676.0,1746.104,59.87549999999999,"[22.89549999999997, 82.875]",3.4382452882933623,"[1.3737897487977935, 4.897821603850295]",12,3,36,10000
gpu,stock,2,font_variations,first_paint,1,263,submit_us,master,current,3063.813,3127.6045,3027.8745,3114.2290000000003,51.72850000000017,"[5.145999999999958, 108.27149999999983]",1.6699900487156527,"[0.1720872449758104, 3.5314818779258017]",12,3,36,10000
gpu,stock,2,font_variations,first_paint,1,263,complete_us,master,current,4495.0830000000005,4540.958500000001,4457.9795,4535.208500000001,34.70850000000064,"[-8.396000000000186, 231.08350000000019]",0.7758368022703022,"[-0.18288305031469165, 5.070024628381898]",12,3,36,10000
gpu,stock,2,font_variations,first_paint,1,263,draw_us,master,final,1691.854,1673.083,1676.0,1655.25,-8.603500000000054,"[-64.22900000000004, 23.854499999999916]",-0.5207010272196722,"[-3.7677089095651928, 1.4270357483981089]",12,3,36,10000
gpu,stock,2,font_variations,first_paint,1,263,submit_us,master,final,3063.813,3042.9790000000003,3027.8745,3050.1459999999997,-21.979000000000042,"[-63.520500000000084, 38.56150000000025]",-0.7280200346415855,"[-2.1177329378280705, 1.3035681470671912]",12,3,36,10000
gpu,stock,2,font_variations,first_paint,1,263,complete_us,master,final,4495.0830000000005,4413.896,4457.9795,4413.896,-56.41700000000037,"[-184.70849999999973, 109.5]",-1.2849588894949637,"[-3.8765756167140673, 2.473637873494694]",12,3,36,10000
gpu,stock,2,font_variations,first_paint,1,263,draw_us,master,route,1691.854,1706.3125,1676.0,1706.3125,31.729499999999916,"[-45.354499999999916, 50.08299999999997]",1.8957698939707224,"[-2.6386648354920106, 3.025061720288935]",12,3,36,10000
gpu,stock,2,font_variations,first_paint,1,263,submit_us,master,route,3063.813,3074.6665000000003,3027.8745,3059.9795,32.10499999999979,"[-41.45899999999983, 83.39550000000008]",1.0618540005080113,"[-1.3393938031738717, 2.8112985009445035]",12,3,36,10000
gpu,stock,2,font_variations,first_paint,1,263,complete_us,master,route,4495.0830000000005,4514.521,4457.9795,4611.5,127.3125,"[-65.97949999999992, 642.7084999999997]",2.849511870634902,"[-1.4897106004318206, 14.20165040563116]",12,3,36,10000
gpu,stock,2,font_variations,first_paint,1,263,draw_us,current,final,1745.8545,1673.083,1746.104,1655.25,-75.56249999999989,"[-132.66650000000004, -47.70849999999996]",-4.299565995249299,"[-7.598064676268068, -2.822994701802839]",12,3,36,10000
gpu,stock,2,font_variations,first_paint,1,263,submit_us,current,final,3127.6045,3042.9790000000003,3114.2290000000003,3050.1459999999997,-92.0,"[-110.375, -44.791999999999916]",-2.9331983238070403,"[-3.533035280150576, -1.4358397033901238]",12,3,36,10000
gpu,stock,2,font_variations,first_paint,1,263,complete_us,current,final,4540.958500000001,4413.896,4535.208500000001,4413.896,-54.43700000000035,"[-369.2710000000002, 80.25]",-1.2233850860694728,"[-7.774749387187729, 1.8015011841457595]",12,3,36,10000
gpu,stock,2,font_variations,first_paint,1,263,draw_us,current,route,1745.8545,1706.3125,1746.104,1706.3125,-48.833999999999946,"[-90.39649999999995, 35.27099999999996]",-2.8018564907457466,"[-5.030469267086057, 2.1205541801468386]",12,3,36,10000
gpu,stock,2,font_variations,first_paint,1,263,submit_us,current,route,3127.6045,3074.6665000000003,3114.2290000000003,3059.9795,-56.395500000000084,"[-115.6875, 33.375]",-1.835146982007102,"[-3.6413608784614637, 1.1029631147379981]",12,3,36,10000
gpu,stock,2,font_variations,first_paint,1,263,complete_us,current,route,4540.958500000001,4514.521,4535.208500000001,4611.5,46.3119999999999,"[-270.43800000000056, 605.1459999999997]",1.039198746627834,"[-5.962964819977679, 13.331137942594495]",12,3,36,10000
gpu,stock,2,font_variations,first_paint,1,263,draw_us,route,final,1706.3125,1673.083,1706.3125,1655.25,-26.353999999999928,"[-83.97900000000004, -0.375]",-1.5733619542296184,"[-4.948643024359583, -0.014862891064287842]",12,3,36,10000
gpu,stock,2,font_variations,first_paint,1,263,submit_us,route,final,3074.6665000000003,3042.9790000000003,3059.9795,3050.1459999999997,-44.83399999999983,"[-107.49900000000025, 40.333000000000084]",-1.4654242801184714,"[-3.5135969756806498, 1.3182714955767838]",12,3,36,10000
gpu,stock,2,font_variations,first_paint,1,263,complete_us,route,final,4514.521,4413.896,4611.5,4413.896,-242.08300000000008,"[-796.6669999999999, 33.9380000000001]",-5.2486092844614864,"[-14.647308097113655, 0.7585650179448622]",12,3,36,10000
gpu,stock,2,font_variations,slant_advance,10,1158,draw_us,master,current,766.2374500000001,785.8021,763.9770000000001,784.1563,25.81465000000003,"[-0.5271499999999492, 46.541750000000036]",3.4427746164745976,"[-0.06992989285531381, 6.13422964807503]",12,3,36,10000
gpu,stock,2,font_variations,slant_advance,10,1158,submit_us,master,current,818.43535,839.22285,817.0145,838.18335,28.57914999999997,"[-2.8271499999999605, 47.74169999999998]",3.5545504616384282,"[-0.34556986086511365, 5.904636901347038]",12,3,36,10000
gpu,stock,2,font_variations,slant_advance,10,1158,complete_us,master,current,1261.4875499999998,1285.30195,1264.7896,1282.9792499999999,31.718799999999987,"[12.893550000000005, 80.3021]",2.572306564051985,"[1.0301886147078054, 6.341673754537336]",12,3,36,10000
gpu,stock,2,font_variations,slant_advance,10,1158,draw_us,master,final,766.2374500000001,761.35,763.9770000000001,760.72085,-10.9375,"[-21.429149999999993, 9.118850000000009]",-1.4222431221385112,"[-2.7762094310097183, 1.2018278002957739]",12,3,36,10000
gpu,stock,2,font_variations,slant_advance,10,1158,submit_us,master,final,818.43535,812.70625,817.0145,811.32915,-12.441449999999975,"[-21.29789999999997, 9.762649999999951]",-1.5160423628978847,"[-2.6277191966251943, 1.2048211990976276]",12,3,36,10000
gpu,stock,2,font_variations,slant_advance,10,1158,complete_us,master,final,1261.4875499999998,1253.7998499999999,1264.7896,1257.877,-0.08339999999998327,"[-22.0560999999999, 18.02094999999997]",-0.006701715997664559,"[-1.7313110503408669, 1.4382171359034301]",12,3,36,10000
gpu,stock,2,font_variations,slant_advance,10,1158,draw_us,master,route,766.2374500000001,771.09795,763.9770000000001,779.9792,11.800000000000011,"[-9.581350000000043, 16.710499999999968]",1.5689566831827761,"[-1.2257449860881453, 2.21077875192075]",12,3,36,10000
gpu,stock,2,font_variations,slant_advance,10,1158,submit_us,master,route,818.43535,820.9917,817.0145,830.26445,9.422849999999983,"[-12.777050000000031, 19.035699999999963]",1.1593748753988664,"[-1.5230942058049868, 2.3875637304265895]",12,3,36,10000
gpu,stock,2,font_variations,slant_advance,10,1158,complete_us,master,route,1261.4875499999998,1267.00835,1264.7896,1262.9459000000002,11.814600000000041,"[-22.456149999999866, 25.564750000000004]",0.9386229264207069,"[-1.7665219025269796, 2.0701754788469584]",12,3,36,10000
gpu,stock,2,font_variations,slant_advance,10,1158,draw_us,current,final,785.8021,761.35,784.1563,760.72085,-27.572900000000004,"[-56.55205000000001, -16.454150000000027]",-3.482154462221404,"[-7.058263538373033, -2.136071865933914]",12,3,36,10000
gpu,stock,2,font_variations,slant_advance,10,1158,submit_us,current,final,839.22285,812.70625,838.18335,811.32915,-30.558299999999974,"[-59.63940000000002, -15.474899999999991]",-3.641286187455112,"[-6.964494608959304, -1.8892303497802188]",12,3,36,10000
gpu,stock,2,font_variations,slant_advance,10,1158,complete_us,current,final,1285.30195,1253.7998499999999,1282.9792499999999,1257.877,-21.720749999999953,"[-91.14784999999995, -3.6458999999999833]",-1.7116290681435553,"[-6.7745874391311585, -0.28706510001746954]",12,3,36,10000
gpu,stock,2,font_variations,slant_advance,10,1158,draw_us,current,route,785.8021,771.09795,784.1563,779.9792,-20.72085000000004,"[-36.93120000000005, 0.43325000000004366]",-2.6093607404242656,"[-4.606453906741869, 0.05908042271651759]",12,3,36,10000
gpu,stock,2,font_variations,slant_advance,10,1158,submit_us,current,route,839.22285,820.9917,838.18335,830.26445,-22.562599999999975,"[-41.35400000000004, 3.4375499999999874]",-2.6646836733429327,"[-4.839749419948597, 0.4195789328805266]",12,3,36,10000
gpu,stock,2,font_variations,slant_advance,10,1158,complete_us,current,route,1285.30195,1267.00835,1282.9792499999999,1262.9459000000002,-24.895849999999882,"[-103.1353499999999, -0.797649999999976]",-1.9400531263102483,"[-7.629025770938358, -0.060955876042478874]",12,3,36,10000
gpu,stock,2,font_variations,slant_advance,10,1158,draw_us,route,final,771.09795,761.35,779.9792,760.72085,-14.125050000000044,"[-35.070850000000064, -3.0770499999999856]",-1.8701299989474895,"[-4.349890317862881, -0.3970705759504589]",12,3,36,10000
gpu,stock,2,font_variations,slant_advance,10,1158,submit_us,route,final,820.9917,812.70625,830.26445,811.32915,-14.53974999999997,"[-34.35194999999999, -0.3311499999999796]",-1.8052490031438329,"[-4.0107568674443534, -0.03965473746726511]",12,3,36,10000
gpu,stock,2,font_variations,slant_advance,10,1158,complete_us,route,final,1267.00835,1253.7998499999999,1262.9459000000002,1257.877,-8.366800000000012,"[-33.26864999999998, 29.828999999999837]",-0.6682358743637706,"[-2.6061253767817427, 2.3817806019030274]",12,3,36,10000
gpu,stock,2,font_variations,slant_return,10,0,draw_us,master,current,42.67515,43.524950000000004,42.4814,44.591750000000005,2.033400000000004,"[-0.8959999999999972, 4.21875]",4.8086274142498775,"[-2.0212301848265666, 10.068999245069222]",12,3,36,10000
gpu,stock,2,font_variations,slant_return,10,0,submit_us,master,current,98.77715,100.04599999999999,97.3375,99.39185,0.6728499999999968,"[-2.875099999999996, 11.839549999999996]",0.7058580235219547,"[-2.91304142384588, 12.82303678354243]",12,3,36,10000
gpu,stock,2,font_variations,slant_return,10,0,complete_us,master,current,287.3396,291.8251,286.1814,294.07085,3.000050000000016,"[1.3625499999999988, 22.602199999999982]",1.0518759419544277,"[0.462862082140858, 8.248957519203904]",12,3,36,10000
gpu,stock,2,font_variations,slant_return,10,0,draw_us,master,final,42.67515,40.58325,42.4814,40.58325,-1.6376999999999988,"[-2.69595, -0.8103499999999997]",-3.9499441434954656,"[-6.171654339076376, -1.894159921893518]",12,3,36,10000
gpu,stock,2,font_variations,slant_return,10,0,submit_us,master,final,98.77715,96.71039999999999,97.3375,95.6292,-2.2938000000000045,"[-5.28745, 0.26250000000000284]",-2.3845832518767263,"[-5.2243407329973675, 0.31464848637004494]",12,3,36,10000
gpu,stock,2,font_variations,slant_return,10,0,complete_us,master,final,287.3396,285.5606,286.1814,284.66684999999995,-3.4250000000000114,"[-7.825149999999979, 3.5418499999999824]",-1.186027542655177,"[-2.6602892959357414, 1.2706469395180386]",12,3,36,10000
gpu,stock,2,font_variations,slant_return,10,0,draw_us,master,route,42.67515,41.179199999999994,42.4814,41.149950000000004,-1.0709499999999998,"[-2.4105500000000006, 1.241699999999998]",-2.55687395374839,"[-5.562215126520148, 2.898035248701236]",12,3,36,10000
gpu,stock,2,font_variations,slant_return,10,0,submit_us,master,route,98.77715,96.2187,97.3375,95.3417,-0.577050000000007,"[-4.6519500000000065, 1.5145499999999998]",-0.6020202932589536,"[-4.480952366843521, 1.625392959879901]",12,3,36,10000
gpu,stock,2,font_variations,slant_return,10,0,complete_us,master,route,287.3396,283.3917,286.1814,284.627,-5.262550000000033,"[-5.916600000000017, 6.760349999999988]",-1.8687105799153003,"[-2.0638526115695943, 2.280463500147556]",12,3,36,10000
gpu,stock,2,font_variations,slant_return,10,0,draw_us,current,final,43.524950000000004,40.58325,44.591750000000005,40.58325,-3.3935999999999993,"[-5.077250000000003, -1.9395500000000006]",-7.644542346901229,"[-11.18822027134759, -4.53472468474706]",12,3,36,10000
gpu,stock,2,font_variations,slant_return,10,0,submit_us,current,final,100.04599999999999,96.71039999999999,99.39185,95.6292,-4.916799999999995,"[-6.333350000000003, -0.37710000000000576]",-4.763512400135427,"[-6.3317682213717426, -0.4057002123226572]",12,3,36,10000
gpu,stock,2,font_variations,slant_return,10,0,complete_us,current,final,291.8251,285.5606,294.07085,284.66684999999995,-10.62715,"[-20.110299999999995, 4.071050000000014]",-3.5838105031871184,"[-6.746547665394925, 1.4436291353015718]",12,3,36,10000
gpu,stock,2,font_variations,slant_return,10,0,draw_us,current,route,43.524950000000004,41.179199999999994,44.591750000000005,41.149950000000004,-2.4854500000000037,"[-4.964549999999999, -1.0207499999999996]",-5.70268178142816,"[-10.749145984299307, -2.431168983499626]",12,3,36,10000
gpu,stock,2,font_variations,slant_return,10,0,submit_us,current,route,100.04599999999999,96.2187,99.39185,95.3417,-4.9044000000000025,"[-11.48545, 0.5311999999999912]",-5.007517830747377,"[-10.912539256336306, 0.5729416660071762]",12,3,36,10000
gpu,stock,2,font_variations,slant_return,10,0,complete_us,current,route,291.8251,283.3917,294.07085,284.627,-8.704049999999995,"[-27.337649999999996, 6.704200000000014]",-2.9991634199520387,"[-9.036036892764916, 2.3847726465104357]",12,3,36,10000
gpu,stock,2,font_variations,slant_return,10,0,draw_us,route,final,41.179199999999994,40.58325,41.149950000000004,40.58325,-0.36029999999999873,"[-2.487499999999997, 0.6668000000000021]",-0.8824051534402189,"[-5.644567965562741, 1.6201897703873147]",12,3,36,10000
gpu,stock,2,font_variations,slant_return,10,0,submit_us,route,final,96.2187,96.71039999999999,95.3417,95.6292,-1.4227999999999952,"[-3.139650000000003, 3.0063999999999993]",-1.4077477659206805,"[-3.2592476348012767, 3.180532914970735]",12,3,36,10000
gpu,stock,2,font_variations,slant_return,10,0,complete_us,route,final,283.3917,285.5606,284.627,284.66684999999995,0.03984999999997285,"[-16.18719999999999, 7.80000000000004]",0.013908927431971474,"[-5.359391901866301, 2.8201793303203826]",12,3,36,10000
gpu,stock,2,font_variations,warm,30,0,draw_us,master,current,40.1014835,41.018017,40.1014835,41.018017,1.014616499999999,"[-0.18488299999999924, 2.0180834999999995]",2.5602660269764543,"[-0.45319968024096213, 5.020574240859865]",12,3,36,10000
gpu,stock,2,font_variations,warm,30,0,submit_us,master,current,87.985333,88.89365000000001,87.9298665,89.019417,0.7416164999999992,"[-3.906399999999998, 10.254833500000004]",0.8701935172160447,"[-4.070349485540081, 11.597126454856443]",12,3,36,10000
gpu,stock,2,font_variations,warm,30,0,complete_us,master,current,277.89583300000004,274.463167,279.0736665,274.08955000000003,-2.422249999999991,"[-7.651433499999996, 4.047933499999999]",-0.871806530651642,"[-2.71013324729254, 1.4343975037261703]",12,3,36,10000
gpu,stock,2,font_variations,warm,30,0,draw_us,master,final,40.1014835,39.652066500000004,40.1014835,39.6840335,0.011116499999999974,"[-1.184750000000001, 1.3596329999999988]",0.03874925635484194,"[-2.9295923482200337, 3.4861433829678323]",12,3,36,10000
gpu,stock,2,font_variations,warm,30,0,submit_us,master,final,87.985333,86.597183,87.9298665,86.5715165,-0.45769999999999555,"[-6.2515, 4.608166499999996]",-0.5220243833904237,"[-6.828610829074965, 5.498176341481997]",12,3,36,10000
gpu,stock,2,font_variations,warm,30,0,complete_us,master,final,277.89583300000004,274.69996649999996,279.0736665,273.76734999999996,-7.282716499999992,"[-12.070116500000012, 3.114467000000019]",-2.6117957036809414,"[-4.212508641603774, 1.1312873501591492]",12,3,36,10000
gpu,stock,2,font_variations,warm,30,0,draw_us,master,route,40.1014835,39.67705,40.1014835,39.6451665,-0.06034999999999968,"[-0.6223004999999979, 1.9020170000000043]",-0.14976842319255335,"[-1.5516977339200322, 4.722389927434856]",12,3,36,10000
gpu,stock,2,font_variations,warm,30,0,submit_us,master,route,87.985333,86.4151835,87.9298665,87.29235,0.36808349999999734,"[-3.4166834999999978, 3.2299330000000026]",0.4070308098589437,"[-3.8644903709211027, 3.7213231013502157]",12,3,36,10000
gpu,stock,2,font_variations,warm,30,0,complete_us,master,route,277.89583300000004,274.51734999999996,279.0736665,274.4583335,-0.3312999999999704,"[-10.851400499999983, 3.3660165000000006]",-0.10715862538809295,"[-3.8650969868444074, 1.2202871956868422]",12,3,36,10000
gpu,stock,2,font_variations,warm,30,0,draw_us,current,final,41.018017,39.652066500000004,41.018017,39.6840335,-1.003499999999999,"[-1.6923335000000002, -0.30761650000000174]",-2.391685693161766,"[-4.041331385256219, -0.7383763836415314]",12,3,36,10000
gpu,stock,2,font_variations,warm,30,0,submit_us,current,final,88.89365000000001,86.597183,89.019417,86.5715165,-2.456299999999999,"[-6.815233000000006, 1.790283499999994]",-2.7492761720802505,"[-7.070369223343681, 1.9418701935130511]",12,3,36,10000
gpu,stock,2,font_variations,warm,30,0,complete_us,current,final,274.463167,274.69996649999996,274.08955000000003,273.76734999999996,-0.5701000000000249,"[-5.556383499999981, 2.7882669999999905]",-0.20793046427076134,"[-1.978612311925404, 1.0308308079457151]",12,3,36,10000
gpu,stock,2,font_variations,warm,30,0,draw_us,current,route,41.018017,39.67705,41.018017,39.6451665,-0.5014499999999984,"[-2.4389505000000007, 1.7987165000000012]",-1.2451661457519525,"[-5.799656836787204, 4.582610044410018]",12,3,36,10000
gpu,stock,2,font_variations,warm,30,0,submit_us,current,route,88.89365000000001,86.4151835,89.019417,87.29235,0.4903835000000072,"[-8.672966999999993, 4.989732999999994]",0.5812355389990975,"[-9.18940612684515, 5.33751733256368]",12,3,36,10000
gpu,stock,2,font_variations,warm,30,0,complete_us,current,route,274.463167,274.51734999999996,274.08955000000003,274.4583335,-1.5506999999999778,"[-5.9305495000000406, 5.941732999999999]",-0.5316410747888412,"[-2.133309152384971, 2.2203874511265043]",12,3,36,10000
gpu,stock,2,font_variations,warm,30,0,draw_us,route,final,39.67705,39.652066500000004,39.6451665,39.6840335,0.08193349999999455,"[-1.2535830000000026, 0.8034999999999997]",0.20601063652341267,"[-3.004941418409063, 2.052855630773087]",12,3,36,10000
gpu,stock,2,font_variations,warm,30,0,submit_us,route,final,86.4151835,86.597183,87.29235,86.5715165,1.1858834999999956,"[-7.057633000000003, 3.1887999999999934]",1.37844427335575,"[-7.563332837306113, 3.824523628780596]",12,3,36,10000
gpu,stock,2,font_variations,warm,30,0,complete_us,route,final,274.51734999999996,274.69996649999996,274.4583335,273.76734999999996,-0.820982999999984,"[-10.027882999999974, 5.029033000000027]",-0.28763993373142616,"[-3.5460405875555656, 1.8228577060213635]",12,3,36,10000
gpu,stock,2,font_variations,weight_advance,6,717,draw_us,master,current,842.281167,857.6596665,843.5555835,848.4547500000001,23.24324999999999,"[-16.177250499999957, 61.242916500000035]",2.8049926543482373,"[-1.9505115748318425, 7.240061385762386]",12,3,36,10000
gpu,stock,2,font_variations,weight_advance,6,717,submit_us,master,current,886.0034169999999,901.1668334999999,888.6250835,891.9375835000001,21.42349999999999,"[-17.694500499999947, 64.1701665]",2.4580381084466696,"[-2.0260526814127324, 7.206398344705233]",12,3,36,10000
gpu,stock,2,font_variations,weight_advance,6,717,complete_us,master,current,1345.7189165,1368.5625,1341.04875,1354.2049164999999,40.36075000000005,"[-14.100833500000022, 117.34024999999997]",3.0813501190134374,"[-1.0549023644599864, 8.798620546370529]",12,3,36,10000
gpu,stock,2,font_variations,weight_advance,6,717,draw_us,master,final,842.281167,825.6770835,843.5555835,823.3889165,0.17374999999998408,"[-20.28808399999997, 8.072750000000042]",0.020863575393537115,"[-2.3861111554565495, 0.9801870545744107]",12,3,36,10000
gpu,stock,2,font_variations,weight_advance,6,717,submit_us,master,final,886.0034169999999,868.0903335,888.6250835,867.3299999999999,-0.6839170000000081,"[-15.020583499999987, 7.36108349999995]",-0.07896736115491354,"[-1.6835974976011858, 0.8274933776841853]",12,3,36,10000
gpu,stock,2,font_variations,weight_advance,6,717,complete_us,master,final,1345.7189165,1317.2813335,1341.04875,1316.6945835000001,-21.87516699999992,"[-40.08316649999995, 0.9268334999999297]",-1.636612764614176,"[-3.0186861340860127, 0.0821285041360642]",12,3,36,10000
gpu,stock,2,font_variations,weight_advance,6,717,draw_us,master,route,842.281167,843.8820835,843.5555835,853.059,1.3958334999999238,"[-12.024333499999955, 42.798666500000024]",0.16557549497061008,"[-1.4115902931640056, 5.282763597223505]",12,3,36,10000
gpu,stock,2,font_variations,weight_advance,6,717,submit_us,master,route,886.0034169999999,887.3680835,888.6250835,896.0451665,-0.1113334999999438,"[-15.548666500000024, 43.17708299999998]",-0.007611081857494817,"[-1.7320002459645878, 5.06426527969267]",12,3,36,10000
gpu,stock,2,font_variations,weight_advance,6,717,complete_us,master,route,1345.7189165,1334.1525835,1341.04875,1337.3888335,-3.0521669999999403,"[-21.708499999999958, 35.50358300000005]",-0.2165882238087169,"[-1.621606057233299, 2.7291216989219547]",12,3,36,10000
gpu,stock,2,font_variations,weight_advance,6,717,draw_us,current,final,857.6596665,825.6770835,848.4547500000001,823.3889165,-24.479333499999996,"[-52.257083499999965, -5.777667000000008]",-2.8966709183076977,"[-5.755865645548341, -0.6263314057245006]",12,3,36,10000
gpu,stock,2,font_variations,weight_advance,6,717,submit_us,current,final,901.1668334999999,868.0903335,891.9375835000001,867.3299999999999,-29.066167000000007,"[-56.809083000000044, -6.610999499999991]",-2.996462434359559,"[-5.948104065310811, -0.7580263822444644]",12,3,36,10000
gpu,stock,2,font_variations,weight_advance,6,717,complete_us,current,final,1368.5625,1317.2813335,1354.2049164999999,1316.6945835000001,-37.09033299999987,"[-103.78124999999989, -29.43033300000002]",-2.767501053847915,"[-7.333642544705277, -2.207147426543804]",12,3,36,10000
gpu,stock,2,font_variations,weight_advance,6,717,draw_us,current,route,857.6596665,843.8820835,848.4547500000001,853.059,-22.819166499999994,"[-82.364417, 43.607417]",-2.656116337220876,"[-9.082060759591975, 5.198232449719842]",12,3,36,10000
gpu,stock,2,font_variations,weight_advance,6,717,submit_us,current,route,901.1668334999999,887.3680835,891.9375835000001,896.0451665,-23.26725049999999,"[-88.25349950000003, 47.50333350000005]",-2.581751998549181,"[-9.245155386163724, 5.3825067592350955]",12,3,36,10000
gpu,stock,2,font_variations,weight_advance,6,717,complete_us,current,route,1368.5625,1334.1525835,1354.2049164999999,1337.3888335,-48.781249499999944,"[-90.36141650000002, 3.2568334999999706]",-3.590252223206708,"[-6.221830470309642, 0.24497039863585757]",12,3,36,10000
gpu,stock,2,font_variations,weight_advance,6,717,draw_us,route,final,843.8820835,825.6770835,853.059,823.3889165,-18.663250000000005,"[-57.84000000000003, 21.940833000000055]",-2.2140059208582366,"[-6.55836109718369, 2.643404284545403]",12,3,36,10000
gpu,stock,2,font_variations,weight_advance,6,717,submit_us,route,final,887.3680835,868.0903335,896.0451665,867.3299999999999,-19.35749999999996,"[-60.55199950000002, 29.868083499999955]",-2.1745834781626336,"[-6.512204206953798, 3.434229027690905]",12,3,36,10000
gpu,stock,2,font_variations,weight_advance,6,717,complete_us,route,final,1334.1525835,1317.2813335,1337.3888335,1316.6945835000001,-13.573167000000012,"[-77.90241649999996, 19.437499999999886]",-1.0256109027003413,"[-5.6101853826976855, 1.4766701252886927]",12,3,36,10000
gpu,stock,2,font_variations,weight_return,6,0,draw_us,master,current,40.552082999999996,41.288250000000005,40.506833,41.788250000000005,-0.16341649999999674,"[-1.0484170000000006, 2.694583500000004]",-0.395854081499436,"[-2.587527670098766, 6.828203374313391]",12,3,36,10000
gpu,stock,2,font_variations,weight_return,6,0,submit_us,master,current,89.277833,90.72225,90.0139165,91.7050835,2.0625834999999952,"[-3.9409999999999954, 4.444250000000004]",2.325225229028982,"[-4.458127861592553, 5.291283593805152]",12,3,36,10000
gpu,stock,2,font_variations,weight_return,6,0,complete_us,master,current,274.1110835,278.9685,274.03825,278.8403335,5.2777499999999975,"[-2.6840834999999856, 8.572917000000018]",1.9405375509327527,"[-0.9574959693892049, 3.1689234849339387]",12,3,36,10000
gpu,stock,2,font_variations,weight_return,6,0,draw_us,master,final,40.552082999999996,40.89575,40.506833,40.95825,1.2360834999999994,"[-1.051999999999996, 1.7292500000000004]",3.1520969943617194,"[-2.566575999314502, 4.289487125045421]",12,3,36,10000
gpu,stock,2,font_variations,weight_return,6,0,submit_us,master,final,89.277833,90.5555835,90.0139165,90.09725,1.2188335000000023,"[-3.2917500000000004, 3.7705835000000008]",1.3298376096905984,"[-3.4874280131589828, 4.418296237455454]",12,3,36,10000
gpu,stock,2,font_variations,weight_return,6,0,complete_us,master,final,274.1110835,276.392417,274.03825,275.71883349999996,4.725832999999994,"[-2.46875, 13.444500000000005]",1.760239487652293,"[-0.8974380477723365, 4.7778991910860995]",12,3,36,10000
gpu,stock,2,font_variations,weight_return,6,0,draw_us,master,route,40.552082999999996,39.7501665,40.506833,39.8023335,-0.39591649999999845,"[-2.131916499999999, 2.2432500000000033]",-0.9690170529770004,"[-5.2151631644759995, 5.628272621513409]",12,3,36,10000
gpu,stock,2,font_variations,weight_return,6,0,submit_us,master,route,89.277833,87.163,90.0139165,89.3125,-1.1980000000000075,"[-5.566083000000006, 4.062249999999999]",-1.3330538447786755,"[-6.062167596266899, 4.795906763837188]",12,3,36,10000
gpu,stock,2,font_variations,weight_return,6,0,complete_us,master,route,274.1110835,275.93399999999997,274.03825,277.3334165,8.045166499999993,"[-8.052166999999997, 18.576500500000037]",2.975145113223354,"[-2.9448078871523062, 7.024201493950089]",12,3,36,10000
gpu,stock,2,font_variations,weight_return,6,0,draw_us,current,final,41.288250000000005,40.89575,41.788250000000005,40.95825,-0.6944165000000027,"[-2.062750000000001, 0.32274999999999565]",-1.6820624036868626,"[-4.78078377988726, 0.7906473072313513]",12,3,36,10000
gpu,stock,2,font_variations,weight_return,6,0,submit_us,current,final,90.72225,90.5555835,91.7050835,90.09725,-0.677333499999996,"[-5.2779165000000035, 3.201082999999997]",-0.7682364999691271,"[-5.242867493378467, 3.480872314674488]",12,3,36,10000
gpu,stock,2,font_variations,weight_return,6,0,complete_us,current,final,278.9685,276.392417,278.8403335,275.71883349999996,2.1180004999999937,"[-4.840333499999986, 16.12858349999999]",0.770338047314989,"[-1.784111690078366, 5.792480597312077]",12,3,36,10000
gpu,stock,2,font_variations,weight_return,6,0,draw_us,current,route,41.288250000000005,39.7501665,41.788250000000005,39.8023335,-1.5310830000000024,"[-3.2153335000000034, 0.5207500000000032]",-3.752794043144969,"[-7.582605250198793, 1.3620926569345881]",12,3,36,10000
gpu,stock,2,font_variations,weight_return,6,0,submit_us,current,route,90.72225,87.163,91.7050835,89.3125,-4.264166500000009,"[-8.11816600000001, 4.992917000000006]",-4.7263751178828475,"[-8.652155841988417, 5.804282922536574]",12,3,36,10000
gpu,stock,2,font_variations,weight_return,6,0,complete_us,current,route,278.9685,275.93399999999997,278.8403335,277.3334165,0.5939994999999954,"[-7.548500000000018, 9.531083500000051]",0.21184149186532775,"[-2.723459780998627, 3.475574136534698]",12,3,36,10000
gpu,stock,2,font_variations,weight_return,6,0,draw_us,route,final,39.7501665,40.89575,39.8023335,40.95825,1.079916500000003,"[-0.8509165000000039, 2.274416500000001]",2.7974815804183595,"[-2.00195056613473, 5.714508799808716]",12,3,36,10000
gpu,stock,2,font_variations,weight_return,6,0,submit_us,route,final,87.163,90.5555835,89.3125,90.09725,1.8125835000000023,"[-3.541750499999999, 5.902833000000001]",2.0965505445254884,"[-3.8397087878455363, 6.689069234693556]",12,3,36,10000
gpu,stock,2,font_variations,weight_return,6,0,complete_us,route,final,275.93399999999997,276.392417,277.3334165,275.71883349999996,4.243333499999977,"[-11.736250000000013, 12.29858299999998]",1.5847416651744162,"[-4.217924156389302, 4.401076474413923]",12,3,36,10000
gpu,stock,2,grid_pollution,hot_first,1,94,draw_us,master,current,492.792,528.229,489.792,525.2919999999999,24.354000000000013,"[17.541999999999973, 52.583999999999946]",4.9790040568720055,"[3.469134302907617, 10.817339391499692]",12,3,36,10000
gpu,stock,2,grid_pollution,hot_first,1,94,submit_us,master,current,1758.875,1786.646,1757.3125,1774.396,53.895500000000084,"[1.58299999999997, 89.79200000000003]",3.199346235579259,"[0.0712305476714803, 5.235080184531061]",12,3,36,10000
gpu,stock,2,grid_pollution,hot_first,1,94,complete_us,master,current,2719.292,2807.1255,2743.813,2807.1255,1.0625,"[-31.791500000000042, 134.45899999999983]",0.04504362495034164,"[-1.144644413996826, 5.110944808327655]",12,3,36,10000
gpu,stock,2,grid_pollution,hot_first,1,94,draw_us,master,final,492.792,445.25,489.792,446.7915,-46.12450000000004,"[-55.83349999999999, -36.18799999999999]",-9.097398198116814,"[-11.059241592949625, -7.454311145931925]",12,3,36,10000
gpu,stock,2,grid_pollution,hot_first,1,94,submit_us,master,final,1758.875,1670.7295,1757.3125,1689.667,-64.02099999999996,"[-124.85450000000003, 18.08299999999997]",-3.7852543363834092,"[-7.102991023179889, 0.9823916095129892]",12,3,36,10000
gpu,stock,2,grid_pollution,hot_first,1,94,complete_us,master,final,2719.292,2648.3955,2743.813,2668.9790000000003,-86.52149999999983,"[-138.52050000000008, -62.875]",-3.1057481048064495,"[-5.136329440288789, -2.354092646191602]",12,3,36,10000
gpu,stock,2,grid_pollution,hot_first,1,94,draw_us,master,route,492.792,449.438,489.792,452.625,-41.25049999999999,"[-57.79199999999997, -35.75049999999999]",-8.542837661552333,"[-11.72740366048703, -7.228570892619163]",12,3,36,10000
gpu,stock,2,grid_pollution,hot_first,1,94,submit_us,master,route,1758.875,1671.9995,1757.3125,1671.9995,-89.54199999999992,"[-121.64599999999996, -26.312999999999988]",-5.095740023752072,"[-6.811041049644512, -1.5572084955475796]",12,3,36,10000
gpu,stock,2,grid_pollution,hot_first,1,94,complete_us,master,route,2719.292,2648.0,2743.813,2666.1459999999997,-32.45849999999996,"[-229.89599999999996, 18.271499999999833]",-1.2025823230637889,"[-7.92856727205406, 0.7098319642180106]",12,3,36,10000
gpu,stock,2,grid_pollution,hot_first,1,94,draw_us,current,final,528.229,445.25,525.2919999999999,446.7915,-71.7715,"[-99.66699999999994, -56.7295]",-13.942621092491947,"[-18.548628957315543, -11.190995006993527]",12,3,36,10000
gpu,stock,2,grid_pollution,hot_first,1,94,submit_us,current,final,1786.646,1670.7295,1774.396,1689.667,-119.08349999999996,"[-166.04150000000004, -53.14600000000007]",-6.830726697379902,"[-9.43223735383948, -3.0028578136584825]",12,3,36,10000
gpu,stock,2,grid_pollution,hot_first,1,94,complete_us,current,final,2807.1255,2648.3955,2807.1255,2668.9790000000003,-145.72900000000004,"[-238.93799999999987, -34.20849999999996]",-5.347078434960345,"[-8.496109342739327, -1.240194078230683]",12,3,36,10000
gpu,stock,2,grid_pollution,hot_first,1,94,draw_us,current,route,528.229,449.438,525.2919999999999,452.625,-72.85449999999997,"[-84.27099999999996, -66.39649999999997]",-14.180647749541025,"[-15.46383399088051, -12.986710219851322]",12,3,36,10000
gpu,stock,2,grid_pollution,hot_first,1,94,submit_us,current,route,1786.646,1671.9995,1774.396,1671.9995,-145.33349999999996,"[-205.16750000000002, -63.75049999999999]",-8.335503189277116,"[-10.590292635359795, -3.6536578996190396]",12,3,36,10000
gpu,stock,2,grid_pollution,hot_first,1,94,complete_us,current,route,2807.1255,2648.0,2807.1255,2666.1459999999997,-101.22900000000004,"[-195.45849999999996, -2.2294999999999163]",-3.5953300332175475,"[-6.771765050238026, -0.07863270761788721]",12,3,36,10000
gpu,stock,2,grid_pollution,hot_first,1,94,draw_us,route,final,449.438,445.25,452.625,446.7915,-7.458499999999987,"[-19.437000000000012, 15.00049999999996]",-1.6775480615772997,"[-4.217852989862841, 3.339009665628101]",12,3,36,10000
gpu,stock,2,grid_pollution,hot_first,1,94,submit_us,route,final,1671.9995,1670.7295,1671.9995,1689.667,13.0,"[-46.58299999999997, 101.29199999999992]",0.7656277634535746,"[-2.8425215360808442, 6.051905575363248]",12,3,36,10000
gpu,stock,2,grid_pollution,hot_first,1,94,complete_us,route,final,2648.0,2648.3955,2666.1459999999997,2668.9790000000003,-51.270500000000084,"[-117.77149999999983, 51.04100000000017]",-1.826930149192324,"[-4.373027881971364, 1.932402702276259]",12,3,36,10000
gpu,stock,2,grid_pollution,hot_return,1,94,draw_us,master,current,452.208,485.85400000000004,451.47900000000004,491.083,39.75,"[28.166499999999985, 48.8125]",8.778288868450357,"[6.371733242757093, 10.823641992682242]",12,3,36,10000
gpu,stock,2,grid_pollution,hot_return,1,94,submit_us,master,current,497.625,531.292,493.5,535.9585,41.875,"[25.416500000000013, 51.35400000000007]",8.307566852741177,"[5.2664546577450455, 10.256690630142085]",12,3,36,10000
gpu,stock,2,grid_pollution,hot_return,1,94,complete_us,master,current,915.021,951.063,905.75,949.396,32.97949999999997,"[25.58299999999997, 84.27049999999997]",3.6088352327124262,"[2.916413003727192, 9.496608448627097]",12,3,36,10000
gpu,stock,2,grid_pollution,hot_return,1,94,draw_us,master,final,452.208,457.54200000000003,451.47900000000004,454.541,1.8545000000000016,"[-7.479000000000013, 12.415999999999997]",0.41738602005496617,"[-1.652934555826019, 2.8111267739947654]",12,3,36,10000
gpu,stock,2,grid_pollution,hot_return,1,94,submit_us,master,final,497.625,503.8955,493.5,500.91700000000003,4.479499999999973,"[-9.625, 12.125000000000028]",0.8910131463849336,"[-1.950215988862819, 2.4387255653871454]",12,3,36,10000
gpu,stock,2,grid_pollution,hot_return,1,94,complete_us,master,final,915.021,920.2085,905.75,918.396,7.1875,"[-21.9375, 36.74950000000001]",0.8100990929412022,"[-2.3296430132633272, 4.2132664183939905]",12,3,36,10000
gpu,stock,2,grid_pollution,hot_return,1,94,draw_us,master,route,452.208,470.45849999999996,451.47900000000004,472.9795,20.56299999999996,"[10.93799999999996, 42.52050000000003]",4.621250142527799,"[2.377300848120467, 9.456182589954565]",12,3,36,10000
gpu,stock,2,grid_pollution,hot_return,1,94,submit_us,master,route,497.625,515.458,493.5,518.479,25.145999999999987,"[10.33299999999997, 39.72899999999996]",5.155861157862129,"[2.03139827460892, 8.049780506130721]",12,3,36,10000
gpu,stock,2,grid_pollution,hot_return,1,94,complete_us,master,route,915.021,937.3125,905.75,926.0835,27.791999999999973,"[14.416499999999985, 67.64549999999997]",3.0692184619135365,"[1.5982952220414792, 7.787359116613979]",12,3,36,10000
gpu,stock,2,grid_pollution,hot_return,1,94,draw_us,current,final,485.85400000000004,457.54200000000003,491.083,454.541,-35.43700000000001,"[-59.02099999999999, -21.104499999999973]",-7.395045726839955,"[-11.357854004385075, -4.281202418899394]",12,3,36,10000
gpu,stock,2,grid_pollution,hot_return,1,94,submit_us,current,final,531.292,503.8955,535.9585,500.91700000000003,-34.39550000000003,"[-58.7715, -20.603999999999985]",-6.5953008811963425,"[-10.554789921359102, -3.747710338027521]",12,3,36,10000
gpu,stock,2,grid_pollution,hot_return,1,94,complete_us,current,final,951.063,920.2085,949.396,918.396,-43.08349999999996,"[-55.91700000000003, -19.478999999999985]",-4.533089214904324,"[-5.774659892061312, -2.05898196606914]",12,3,36,10000
gpu,stock,2,grid_pollution,hot_return,1,94,draw_us,current,route,485.85400000000004,470.45849999999996,491.083,472.9795,-15.645500000000027,"[-27.166500000000013, -2.437000000000012]",-3.2418979865326603,"[-5.401975986558211, -0.51678905958637]",12,3,36,10000
gpu,stock,2,grid_pollution,hot_return,1,94,submit_us,current,route,531.292,515.458,535.9585,518.479,-7.47950000000003,"[-38.646000000000015, 1.291499999999985]",-1.421293943072982,"[-7.122363122102449, 0.2533238085569989]",12,3,36,10000
gpu,stock,2,grid_pollution,hot_return,1,94,complete_us,current,route,951.063,937.3125,949.396,926.0835,-10.771000000000015,"[-40.33300000000003, 9.687999999999988]",-1.1407116701999231,"[-4.09940803657155, 1.0499007493867119]",12,3,36,10000
gpu,stock,2,grid_pollution,hot_return,1,94,draw_us,route,final,470.45849999999996,457.54200000000003,472.9795,454.541,-19.604000000000013,"[-33.50049999999999, -6.229499999999973]",-4.149615700658222,"[-6.959889847391503, -1.332007967410631]",12,3,36,10000
gpu,stock,2,grid_pollution,hot_return,1,94,submit_us,route,final,515.458,503.8955,518.479,500.91700000000003,-23.311999999999983,"[-32.04150000000001, -5.395999999999987]",-4.541705212559865,"[-6.0468621206693935, -1.0444025962777992]",12,3,36,10000
gpu,stock,2,grid_pollution,hot_return,1,94,complete_us,route,final,937.3125,920.2085,926.0835,918.396,-8.70799999999997,"[-52.771499999999946, 7.916999999999973]",-0.9282609584474133,"[-5.7026856175421745, 0.8587985311631408]",12,3,36,10000
gpu,stock,2,grid_pollution,hot_second,1,94,draw_us,master,current,420.83349999999996,384.625,420.83349999999996,388.625,-29.125499999999988,"[-50.41650000000001, -11.333500000000015]",-7.082697335254529,"[-11.627314218515927, -2.5263278806556433]",12,3,36,10000
gpu,stock,2,grid_pollution,hot_second,1,94,submit_us,master,current,460.29150000000004,422.8755,461.583,431.5,-25.958000000000027,"[-49.52050000000003, -8.521000000000015]",-5.641561387665195,"[-10.608200634041875, -1.9139011104401749]",12,3,36,10000
gpu,stock,2,grid_pollution,hot_second,1,94,complete_us,master,current,890.729,861.875,895.5835,860.1665,-22.853999999999985,"[-50.97950000000003, 54.083500000000015]",-2.6033343303084546,"[-5.813378655439328, 6.031977158378844]",12,3,36,10000
gpu,stock,2,grid_pollution,hot_second,1,94,draw_us,master,final,420.83349999999996,385.85400000000004,420.83349999999996,389.16650000000004,-36.83300000000003,"[-44.77050000000003, -17.145999999999987]",-8.841618031557612,"[-10.603614266559745, -4.167988457533022]",12,3,36,10000
gpu,stock,2,grid_pollution,hot_second,1,94,submit_us,master,final,460.29150000000004,423.52099999999996,461.583,427.95799999999997,-35.396000000000015,"[-45.64550000000003, -17.3125]",-7.7840552319474785,"[-9.530624640392515, -3.723052129436594]",12,3,36,10000
gpu,stock,2,grid_pollution,hot_second,1,94,complete_us,master,final,890.729,856.0625,895.5835,853.75,-42.20800000000003,"[-56.79150000000004, -27.603999999999985]",-4.721309093801968,"[-6.4891307537860925, -3.144433245595196]",12,3,36,10000
gpu,stock,2,grid_pollution,hot_second,1,94,draw_us,master,route,420.83349999999996,383.08299999999997,420.83349999999996,383.3125,-39.25,"[-53.64550000000003, -31.0205]",-9.080040049589243,"[-12.323764328603026, -7.273708534336636]",12,3,36,10000
gpu,stock,2,grid_pollution,hot_second,1,94,submit_us,master,route,460.29150000000004,418.417,461.583,419.75,-41.64550000000003,"[-58.85400000000001, -31.333500000000015]",-8.906493731038967,"[-12.215517581974028, -7.043761354568784]",12,3,36,10000
gpu,stock,2,grid_pollution,hot_second,1,94,complete_us,master,route,890.729,858.9794999999999,895.5835,857.375,-47.12450000000001,"[-63.45800000000003, -28.228999999999985]",-5.183577444983495,"[-7.1251662728208265, -3.171376057192332]",12,3,36,10000
gpu,stock,2,grid_pollution,hot_second,1,94,draw_us,current,final,384.625,385.85400000000004,388.625,389.16650000000004,2.75,"[-27.416500000000013, 14.417000000000002]",0.7159727449660924,"[-6.705814735916799, 3.583186513697856]",12,3,36,10000
gpu,stock,2,grid_pollution,hot_second,1,94,submit_us,current,final,422.8755,423.52099999999996,431.5,427.95799999999997,2.583000000000027,"[-38.228500000000025, 13.5]",0.6123516684095387,"[-8.47462535436584, 3.1232333255429734]",12,3,36,10000
gpu,stock,2,grid_pollution,hot_second,1,94,complete_us,current,final,861.875,856.0625,860.1665,853.75,-7.916499999999985,"[-87.29150000000004, -1.958500000000015]",-0.9364080618794957,"[-9.127687772869574, -0.220977456226501]",12,3,36,10000
gpu,stock,2,grid_pollution,hot_second,1,94,draw_us,current,route,384.625,383.08299999999997,388.625,383.3125,-10.874999999999972,"[-30.061999999999983, 7.47999999999999]",-2.845949970432715,"[-7.065550136520294, 2.022744394926046]",12,3,36,10000
gpu,stock,2,grid_pollution,hot_second,1,94,submit_us,current,route,422.8755,418.417,431.5,419.75,-13.937999999999988,"[-34.041499999999985, 10.9375]",-3.3040069007293447,"[-7.454376780716165, 2.7155649396622183]",12,3,36,10000
gpu,stock,2,grid_pollution,hot_second,1,94,complete_us,current,route,861.875,858.9794999999999,860.1665,857.375,-22.353500000000054,"[-99.875, 17.853999999999985]",-2.547707395850857,"[-10.483653650527398, 2.1246303596965666]",12,3,36,10000
gpu,stock,2,grid_pollution,hot_second,1,94,draw_us,route,final,383.08299999999997,385.85400000000004,383.3125,389.16650000000004,-1.4380000000000166,"[-13.3125, 22.854499999999973]",-0.34854732963806034,"[-3.262420987958264, 6.155426926036256]",12,3,36,10000
gpu,stock,2,grid_pollution,hot_second,1,94,submit_us,route,final,418.417,423.52099999999996,419.75,427.95799999999997,-0.1880000000000166,"[-14.208499999999987, 23.500499999999988]",-0.03096478891850274,"[-3.325280463457558, 5.760865580390451]",12,3,36,10000
gpu,stock,2,grid_pollution,hot_second,1,94,complete_us,route,final,858.9794999999999,856.0625,857.375,853.75,12.665500000000065,"[0.353999999999985, 27.396500000000003]",1.4975989344774177,"[0.043518485661070416, 3.2176570674973592]",12,3,36,10000
gpu,stock,2,grid_pollution,pollution,64,6016,draw_us,master,current,471.5992815,501.21424249999995,471.441375,499.809609,30.612336,"[21.112702999999982, 39.61980399999996]",6.560814200633813,"[4.4775047640791765, 8.613714645509152]",12,3,36,10000
gpu,stock,2,grid_pollution,pollution,64,6016,submit_us,master,current,506.84082850000004,537.437805,507.033492,535.6588830000001,30.85744550000001,"[20.9186555, 40.225944999999996]",6.140690583059582,"[4.138907231749666, 8.087003269398929]",12,3,36,10000
gpu,stock,2,grid_pollution,pollution,64,6016,complete_us,master,current,977.7099685000001,1047.8189685,965.2838435,1056.4010155,46.195617500000026,"[14.63739099999998, 102.41218000000003]",5.075498177581994,"[1.5388136934872065, 10.882512235068885]",12,3,36,10000
gpu,stock,2,grid_pollution,pollution,64,6016,draw_us,master,final,471.5992815,469.927078,471.441375,468.0523985,-3.378148500000009,"[-15.096398000000022, 2.013351499999999]",-0.7235221041558382,"[-3.0019660268497947, 0.4331024131084882]",12,3,36,10000
gpu,stock,2,grid_pollution,pollution,64,6016,submit_us,master,final,506.84082850000004,505.744422,507.033492,502.9247655,-3.027320500000002,"[-18.06771100000003, 2.493788999999964]",-0.6076058197048706,"[-3.3058907827792696, 0.5018771414095458]",12,3,36,10000
gpu,stock,2,grid_pollution,pollution,64,6016,complete_us,master,final,977.7099685000001,930.710906,965.2838435,933.4335935,-35.60650750000002,"[-84.16278899999998, -3.856133]",-3.679930557136568,"[-8.069802349226746, -0.41001398124815847]",12,3,36,10000
gpu,stock,2,grid_pollution,pollution,64,6016,draw_us,master,route,471.5992815,485.2717655,471.441375,482.922547,15.6451955,"[5.837944999999991, 18.364945500000005]",3.328789312065916,"[1.1944084827817059, 3.8065669536972213]",12,3,36,10000
gpu,stock,2,grid_pollution,pollution,64,6016,submit_us,master,route,506.84082850000004,521.0774690000001,507.033492,517.091813,15.572586500000028,"[4.824944999999985, 17.79269499999998]",3.0864819473065075,"[0.9047426361282362, 3.4524674518402243]",12,3,36,10000
gpu,stock,2,grid_pollution,pollution,64,6016,complete_us,master,route,977.7099685000001,958.204375,965.2838435,959.3664685,0.6153750000000286,"[-41.85355450000003, 51.19833649999998]",0.13778481563629374,"[-4.193336001466664, 5.386012380910376]",12,3,36,10000
gpu,stock,2,grid_pollution,pollution,64,6016,draw_us,current,final,501.21424249999995,469.927078,499.809609,468.0523985,-32.97105450000001,"[-39.47851600000001, -27.562827999999996]",-6.566775909909712,"[-7.732985435644618, -5.5572265295125]",12,3,36,10000
gpu,stock,2,grid_pollution,pollution,64,6016,submit_us,current,final,537.437805,505.744422,535.6588830000001,502.9247655,-32.790109,"[-41.37110149999998, -28.355835999999982]",-6.201663812424712,"[-7.5468983634055355, -5.327328359439749]",12,3,36,10000
gpu,stock,2,grid_pollution,pollution,64,6016,complete_us,current,final,1047.8189685,930.710906,1056.4010155,933.4335935,-96.83174199999996,"[-142.37018000000006, -49.46159400000005]",-9.138593405832458,"[-13.226764483925107, -5.076054835064642]",12,3,36,10000
gpu,stock,2,grid_pollution,pollution,64,6016,draw_us,current,route,501.21424249999995,485.2717655,499.809609,482.922547,-19.74677299999999,"[-29.790992000000017, -9.308936999999986]",-3.925946306319167,"[-5.816993551725879, -1.8772663644243737]",12,3,36,10000
gpu,stock,2,grid_pollution,pollution,64,6016,submit_us,current,route,537.437805,521.0774690000001,535.6588830000001,517.091813,-20.79193700000002,"[-32.86977350000001, -9.156898499999954]",-3.863660980531791,"[-5.975241409041732, -1.72351258424277]",12,3,36,10000
gpu,stock,2,grid_pollution,pollution,64,6016,complete_us,current,route,1047.8189685,958.204375,1056.4010155,959.3664685,-46.684961000000044,"[-97.45967199999996, -16.44102349999997]",-4.467968273291167,"[-8.864419295752928, -1.6001570111689734]",12,3,36,10000
gpu,stock,2,grid_pollution,pollution,64,6016,draw_us,route,final,485.2717655,469.927078,482.922547,468.0523985,-20.722023500000006,"[-24.705055000000016, -9.113968499999999]",-4.311335909769243,"[-5.014412438836812, -1.8905359066216931]",12,3,36,10000
gpu,stock,2,grid_pollution,pollution,64,6016,submit_us,route,final,521.0774690000001,505.744422,517.091813,502.9247655,-19.657297000000028,"[-26.821320500000013, -8.536156500000004]",-3.826132134520793,"[-5.062134699743776, -1.6522739914274887]",12,3,36,10000
gpu,stock,2,grid_pollution,pollution,64,6016,complete_us,route,final,958.204375,930.710906,959.3664685,933.4335935,-39.544055000000014,"[-77.96268000000003, -16.622703]",-4.072400589839709,"[-7.5325919378387285, -1.7545024394285458]",12,3,36,10000
gpu,stock,2,grid_singleton,once,1,94,draw_us,master,current,513.6245,548.812,517.479,547.312,39.770500000000055,"[18.146000000000015, 73.02050000000003]",7.908905706831948,"[3.540961504439233, 13.02849859311236]",12,3,36,10000
gpu,stock,2,grid_singleton,once,1,94,submit_us,master,current,1866.875,1885.062,1860.229,1878.375,43.5625,"[-5.3125, 110.1875]",2.2978905736639077,"[-0.30822189836043346, 5.7018547617111555]",12,3,36,10000
gpu,stock,2,grid_singleton,once,1,94,complete_us,master,current,2778.687,2887.333,2801.917,2875.7290000000003,83.37450000000013,"[-0.2919999999999163, 179.3125]",3.0230553515876446,"[-0.01261408052483648, 6.525295295668398]",12,3,36,10000
gpu,stock,2,grid_singleton,once,1,94,draw_us,master,final,513.6245,472.0,517.479,467.39599999999996,-47.666999999999945,"[-71.85399999999998, -35.02050000000003]",-9.359341497638546,"[-13.257058242192372, -6.804338429018597]",12,3,36,10000
gpu,stock,2,grid_singleton,once,1,94,submit_us,master,final,1866.875,1777.0625,1860.229,1775.104,-79.18799999999999,"[-116.74950000000001, -31.562000000000012]",-4.23606024668805,"[-6.173608326753199, -1.6987931594766803]",12,3,36,10000
gpu,stock,2,grid_singleton,once,1,94,complete_us,master,final,2778.687,2733.0834999999997,2801.917,2714.8959999999997,-81.14599999999996,"[-122.56299999999987, -17.958999999999833]",-2.8618741387107294,"[-4.303378328143209, -0.6452557157798688]",12,3,36,10000
gpu,stock,2,grid_singleton,once,1,94,draw_us,master,route,513.6245,482.2705,517.479,484.833,-31.353999999999985,"[-43.22999999999996, -7.770500000000027]",-6.04930878401197,"[-8.480638516117944, -1.53490391539583]",12,3,36,10000
gpu,stock,2,grid_singleton,once,1,94,submit_us,master,route,1866.875,1797.25,1860.229,1800.0625,-20.9375,"[-111.52100000000007, 68.14649999999995]",-1.1745294057680933,"[-5.922723888373748, 3.6790006518672924]",12,3,36,10000
gpu,stock,2,grid_singleton,once,1,94,complete_us,master,route,2778.687,2740.5,2801.917,2735.917,-56.54100000000017,"[-212.52099999999996, 48.916999999999916]",-2.0249160200112195,"[-7.558424463906954, 1.793453656167887]",12,3,36,10000
gpu,stock,2,grid_singleton,once,1,94,draw_us,current,final,548.812,472.0,547.312,467.39599999999996,-83.93700000000004,"[-115.56249999999997, -60.47949999999997]",-15.422426492556024,"[-20.080874845457785, -11.320352384338578]",12,3,36,10000
gpu,stock,2,grid_singleton,once,1,94,submit_us,current,final,1885.062,1777.0625,1878.375,1775.104,-125.375,"[-217.1245, -65.625]",-6.759451709442683,"[-10.954458822792478, -3.5508625318755485]",12,3,36,10000
gpu,stock,2,grid_singleton,once,1,94,complete_us,current,final,2887.333,2733.0834999999997,2875.7290000000003,2714.8959999999997,-179.79150000000004,"[-348.1245000000001, -109.31200000000013]",-6.357070213158655,"[-11.502549079348519, -3.8830545016083686]",12,3,36,10000
gpu,stock,2,grid_singleton,once,1,94,draw_us,current,route,548.812,482.2705,547.312,484.833,-68.33250000000001,"[-109.43799999999996, -42.229499999999945]",-12.238140538223153,"[-19.0092710227368, -7.947793574236334]",12,3,36,10000
gpu,stock,2,grid_singleton,once,1,94,submit_us,current,route,1885.062,1797.25,1878.375,1800.0625,-102.10450000000003,"[-230.9374999999999, 10.604499999999916]",-5.470391596371016,"[-10.776538062228603, 0.5657104614165687]",12,3,36,10000
gpu,stock,2,grid_singleton,once,1,94,complete_us,current,route,2887.333,2740.5,2875.7290000000003,2735.917,-138.22850000000017,"[-212.02050000000008, -103.125]",-4.887383710897425,"[-7.190352915067727, -3.397278036080187]",12,3,36,10000
gpu,stock,2,grid_singleton,once,1,94,draw_us,route,final,482.2705,472.0,484.833,467.39599999999996,-20.791500000000013,"[-40.37499999999997, -11.645500000000027]",-4.317660477666196,"[-7.78859728179494, -2.3969850433918527]",12,3,36,10000
gpu,stock,2,grid_singleton,once,1,94,submit_us,route,final,1797.25,1777.0625,1800.0625,1775.104,-70.20849999999996,"[-176.29150000000004, 25.45799999999997]",-3.9132084668190017,"[-8.968723281050316, 1.4353663399921723]",12,3,36,10000
gpu,stock,2,grid_singleton,once,1,94,complete_us,route,final,2740.5,2733.0834999999997,2735.917,2714.8959999999997,-64.22900000000004,"[-142.125, 95.41699999999992]",-2.3453141773634387,"[-5.0313680092797295, 3.6229785189452746]",12,3,36,10000
gpu,stock,2,grid_two_phases,first,1,94,draw_us,master,current,517.5830000000001,533.4375,506.3335,532.9585,11.541499999999985,"[-7.478499999999997, 72.62499999999997]",2.259210485391039,"[-1.4405371967324554, 14.58710982617435]",12,3,36,10000
gpu,stock,2,grid_two_phases,first,1,94,submit_us,master,current,1716.9375,1766.396,1717.6245,1757.75,18.89549999999997,"[-60.562500000000114, 80.52049999999997]",1.1210128008778686,"[-3.4447995983724002, 4.6891053622139856]",12,3,36,10000
gpu,stock,2,grid_two_phases,first,1,94,complete_us,master,current,2634.5,2651.5625,2642.7290000000003,2649.2709999999997,111.12450000000013,"[-85.10400000000004, 330.5004999999999]",4.175915900996441,"[-3.168818770086573, 13.229480067765962]",12,3,36,10000
gpu,stock,2,grid_two_phases,first,1,94,draw_us,master,final,517.5830000000001,456.89599999999996,506.3335,458.77049999999997,-48.896000000000015,"[-58.978999999999985, -25.18749999999997]",-9.26396249349114,"[-11.91816621604914, -4.857352380154634]",12,3,36,10000
gpu,stock,2,grid_two_phases,first,1,94,submit_us,master,final,1716.9375,1665.896,1717.6245,1669.4375,-58.854999999999905,"[-118.02099999999996, -26.541499999999928]",-3.2960967364671245,"[-6.9708061862748805, -1.547734646700738]",12,3,36,10000
gpu,stock,2,grid_two_phases,first,1,94,complete_us,master,final,2634.5,2564.9995,2642.7290000000003,2567.9995,-63.604499999999916,"[-378.72850000000005, 19.125499999999874]",-2.40723412523961,"[-15.04356703634624, 0.717543648714658]",12,3,36,10000
gpu,stock,2,grid_two_phases,first,1,94,draw_us,master,route,517.5830000000001,465.188,506.3335,457.6255,-46.9785,"[-61.39550000000003, -31.187000000000012]",-9.408922220575777,"[-11.899232005044441, -6.3802272934716235]",12,3,36,10000
gpu,stock,2,grid_two_phases,first,1,94,submit_us,master,route,1716.9375,1668.833,1717.6245,1673.646,-44.47950000000003,"[-103.64600000000007, 2.5620000000001255]",-2.626103971842786,"[-5.84699084961513, 0.1315120495249955]",12,3,36,10000
gpu,stock,2,grid_two_phases,first,1,94,complete_us,master,route,2634.5,2606.312,2642.7290000000003,2606.312,-59.395500000000084,"[-242.10350000000005, 21.208499999999958]",-2.201127518763651,"[-10.065868296552438, 0.8498299522513242]",12,3,36,10000
gpu,stock,2,grid_two_phases,first,1,94,draw_us,current,final,533.4375,456.89599999999996,532.9585,458.77049999999997,-76.14649999999997,"[-128.2705, -39.95900000000003]",-14.98746158581475,"[-21.8240413201235, -7.904849477748726]",12,3,36,10000
gpu,stock,2,grid_two_phases,first,1,94,submit_us,current,final,1766.396,1665.896,1757.75,1669.4375,-105.02049999999997,"[-235.64549999999997, -28.270999999999958]",-5.84053870043409,"[-12.786715449866719, -1.7002208376066863]",12,3,36,10000
gpu,stock,2,grid_two_phases,first,1,94,complete_us,current,final,2651.5625,2564.9995,2649.2709999999997,2567.9995,-286.1455000000001,"[-534.8129999999998, 6.145500000000084]",-9.660447933802613,"[-19.447232341190645, 0.23990773836478074]",12,3,36,10000
gpu,stock,2,grid_two_phases,first,1,94,draw_us,current,route,533.4375,465.188,532.9585,457.6255,-68.83350000000002,"[-128.2705, -49.1875]",-13.026105472117555,"[-20.572825623707974, -9.777180910014323]",12,3,36,10000
gpu,stock,2,grid_two_phases,first,1,94,submit_us,current,route,1766.396,1668.833,1757.75,1673.646,-95.66650000000004,"[-228.58349999999996, 14.708999999999946]",-5.328155201018764,"[-13.279450583220193, 1.0264560600089345]",12,3,36,10000
gpu,stock,2,grid_two_phases,first,1,94,complete_us,current,route,2651.5625,2606.312,2649.2709999999997,2606.312,-40.666999999999916,"[-432.625, 64.45849999999996]",-1.4645273241699672,"[-14.033646930216399, 2.3410256562701237]",12,3,36,10000
gpu,stock,2,grid_two_phases,first,1,94,draw_us,route,final,465.188,456.89599999999996,457.6255,458.77049999999997,-6.270999999999987,"[-36.43799999999996, 27.7705]",-1.3982200778221265,"[-7.62726052853589, 6.248961957960231]",12,3,36,10000
gpu,stock,2,grid_two_phases,first,1,94,submit_us,route,final,1668.833,1665.896,1673.646,1669.4375,12.104000000000042,"[-80.10449999999992, 60.70850000000007]",0.7201649059067838,"[-4.660713239446585, 3.8928272368852213]",12,3,36,10000
gpu,stock,2,grid_two_phases,first,1,94,complete_us,route,final,2606.312,2564.9995,2606.312,2567.9995,-26.062999999999874,"[-348.8120000000001, 101.45849999999996]",-0.9986021184067773,"[-12.175495392349223, 4.012268686946074]",12,3,36,10000
gpu,stock,2,grid_two_phases,second,1,94,draw_us,master,current,453.91650000000004,398.83349999999996,455.562,399.10400000000004,-48.0625,"[-76.77099999999999, -7.687000000000012]",-10.875167779809491,"[-16.349257699583006, -1.7730962514323156]",12,3,36,10000
gpu,stock,2,grid_two_phases,second,1,94,submit_us,master,current,489.54150000000004,437.187,492.875,440.02049999999997,-45.583500000000015,"[-77.89650000000003, 3.0209999999999866]",-9.397178018513625,"[-15.158868350331362, 0.6854451909738213]",12,3,36,10000
gpu,stock,2,grid_two_phases,second,1,94,complete_us,master,current,921.1455,870.9375,922.4165,887.729,-33.5,"[-82.4375, 277.9375]",-3.6983012300951135,"[-8.89830762650487, 30.37573361591318]",12,3,36,10000
gpu,stock,2,grid_two_phases,second,1,94,draw_us,master,final,453.91650000000004,385.85450000000003,455.562,386.2505,-60.37500000000003,"[-75.25, -41.52099999999999]",-13.276009011295347,"[-16.090918229140033, -9.612571655673374]",12,3,36,10000
gpu,stock,2,grid_two_phases,second,1,94,submit_us,master,final,489.54150000000004,423.95849999999996,492.875,425.6875,-63.6455,"[-81.91650000000004, -42.9375]",-12.914638868350037,"[-15.894104563538525, -9.125377998180468]",12,3,36,10000
gpu,stock,2,grid_two_phases,second,1,94,complete_us,master,final,921.1455,849.1875,922.4165,851.9794999999999,-60.16699999999997,"[-100.10399999999998, -36.68700000000001]",-6.463837594928779,"[-10.803018274501541, -4.168791030194447]",12,3,36,10000
gpu,stock,2,grid_two_phases,second,1,94,draw_us,master,route,453.91650000000004,395.0215,455.562,393.4375,-54.20849999999999,"[-70.58250000000001, -40.9375]",-11.951459535259396,"[-15.609151542380578, -9.168914694186036]",12,3,36,10000
gpu,stock,2,grid_two_phases,second,1,94,submit_us,master,route,489.54150000000004,431.41700000000003,492.875,431.41700000000003,-59.583,"[-72.45800000000003, -39.85499999999996]",-12.111480440000992,"[-14.812033364258177, -8.690207260340532]",12,3,36,10000
gpu,stock,2,grid_two_phases,second,1,94,complete_us,master,route,921.1455,851.0415,922.4165,853.667,-65.12449999999995,"[-73.77049999999997, 200.43700000000007]",-7.0880297516335515,"[-8.336234160787631, 19.049896859024415]",12,3,36,10000
gpu,stock,2,grid_two_phases,second,1,94,draw_us,current,final,398.83349999999996,385.85450000000003,399.10400000000004,386.2505,-13.166000000000025,"[-27.228999999999985, -5.833000000000027]",-3.2478226617658534,"[-6.458138679062403, -1.5065343584179935]",12,3,36,10000
gpu,stock,2,grid_two_phases,second,1,94,submit_us,current,final,437.187,423.95849999999996,440.02049999999997,425.6875,-18.415999999999997,"[-37.47900000000001, -7.145999999999987]",-4.113370408262485,"[-7.930418695082874, -1.6725733874567883]",12,3,36,10000
gpu,stock,2,grid_two_phases,second,1,94,complete_us,current,final,870.9375,849.1875,887.729,851.9794999999999,-32.499499999999955,"[-292.1665, -19.895999999999958]",-3.6886700874457112,"[-23.52344111348331, -2.2869163640501124]",12,3,36,10000
gpu,stock,2,grid_two_phases,second,1,94,draw_us,current,route,398.83349999999996,395.0215,399.10400000000004,393.4375,-2.625499999999988,"[-40.16650000000001, 13.875499999999988]",-0.6676187179641857,"[-9.47923350806405, 3.6503842883752857]",12,3,36,10000
gpu,stock,2,grid_two_phases,second,1,94,submit_us,current,route,437.187,431.41700000000003,440.02049999999997,431.41700000000003,-8.958499999999987,"[-48.60400000000001, 11.521499999999975]",-2.0345373229284647,"[-10.3240618471949, 2.626951171359826]",12,3,36,10000
gpu,stock,2,grid_two_phases,second,1,94,complete_us,current,route,870.9375,851.0415,887.729,853.667,2.374500000000012,"[-203.12499999999994, 78.33350000000002]",0.26499076618787254,"[-19.963219760937267, 6.014429286032785]",12,3,36,10000
gpu,stock,2,grid_two_phases,second,1,94,draw_us,route,final,395.0215,385.85450000000003,393.4375,386.2505,1.3124999999999716,"[-15.790999999999997, 4.957999999999998]",0.331139271002584,"[-3.963243021179441, 1.2796178130402902]",12,3,36,10000
gpu,stock,2,grid_two_phases,second,1,94,submit_us,route,final,431.41700000000003,423.95849999999996,431.41700000000003,425.6875,-0.5209999999999866,"[-14.770500000000027, 9.478999999999985]",-0.1283221322225081,"[-3.3160647584077605, 2.195570664545099]",12,3,36,10000
gpu,stock,2,grid_two_phases,second,1,94,complete_us,route,final,851.0415,849.1875,853.667,851.9794999999999,-4.978999999999985,"[-308.06199999999995, 24.665999999999997]",-0.5895212679620565,"[-21.462239172859913, 3.0057035978574564]",12,3,36,10000
gpu,stock,2,grid_unique_sizes,sweep,32,3008,draw_us,master,current,451.9505315,483.43364099999997,450.67904699999997,480.57231249999995,36.86318750000001,"[20.597561999999982, 44.619078]",8.204951272821182,"[4.487815170123877, 10.104186713822749]",12,3,36,10000
gpu,stock,2,grid_unique_sizes,sweep,32,3008,submit_us,master,current,523.100281,553.527922,523.100281,551.6276095000001,37.45179699999994,"[21.39264099999997, 43.324187499999994]",7.327853045201394,"[4.008081182602408, 8.28244538709877]",12,3,36,10000
gpu,stock,2,grid_unique_sizes,sweep,32,3008,complete_us,master,current,1119.1699375,1171.9700625,1136.8229375,1171.9700625,94.40164049999998,"[-82.64662449999997, 147.99353100000008]",8.165399987406053,"[-7.418010357872973, 13.19479192198708]",12,3,36,10000
gpu,stock,2,grid_unique_sizes,sweep,32,3008,draw_us,master,final,451.9505315,445.275375,450.67904699999997,443.96295299999997,-13.029437999999999,"[-23.43881250000001, 5.845046499999995]",-2.9130620698771925,"[-5.02460178673369, 1.3195763145640416]",12,3,36,10000
gpu,stock,2,grid_unique_sizes,sweep,32,3008,submit_us,master,final,523.100281,515.4382185,523.100281,511.925125,-16.741562500000043,"[-26.63207799999998, 0.02993799999995872]",-3.235285294596996,"[-4.895801928349197, 0.0009456340853586376]",12,3,36,10000
gpu,stock,2,grid_unique_sizes,sweep,32,3008,complete_us,master,final,1119.1699375,1054.6243125,1136.8229375,1050.283203,-3.8873744999999644,"[-114.48379649999993, 7.446530999999936]",-0.3469673558298192,"[-10.775760485378001, 0.6476399517825748]",12,3,36,10000
gpu,stock,2,grid_unique_sizes,sweep,32,3008,draw_us,master,route,451.9505315,464.3580625,450.67904699999997,462.2544845,7.305953000000017,"[-8.002530999999976, 22.382031499999982]",1.6309909043808024,"[-1.6613536068566692, 5.102864063863088]",12,3,36,10000
gpu,stock,2,grid_unique_sizes,sweep,32,3008,submit_us,master,route,523.100281,533.02225,523.100281,532.2604375000001,5.8756404999999745,"[-10.919890500000008, 21.05793749999998]",1.1389434343972438,"[-1.9432609794847677, 4.144070147870593]",12,3,36,10000
gpu,stock,2,grid_unique_sizes,sweep,32,3008,complete_us,master,route,1119.1699375,1144.1158755000001,1136.8229375,1144.1158755000001,35.352218500000106,"[-20.28512499999988, 81.56503200000009]",3.2455094565876474,"[-1.7828883628103698, 7.548957865554618]",12,3,36,10000
gpu,stock,2,grid_unique_sizes,sweep,32,3008,draw_us,current,final,483.43364099999997,445.275375,480.57231249999995,443.96295299999997,-38.708281,"[-49.123672, -32.268890999999996]",-7.989254576444377,"[-10.090480490756242, -6.759619644707071]",12,3,36,10000
gpu,stock,2,grid_unique_sizes,sweep,32,3008,submit_us,current,final,553.527922,515.4382185,551.6276095000001,511.925125,-43.61454649999999,"[-53.601546999999954, -33.836562999999984]",-7.8013633042636865,"[-9.562338330391, -6.25537046183045]",12,3,36,10000
gpu,stock,2,grid_unique_sizes,sweep,32,3008,complete_us,current,final,1171.9700625,1054.6243125,1171.9700625,1050.283203,-100.7668900000001,"[-165.2273595000001, -50.14518800000002]",-8.749173869946047,"[-13.175419804353371, -4.5455071316364615]",12,3,36,10000
gpu,stock,2,grid_unique_sizes,sweep,32,3008,draw_us,current,route,483.43364099999997,464.3580625,480.57231249999995,462.2544845,-21.903672,"[-34.60668749999999, -12.860672000000022]",-4.50175813911936,"[-7.008165859254827, -2.701996465641293]",12,3,36,10000
gpu,stock,2,grid_unique_sizes,sweep,32,3008,submit_us,current,route,553.527922,533.02225,551.6276095000001,532.2604375000001,-25.742812500000014,"[-39.195296999999925, -10.905031500000007]",-4.6758716460038325,"[-6.887961999344055, -1.9943104627787922]",12,3,36,10000
gpu,stock,2,grid_unique_sizes,sweep,32,3008,complete_us,current,route,1171.9700625,1144.1158755000001,1171.9700625,1144.1158755000001,-54.01104650000002,"[-131.48632799999996, 69.83012500000001]",-4.470035128632471,"[-10.227719132646651, 7.051773150355588]",12,3,36,10000
gpu,stock,2,grid_unique_sizes,sweep,32,3008,draw_us,route,final,464.3580625,445.275375,462.2544845,443.96295299999997,-18.218062500000002,"[-28.251375499999995, -5.705031500000018]",-3.95904716036124,"[-5.902659807352833, -1.2561133076189446]",12,3,36,10000
gpu,stock,2,grid_unique_sizes,sweep,32,3008,submit_us,route,final,533.02225,515.4382185,532.2604375000001,511.925125,-18.639922000000013,"[-31.52285950000001, -5.938843499999933]",-3.5022421217089206,"[-5.88973058693511, -1.139791552134628]",12,3,36,10000
gpu,stock,2,grid_unique_sizes,sweep,32,3008,complete_us,route,final,1144.1158755000001,1054.6243125,1144.1158755000001,1050.283203,-57.17195300000009,"[-161.5780005000001, 15.932202999999845]",-5.166420786185344,"[-13.977925833932042, 1.4266970476104035]",12,3,36,10000
gpu,stock,2,grid_unique_variations,sweep,32,3008,draw_us,master,current,520.399031,555.7603280000001,522.0233595,555.7603280000001,33.689374999999984,"[32.673156000000006, 45.42448400000001]",6.610921277097848,"[6.218319677701045, 8.869830401412916]",12,3,36,10000
gpu,stock,2,grid_unique_variations,sweep,32,3008,submit_us,master,current,592.824125,629.1776565,594.957594,627.554625,35.69078100000007,"[30.74932799999999, 48.16537500000004]",6.069854267444164,"[5.211760153869271, 8.261054875810736]",12,3,36,10000
gpu,stock,2,grid_unique_variations,sweep,32,3008,complete_us,master,current,1033.1315155000002,1092.0331405,1033.1315155000002,1086.6178125000001,41.79559399999994,"[-25.69793699999991, 111.26098449999984]",4.06934151857442,"[-1.9887411675653444, 9.705740030758058]",12,3,36,10000
gpu,stock,2,grid_unique_variations,sweep,32,3008,draw_us,master,final,520.399031,437.43229699999995,522.0233595,436.7096875,-79.25973450000004,"[-85.35532799999999, -68.88342150000003]",-15.254445137345694,"[-16.394651946398692, -13.533722039147644]",12,3,36,10000
gpu,stock,2,grid_unique_variations,sweep,32,3008,submit_us,master,final,592.824125,509.3033745,594.957594,508.1725,-78.86520300000001,"[-89.53643749999998, -70.07031249999997]",-13.127518196658201,"[-15.189092039869568, -12.218597500955948]",12,3,36,10000
gpu,stock,2,grid_unique_variations,sweep,32,3008,complete_us,master,final,1033.1315155000002,957.7826405000001,1033.1315155000002,953.1927495,-83.38081300000005,"[-144.4238904999999, -67.14768849999996]",-7.767355926162994,"[-12.786691497679858, -6.205672826636971]",12,3,36,10000
gpu,stock,2,grid_unique_variations,sweep,32,3008,draw_us,master,route,520.399031,460.0853595,522.0233595,460.0853595,-58.88870350000002,"[-66.10420300000001, -49.36965649999996]",-11.311398279403756,"[-12.61941654169022, -9.64696503796758]",12,3,36,10000
gpu,stock,2,grid_unique_variations,sweep,32,3008,submit_us,master,route,592.824125,532.2891095,594.957594,531.3300469999999,-57.442609499999946,"[-66.67318699999998, -48.807968500000015]",-9.805120567111253,"[-11.046956953083487, -8.398873726838584]",12,3,36,10000
gpu,stock,2,grid_unique_variations,sweep,32,3008,complete_us,master,route,1033.1315155000002,981.31375,1033.1315155000002,984.8651405,-60.95640650000007,"[-190.5535625, -12.042843500000004]",-5.936476839196669,"[-16.31955648671252, -1.1838115749718825]",12,3,36,10000
gpu,stock,2,grid_unique_variations,sweep,32,3008,draw_us,current,final,555.7603280000001,437.43229699999995,555.7603280000001,436.7096875,-119.16982850000002,"[-123.96543700000001, -103.65160900000001]",-21.52686043883365,"[-22.14143104672758, -19.25146069558058]",12,3,36,10000
gpu,stock,2,grid_unique_variations,sweep,32,3008,submit_us,current,final,629.1776565,509.3033745,627.554625,508.1725,-120.08789050000007,"[-129.3872815, -102.75715650000001]",-19.18170655208811,"[-20.53153983502891, -16.793942118110895]",12,3,36,10000
gpu,stock,2,grid_unique_variations,sweep,32,3008,complete_us,current,final,1092.0331405,957.7826405000001,1086.6178125000001,953.1927495,-130.55659400000002,"[-207.47142199999996, -100.68671950000004]",-12.244711512809959,"[-17.86225019590925, -9.44153524805439]",12,3,36,10000
gpu,stock,2,grid_unique_variations,sweep,32,3008,draw_us,current,route,555.7603280000001,460.0853595,555.7603280000001,460.0853595,-91.6782815,"[-108.011078, -86.09556250000003]",-16.756120852857027,"[-19.056470776448812, -15.739992665770325]",12,3,36,10000
gpu,stock,2,grid_unique_variations,sweep,32,3008,submit_us,current,route,629.1776565,532.2891095,627.554625,531.3300469999999,-90.74860949999999,"[-112.40504700000002, -83.02526550000005]",-14.67072423419975,"[-17.470868647611354, -13.582946727441769]",12,3,36,10000
gpu,stock,2,grid_unique_variations,sweep,32,3008,complete_us,current,route,1092.0331405,981.31375,1086.6178125000001,984.8651405,-103.24167150000005,"[-192.50189099999994, -80.81964049999999]",-9.551961037806523,"[-16.584228810759388, -7.5860071862941805]",12,3,36,10000
gpu,stock,2,grid_unique_variations,sweep,32,3008,draw_us,route,final,460.0853595,437.43229699999995,460.0853595,436.7096875,-18.337249500000013,"[-31.940188000000006, -17.074094000000002]",-4.0191171086312645,"[-6.942062570733482, -3.6814767120803893]",12,3,36,10000
gpu,stock,2,grid_unique_variations,sweep,32,3008,submit_us,route,final,532.2891095,509.3033745,531.3300469999999,508.1725,-22.66721899999996,"[-36.14189049999999, -15.602171499999997]",-4.205605006810731,"[-6.714127300809903, -2.8966100022225714]",12,3,36,10000
gpu,stock,2,grid_unique_variations,sweep,32,3008,complete_us,route,final,981.31375,957.7826405000001,984.8651405,953.1927495,-34.98685950000004,"[-52.60360999999995, -7.2844219999999495]",-3.557793288029454,"[-5.324119443527825, -0.7547761926575969]",12,3,36,10000
gpu,stock,2,text,first_paint,1,1344,draw_us,master,current,11685.145499999999,11516.4165,11621.146,11526.145499999999,-24.54199999999946,"[-235.9380000000001, 132.0629999999992]",-0.20444520105116215,"[-2.0038203714881853, 1.150634962409114]",12,3,36,10000
gpu,stock,2,text,first_paint,1,1344,submit_us,master,current,18705.8545,18482.0625,18510.4165,18360.8125,55.91700000000128,"[-633.8745000000017, 414.04249999999956]",0.31634495836194154,"[-3.3120193993749325, 2.3186889118981813]",12,3,36,10000
gpu,stock,2,text,first_paint,1,1344,complete_us,master,current,30751.4585,29905.354,30604.2915,29976.604,-675.8539999999994,"[-2112.7924999999996, 22.52100000000064]",-2.193471001779751,"[-6.710547232273411, 0.06803652685867245]",12,3,36,10000
gpu,stock,2,text,first_paint,1,1344,draw_us,master,final,11685.145499999999,11224.9375,11621.146,11240.854500000001,-380.27099999999973,"[-544.9580000000005, -261.375]",-3.331535950717701,"[-4.572682884995966, -2.3313297246325915]",12,3,36,10000
gpu,stock,2,text,first_paint,1,1344,submit_us,master,final,18705.8545,18181.3125,18510.4165,18135.6045,-330.54149999999936,"[-947.25, 158.8130000000001]",-1.847500244832967,"[-4.952022093103192, 0.8746757654681803]",12,3,36,10000
gpu,stock,2,text,first_paint,1,1344,complete_us,master,final,30751.4585,29632.625,30604.2915,29621.042,-712.0834999999988,"[-1413.3329999999987, -197.77099999999882]",-2.338945539197157,"[-4.710213600807695, -0.6195770598717731]",12,3,36,10000
gpu,stock,2,text,first_paint,1,1344,draw_us,master,route,11685.145499999999,11464.334,11621.146,11474.187,-102.4375,"[-368.3334999999988, 29.374499999999898]",-0.8797550347738325,"[-3.1167061030121737, 0.258454372740724]",12,3,36,10000
gpu,stock,2,text,first_paint,1,1344,submit_us,master,route,18705.8545,18436.271,18510.4165,18427.479,153.41649999999936,"[-462.5005000000019, 298.10349999999926]",0.8461441007027726,"[-2.460083893429416, 1.578909954353147]",12,3,36,10000
gpu,stock,2,text,first_paint,1,1344,complete_us,master,route,30751.4585,30606.729,30604.2915,30696.0,-47.6875,"[-666.3125, 601.5835000000006]",-0.12777485396702204,"[-2.1602440917787513, 1.9614350817365955]",12,3,36,10000
gpu,stock,2,text,first_paint,1,1344,draw_us,current,final,11516.4165,11224.9375,11526.145499999999,11240.854500000001,-382.60399999999936,"[-526.2290000000003, -176.29150000000027]",-3.3367191385826835,"[-4.558282496376343, -1.548250314848254]",12,3,36,10000
gpu,stock,2,text,first_paint,1,1344,submit_us,current,final,18482.0625,18181.3125,18360.8125,18135.6045,-217.83350000000064,"[-616.5210000000006, -116.35399999999936]",-1.1962182119910902,"[-3.320320522643705, -0.6360691299166277]",12,3,36,10000
gpu,stock,2,text,first_paint,1,1344,complete_us,current,final,29905.354,29632.625,29976.604,29621.042,-231.6255000000001,"[-1296.375, 1493.3134999999984]",-0.7556115387290285,"[-4.2705645162258214, 5.379894901508897]",12,3,36,10000
gpu,stock,2,text,first_paint,1,1344,draw_us,current,route,11516.4165,11464.334,11526.145499999999,11474.187,-148.77099999999973,"[-241.04099999999926, 113.91649999999936]",-1.3216839989951656,"[-2.0586683489912607, 0.9933362838125626]",12,3,36,10000
gpu,stock,2,text,first_paint,1,1344,submit_us,current,route,18482.0625,18436.271,18360.8125,18427.479,-55.10450000000128,"[-352.83350000000064, 404.02050000000054]",-0.30200700359673815,"[-1.914600690849172, 2.1786047730500413]",12,3,36,10000
gpu,stock,2,text,first_paint,1,1344,complete_us,current,route,29905.354,30606.729,29976.604,30696.0,603.1459999999988,"[59.89600000000064, 1992.4789999999994]",2.0087432326851395,"[0.19069709116691924, 7.201537488222043]",12,3,36,10000
gpu,stock,2,text,first_paint,1,1344,draw_us,route,final,11464.334,11224.9375,11474.187,11240.854500000001,-315.08350000000064,"[-457.125, -97.68700000000081]",-2.705386619249256,"[-3.966751696341464, -0.858629900551916]",12,3,36,10000
gpu,stock,2,text,first_paint,1,1344,submit_us,route,final,18436.271,18181.3125,18427.479,18135.6045,-381.39600000000064,"[-534.7289999999994, -116.41649999999936]",-2.085138295595007,"[-2.942187929806245, -0.6185194043097253]",12,3,36,10000
gpu,stock,2,text,first_paint,1,1344,complete_us,route,final,30606.729,29632.625,30696.0,29621.042,-803.1664999999994,"[-1456.7704999999987, -445.16699999999946]",-2.594876940781993,"[-4.828653722738058, -1.4483317171500865]",12,3,36,10000
gpu,stock,2,text,reflow,3,5,draw_us,master,current,1989.2081665,1981.5001665,1978.590167,1991.708333,18.354000000000156,"[1.235667000000035, 37.43049999999994]",0.9436984159313044,"[0.06487864401675814, 1.8725603678119263]",12,3,36,10000
gpu,stock,2,text,reflow,3,5,submit_us,master,current,2158.8265,2151.861333,2148.2155000000002,2161.1386665,18.215166499999896,"[-2.3475005000000237, 39.860833000000184]",0.8447093859822119,"[-0.1116527782818788, 1.8345596527454155]",12,3,36,10000
gpu,stock,2,text,reflow,3,5,complete_us,master,current,2721.3125,2719.0833334999998,2726.6111665,2731.7569999999996,-18.8266665000001,"[-38.80516650000004, 15.069667000000209]",-0.7110469828423172,"[-1.4172006378936342, 0.548482720785104]",12,3,36,10000
gpu,stock,2,text,reflow,3,5,draw_us,master,final,1989.2081665,2021.604167,1978.590167,2037.347333,42.67399950000015,"[13.8886665, 79.65999999999997]",2.1519846762746986,"[0.7175578633632607, 3.956031582258479]",12,3,36,10000
gpu,stock,2,text,reflow,3,5,submit_us,master,final,2158.8265,2190.7081665,2148.2155000000002,2208.132,48.590333499999815,"[16.403166000000056, 87.84716700000013]",2.293364549740373,"[0.7655139971260994, 4.0142386103503735]",12,3,36,10000
gpu,stock,2,text,reflow,3,5,complete_us,master,final,2721.3125,2766.3125,2726.6111665,2772.6738335,36.66733349999981,"[-20.98633299999983, 118.10399999999981]",1.3415069085133235,"[-0.7458794585236905, 4.457716355435492]",12,3,36,10000
gpu,stock,2,text,reflow,3,5,draw_us,master,route,1989.2081665,2028.3263335000001,1978.590167,2022.8125,37.4375,"[16.29166650000002, 79.02750000000015]",1.870824579545327,"[0.8219903614982926, 4.1189775177974735]",12,3,36,10000
gpu,stock,2,text,reflow,3,5,submit_us,master,route,2158.8265,2198.1598335,2148.2155000000002,2192.6531665,45.54883299999983,"[11.396332999999913, 86.27066700000023]",2.0971093447960665,"[0.5323543828280375, 4.100579188049524]",12,3,36,10000
gpu,stock,2,text,reflow,3,5,complete_us,master,route,2721.3125,2754.1526670000003,2726.6111665,2741.562667,5.569334000000026,"[-34.62483299999985, 103.48583299999996]",0.20244632207304658,"[-1.249198545489394, 3.899708101627719]",12,3,36,10000
gpu,stock,2,text,reflow,3,5,draw_us,current,final,1981.5001665,2021.604167,1991.708333,2037.347333,36.27133300000003,"[2.173999999999978, 78.29849999999999]",1.8877703855286532,"[0.10209096877729085, 3.9042210008313316]",12,3,36,10000
gpu,stock,2,text,reflow,3,5,submit_us,current,final,2151.861333,2190.7081665,2161.1386665,2208.132,40.13933300000008,"[-2.1246664999998757, 98.09700050000015]",1.9278640394490343,"[-0.10619813752604235, 4.443045779255883]",12,3,36,10000
gpu,stock,2,text,reflow,3,5,complete_us,current,final,2719.0833334999998,2766.3125,2731.7569999999996,2772.6738335,58.69466650000004,"[12.951333499999919, 92.25683350000008]",2.1495688013563385,"[0.4672053249509922, 3.3877420415662107]",12,3,36,10000
gpu,stock,2,text,reflow,3,5,draw_us,current,route,1981.5001665,2028.3263335000001,1991.708333,2022.8125,41.35433300000011,"[-0.20783349999999245, 75.41683300000011]",2.0995154590667364,"[-0.002467663252825325, 3.8383691203623838]",12,3,36,10000
gpu,stock,2,text,reflow,3,5,submit_us,current,route,2151.861333,2198.1598335,2161.1386665,2192.6531665,35.195166499999914,"[-13.19416649999971, 90.20900000000029]",1.629402937414648,"[-0.6007628749008398, 4.3279938748223]",12,3,36,10000
gpu,stock,2,text,reflow,3,5,complete_us,current,route,2719.0833334999998,2754.1526670000003,2731.7569999999996,2741.562667,-5.805832999999893,"[-39.61799999999994, 87.55550000000017]",-0.20987551044295283,"[-1.436129255017421, 3.2474663452017327]",12,3,36,10000
gpu,stock,2,text,reflow,3,5,draw_us,route,final,2028.3263335000001,2021.604167,2022.8125,2037.347333,-2.13183400000014,"[-20.576333500000032, 41.65950049999992]",-0.10152593324083137,"[-1.0282210747700637, 2.0352975288649655]",12,3,36,10000
gpu,stock,2,text,reflow,3,5,submit_us,route,final,2198.1598335,2190.7081665,2192.6531665,2208.132,-3.458832999999686,"[-31.47916699999996, 54.763500499999736]",-0.15495629501254826,"[-1.4671293448726863, 2.467050360708023]",12,3,36,10000
gpu,stock,2,text,reflow,3,5,complete_us,route,final,2754.1526670000003,2766.3125,2741.562667,2772.6738335,28.33333349999998,"[-45.735833000000184, 97.75]",1.0682871809568173,"[-1.6615216348046413, 3.5687591394461093]",12,3,36,10000
gpu,stock,2,text,size_advance,12,6066,draw_us,master,current,6471.612833,6290.973916499999,6479.8056665,6285.184125,-187.69270849999975,"[-268.6581249999999, -123.7987079999998]",-2.9814926290464783,"[-4.094147543043131, -1.933473821220183]",12,3,36,10000
gpu,stock,2,text,size_advance,12,6066,submit_us,master,current,6644.4148335,6458.3853335,6654.427167,6454.314291500001,-195.12858350000033,"[-279.9531254999997, -127.13200000000006]",-3.0387074465471233,"[-4.15012903844012, -1.9341920950887437]",12,3,36,10000
gpu,stock,2,text,size_advance,12,6066,complete_us,master,current,9874.076375,9653.953042000001,9912.650958499999,9720.664792,-278.7603745000006,"[-397.00879149999946, -29.96362450000015]",-2.8258500160759645,"[-4.022213482006565, -0.3069619502104326]",12,3,36,10000
gpu,stock,2,text,size_advance,12,6066,draw_us,master,final,6471.612833,6339.89225,6479.8056665,6325.47575,-103.01558300000033,"[-242.84358350000002, -5.96533350000027]",-1.6217156933369836,"[-3.6686469391291725, -0.08103815847578244]",12,3,36,10000
gpu,stock,2,text,size_advance,12,6066,submit_us,master,final,6644.4148335,6518.6665415,6654.427167,6485.564167,-113.63037500000019,"[-260.73249949999945, 0.12158299999964584]",-1.7343653948542759,"[-3.8282389138479536, 0.014939881928466292]",12,3,36,10000
gpu,stock,2,text,size_advance,12,6066,complete_us,master,final,9874.076375,9701.116375,9912.650958499999,9701.116375,-146.40958299999966,"[-417.8195420000011, -69.53287500000079]",-1.4291863876624622,"[-4.217186191442762, -0.7059226902267235]",12,3,36,10000
gpu,stock,2,text,size_advance,12,6066,draw_us,master,route,6471.612833,6358.529542,6479.8056665,6359.659708499999,-107.4324585000004,"[-203.5484164999998, -46.62162499999977]",-1.6780215540620425,"[-3.1045578492545687, -0.7430100326804356]",12,3,36,10000
gpu,stock,2,text,size_advance,12,6066,submit_us,master,route,6644.4148335,6529.8195,6654.427167,6524.657875000001,-115.2048749999999,"[-225.9045414999996, -41.56083350000017]",-1.7528092309837484,"[-3.3484875807084755, -0.6236510023558184]",12,3,36,10000
gpu,stock,2,text,size_advance,12,6066,complete_us,master,route,9874.076375,9799.722291999999,9912.650958499999,9786.305499999999,-144.9531665000004,"[-423.5589585000007, -8.366625000000568]",-1.490217368379726,"[-4.168715233516473, -0.08638285919991828]",12,3,36,10000
gpu,stock,2,text,size_advance,12,6066,draw_us,current,final,6290.973916499999,6339.89225,6285.184125,6325.47575,54.82112499999994,"[-13.659791999999925, 126.41483299999982]",0.8849977214274274,"[-0.21364694121727146, 2.0116849640736345]",12,3,36,10000
gpu,stock,2,text,size_advance,12,6066,submit_us,current,final,6458.3853335,6518.6665415,6454.314291500001,6485.564167,57.913083500000084,"[-16.19962499999974, 139.8680005000001]",0.9119538393186355,"[-0.24782788083343443, 2.1596737953387235]",12,3,36,10000
gpu,stock,2,text,size_advance,12,6066,complete_us,current,final,9653.953042000001,9701.116375,9720.664792,9701.116375,-97.60420900000099,"[-156.67191700000058, 138.09029100000043]",-1.0185087592158526,"[-1.5851709846406214, 1.4756824265144242]",12,3,36,10000
gpu,stock,2,text,size_advance,12,6066,draw_us,current,route,6290.973916499999,6358.529542,6285.184125,6359.659708499999,88.35937500000045,"[16.366249499999412, 158.85404199999994]",1.3958071212847867,"[0.2604772077033357, 2.624788091198693]",12,3,36,10000
gpu,stock,2,text,size_advance,12,6066,submit_us,current,route,6458.3853335,6529.8195,6454.314291500001,6524.657875000001,87.15258349999976,"[11.92712500000016, 175.0658750000007]",1.3396223521391581,"[0.18495492903015665, 2.7076449566049154]",12,3,36,10000
gpu,stock,2,text,size_advance,12,6066,complete_us,current,route,9653.953042000001,9799.722291999999,9720.664792,9786.305499999999,54.40966649999973,"[-149.06091650000053, 134.3177495]",0.5610915557969998,"[-1.476963987780161, 1.401805257323907]",12,3,36,10000
gpu,stock,2,text,size_advance,12,6066,draw_us,route,final,6358.529542,6339.89225,6359.659708499999,6325.47575,-28.446124999999483,"[-107.6491245000002, 106.4653330000001]",-0.4555642606996202,"[-1.6695556754350915, 1.7052345158737992]",12,3,36,10000
gpu,stock,2,text,size_advance,12,6066,submit_us,route,final,6529.8195,6518.6665415,6524.657875000001,6485.564167,-30.395875499999875,"[-125.44083299999966, 126.82979199999954]",-0.4744649260048195,"[-1.8916554494693094, 1.9797146166849244]",12,3,36,10000
gpu,stock,2,text,size_advance,12,6066,complete_us,route,final,9799.722291999999,9701.116375,9786.305499999999,9701.116375,-67.41308350000054,"[-275.1578749999999, 206.31091649999962]",-0.6841787211772976,"[-2.8311608546737475, 2.175127667383503]",12,3,36,10000
gpu,stock,2,text,size_return,12,0,draw_us,master,current,278.23091650000003,276.96870850000005,278.744875,275.42183350000005,-0.8959159999999997,"[-10.312667000000005, 5.201291499999968]",-0.3320497855475557,"[-3.6084408788106925, 1.9053658903820159]",12,3,36,10000
gpu,stock,2,text,size_return,12,0,submit_us,master,current,435.6771665,431.6770835,437.4132085,431.3575415,-6.569541999999984,"[-14.027917000000002, 1.1283329999999978]",-1.5400328300768484,"[-3.086784165210638, 0.26448254041856467]",12,3,36,10000
gpu,stock,2,text,size_return,12,0,complete_us,master,current,839.5347085000001,827.675208,838.2377915,840.21875,-56.364708500000006,"[-101.23979150000002, 70.59895849999998]",-6.543130609398529,"[-12.120751685753461, 8.487978639220117]",12,3,36,10000
gpu,stock,2,text,size_return,12,0,draw_us,master,final,278.23091650000003,274.4165835,278.744875,273.71191650000003,1.52595850000003,"[-8.616374999999977, 9.711916500000001]",0.5647760130435442,"[-3.0676395261333034, 3.484666915520329]",12,3,36,10000
gpu,stock,2,text,size_return,12,0,submit_us,master,final,435.6771665,429.77437499999996,437.4132085,430.5070415,-6.07133349999998,"[-18.574708499999986, 12.255208500000009]",-1.4151333516800702,"[-4.1258051453024915, 2.818195381685906]",12,3,36,10000
gpu,stock,2,text,size_return,12,0,complete_us,master,final,839.5347085000001,873.7673335,838.2377915,872.006875,5.217083500000001,"[-46.152791500000035, 60.81070850000003]",0.5745403263546889,"[-5.4220328311472885, 7.112350736502194]",12,3,36,10000
gpu,stock,2,text,size_return,12,0,draw_us,master,route,278.23091650000003,275.83849999999995,278.744875,276.2553335,1.0192080000000203,"[-9.970333499999981, 6.1805835000000116]",0.37866657310586804,"[-3.4921080506964186, 2.241302506399856]",12,3,36,10000
gpu,stock,2,text,size_return,12,0,submit_us,master,route,435.6771665,432.3751665,437.4132085,429.1495,-1.9062500000000284,"[-17.663207999999997, 3.164958000000013]",-0.44141316562487654,"[-3.8793349284545027, 0.7547573180189504]",12,3,36,10000
gpu,stock,2,text,size_return,12,0,complete_us,master,route,839.5347085000001,872.3905414999999,838.2377915,872.5398749999999,10.890708500000017,"[-61.80212499999999, 82.92537500000003]",1.2321888394154823,"[-6.8548795351374086, 10.293650168071789]",12,3,36,10000
gpu,stock,2,text,size_return,12,0,draw_us,current,final,276.96870850000005,274.4165835,275.42183350000005,273.71191650000003,1.2710414999999955,"[-10.739666999999997, 12.744666499999965]",0.47293094044674744,"[-3.728251914877551, 4.6278226675102285]",12,3,36,10000
gpu,stock,2,text,size_return,12,0,submit_us,current,final,431.6770835,429.77437499999996,431.3575415,430.5070415,-1.1632914999999855,"[-10.01204199999998, 19.064333500000004]",-0.27172359479339936,"[-2.2543151826916965, 4.464245897589514]",12,3,36,10000
gpu,stock,2,text,size_return,12,0,complete_us,current,final,827.675208,873.7673335,840.21875,872.006875,26.99483349999997,"[-22.38545799999997, 98.34741650000001]",3.2311977195425556,"[-2.478183050584076, 12.131244554133069]",12,3,36,10000
gpu,stock,2,text,size_return,12,0,draw_us,current,route,276.96870850000005,275.83849999999995,275.42183350000005,276.2553335,-1.2587505000000192,"[-6.091791499999999, 5.529708500000027]",-0.4370204014060797,"[-2.1408637790314655, 2.049610382625311]",12,3,36,10000
gpu,stock,2,text,size_return,12,0,submit_us,current,route,431.6770835,432.3751665,431.3575415,429.1495,1.2726664999999855,"[-6.888833000000005, 6.444625000000002]",0.29114691777107904,"[-1.5791200187014298, 1.5279449572812687]",12,3,36,10000
gpu,stock,2,text,size_return,12,0,complete_us,current,route,827.675208,872.3905414999999,840.21875,872.5398749999999,24.06770849999998,"[-11.720625000000041, 111.89941650000003]",2.7493880158110495,"[-1.2990487340149959, 14.488196935343677]",12,3,36,10000
gpu,stock,2,text,size_return,12,0,draw_us,route,final,275.83849999999995,274.4165835,276.2553335,273.71191650000003,-1.5032500000000084,"[-8.276166999999987, 10.248208500000004]",-0.5377250171480163,"[-2.819282939490048, 3.797241553256303]",12,3,36,10000
gpu,stock,2,text,size_return,12,0,submit_us,route,final,432.3751665,429.77437499999996,429.1495,430.5070415,-3.276249999999976,"[-10.099041999999997, 12.055666500000001]",-0.7651104568862199,"[-2.3132797462340484, 2.841181891350353]",12,3,36,10000
gpu,stock,2,text,size_return,12,0,complete_us,route,final,872.3905414999999,873.7673335,872.5398749999999,872.006875,-10.816000000000031,"[-34.605999999999995, 16.89750049999992]",-1.2242314922605246,"[-3.76155530254933, 2.296689089517878]",12,3,36,10000
gpu,stock,2,text,warm,30,0,draw_us,master,current,248.3029,250.724967,248.40905,250.868717,1.3527169999999984,"[-4.134783500000012, 5.593683499999997]",0.5461229895522224,"[-1.629054144920744, 2.2539902240544696]",12,3,36,10000
gpu,stock,2,text,warm,30,0,submit_us,master,current,371.2382165,373.4646,371.0840165,373.05005,0.17023299999999608,"[-5.605533499999979, 8.336666499999978]",0.04785832292227843,"[-1.480263400741838, 2.2687133152576644]",12,3,36,10000
gpu,stock,2,text,warm,30,0,complete_us,master,current,634.75765,649.1430330000001,630.7993,649.1430330000001,5.098566500000004,"[-0.9402329999999779, 22.85771649999998]",0.7854833192254107,"[-0.13699120856623948, 3.6302621612883335]",12,3,36,10000
gpu,stock,2,text,warm,30,0,draw_us,master,final,248.3029,250.714567,248.40905,250.745817,3.0826165000000003,"[-1.4027669999999972, 6.111750499999985]",1.2445050756483167,"[-0.5574404406956834, 2.477556646272605]",12,3,36,10000
gpu,stock,2,text,warm,30,0,submit_us,master,final,371.2382165,373.1409665,371.0840165,372.550017,2.128533500000003,"[-5.608399999999989, 8.097216499999973]",0.5753759871435227,"[-1.4965007021990273, 2.2068396696363624]",12,3,36,10000
gpu,stock,2,text,warm,30,0,complete_us,master,final,634.75765,642.785383,630.7993,642.5464665,9.583399999999983,"[-1.1894834999999944, 17.441666499999997]",1.5194697936347312,"[-0.1890382012224079, 2.7674604156229687]",12,3,36,10000
gpu,stock,2,text,warm,30,0,draw_us,master,route,248.3029,251.45773350000002,248.40905,251.605617,3.3874505,"[-0.9950665000000072, 7.469249999999988]",1.368411537134473,"[-0.39460681101778916, 2.9711803487714294]",12,3,36,10000
gpu,stock,2,text,warm,30,0,submit_us,master,route,371.2382165,373.93195000000003,371.0840165,376.4242165,3.8443665000000067,"[-4.9667169999999885, 15.229033499999986]",1.0464180587931748,"[-1.3155870166806194, 4.046019897792297]",12,3,36,10000
gpu,stock,2,text,warm,30,0,complete_us,master,route,634.75765,644.8319335,630.7993,650.0388665,18.411133000000007,"[3.639599999999973, 31.917383500000028]",2.935157786309861,"[0.5596058216072897, 5.050915484472607]",12,3,36,10000
gpu,stock,2,text,warm,30,0,draw_us,current,final,250.724967,250.714567,250.868717,250.745817,1.2707505000000054,"[-2.381216500000008, 2.7700000000000102]",0.5114126456094881,"[-0.9354272280276854, 1.1169608224015914]",12,3,36,10000
gpu,stock,2,text,warm,30,0,submit_us,current,final,373.4646,373.1409665,373.05005,372.550017,0.24401650000001496,"[-4.6875, 4.297166500000003]",0.06350413348601425,"[-1.2410373817499265, 1.1717943248339635]",12,3,36,10000
gpu,stock,2,text,warm,30,0,complete_us,current,final,649.1430330000001,642.785383,649.1430330000001,642.5464665,1.158433500000001,"[-28.949183500000004, 16.517349999999908]",0.17655301132134538,"[-4.391719961662316, 2.590675745086257]",12,3,36,10000
gpu,stock,2,text,warm,30,0,draw_us,current,route,250.724967,251.45773350000002,250.868717,251.605617,1.6528169999999989,"[0.3040665000000189, 8.857066999999986]",0.6633263568283865,"[0.1223889156252489, 3.4470279886243294]",12,3,36,10000
gpu,stock,2,text,warm,30,0,submit_us,current,route,373.4646,373.93195000000003,373.05005,376.4242165,4.513133500000009,"[-1.8125499999999874, 11.209000000000003]",1.2414387067924082,"[-0.48781449223623263, 2.9488335125829934]",12,3,36,10000
gpu,stock,2,text,warm,30,0,complete_us,current,route,649.1430330000001,644.8319335,649.1430330000001,650.0388665,2.5882834999999886,"[-10.496399999999994, 12.563149499999952]",0.3927065114705808,"[-1.5965424337294087, 1.9711342027879497]",12,3,36,10000
gpu,stock,2,text,warm,30,0,draw_us,route,final,251.45773350000002,250.714567,251.605617,250.745817,0.4360835000000094,"[-9.852700000000013, 2.490249999999989]",0.17562756455496986,"[-3.7469358101257897, 0.993467182541452]",12,3,36,10000
gpu,stock,2,text,warm,30,0,submit_us,route,final,373.93195000000003,373.1409665,376.4242165,372.550017,-0.5262835000000052,"[-16.35756599999999, 2.095949499999989]",-0.14172435128547156,"[-4.140367412052331, 0.5675737465681174]",12,3,36,10000
gpu,stock,2,text,warm,30,0,complete_us,route,final,644.8319335,642.785383,650.0388665,642.5464665,-13.43881650000003,"[-27.177849999999978, 5.3533669999999915]",-2.08384034433744,"[-4.105714562952628, 0.8270586670505287]",12,3,36,10000
gpu,stock,2,text,x_advance,10,666,draw_us,master,current,617.3458499999999,576.0792,615.85825,579.3875,-39.26665000000003,"[-63.62714999999997, -28.900049999999965]",-6.34374110660093,"[-9.95676915913586, -4.715261483579935]",12,3,36,10000
gpu,stock,2,text,x_advance,10,666,submit_us,master,current,789.48525,750.7272,788.42275,753.22085,-42.90835000000004,"[-69.61045000000001, -26.018799999999942]",-5.33684809310499,"[-8.48842444868696, -3.311789084308553]",12,3,36,10000
gpu,stock,2,text,x_advance,10,666,complete_us,master,current,1374.9229500000001,1367.95635,1374.1687000000002,1363.7271,-21.247700000000123,"[-83.59585000000004, 0.3419499999998834]",-1.547177977704045,"[-5.765167032208995, 0.004239295703478696]",12,3,36,10000
gpu,stock,2,text,x_advance,10,666,draw_us,master,final,617.3458499999999,572.2854,615.85825,573.36665,-43.94585000000001,"[-56.55834999999996, -36.50200000000001]",-7.217295239633048,"[-8.971649607748677, -5.828371405353772]",12,3,36,10000
gpu,stock,2,text,x_advance,10,666,submit_us,master,final,789.48525,745.7186999999999,788.42275,745.9730500000001,-42.008399999999995,"[-66.32085000000001, -34.61020000000002]",-5.376924158181828,"[-8.152487796421676, -4.215979631203015]",12,3,36,10000
gpu,stock,2,text,x_advance,10,666,complete_us,master,final,1374.9229500000001,1360.5772499999998,1374.1687000000002,1365.82935,-3.7476000000001477,"[-48.17695000000015, 36.066749999999956]",-0.2741928932978588,"[-3.5538732409942266, 2.5788101089211035]",12,3,36,10000
gpu,stock,2,text,x_advance,10,666,draw_us,master,route,617.3458499999999,577.9458,615.85825,577.9458,-39.05420000000004,"[-44.76044999999999, -12.375049999999987]",-6.357373612933781,"[-7.305381918246195, -2.0509762882892524]",12,3,36,10000
gpu,stock,2,text,x_advance,10,666,submit_us,master,route,789.48525,751.48525,788.42275,751.99365,-38.549950000000024,"[-48.604150000000004, -8.26664999999997]",-4.920964751472629,"[-6.195557805278035, -1.0777583039644711]",12,3,36,10000
gpu,stock,2,text,x_advance,10,666,complete_us,master,route,1374.9229500000001,1359.5583499999998,1374.1687000000002,1354.8792,-50.25615000000005,"[-74.56660000000011, -1.351949999999988]",-3.5634874679176534,"[-5.464955175616604, -0.11795323513441036]",12,3,36,10000
gpu,stock,2,text,x_advance,10,666,draw_us,current,final,576.0792,572.2854,579.3875,573.36665,-8.989500000000021,"[-20.229100000000017, 3.737700000000018]",-1.551207466964838,"[-3.38217858264544, 0.6585820216781779]",12,3,36,10000
gpu,stock,2,text,x_advance,10,666,submit_us,current,final,750.7272,745.7186999999999,753.22085,745.9730500000001,-10.954000000000065,"[-24.658349999999928, 6.862550000000056]",-1.4407588450224107,"[-3.1708261295638196, 0.9304089313882491]",12,3,36,10000
gpu,stock,2,text,x_advance,10,666,complete_us,current,final,1367.95635,1360.5772499999998,1363.7271,1365.82935,29.14179999999999,"[-21.256150000000048, 117.72085000000004]",2.209863524609146,"[-1.533810265519986, 9.198414116447896]",12,3,36,10000
gpu,stock,2,text,x_advance,10,666,draw_us,current,route,576.0792,577.9458,579.3875,577.9458,8.902099999999962,"[-3.660599999999988, 38.31450000000001]",1.5785153238514038,"[-0.6306242951972296, 6.431233688484694]",12,3,36,10000
gpu,stock,2,text,x_advance,10,666,submit_us,current,route,750.7272,751.48525,753.22085,751.99365,11.418749999999989,"[-7.002199999999959, 49.38130000000001]",1.525276122633612,"[-0.9303723118728346, 6.320839519227562]",12,3,36,10000
gpu,stock,2,text,x_advance,10,666,complete_us,current,route,1367.95635,1359.5583499999998,1363.7271,1354.8792,-15.131149999999934,"[-56.42515000000003, 75.02919999999995]",-1.1216984790703655,"[-4.190938141760952, 5.90831020853898]",12,3,36,10000
gpu,stock,2,text,x_advance,10,666,draw_us,route,final,577.9458,572.2854,577.9458,573.36665,-3.601949999999988,"[-59.72719999999998, 2.14590000000004]",-0.6282044955094435,"[-9.378922723664584, 0.3752557643112997]",12,3,36,10000
gpu,stock,2,text,x_advance,10,666,submit_us,route,final,751.48525,745.7186999999999,751.99365,745.9730500000001,-2.216699999999946,"[-66.91459999999995, 2.158299999999997]",-0.296202908665949,"[-8.154771159732539, 0.29325706397798634]",12,3,36,10000
gpu,stock,2,text,x_advance,10,666,complete_us,route,final,1359.5583499999998,1360.5772499999998,1354.8792,1365.82935,16.168749999999932,"[-34.43525000000011, 66.08754999999996]",1.1466544760739827,"[-2.414998572998944, 5.067899365114436]",12,3,36,10000
gpu,stock,2,text,x_return,10,0,draw_us,master,current,251.77505000000002,254.47899999999998,250.60219999999998,253.1561,2.0893999999999977,"[-5.374949999999998, 6.2583000000000055]",0.8345231464085168,"[-2.0454717106255735, 2.5042078889165875]",12,3,36,10000
gpu,stock,2,text,x_return,10,0,submit_us,master,current,429.73109999999997,432.34375,429.42089999999996,432.8124,0.25420000000002574,"[-11.398149999999987, 6.9497499999999945]",0.059097070393798745,"[-2.5400051889803543, 1.621072265328316]",12,3,36,10000
gpu,stock,2,text,x_return,10,0,complete_us,master,current,716.80825,714.1311499999999,713.01455,713.9,-12.585299999999961,"[-39.91460000000001, 5.843900000000019]",-1.74395734621543,"[-5.6227318841812535, 0.8253246563341587]",12,3,36,10000
gpu,stock,2,text,x_return,10,0,draw_us,master,final,251.77505000000002,257.673,250.60219999999998,257.05225,4.441699999999997,"[-4.181350000000009, 6.602049999999991]",1.7741382857557664,"[-1.5895887209068593, 2.6402577105899216]",12,3,36,10000
gpu,stock,2,text,x_return,10,0,submit_us,master,final,429.73109999999997,434.5313,429.42089999999996,434.25625,0.6939000000000135,"[-9.387450000000001, 6.256200000000007]",0.1628350167704684,"[-2.1041807977303764, 1.4630252375723907]",12,3,36,10000
gpu,stock,2,text,x_return,10,0,complete_us,master,final,716.80825,714.19165,713.01455,709.95625,-7.454150000000027,"[-17.81465000000003, 1.9103000000000634]",-1.0788265815240117,"[-2.4004233457840862, 0.2697573135775566]",12,3,36,10000
gpu,stock,2,text,x_return,10,0,draw_us,master,route,251.77505000000002,257.48525,250.60219999999998,257.925,3.7165500000000122,"[0.512250000000023, 6.8187500000000085]",1.4831627208287457,"[0.22581894514615564, 2.716813893484582]",12,3,36,10000
gpu,stock,2,text,x_return,10,0,submit_us,master,route,429.73109999999997,434.5396,429.42089999999996,435.5666,2.8437000000000126,"[-4.254300000000001, 6.3685999999999865]",0.6637769684177952,"[-0.9475742843363888, 1.4838684563873272]",12,3,36,10000
gpu,stock,2,text,x_return,10,0,complete_us,master,route,716.80825,726.1291,713.01455,727.8707999999999,14.264700000000005,"[-20.918799999999976, 30.491700000000037]",1.9989727079216646,"[-3.0124569434767654, 4.328921451977719]",12,3,36,10000
gpu,stock,2,text,x_return,10,0,draw_us,current,final,254.47899999999998,257.673,253.1561,257.05225,-0.2208000000000112,"[-2.270649999999989, 5.425149999999988]",-0.08301524173050523,"[-0.8950571838002463, 2.1583886522977824]",12,3,36,10000
gpu,stock,2,text,x_return,10,0,submit_us,current,final,432.34375,434.5313,432.8124,434.25625,-1.716450000000009,"[-6.839450000000028, 9.07725000000002]",-0.389885525877931,"[-1.58595310748178, 2.127332253615233]",12,3,36,10000
gpu,stock,2,text,x_return,10,0,complete_us,current,final,714.1311499999999,714.19165,713.9,709.95625,11.564450000000022,"[-53.83929999999998, 23.04585000000003]",1.6297801150712998,"[-6.935794331907042, 3.4041445608320897]",12,3,36,10000
gpu,stock,2,text,x_return,10,0,draw_us,current,route,254.47899999999998,257.48525,253.1561,257.925,3.862549999999999,"[-2.862499999999983, 7.2145000000000294]",1.530584038483751,"[-1.1117743376382383, 2.8543727247025252]",12,3,36,10000
gpu,stock,2,text,x_return,10,0,submit_us,current,route,432.34375,434.5396,432.8124,435.5666,4.047849999999983,"[-4.314549999999997, 10.693949999999973]",0.9480101161589038,"[-0.9887877517345933, 2.4532899626672378]",12,3,36,10000
gpu,stock,2,text,x_return,10,0,complete_us,current,route,714.1311499999999,726.1291,713.9,727.8707999999999,25.541650000000004,"[-4.714650000000006, 40.762699999999995]",3.6358578031503774,"[-0.6408143164308877, 5.677519828873145]",12,3,36,10000
gpu,stock,2,text,x_return,10,0,draw_us,route,final,257.48525,257.673,257.925,257.05225,0.500049999999959,"[-4.512550000000019, 2.979350000000011]",0.1937542953566629,"[-1.7412207961313153, 1.1739285268026478]",12,3,36,10000
gpu,stock,2,text,x_return,10,0,submit_us,route,final,434.5396,434.5313,435.5666,434.25625,1.0398000000000138,"[-7.808099999999996, 3.4500500000000045]",0.23764124262499742,"[-1.7925148887297015, 0.8022556084373189]",12,3,36,10000
gpu,stock,2,text,x_return,10,0,complete_us,route,final,726.1291,714.19165,727.8707999999999,709.95625,-21.687549999999987,"[-42.99164999999999, 1.783299999999997]",-2.987151365703522,"[-5.971928670703774, 0.2565200857766736]",12,3,36,10000
gpu,stock,2,text,y_advance,10,0,draw_us,master,current,247.8293,248.2875,247.94795,248.22705,1.393650000000008,"[-4.243600000000001, 4.060299999999998]",0.558343038421244,"[-1.6692195509121488, 1.6689851466267114]",12,3,36,10000
gpu,stock,2,text,y_advance,10,0,submit_us,master,current,370.26059999999995,371.60204999999996,371.20855,370.9604,-0.11660000000000537,"[-8.904049999999984, 4.327150000000017]",-0.027411368014301773,"[-2.3327512036539266, 1.1857054950272783]",12,3,36,10000
gpu,stock,2,text,y_advance,10,0,complete_us,master,current,650.43535,655.1728,662.6918499999999,658.23345,-4.7958999999999605,"[-39.00010000000003, 13.55189999999999]",-0.6795745710073908,"[-6.024171515105337, 2.1417563930165584]",12,3,36,10000
gpu,stock,2,text,y_advance,10,0,draw_us,master,final,247.8293,251.13139999999999,247.94795,251.04595,4.185450000000003,"[-0.7563499999999976, 5.491600000000005]",1.6880654993469024,"[-0.3050796458266003, 2.24307368882376]",12,3,36,10000
gpu,stock,2,text,y_advance,10,0,submit_us,master,final,370.26059999999995,372.5376,371.20855,372.9167,4.098049999999972,"[-10.776999999999987, 7.766850000000005]",1.136438046910182,"[-2.8378683600208063, 2.051138864683111]",12,3,36,10000
gpu,stock,2,text,y_advance,10,0,complete_us,master,final,650.43535,635.4249,662.6918499999999,640.0771,-28.07495,"[-56.52280000000002, 3.016900000000021]",-4.358567549713788,"[-8.07543454843117, 0.456702189417435]",12,3,36,10000
gpu,stock,2,text,y_advance,10,0,draw_us,master,route,247.8293,252.39780000000002,247.94795,252.25625000000002,4.118850000000009,"[-1.1103499999999968, 5.908350000000013]",1.6482488872094136,"[-0.4204551085858932, 2.401910560760223]",12,3,36,10000
gpu,stock,2,text,y_advance,10,0,submit_us,master,route,370.26059999999995,374.7709,371.20855,374.7271,1.7790000000000248,"[-7.822749999999985, 9.74785]",0.48160334572288077,"[-2.0484895051391225, 2.6624627740690743]",12,3,36,10000
gpu,stock,2,text,y_advance,10,0,complete_us,master,route,650.43535,667.05205,662.6918499999999,665.68115,20.35009999999994,"[-4.979250000000036, 31.202150000000017]",3.2007020345458437,"[-0.724053555133608, 4.7102633401446266]",12,3,36,10000
gpu,stock,2,text,y_advance,10,0,draw_us,current,final,248.2875,251.13139999999999,248.22705,251.04595,1.8019999999999925,"[-0.22484999999998934, 5.24175000000001]",0.7299413009110856,"[-0.09144695593064633, 2.1132557225222337]",12,3,36,10000
gpu,stock,2,text,y_advance,10,0,submit_us,current,final,371.60204999999996,372.5376,370.9604,372.9167,1.8251499999999794,"[-1.0227999999999895, 6.276999999999987]",0.48977958951237355,"[-0.2776532561295231, 1.6818380428513247]",12,3,36,10000
gpu,stock,2,text,y_advance,10,0,complete_us,current,final,655.1728,635.4249,658.23345,640.0771,-2.6477499999999736,"[-56.0, 14.89564999999999]",-0.4110265006658509,"[-8.19519601780851, 2.263048727090955]",12,3,36,10000
gpu,stock,2,text,y_advance,10,0,draw_us,current,route,248.2875,252.39780000000002,248.22705,252.25625000000002,3.66670000000002,"[0.7251499999999993, 5.662450000000007]",1.4712740231860422,"[0.2871503272707743, 2.296298474039049]",12,3,36,10000
gpu,stock,2,text,y_advance,10,0,submit_us,current,route,371.60204999999996,374.7709,370.9604,374.7271,2.466850000000022,"[-0.8459000000000003, 8.29570000000001]",0.6661441258278611,"[-0.2250549725318407, 2.22468539959515]",12,3,36,10000
gpu,stock,2,text,y_advance,10,0,complete_us,current,route,655.1728,667.05205,658.23345,665.68115,25.15205000000003,"[-6.720800000000054, 35.36225000000002]",3.8535949827142923,"[-1.0332080597201254, 5.670730387915823]",12,3,36,10000
gpu,stock,2,text,y_advance,10,0,draw_us,route,final,252.39780000000002,251.13139999999999,252.25625000000002,251.04595,0.13540000000000418,"[-3.5940000000000083, 2.166800000000009]",0.05529632828167319,"[-1.4184656344793767, 0.8666779126165092]",12,3,36,10000
gpu,stock,2,text,y_advance,10,0,submit_us,route,final,374.7709,372.5376,374.7271,372.9167,1.2854999999999563,"[-7.906199999999984, 5.827050000000014]",0.3437175414793159,"[-2.0993105212873564, 1.5537703000448655]",12,3,36,10000
gpu,stock,2,text,y_advance,10,0,complete_us,route,final,667.05205,635.4249,665.68115,640.0771,-32.61229999999995,"[-68.36859999999996, -2.5167000000000144]",-5.094588430063702,"[-9.965065865698886, -0.3679062128884192]",12,3,36,10000
gpu,vollkorn,2,demo,first_paint,1,269,draw_us,master,current,7692.7085,5370.0,7676.521000000001,5370.0,-2269.4165,"[-2363.3540000000003, -2124.0835]",-29.981759331023305,"[-30.813541374269526, -28.0310673656638]",12,3,36,10000
gpu,vollkorn,2,demo,first_paint,1,269,submit_us,master,current,13379.0,11097.521,13270.5835,11097.521,-2332.688,"[-2420.6245, -2169.4169999999995]",-17.40534772562595,"[-18.276302421277343, -16.71898878386859]",12,3,36,10000
gpu,vollkorn,2,demo,first_paint,1,269,complete_us,master,current,16608.625,14562.8335,16580.311999999998,14562.8335,-2048.7085000000006,"[-2447.8954999999987, -1751.6455000000005]",-12.558345525896968,"[-14.491763361884995, -10.647653520744495]",12,3,36,10000
gpu,vollkorn,2,demo,first_paint,1,269,draw_us,master,final,7692.7085,5372.9585,7676.521000000001,5315.875,-2346.2085000000006,"[-2475.4159999999997, -2010.4375]",-30.631464779100185,"[-31.844452933135564, -27.109746783676453]",12,3,36,10000
gpu,vollkorn,2,demo,first_paint,1,269,submit_us,master,final,13379.0,11038.3755,13270.5835,10950.229500000001,-2398.8539999999994,"[-2525.1455000000005, -1964.0620000000008]",-18.243373248293906,"[-19.06790790100214, -14.873098185169649]",12,3,36,10000
gpu,vollkorn,2,demo,first_paint,1,269,complete_us,master,final,16608.625,14312.0835,16580.311999999998,14181.354500000001,-2584.1045000000004,"[-3474.562500000001, -1647.3120000000017]",-15.886239174333166,"[-19.82443976025986, -9.92620991245252]",12,3,36,10000
gpu,vollkorn,2,demo,first_paint,1,269,draw_us,master,route,7692.7085,5404.771000000001,7676.521000000001,5382.208500000001,-2190.5,"[-2366.4585, -2061.1454999999996]",-29.300109859942893,"[-30.355690543664178, -26.793283554343148]",12,3,36,10000
gpu,vollkorn,2,demo,first_paint,1,269,submit_us,master,route,13379.0,11249.042,13270.5835,11160.9585,-2199.0005,"[-2389.6669999999995, -2017.938]",-16.374692084312215,"[-18.13989656365694, -15.450066654813904]",12,3,36,10000
gpu,vollkorn,2,demo,first_paint,1,269,complete_us,master,route,16608.625,14248.479,16580.311999999998,14236.8125,-2087.2290000000003,"[-2710.291500000001, -1420.750000000001]",-13.113753757849006,"[-16.05159710914557, -8.561919703878695]",12,3,36,10000
gpu,vollkorn,2,demo,first_paint,1,269,draw_us,current,final,5370.0,5372.9585,5370.0,5315.875,-27.978999999999814,"[-211.95800000000008, 190.3130000000001]",-0.5394641349671769,"[-3.8748760012053465, 3.4515593879632656]",12,3,36,10000
gpu,vollkorn,2,demo,first_paint,1,269,submit_us,current,final,11097.521,11038.3755,11097.521,10950.229500000001,-69.77099999999973,"[-433.35350000000017, 10.66650000000027]",-0.6090085421845526,"[-3.8529103456110048, 0.10105505697612926]",12,3,36,10000
gpu,vollkorn,2,demo,first_paint,1,269,complete_us,current,final,14562.8335,14312.0835,14562.8335,14181.354500000001,-413.25,"[-709.7709999999997, -23.37500000000091]",-2.870063344929247,"[-4.874161655205661, -0.16131135714382294]",12,3,36,10000
gpu,vollkorn,2,demo,first_paint,1,269,draw_us,current,route,5370.0,5404.771000000001,5370.0,5382.208500000001,59.646000000000186,"[-59.1875, 221.6875]",1.1586855451603761,"[-1.0841917599614226, 4.127766544829514]",12,3,36,10000
gpu,vollkorn,2,demo,first_paint,1,269,submit_us,current,route,11097.521,11249.042,11097.521,11160.9585,56.97899999999936,"[-139.1255000000001, 296.58300000000054]",0.5338521933266227,"[-1.22335290784924, 2.568574158907433]",12,3,36,10000
gpu,vollkorn,2,demo,first_paint,1,269,complete_us,current,route,14562.8335,14248.479,14562.8335,14236.8125,54.54150000000027,"[-395.6875, 203.1869999999999]",0.391116075907294,"[-2.682458357232187, 1.3570781459700143]",12,3,36,10000
gpu,vollkorn,2,demo,first_paint,1,269,draw_us,route,final,5404.771000000001,5372.9585,5382.208500000001,5315.875,-58.208000000000084,"[-270.1875, 28.916999999999916]",-1.0791273307035498,"[-4.809560122204504, 0.5447206026418572]",12,3,36,10000
gpu,vollkorn,2,demo,first_paint,1,269,submit_us,route,final,11249.042,11038.3755,11160.9585,10950.229500000001,-249.25,"[-379.6875, 25.230000000000473]",-2.2110473010575893,"[-3.2971995614158423, 0.2385258351006836]",12,3,36,10000
gpu,vollkorn,2,demo,first_paint,1,269,complete_us,route,final,14248.479,14312.0835,14236.8125,14181.354500000001,-192.5624999999991,"[-389.58349999999973, 1.5629999999991924]",-1.3505969506680038,"[-2.792657968427009, 0.008569494791621501]",12,3,36,10000
gpu,vollkorn,2,demo,pan,10,0,draw_us,master,current,216.36669999999998,215.6042,217.0645,215.00005,1.9707500000000095,"[-9.714600000000004, 5.702200000000005]",0.908969829870665,"[-4.411218686729302, 2.6665392839310242]",12,3,36,10000
gpu,vollkorn,2,demo,pan,10,0,submit_us,master,current,554.76245,552.4292,556.17505,550.47505,-2.033299999999997,"[-21.56880000000001, 12.118799999999965]",-0.3693247117379228,"[-3.8267536206357367, 2.2511866845426276]",12,3,36,10000
gpu,vollkorn,2,demo,pan,10,0,complete_us,master,current,1150.5207500000001,1040.4085,1150.5207500000001,1052.1228999999998,-137.52080000000012,"[-208.95610000000005, -15.68530000000004]",-11.614690438612058,"[-17.945652070802854, -1.5036356891157676]",12,3,36,10000
gpu,vollkorn,2,demo,pan,10,0,draw_us,master,final,216.36669999999998,213.75835,217.0645,213.70015,1.429150000000007,"[-4.9686499999999825, 4.498000000000005]",0.6851608971135181,"[-2.2655824280661374, 2.080362130117497]",12,3,36,10000
gpu,vollkorn,2,demo,pan,10,0,submit_us,master,final,554.76245,550.8707999999999,556.17505,552.0853999999999,1.318749999999966,"[-9.033300000000054, 11.431149999999946]",0.2434764550514723,"[-1.6110867960988429, 2.1128215329090483]",12,3,36,10000
gpu,vollkorn,2,demo,pan,10,0,complete_us,master,final,1150.5207500000001,1090.6625,1150.5207500000001,1043.06865,-74.07080000000008,"[-143.60815000000002, 54.81040000000007]",-6.587980809552574,"[-13.186833662191084, 4.62135455214332]",12,3,36,10000
gpu,vollkorn,2,demo,pan,10,0,draw_us,master,route,216.36669999999998,216.27075,217.0645,219.75205,2.393799999999999,"[-0.556200000000004, 3.916800000000009]",1.149655442606079,"[-0.2523847967074222, 1.818052446656393]",12,3,36,10000
gpu,vollkorn,2,demo,pan,10,0,submit_us,master,route,554.76245,555.31035,556.17505,558.16045,6.425049999999942,"[-2.116600000000062, 11.085499999999968]",1.193389913848164,"[-0.37777204044898705, 2.0043012147380135]",12,3,36,10000
gpu,vollkorn,2,demo,pan,10,0,complete_us,master,route,1150.5207500000001,1041.9584,1150.5207500000001,1035.2334,-78.11869999999999,"[-151.3145, -41.976900000000114]",-7.190198430150574,"[-13.107730109193717, -3.418812434683333]",12,3,36,10000
gpu,vollkorn,2,demo,pan,10,0,draw_us,current,final,215.6042,213.75835,215.00005,213.70015,-0.6039499999999975,"[-3.945700000000002, 2.4853999999999985]",-0.2811006198282451,"[-1.816559828502018, 1.1534619220468167]",12,3,36,10000
gpu,vollkorn,2,demo,pan,10,0,submit_us,current,final,552.4292,550.8707999999999,550.47505,552.0853999999999,2.43954999999994,"[-7.995999999999981, 7.870999999999981]",0.4428031812139688,"[-1.453243665384768, 1.4354113167346694]",12,3,36,10000
gpu,vollkorn,2,demo,pan,10,0,complete_us,current,final,1040.4085,1090.6625,1052.1228999999998,1043.06865,-15.795950000000005,"[-142.82079999999996, 244.50605000000002]",-1.424993415615278,"[-12.814403147779103, 25.319766926331933]",12,3,36,10000
gpu,vollkorn,2,demo,pan,10,0,draw_us,current,route,215.6042,216.27075,215.00005,219.75205,0.21059999999999945,"[-2.8145000000000095, 6.806299999999993]",0.10245187362051267,"[-1.3144675914088244, 3.2004650427292725]",12,3,36,10000
gpu,vollkorn,2,demo,pan,10,0,submit_us,current,route,552.4292,555.31035,550.47505,558.16045,0.6063499999999635,"[-6.183400000000006, 21.993899999999996]",0.1156204825170426,"[-1.0960177047295239, 3.9984696632080152]",12,3,36,10000
gpu,vollkorn,2,demo,pan,10,0,complete_us,current,route,1040.4085,1041.9584,1052.1228999999998,1035.2334,15.389549999999986,"[-70.62089999999995, 65.17295000000001]",1.5249414665749694,"[-6.710662021437546, 6.058440909489537]",12,3,36,10000
gpu,vollkorn,2,demo,pan,10,0,draw_us,route,final,216.27075,213.75835,219.75205,213.70015,0.26030000000000086,"[-5.289699999999996, 3.862650000000002]",0.12306778760058368,"[-2.3968372857822384, 1.788214305946556]",12,3,36,10000
gpu,vollkorn,2,demo,pan,10,0,submit_us,route,final,555.31035,550.8707999999999,558.16045,552.0853999999999,-0.24165000000004966,"[-12.879200000000026, 7.510550000000023]",-0.03982787586638281,"[-2.231771597278115, 1.3640493544229804]",12,3,36,10000
gpu,vollkorn,2,demo,pan,10,0,complete_us,route,final,1041.9584,1090.6625,1035.2334,1043.06865,-9.522899999999993,"[-75.92290000000003, 115.33345000000008]",-0.9168964013488046,"[-7.430108742282182, 10.786736576304367]",12,3,36,10000
gpu,vollkorn,2,demo,warm,30,0,draw_us,master,current,209.6021,207.32010000000002,209.874283,207.7028335,-2.44380000000001,"[-4.428449999999998, 2.158333500000012]",-1.172259383555757,"[-2.094311320968406, 1.0305908407730713]",12,3,36,10000
gpu,vollkorn,2,demo,warm,30,0,submit_us,master,current,518.8667499999999,516.4805665,518.8667499999999,517.2458165,-2.5132164999999986,"[-9.572250499999996, 6.738183500000048]",-0.4850566464906114,"[-1.822528544822749, 1.302900573632415]",12,3,36,10000
gpu,vollkorn,2,demo,warm,30,0,complete_us,master,current,983.2173335,964.94785,984.2118,970.344467,-0.03751649999998108,"[-80.22300049999996, 17.61181650000003]",-0.002720862576904848,"[-7.81844234674241, 1.8811449864515772]",12,3,36,10000
gpu,vollkorn,2,demo,warm,30,0,draw_us,master,final,209.6021,209.38818350000003,209.874283,208.74578350000002,-1.017449499999998,"[-5.519383499999989, 2.8902670000000086]",-0.48363567752504055,"[-2.582436271079336, 1.4033058404878118]",12,3,36,10000
gpu,vollkorn,2,demo,warm,30,0,submit_us,master,final,518.8667499999999,518.4458165,518.8667499999999,518.45695,-2.132683499999928,"[-9.356167000000056, 3.8930505000000153]",-0.41015650278628524,"[-1.789286359318254, 0.7597336646987807]",12,3,36,10000
gpu,vollkorn,2,demo,warm,30,0,complete_us,master,final,983.2173335,935.7590170000001,984.2118,901.7610334999999,-83.43966700000004,"[-113.36666649999995, 19.43195000000003]",-8.621302659474267,"[-11.110825062276048, 2.2200793519429665]",12,3,36,10000
gpu,vollkorn,2,demo,warm,30,0,draw_us,master,route,209.6021,208.40345000000002,209.874283,208.56175,-0.003400499999997919,"[-5.0076159999999845, 0.8402004999999946]",-0.002294763000226796,"[-2.3688056468366083, 0.40654520769712876]",12,3,36,10000
gpu,vollkorn,2,demo,warm,30,0,submit_us,master,route,518.8667499999999,516.2083,518.8667499999999,515.1729665,-0.9465165000000013,"[-9.801333500000027, 3.243116499999985]",-0.18329605915700653,"[-1.900630853846208, 0.6226641481331674]",12,3,36,10000
gpu,vollkorn,2,demo,warm,30,0,complete_us,master,route,983.2173335,929.9466335,984.2118,997.5034,15.813866499999904,"[-53.2709835, 61.756216499999994]",1.59235194258176,"[-5.433767600199141, 6.361423940229461]",12,3,36,10000
gpu,vollkorn,2,demo,warm,30,0,draw_us,current,final,207.32010000000002,209.38818350000003,207.7028335,208.74578350000002,1.2028000000000105,"[0.2389335000000017, 2.7374334999999945]",0.5804506171875223,"[0.10988374616210939, 1.3051112554074318]",12,3,36,10000
gpu,vollkorn,2,demo,warm,30,0,submit_us,current,final,516.4805665,518.4458165,517.2458165,518.45695,-1.3486335000000054,"[-4.198583500000012, 3.9180829999999958]",-0.2653240218598474,"[-0.8115002959010631, 0.7669770219607575]",12,3,36,10000
gpu,vollkorn,2,demo,warm,30,0,complete_us,current,final,964.94785,935.7590170000001,970.344467,901.7610334999999,-18.769383000000005,"[-132.33819999999997, 34.27151650000002]",-2.126884452927247,"[-13.443616838383566, 3.8119106807643743]",12,3,36,10000
gpu,vollkorn,2,demo,warm,30,0,draw_us,current,route,207.32010000000002,208.40345000000002,207.7028335,208.56175,0.935466500000004,"[-0.7589830000000006, 2.7235670000000027]",0.45683149134179146,"[-0.3624320218074073, 1.3239395902001405]",12,3,36,10000
gpu,vollkorn,2,demo,warm,30,0,submit_us,current,route,516.4805665,516.2083,517.2458165,515.1729665,-0.1999835000000303,"[-6.53053349999999, 5.699349999999981]",-0.03671836874446499,"[-1.2451325710961136, 1.1036705012049453]",12,3,36,10000
gpu,vollkorn,2,demo,warm,30,0,complete_us,current,route,964.94785,929.9466335,970.344467,997.5034,27.693032999999957,"[-76.64526700000005, 70.75904999999995]",2.8495330286337994,"[-7.522411637065062, 7.184847281943874]",12,3,36,10000
gpu,vollkorn,2,demo,warm,30,0,draw_us,route,final,208.40345000000002,209.38818350000003,208.56175,208.74578350000002,1.3605495000000047,"[-1.5493000000000023, 3.153516499999995]",0.6576978864001881,"[-0.7449365694772891, 1.526175660857798]",12,3,36,10000
gpu,vollkorn,2,demo,warm,30,0,submit_us,route,final,516.2083,518.4458165,515.1729665,518.45695,1.9715669999999932,"[-8.37715, 4.723533000000032]",0.3835265210835881,"[-1.6059228965055627, 0.9178541771773463]",12,3,36,10000
gpu,vollkorn,2,demo,warm,30,0,complete_us,route,final,929.9466335,935.7590170000001,997.5034,901.7610334999999,-64.10203299999995,"[-113.13534950000002, 2.7229169999999954]",-6.291350448084487,"[-11.502351108704378, 0.47473423218831745]",12,3,36,10000
gpu,vollkorn,2,demo,zoom_in,12,2877,draw_us,master,current,6892.5747085,4748.039875,6897.138833499999,4746.539875,-2168.0904165,"[-2197.3054585, -2073.3837495000002]",-30.83488821655176,"[-31.60971104636372, -30.475059415042125]",12,3,36,10000
gpu,vollkorn,2,demo,zoom_in,12,2877,submit_us,master,current,7140.392416500001,4989.550333499999,7143.2205835,4985.137000000001,-2172.2847914999998,"[-2209.8160419999995, -2066.470375]",-29.76229839324006,"[-30.673804506613234, -29.411310801524138]",12,3,36,10000
gpu,vollkorn,2,demo,zoom_in,12,2877,complete_us,master,current,9568.229208,7152.175166499999,9679.97925,7134.64575,-2527.3300000000004,"[-2683.5174165000003, -2376.607625]",-26.334239958861705,"[-27.08442990838606, -24.769568759456433]",12,3,36,10000
gpu,vollkorn,2,demo,zoom_in,12,2877,draw_us,master,final,6892.5747085,4715.873125,6897.138833499999,4707.1162085,-2204.852542,"[-2264.276042, -2116.0609165000005]",-32.21777906653978,"[-32.515355550452114, -31.00205535021989]",12,3,36,10000
gpu,vollkorn,2,demo,zoom_in,12,2877,submit_us,master,final,7140.392416500001,4949.133625,7143.2205835,4944.892333,-2215.3906254999997,"[-2274.6910834999994, -2112.7030415]",-31.277309502272054,"[-31.575764524577295, -29.92848360531787]",12,3,36,10000
gpu,vollkorn,2,demo,zoom_in,12,2877,complete_us,master,final,9568.229208,7065.4565415,9679.97925,7104.248250000001,-2612.1422499999994,"[-2844.5262915000003, -2431.211875]",-27.17270077416472,"[-29.03733893176473, -25.21432460777052]",12,3,36,10000
gpu,vollkorn,2,demo,zoom_in,12,2877,draw_us,master,route,6892.5747085,4751.9479165,6897.138833499999,4772.9427915,-2172.784917,"[-2197.58, -2100.2171250000006]",-31.174820498423717,"[-31.575223960781436, -30.74768868516806]",12,3,36,10000
gpu,vollkorn,2,demo,zoom_in,12,2877,submit_us,master,route,7140.392416500001,4988.232625,7143.2205835,5012.2674585,-2175.49125,"[-2218.0644584999995, -2094.8107915]",-30.204010649022997,"[-30.612875581115283, -29.679294443529095]",12,3,36,10000
gpu,vollkorn,2,demo,zoom_in,12,2877,complete_us,master,route,9568.229208,7124.769125,9679.97925,7168.4947085,-2485.300333,"[-2552.8126254999997, -2379.0295415000005]",-25.42044683330869,"[-26.714608874810203, -24.512417369312715]",12,3,36,10000
gpu,vollkorn,2,demo,zoom_in,12,2877,draw_us,current,final,4748.039875,4715.873125,4746.539875,4707.1162085,-42.756958500000565,"[-111.40095850000034, 3.0902499999997417]",-0.8827871779274299,"[-2.355860754943173, 0.06790394704754288]",12,3,36,10000
gpu,vollkorn,2,demo,zoom_in,12,2877,submit_us,current,final,4989.550333499999,4949.133625,4985.137000000001,4944.892333,-51.44616649999989,"[-120.91841699999986, 1.7517914999998538]",-1.01133714275623,"[-2.433056061726757, 0.037338587447732774]",12,3,36,10000
gpu,vollkorn,2,demo,zoom_in,12,2877,complete_us,current,final,7152.175166499999,7065.4565415,7134.64575,7104.248250000001,-79.39429149999978,"[-205.8072500000003, 119.75683350000054]",-1.1228641316805732,"[-2.8855251851381327, 1.712179957814608]",12,3,36,10000
gpu,vollkorn,2,demo,zoom_in,12,2877,draw_us,current,route,4748.039875,4751.9479165,4746.539875,4772.9427915,-14.96704200000022,"[-42.341917000000194, 11.352541499999916]",-0.3181399897616677,"[-0.8780313959268593, 0.23977629395378064]",12,3,36,10000
gpu,vollkorn,2,demo,zoom_in,12,2877,submit_us,current,route,4989.550333499999,4988.232625,4985.137000000001,5012.2674585,-22.758624999999938,"[-48.10074949999989, 15.376833499999975]",-0.46146729266801634,"[-0.9454372492011531, 0.3091529369320112]",12,3,36,10000
gpu,vollkorn,2,demo,zoom_in,12,2877,complete_us,current,route,7152.175166499999,7124.769125,7134.64575,7168.4947085,37.14408349999985,"[-22.564333499999975, 144.9861249999999]",0.5192104764282224,"[-0.3218557842073866, 2.016204188835491]",12,3,36,10000
gpu,vollkorn,2,demo,zoom_in,12,2877,draw_us,route,final,4751.9479165,4715.873125,4772.9427915,4707.1162085,-47.60095799999999,"[-84.85583349999979, -7.369791500000247]",-0.9902229109525706,"[-1.7980598342361154, -0.15508594448874757]",12,3,36,10000
gpu,vollkorn,2,demo,zoom_in,12,2877,submit_us,route,final,4988.232625,4949.133625,5012.2674585,4944.892333,-54.58179199999995,"[-89.98600049999959, -3.840250499999911]",-1.0797278774830388,"[-1.8152448820487888, -0.0754879983001111]",12,3,36,10000
gpu,vollkorn,2,demo,zoom_in,12,2877,complete_us,route,final,7124.769125,7065.4565415,7168.4947085,7104.248250000001,-124.00170799999978,"[-226.0658330000001, 26.253375499999947]",-1.7469112512856544,"[-3.2279285665257507, 0.3608752454853814]",12,3,36,10000
gpu,vollkorn,2,demo,zoom_out,12,1956,draw_us,master,current,4482.953208000001,3002.1457915,4480.9357915,2999.508583,-1453.241583,"[-1484.661375, -1418.8455004999998]",-32.35801063242446,"[-33.330189776858646, -31.420337726788297]",12,3,36,10000
gpu,vollkorn,2,demo,zoom_out,12,1956,submit_us,master,current,4846.140708,3363.0155415,4844.439333,3354.8124585,-1452.2483335000002,"[-1480.9964995, -1404.0538745000003]",-29.850017904329167,"[-30.835887299267007, -28.819447650482605]",12,3,36,10000
gpu,vollkorn,2,demo,zoom_out,12,1956,complete_us,master,current,6748.802041499999,4965.8575835,6741.612999999999,4941.59375,-1841.0713335,"[-1876.8195415, -1674.8855414999998]",-27.079759258878084,"[-27.788343519042403, -25.370857747788822]",12,3,36,10000
gpu,vollkorn,2,demo,zoom_out,12,1956,draw_us,master,final,4482.953208000001,2964.618042,4480.9357915,2948.47925,-1506.3542499999996,"[-1531.8854164999998, -1476.1578335000002]",-33.68035504434975,"[-33.95049442325998, -33.14783243374199]",12,3,36,10000
gpu,vollkorn,2,demo,zoom_out,12,1956,submit_us,master,final,4846.140708,3319.3419999999996,4844.439333,3306.5730000000003,-1501.807417,"[-1538.1493745, -1474.4912085]",-31.123348250702737,"[-31.504234424872877, -30.682631553380435]",12,3,36,10000
gpu,vollkorn,2,demo,zoom_out,12,1956,complete_us,master,final,6748.802041499999,4921.852457999999,6741.612999999999,4985.9113335,-1853.6477084999997,"[-1938.3698335, -1710.7832080000003]",-27.048170853427294,"[-29.067888670032072, -25.29905762819287]",12,3,36,10000
gpu,vollkorn,2,demo,zoom_out,12,1956,draw_us,master,route,4482.953208000001,2995.9079165000003,4480.9357915,2995.3993330000003,-1446.9548749999997,"[-1498.7934165000004, -1414.4530419999999]",-32.57802983653259,"[-33.57214593852674, -31.87633961156564]",12,3,36,10000
gpu,vollkorn,2,demo,zoom_out,12,1956,submit_us,master,route,4846.140708,3350.670125,4844.439333,3347.2152915,-1444.3300415,"[-1503.7308750000004, -1404.0036249999998]",-30.261960935063804,"[-31.181660338979466, -29.25177675044778]",12,3,36,10000
gpu,vollkorn,2,demo,zoom_out,12,1956,complete_us,master,route,6748.802041499999,5001.2100415,6741.612999999999,5034.2309585,-1648.3852499999998,"[-1876.7571669999998, -1569.7622915000002]",-24.33113991517508,"[-27.71586102465122, -23.76380816168419]",12,3,36,10000
gpu,vollkorn,2,demo,zoom_out,12,1956,draw_us,current,final,3002.1457915,2964.618042,2999.508583,2948.47925,-40.54516699999999,"[-73.03804200000013, -25.779583000000002]",-1.29373797081071,"[-2.427526936065277, -0.868889616236479]",12,3,36,10000
gpu,vollkorn,2,demo,zoom_out,12,1956,submit_us,current,final,3363.0155415,3319.3419999999996,3354.8124585,3306.5730000000003,-41.37845850000008,"[-76.94975, -27.663125000000036]",-1.2134049620653953,"[-2.26685880727312, -0.8323673553524202]",12,3,36,10000
gpu,vollkorn,2,demo,zoom_out,12,1956,complete_us,current,final,4965.8575835,4921.852457999999,4941.59375,4985.9113335,-41.27241699999968,"[-190.01050000000032, 54.27937500000007]",-0.8350100992998599,"[-3.6025592663135932, 1.1022615433035177]",12,3,36,10000
gpu,vollkorn,2,demo,zoom_out,12,1956,draw_us,current,route,3002.1457915,2995.9079165000003,2999.508583,2995.3993330000003,-15.032958000000008,"[-37.70308299999988, 53.09195799999998]",-0.5014033929525041,"[-1.2282293666653454, 1.7881597704141439]",12,3,36,10000
gpu,vollkorn,2,demo,zoom_out,12,1956,submit_us,current,route,3363.0155415,3350.670125,3354.8124585,3347.2152915,-17.666625000000067,"[-57.67900050000003, 65.4670000000001]",-0.5273895630511505,"[-1.674610616098987, 1.9672733956946575]",12,3,36,10000
gpu,vollkorn,2,demo,zoom_out,12,1956,complete_us,current,route,4965.8575835,5001.2100415,4941.59375,5034.2309585,46.86125049999964,"[-133.77083349999975, 210.07137500000044]",0.9406687154566828,"[-2.6963295631358686, 4.218570668099808]",12,3,36,10000
gpu,vollkorn,2,demo,zoom_out,12,1956,draw_us,route,final,2995.9079165000003,2964.618042,2995.3993330000003,2948.47925,-44.72566649999999,"[-92.77449999999999, -20.282916999999998]",-1.5128563284122931,"[-3.0130815712821835, -0.6834178976930116]",12,3,36,10000
gpu,vollkorn,2,demo,zoom_out,12,1956,submit_us,route,final,3350.670125,3319.3419999999996,3347.2152915,3306.5730000000003,-50.57104150000009,"[-107.96012450000012, -19.35583349999979]",-1.529000925121493,"[-3.124461110413246, -0.5835118603298328]",12,3,36,10000
gpu,vollkorn,2,demo,zoom_out,12,1956,complete_us,route,final,5001.2100415,4921.852457999999,5034.2309585,4985.9113335,-109.74133350000011,"[-163.1791250000001, 45.47233300000016]",-2.168966548570567,"[-3.137175686409288, 0.9289103642613594]",12,3,36,10000
gpu,vollkorn,2,font_variations,first_paint,1,263,draw_us,master,current,1719.0,1731.1665,1723.1045,1734.021,5.145500000000084,"[-29.8125, 34.06299999999999]",0.29047529584868004,"[-1.7239478655267149, 2.004061516660316]",12,3,36,10000
gpu,vollkorn,2,font_variations,first_paint,1,263,submit_us,master,current,3088.5209999999997,3109.9995,3084.1459999999997,3118.6245,15.83250000000021,"[-26.479000000000042, 63.39599999999996]",0.5061484848653541,"[-0.8554562071493743, 2.095984152061592]",12,3,36,10000
gpu,vollkorn,2,font_variations,first_paint,1,263,complete_us,master,current,4453.4375,4619.9375,4482.333500000001,4564.1665,122.45849999999973,"[15.728999999999814, 651.2915000000003]",2.793839243961138,"[0.3574527488485524, 14.23299561629917]",12,3,36,10000
gpu,vollkorn,2,font_variations,first_paint,1,263,draw_us,master,final,1719.0,1705.6875,1723.1045,1685.583,-30.208499999999958,"[-67.25000000000011, -1.625]",-1.7058601882254942,"[-3.8916189841730846, -0.09620051248220296]",12,3,36,10000
gpu,vollkorn,2,font_variations,first_paint,1,263,submit_us,master,final,3088.5209999999997,3050.833,3084.1459999999997,3062.7915000000003,-50.8125,"[-131.14649999999983, 58.29150000000004]",-1.6472883918489112,"[-4.132586617055855, 1.9293063269615551]",12,3,36,10000
gpu,vollkorn,2,font_variations,first_paint,1,263,complete_us,master,final,4453.4375,4488.3125,4482.333500000001,4454.7505,7.813000000000102,"[-195.3125, 190.1255000000001]",0.29706402115941,"[-4.2948337094249505, 4.240544666163471]",12,3,36,10000
gpu,vollkorn,2,font_variations,first_paint,1,263,draw_us,master,route,1719.0,1730.1665,1723.1045,1725.625,1.9580000000000837,"[-28.437999999999988, 24.563499999999976]",0.11322876024474349,"[-1.613119581837258, 1.454037084840687]",12,3,36,10000
gpu,vollkorn,2,font_variations,first_paint,1,263,submit_us,master,route,3088.5209999999997,3107.8545,3084.1459999999997,3149.1875,4.25,"[-21.895999999999958, 152.12549999999987]",0.1383403791587634,"[-0.6966732760221583, 5.037537705971074]",12,3,36,10000
gpu,vollkorn,2,font_variations,first_paint,1,263,complete_us,master,route,4453.4375,4666.021000000001,4482.333500000001,4639.6455000000005,117.27050000000008,"[-98.52100000000019, 806.3125]",2.665405650307051,"[-2.202066122891389, 18.06076270574163]",12,3,36,10000
gpu,vollkorn,2,font_variations,first_paint,1,263,draw_us,current,final,1731.1665,1705.6875,1734.021,1685.583,-35.35400000000004,"[-65.87549999999999, -12.396499999999946]",-1.9905056625422801,"[-3.7900053448784163, -0.7183055806831817]",12,3,36,10000
gpu,vollkorn,2,font_variations,first_paint,1,263,submit_us,current,final,3109.9995,3050.833,3118.6245,3062.7915000000003,-51.02099999999996,"[-120.89500000000021, -2.5]",-1.638970774352294,"[-3.8764196996750435, -0.08243633515833126]",12,3,36,10000
gpu,vollkorn,2,font_variations,first_paint,1,263,complete_us,current,final,4619.9375,4488.3125,4564.1665,4454.7505,-166.95850000000064,"[-486.4580000000001, 111.91650000000027]",-3.657732836560551,"[-10.277388276897303, 2.246296638242762]",12,3,36,10000
gpu,vollkorn,2,font_variations,first_paint,1,263,draw_us,current,route,1731.1665,1730.1665,1734.021,1725.625,2.833499999999958,"[-22.374999999999886, 19.333499999999958]",0.1636776231804138,"[-1.282120788764668, 1.1392910312400972]",12,3,36,10000
gpu,vollkorn,2,font_variations,first_paint,1,263,submit_us,current,route,3109.9995,3107.8545,3118.6245,3149.1875,34.104499999999916,"[-31.229000000000042, 93.45849999999996]",1.0832880645923693,"[-1.0088906167252165, 3.0088172679149316]",12,3,36,10000
gpu,vollkorn,2,font_variations,first_paint,1,263,complete_us,current,route,4619.9375,4666.021000000001,4564.1665,4639.6455000000005,31.625,"[-164.875, 469.7294999999999]",0.7008666377281147,"[-3.6462745903506844, 10.036440066545817]",12,3,36,10000
gpu,vollkorn,2,font_variations,first_paint,1,263,draw_us,route,final,1730.1665,1705.6875,1725.625,1685.583,-39.395500000000084,"[-82.14600000000007, -18.000499999999988]",-2.266120955994977,"[-4.728279419773735, -1.0513590002759032]",12,3,36,10000
gpu,vollkorn,2,font_variations,first_paint,1,263,submit_us,route,final,3107.8545,3050.833,3149.1875,3062.7915000000003,-80.77099999999996,"[-141.1875, -40.333000000000084]",-2.5743541214121812,"[-4.439610853913612, -1.3113434549899994]",12,3,36,10000
gpu,vollkorn,2,font_variations,first_paint,1,263,complete_us,route,final,4666.021000000001,4488.3125,4639.6455000000005,4454.7505,-327.91700000000037,"[-912.7284999999997, 155.0005000000001]",-6.751464705932342,"[-16.895337852511577, 3.459754046018093]",12,3,36,10000
gpu,vollkorn,2,font_variations,slant_advance,10,1158,draw_us,master,current,756.48335,779.3459,758.7813,779.39805,18.568749999999966,"[-2.4394000000000347, 26.49815000000001]",2.3749604159594817,"[-0.31152892352696027, 3.5194232771727507]",12,3,36,10000
gpu,vollkorn,2,font_variations,slant_advance,10,1158,submit_us,master,current,809.26055,829.2333,810.1002000000001,830.3167,18.241600000000005,"[-3.68119999999999, 27.283399999999972]",2.2016423796346496,"[-0.4447952055392279, 3.3830294380689074]",12,3,36,10000
gpu,vollkorn,2,font_variations,slant_advance,10,1158,complete_us,master,current,1251.88555,1272.1625,1254.9250499999998,1278.8333499999999,19.437549999999987,"[-8.095649999999978, 35.298]",1.5700222288588805,"[-0.6092030195070708, 2.8496824278298027]",12,3,36,10000
gpu,vollkorn,2,font_variations,slant_advance,10,1158,draw_us,master,final,756.48335,747.4957999999999,758.7813,748.1146,-10.3707,"[-38.35820000000001, 0.09990000000004784]",-1.3211377686949466,"[-4.865562295148313, 0.014443895649218774]",12,3,36,10000
gpu,vollkorn,2,font_variations,slant_advance,10,1158,submit_us,master,final,809.26055,797.4521,810.1002000000001,797.4521,-10.854150000000004,"[-39.631200000000035, -1.364750000000015]",-1.2927877274119648,"[-4.728521761491006, -0.16845133575982274]",12,3,36,10000
gpu,vollkorn,2,font_variations,slant_advance,10,1158,complete_us,master,final,1251.88555,1240.777,1254.9250499999998,1237.1645,-19.762500000000045,"[-46.12715000000003, 8.072950000000105]",-1.5940449866001627,"[-3.5864203579063, 0.659450969714348]",12,3,36,10000
gpu,vollkorn,2,font_variations,slant_advance,10,1158,draw_us,master,route,756.48335,772.7854500000001,758.7813,772.8145999999999,6.74169999999998,"[-6.358299999999986, 29.022999999999968]",0.8779312908901216,"[-0.7779300923658639, 3.8533981139397655]",12,3,36,10000
gpu,vollkorn,2,font_variations,slant_advance,10,1158,submit_us,master,route,809.26055,823.1521,810.1002000000001,823.1521,8.87704999999994,"[-7.58744999999999, 27.333399999999983]",1.085023482559233,"[-0.8747786559368642, 3.3945458475424406]",12,3,36,10000
gpu,vollkorn,2,font_variations,slant_advance,10,1158,complete_us,master,route,1251.88555,1275.42895,1254.9250499999998,1275.19595,20.66260000000011,"[-7.833599999999933, 78.90224999999998]",1.6748496231622112,"[-0.5884695360927505, 6.195078981737046]",12,3,36,10000
gpu,vollkorn,2,font_variations,slant_advance,10,1158,draw_us,current,final,779.3459,747.4957999999999,779.39805,748.1146,-27.375,"[-37.73955000000001, -25.00219999999996]",-3.521221442340666,"[-4.477224886205888, -3.2210921971436934]",12,3,36,10000
gpu,vollkorn,2,font_variations,slant_advance,10,1158,submit_us,current,final,829.2333,797.4521,830.3167,797.4521,-27.952000000000055,"[-36.10834999999997, -25.737599999999986]",-3.3671501036337093,"[-4.13419704345328, -3.129519078726817]",12,3,36,10000
gpu,vollkorn,2,font_variations,slant_advance,10,1158,complete_us,current,final,1272.1625,1240.777,1278.8333499999999,1237.1645,-33.42279999999994,"[-48.629150000000095, -24.208499999999958]",-2.6547944727489057,"[-3.8165369590381806, -1.893656438140695]",12,3,36,10000
gpu,vollkorn,2,font_variations,slant_advance,10,1158,draw_us,current,route,779.3459,772.7854500000001,779.39805,772.8145999999999,-7.668900000000008,"[-14.21875, 18.73100000000005]",-0.9956653078061484,"[-1.8092715755703204, 2.4408409075037607]",12,3,36,10000
gpu,vollkorn,2,font_variations,slant_advance,10,1158,submit_us,current,route,829.2333,823.1521,830.3167,823.1521,-7.16459999999995,"[-16.78739999999999, 23.20625000000001]",-0.8627794092739116,"[-2.0005447275722177, 2.8435715089734748]",12,3,36,10000
gpu,vollkorn,2,font_variations,slant_advance,10,1158,complete_us,current,route,1272.1625,1275.42895,1278.8333499999999,1275.19595,13.156350000000089,"[-17.93119999999999, 66.21445000000006]",1.0399467255734596,"[-1.4067082531998953, 5.12011331175477]",12,3,36,10000
gpu,vollkorn,2,font_variations,slant_advance,10,1158,draw_us,route,final,772.7854500000001,747.4957999999999,772.8145999999999,748.1146,-21.314399999999978,"[-48.26659999999998, -11.05419999999998]",-2.796273835619112,"[-6.113484053633222, -1.4461692488942635]",12,3,36,10000
gpu,vollkorn,2,font_variations,slant_advance,10,1158,submit_us,route,final,823.1521,797.4521,823.1521,797.4521,-22.202000000000055,"[-50.470900000000086, -9.704350000000034]",-2.734180595887098,"[-6.001035468344757, -1.195844924961964]",12,3,36,10000
gpu,vollkorn,2,font_variations,slant_advance,10,1158,complete_us,route,final,1275.42895,1240.777,1275.19595,1237.1645,-38.78545000000008,"[-89.09570000000008, -31.939700000000016]",-3.055141418051943,"[-6.575398112406683, -2.5180047269559855]",12,3,36,10000
gpu,vollkorn,2,font_variations,slant_return,10,0,draw_us,master,current,41.685500000000005,41.84585,41.820750000000004,41.74165,-0.008250000000000313,"[-0.527199999999997, 0.9751000000000012]",-0.019305158299787184,"[-1.256661082792837, 2.424260849819837]",12,3,36,10000
gpu,vollkorn,2,font_variations,slant_return,10,0,submit_us,master,current,95.7542,95.62285,96.0813,96.06255,-1.087449999999997,"[-4.7457000000000065, 3.4853000000000023]",-1.13357190659496,"[-4.551788105688304, 3.80197566637962]",12,3,36,10000
gpu,vollkorn,2,font_variations,slant_return,10,0,complete_us,master,current,283.06875,281.79795,281.9854,281.05425,0.14790000000002124,"[-4.616799999999984, 3.7102999999999895]",0.051740526830107436,"[-1.6116595566792402, 1.3548111379870442]",12,3,36,10000
gpu,vollkorn,2,font_variations,slant_return,10,0,draw_us,master,final,41.685500000000005,41.14805,41.820750000000004,41.2063,-0.7749500000000005,"[-1.872949999999996, 0.7292000000000023]",-1.8564063835931843,"[-4.184369001196437, 1.733613854092364]",12,3,36,10000
gpu,vollkorn,2,font_variations,slant_return,10,0,submit_us,master,final,95.7542,93.652,96.0813,94.41454999999999,-0.3770500000000041,"[-4.491650000000007, 1.0394999999999968]",-0.3969921999180226,"[-4.335788845945688, 1.133079421878369]",12,3,36,10000
gpu,vollkorn,2,font_variations,slant_return,10,0,complete_us,master,final,283.06875,288.49784999999997,281.9854,286.88755000000003,4.722750000000019,"[-4.058150000000012, 9.589550000000031]",1.629720712328253,"[-1.4277669625237077, 3.361465027618682]",12,3,36,10000
gpu,vollkorn,2,font_variations,slant_return,10,0,draw_us,master,route,41.685500000000005,40.9439,41.820750000000004,40.7397,-1.2979499999999966,"[-2.8374500000000005, 0.07090000000000174]",-3.106683302052865,"[-6.212876958613417, 0.17724344601156572]",12,3,36,10000
gpu,vollkorn,2,font_variations,slant_return,10,0,submit_us,master,route,95.7542,96.2292,96.0813,95.3334,-0.1790500000000037,"[-4.29965, 1.506300000000003]",-0.18487572266621677,"[-4.344094720328096, 1.4735414891184129]",12,3,36,10000
gpu,vollkorn,2,font_variations,slant_return,10,0,complete_us,master,route,283.06875,289.02705000000003,281.9854,283.93129999999996,4.431500000000028,"[-3.2686999999999955, 28.12915000000001]",1.572545251917401,"[-1.149198515739741, 9.924090722912883]",12,3,36,10000
gpu,vollkorn,2,font_variations,slant_return,10,0,draw_us,current,final,41.84585,41.14805,41.74165,41.2063,-0.8104000000000013,"[-2.1208500000000043, 0.26470000000000127]",-1.929731869835044,"[-5.04985503938275, 0.6140311154993416]",12,3,36,10000
gpu,vollkorn,2,font_variations,slant_return,10,0,submit_us,current,final,95.62285,93.652,96.06255,94.41454999999999,-1.104300000000002,"[-2.4458000000000055, 0.5313000000000017]",-1.1831628441460573,"[-2.5684481866831366, 0.5371167507852159]",12,3,36,10000
gpu,vollkorn,2,font_variations,slant_return,10,0,complete_us,current,final,281.79795,288.49784999999997,281.05425,286.88755000000003,3.506399999999985,"[-2.8269500000000107, 10.102049999999991]",1.2540580350315578,"[-0.8987177882421316, 3.559433821914826]",12,3,36,10000
gpu,vollkorn,2,font_variations,slant_return,10,0,draw_us,current,route,41.84585,40.9439,41.74165,40.7397,-1.2332999999999998,"[-2.5603499999999997, -0.48545000000000016]",-2.9548409684326815,"[-6.079736947820802, -1.1819993249461258]",12,3,36,10000
gpu,vollkorn,2,font_variations,slant_return,10,0,submit_us,current,route,95.62285,96.2292,96.06255,95.3334,-1.6041500000000042,"[-4.245800000000003, 1.972850000000001]",-1.7175202403115042,"[-4.24072484637712, 2.0778113461804137]",12,3,36,10000
gpu,vollkorn,2,font_variations,slant_return,10,0,complete_us,current,route,281.79795,289.02705000000003,281.05425,283.93129999999996,0.669050000000027,"[-3.445850000000007, 19.84404999999998]",0.2332906264454926,"[-1.2092013029852855, 7.159414247757068]",12,3,36,10000
gpu,vollkorn,2,font_variations,slant_return,10,0,draw_us,route,final,40.9439,41.14805,40.7397,41.2063,0.606300000000001,"[-0.6625499999999995, 1.4060999999999986]",1.4020238904568383,"[-1.623582517121358, 3.465244388484001]",12,3,36,10000
gpu,vollkorn,2,font_variations,slant_return,10,0,submit_us,route,final,96.2292,93.652,95.3334,94.41454999999999,0.4415000000000049,"[-2.716850000000008, 2.016600000000004]",0.47629405459920227,"[-2.4969138381546854, 1.9532444020011641]",12,3,36,10000
gpu,vollkorn,2,font_variations,slant_return,10,0,complete_us,route,final,289.02705000000003,288.49784999999997,283.93129999999996,286.88755000000003,-3.9772000000000105,"[-11.051999999999992, 6.42074999999997]",-1.2938204908515216,"[-3.791670937657199, 2.2780771353278717]",12,3,36,10000
gpu,vollkorn,2,font_variations,warm,30,0,draw_us,master,current,40.026283,39.700050000000005,40.026283,40.11665000000001,-0.36176699999999684,"[-0.7610829999999993, 0.5013670000000019]",-0.9069323808814145,"[-1.8545833772439957, 1.2477418131046303]",12,3,36,10000
gpu,vollkorn,2,font_variations,warm,30,0,submit_us,master,current,86.81309999999999,85.81944999999999,86.2624335,86.16114999999999,-0.45691699999999713,"[-1.5950500000000005, 0.923666500000003]",-0.5352856629708858,"[-1.8323721510059232, 1.0828285225031653]",12,3,36,10000
gpu,vollkorn,2,font_variations,warm,30,0,complete_us,master,current,274.4965165,275.4214835,273.9221665,274.536117,2.286149999999992,"[-4.567300000000017, 9.551333999999997]",0.8509942363944645,"[-1.6487200858003648, 3.596132612012537]",12,3,36,10000
gpu,vollkorn,2,font_variations,warm,30,0,draw_us,master,final,40.026283,39.2805,40.026283,39.2486335,-0.8333329999999997,"[-1.2423159999999989, -0.0666834999999999]",-2.040778714542385,"[-3.095547649924973, -0.16769540218212753]",12,3,36,10000
gpu,vollkorn,2,font_variations,warm,30,0,submit_us,master,final,86.81309999999999,86.42985,86.2624335,86.42018300000001,-1.3429500000000019,"[-2.5937164999999993, 1.584716499999999]",-1.5723240989944598,"[-2.997183241176854, 1.8286086667594126]",12,3,36,10000
gpu,vollkorn,2,font_variations,warm,30,0,complete_us,master,final,274.4965165,274.5028165,273.9221665,275.17146649999995,1.5063835000000267,"[-7.434083500000014, 13.46875049999997]",0.54941803059807,"[-2.731272254791395, 5.045237252095713]",12,3,36,10000
gpu,vollkorn,2,font_variations,warm,30,0,draw_us,master,route,40.026283,39.615217,40.026283,39.584717,-0.6234830000000002,"[-0.9041169999999994, -0.3235500000000009]",-1.5729453515424763,"[-2.2576135435456224, -0.8018351493547626]",12,3,36,10000
gpu,vollkorn,2,font_variations,warm,30,0,submit_us,master,route,86.81309999999999,86.50491650000001,86.2624335,86.210483,-0.13051699999999755,"[-1.122933499999995, 5.531932999999995]",-0.15123767211790984,"[-1.3081341123711565, 6.225761768175586]",12,3,36,10000
gpu,vollkorn,2,font_variations,warm,30,0,complete_us,master,route,274.4965165,277.67631700000004,273.9221665,276.91873350000003,6.609800000000007,"[0.7208835000000136, 10.743816999999979]",2.4407270173972595,"[0.26181283553111667, 4.008796720828878]",12,3,36,10000
gpu,vollkorn,2,font_variations,warm,30,0,draw_us,current,final,39.700050000000005,39.2805,40.11665000000001,39.2486335,-0.2756834999999995,"[-1.2396335000000036, -0.01033350000000155]",-0.6979085280303998,"[-3.08960084507246, -0.031170709209216163]",12,3,36,10000
gpu,vollkorn,2,font_variations,warm,30,0,submit_us,current,final,85.81944999999999,86.42985,86.16114999999999,86.42018300000001,-0.15348300000000137,"[-2.3437835000000007, 1.7638829999999999]",-0.18592051164677548,"[-2.696264466412318, 2.0848799475146174]",12,3,36,10000
gpu,vollkorn,2,font_variations,warm,30,0,complete_us,current,final,275.4214835,274.5028165,274.536117,275.17146649999995,-1.3104665000000182,"[-6.299883499999993, 2.077066500000001]",-0.4753834979732696,"[-2.186779614200618, 0.7594897804271694]",12,3,36,10000
gpu,vollkorn,2,font_variations,warm,30,0,draw_us,current,route,39.700050000000005,39.615217,40.11665000000001,39.584717,-0.47993350000000135,"[-0.733883500000001, 0.29866699999999824]",-1.1952862296439326,"[-1.8233749338955163, 0.7556000630318249]",12,3,36,10000
gpu,vollkorn,2,font_variations,warm,30,0,submit_us,current,route,85.81944999999999,86.50491650000001,86.16114999999999,86.210483,0.40966650000000016,"[-1.1007834999999915, 7.361816499999996]",0.4813130825226608,"[-1.280559241848439, 8.626961595117955]",12,3,36,10000
gpu,vollkorn,2,font_variations,warm,30,0,complete_us,current,route,275.4214835,277.67631700000004,274.536117,276.91873350000003,2.3889335000000074,"[-3.466649999999987, 9.836783499999996]",0.8752619082613156,"[-1.2342498083900644, 3.6180269982676982]",12,3,36,10000
gpu,vollkorn,2,font_variations,warm,30,0,draw_us,route,final,39.615217,39.2805,39.584717,39.2486335,-0.2875000000000014,"[-0.8068670000000004, 0.7235499999999995]",-0.6988097051707998,"[-2.046253775757201, 1.825352476088049]",12,3,36,10000
gpu,vollkorn,2,font_variations,warm,30,0,submit_us,route,final,86.50491650000001,86.42985,86.210483,86.42018300000001,-1.2076165000000074,"[-8.345765999999998, 2.3798500000000047]",-1.4229229193213788,"[-8.905861840271012, 2.7717926778595414]",12,3,36,10000
gpu,vollkorn,2,font_variations,warm,30,0,complete_us,route,final,277.67631700000004,274.5028165,276.91873350000003,275.17146649999995,-1.1383835000000317,"[-12.84876700000001, 0.7596834999999942]",-0.4121061716516883,"[-4.645486361468315, 0.2805595374441805]",12,3,36,10000
gpu,vollkorn,2,font_variations,weight_advance,6,717,draw_us,master,current,838.2291665,858.0903335,838.833333,856.9165835,12.847250499999973,"[1.4686664999999834, 25.17008300000009]",1.5284821639454105,"[0.17493716658180114, 2.955309767706127]",12,3,36,10000
gpu,vollkorn,2,font_variations,weight_advance,6,717,submit_us,master,current,879.895833,901.84025,880.2255829999999,900.84375,12.68433349999998,"[1.631666999999993, 23.15258349999999]",1.4341901386821787,"[0.18207344556565586, 2.5745560179244564]",12,3,36,10000
gpu,vollkorn,2,font_variations,weight_advance,6,717,complete_us,master,current,1333.1285834999999,1356.9202500000001,1338.7291665,1356.9202500000001,23.874916499999927,"[11.798999999999978, 40.30566650000003]",1.7901695211348323,"[0.8928346568003231, 3.0371499003510882]",12,3,36,10000
gpu,vollkorn,2,font_variations,weight_advance,6,717,draw_us,master,final,838.2291665,830.8751665,838.833333,830.857583,-9.017333000000008,"[-21.666583000000003, -4.507083500000022]",-1.0802108817330736,"[-2.547368297291447, -0.5285173440160773]",12,3,36,10000
gpu,vollkorn,2,font_variations,weight_advance,6,717,submit_us,master,final,879.895833,875.1075835,880.2255829999999,872.024167,-11.23599999999999,"[-26.934083499999986, -4.829999999999984]",-1.2847553249971444,"[-2.9455523626099547, -0.5435413052944316]",12,3,36,10000
gpu,vollkorn,2,font_variations,weight_advance,6,717,complete_us,master,final,1333.1285834999999,1332.5625835,1338.7291665,1325.423667,-12.455083000000059,"[-25.586666500000092, 54.86841649999985]",-0.9402229494038294,"[-1.9096417223752993, 4.0818091337423645]",12,3,36,10000
gpu,vollkorn,2,font_variations,weight_advance,6,717,draw_us,master,route,838.2291665,852.0208335,838.833333,851.6770835,15.475833499999965,"[1.7468334999999797, 23.940916500000014]",1.8215424424254056,"[0.20877109904036684, 2.8813003962858574]",12,3,36,10000
gpu,vollkorn,2,font_variations,weight_advance,6,717,submit_us,master,route,879.895833,898.4966665,880.2255829999999,897.5206665000001,15.927333499999975,"[-0.7845004999999787, 27.114582999999982]",1.8023385326222052,"[-0.07882763681874572, 3.118678180995871]",12,3,36,10000
gpu,vollkorn,2,font_variations,weight_advance,6,717,complete_us,master,route,1333.1285834999999,1358.7119165,1338.7291665,1361.3890000000001,22.76750000000004,"[8.666916499999957, 47.59749999999997]",1.701916474674059,"[0.646236763313579, 3.6322055232201778]",12,3,36,10000
gpu,vollkorn,2,font_variations,weight_advance,6,717,draw_us,current,final,858.0903335,830.8751665,856.9165835,830.857583,-18.5625,"[-37.22208350000005, -6.993083000000013]",-2.020332140414538,"[-4.276335557665139, -0.8402378199647176]",12,3,36,10000
gpu,vollkorn,2,font_variations,weight_advance,6,717,submit_us,current,final,901.84025,875.1075835,900.84375,872.024167,-19.381917000000044,"[-38.76733350000001, -7.2431664999999725]",-2.0176533827083007,"[-4.255877481197457, -0.8274219918600223]",12,3,36,10000
gpu,vollkorn,2,font_variations,weight_advance,6,717,complete_us,current,final,1356.9202500000001,1332.5625835,1356.9202500000001,1325.423667,-26.70483400000012,"[-49.30183350000004, -0.8680835000001252]",-2.0088545665149393,"[-3.4433582295606002, -0.06964912842980509]",12,3,36,10000
gpu,vollkorn,2,font_variations,weight_advance,6,717,draw_us,current,route,858.0903335,852.0208335,856.9165835,851.6770835,-1.336749999999995,"[-13.214999999999975, 22.54166699999996]",-0.1483008329441149,"[-1.5732218024689382, 2.6750462787427542]",12,3,36,10000
gpu,vollkorn,2,font_variations,weight_advance,6,717,submit_us,current,route,901.84025,898.4966665,900.84375,897.5206665000001,1.4689994999999385,"[-13.628416499999958, 26.235833500000012]",0.1733503205037512,"[-1.5325656153037381, 2.9636524982095236]",12,3,36,10000
gpu,vollkorn,2,font_variations,weight_advance,6,717,complete_us,current,route,1356.9202500000001,1358.7119165,1356.9202500000001,1361.3890000000001,5.500083500000073,"[-13.895750000000021, 44.895832999999925]",0.40680341194686553,"[-1.0376018754450322, 3.3770791549539547]",12,3,36,10000
gpu,vollkorn,2,font_variations,weight_advance,6,717,draw_us,route,final,852.0208335,830.8751665,851.6770835,830.857583,-26.611083500000007,"[-51.82641649999999, -10.184083499999986]",-3.1451736664847796,"[-6.034325152774023, -1.1997095804508418]",12,3,36,10000
gpu,vollkorn,2,font_variations,weight_advance,6,717,submit_us,route,final,898.4966665,875.1075835,897.5206665000001,872.024167,-29.65933300000006,"[-54.024583500000006, -10.743166499999973]",-3.3241202304305384,"[-5.976065351969984, -1.2186029585012303]",12,3,36,10000
gpu,vollkorn,2,font_variations,weight_advance,6,717,complete_us,route,final,1358.7119165,1332.5625835,1361.3890000000001,1325.423667,-41.34366650000004,"[-68.95833300000004, -10.687583500000073]",-3.0227042828802118,"[-5.043888375037625, -0.811507296371905]",12,3,36,10000
gpu,vollkorn,2,font_variations,weight_return,6,0,draw_us,master,current,39.892416499999996,40.1215,39.868083,40.0208335,-0.1148329999999973,"[-1.444166499999998, 1.218833]",-0.26146878345970626,"[-3.5288351592223712, 3.12821472822139]",12,3,36,10000
gpu,vollkorn,2,font_variations,weight_return,6,0,submit_us,master,current,87.7395835,88.36458350000001,87.30924999999999,88.3195,0.3576669999999993,"[-7.795333499999998, 4.204583499999998]",0.4166208335803723,"[-8.061210841032462, 4.979303778720656]",12,3,36,10000
gpu,vollkorn,2,font_variations,weight_return,6,0,complete_us,master,current,273.139,276.0001665,271.9341665,276.06958299999997,5.0760834999999815,"[-2.881833499999999, 13.073166500000013]",1.8781850540177891,"[-1.0342518659518463, 4.828983565453071]",12,3,36,10000
gpu,vollkorn,2,font_variations,weight_return,6,0,draw_us,master,final,39.892416499999996,39.572917000000004,39.868083,39.461917,-0.8888329999999982,"[-1.6318330000000003, 0.8644999999999996]",-2.1992821765578094,"[-3.9826886586977084, 2.229904677496508]",12,3,36,10000
gpu,vollkorn,2,font_variations,weight_return,6,0,submit_us,master,final,87.7395835,86.73949999999999,87.30924999999999,86.10075,-0.7814164999999988,"[-8.729333500000003, 2.340167000000001]",-0.8805412188230777,"[-9.38163783608279, 2.7694442107897843]",12,3,36,10000
gpu,vollkorn,2,font_variations,weight_return,6,0,complete_us,master,final,273.139,272.6838335,271.9341665,272.5866665,-1.965333500000014,"[-6.2985835000000066, 6.753833500000013]",-0.7211750979670639,"[-2.2855304119568434, 2.5509054359954653]",12,3,36,10000
gpu,vollkorn,2,font_variations,weight_return,6,0,draw_us,master,route,39.892416499999996,40.652666499999995,39.868083,40.2154165,0.39233349999999945,"[-0.7986664999999995, 1.5555830000000022]",0.9795677100804645,"[-2.007012563759636, 4.007776904502469]",12,3,36,10000
gpu,vollkorn,2,font_variations,weight_return,6,0,submit_us,master,route,87.7395835,89.0415835,87.30924999999999,88.124917,2.170083500000004,"[-5.774250000000002, 6.923416499999995]",2.5367584117061193,"[-6.205890112375717, 7.935816189296963]",12,3,36,10000
gpu,vollkorn,2,font_variations,weight_return,6,0,complete_us,master,route,273.139,276.58691650000003,271.9341665,276.15616650000004,4.003416499999986,"[-5.611000499999989, 16.66316649999999]",1.476483634733916,"[-2.0022862812151985, 6.082195009594338]",12,3,36,10000
gpu,vollkorn,2,font_variations,weight_return,6,0,draw_us,current,final,40.1215,39.572917000000004,40.0208335,39.461917,-0.45833350000000195,"[-3.0106664999999992, 0.1664170000000027]",-1.156576429298628,"[-6.960152191932967, 0.4306113959763269]",12,3,36,10000
gpu,vollkorn,2,font_variations,weight_return,6,0,submit_us,current,final,88.36458350000001,86.73949999999999,88.3195,86.10075,-1.2775834999999987,"[-4.604082999999996, -0.6007504999999966]",-1.5133386638545299,"[-5.013400986324057, -0.6946330002308321]",12,3,36,10000
gpu,vollkorn,2,font_variations,weight_return,6,0,complete_us,current,final,276.0001665,272.6838335,276.06958299999997,272.5866665,-3.4339999999999975,"[-12.607249999999993, 0.639166500000016]",-1.2410268116465561,"[-4.573681589936735, 0.2467120774213738]",12,3,36,10000
gpu,vollkorn,2,font_variations,weight_return,6,0,draw_us,current,route,40.1215,40.652666499999995,40.0208335,40.2154165,0.36824999999999974,"[-2.0555835000000044, 1.510416499999998]",0.9309439188426527,"[-4.820793516847632, 3.790803043244373]",12,3,36,10000
gpu,vollkorn,2,font_variations,weight_return,6,0,submit_us,current,route,88.36458350000001,89.0415835,88.3195,88.124917,1.5835000000000008,"[-1.1353334999999944, 5.948166500000006]",1.8467774402341042,"[-1.2776275706659457, 5.771658589613637]",12,3,36,10000
gpu,vollkorn,2,font_variations,weight_return,6,0,complete_us,current,route,276.0001665,276.58691650000003,276.06958299999997,276.15616650000004,2.4584999999999866,"[-2.705083000000002, 13.104250500000006]",0.9037905532157997,"[-0.977512608280251, 4.6807166023601905]",12,3,36,10000
gpu,vollkorn,2,font_variations,weight_return,6,0,draw_us,route,final,40.652666499999995,39.572917000000004,40.2154165,39.461917,-0.9550829999999948,"[-1.559083000000001, -0.4028330000000011]",-2.382985607481852,"[-3.844565112685039, -1.0194148294347671]",12,3,36,10000
gpu,vollkorn,2,font_variations,weight_return,6,0,submit_us,route,final,89.0415835,86.73949999999999,88.124917,86.10075,-2.9550835000000006,"[-5.746750000000006, -1.6772500000000008]",-3.3866768336833717,"[-6.1115404983773045, -1.971536453883277]",12,3,36,10000
gpu,vollkorn,2,font_variations,weight_return,6,0,complete_us,route,final,276.58691650000003,272.6838335,276.15616650000004,272.5866665,-3.8125829999999894,"[-15.725499999999982, -0.19775050000001215]",-1.3252561327762091,"[-5.467352563913764, -0.07359360993410835]",12,3,36,10000
gpu,vollkorn,2,grid_pollution,hot_first,1,94,draw_us,master,current,1832.396,1879.521,1827.521,1876.25,62.14599999999996,"[26.54200000000003, 86.9575000000001]",3.441311008618697,"[1.4368789132594872, 4.870200941750769]",12,3,36,10000
gpu,vollkorn,2,grid_pollution,hot_first,1,94,submit_us,master,current,3128.3959999999997,3206.917,3129.8755,3189.9165000000003,74.16650000000004,"[34.0625, 88.91650000000004]",2.384042754076643,"[1.1007058586336216, 2.896836574406225]",12,3,36,10000
gpu,vollkorn,2,grid_pollution,hot_first,1,94,complete_us,master,current,4090.2709999999997,4197.4794999999995,4080.2709999999997,4195.3544999999995,122.04150000000027,"[8.667500000000018, 196.70899999999983]",2.9543495357900795,"[0.205236505689671, 4.946754554891008]",12,3,36,10000
gpu,vollkorn,2,grid_pollution,hot_first,1,94,draw_us,master,final,1832.396,1755.083,1827.521,1757.375,-78.125,"[-105.22899999999993, -27.791500000000042]",-4.28870427436614,"[-5.619349487771769, -1.5384505967476036]",12,3,36,10000
gpu,vollkorn,2,grid_pollution,hot_first,1,94,submit_us,master,final,3128.3959999999997,3035.4375,3129.8755,3029.3959999999997,-117.58399999999983,"[-191.50049999999987, 25.125499999999874]",-3.75707521205661,"[-5.902272562049221, 0.7992100652283396]",12,3,36,10000
gpu,vollkorn,2,grid_pollution,hot_first,1,94,complete_us,master,final,4090.2709999999997,4033.2709999999997,4080.2709999999997,4017.5834999999997,-112.93700000000013,"[-192.22949999999992, 90.5630000000001]",-2.743698612925022,"[-4.688599227112111, 2.1953046417902966]",12,3,36,10000
gpu,vollkorn,2,grid_pollution,hot_first,1,94,draw_us,master,route,1832.396,1785.5625,1827.521,1783.7085,-34.58349999999996,"[-83.66649999999993, 8.083500000000072]",-1.9077424366737261,"[-4.530092739860658, 0.4439916919272813]",12,3,36,10000
gpu,vollkorn,2,grid_pollution,hot_first,1,94,submit_us,master,route,3128.3959999999997,3081.1875,3129.8755,3098.0415000000003,-89.02149999999983,"[-154.39550000000008, 35.9375]",-2.8700818750791113,"[-4.9602244017312, 1.1565250128576787]",12,3,36,10000
gpu,vollkorn,2,grid_pollution,hot_first,1,94,complete_us,master,route,4090.2709999999997,4044.3959999999997,4080.2709999999997,4085.083,16.395499999999856,"[-103.45800000000008, 105.33349999999996]",0.40226066876005717,"[-2.5259993356433363, 2.688530877455364]",12,3,36,10000
gpu,vollkorn,2,grid_pollution,hot_first,1,94,draw_us,current,final,1879.521,1755.083,1876.25,1757.375,-120.60450000000003,"[-142.29200000000003, -97.4375]",-6.488912870768326,"[-7.584989368126472, -5.193335060032773]",12,3,36,10000
gpu,vollkorn,2,grid_pollution,hot_first,1,94,submit_us,current,final,3206.917,3035.4375,3189.9165000000003,3029.3959999999997,-175.79199999999992,"[-239.93849999999975, -100.45849999999996]",-5.404800298377788,"[-7.5157446644457835, -3.1668106875991087]",12,3,36,10000
gpu,vollkorn,2,grid_pollution,hot_first,1,94,complete_us,current,final,4197.4794999999995,4033.2709999999997,4195.3544999999995,4017.5834999999997,-166.33399999999983,"[-263.1875000000002, -46.79099999999971]",-4.04969203376112,"[-6.2208263581967245, -1.1073947709392573]",12,3,36,10000
gpu,vollkorn,2,grid_pollution,hot_first,1,94,draw_us,current,route,1879.521,1785.5625,1876.25,1783.7085,-96.89550000000008,"[-116.27149999999995, -62.95849999999996]",-5.151211258487088,"[-6.25615090044811, -3.3600334236927596]",12,3,36,10000
gpu,vollkorn,2,grid_pollution,hot_first,1,94,submit_us,current,route,3206.917,3081.1875,3189.9165000000003,3098.0415000000003,-169.52050000000008,"[-218.87549999999987, -73.5625]",-5.261079400563539,"[-6.195113139185793, -2.3060934883029183]",12,3,36,10000
gpu,vollkorn,2,grid_pollution,hot_first,1,94,complete_us,current,route,4197.4794999999995,4044.3959999999997,4195.3544999999995,4085.083,-88.3755000000001,"[-174.31299999999987, 57.68749999999977]",-2.117941677701174,"[-4.1505396992655825, 1.346823133572278]",12,3,36,10000
gpu,vollkorn,2,grid_pollution,hot_first,1,94,draw_us,route,final,1785.5625,1755.083,1783.7085,1757.375,-18.333499999999958,"[-101.04200000000003, -4.333000000000084]",-1.0193695793490332,"[-5.51881795260662, -0.24815428639545778]",12,3,36,10000
gpu,vollkorn,2,grid_pollution,hot_first,1,94,submit_us,route,final,3081.1875,3035.4375,3098.0415000000003,3029.3959999999997,-34.708000000000084,"[-159.77099999999996, 35.270500000000084]",-1.1506780631022007,"[-5.095043763359868, 1.1693558009688632]",12,3,36,10000
gpu,vollkorn,2,grid_pollution,hot_first,1,94,complete_us,route,final,4044.3959999999997,4033.2709999999997,4085.083,4017.5834999999997,-90.9375,"[-195.56199999999967, -21.791999999999916]",-2.099175983513785,"[-4.6458034663695855, -0.5562895209901886]",12,3,36,10000
gpu,vollkorn,2,grid_pollution,hot_return,1,94,draw_us,master,current,1732.104,1768.3745,1738.687,1771.667,22.730000000000018,"[-2.47849999999994, 45.91700000000003]",1.318091921798381,"[-0.13770191884612815, 2.676475296300962]",12,3,36,10000
gpu,vollkorn,2,grid_pollution,hot_return,1,94,submit_us,master,current,1782.3745,1814.792,1789.583,1815.5415,17.521000000000072,"[-6.187499999999886, 52.16600000000017]",1.0002503858121181,"[-0.33786102059549794, 2.924880276161246]",12,3,36,10000
gpu,vollkorn,2,grid_pollution,hot_return,1,94,complete_us,master,current,2737.9795,2805.8959999999997,2738.9795,2808.4375,73.20800000000008,"[-19.833000000000084, 129.375]",2.6361973154632734,"[-0.6264369775325684, 4.77357265946371]",12,3,36,10000
gpu,vollkorn,2,grid_pollution,hot_return,1,94,draw_us,master,final,1732.104,1727.9375,1738.687,1711.709,-29.311999999999898,"[-63.70749999999998, 7.22950000000003]",-1.6553031059436563,"[-3.610403418027519, 0.4217205825188197]",12,3,36,10000
gpu,vollkorn,2,grid_pollution,hot_return,1,94,submit_us,master,final,1782.3745,1771.667,1789.583,1759.146,-31.708000000000084,"[-67.33349999999996, 9.708499999999958]",-1.7437941417980496,"[-3.703310733981163, 0.5546036223710249]",12,3,36,10000
gpu,vollkorn,2,grid_pollution,hot_return,1,94,complete_us,master,final,2737.9795,2751.2915000000003,2738.9795,2751.2915000000003,71.79150000000004,"[-143.60400000000004, 307.47900000000004]",2.7175688773628193,"[-5.254880290668956, 11.088123150949357]",12,3,36,10000
gpu,vollkorn,2,grid_pollution,hot_return,1,94,draw_us,master,route,1732.104,1771.7715,1738.687,1777.833,34.41700000000003,"[3.187999999999988, 90.24950000000001]",2.012850313675618,"[0.178991650746263, 5.02305782921697]",12,3,36,10000
gpu,vollkorn,2,grid_pollution,hot_return,1,94,submit_us,master,route,1782.3745,1822.979,1789.583,1823.5,34.27049999999997,"[1.8330000000000837, 105.43650000000002]",1.9231548143409327,"[0.11046112078013093, 5.701138147082974]",12,3,36,10000
gpu,vollkorn,2,grid_pollution,hot_return,1,94,complete_us,master,route,2737.9795,2806.4584999999997,2738.9795,2806.4584999999997,72.58349999999996,"[-50.54150000000004, 190.68799999999987]",2.6450417700863316,"[-1.7683949353999695, 7.167020582572404]",12,3,36,10000
gpu,vollkorn,2,grid_pollution,hot_return,1,94,draw_us,current,final,1768.3745,1727.9375,1771.667,1711.709,-42.00049999999999,"[-60.541999999999916, -12.20799999999997]",-2.43552002527983,"[-3.4387454756098834, -0.684178851907713]",12,3,36,10000
gpu,vollkorn,2,grid_pollution,hot_return,1,94,submit_us,current,final,1814.792,1771.667,1815.5415,1759.146,-42.04150000000004,"[-58.66700000000003, -5.125]",-2.346296793523134,"[-3.2473417887183222, -0.2768525625850615]",12,3,36,10000
gpu,vollkorn,2,grid_pollution,hot_return,1,94,complete_us,current,final,2805.8959999999997,2751.2915000000003,2808.4375,2751.2915000000003,-46.3125,"[-194.8125, 239.52099999999996]",-1.6431377120885993,"[-6.768719024703135, 8.441349940096988]",12,3,36,10000
gpu,vollkorn,2,grid_pollution,hot_return,1,94,draw_us,current,route,1768.3745,1771.7715,1771.667,1777.833,16.0625,"[-14.646000000000072, 43.77099999999996]",0.9252111623551662,"[-0.8163184724313433, 2.4324376028300065]",12,3,36,10000
gpu,vollkorn,2,grid_pollution,hot_return,1,94,submit_us,current,route,1814.792,1822.979,1815.5415,1823.5,14.062499999999886,"[-19.833500000000072, 44.04149999999993]",0.7910862830973642,"[-1.074756158322887, 2.3876824581844813]",12,3,36,10000
gpu,vollkorn,2,grid_pollution,hot_return,1,94,complete_us,current,route,2805.8959999999997,2806.4584999999997,2808.4375,2806.4584999999997,9.854499999999916,"[-83.08300000000008, 82.64649999999983]",0.3519677024062251,"[-2.881557082616676, 2.9886439785564822]",12,3,36,10000
gpu,vollkorn,2,grid_pollution,hot_return,1,94,draw_us,route,final,1771.7715,1727.9375,1777.833,1711.709,-65.02099999999984,"[-108.91599999999994, -23.770999999999958]",-3.59834713590238,"[-6.036991104048544, -1.3648915113218751]",12,3,36,10000
gpu,vollkorn,2,grid_pollution,hot_return,1,94,submit_us,route,final,1822.979,1771.667,1823.5,1759.146,-61.89599999999996,"[-118.64499999999998, -16.75]",-3.3538523575977863,"[-6.380833838162214, -0.9468236365654858]",12,3,36,10000
gpu,vollkorn,2,grid_pollution,hot_return,1,94,complete_us,route,final,2806.4584999999997,2751.2915000000003,2806.4584999999997,2751.2915000000003,-118.89649999999983,"[-201.375, 286.3120000000001]",-4.143218715784952,"[-7.22235979619037, 10.236050475761882]",12,3,36,10000
gpu,vollkorn,2,grid_pollution,hot_second,1,94,draw_us,master,current,1695.104,438.3335,1693.75,440.79150000000004,-1258.2089999999998,"[-1267.3964999999998, -1250.0835]",-74.14787753801183,"[-74.45878112239595, -73.93111571301006]",12,3,36,10000
gpu,vollkorn,2,grid_pollution,hot_second,1,94,submit_us,master,current,1736.5205,474.33299999999997,1732.9164999999998,481.16650000000004,-1259.1664999999998,"[-1271.396, -1244.188]",-72.63658386915378,"[-72.94903888049222, -71.9603471773673]",12,3,36,10000
gpu,vollkorn,2,grid_pollution,hot_second,1,94,complete_us,master,current,2734.7084999999997,908.25,2766.313,911.729,-1855.0214999999998,"[-1897.6665000000003, -1745.2915]",-66.61700427026216,"[-67.44311767679284, -64.89875621688682]",12,3,36,10000
gpu,vollkorn,2,grid_pollution,hot_second,1,94,draw_us,master,final,1695.104,440.64599999999996,1693.75,440.188,-1261.313,"[-1266.792, -1243.3339999999998]",-74.08556691121515,"[-74.39555305845252, -73.66816548118125]",12,3,36,10000
gpu,vollkorn,2,grid_pollution,hot_second,1,94,submit_us,master,final,1736.5205,476.6255,1732.9164999999998,476.29200000000003,-1265.3745,"[-1277.812, -1239.0625]",-72.74352519050936,"[-73.01183964533578, -71.98677340649796]",12,3,36,10000
gpu,vollkorn,2,grid_pollution,hot_second,1,94,complete_us,master,final,2734.7084999999997,914.0830000000001,2766.313,914.0830000000001,-1851.9174999999998,"[-1916.3125, -1751.083]",-66.94526036489965,"[-68.16720518289888, -65.93621922664174]",12,3,36,10000
gpu,vollkorn,2,grid_pollution,hot_second,1,94,draw_us,master,route,1695.104,437.1875,1693.75,436.459,-1258.6665,"[-1268.625, -1250.021]",-74.33147090023846,"[-74.58927109724274, -73.99756636070478]",12,3,36,10000
gpu,vollkorn,2,grid_pollution,hot_second,1,94,submit_us,master,route,1736.5205,476.125,1732.9164999999998,477.062,-1257.8125,"[-1278.6455, -1250.5835]",-72.64559030122605,"[-72.94211670008494, -72.30302979154752]",12,3,36,10000
gpu,vollkorn,2,grid_pollution,hot_second,1,94,complete_us,master,route,2734.7084999999997,918.2294999999999,2766.313,908.7919999999999,-1815.3740000000003,"[-1867.2714999999998, -1742.7915000000003]",-66.98838446068022,"[-67.28756899409811, -64.2025846054537]",12,3,36,10000
gpu,vollkorn,2,grid_pollution,hot_second,1,94,draw_us,current,final,438.3335,440.64599999999996,440.79150000000004,440.188,2.396500000000003,"[-5.707999999999998, 11.916999999999973]",0.5314199788016172,"[-1.2769042358300453, 2.797678882426824]",12,3,36,10000
gpu,vollkorn,2,grid_pollution,hot_second,1,94,submit_us,current,final,474.33299999999997,476.6255,481.16650000000004,476.29200000000003,0.7924999999999898,"[-7.916000000000025, 11.562999999999988]",0.1619076240876538,"[-1.6415234364668296, 2.4958956419576794]",12,3,36,10000
gpu,vollkorn,2,grid_pollution,hot_second,1,94,complete_us,current,final,908.25,914.0830000000001,911.729,914.0830000000001,-0.12450000000001182,"[-33.64549999999997, 10.16700000000003]",-0.014235652530519838,"[-3.5735218537219007, 1.1685045315595555]",12,3,36,10000
gpu,vollkorn,2,grid_pollution,hot_second,1,94,draw_us,current,route,438.3335,437.1875,440.79150000000004,436.459,-2.8325000000000387,"[-7.290999999999997, 5.771000000000015]",-0.6260683393469579,"[-1.6358178548773084, 1.3367593422081492]",12,3,36,10000
gpu,vollkorn,2,grid_pollution,hot_second,1,94,submit_us,current,route,474.33299999999997,476.125,481.16650000000004,477.062,-1.1245000000000402,"[-10.3125, 11.270999999999987]",-0.22780902530224467,"[-2.1217035667056128, 2.3291486341036727]",12,3,36,10000
gpu,vollkorn,2,grid_pollution,hot_second,1,94,complete_us,current,route,908.25,918.2294999999999,911.729,908.7919999999999,-0.8325000000000387,"[-21.229000000000042, 73.97950000000003]",-0.09239065494108245,"[-2.321343050719926, 8.031192217148153]",12,3,36,10000
gpu,vollkorn,2,grid_pollution,hot_second,1,94,draw_us,route,final,437.1875,440.64599999999996,436.459,440.188,-0.0010000000000047748,"[-2.4375, 16.062999999999988]",0.0003995072914042552,"[-0.5572078525142188, 3.7544314815031066]",12,3,36,10000
gpu,vollkorn,2,grid_pollution,hot_second,1,94,submit_us,route,final,476.125,476.6255,477.062,476.29200000000003,-2.6674999999999898,"[-7.624000000000024, 15.79249999999999]",-0.5612975762576633,"[-1.601953586038879, 3.4623955685788466]",12,3,36,10000
gpu,vollkorn,2,grid_pollution,hot_second,1,94,complete_us,route,final,918.2294999999999,914.0830000000001,908.7919999999999,914.0830000000001,-15.89549999999997,"[-82.95749999999998, 14.271000000000015]",-1.7114635512932408,"[-8.265564126297676, 1.5850041516333846]",12,3,36,10000
gpu,vollkorn,2,grid_pollution,pollution,64,6016,draw_us,master,current,1767.9960154999999,1821.05375,1771.7389295,1824.6520625,35.63575000000003,"[25.121202999999923, 59.16437450000001]",2.038529862036309,"[1.4306791044451872, 3.343187140413506]",12,3,36,10000
gpu,vollkorn,2,grid_pollution,pollution,64,6016,submit_us,master,current,1807.7287655,1862.098,1811.3137425,1866.5995935,35.54948400000001,"[22.558327999999847, 62.54230499999994]",1.9736113549582046,"[1.2568612123747602, 3.4545588354537804]",12,3,36,10000
gpu,vollkorn,2,grid_pollution,pollution,64,6016,complete_us,master,current,2807.7489219999998,2869.1871874999997,2796.9756485,2879.267242,40.303679500000044,"[19.630359, 89.26371050000012]",1.4473955800004767,"[0.7060000206980499, 3.1458662442459873]",12,3,36,10000
gpu,vollkorn,2,grid_pollution,pollution,64,6016,draw_us,master,final,1767.9960154999999,1763.196328,1771.7389295,1760.6533595,-15.56633550000015,"[-37.9023044999999, 16.836351499999978]",-0.8739009151712829,"[-2.125762176760393, 0.9672915023357542]",12,3,36,10000
gpu,vollkorn,2,grid_pollution,pollution,64,6016,submit_us,master,final,1807.7287655,1803.3463590000001,1811.3137425,1800.9059605,-16.373586499999988,"[-39.86159399999997, 17.868891000000076]",-0.8985158322211195,"[-2.1865970985303793, 1.0052037061724195]",12,3,36,10000
gpu,vollkorn,2,grid_pollution,pollution,64,6016,complete_us,master,final,2807.7489219999998,2798.023711,2796.9756485,2789.94925,-14.155945999999858,"[-30.259796999999708, 14.386343500000066]",-0.5071622812708565,"[-1.051708856631911, 0.5169149911402604]",12,3,36,10000
gpu,vollkorn,2,grid_pollution,pollution,64,6016,draw_us,master,route,1767.9960154999999,1804.486953,1771.7389295,1809.7411795,16.976905999999985,"[-0.8955080000000635, 97.54718749999995]",0.9715931839635483,"[-0.04886971507338522, 5.472581413166355]",12,3,36,10000
gpu,vollkorn,2,grid_pollution,pollution,64,6016,submit_us,master,route,1807.7287655,1843.953383,1811.3137425,1851.1155315,16.398702999999955,"[-3.475851499999976, 107.81742150000014]",0.9198972683834072,"[-0.19004049246434396, 5.9165750270590785]",12,3,36,10000
gpu,vollkorn,2,grid_pollution,pollution,64,6016,complete_us,master,route,2807.7489219999998,2830.9654765,2796.9756485,2850.9221485,10.51396049999994,"[-12.414039500000172, 158.90817949999996]",0.3763977821025999,"[-0.4412529138103527, 5.642768903943063]",12,3,36,10000
gpu,vollkorn,2,grid_pollution,pollution,64,6016,draw_us,current,final,1821.05375,1763.196328,1824.6520625,1760.6533595,-47.49804700000004,"[-69.02541400000007, -31.267867000000024]",-2.6271200190501833,"[-3.7829330169596167, -1.7518750810728845]",12,3,36,10000
gpu,vollkorn,2,grid_pollution,pollution,64,6016,submit_us,current,final,1862.098,1803.3463590000001,1866.5995935,1800.9059605,-47.77120349999984,"[-72.28773449999994, -30.47004699999991]",-2.586089542208192,"[-3.872875059850517, -1.6726976855828413]",12,3,36,10000
gpu,vollkorn,2,grid_pollution,pollution,64,6016,complete_us,current,final,2869.1871874999997,2798.023711,2879.267242,2789.94925,-54.19140599999969,"[-104.68552350000004, -12.80442949999997]",-1.914356008211282,"[-3.5493165017264463, -0.4521389403724374]",12,3,36,10000
gpu,vollkorn,2,grid_pollution,pollution,64,6016,draw_us,current,route,1821.05375,1804.486953,1824.6520625,1809.7411795,-5.713187500000004,"[-23.990687499999922, 36.64382799999987]",-0.3162242900483725,"[-1.3110511244888046, 2.0138169526130456]",12,3,36,10000
gpu,vollkorn,2,grid_pollution,pollution,64,6016,submit_us,current,route,1862.098,1843.953383,1866.5995935,1851.1155315,-3.139382999999839,"[-24.973936999999978, 42.057273500000065]",-0.17147523424298483,"[-1.3380354798591954, 2.2589928133257775]",12,3,36,10000
gpu,vollkorn,2,grid_pollution,pollution,64,6016,complete_us,current,route,2869.1871874999997,2830.9654765,2879.267242,2850.9221485,-7.503078500000129,"[-49.941148500000054, 78.43778150000003]",-0.2628275508540723,"[-1.7205655709397416, 2.669230845527626]",12,3,36,10000
gpu,vollkorn,2,grid_pollution,pollution,64,6016,draw_us,route,final,1804.486953,1763.196328,1809.7411795,1760.6533595,-41.78485950000004,"[-115.67738249999991, -14.670827500000087]",-2.3182411437180637,"[-6.054636562538828, -0.8257918251889929]",12,3,36,10000
gpu,vollkorn,2,grid_pollution,pollution,64,6016,submit_us,route,final,1843.953383,1803.3463590000001,1851.1155315,1800.9059605,-44.6318205,"[-126.78056950000007, -12.897735000000011]",-2.418794345048253,"[-6.450625850116526, -0.710279401397812]",12,3,36,10000
gpu,vollkorn,2,grid_pollution,pollution,64,6016,complete_us,route,final,2830.9654765,2798.023711,2850.9221485,2789.94925,-37.46483599999988,"[-155.8024449999998, -13.695601499999839]",-1.3340370659636336,"[-5.194699501450217, -0.48856026499237704]",12,3,36,10000
gpu,vollkorn,2,grid_singleton,once,1,94,draw_us,master,current,1850.3960000000002,1875.333,1864.667,1891.25,21.666999999999916,"[5.3129999999998745, 48.3744999999999]",1.1771589215047618,"[0.27829451228883473, 2.64659066481836]",12,3,36,10000
gpu,vollkorn,2,grid_singleton,once,1,94,submit_us,master,current,3198.5,3203.5205,3200.563,3203.5205,38.37400000000025,"[-24.91749999999979, 76.83349999999996]",1.211616746246813,"[-0.7811957451162643, 2.399508690621621]",12,3,36,10000
gpu,vollkorn,2,grid_singleton,once,1,94,complete_us,master,current,4168.8545,4163.5835,4155.2295,4163.5835,24.458000000000084,"[-88.33400000000006, 127.56249999999977]",0.5841010461759333,"[-2.13516446410702, 3.1610901996486973]",12,3,36,10000
gpu,vollkorn,2,grid_singleton,once,1,94,draw_us,master,final,1850.3960000000002,1778.771,1864.667,1787.1039999999998,-62.708000000000084,"[-92.00000000000011, -37.89600000000007]",-3.4271905079865994,"[-4.921037494463265, -2.055616215988798]",12,3,36,10000
gpu,vollkorn,2,grid_singleton,once,1,94,submit_us,master,final,3198.5,3108.5205,3200.563,3104.0415000000003,-124.16650000000004,"[-159.39649999999983, -69.41650000000004]",-3.8583478577664643,"[-5.056976419749176, -2.1882643553681858]",12,3,36,10000
gpu,vollkorn,2,grid_singleton,once,1,94,complete_us,master,final,4168.8545,4069.5,4155.2295,4076.4790000000003,-72.66650000000004,"[-164.2505000000001, 33.95799999999963]",-1.7184849019349302,"[-3.9773188315995798, 0.8249396961448219]",12,3,36,10000
gpu,vollkorn,2,grid_singleton,once,1,94,draw_us,master,route,1850.3960000000002,1796.3335,1864.667,1795.188,-27.875499999999988,"[-82.77100000000007, 11.020999999999958]",-1.540574733375094,"[-4.475509589448418, 0.5974893551309757]",12,3,36,10000
gpu,vollkorn,2,grid_singleton,once,1,94,submit_us,master,route,3198.5,3132.125,3200.563,3108.583,-28.208000000000084,"[-102.0, 15.4375]",-0.8672888959812164,"[-3.2485881273774053, 0.48875276963541436]",12,3,36,10000
gpu,vollkorn,2,grid_singleton,once,1,94,complete_us,master,route,4168.8545,4104.3125,4155.2295,4099.416499999999,-16.104499999999916,"[-94.66750000000025, 245.54149999999981]",-0.39561984819262985,"[-2.297976811858815, 5.74614112908598]",12,3,36,10000
gpu,vollkorn,2,grid_singleton,once,1,94,draw_us,current,final,1875.333,1778.771,1891.25,1787.1039999999998,-102.3125,"[-128.72899999999993, -58.79200000000003]",-5.492655241617406,"[-6.7656088692657885, -3.167294275171229]",12,3,36,10000
gpu,vollkorn,2,grid_singleton,once,1,94,submit_us,current,final,3203.5205,3108.5205,3203.5205,3104.0415000000003,-137.18700000000013,"[-185.25, -81.64550000000008]",-4.358630804043218,"[-5.676518662784069, -2.5604793900999843]",12,3,36,10000
gpu,vollkorn,2,grid_singleton,once,1,94,complete_us,current,final,4163.5835,4069.5,4163.5835,4076.4790000000003,-92.27049999999986,"[-107.54200000000014, -60.9375]",-2.252158862794534,"[-2.5112734371423584, -1.4824504144942297]",12,3,36,10000
gpu,vollkorn,2,grid_singleton,once,1,94,draw_us,current,route,1875.333,1796.3335,1891.25,1795.188,-68.5424999999999,"[-106.02099999999996, -22.499500000000012]",-3.7101658494107124,"[-5.602182536612321, -1.2168288409108274]",12,3,36,10000
gpu,vollkorn,2,grid_singleton,once,1,94,submit_us,current,route,3203.5205,3132.125,3203.5205,3108.583,-63.0,"[-130.85400000000004, 24.25099999999975]",-1.9923331076876605,"[-3.9595709618645283, 0.7624629836109009]",12,3,36,10000
gpu,vollkorn,2,grid_singleton,once,1,94,complete_us,current,route,4163.5835,4104.3125,4163.5835,4099.416499999999,-6.458499999999958,"[-86.14550000000008, 110.89600000000019]",-0.16314223090442836,"[-2.0934500447629567, 2.486406815365849]",12,3,36,10000
gpu,vollkorn,2,grid_singleton,once,1,94,draw_us,route,final,1796.3335,1778.771,1795.188,1787.1039999999998,-32.270500000000084,"[-49.43799999999999, -10.978500000000054]",-1.7879654220003816,"[-2.5400297026364482, -0.6184222991655497]",12,3,36,10000
gpu,vollkorn,2,grid_singleton,once,1,94,submit_us,route,final,3132.125,3108.5205,3108.583,3104.0415000000003,-52.20849999999996,"[-134.35449999999992, 8.72999999999979]",-1.6427389844736906,"[-4.123698414365201, 0.2943418692529176]",12,3,36,10000
gpu,vollkorn,2,grid_singleton,once,1,94,complete_us,route,final,4104.3125,4069.5,4099.416499999999,4076.4790000000003,-70.85399999999981,"[-171.89549999999963, -9.521499999999833]",-1.7408231128929808,"[-3.899236253422133, -0.23369991997435613]",12,3,36,10000
gpu,vollkorn,2,grid_two_phases,first,1,94,draw_us,master,current,1815.5415,1848.6875,1817.4585000000002,1830.646,10.375499999999874,"[-26.833500000000072, 21.45799999999997]",0.568644425276732,"[-1.446288144194402, 1.16503291962462]",12,3,36,10000
gpu,vollkorn,2,grid_two_phases,first,1,94,submit_us,master,current,3030.2290000000003,3039.7709999999997,3033.4795,3047.937,3.4785000000001673,"[-65.6875, 35.125]",0.11100207362987335,"[-2.1199096521029634, 1.1748357114368613]",12,3,36,10000
gpu,vollkorn,2,grid_two_phases,first,1,94,complete_us,master,current,3980.3959999999997,4083.9165000000003,3988.0209999999997,4083.9165000000003,111.70849999999996,"[-4.021499999999833, 382.3130000000001]",2.866051002348824,"[-0.10698314353105864, 9.348119223579099]",12,3,36,10000
gpu,vollkorn,2,grid_two_phases,first,1,94,draw_us,master,final,1815.5415,1735.8545,1817.4585000000002,1741.125,-88.0,"[-106.75049999999999, -65.70850000000007]",-4.848719412545732,"[-5.812590340084656, -3.6262472324746553]",12,3,36,10000
gpu,vollkorn,2,grid_two_phases,first,1,94,submit_us,master,final,3030.2290000000003,2967.3334999999997,3033.4795,2962.1040000000003,-63.04100000000017,"[-130.75, -42.270500000000084]",-2.1134051456098812,"[-4.0783451154694115, -1.354163150983112]",12,3,36,10000
gpu,vollkorn,2,grid_two_phases,first,1,94,complete_us,master,final,3980.3959999999997,3963.9165000000003,3988.0209999999997,3934.4375,25.458499999999958,"[-180.12549999999987, 220.33300000000008]",0.701626408119782,"[-4.523487371933521, 5.544364508576249]",12,3,36,10000
gpu,vollkorn,2,grid_two_phases,first,1,94,draw_us,master,route,1815.5415,1769.854,1817.4585000000002,1766.2295,-43.312499999999886,"[-93.66600000000005, 6.249999999999886]",-2.403098437597678,"[-5.063401724491734, 0.3452036952019122]",12,3,36,10000
gpu,vollkorn,2,grid_two_phases,first,1,94,submit_us,master,route,3030.2290000000003,2974.0209999999997,3033.4795,2986.2915000000003,-24.291500000000042,"[-107.29199999999992, 48.04150000000004]",-0.7621779401128848,"[-3.4970610119754273, 1.5965788449422869]",12,3,36,10000
gpu,vollkorn,2,grid_two_phases,first,1,94,complete_us,master,route,3980.3959999999997,3964.3545,3988.0209999999997,3963.625,43.270500000000084,"[-69.52050000000008, 183.41650000000027]",1.1214900805114003,"[-1.7530721541711924, 4.620341191374955]",12,3,36,10000
gpu,vollkorn,2,grid_two_phases,first,1,94,draw_us,current,final,1848.6875,1735.8545,1830.646,1741.125,-92.00049999999999,"[-99.77099999999996, -61.31299999999999]",-5.039514633872926,"[-5.463508320409643, -3.282293711092865]",12,3,36,10000
gpu,vollkorn,2,grid_two_phases,first,1,94,submit_us,current,final,3039.7709999999997,2967.3334999999997,3047.937,2962.1040000000003,-59.70849999999996,"[-112.66600000000017, -18.583499999999958]",-1.9708791004753201,"[-3.6852780413355046, -0.5811132899968152]",12,3,36,10000
gpu,vollkorn,2,grid_two_phases,first,1,94,complete_us,current,final,4083.9165000000003,3963.9165000000003,4083.9165000000003,3934.4375,-143.97899999999981,"[-282.77049999999986, 21.749499999999898]",-3.527266589827349,"[-6.477228904163784, 0.5045816104176426]",12,3,36,10000
gpu,vollkorn,2,grid_two_phases,first,1,94,draw_us,current,route,1848.6875,1769.854,1830.646,1766.2295,-35.37450000000001,"[-118.95800000000008, 1.9164999999999281]",-1.9630341138878293,"[-6.3913648971671675, 0.12914877308158323]",12,3,36,10000
gpu,vollkorn,2,grid_two_phases,first,1,94,submit_us,current,route,3039.7709999999997,2974.0209999999997,3047.937,2986.2915000000003,-66.56200000000013,"[-105.31299999999987, 8.291500000000042]",-2.203274634558311,"[-3.4239616726419397, 0.2803543834353217]",12,3,36,10000
gpu,vollkorn,2,grid_two_phases,first,1,94,complete_us,current,route,4083.9165000000003,3964.3545,4083.9165000000003,3963.625,-166.22850000000017,"[-305.7919999999999, 25.395999999999958]",-4.1155038365979335,"[-7.218958568614786, 0.5039838461829593]",12,3,36,10000
gpu,vollkorn,2,grid_two_phases,first,1,94,draw_us,route,final,1769.854,1735.8545,1766.2295,1741.125,-39.83350000000007,"[-70.10450000000003, -9.521499999999833]",-2.278708546271119,"[-3.881748071153357, -0.544815874026261]",12,3,36,10000
gpu,vollkorn,2,grid_two_phases,first,1,94,submit_us,route,final,2974.0209999999997,2967.3334999999997,2986.2915000000003,2962.1040000000003,-18.604499999999916,"[-103.1875, 13.83250000000021]",-0.6231674113344021,"[-3.3763837857474774, 0.47437679372793196]",12,3,36,10000
gpu,vollkorn,2,grid_two_phases,first,1,94,complete_us,route,final,3964.3545,3963.9165000000003,3963.625,3934.4375,-28.250000000000227,"[-54.16750000000002, 57.3125]",-0.6974145993307534,"[-1.322113840565381, 1.4624608129676697]",12,3,36,10000
gpu,vollkorn,2,grid_two_phases,second,1,94,draw_us,master,current,1704.146,435.16650000000004,1707.104,434.72900000000004,-1267.958,"[-1276.708, -1254.9584999999997]",-74.53562554888185,"[-74.81143691194788, -74.0166799533477]",12,3,36,10000
gpu,vollkorn,2,grid_two_phases,second,1,94,submit_us,master,current,1745.9375,472.8125,1747.5415,471.917,-1277.2295,"[-1287.208, -1255.0205]",-73.03620779247457,"[-73.35151863811075, -72.6157675915072]",12,3,36,10000
gpu,vollkorn,2,grid_two_phases,second,1,94,complete_us,master,current,2751.2290000000003,924.8544999999999,2760.4795,957.438,-1773.167,"[-1873.5, -1380.75]",-66.02489809551386,"[-67.64633302768276, -46.9417528410694]",12,3,36,10000
gpu,vollkorn,2,grid_two_phases,second,1,94,draw_us,master,final,1704.146,440.8125,1707.104,438.33349999999996,-1258.3125,"[-1272.2910000000002, -1243.7705]",-74.14000648498597,"[-74.41877718007049, -73.89059906320232]",12,3,36,10000
gpu,vollkorn,2,grid_two_phases,second,1,94,submit_us,master,final,1745.9375,477.1455,1747.5415,474.29150000000004,-1266.4585,"[-1284.062, -1243.3955]",-72.69491813743113,"[-72.99206299911444, -72.37180730369471]",12,3,36,10000
gpu,vollkorn,2,grid_two_phases,second,1,94,complete_us,master,final,2751.2290000000003,911.3544999999999,2760.4795,916.375,-1848.604,"[-2013.4589999999998, -1636.979]",-68.01912076569135,"[-69.18628867088853, -58.56765406113735]",12,3,36,10000
gpu,vollkorn,2,grid_two_phases,second,1,94,draw_us,master,route,1704.146,440.25,1707.104,440.8125,-1260.667,"[-1274.7709999999997, -1240.708]",-74.2288227326315,"[-74.41219387094563, -73.49514805082325]",12,3,36,10000
gpu,vollkorn,2,grid_two_phases,second,1,94,submit_us,master,route,1745.9375,477.229,1747.5415,477.8755,-1268.625,"[-1285.1879999999999, -1240.9995]",-72.86199109686447,"[-73.09972251620904, -71.85957756118248]",12,3,36,10000
gpu,vollkorn,2,grid_two_phases,second,1,94,complete_us,master,route,2751.2290000000003,916.3125,2760.4795,916.2705000000001,-1815.3545,"[-1998.1464999999998, -1483.958]",-66.7332653367524,"[-68.84763790852426, -52.25445506943577]",12,3,36,10000
gpu,vollkorn,2,grid_two_phases,second,1,94,draw_us,current,final,435.16650000000004,440.8125,434.72900000000004,438.33349999999996,6.582999999999998,"[-2.4785000000000537, 11.041999999999973]",1.5464785348855647,"[-0.5664068302470737, 2.5550567953048997]",12,3,36,10000
gpu,vollkorn,2,grid_two_phases,second,1,94,submit_us,current,final,472.8125,477.1455,471.917,474.29150000000004,3.416999999999973,"[-1.7919999999999732, 11.521499999999975]",0.7406666278944041,"[-0.37993143851703937, 2.466814815735241]",12,3,36,10000
gpu,vollkorn,2,grid_two_phases,second,1,94,complete_us,current,final,924.8544999999999,911.3544999999999,957.438,916.375,-24.125499999999988,"[-352.2294999999999, 11.83299999999997]",-2.644391028233839,"[-23.395666153148106, 0.9389198872421067]",12,3,36,10000
gpu,vollkorn,2,grid_two_phases,second,1,94,draw_us,current,route,435.16650000000004,440.25,434.72900000000004,440.8125,6.687000000000012,"[3.062999999999988, 12.895999999999987]",1.5724155207298751,"[0.708843468520981, 2.970222619146745]",12,3,36,10000
gpu,vollkorn,2,grid_two_phases,second,1,94,submit_us,current,route,472.8125,477.229,471.917,477.8755,5.145999999999987,"[2.4374999999999716, 17.646000000000015]",1.1164549823411973,"[0.5171181823280024, 3.7952554765265045]",12,3,36,10000
gpu,vollkorn,2,grid_two_phases,second,1,94,complete_us,current,route,924.8544999999999,916.3125,957.438,916.2705000000001,1.5830000000000268,"[-487.31300000000005, 142.687]",0.22013535992275735,"[-31.58910820146982, 10.310622944212556]",12,3,36,10000
gpu,vollkorn,2,grid_two_phases,second,1,94,draw_us,route,final,440.25,440.8125,440.8125,438.33349999999996,0.9790000000000134,"[-7.333000000000027, 4.958999999999946]",0.22666285528484265,"[-1.6630396090343114, 1.134992985356742]",12,3,36,10000
gpu,vollkorn,2,grid_two_phases,second,1,94,submit_us,route,final,477.229,477.1455,477.8755,474.29150000000004,2.1874999999999716,"[-12.625000000000028, 7.313000000000017]",0.47007334202421314,"[-2.6139178662695493, 1.532510423183675]",12,3,36,10000
gpu,vollkorn,2,grid_two_phases,second,1,94,complete_us,route,final,916.3125,911.3544999999999,916.2705000000001,916.375,-15.3125,"[-34.20799999999997, 16.250000000000057]",-1.6967418934423106,"[-3.36224536598046, 1.418823725821372]",12,3,36,10000
gpu,vollkorn,2,grid_unique_sizes,sweep,32,3008,draw_us,master,current,1739.430984,1786.8476405000001,1737.2519375,1780.418625,53.82159450000006,"[34.11795300000006, 74.17645249999998]",3.1257976783908847,"[1.9542227964745695, 4.2871710305044335]",12,3,36,10000
gpu,vollkorn,2,grid_unique_sizes,sweep,32,3008,submit_us,master,current,1815.6426095000002,1859.9049690000002,1816.3391405,1857.136016,55.199281499999984,"[27.665359500000022, 77.27731349999999]",3.0710213069992,"[1.5166078817413053, 4.277699438371785]",12,3,36,10000
gpu,vollkorn,2,grid_unique_sizes,sweep,32,3008,complete_us,master,current,2848.430969,2912.2201095,2848.430969,2912.2201095,73.8281565000002,"[48.79634349999992, 134.9257345000001]",2.601503315165332,"[1.7308828445864566, 4.711417116714401]",12,3,36,10000
gpu,vollkorn,2,grid_unique_sizes,sweep,32,3008,draw_us,master,final,1739.430984,1731.6452655,1737.2519375,1738.7721405000002,-6.978500000000054,"[-23.130874999999946, 18.95900000000006]",-0.4064050590572632,"[-1.3332605893446203, 1.0882246176638133]",12,3,36,10000
gpu,vollkorn,2,grid_unique_sizes,sweep,32,3008,submit_us,master,final,1815.6426095000002,1804.558719,1816.3391405,1814.6484375,-10.400968499999976,"[-29.794797000000017, 21.991453500000034]",-0.5806087605511934,"[-1.6333746307631791, 1.2074481561384687]",12,3,36,10000
gpu,vollkorn,2,grid_unique_sizes,sweep,32,3008,complete_us,master,final,2848.430969,2834.3204065,2848.430969,2845.2273125,2.0826869999998507,"[-21.088344000000006, 44.66087500000026]",0.07327895877670687,"[-0.752458995616484, 1.5836085769596386]",12,3,36,10000
gpu,vollkorn,2,grid_unique_sizes,sweep,32,3008,draw_us,master,route,1739.430984,1763.5832340000002,1737.2519375,1758.8854845,26.35543749999988,"[-1.1125629999999092, 88.87049999999999]",1.5363798925185357,"[-0.06284807175750418, 5.119184484120199]",12,3,36,10000
gpu,vollkorn,2,grid_unique_sizes,sweep,32,3008,submit_us,master,route,1815.6426095000002,1837.298828,1816.3391405,1833.8177030000002,27.469515499999943,"[-3.5182029999999713, 92.26829750000002]",1.5356867277773856,"[-0.19179799725606017, 5.0835230962833595]",12,3,36,10000
gpu,vollkorn,2,grid_unique_sizes,sweep,32,3008,complete_us,master,route,2848.430969,2898.8666095,2848.430969,2902.6054845,47.576250500000015,"[15.6243750000001, 85.18760949999978]",1.6659446381018794,"[0.5615201994473296, 3.001882336590034]",12,3,36,10000
gpu,vollkorn,2,grid_unique_sizes,sweep,32,3008,draw_us,current,final,1786.8476405000001,1731.6452655,1780.418625,1738.7721405000002,-55.233687499999974,"[-60.018203000000085, -42.09959350000008]",-3.0625101913629105,"[-3.3773998162678454, -2.2610665255077658]",12,3,36,10000
gpu,vollkorn,2,grid_unique_sizes,sweep,32,3008,submit_us,current,final,1859.9049690000002,1804.558719,1857.136016,1814.6484375,-56.94789100000003,"[-66.09695349999993, -43.21668700000009]",-3.03895160290929,"[-3.559217672958553, -2.2195574939518457]",12,3,36,10000
gpu,vollkorn,2,grid_unique_sizes,sweep,32,3008,complete_us,current,final,2912.2201095,2834.3204065,2912.2201095,2845.2273125,-67.83846850000009,"[-111.96998400000007, -18.78128199999992]",-2.234511775259956,"[-3.792339364287789, -0.6545901693119471]",12,3,36,10000
gpu,vollkorn,2,grid_unique_sizes,sweep,32,3008,draw_us,current,route,1786.8476405000001,1763.5832340000002,1780.418625,1758.8854845,-21.62636000000009,"[-25.97589049999999, 20.311249999999973]",-1.2224037387012165,"[-1.4615861350966652, 1.141156619455136]",12,3,36,10000
gpu,vollkorn,2,grid_unique_sizes,sweep,32,3008,submit_us,current,route,1859.9049690000002,1837.298828,1857.136016,1833.8177030000002,-20.898359500000083,"[-29.656188000000043, 23.221390499999984]",-1.1350684228078611,"[-1.5989162564629622, 1.2433066640742396]",12,3,36,10000
gpu,vollkorn,2,grid_unique_sizes,sweep,32,3008,complete_us,current,route,2912.2201095,2898.8666095,2912.2201095,2902.6054845,-28.986953000000085,"[-52.2253125000002, 29.36462500000016]",-0.9954739020525294,"[-1.7932413094391697, 1.026128060656606]",12,3,36,10000
gpu,vollkorn,2,grid_unique_sizes,sweep,32,3008,draw_us,route,final,1763.5832340000002,1731.6452655,1758.8854845,1738.7721405000002,-32.509124999999926,"[-76.23120300000005, -12.633984499999997]",-1.8609249305155562,"[-4.2440902399857094, -0.6940178504630301]",12,3,36,10000
gpu,vollkorn,2,grid_unique_sizes,sweep,32,3008,submit_us,route,final,1837.298828,1804.558719,1833.8177030000002,1814.6484375,-37.369812000000024,"[-80.50259349999999, -9.599016000000006]",-2.0526861195151236,"[-4.305773832375653, -0.5051500112503382]",12,3,36,10000
gpu,vollkorn,2,grid_unique_sizes,sweep,32,3008,complete_us,route,final,2898.8666095,2834.3204065,2902.6054845,2845.2273125,-50.683422000000064,"[-92.5533284999999, 19.598218500000257]",-1.7562512714473622,"[-3.1672559352761196, 0.6841055488907677]",12,3,36,10000
gpu,vollkorn,2,grid_unique_variations,sweep,32,3008,draw_us,master,current,529.0494685,562.5292345,527.6725154999999,559.456375,35.208421999999985,"[19.68035950000001, 64.68301600000007]",6.797514944744099,"[3.707197959492925, 12.423172284896367]",12,3,36,10000
gpu,vollkorn,2,grid_unique_variations,sweep,32,3008,submit_us,master,current,605.747375,636.155656,602.3964375,633.9544060000001,35.48179649999997,"[14.322859999999991, 67.92124999999999]",6.009925108810322,"[2.350962084923025, 11.40054429830517]",12,3,36,10000
gpu,vollkorn,2,grid_unique_variations,sweep,32,3008,complete_us,master,current,1153.586531,1207.8399685,1151.6393435,1190.331406,58.35946850000005,"[-3.99206300000003, 130.61985900000002]",5.2312070083266775,"[-0.19690626645009202, 11.999464983438358]",12,3,36,10000
gpu,vollkorn,2,grid_unique_variations,sweep,32,3008,draw_us,master,final,529.0494685,447.768187,527.6725154999999,447.768187,-81.44268749999998,"[-88.6711095, -70.7878595]",-15.326556198338341,"[-16.864263005214113, -13.667390607839764]",12,3,36,10000
gpu,vollkorn,2,grid_unique_variations,sweep,32,3008,submit_us,master,final,605.747375,522.5357345,602.3964375,522.9967345,-79.07874999999996,"[-94.65293700000001, -71.79231249999998]",-13.127506744401291,"[-15.686608033127719, -12.161226320388728]",12,3,36,10000
gpu,vollkorn,2,grid_unique_variations,sweep,32,3008,complete_us,master,final,1153.586531,1002.285203,1151.6393435,1000.7805000000001,-117.43885899999998,"[-181.73498449999994, -69.27779750000002]",-10.192748001491537,"[-15.132731878624133, -6.687349926325497]",12,3,36,10000
gpu,vollkorn,2,grid_unique_variations,sweep,32,3008,draw_us,master,route,529.0494685,467.617219,527.6725154999999,467.8190005,-60.991562999999985,"[-64.5507495, -42.18101549999997]",-11.607378329892125,"[-12.155434984270325, -7.886544360663467]",12,3,36,10000
gpu,vollkorn,2,grid_unique_variations,sweep,32,3008,submit_us,master,route,605.747375,542.434328,602.3964375,541.87175,-62.940000000000055,"[-67.56320299999999, -38.2421875]",-10.592424264177787,"[-11.151803296370925, -6.270744976725473]",12,3,36,10000
gpu,vollkorn,2,grid_unique_variations,sweep,32,3008,complete_us,master,route,1153.586531,1112.423203,1151.6393435,1089.5233905,-67.33595299999996,"[-146.95834349999996, 14.941374999999994]",-5.98026184324878,"[-12.640487913729686, 1.561533220765865]",12,3,36,10000
gpu,vollkorn,2,grid_unique_variations,sweep,32,3008,draw_us,current,final,562.5292345,447.768187,559.456375,447.768187,-110.92896900000005,"[-124.82887500000001, -105.99628149999998]",-20.091294239239033,"[-21.99149431562431, -19.16159476556943]",12,3,36,10000
gpu,vollkorn,2,grid_unique_variations,sweep,32,3008,submit_us,current,final,636.155656,522.5357345,633.9544060000001,522.9967345,-113.85984350000001,"[-127.49543699999998, -107.27410899999995]",-18.193777880727616,"[-19.778016789089932, -17.14073165820611]",12,3,36,10000
gpu,vollkorn,2,grid_unique_variations,sweep,32,3008,complete_us,current,final,1207.8399685,1002.285203,1190.331406,1000.7805000000001,-160.66853150000009,"[-236.554781, -104.26043699999997]",-14.132991391939548,"[-19.179462072435356, -9.020432533535866]",12,3,36,10000
gpu,vollkorn,2,grid_unique_variations,sweep,32,3008,draw_us,current,route,562.5292345,467.617219,559.456375,467.8190005,-94.50860949999998,"[-104.40370250000001, -71.36656200000002]",-17.08583751198843,"[-18.387533582724497, -12.510729266013005]",12,3,36,10000
gpu,vollkorn,2,grid_unique_variations,sweep,32,3008,submit_us,current,route,636.155656,542.434328,633.9544060000001,541.87175,-97.23239050000001,"[-107.63798400000002, -63.61262549999998]",-15.535992030228122,"[-16.687515891224926, -9.89203835649054]",12,3,36,10000
gpu,vollkorn,2,grid_unique_variations,sweep,32,3008,complete_us,current,route,1207.8399685,1112.423203,1190.331406,1089.5233905,-39.74998399999998,"[-256.2220310000001, 37.12042199999996]",-3.6723931895819186,"[-20.191272478767033, 3.3371263473415347]",12,3,36,10000
gpu,vollkorn,2,grid_unique_variations,sweep,32,3008,draw_us,route,final,467.617219,447.768187,467.8190005,447.768187,-20.6295475,"[-36.268812999999994, -13.751859499999995]",-4.437014940440803,"[-7.093614786317437, -2.929566594016592]",12,3,36,10000
gpu,vollkorn,2,grid_unique_variations,sweep,32,3008,submit_us,route,final,542.434328,522.5357345,541.87175,522.9967345,-21.919280999999955,"[-42.0487655, -11.41407799999996]",-4.066591214960064,"[-6.990613941897721, -2.1100072339043265]",12,3,36,10000
gpu,vollkorn,2,grid_unique_variations,sweep,32,3008,complete_us,route,final,1112.423203,1002.285203,1089.5233905,1000.7805000000001,-43.66012499999994,"[-183.79746849999998, 1.3900470000000382]",-3.999697213167086,"[-15.727103420958144, 0.22648178660364393]",12,3,36,10000
gpu,vollkorn,2,text,first_paint,1,1278,draw_us,master,current,31894.5,25312.3125,31768.1045,25312.188000000002,-6491.6455000000005,"[-6687.999499999998, -6200.041499999999]",-20.533354635924596,"[-20.90336867204948, -19.7318557777166]",12,3,36,10000
gpu,vollkorn,2,text,first_paint,1,1278,submit_us,master,current,38859.9375,32353.3335,38744.5415,32309.958,-6397.500500000002,"[-6752.479500000001, -6085.729500000001]",-16.617645711914378,"[-17.339689075620548, -15.930567035562548]",12,3,36,10000
gpu,vollkorn,2,text,first_paint,1,1278,complete_us,master,current,50106.625,44499.729,49673.875,44382.0415,-5838.375500000002,"[-6420.457999999999, -4601.332999999999]",-11.636022439486421,"[-12.620030489500412, -9.350140230890341]",12,3,36,10000
gpu,vollkorn,2,text,first_paint,1,1278,draw_us,master,final,31894.5,25018.833,31768.1045,25049.333,-6740.8955000000005,"[-6982.6044999999995, -6428.9375]",-21.20837580101303,"[-22.087305614710864, -20.282243262847857]",12,3,36,10000
gpu,vollkorn,2,text,first_paint,1,1278,submit_us,master,final,38859.9375,32336.875,38744.5415,31974.375,-6512.686999999998,"[-6911.7080000000005, -6037.1255]",-16.753337801409756,"[-18.04124627732509, -15.631185824930366]",12,3,36,10000
gpu,vollkorn,2,text,first_paint,1,1278,complete_us,master,final,50106.625,43803.104,49673.875,43850.9375,-6027.832999999999,"[-6722.916499999999, -4582.292000000001]",-11.877907196021493,"[-13.551597779515612, -9.211314663095527]",12,3,36,10000
gpu,vollkorn,2,text,first_paint,1,1278,draw_us,master,route,31894.5,25324.6665,31768.1045,25416.936999999998,-6383.812500000002,"[-6630.603999999999, -6230.4580000000005]",-20.31453726412467,"[-20.80797198502607, -19.52229448123066]",12,3,36,10000
gpu,vollkorn,2,text,first_paint,1,1278,submit_us,master,route,38859.9375,32656.4585,38744.5415,32504.75,-6315.1875,"[-6469.4375, -5763.228999999999]",-16.297800738378825,"[-16.70070609562625, -14.719842657030142]",12,3,36,10000
gpu,vollkorn,2,text,first_paint,1,1278,complete_us,master,route,50106.625,43999.8545,49673.875,43973.021,-5513.666499999999,"[-6815.854500000001, -4443.25]",-10.975462855566631,"[-13.451536082327763, -9.046857971249384]",12,3,36,10000
gpu,vollkorn,2,text,first_paint,1,1278,draw_us,current,final,25312.3125,25018.833,25312.188000000002,25049.333,-240.33300000000054,"[-457.8545000000013, -208.41699999999946]",-0.9450647381968658,"[-1.8006154539732755, -0.8261400972948696]",12,3,36,10000
gpu,vollkorn,2,text,first_paint,1,1278,submit_us,current,final,32353.3335,32336.875,32309.958,31974.375,-314.9584999999988,"[-470.8954999999987, 525.3325000000004]",-0.9789931103635297,"[-1.4568482051104392, 1.636267683055359]",12,3,36,10000
gpu,vollkorn,2,text,first_paint,1,1278,complete_us,current,final,44499.729,43803.104,44382.0415,43850.9375,-487.9574999999968,"[-938.3550000000032, 572.1454999999987]",-1.1140518569729696,"[-2.106324041731067, 1.3267463392406087]",12,3,36,10000
gpu,vollkorn,2,text,first_paint,1,1278,draw_us,current,route,25312.3125,25324.6665,25312.188000000002,25416.936999999998,80.95749999999862,"[-69.41700000000128, 264.66649999999936]",0.3189208095195295,"[-0.273348343893165, 1.0473894625054658]",12,3,36,10000
gpu,vollkorn,2,text,first_paint,1,1278,submit_us,current,route,32353.3335,32656.4585,32309.958,32504.75,133.5,"[-28.70850000000064, 662.6455000000005]",0.4184215565120608,"[-0.08518362428838189, 2.016022701809561]",12,3,36,10000
gpu,vollkorn,2,text,first_paint,1,1278,complete_us,current,route,44499.729,43999.8545,44382.0415,43973.021,-99.14600000000064,"[-900.5005000000019, 917.6460000000006]",-0.22784646365340833,"[-2.0243996774809867, 2.0978042983931355]",12,3,36,10000
gpu,vollkorn,2,text,first_paint,1,1278,draw_us,route,final,25324.6665,25018.833,25416.936999999998,25049.333,-333.125,"[-551.3954999999987, -56.97949999999946]",-1.3192228973774478,"[-2.158293370739978, -0.21918820213895907]",12,3,36,10000
gpu,vollkorn,2,text,first_paint,1,1278,submit_us,route,final,32656.4585,32336.875,32504.75,31974.375,-444.4375,"[-704.1249999999982, 5.709000000002561]",-1.381073868411442,"[-2.106312243988473, 0.00670173240828742]",12,3,36,10000
gpu,vollkorn,2,text,first_paint,1,1278,complete_us,route,final,43999.8545,43803.104,43973.021,43850.9375,-148.64549999999872,"[-1485.0204999999987, 1186.3539999999994]",-0.3372692586834203,"[-3.3453472378917715, 2.655217210640637]",12,3,36,10000
gpu,vollkorn,2,text,reflow,3,0,draw_us,master,current,2805.2846664999997,2780.1733335,2797.4515,2781.0071664999996,-42.055834000000004,"[-62.360999999999876, -16.041500000000042]",-1.4735873175423075,"[-2.256801835150546, -0.5749081233544728]",12,3,36,10000
gpu,vollkorn,2,text,reflow,3,0,submit_us,master,current,2982.3125,2956.8958334999998,2976.3334999999997,2953.5278335000003,-38.367999499999996,"[-63.14566650000006, -18.840333500000042]",-1.2816292073569435,"[-2.149634187188687, -0.6355979930333933]",12,3,36,10000
gpu,vollkorn,2,text,reflow,3,0,complete_us,master,current,3642.2986665,3568.743333,3642.2986665,3553.6803335,-107.25000049999994,"[-154.84033350000004, 10.03466649999973]",-2.957867950092663,"[-4.182334881608224, 0.27913540938067083]",12,3,36,10000
gpu,vollkorn,2,text,reflow,3,0,draw_us,master,final,2805.2846664999997,2797.6041665000002,2797.4515,2796.2016665,2.6805000000001655,"[-47.60366700000009, 43.01366700000017]",0.09883333464315025,"[-1.688755696912314, 1.5468741085286064]",12,3,36,10000
gpu,vollkorn,2,text,reflow,3,0,submit_us,master,final,2982.3125,2976.7015,2976.3334999999997,2972.2293335000004,-4.055666499999916,"[-47.13883299999998, 47.69416649999994]",-0.13646746976940238,"[-1.5749703575154317, 1.6103581465298555]",12,3,36,10000
gpu,vollkorn,2,text,reflow,3,0,complete_us,master,final,3642.2986665,3620.5694999999996,3642.2986665,3592.3540000000003,-77.61833349999984,"[-129.0208335000002, 47.19433300000014]",-2.1688305226164104,"[-3.482731936950778, 1.3059112840160814]",12,3,36,10000
gpu,vollkorn,2,text,reflow,3,0,draw_us,master,route,2805.2846664999997,2842.25,2797.4515,2842.25,36.95166700000027,"[-25.0971669999999, 184.13233349999996]",1.3359687092445505,"[-0.9000864652568163, 6.56483010159562]",12,3,36,10000
gpu,vollkorn,2,text,reflow,3,0,submit_us,master,route,2982.3125,3017.5273335,2976.3334999999997,3017.5273335,37.145666499999834,"[-25.89583299999981, 219.78466649999996]",1.2658435784020816,"[-0.874159469032032, 7.370024578429312]",12,3,36,10000
gpu,vollkorn,2,text,reflow,3,0,complete_us,master,route,3642.2986665,3640.034667,3642.2986665,3628.625167,-20.26383349999992,"[-91.46500000000015, 107.36100049999982]",-0.5715510874493679,"[-2.514027644814254, 2.945345654493847]",12,3,36,10000
gpu,vollkorn,2,text,reflow,3,0,draw_us,current,final,2780.1733335,2797.6041665000002,2781.0071664999996,2796.2016665,38.20166700000004,"[1.0486665000003086, 80.55516700000021]",1.3691337882530186,"[0.03702160383230457, 2.9436221405367613]",12,3,36,10000
gpu,vollkorn,2,text,reflow,3,0,submit_us,current,final,2956.8958334999998,2976.7015,2953.5278335000003,2972.2293335000004,38.347499999999854,"[-8.770833499999753, 81.85416700000019]",1.3060828325383134,"[-0.296389906973743, 2.6933139449870525]",12,3,36,10000
gpu,vollkorn,2,text,reflow,3,0,complete_us,current,final,3568.743333,3620.5694999999996,3553.6803335,3592.3540000000003,61.20116700000017,"[-43.0343335, 98.20833350000021]",1.7327549843882073,"[-1.1744006750247948, 2.8352513096562837]",12,3,36,10000
gpu,vollkorn,2,text,reflow,3,0,draw_us,current,route,2780.1733335,2842.25,2781.0071664999996,2842.25,84.0691670000001,"[-0.7015000000001237, 216.85450000000014]",3.0537021039937495,"[-0.016726269883771128, 7.6342404512147795]",12,3,36,10000
gpu,vollkorn,2,text,reflow,3,0,submit_us,current,route,2956.8958334999998,3017.5273335,2953.5278335000003,3017.5273335,82.96499999999992,"[0.5763335000001462, 246.38199950000012]",2.832607839568424,"[0.022910808252551984, 8.333615811476525]",12,3,36,10000
gpu,vollkorn,2,text,reflow,3,0,complete_us,current,route,3568.743333,3640.034667,3553.6803335,3628.625167,136.71533399999998,"[25.930500000000166, 178.55600000000004]",3.8874497049514067,"[0.7364118991906587, 5.049925757032847]",12,3,36,10000
gpu,vollkorn,2,text,reflow,3,0,draw_us,route,final,2842.25,2797.6041665000002,2842.25,2796.2016665,-63.84033299999987,"[-114.90250000000015, 12.91650000000027]",-2.239706866163216,"[-3.766120622420549, 0.46235152410060154]",12,3,36,10000
gpu,vollkorn,2,text,reflow,3,0,submit_us,route,final,3017.5273335,2976.7015,3017.5273335,2972.2293335000004,-62.65949999999998,"[-140.49983299999985, 13.520666499999834]",-2.0702978880720813,"[-4.288461842286351, 0.45997563395253627]",12,3,36,10000
gpu,vollkorn,2,text,reflow,3,0,complete_us,route,final,3640.034667,3620.5694999999996,3628.625167,3592.3540000000003,-28.826666499999874,"[-137.27099999999996, 16.97183300000006]",-0.8201714053895526,"[-3.6942978648878966, 0.4782778585810221]",12,3,36,10000
gpu,vollkorn,2,text,size_advance,12,5319,draw_us,master,current,12843.951333,8987.602374999999,12870.1823335,9007.0711665,-3823.8055834999996,"[-4002.394125, -3707.0139585000006]",-30.079303282115266,"[-30.763174897043953, -28.752837269118952]",12,3,36,10000
gpu,vollkorn,2,text,size_advance,12,5319,submit_us,master,current,13036.275958499999,9166.073,13066.9028335,9189.3524585,-3836.0709580000002,"[-4019.3698335, -3702.014000000001]",-29.71559228654956,"[-30.423921045130538, -28.28826567438056]",12,3,36,10000
gpu,vollkorn,2,text,size_advance,12,5319,complete_us,master,current,17238.772582999998,12832.435625,17252.399167,12902.015667,-4437.2760005,"[-4553.704708, -4184.857749500001]",-25.467976209485332,"[-26.491933569800516, -24.25102390616789]",12,3,36,10000
gpu,vollkorn,2,text,size_advance,12,5319,draw_us,master,final,12843.951333,9018.5539585,12870.1823335,9002.081666499998,-3828.2325835,"[-3950.527833, -3726.1735419999995]",-29.908948916874586,"[-30.563619763774675, -29.458806490648932]",12,3,36,10000
gpu,vollkorn,2,text,size_advance,12,5319,submit_us,master,final,13036.275958499999,9198.5295415,13066.9028335,9181.0346665,-3833.6545000000006,"[-3968.6650415000004, -3727.519083]",-29.533017786032772,"[-30.293735453932474, -29.04253450746791]",12,3,36,10000
gpu,vollkorn,2,text,size_advance,12,5319,complete_us,master,final,17238.772582999998,12874.3055835,17252.399167,12894.651125,-4432.878167,"[-4629.013583500001, -4109.588583500002]",-25.992868837937273,"[-26.67273237278692, -23.979740429823607]",12,3,36,10000
gpu,vollkorn,2,text,size_advance,12,5319,draw_us,master,route,12843.951333,9113.7622085,12870.1823335,9128.9011665,-3697.19625,"[-3856.2465415000006, -3680.611083500001]",-29.127525423112743,"[-29.714744130746713, -28.57201658726376]",12,3,36,10000
gpu,vollkorn,2,text,size_advance,12,5319,submit_us,master,route,13036.275958499999,9298.444416499999,13066.9028335,9321.953125,-3697.6215414999997,"[-3858.8802084999998, -3676.0572500000007]",-28.692382243298084,"[-29.34313580477548, -28.12227469649199]",12,3,36,10000
gpu,vollkorn,2,text,size_advance,12,5319,complete_us,master,route,17238.772582999998,12974.08675,17252.399167,12950.1510415,-4304.11625,"[-4490.564292, -4185.012000000001]",-25.082110574891757,"[-25.298022989186144, -24.458374490102898]",12,3,36,10000
gpu,vollkorn,2,text,size_advance,12,5319,draw_us,current,final,8987.602374999999,9018.5539585,9007.0711665,9002.081666499998,-10.062541999999667,"[-102.27958349999881, 89.08862499999941]",-0.11144767339532069,"[-1.1022334763475528, 1.001508213479152]",12,3,36,10000
gpu,vollkorn,2,text,size_advance,12,5319,submit_us,current,final,9166.073,9198.5295415,9189.3524585,9181.0346665,-15.194625000000087,"[-109.85237499999948, 89.80204199999935]",-0.1659114427410069,"[-1.1587112290932067, 0.9899970741223618]",12,3,36,10000
gpu,vollkorn,2,text,size_advance,12,5319,complete_us,current,final,12832.435625,12874.3055835,12902.015667,12894.651125,-6.54516700000022,"[-137.50329200000033, 190.99841650000053]",-0.05408553699525753,"[-1.0603569536594415, 1.516364743224996]",12,3,36,10000
gpu,vollkorn,2,text,size_advance,12,5319,draw_us,current,route,8987.602374999999,9113.7622085,9007.0711665,9128.9011665,129.5867085,"[-12.25170799999978, 158.57137450000027]",1.4610643419759706,"[-0.13029841062199288, 1.8022739847888491]",12,3,36,10000
gpu,vollkorn,2,text,size_advance,12,5319,submit_us,current,route,9166.073,9298.444416499999,9189.3524585,9321.953125,136.69779199999994,"[-12.933999999999287, 174.17354199999954]",1.5165484652073902,"[-0.13477674935064576, 1.9401492513789198]",12,3,36,10000
gpu,vollkorn,2,text,size_advance,12,5319,complete_us,current,route,12832.435625,12974.08675,12902.015667,12950.1510415,132.91666650000025,"[-46.09900050000033, 241.98616700000002]",1.0487453507550537,"[-0.35410055737070123, 1.8847624687098552]",12,3,36,10000
gpu,vollkorn,2,text,size_advance,12,5319,draw_us,route,final,9113.7622085,9018.5539585,9128.9011665,9002.081666499998,-64.1825415000003,"[-160.9878335000003, 5.732708000000457]",-0.7027738801251959,"[-1.7966269378112687, 0.06420560951962972]",12,3,36,10000
gpu,vollkorn,2,text,size_advance,12,5319,submit_us,route,final,9298.444416499999,9198.5295415,9321.953125,9181.0346665,-72.25520850000066,"[-181.39591649999966, 10.57641649999914]",-0.775384650806421,"[-1.9813325484782984, 0.11605477712538503]",12,3,36,10000
gpu,vollkorn,2,text,size_advance,12,5319,complete_us,route,final,12974.08675,12874.3055835,12950.1510415,12894.651125,-71.32975000000079,"[-252.38525000000027, 87.89391650000016]",-0.5476201018857485,"[-1.923127100934624, 0.6719779058793396]",12,3,36,10000
gpu,vollkorn,2,text,size_return,12,0,draw_us,master,current,263.506958,262.223875,263.687458,262.4652085,-0.5886660000000177,"[-10.451625000000007, 1.8819585000000245]",-0.22858905097362103,"[-3.772621092126238, 0.7229410913638046]",12,3,36,10000
gpu,vollkorn,2,text,size_return,12,0,submit_us,master,current,429.8732085,426.948,429.8732085,425.13208299999997,-3.3421255000000087,"[-11.986250000000013, 0.2657504999999958]",-0.7834662778856416,"[-2.6953135795814323, 0.0648184372515237]",12,3,36,10000
gpu,vollkorn,2,text,size_return,12,0,complete_us,master,current,1030.0261664999998,958.1892915000001,1038.2152919999999,972.4738335,-76.22391649999997,"[-119.84729150000004, -48.35770849999989]",-7.467638894912515,"[-10.973871481575454, -4.610497243034106]",12,3,36,10000
gpu,vollkorn,2,text,size_return,12,0,draw_us,master,final,263.506958,266.35591650000003,263.687458,266.223958,3.6735840000000053,"[-2.142458000000005, 8.284625000000005]",1.426680408962433,"[-0.8121308882944878, 3.0945724398347974]",12,3,36,10000
gpu,vollkorn,2,text,size_return,12,0,submit_us,master,final,429.8732085,431.7415,429.8732085,430.8072085,1.885583500000024,"[-11.609374999999972, 14.347041999999988]",0.44865758040739667,"[-2.69574540607711, 3.209910936155669]",12,3,36,10000
gpu,vollkorn,2,text,size_return,12,0,complete_us,master,final,1030.0261664999998,945.2969585000001,1038.2152919999999,958.8247085,-80.42695850000001,"[-168.640583, -57.223874499999965]",-7.627937324379602,"[-15.468076146911216, -5.517681441173161]",12,3,36,10000
gpu,vollkorn,2,text,size_return,12,0,draw_us,master,route,263.506958,265.4600835,263.687458,263.098958,2.758583499999986,"[-4.7170835000000295, 9.89254200000002]",1.056819004941778,"[-1.6573024675447467, 3.7821245314688445]",12,3,36,10000
gpu,vollkorn,2,text,size_return,12,0,submit_us,master,route,429.8732085,432.986125,429.8732085,430.41662499999995,1.9862085000000036,"[-13.677333500000003, 12.043165999999985]",0.4669915368853528,"[-2.9306677214576027, 2.8269501703876543]",12,3,36,10000
gpu,vollkorn,2,text,size_return,12,0,complete_us,master,route,1030.0261664999998,924.4895415000001,1038.2152919999999,925.4375415,-101.80895799999996,"[-152.57454199999995, -64.14608350000003]",-9.87934777017912,"[-14.146233157136223, -6.576489076851628]",12,3,36,10000
gpu,vollkorn,2,text,size_return,12,0,draw_us,current,final,262.223875,266.35591650000003,262.4652085,266.223958,4.165041500000001,"[1.8871669999999767, 13.555666499999973]",1.6071076389926664,"[0.7295584353570361, 4.930885047076172]",12,3,36,10000
gpu,vollkorn,2,text,size_return,12,0,submit_us,current,final,426.948,431.7415,425.13208299999997,430.8072085,3.5433754999999962,"[-2.8107494999999574, 14.873208000000005]",0.8379470371949971,"[-0.6674752481348467, 3.3100045987912385]",12,3,36,10000
gpu,vollkorn,2,text,size_return,12,0,complete_us,current,final,958.1892915000001,945.2969585000001,972.4738335,958.8247085,-8.498083000000008,"[-30.592083000000002, 16.724125500000014]",-0.8959390486316721,"[-3.164275085865864, 1.7340326104896442]",12,3,36,10000
gpu,vollkorn,2,text,size_return,12,0,draw_us,current,route,262.223875,265.4600835,262.4652085,263.098958,2.897624499999978,"[0.42366649999999595, 11.885500000000008]",1.1255080399324213,"[0.16401667129252173, 4.551688141603838]",12,3,36,10000
gpu,vollkorn,2,text,size_return,12,0,submit_us,current,route,426.948,432.986125,425.13208299999997,430.41662499999995,2.661417,"[-4.8370000000000175, 18.765625]",0.6319705865512559,"[-1.077989068885854, 4.457740688829393]",12,3,36,10000
gpu,vollkorn,2,text,size_return,12,0,complete_us,current,route,958.1892915000001,924.4895415000001,972.4738335,925.4375415,-30.753332999999998,"[-105.08854149999996, 29.866499499999975]",-3.208915320477146,"[-10.805766796983253, 3.1167028209202696]",12,3,36,10000
gpu,vollkorn,2,text,size_return,12,0,draw_us,route,final,265.4600835,266.35591650000003,263.098958,266.223958,2.447917000000018,"[-3.4028745000000242, 6.609292000000011]",0.9357656732050468,"[-1.1775156488206928, 2.4219535585310314]",12,3,36,10000
gpu,vollkorn,2,text,size_return,12,0,submit_us,route,final,432.986125,431.7415,430.41662499999995,430.8072085,0.024333500000011554,"[-13.388749499999989, 5.163166999999987]",0.01470590300904906,"[-3.0733304793585603, 1.2137969080895483]",12,3,36,10000
gpu,vollkorn,2,text,size_return,12,0,complete_us,route,final,924.4895415000001,945.2969585000001,925.4375415,958.8247085,3.5277919999999767,"[-75.32462499999991, 56.946125499999994]",0.3312379621197292,"[-7.702605616257074, 6.33098403033615]",12,3,36,10000
gpu,vollkorn,2,text,warm,30,0,draw_us,master,current,233.96043350000002,236.9256335,233.836117,236.40415000000002,2.6819500000000005,"[0.6756170000000026, 4.3942499999999995]",1.147575708016546,"[0.28912327203035604, 1.8938451117331945]",12,3,36,10000
gpu,vollkorn,2,text,warm,30,0,submit_us,master,current,357.7306335,359.75350000000003,356.47495000000004,359.60965,4.152083000000005,"[-0.06599999999997408, 6.557583499999993]",1.1707256970962643,"[-0.018134531729957493, 1.8499734357291908]",12,3,36,10000
gpu,vollkorn,2,text,warm,30,0,complete_us,master,current,626.3187835,635.799917,623.6909499999999,633.77565,0.7874830000000088,"[-15.00901650000003, 22.492849499999977]",0.12586343112523934,"[-2.3044585872150636, 3.599636607602885]",12,3,36,10000
gpu,vollkorn,2,text,warm,30,0,draw_us,master,final,233.96043350000002,244.2118,233.836117,244.29235,9.749233500000003,"[8.065216500000005, 12.668083499999995]",4.199753628884384,"[3.435725022441749, 5.388581743492882]",12,3,36,10000
gpu,vollkorn,2,text,warm,30,0,submit_us,master,final,357.7306335,368.6479,356.47495000000004,369.6153,10.374300000000005,"[3.4652329999999836, 15.954166999999984]",2.9105812664933506,"[0.9484063011665489, 4.510933240104043]",12,3,36,10000
gpu,vollkorn,2,text,warm,30,0,complete_us,master,final,626.3187835,644.2833330000001,623.6909499999999,636.96315,8.231149500000015,"[-9.934699500000022, 29.454833500000007]",1.3221579517773363,"[-1.5745452111833314, 4.850610997890003]",12,3,36,10000
gpu,vollkorn,2,text,warm,30,0,draw_us,master,route,233.96043350000002,245.2416835,233.836117,245.5104,12.15553349999999,"[10.348532999999989, 15.168683499999986]",5.105080028241238,"[4.425299974531716, 6.260303265854517]",12,3,36,10000
gpu,vollkorn,2,text,warm,30,0,submit_us,master,route,357.7306335,368.4437335,356.47495000000004,369.3443835,13.128416999999985,"[9.998433000000006, 20.7846835]",3.7123724495303323,"[2.7997150382337077, 5.723151426704343]",12,3,36,10000
gpu,vollkorn,2,text,warm,30,0,complete_us,master,route,626.3187835,651.9381665,623.6909499999999,668.8083664999999,30.58336650000001,"[8.848666999999978, 65.12633349999999]",4.722501530386037,"[1.401897057492485, 10.551193165323813]",12,3,36,10000
gpu,vollkorn,2,text,warm,30,0,draw_us,current,final,236.9256335,244.2118,236.40415000000002,244.29235,6.730616500000011,"[4.158516999999989, 9.759783499999998]",2.8536309345854716,"[1.7573135548784369, 4.12950631460105]",12,3,36,10000
gpu,vollkorn,2,text,warm,30,0,submit_us,current,final,359.75350000000003,368.6479,359.60965,369.6153,7.021582999999993,"[-3.064549999999997, 13.359816999999993]",1.9446173934102973,"[-0.8486882603836676, 3.732604035241771]",12,3,36,10000
gpu,vollkorn,2,text,warm,30,0,complete_us,current,final,635.799917,644.2833330000001,633.77565,636.96315,0.06246649999997089,"[-14.963149999999985, 21.708249999999964]",0.0178890255553954,"[-2.2886071259398957, 3.5263533104414657]",12,3,36,10000
gpu,vollkorn,2,text,warm,30,0,draw_us,current,route,236.9256335,245.2416835,236.40415000000002,245.5104,9.102149999999995,"[7.830617000000004, 11.06535000000001]",3.7771857812723963,"[3.3213680419749037, 4.684736766854969]",12,3,36,10000
gpu,vollkorn,2,text,warm,30,0,submit_us,current,route,359.75350000000003,368.4437335,359.60965,369.3443835,9.132649999999984,"[6.193016499999999, 12.908333499999998]",2.551867315873857,"[1.7239056002825937, 3.5902229809831376]",12,3,36,10000
gpu,vollkorn,2,text,warm,30,0,complete_us,current,route,635.799917,651.9381665,633.77565,668.8083664999999,27.193116499999974,"[10.070899999999995, 35.913167000000044]",4.362731549021026,"[1.6144249878133454, 5.486586459700815]",12,3,36,10000
gpu,vollkorn,2,text,warm,30,0,draw_us,route,final,245.2416835,244.2118,245.5104,244.29235,-2.0625169999999997,"[-5.231916499999997, -0.2826000000000022]",-0.8339079118607928,"[-2.09160618028309, -0.11556175207769193]",12,3,36,10000
gpu,vollkorn,2,text,warm,30,0,submit_us,route,final,368.4437335,368.6479,369.3443835,369.6153,-5.55751699999999,"[-13.836783500000024, 2.9249670000000094]",-1.4974201351833971,"[-3.621196319042419, 0.7996363060709055]",12,3,36,10000
gpu,vollkorn,2,text,warm,30,0,complete_us,route,final,651.9381665,644.2833330000001,668.8083664999999,636.96315,-20.22569999999996,"[-42.00278350000002, 6.5840334999999754]",-3.06911967797342,"[-6.2087285476977, 1.0369157204499824]",12,3,36,10000
gpu,vollkorn,2,text,x_advance,10,654,draw_us,master,current,862.93745,570.92495,862.93745,566.44995,-292.6063,"[-302.7979, -282.0646]",-34.10281661732887,"[-34.65705351709511, -32.813374555392585]",12,3,36,10000
gpu,vollkorn,2,text,x_advance,10,654,submit_us,master,current,1037.09785,744.95835,1035.9936,743.2688,-291.43325000000004,"[-303.9186499999999, -278.38339999999994]",-28.408674467106778,"[-29.415931477141086, -26.879985402448735]",12,3,36,10000
gpu,vollkorn,2,text,x_advance,10,654,complete_us,master,current,1733.1458,1368.1353,1746.1354000000001,1355.0583000000001,-378.06450000000007,"[-425.64995, -237.56259999999997]",-22.37516974400964,"[-24.457739200508385, -13.567299843964886]",12,3,36,10000
gpu,vollkorn,2,text,x_advance,10,654,draw_us,master,final,862.93745,572.3353999999999,862.93745,576.3416500000001,-289.49185,"[-298.27085, -285.27295]",-33.582080042002005,"[-34.804284773596876, -33.021670076001136]",12,3,36,10000
gpu,vollkorn,2,text,x_advance,10,654,submit_us,master,final,1037.09785,748.027,1035.9936,752.6813,-289.8271,"[-300.97085, -284.8647000000001]",-27.995232235981543,"[-29.227394971276574, -27.219357109169955]",12,3,36,10000
gpu,vollkorn,2,text,x_advance,10,654,complete_us,master,final,1733.1458,1348.71235,1746.1354000000001,1348.1187,-397.8435999999999,"[-470.38955, -337.6083]",-22.79352015011158,"[-25.579791115070798, -19.566562123785918]",12,3,36,10000
gpu,vollkorn,2,text,x_advance,10,654,draw_us,master,route,862.93745,575.27075,862.93745,575.4041,-289.35005,"[-298.275, -285.4999]",-33.63629193427968,"[-34.471163211599816, -32.64452809979063]",12,3,36,10000
gpu,vollkorn,2,text,x_advance,10,654,submit_us,master,route,1037.09785,753.99595,1035.9936,750.8104000000001,-291.31460000000004,"[-298.6190000000001, -279.5584999999999]",-27.8554852645782,"[-28.534991511051683, -26.351106785709717]",12,3,36,10000
gpu,vollkorn,2,text,x_advance,10,654,complete_us,master,route,1733.1458,1356.72095,1746.1354000000001,1356.72095,-397.3749499999999,"[-482.77699999999993, -322.0811]",-22.727407346743973,"[-26.13876910541731, -19.255347398179833]",12,3,36,10000
gpu,vollkorn,2,text,x_advance,10,654,draw_us,current,final,570.92495,572.3353999999999,566.44995,576.3416500000001,0.43975000000000364,"[-16.533649999999966, 7.662499999999966]",0.07846838858704408,"[-2.6915981700975866, 1.3546010582810797]",12,3,36,10000
gpu,vollkorn,2,text,x_advance,10,654,submit_us,current,final,744.95835,748.027,743.2688,752.6813,-1.0687000000000353,"[-22.962350000000015, 7.29789999999997]",-0.13731416513050876,"[-3.0020461217856287, 0.9853876479694268]",12,3,36,10000
gpu,vollkorn,2,text,x_advance,10,654,complete_us,current,final,1368.1353,1348.71235,1355.0583000000001,1348.1187,-3.312599999999975,"[-150.42510000000004, 37.35845000000006]",-0.19170813651130936,"[-9.612974011536869, 2.863087182405244]",12,3,36,10000
gpu,vollkorn,2,text,x_advance,10,654,draw_us,current,route,570.92495,575.27075,566.44995,575.4041,1.2355499999999893,"[-8.691550000000007, 11.302099999999996]",0.21914645924170362,"[-1.5053796477495718, 2.00441679617982]",12,3,36,10000
gpu,vollkorn,2,text,x_advance,10,654,submit_us,current,route,744.95835,753.99595,743.2688,750.8104000000001,4.356149999999957,"[-8.695749999999919, 11.52494999999999]",0.5939617896339011,"[-1.1544262774675962, 1.5585857705848638]",12,3,36,10000
gpu,vollkorn,2,text,x_advance,10,654,complete_us,current,route,1368.1353,1356.72095,1355.0583000000001,1356.72095,-12.545749999999998,"[-203.10000000000002, 75.97510000000011]",-0.8923397948434053,"[-12.996515980383421, 5.900397560237014]",12,3,36,10000
gpu,vollkorn,2,text,x_advance,10,654,draw_us,route,final,575.27075,572.3353999999999,575.4041,576.3416500000001,-0.9999500000000126,"[-7.674950000000024, 7.822850000000017]",-0.1748821794109734,"[-1.3421770773467678, 1.3820594221818694]",12,3,36,10000
gpu,vollkorn,2,text,x_advance,10,654,submit_us,route,final,753.99595,748.027,750.8104000000001,752.6813,-3.952200000000005,"[-16.520700000000033, 9.98539999999997]",-0.5369335457711399,"[-2.189283551749072, 1.3462875297052146]",12,3,36,10000
gpu,vollkorn,2,text,x_advance,10,654,complete_us,route,final,1356.72095,1348.71235,1356.72095,1348.1187,0.5313499999999749,"[-44.79804999999999, 44.764549999999986]",0.039111249907713974,"[-3.326014613808365, 3.2698001942500055]",12,3,36,10000
gpu,vollkorn,2,text,x_return,10,0,draw_us,master,current,239.8958,243.36649999999997,239.77085,242.32920000000001,2.129100000000008,"[0.22069999999999368, 8.004099999999994]",0.8895021050787988,"[0.09186840594754275, 3.331628762567118]",12,3,36,10000
gpu,vollkorn,2,text,x_return,10,0,submit_us,master,current,418.44795,423.8645,418.07285,420.6562,4.454000000000008,"[-2.220799999999997, 17.11650000000003]",1.0803193008944612,"[-0.5332693742905736, 4.131160143321411]",12,3,36,10000
gpu,vollkorn,2,text,x_return,10,0,complete_us,master,current,698.2918500000001,706.4019499999999,701.51055,710.5082,6.110299999999995,"[-5.412700000000029, 40.856150000000014]",0.8862018553299933,"[-0.7650323086861865, 5.839661081062464]",12,3,36,10000
gpu,vollkorn,2,text,x_return,10,0,draw_us,master,final,239.8958,244.9313,239.77085,245.02305,4.722749999999991,"[3.1561999999999983, 6.3729999999999905]",1.9595693217255183,"[1.3211795990864417, 2.6300193491730517]",12,3,36,10000
gpu,vollkorn,2,text,x_return,10,0,submit_us,master,final,418.44795,424.30215,418.07285,424.5666,3.2394000000000176,"[-0.349899999999991, 10.579049999999995]",0.7644776353978866,"[-0.0815866510932628, 2.5630100497941677]",12,3,36,10000
gpu,vollkorn,2,text,x_return,10,0,complete_us,master,final,698.2918500000001,709.4563,701.51055,703.68325,-4.129349999999988,"[-37.896000000000015, 18.768750000000068]",-0.5947702306191238,"[-5.112443496797992, 2.7553740910445157]",12,3,36,10000
gpu,vollkorn,2,text,x_return,10,0,draw_us,master,route,239.8958,245.3105,239.77085,244.7772,5.366799999999984,"[2.4269999999999925, 6.366700000000009]",2.214798816730501,"[1.011953884038097, 2.671385759646472]",12,3,36,10000
gpu,vollkorn,2,text,x_return,10,0,submit_us,master,route,418.44795,424.8749,418.07285,426.38325,7.460400000000021,"[4.077199999999976, 13.860299999999995]",1.779575915138376,"[0.9749174085885493, 3.3115646713871905]",12,3,36,10000
gpu,vollkorn,2,text,x_return,10,0,complete_us,master,route,698.2918500000001,714.0437,701.51055,717.8084,-5.602000000000032,"[-33.79389999999995, 35.1644]",-0.8785018646510823,"[-4.858223257365745, 5.066909402334074]",12,3,36,10000
gpu,vollkorn,2,text,x_return,10,0,draw_us,current,final,243.36649999999997,244.9313,242.32920000000001,245.02305,2.589500000000001,"[-3.7063500000000005, 4.343950000000007]",1.073644610369484,"[-1.4943824354391122, 1.7936702720370068]",12,3,36,10000
gpu,vollkorn,2,text,x_return,10,0,submit_us,current,final,423.8645,424.30215,420.6562,424.5666,4.143749999999983,"[-14.687400000000025, 8.433400000000006]",0.9857043963686141,"[-3.3555673526934946, 2.034344349496231]",12,3,36,10000
gpu,vollkorn,2,text,x_return,10,0,complete_us,current,final,706.4019499999999,709.4563,710.5082,703.68325,-11.854199999999992,"[-30.601999999999975, 5.116700000000037]",-1.595316957636117,"[-4.1131201224126, 0.7423005304539876]",12,3,36,10000
gpu,vollkorn,2,text,x_return,10,0,draw_us,current,route,243.36649999999997,245.3105,242.32920000000001,244.7772,2.2355500000000035,"[-1.6958500000000072, 4.039400000000015]",0.9229434153945282,"[-0.6876936887120932, 1.6783824619816867]",12,3,36,10000
gpu,vollkorn,2,text,x_return,10,0,submit_us,current,route,423.8645,424.8749,420.6562,426.38325,3.8709499999999935,"[-8.587400000000002, 9.277150000000006]",0.9291450476921148,"[-1.9481463166716617, 2.229801994114511]",12,3,36,10000
gpu,vollkorn,2,text,x_return,10,0,complete_us,current,route,706.4019499999999,714.0437,710.5082,717.8084,-11.672800000000052,"[-37.18549999999999, 9.183400000000063]",-1.722848327376969,"[-5.202925247285211, 1.2563148266228952]",12,3,36,10000
gpu,vollkorn,2,text,x_return,10,0,draw_us,route,final,245.3105,244.9313,244.7772,245.02305,0.17279999999999518,"[-2.6666999999999916, 2.8813999999999993]",0.0664682872202671,"[-1.0870869887039059, 1.191509637552135]",12,3,36,10000
gpu,vollkorn,2,text,x_return,10,0,submit_us,route,final,424.8749,424.30215,426.38325,424.5666,-2.1917499999999848,"[-8.310300000000012, 6.2249499999999784]",-0.5054551993986023,"[-1.965206744729292, 1.4800718273797253]",12,3,36,10000
gpu,vollkorn,2,text,x_return,10,0,complete_us,route,final,714.0437,709.4563,717.8084,703.68325,12.829000000000008,"[-19.45010000000002, 42.708050000000014]",1.8233111167397342,"[-2.589483453421165, 6.578702303570038]",12,3,36,10000
gpu,vollkorn,2,text,y_advance,10,0,draw_us,master,current,236.75,237.4189,237.5522,237.4189,0.22074999999999534,"[-2.7686999999999955, 3.0271999999999935]",0.09280903506565519,"[-1.1589643371852754, 1.3054680303231203]",12,3,36,10000
gpu,vollkorn,2,text,y_advance,10,0,submit_us,master,current,360.52085,362.6228,360.47069999999997,362.6667,1.9126500000000135,"[-4.89994999999999, 5.687550000000044]",0.5390273063010542,"[-1.334852293384392, 1.6241036496380867]",12,3,36,10000
gpu,vollkorn,2,text,y_advance,10,0,complete_us,master,current,642.48945,640.0708,634.3229,636.20425,2.793899999999951,"[-41.877099999999984, 9.79359999999997]",0.4460629426613405,"[-6.350941341532451, 1.5222050734793546]",12,3,36,10000
gpu,vollkorn,2,text,y_advance,10,0,draw_us,master,final,236.75,242.39595,237.5522,240.85415,5.76039999999999,"[0.650100000000009, 7.4541499999999985]",2.4539391307244474,"[0.2715371065728278, 3.1751837338379163]",12,3,36,10000
gpu,vollkorn,2,text,y_advance,10,0,submit_us,master,final,360.52085,367.11675,360.47069999999997,365.42920000000004,7.1250499999999874,"[0.014450000000010732, 10.11480000000003]",1.9953844549353006,"[0.019963720266952256, 2.8691907101278558]",12,3,36,10000
gpu,vollkorn,2,text,y_advance,10,0,complete_us,master,final,642.48945,647.30015,634.3229,645.3875,15.991700000000037,"[-9.056299999999965, 48.612599999999986]",2.5448298615197484,"[-1.376140974645701, 7.939430124769009]",12,3,36,10000
gpu,vollkorn,2,text,y_advance,10,0,draw_us,master,route,236.75,240.86655000000002,237.5522,240.5062,3.38130000000001,"[1.495650000000012, 8.939599999999999]",1.4308645783237983,"[0.6293175598474976, 3.856084618967892]",12,3,36,10000
gpu,vollkorn,2,text,y_advance,10,0,submit_us,master,route,360.52085,364.99775,360.47069999999997,365.8708,7.864700000000028,"[-0.06895000000000095, 12.195799999999991]",2.231584602299508,"[-0.0031122389908544434, 3.3854957498820726]",12,3,36,10000
gpu,vollkorn,2,text,y_advance,10,0,complete_us,master,route,642.48945,639.23125,634.3229,657.7501,9.712549999999965,"[-10.300000000000011, 63.375]",1.4808804901527917,"[-1.5844805532333806, 10.189842994334208]",12,3,36,10000
gpu,vollkorn,2,text,y_advance,10,0,draw_us,current,final,237.4189,242.39595,237.4189,240.85415,3.8417499999999905,"[3.0355500000000006, 4.608400000000003]",1.6220933571278184,"[1.2847051784756092, 1.948878205602056]",12,3,36,10000
gpu,vollkorn,2,text,y_advance,10,0,submit_us,current,final,362.6228,367.11675,362.6667,365.42920000000004,4.598150000000004,"[-0.21674999999999045, 6.0563999999999965]",1.2713446405688944,"[-0.06230854959780041, 1.7007546755149372]",12,3,36,10000
gpu,vollkorn,2,text,y_advance,10,0,complete_us,current,final,640.0708,647.30015,636.20425,645.3875,20.98135000000002,"[-14.506349999999998, 59.660199999999975]",3.3993576057666397,"[-2.2415254008508967, 9.87792289897943]",12,3,36,10000
gpu,vollkorn,2,text,y_advance,10,0,draw_us,current,route,237.4189,240.86655000000002,237.4189,240.5062,4.056250000000006,"[1.4101500000000016, 4.810299999999998]",1.7126446831494002,"[0.5898580381688667, 2.035355182506815]",12,3,36,10000
gpu,vollkorn,2,text,y_advance,10,0,submit_us,current,route,362.6228,364.99775,362.6667,365.8708,3.443649999999991,"[1.258499999999998, 7.062449999999984]",0.9495369609568427,"[0.3492919955568552, 1.9789317242303706]",12,3,36,10000
gpu,vollkorn,2,text,y_advance,10,0,complete_us,current,route,640.0708,639.23125,636.20425,657.7501,19.468950000000007,"[-19.637749999999983, 51.85235]",3.1275949154995986,"[-3.0761921759047297, 8.410114110534273]",12,3,36,10000
gpu,vollkorn,2,text,y_advance,10,0,draw_us,route,final,240.86655000000002,242.39595,240.5062,240.85415,0.16460000000000719,"[-1.2312000000000012, 2.741899999999987]",0.06915422288169548,"[-0.5135695161377629, 1.148613202903237]",12,3,36,10000
gpu,vollkorn,2,text,y_advance,10,0,submit_us,route,final,364.99775,367.11675,365.8708,365.42920000000004,1.4460000000000264,"[-3.5895500000000027, 2.6772499999999866]",0.3965828985955322,"[-0.9783891534907607, 0.7332537911163506]",12,3,36,10000
gpu,vollkorn,2,text,y_advance,10,0,complete_us,route,final,639.23125,647.30015,657.7501,645.3875,16.38760000000002,"[-45.58959999999996, 35.38749999999999]",2.6634425250724347,"[-6.759528552997951, 5.430176591068703]",12,3,36,10000
