backend,font,dpi,scene,phase,frames,new_atlas_entries,metric,reference_version,candidate_version,reference_median,candidate_median,reference_process_median,candidate_process_median,paired_delta_us,paired_delta_us_ci95,paired_delta_pct,paired_bootstrap95,process_blocks,trials_per_process,samples_per_version,bootstrap_resamples
cpu,ptsans,2,demo,first_paint,1,275,draw_us,master,prior,2047.2495000000001,1734.542,2030.8955,1724.6045,-306.95799999999997,"[-315.0825, -294.1869999999999]",-15.068480320130378,"[-15.47633118577324, -14.478667144763097]",12,5,60,10000
cpu,ptsans,2,demo,first_paint,1,275,submit_us,master,prior,2049.4785,1736.521,2033.0205,1726.8125,-306.9794999999999,"[-315.0825, -294.3539999999999]",-15.046613075049558,"[-15.459341216531119, -14.471010755543311]",12,5,60,10000
cpu,ptsans,2,demo,first_paint,1,275,complete_us,master,prior,2049.4785,1736.542,2033.041,1726.833,-306.9999999999999,"[-315.08299999999997, -294.35349999999994]",-15.045448332719698,"[-15.459189366135366, -14.470839524125084]",12,5,60,10000
cpu,ptsans,2,demo,first_paint,1,275,draw_us,master,updated45,2047.2495000000001,1740.4375,2030.8955,1736.896,-301.3125,"[-315.2919999999999, -275.58349999999996]",-14.862603812541014,"[-15.424234221422322, -13.562481561924283]",12,5,60,10000
cpu,ptsans,2,demo,first_paint,1,275,submit_us,master,updated45,2049.4785,1742.688,2033.0205,1739.084,-301.2914999999999,"[-315.3754999999999, -275.3744999999999]",-14.842308760385631,"[-15.413823853365749, -13.538000136603056]",12,5,60,10000
cpu,ptsans,2,demo,first_paint,1,275,complete_us,master,updated45,2049.4785,1742.7295,2033.041,1739.1045,-301.3124999999999,"[-315.375, -275.3749999999999]",-14.84405872856253,"[-15.41279011306691, -13.537864721469134]",12,5,60,10000
cpu,ptsans,2,demo,first_paint,1,275,draw_us,master,final,2047.2495000000001,1745.5835,2030.8955,1734.5,-302.20849999999996,"[-319.2495000000001, -264.5205000000001]",-14.889079787718757,"[-15.630017959528947, -13.13453363833355]",12,5,60,10000
cpu,ptsans,2,demo,first_paint,1,275,submit_us,master,final,2049.4785,1747.5835,2033.0205,1736.75,-302.04150000000004,"[-319.3950000000001, -264.66599999999994]",-14.865461286301162,"[-15.619634379641905, -13.127218509608689]",12,5,60,10000
cpu,ptsans,2,demo,first_paint,1,275,complete_us,master,final,2049.4785,1747.604,2033.041,1736.75,-302.08299999999997,"[-319.3955000000001, -264.645]",-14.867200032458676,"[-15.619485972202344, -13.126175570825726]",12,5,60,10000
cpu,ptsans,2,demo,first_paint,1,275,draw_us,prior,updated45,1734.542,1740.4375,1724.6045,1736.896,8.395999999999958,"[0.5410000000001673, 13.686999999999898]",0.4847715891015736,"[0.03322187355509487, 0.7979971570999389]",12,5,60,10000
cpu,ptsans,2,demo,first_paint,1,275,submit_us,prior,updated45,1736.521,1742.688,1726.8125,1739.084,8.35450000000003,"[0.6665000000000418, 13.625]",0.48170992768461485,"[0.04045151868166119, 0.7932780258797845]",12,5,60,10000
cpu,ptsans,2,demo,first_paint,1,275,complete_us,prior,updated45,1736.542,1742.7295,1726.833,1739.1045,8.33400000000006,"[0.6665000000000418, 13.625]",0.48051676517603115,"[0.04044947849370928, 0.7932540342899363]",12,5,60,10000
cpu,ptsans,2,demo,first_paint,1,275,draw_us,prior,final,1734.542,1745.5835,1724.6045,1734.5,14.583000000000084,"[-4.020999999999958, 38.54149999999993]",0.8366568716189571,"[-0.2315902543587045, 2.237709981846092]",12,5,60,10000
cpu,ptsans,2,demo,first_paint,1,275,submit_us,prior,final,1736.521,1747.5835,1726.8125,1736.75,14.478999999999928,"[-3.854000000000042, 38.6875]",0.8294887345333679,"[-0.22164473224746128, 2.2435147631024943]",12,5,60,10000
cpu,ptsans,2,demo,first_paint,1,275,complete_us,prior,final,1736.542,1747.604,1726.833,1736.75,14.458499999999958,"[-3.8750000000001137, 38.6875]",0.8282902981986862,"[-0.22286179875882772, 2.2434855381388674]",12,5,60,10000
cpu,ptsans,2,demo,first_paint,1,275,draw_us,updated45,final,1740.4375,1745.5835,1736.896,1734.5,0.7299999999999045,"[-16.0625, 21.437000000000012]",0.04659700189835747,"[-0.9232458168083157, 1.2444922429513339]",12,5,60,10000
cpu,ptsans,2,demo,first_paint,1,275,submit_us,updated45,final,1742.688,1747.5835,1739.084,1736.75,0.8339999999999463,"[-16.083500000000072, 21.541500000000042]",0.05219857268814465,"[-0.9232765408498766, 1.2490061697922883]",12,5,60,10000
cpu,ptsans,2,demo,first_paint,1,275,complete_us,updated45,final,1742.7295,1747.604,1739.1045,1736.75,0.8334999999999582,"[-16.062500000000114, 21.541500000000042]",0.05216637996041662,"[-0.922066137606925, 1.2490061697922883]",12,5,60,10000
cpu,ptsans,2,demo,pan,10,0,draw_us,master,prior,220.00420000000003,219.24985,219.12914999999998,219.22925,0.4542500000000018,"[-3.19380000000001, 2.6519499999999994]",0.21471526064942292,"[-1.4347303518237542, 1.2123465469552785]",12,5,60,10000
cpu,ptsans,2,demo,pan,10,0,submit_us,master,prior,221.7062,220.97285,220.88535000000002,220.88954999999999,0.28120000000001255,"[-3.2185499999999934, 2.664500000000004]",0.1330142988872407,"[-1.433687561938235, 1.2085693426537203]",12,5,60,10000
cpu,ptsans,2,demo,pan,10,0,complete_us,master,prior,221.72084999999998,220.9937,220.9062,220.9062,0.28745000000000687,"[-3.2291000000000167, 2.6706999999999965]",0.13588418671219293,"[-1.4372940467620943, 1.2112986982599439]",12,5,60,10000
cpu,ptsans,2,demo,pan,10,0,draw_us,master,updated45,220.00420000000003,218.773,219.12914999999998,218.76049999999998,0.11259999999998627,"[-1.5585499999999968, 2.220850000000013]",0.05608614213573615,"[-0.6977210892699981, 1.0135919706683705]",12,5,60,10000
cpu,ptsans,2,demo,pan,10,0,submit_us,master,updated45,221.7062,220.49585000000002,220.88535000000002,220.4083,0.14785000000000537,"[-2.118849999999995, 2.0938500000000033]",0.07152969770136686,"[-0.9395820534797428, 0.9480181420367106]",12,5,60,10000
cpu,ptsans,2,demo,pan,10,0,complete_us,master,updated45,221.72084999999998,220.5147,220.9062,220.4291,0.1416499999999985,"[-2.1229000000000013, 2.0875500000000073]",0.06873311783691105,"[-0.9412777803434413, 0.94506278556723]",12,5,60,10000
cpu,ptsans,2,demo,pan,10,0,draw_us,master,final,220.00420000000003,219.3604,219.12914999999998,219.4083,0.5687500000000085,"[-1.8291499999999985, 1.7062499999999972]",0.25640376995833547,"[-0.8238905306234667, 0.7832357591340378]",12,5,60,10000
cpu,ptsans,2,demo,pan,10,0,submit_us,master,final,221.7062,221.10625,220.88535000000002,221.1145,0.49594999999999345,"[-1.9542500000000018, 1.5814500000000038]",0.2217462167446116,"[-0.8724460858967775, 0.7207693350894329]",12,5,60,10000
cpu,ptsans,2,demo,pan,10,0,complete_us,master,final,221.72084999999998,221.12285,220.9062,221.1478,0.4978499999999997,"[-1.9460499999999996, 1.5918000000000063]",0.22258210135475132,"[-0.8686489191931268, 0.7254145262122202]",12,5,60,10000
cpu,ptsans,2,demo,pan,10,0,draw_us,prior,updated45,219.24985,218.773,219.22925,218.76049999999998,-0.7561999999999927,"[-1.6313999999999993, 2.810449999999989]",-0.3423041233953983,"[-0.7382601072518757, 1.3110652207480755]",12,5,60,10000
cpu,ptsans,2,demo,pan,10,0,submit_us,prior,updated45,220.97285,220.49585000000002,220.88954999999999,220.4083,-0.8854500000000058,"[-1.7227999999999923, 2.779200000000003]",-0.39789579994820024,"[-0.7734562957464386, 1.2780389603571418]",12,5,60,10000
cpu,ptsans,2,demo,pan,10,0,complete_us,prior,updated45,220.9937,220.5147,220.9062,220.4291,-0.8979999999999819,"[-1.7164999999999964, 2.7791500000000013]",-0.4036020878355362,"[-0.7705190488641989, 1.2778333344717896]",12,5,60,10000
cpu,ptsans,2,demo,pan,10,0,draw_us,prior,final,219.24985,219.3604,219.22925,219.4083,-0.1501999999999981,"[-2.997799999999998, 2.402149999999992]",-0.06566502914912564,"[-1.3569417201934442, 1.117107502103376]",12,5,60,10000
cpu,ptsans,2,demo,pan,10,0,submit_us,prior,final,220.97285,221.10625,220.88954999999999,221.1145,-0.2583000000000055,"[-3.0687500000000085, 2.2291999999999916]",-0.1122515323511597,"[-1.37800413194476, 1.030229404033467]",12,5,60,10000
cpu,ptsans,2,demo,pan,10,0,complete_us,prior,final,220.9937,221.12285,220.9062,221.1478,-0.2624500000000012,"[-3.066699999999983, 2.229150000000004]",-0.11419445557049879,"[-1.3769250386299392, 1.0300793531224484]",12,5,60,10000
cpu,ptsans,2,demo,pan,10,0,draw_us,updated45,final,218.773,219.3604,218.76049999999998,219.4083,0.024850000000000705,"[-1.453950000000006, 1.6749500000000097]",0.011733072398506517,"[-0.6559747127162063, 0.7649134586861783]",12,5,60,10000
cpu,ptsans,2,demo,pan,10,0,submit_us,updated45,final,220.49585000000002,221.10625,220.4083,221.1145,0.020899999999997476,"[-1.4271500000000117, 1.5690999999999917]",0.009732996231076596,"[-0.6390791614870273, 0.7110720355291589]",12,5,60,10000
cpu,ptsans,2,demo,pan,10,0,complete_us,updated45,final,220.5147,221.12285,220.4291,221.1478,0.027150000000006003,"[-1.4231000000000051, 1.5771999999999906]",0.012595796541431392,"[-0.6371949598582727, 0.7147062989556807]",12,5,60,10000
cpu,ptsans,2,demo,warm,30,0,draw_us,master,prior,213.79025000000001,213.0847,213.55073349999998,212.90898299999998,1.0069330000000036,"[-3.7437500000000057, 2.215300500000012]",0.47720837151425943,"[-1.7300992973336982, 1.04766036359073]",12,5,60,10000
cpu,ptsans,2,demo,warm,30,0,submit_us,master,prior,215.3840165,214.82565,215.2042165,214.66735,0.932650499999994,"[-3.649933500000003, 2.238900000000001]",0.4385409981791266,"[-1.674184012393931, 1.050896685184577]",12,5,60,10000
cpu,ptsans,2,demo,warm,30,0,complete_us,master,prior,215.40203350000002,214.8437165,215.2270665,214.6875,0.930516499999996,"[-3.6513334999999927, 2.2395494999999954]",0.43748678880110026,"[-1.6746452957602354, 1.0510926046695124]",12,5,60,10000
cpu,ptsans,2,demo,warm,30,0,draw_us,master,updated45,213.79025000000001,213.9375335,213.55073349999998,214.236833,0.8124329999999986,"[-0.6624664999999936, 2.866000000000014]",0.38157786794499327,"[-0.3114716806012441, 1.3534656299467596]",12,5,60,10000
cpu,ptsans,2,demo,warm,30,0,submit_us,master,updated45,215.3840165,215.49523349999998,215.2042165,216.0799335,0.6887334999999837,"[-0.7096000000000089, 2.9500665000000055]",0.3213105833171248,"[-0.3311793341312208, 1.3828521531245697]",12,5,60,10000
cpu,ptsans,2,demo,warm,30,0,complete_us,master,updated45,215.40203350000002,215.51745,215.2270665,216.10281650000002,0.6866164999999995,"[-0.7082005000000038, 2.949399499999984]",0.3203039176813305,"[-0.33049085664370037, 1.3823936194930386]",12,5,60,10000
cpu,ptsans,2,demo,warm,30,0,draw_us,master,final,213.79025000000001,214.7541165,213.55073349999998,213.70691649999998,1.6644160000000028,"[-1.799199999999999, 2.4360835000000094]",0.7762291604856197,"[-0.8373289606588674, 1.1555344488305086]",12,5,60,10000
cpu,ptsans,2,demo,warm,30,0,submit_us,master,final,215.3840165,216.356933,215.2042165,215.3082835,1.6443169999999867,"[-1.8555500000000222, 2.359649999999988]",0.7607549108449407,"[-0.8570703042529937, 1.1103698435484866]",12,5,60,10000
cpu,ptsans,2,demo,warm,30,0,complete_us,master,final,215.40203350000002,216.37491699999998,215.2270665,215.32979999999998,1.6381329999999963,"[-1.850733500000004, 2.3582494999999994]",0.7578056035635328,"[-0.8547583865072816, 1.1095977381402333]",12,5,60,10000
cpu,ptsans,2,demo,warm,30,0,draw_us,prior,updated45,213.0847,213.9375335,212.90898299999998,214.236833,1.0131164999999953,"[-0.1013499999999965, 2.3396330000000063]",0.4739836876527237,"[-0.04698831083946309, 1.1007930016072809]",12,5,60,10000
cpu,ptsans,2,demo,warm,30,0,submit_us,prior,updated45,214.82565,215.49523349999998,214.66735,216.0799335,0.9804335000000179,"[-0.1006840000000011, 2.3868500000000097]",0.45782893122433554,"[-0.045742738308579556, 1.114259051598998]",12,5,60,10000
cpu,ptsans,2,demo,warm,30,0,complete_us,prior,updated45,214.8437165,215.51745,214.6875,216.10281650000002,0.9797499999999815,"[-0.09933350000000019, 2.3826494999999994]",0.45747336167973884,"[-0.04511959760195583, 1.1121703163274765]",12,5,60,10000
cpu,ptsans,2,demo,warm,30,0,draw_us,prior,final,213.0847,214.7541165,212.90898299999998,213.70691649999998,1.329767000000004,"[0.4790495000000021, 3.1764835000000033]",0.6233651787558858,"[0.2248562177509017, 1.50978975324495]",12,5,60,10000
cpu,ptsans,2,demo,warm,30,0,submit_us,prior,final,214.82565,216.356933,214.66735,215.3082835,1.3882169999999974,"[0.45414949999999976, 3.0626159999999913]",0.6454039874529749,"[0.21154761180698367, 1.444792200274081]",12,5,60,10000
cpu,ptsans,2,demo,warm,30,0,complete_us,prior,final,214.8437165,216.37491699999998,214.6875,215.32979999999998,1.3874494999999882,"[0.4500164999999896, 3.0625664999999884]",0.6450069076582521,"[0.2096003777931954, 1.444615052283782]",12,5,60,10000
cpu,ptsans,2,demo,warm,30,0,draw_us,updated45,final,213.9375335,214.7541165,214.236833,213.70691649999998,0.23881649999999865,"[-1.047849499999998, 1.8798335000000037]",0.11220518981068794,"[-0.49010922443301075, 0.8882916166888855]",12,5,60,10000
cpu,ptsans,2,demo,warm,30,0,submit_us,updated45,final,215.49523349999998,216.356933,216.0799335,215.3082835,0.2618334999999945,"[-1.2235500000000172, 1.9277669999999887]",0.12203867037168248,"[-0.5588756626052016, 0.9016597299758233]",12,5,60,10000
cpu,ptsans,2,demo,warm,30,0,complete_us,updated45,final,215.51745,216.37491699999998,216.10281650000002,215.32979999999998,0.26323349999999834,"[-1.2221334999999982, 1.9235499999999917]",0.12267241567894827,"[-0.5581448338188466, 0.8996097701312045]",12,5,60,10000
cpu,ptsans,2,demo,zoom_in,12,2924,draw_us,master,prior,1872.6822499999998,1566.7795,1873.6510415,1566.7864585,-299.9427495,"[-312.28629149999995, -289.28812500000004]",-16.049110938465255,"[-16.645916160766127, -15.545303843339747]",12,5,60,10000
cpu,ptsans,2,demo,zoom_in,12,2924,submit_us,master,prior,1873.9114585,1567.986083,1874.9478749999998,1568.09725,-299.88883350000003,"[-312.3575004999999, -289.203208]",-16.035466681310325,"[-16.638102992135533, -15.536447263523534]",12,5,60,10000
cpu,ptsans,2,demo,zoom_in,12,2924,complete_us,master,prior,1873.9357915,1568.01375,1874.9845415,1568.116333,-299.89783350000005,"[-312.35933350000005, -289.19275000000005]",-16.03569095655485,"[-16.63798538469896, -15.536353037190004]",12,5,60,10000
cpu,ptsans,2,demo,zoom_in,12,2924,draw_us,master,updated45,1872.6822499999998,1577.781333,1873.6510415,1573.0502915,-294.0920830000001,"[-305.1911255, -285.62649999999996]",-15.780091550737636,"[-16.307296693354285, -15.26619438062698]",12,5,60,10000
cpu,ptsans,2,demo,zoom_in,12,2924,submit_us,master,updated45,1873.9114585,1579.0469585,1874.9478749999998,1574.2463750000002,-294.1981249999999,"[-305.230958, -285.6371250000001]",-15.774096742256605,"[-16.297996395525722, -15.256907097270734]",12,5,60,10000
cpu,ptsans,2,demo,zoom_in,12,2924,complete_us,master,updated45,1873.9357915,1579.0695,1874.9845415,1574.26375,-294.210292,"[-305.23279149999985, -285.64741649999996]",-15.774717583216685,"[-16.297866599979322, -15.257233663351233]",12,5,60,10000
cpu,ptsans,2,demo,zoom_in,12,2924,draw_us,master,final,1872.6822499999998,1568.699708,1873.6510415,1565.3785415,-305.861,"[-317.9513330000001, -290.89408349999997]",-16.23612967993249,"[-16.918702147581605, -15.5402679565797]",12,5,60,10000
cpu,ptsans,2,demo,zoom_in,12,2924,submit_us,master,final,1873.9114585,1569.9480835,1874.9478749999998,1566.687583,-305.95825,"[-317.87500049999994, -290.8976664999999]",-16.230105308256142,"[-16.908753081419714, -15.530056538479526]",12,5,60,10000
cpu,ptsans,2,demo,zoom_in,12,2924,complete_us,master,final,1873.9357915,1569.97425,1874.9845415,1566.715375,-305.95837500000005,"[-317.8679165, -290.89762499999995]",-16.229884211024896,"[-16.908390932218794, -15.529928727584409]",12,5,60,10000
cpu,ptsans,2,demo,zoom_in,12,2924,draw_us,prior,updated45,1566.7795,1577.781333,1566.7864585,1573.0502915,1.9617079999999305,"[-3.09370899999999, 9.878458499999965]",0.12544446020557043,"[-0.1995158328209956, 0.6248285371480478]",12,5,60,10000
cpu,ptsans,2,demo,zoom_in,12,2924,submit_us,prior,updated45,1567.986083,1579.0469585,1568.09725,1574.2463750000002,1.9894590000000107,"[-3.210083000000054, 9.874833500000022]",0.12711881119927826,"[-0.20678669772371538, 0.6240732506631486]",12,5,60,10000
cpu,ptsans,2,demo,zoom_in,12,2924,complete_us,prior,updated45,1568.01375,1579.0695,1568.116333,1574.26375,1.9895415000000867,"[-3.203124500000058, 9.871499999999969]",0.12712226837252594,"[-0.20633687377360488, 0.6238522633341792]",12,5,60,10000
cpu,ptsans,2,demo,zoom_in,12,2924,draw_us,prior,final,1566.7795,1568.699708,1566.7864585,1565.3785415,-2.972167000000013,"[-14.770916499999998, 5.916499499999986]",-0.18822797989758167,"[-0.9423930700495631, 0.37802484638457257]",12,5,60,10000
cpu,ptsans,2,demo,zoom_in,12,2924,submit_us,prior,final,1567.986083,1569.9480835,1568.09725,1566.687583,-2.9635414999999057,"[-14.875042000000008, 6.027625000000057]",-0.1875368267898303,"[-0.948203236902595, 0.3862414584575924]",12,5,60,10000
cpu,ptsans,2,demo,zoom_in,12,2924,complete_us,prior,final,1568.01375,1569.97425,1568.116333,1566.715375,-2.9582080000000133,"[-14.86979150000002, 6.018958500000053]",-0.18719762804342288,"[-0.9478504490113782, 0.38568409833152906]",12,5,60,10000
cpu,ptsans,2,demo,zoom_in,12,2924,draw_us,updated45,final,1577.781333,1568.699708,1573.0502915,1565.3785415,-7.788208499999996,"[-26.02941650000014, 3.142458500000089]",-0.4946336673144591,"[-1.6231935699612399, 0.2045015223524127]",12,5,60,10000
cpu,ptsans,2,demo,zoom_in,12,2924,submit_us,updated45,final,1579.0469585,1569.9480835,1574.2463750000002,1566.687583,-7.770750499999963,"[-25.93912499999999, 3.329791000000114]",-0.4931833981279887,"[-1.6162866031612322, 0.21658396072166686]",12,5,60,10000
cpu,ptsans,2,demo,zoom_in,12,2924,complete_us,updated45,final,1579.0695,1569.97425,1574.26375,1566.715375,-7.758583000000044,"[-25.940791999999988, 3.32974999999999]",-0.49240071920781947,"[-1.6163686560610846, 0.2165738115999627]",12,5,60,10000
cpu,ptsans,2,demo,zoom_out,12,1952,draw_us,master,prior,1223.665,999.204875,1218.8749585,998.815875,-221.92904199999998,"[-227.407958, -204.67516699999993]",-18.209912659329646,"[-18.734882827169436, -16.87703345753566]",12,5,60,10000
cpu,ptsans,2,demo,zoom_out,12,1952,submit_us,master,prior,1225.0052085,1000.545208,1220.281167,1000.161458,-222.01412500000004,"[-227.36274999999995, -204.63704149999995]",-18.194628156818425,"[-18.71045193717844, -16.854732705878316]",12,5,60,10000
cpu,ptsans,2,demo,zoom_out,12,1952,complete_us,master,prior,1225.029417,1000.5729165,1220.3160415,1000.1787915,-222.02283350000005,"[-227.37504149999995, -204.631917]",-18.195302543200768,"[-18.71100849780517, -16.854044736643374]",12,5,60,10000
cpu,ptsans,2,demo,zoom_out,12,1952,draw_us,master,updated45,1223.665,1001.5242915,1218.8749585,999.4305414999999,-215.95295850000002,"[-228.04495849999995, -209.602417]",-17.91266759644331,"[-18.582556336205023, -17.215055201705717]",12,5,60,10000
cpu,ptsans,2,demo,zoom_out,12,1952,submit_us,master,updated45,1225.0052085,1002.8540415,1220.281167,1000.7430414999999,-216.10408349999994,"[-228.04483349999998, -209.62670849999995]",-17.895966834109934,"[-18.561942161632125, -17.198086213568242]",12,5,60,10000
cpu,ptsans,2,demo,zoom_out,12,1952,complete_us,master,updated45,1225.029417,1002.874875,1220.3160415,1000.7673335,-216.10416700000002,"[-228.04666649999996, -209.62849999999992]",-17.89588540272738,"[-18.561833064140032, -17.197887760213348]",12,5,60,10000
cpu,ptsans,2,demo,zoom_out,12,1952,draw_us,master,final,1223.665,995.777833,1218.8749585,995.675375,-224.3593335,"[-232.88725050000005, -211.99654150000003]",-18.489949720830914,"[-19.045379294420034, -17.471168795134425]",12,5,60,10000
cpu,ptsans,2,demo,zoom_out,12,1952,submit_us,master,final,1225.0052085,997.0766249999999,1220.281167,996.984417,-224.39220799999993,"[-233.05562499999996, -212.12674999999996]",-18.476367451606812,"[-19.035389930002147, -17.46108404769819]",12,5,60,10000
cpu,ptsans,2,demo,zoom_out,12,1952,complete_us,master,final,1225.029417,997.090458,1220.3160415,996.998333,-224.39383349999997,"[-233.05575000000005, -212.133625]",-18.47632398498666,"[-19.034889188791148, -17.461277054160583]",12,5,60,10000
cpu,ptsans,2,demo,zoom_out,12,1952,draw_us,prior,updated45,999.204875,1001.5242915,998.815875,999.4305414999999,-2.9807915000000094,"[-10.288250000000005, 6.798833000000002]",-0.2954410611956504,"[-1.0174796066462322, 0.6874978345305149]",12,5,60,10000
cpu,ptsans,2,demo,zoom_out,12,1952,submit_us,prior,updated45,1000.545208,1002.8540415,1000.161458,1000.7430414999999,-3.1441244999999753,"[-10.373291999999935, 6.751958499999944]",-0.31117486500877867,"[-1.024526549372301, 0.6817896604173423]",12,5,60,10000
cpu,ptsans,2,demo,zoom_out,12,1952,complete_us,prior,updated45,1000.5729165,1002.874875,1000.1787915,1000.7673335,-3.135500000000036,"[-10.378416499999958, 6.744958499999996]",-0.3103017607190006,"[-1.024999983345759, 0.6810644934258425]",12,5,60,10000
cpu,ptsans,2,demo,zoom_out,12,1952,draw_us,prior,final,999.204875,995.777833,998.815875,995.675375,-5.869832999999971,"[-10.751708500000007, -2.327916499999958]",-0.5799865027086348,"[-1.081739249014435, -0.23550829589509825]",12,5,60,10000
cpu,ptsans,2,demo,zoom_out,12,1952,submit_us,prior,final,1000.545208,997.0766249999999,1000.161458,996.984417,-5.85095849999999,"[-10.812458499999991, -2.411207999999988]",-0.5774940382778315,"[-1.0863709853811243, -0.2414473740414591]",12,5,60,10000
cpu,ptsans,2,demo,zoom_out,12,1952,complete_us,prior,final,1000.5729165,997.090458,1000.1787915,996.998333,-5.85433299999994,"[-10.807291999999961, -2.4147499999999695]",-0.5778195173147427,"[-1.0858332020788286, -0.24179384536870407]",12,5,60,10000
cpu,ptsans,2,demo,zoom_out,12,1952,draw_us,updated45,final,1001.5242915,995.777833,999.4305414999999,995.675375,-6.206583000000023,"[-9.758499999999913, 3.3506250000000364]",-0.6224321746996442,"[-0.9785257699244487, 0.33804635863765586]",12,5,60,10000
cpu,ptsans,2,demo,zoom_out,12,1952,submit_us,updated45,final,1002.8540415,997.0766249999999,1000.7430414999999,996.984417,-6.251833499999975,"[-9.708166999999946, 3.359333500000048]",-0.6261519340048927,"[-0.9722111652039234, 0.3384216369345383]",12,5,60,10000
cpu,ptsans,2,demo,zoom_out,12,1952,complete_us,updated45,final,1002.874875,997.090458,1000.7673335,996.998333,-6.251624999999933,"[-9.704749999999933, 3.366374999999948]",-0.6261202437645774,"[-0.9718461622675423, 0.3391322388998974]",12,5,60,10000
cpu,ptsans,2,font_variations,first_paint,1,263,draw_us,master,prior,1066.438,1017.146,1065.667,1013.5415,-51.208500000000015,"[-61.43749999999994, -39.85450000000003]",-4.814417228269418,"[-5.682698462133301, -3.774944603755248]",12,5,60,10000
cpu,ptsans,2,font_variations,first_paint,1,263,submit_us,master,prior,1066.667,1017.396,1065.896,1013.729,-51.20850000000007,"[-61.47950000000003, -39.87499999999994]",-4.813418418555937,"[-5.685439000075598, -3.7760633099447656]",12,5,60,10000
cpu,ptsans,2,font_variations,first_paint,1,263,complete_us,master,prior,1066.7085,1017.4169999999999,1065.917,1013.7705000000001,-51.228999999999985,"[-61.47949999999997, -39.89599999999996]",-4.815175374565267,"[-5.685271620109155, -3.77788580281877]",12,5,60,10000
cpu,ptsans,2,font_variations,first_paint,1,263,draw_us,master,updated45,1066.438,1016.7915,1065.667,1016.7085,-45.375,"[-55.35399999999993, -34.5209999999999]",-4.247264193136813,"[-5.175607970463508, -3.2945419491851426]",12,5,60,10000
cpu,ptsans,2,font_variations,first_paint,1,263,submit_us,master,updated45,1066.667,1017.0205000000001,1065.896,1016.9375,-45.39600000000007,"[-55.33349999999996, -34.563000000000045]",-4.248228632288647,"[-5.172596338975466, -3.297740402118454]",12,5,60,10000
cpu,ptsans,2,font_variations,first_paint,1,263,complete_us,master,updated45,1066.7085,1017.0205000000001,1065.917,1016.9585,-45.39599999999996,"[-55.33349999999996, -34.58299999999997]",-4.2481616543319,"[-5.172596338975466, -3.2995310226858754]",12,5,60,10000
cpu,ptsans,2,font_variations,first_paint,1,263,draw_us,master,final,1066.438,1023.4370000000001,1065.667,1021.729,-43.27150000000012,"[-55.68750000000006, -31.583499999999958]",-4.077047685497032,"[-5.176474163720474, -2.982849518530095]",12,5,60,10000
cpu,ptsans,2,font_variations,first_paint,1,263,submit_us,master,final,1066.667,1023.6875,1065.896,1021.9585,-43.208500000000015,"[-55.666499999999985, -31.666999999999973]",-4.070415021390216,"[-5.173510421778693, -2.989985960424879]",12,5,60,10000
cpu,ptsans,2,font_variations,first_paint,1,263,complete_us,master,final,1066.7085,1023.7080000000001,1065.917,1021.979,-43.22950000000003,"[-55.64599999999996, -31.687499999999943]",-4.072210328121262,"[-5.171602040821166, -2.9918136014905006]",12,5,60,10000
cpu,ptsans,2,font_variations,first_paint,1,263,draw_us,prior,updated45,1017.146,1016.7915,1013.5415,1016.7085,6.312999999999988,"[-8.3125, 12.020500000000027]",0.6290593301493175,"[-0.8099668474978616, 1.1903395079810641]",12,5,60,10000
cpu,ptsans,2,font_variations,first_paint,1,263,submit_us,prior,updated45,1017.396,1017.0205000000001,1013.729,1016.9375,6.312500000000057,"[-8.271000000000015, 11.999500000000069]",0.6288446493446509,"[-0.8057560677997344, 1.1879707936290562]",12,5,60,10000
cpu,ptsans,2,font_variations,first_paint,1,263,complete_us,prior,updated45,1017.4169999999999,1017.0205000000001,1013.7705000000001,1016.9585,6.271500000000003,"[-8.29200000000003, 12.020500000000027]",0.6247330561416242,"[-0.8077985289938361, 1.1900448763137783]",12,5,60,10000
cpu,ptsans,2,font_variations,first_paint,1,263,draw_us,prior,final,1017.146,1023.4370000000001,1013.5415,1021.729,6.145999999999958,"[-0.66700000000003, 17.458000000000027]",0.6005116526255017,"[-0.06405966212561509, 1.7378688457073133]",12,5,60,10000
cpu,ptsans,2,font_variations,first_paint,1,263,submit_us,prior,final,1017.396,1023.6875,1013.729,1021.9585,6.166499999999985,"[-0.625, 17.375000000000057]",0.6023978191942669,"[-0.059934262951882866, 1.7291400355527786]",12,5,60,10000
cpu,ptsans,2,font_variations,first_paint,1,263,complete_us,prior,final,1017.4169999999999,1023.7080000000001,1013.7705000000001,1021.979,6.166499999999928,"[-0.6044999999999163, 17.395500000000084]",0.6023618884483883,"[-0.0579506899462956, 1.731178653946286]",12,5,60,10000
cpu,ptsans,2,font_variations,first_paint,1,263,draw_us,updated45,final,1016.7915,1023.4370000000001,1016.7085,1021.729,4.14549999999997,"[-8.35450000000003, 15.645500000000027]",0.4084969133714811,"[-0.8301250919410752, 1.5469307598381277]",12,5,60,10000
cpu,ptsans,2,font_variations,first_paint,1,263,submit_us,updated45,final,1017.0205000000001,1023.6875,1016.9375,1021.9585,4.10450000000003,"[-8.353999999999985, 15.604000000000042]",0.40436711269058456,"[-0.829903476252003, 1.542451093218311]",12,5,60,10000
cpu,ptsans,2,font_variations,first_paint,1,263,complete_us,updated45,final,1017.0205000000001,1023.7080000000001,1016.9585,1021.979,4.103999999999985,"[-8.333500000000015, 15.645500000000027]",0.4043256816446239,"[-0.8278689892156577, 1.5465484553349618]",12,5,60,10000
cpu,ptsans,2,font_variations,slant_advance,10,1158,draw_us,master,prior,465.89795,452.82285,465.82285,452.82285,-15.397950000000009,"[-18.26679999999996, -7.685550000000006]",-3.3417127859339812,"[-3.864184389904246, -1.6555601321364355]",12,5,60,10000
cpu,ptsans,2,font_variations,slant_advance,10,1158,submit_us,master,prior,466.0167,452.92705,465.93125,452.92705,-15.418849999999992,"[-18.28755000000001, -7.718850000000003]",-3.3454062518279484,"[-3.8675557419923345, -1.6624152595063058]",12,5,60,10000
cpu,ptsans,2,font_variations,slant_advance,10,1158,complete_us,master,prior,466.03954999999996,452.94785,465.96045,452.94785,-15.418799999999976,"[-18.287649999999985, -7.722999999999985]",-3.3452051328845878,"[-3.8674067653711175, -1.6631772765008324]",12,5,60,10000
cpu,ptsans,2,font_variations,slant_advance,10,1158,draw_us,master,updated45,465.89795,454.2354,465.82285,453.5854,-10.862550000000027,"[-17.44810000000001, -8.281250000000028]",-2.377055927513916,"[-3.7180374236993163, -1.784704905637402]",12,5,60,10000
cpu,ptsans,2,font_variations,slant_advance,10,1158,submit_us,master,updated45,466.0167,454.3375,465.93125,453.68550000000005,-10.897999999999996,"[-17.46890000000002, -8.297899999999998]",-2.3840553386965837,"[-3.72147361296975, -1.7878463712960424]",12,5,60,10000
cpu,ptsans,2,font_variations,slant_advance,10,1158,complete_us,master,updated45,466.03954999999996,454.3563,465.96045,453.7063,-10.89994999999999,"[-17.48139999999998, -8.312549999999987]",-2.384382288189646,"[-3.7239012881752798, -1.7908759206815505]",12,5,60,10000
cpu,ptsans,2,font_variations,slant_advance,10,1158,draw_us,master,final,465.89795,454.92094999999995,465.82285,452.92510000000004,-13.956499999999949,"[-15.881299999999982, -8.137550000000005]",-2.978723866973093,"[-3.4214642576748053, -1.7670172463057354]",12,5,60,10000
cpu,ptsans,2,font_variations,slant_advance,10,1158,submit_us,master,final,466.0167,455.01874999999995,465.93125,453.0313,-13.977299999999985,"[-15.891800000000018, -8.170999999999992]",-2.982409831751509,"[-3.4227580636197352, -1.773736572857032]",12,5,60,10000
cpu,ptsans,2,font_variations,slant_advance,10,1158,complete_us,master,final,466.03954999999996,455.04594999999995,465.96045,453.05219999999997,-13.96690000000001,"[-15.89579999999998, -8.160299999999978]",-2.9800783419855312,"[-3.4234491366332165, -1.7713089007350524]",12,5,60,10000
cpu,ptsans,2,font_variations,slant_advance,10,1158,draw_us,prior,updated45,452.82285,454.2354,452.82285,453.5854,0.40399999999996794,"[-3.366550000000018, 6.454299999999961]",0.09182941791776034,"[-0.7287601902990104, 1.4489408435807705]",12,5,60,10000
cpu,ptsans,2,font_variations,slant_advance,10,1158,submit_us,prior,updated45,452.92705,454.3375,452.92705,453.68550000000005,0.41245000000000687,"[-3.3603499999999826, 6.462600000000009]",0.09369460957476261,"[-0.7272613265146055, 1.450515373593897]",12,5,60,10000
cpu,ptsans,2,font_variations,slant_advance,10,1158,complete_us,prior,updated45,452.94785,454.3563,452.94785,453.7063,0.40840000000002874,"[-3.354050000000001, 6.458449999999971]",0.09278297078054165,"[-0.7258593795914814, 1.4494960910247934]",12,5,60,10000
cpu,ptsans,2,font_variations,slant_advance,10,1158,draw_us,prior,final,452.82285,454.92094999999995,452.82285,452.92510000000004,0.0771000000000015,"[-4.568649999999991, 5.356250000000017]",0.020919369248034725,"[-1.0119551672276628, 1.2007571120936755]",12,5,60,10000
cpu,ptsans,2,font_variations,slant_advance,10,1158,submit_us,prior,final,452.92705,455.01874999999995,452.92705,453.0313,0.08939999999998349,"[-4.545649999999995, 5.362499999999983]",0.020698039943939373,"[-1.006647389835219, 1.2018982578262394]",12,5,60,10000
cpu,ptsans,2,font_variations,slant_advance,10,1158,complete_us,prior,final,452.94785,455.04594999999995,452.94785,453.05219999999997,0.09159999999999968,"[-4.547799999999995, 5.362549999999999]",0.02165076151793288,"[-1.0070743194488918, 1.201808972943208]",12,5,60,10000
cpu,ptsans,2,font_variations,slant_advance,10,1158,draw_us,updated45,final,454.2354,454.92094999999995,453.5854,452.92510000000004,-1.3625499999999988,"[-4.5645999999999844, 2.7980000000000302]",-0.29664834074834556,"[-1.0056490854730704, 0.6235759103935257]",12,5,60,10000
cpu,ptsans,2,font_variations,slant_advance,10,1158,submit_us,updated45,final,454.3375,455.01874999999995,453.68550000000005,453.0313,-1.3687999999999931,"[-4.566800000000001, 2.8084499999999935]",-0.29791751162524527,"[-1.0058262263237305, 0.6250727544174217]",12,5,60,10000
cpu,ptsans,2,font_variations,slant_advance,10,1158,complete_us,updated45,final,454.3563,455.04594999999995,453.7063,453.05219999999997,-1.3645500000000084,"[-4.560499999999962, 2.818950000000001]",-0.2969874492098734,"[-1.0043896670035968, 0.6264571384358097]",12,5,60,10000
cpu,ptsans,2,font_variations,slant_return,10,0,draw_us,master,prior,39.025000000000006,38.454049999999995,39.21035,38.4002,-0.7667000000000002,"[-1.4811499999999995, -0.40000000000000213]",-1.9535310888102508,"[-3.7463377916559013, -1.0262582307244805]",12,5,60,10000
cpu,ptsans,2,font_variations,slant_return,10,0,submit_us,master,prior,39.129099999999994,38.53115,39.2833,38.4876,-0.7667499999999983,"[-1.4873999999999974, -0.429199999999998]",-1.9490188495325078,"[-3.7535638458564335, -1.098267343086362]",12,5,60,10000
cpu,ptsans,2,font_variations,slant_return,10,0,complete_us,master,prior,39.16665,38.549899999999994,39.30615,38.51685,-0.764599999999998,"[-1.5040000000000013, -0.4353499999999997]",-1.9481282137495337,"[-3.7922004520192623, -1.113018515906361]",12,5,60,10000
cpu,ptsans,2,font_variations,slant_return,10,0,draw_us,master,updated45,39.025000000000006,38.575050000000005,39.21035,38.6,-0.5999499999999998,"[-1.3188999999999993, -0.11884999999999835]",-1.538715176337846,"[-3.3079941115253253, -0.30294559970153734]",12,5,60,10000
cpu,ptsans,2,font_variations,slant_return,10,0,submit_us,master,updated45,39.129099999999994,38.65845,39.2833,38.6772,-0.5960499999999946,"[-1.3125, -0.12065000000000126]",-1.5257831715919545,"[-3.2853577464364516, -0.30692958897787226]",12,5,60,10000
cpu,ptsans,2,font_variations,slant_return,10,0,complete_us,master,updated45,39.16665,38.6813,39.30615,38.70225,-0.5916999999999994,"[-1.3167500000000025, -0.12085000000000079]",-1.5140059877826906,"[-3.294023008392183, -0.3072712999849292]",12,5,60,10000
cpu,ptsans,2,font_variations,slant_return,10,0,draw_us,master,final,39.025000000000006,39.275,39.21035,39.2958,0.09805000000000064,"[-0.4605499999999978, 0.3728999999999978]",0.25147577116505504,"[-1.1572123529726586, 0.9440827085064107]",12,5,60,10000
cpu,ptsans,2,font_variations,slant_return,10,0,submit_us,master,final,39.129099999999994,39.35,39.2833,39.36035,0.09590000000000032,"[-0.46470000000000056, 0.34990000000000165]",0.24538098449442547,"[-1.1653270405422578, 0.8800400287776178]",12,5,60,10000
cpu,ptsans,2,font_variations,slant_return,10,0,complete_us,master,final,39.16665,39.368750000000006,39.30615,39.38535,0.09179999999999922,"[-0.4752500000000026, 0.35004999999999953]",0.23475116274245256,"[-1.1909652463987397, 0.8798747849734334]",12,5,60,10000
cpu,ptsans,2,font_variations,slant_return,10,0,draw_us,prior,updated45,38.454049999999995,38.575050000000005,38.4002,38.6,0.15810000000000457,"[-0.49155000000000015, 0.7520500000000041]",0.4101173533169411,"[-1.2917327882201124, 1.9818737122949792]",12,5,60,10000
cpu,ptsans,2,font_variations,slant_return,10,0,submit_us,prior,updated45,38.53115,38.65845,38.4876,38.6772,0.1646499999999982,"[-0.49589999999999534, 0.7585499999999996]",0.42627045650300843,"[-1.3001918035732807, 1.9949044032116392]",12,5,60,10000
cpu,ptsans,2,font_variations,slant_return,10,0,complete_us,prior,updated45,38.549899999999994,38.6813,38.51685,38.70225,0.16244999999999976,"[-0.4938500000000019, 0.762550000000001]",0.42032795475227536,"[-1.2940083973197458, 2.0046431096533923]",12,5,60,10000
cpu,ptsans,2,font_variations,slant_return,10,0,draw_us,prior,final,38.454049999999995,39.275,38.4002,39.2958,1.0249500000000005,"[0.41254999999999953, 1.535499999999999]",2.680853927478477,"[1.0586748093389886, 4.044789977135677]",12,5,60,10000
cpu,ptsans,2,font_variations,slant_return,10,0,submit_us,prior,final,38.53115,39.35,38.4876,39.36035,1.0103000000000009,"[0.4187499999999993, 1.5353999999999992]",2.63697019971032,"[1.072817975294038, 4.036343689155764]",12,5,60,10000
cpu,ptsans,2,font_variations,slant_return,10,0,complete_us,prior,final,38.549899999999994,39.368750000000006,38.51685,39.38535,1.0124500000000012,"[0.4207000000000001, 1.5271000000000008]",2.6410566202121233,"[1.0771863285282124, 4.012316037395857]",12,5,60,10000
cpu,ptsans,2,font_variations,slant_return,10,0,draw_us,updated45,final,38.575050000000005,39.275,38.6,39.2958,0.7978999999999985,"[0.06684999999999874, 1.308399999999999]",2.066235573977948,"[0.17148363947421252, 3.3853148961065282]",12,5,60,10000
cpu,ptsans,2,font_variations,slant_return,10,0,submit_us,updated45,final,38.65845,39.35,38.6772,39.36035,0.7957999999999963,"[0.06449999999999889, 1.304000000000002]",2.056392413190522,"[0.1651514025591161, 3.3663791992452508]",12,5,60,10000
cpu,ptsans,2,font_variations,slant_return,10,0,complete_us,updated45,final,38.6813,39.368750000000006,38.70225,39.38535,0.8081500000000013,"[0.060450000000003, 1.3104000000000013]",2.0873873042815516,"[0.15450290215725526, 3.3813211662316323]",12,5,60,10000
cpu,ptsans,2,font_variations,warm,30,0,draw_us,master,prior,36.7770835,36.60765,36.845817,36.683350000000004,-0.4242670000000004,"[-0.9159994999999981, -0.12011650000000174]",-1.146810837839024,"[-2.4551109021142494, -0.3196918802574611]",12,5,60,10000
cpu,ptsans,2,font_variations,warm,30,0,submit_us,master,prior,36.852767,36.67565,36.9124835,36.751966499999995,-0.42500000000000426,"[-0.919500499999998, -0.1244000000000014]",-1.1480950826228964,"[-2.4596564686158953, -0.3306977011056089]",12,5,60,10000
cpu,ptsans,2,font_variations,warm,30,0,complete_us,master,prior,36.87365,36.6965835,36.936133,36.7701,-0.4277665000000006,"[-0.9187835, -0.12018349999999955]",-1.15481934267882,"[-2.4567755833283855, -0.31914242480503563]",12,5,60,10000
cpu,ptsans,2,font_variations,warm,30,0,draw_us,master,updated45,36.7770835,36.64865,36.845817,36.7632335,-0.32360000000000255,"[-0.5944500000000019, 0.34725050000000124]",-0.871287402584181,"[-1.6020953476599487, 0.9516394410894358]",12,5,60,10000
cpu,ptsans,2,font_variations,warm,30,0,submit_us,master,updated45,36.852767,36.7132,36.9124835,36.826516999999996,-0.32983349999999945,"[-0.5965334999999996, 0.3373664999999981]",-0.8863633074471633,"[-1.6047884337211715, 0.922790543069818]",12,5,60,10000
cpu,ptsans,2,font_variations,warm,30,0,complete_us,master,updated45,36.87365,36.734117,36.936133,36.848733499999994,-0.32775000000000176,"[-0.5930169999999997, 0.34014999999999773]",-0.8803370268034683,"[-1.594519986202525, 0.9297698608440097]",12,5,60,10000
cpu,ptsans,2,font_variations,warm,30,0,draw_us,master,final,36.7770835,37.144483,36.845817,37.207633,0.34929950000000076,"[0.07429999999999737, 0.892416500000003]",0.9450608944796657,"[0.20093442673391193, 2.4396484575137767]",12,5,60,10000
cpu,ptsans,2,font_variations,warm,30,0,submit_us,master,final,36.852767,37.21115,36.9124835,37.2749835,0.34298300000000026,"[0.06603349999999608, 0.8931164999999979]",0.9262274476591559,"[0.17810287803151637, 2.43701564033576]",12,5,60,10000
cpu,ptsans,2,font_variations,warm,30,0,complete_us,master,final,36.87365,37.22985,36.936133,37.295133,0.3506830000000001,"[0.06938300000000197, 0.8896170000000012]",0.9465638255604425,"[0.18711496662113802, 2.4260803366737194]",12,5,60,10000
cpu,ptsans,2,font_variations,warm,30,0,draw_us,prior,updated45,36.60765,36.64865,36.683350000000004,36.7632335,0.32704999999999984,"[-0.09091700000000102, 0.8660004999999984]",0.8888568417906306,"[-0.24843898408707932, 2.4328472175709326]",12,5,60,10000
cpu,ptsans,2,font_variations,warm,30,0,submit_us,prior,updated45,36.67565,36.7132,36.751966499999995,36.826516999999996,0.3264004999999983,"[-0.09659999999999869, 0.8583504999999967]",0.8855486574051219,"[-0.2635249329934364, 2.406741630545828]",12,5,60,10000
cpu,ptsans,2,font_variations,warm,30,0,complete_us,prior,updated45,36.6965835,36.734117,36.7701,36.848733499999994,0.32926649999999924,"[-0.09378350000000069, 0.8568335000000005]",0.8928316984941231,"[-0.2556172914288779, 2.400965407046285]",12,5,60,10000
cpu,ptsans,2,font_variations,warm,30,0,draw_us,prior,final,36.60765,37.144483,36.683350000000004,37.207633,0.834799499999999,"[0.39439950000000223, 1.4041169999999994]",2.294367380962703,"[1.0726165532659704, 3.906398420944701]",12,5,60,10000
cpu,ptsans,2,font_variations,warm,30,0,submit_us,prior,final,36.67565,37.21115,36.751966499999995,37.2749835,0.8242330000000031,"[0.3916669999999982, 1.4090330000000044]",2.260909299223479,"[1.0631505472920466, 3.9131002898997513]",12,5,60,10000
cpu,ptsans,2,font_variations,warm,30,0,complete_us,prior,final,36.6965835,37.22985,36.7701,37.295133,0.8304500000000026,"[0.3937659999999994, 1.4062835000000042]",2.276931296921614,"[1.068334632954171, 3.9028709380233617]",12,5,60,10000
cpu,ptsans,2,font_variations,warm,30,0,draw_us,updated45,final,36.64865,37.144483,36.7632335,37.207633,0.49514999999999887,"[0.12841650000000016, 0.81175]",1.3446780200260022,"[0.34203494170411686, 2.2375665552761603]",12,5,60,10000
cpu,ptsans,2,font_variations,warm,30,0,submit_us,updated45,final,36.7132,37.21115,36.826516999999996,37.2749835,0.49586650000000176,"[0.13188300000000197, 0.8055829999999986]",1.345799074038856,"[0.3507098519730967, 2.216777204811027]",12,5,60,10000
cpu,ptsans,2,font_variations,warm,30,0,complete_us,updated45,final,36.734117,37.22985,36.848733499999994,37.295133,0.4973335000000034,"[0.13341649999999916, 0.8130830000000024]",1.3491044722561463,"[0.3545859164798326, 2.236193769702066]",12,5,60,10000
cpu,ptsans,2,font_variations,weight_advance,6,717,draw_us,master,prior,510.0139165,496.69100000000003,510.406333,497.295167,-12.927332999999976,"[-19.152750000000054, -8.25]",-2.5389092267728843,"[-3.705885548542631, -1.6232210317167872]",12,5,60,10000
cpu,ptsans,2,font_variations,weight_advance,6,717,submit_us,master,prior,510.1841665,496.8195,510.593833,497.423667,-12.979499499999974,"[-19.152833499999986, -8.294916]",-2.548278314603647,"[-3.7045929355635665, -1.6314498480716422]",12,5,60,10000
cpu,ptsans,2,font_variations,weight_advance,6,717,complete_us,master,prior,510.2118335,496.8438335,510.60775,497.45491649999997,-12.979417000000012,"[-19.17700000000005, -8.288166499999988]",-2.5481505844509034,"[-3.709064320702482, -1.6300663474292931]",12,5,60,10000
cpu,ptsans,2,font_variations,weight_advance,6,717,draw_us,master,updated45,510.0139165,497.5209165,510.406333,496.53825,-12.531416499999978,"[-14.70150000000001, -8.523917000000012]",-2.461511781786352,"[-2.883938654434587, -1.697629585975896]",12,5,60,10000
cpu,ptsans,2,font_variations,weight_advance,6,717,submit_us,master,updated45,510.1841665,497.65283350000004,510.593833,496.68408350000004,-12.57299949999998,"[-14.756916500000017, -8.548332999999985]",-2.4688285271079247,"[-2.893721659119902, -1.7019445800842026]",12,5,60,10000
cpu,ptsans,2,font_variations,weight_advance,6,717,complete_us,master,updated45,510.2118335,497.67683350000004,510.60775,496.7048335,-12.562667000000005,"[-14.746582999999987, -8.541499500000015]",-2.4666872288763795,"[-2.8915975562401997, -1.700528769587334]",12,5,60,10000
cpu,ptsans,2,font_variations,weight_advance,6,717,draw_us,master,final,510.0139165,497.704667,510.406333,496.9341665,-12.472250000000003,"[-19.826750000000033, -8.017333000000008]",-2.4375083930421706,"[-3.8814278812472622, -1.5616525946643867]",12,5,60,10000
cpu,ptsans,2,font_variations,weight_advance,6,717,submit_us,master,final,510.1841665,497.840167,510.593833,497.079917,-12.506665999999967,"[-19.85466649999998, -8.045166499999993]",-2.443325885206643,"[-3.8856107909654547, -1.5665598112072243]",12,5,60,10000
cpu,ptsans,2,font_variations,weight_advance,6,717,complete_us,master,final,510.2118335,497.8645,510.60775,497.107667,-12.492916499999978,"[-19.844083000000012, -8.038166999999987]",-2.4405507610025188,"[-3.8833838761339723, -1.565144065488705]",12,5,60,10000
cpu,ptsans,2,font_variations,weight_advance,6,717,draw_us,prior,updated45,496.69100000000003,497.5209165,497.295167,496.53825,-1.8230005000000347,"[-4.228916999999996, 5.653083000000009]",-0.36417612047974224,"[-0.8528543974750835, 1.1425332565467405]",12,5,60,10000
cpu,ptsans,2,font_variations,weight_advance,6,717,submit_us,prior,updated45,496.8195,497.65283350000004,497.423667,496.68408350000004,-1.822917000000018,"[-4.215166499999981, 5.625249999999994]",-0.36403304434887707,"[-0.8498335797540835, 1.1364535192940783]",12,5,60,10000
cpu,ptsans,2,font_variations,weight_advance,6,717,complete_us,prior,updated45,496.8438335,497.67683350000004,497.45491649999997,496.7048335,-1.829916499999996,"[-4.2152499999999975, 5.645916999999997]",-0.3654009727145746,"[-0.8491563366837873, 1.1406214185945673]",12,5,60,10000
cpu,ptsans,2,font_variations,weight_advance,6,717,draw_us,prior,final,496.69100000000003,497.704667,497.295167,496.9341665,-1.1110830000000078,"[-5.041666499999991, 4.47924949999998]",-0.2281296791348586,"[-1.0056408706335673, 0.9024387227835051]",12,5,60,10000
cpu,ptsans,2,font_variations,weight_advance,6,717,submit_us,prior,final,496.8195,497.840167,497.423667,497.079917,-1.1599159999999813,"[-5.0416664999999625, 4.486249999999984]",-0.23797229814059295,"[-1.0053440270465563, 0.903623835195877]",12,5,60,10000
cpu,ptsans,2,font_variations,weight_advance,6,717,complete_us,prior,final,496.8438335,497.8645,497.45491649999997,497.107667,-1.138832999999977,"[-5.0139164999999934, 4.475667000000016]",-0.2336899904226586,"[-0.9997991688244112, 0.9014442214775542]",12,5,60,10000
cpu,ptsans,2,font_variations,weight_advance,6,717,draw_us,updated45,final,497.5209165,497.704667,496.53825,496.9341665,-0.34700050000000715,"[-5.524249499999968, 2.635499999999979]",-0.06840594874317762,"[-1.099908912798675, 0.5368128928949556]",12,5,60,10000
cpu,ptsans,2,font_variations,weight_advance,6,717,submit_us,updated45,final,497.65283350000004,497.840167,496.68408350000004,497.079917,-0.333500000000015,"[-5.507082999999994, 2.6285000000000025]",-0.06577138841817876,"[-1.096218072999533, 0.53520601960797]",12,5,60,10000
cpu,ptsans,2,font_variations,weight_advance,6,717,complete_us,updated45,final,497.67683350000004,497.8645,496.7048335,497.107667,-0.32991649999999595,"[-5.507000000000005, 2.614583500000009]",-0.06504700588756407,"[-1.0961752222051424, 0.5323620708895693]",12,5,60,10000
cpu,ptsans,2,font_variations,weight_return,6,0,draw_us,master,prior,38.61125,37.882083,38.611000000000004,37.677167,-0.9270834999999948,"[-1.4620000000000033, -0.5137500000000017]",-2.3886682833490216,"[-3.8135250166648147, -1.3161909837143937]",12,5,60,10000
cpu,ptsans,2,font_variations,weight_return,6,0,submit_us,master,prior,38.6771665,37.958417,38.6840835,37.7534165,-0.9444170000000014,"[-1.4724164999999978, -0.513833499999997]",-2.44559100401448,"[-3.787973146942991, -1.314397276418866]",12,5,60,10000
cpu,ptsans,2,font_variations,weight_return,6,0,complete_us,master,prior,38.7188335,37.982749999999996,38.7118335,37.767333,-0.9615834999999997,"[-1.4724164999999978, -0.5204999999999984]",-2.4868452778546213,"[-3.829919189130604, -1.3301956067697185]",12,5,60,10000
cpu,ptsans,2,font_variations,weight_return,6,0,draw_us,master,updated45,38.61125,37.5346665,38.611000000000004,37.475583,-0.8264169999999993,"[-1.6842499999999987, -0.4306664999999974]",-2.1610995443811785,"[-4.380467385338388, -1.1224892454997304]",12,5,60,10000
cpu,ptsans,2,font_variations,weight_return,6,0,submit_us,master,updated45,38.6771665,37.6039165,38.6840835,37.545083000000005,-0.850916999999999,"[-1.694582999999998, -0.42391699999999943]",-2.220261825385206,"[-4.398346099978462, -1.1027804073957592]",12,5,60,10000
cpu,ptsans,2,font_variations,weight_return,6,0,complete_us,master,updated45,38.7188335,37.63525,38.7118335,37.5798335,-0.8474165000000013,"[-1.7085834999999996, -0.43433400000000333]",-2.20951716503352,"[-4.4315245430547545, -1.1292159075855235]",12,5,60,10000
cpu,ptsans,2,font_variations,weight_return,6,0,draw_us,master,final,38.61125,39.041667,38.611000000000004,39.15625,0.4860830000000007,"[-0.5067500000000038, 1.0070000000000014]",1.2375044292618598,"[-1.3048658529356882, 2.632988759304322]",12,5,60,10000
cpu,ptsans,2,font_variations,weight_return,6,0,submit_us,master,final,38.6771665,39.11125,38.6840835,39.232749999999996,0.48283300000000295,"[-0.5173334999999994, 1.003499999999999]",1.2264343921795096,"[-1.3298191236664925, 2.618101127971728]",12,5,60,10000
cpu,ptsans,2,font_variations,weight_return,6,0,complete_us,master,final,38.7188335,39.1354165,38.7118335,39.2499165,0.48958299999999966,"[-0.5104165000000016, 1.0031665000000025]",1.2431419904030294,"[-1.3113065883068376, 2.6153204104027883]",12,5,60,10000
cpu,ptsans,2,font_variations,weight_return,6,0,draw_us,prior,updated45,37.882083,37.5346665,37.677167,37.475583,0.041666500000001605,"[-0.649416500000001, 0.8506664999999956]",0.11082350965433418,"[-1.7016006816429563, 2.257865708379503]",12,5,60,10000
cpu,ptsans,2,font_variations,weight_return,6,0,submit_us,prior,updated45,37.958417,37.6039165,37.7534165,37.545083000000005,0.038166499999999104,"[-0.6494170000000032, 0.850915999999998]",0.10125200474487839,"[-1.6988166194785659, 2.254164908293055]",12,5,60,10000
cpu,ptsans,2,font_variations,weight_return,6,0,complete_us,prior,updated45,37.982749999999996,37.63525,37.767333,37.5798335,0.04866699999999824,"[-0.6495000000000033, 0.8614164999999971]",0.12924587461132786,"[-1.6978000153618444, 2.281269631126992]",12,5,60,10000
cpu,ptsans,2,font_variations,weight_return,6,0,draw_us,prior,final,37.882083,39.041667,37.677167,39.15625,1.482583499999997,"[0.7048334999999959, 1.808916]",3.924768966088754,"[1.8977970072768469, 4.776323683382855]",12,5,60,10000
cpu,ptsans,2,font_variations,weight_return,6,0,submit_us,prior,final,37.958417,39.11125,37.7534165,39.232749999999996,1.4758335000000002,"[0.701416499999997, 1.8298329999999972]",3.8992122275229746,"[1.8853931515273925, 4.821846729587809]",12,5,60,10000
cpu,ptsans,2,font_variations,weight_return,6,0,complete_us,prior,final,37.982749999999996,39.1354165,37.767333,39.2499165,1.4894169999999995,"[0.7048334999999994, 1.8263335000000005]",3.9340184881547002,"[1.8935419495851313, 4.810507763589323]",12,5,60,10000
cpu,ptsans,2,font_variations,weight_return,6,0,draw_us,updated45,final,37.5346665,39.041667,37.475583,39.15625,1.395749999999996,"[0.4897500000000008, 1.736083499999996]",3.740171428295036,"[1.2979380158881337, 4.6294971003499885]",12,5,60,10000
cpu,ptsans,2,font_variations,weight_return,6,0,submit_us,updated45,final,37.6039165,39.11125,37.545083000000005,39.232749999999996,1.4095835,"[0.48616699999999824, 1.7363329999999983]",3.7706709380656678,"[1.2860886698679352, 4.620328009909292]",12,5,60,10000
cpu,ptsans,2,font_variations,weight_return,6,0,complete_us,updated45,final,37.63525,39.1354165,37.5798335,39.2499165,1.412749999999999,"[0.4791665000000016, 1.7396670000000007]",3.776808935736242,"[1.2664246839206972, 4.6283027857647046]",12,5,60,10000
cpu,ptsans,2,grid_pollution,hot_first,1,94,draw_us,master,prior,468.75,414.167,468.83299999999997,414.66650000000004,-52.417,"[-61.39599999999999, -45.12550000000002]",-11.131030881055654,"[-13.057412811371144, -9.757286101305041]",12,5,60,10000
cpu,ptsans,2,grid_pollution,hot_first,1,94,submit_us,master,prior,468.833,414.25,468.937,414.7505,-52.39599999999999,"[-61.375, -45.08349999999999]",-11.125122807683297,"[-13.050644570043396, -9.746156023476548]",12,5,60,10000
cpu,ptsans,2,grid_pollution,hot_first,1,94,complete_us,master,prior,468.875,414.27099999999996,468.97900000000004,414.77099999999996,-52.39599999999999,"[-61.375, -45.125]",-11.124130763370555,"[-13.04949330239651, -9.754252236850526]",12,5,60,10000
cpu,ptsans,2,grid_pollution,hot_first,1,94,draw_us,master,updated45,468.75,416.1465,468.83299999999997,411.437,-55.291000000000025,"[-64.16650000000001, -48.62549999999999]",-11.680784474070094,"[-13.644693477939901, -10.476819687634165]",12,5,60,10000
cpu,ptsans,2,grid_pollution,hot_first,1,94,submit_us,master,updated45,468.833,416.2295,468.937,411.5,-55.37450000000001,"[-64.125, -48.667]",-11.693661233893405,"[-13.633447773002427, -10.483412304729056]",12,5,60,10000
cpu,ptsans,2,grid_pollution,hot_first,1,94,complete_us,master,updated45,468.875,416.2715,468.97900000000004,411.541,-55.37450000000001,"[-64.14600000000002, -48.667]",-11.692636931245165,"[-13.636724330047993, -10.48288011050164]",12,5,60,10000
cpu,ptsans,2,grid_pollution,hot_first,1,94,draw_us,master,final,468.75,413.97900000000004,468.83299999999997,413.3755,-58.60400000000001,"[-59.58300000000003, -44.47949999999997]",-12.460891832229581,"[-12.693172905163824, -9.68352709817224]",12,5,60,10000
cpu,ptsans,2,grid_pollution,hot_first,1,94,submit_us,master,final,468.833,414.08299999999997,468.937,413.45849999999996,-58.56200000000004,"[-59.58250000000001, -44.41749999999999]",-12.449734661450062,"[-12.690250145931504, -9.668130038763444]",12,5,60,10000
cpu,ptsans,2,grid_pollution,hot_first,1,94,complete_us,master,final,468.875,414.08299999999997,468.97900000000004,413.5005,-58.56200000000001,"[-59.583, -44.458500000000015]",-12.448623135525445,"[-12.68923492452823, -9.676215644952036]",12,5,60,10000
cpu,ptsans,2,grid_pollution,hot_first,1,94,draw_us,prior,updated45,414.167,416.1465,414.66650000000004,411.437,-2.770500000000027,"[-5.353500000000025, 0.2295000000000016]",-0.6626868244443973,"[-1.2793190025170709, 0.05482042547022559]",12,5,60,10000
cpu,ptsans,2,grid_pollution,hot_first,1,94,submit_us,prior,updated45,414.25,416.2295,414.7505,411.5,-2.791499999999985,"[-5.31200000000004, 0.20899999999997476]",-0.6675052507516932,"[-1.2693142169929728, 0.04980696608738455]",12,5,60,10000
cpu,ptsans,2,grid_pollution,hot_first,1,94,complete_us,prior,updated45,414.27099999999996,416.2715,414.77099999999996,411.541,-2.771000000000015,"[-5.333500000000015, 0.2295000000000016]",-0.6625075445792217,"[-1.2742393349978842, 0.05480406010732741]",12,5,60,10000
cpu,ptsans,2,grid_pollution,hot_first,1,94,draw_us,prior,final,414.167,413.97900000000004,414.66650000000004,413.3755,-0.22900000000001342,"[-5.5, 7.084000000000003]",-0.048846657138629235,"[-1.3245050030965655, 1.715042735828931]",12,5,60,10000
cpu,ptsans,2,grid_pollution,hot_first,1,94,submit_us,prior,final,414.25,414.08299999999997,414.7505,413.45849999999996,-0.20800000000002683,"[-5.4375, 7.124999999999972]",-0.04398463244840167,"[-1.3091997304358949, 1.7243820606903326]",12,5,60,10000
cpu,ptsans,2,grid_pollution,hot_first,1,94,complete_us,prior,final,414.27099999999996,414.08299999999997,414.77099999999996,413.5005,-0.22900000000001342,"[-5.437499999999972, 7.125499999999988]",-0.04897188596709734,"[-1.309123565906134, 1.7243327281885157]",12,5,60,10000
cpu,ptsans,2,grid_pollution,hot_first,1,94,draw_us,updated45,final,416.1465,413.97900000000004,411.437,413.3755,4.770999999999987,"[-4.249999999999972, 10.999500000000012]",1.1739201209561068,"[-1.012798171511775, 2.649042911201449]",12,5,60,10000
cpu,ptsans,2,grid_pollution,hot_first,1,94,submit_us,updated45,final,416.2295,414.08299999999997,411.5,413.45849999999996,4.770999999999987,"[-4.229500000000002, 11.020500000000027]",1.1735354090851469,"[-1.0076862023813804, 2.653501666224234]",12,5,60,10000
cpu,ptsans,2,grid_pollution,hot_first,1,94,complete_us,updated45,final,416.2715,414.08299999999997,411.541,413.5005,4.771500000000003,"[-4.249500000000012, 11.041499999999985]",1.1735395225861978,"[-1.0123363826254839, 2.658358454098142]",12,5,60,10000
cpu,ptsans,2,grid_pollution,hot_return,1,94,draw_us,master,prior,405.6455,396.89599999999996,404.16650000000004,397.667,-10.8125,"[-13.75, -2.396000000000015]",-2.6604174886353915,"[-3.37314317973238, -0.5975644824658177]",12,5,60,10000
cpu,ptsans,2,grid_pollution,hot_return,1,94,submit_us,master,prior,405.77099999999996,397.10400000000004,404.2495,397.8125,-10.854000000000013,"[-13.728999999999985, -2.291999999999973]",-2.669775229877669,"[-3.3670871048124438, -0.5714333408342875]",12,5,60,10000
cpu,ptsans,2,grid_pollution,hot_return,1,94,complete_us,master,prior,405.79150000000004,397.14599999999996,404.29150000000004,397.8545,-10.854000000000013,"[-13.729000000000013, -2.2915000000000134]",-2.6695036358820037,"[-3.3667402720562736, -0.5712497948074602]",12,5,60,10000
cpu,ptsans,2,grid_pollution,hot_return,1,94,draw_us,master,updated45,405.6455,395.875,404.16650000000004,395.77099999999996,-8.416500000000013,"[-10.1875, -2.5]",-2.0869347312920175,"[-2.50291047985593, -0.6323831354194787]",12,5,60,10000
cpu,ptsans,2,grid_pollution,hot_return,1,94,submit_us,master,updated45,405.77099999999996,396.0,404.2495,395.9165,-8.333000000000027,"[-10.229500000000002, -2.583499999999958]",-2.0657658890883335,"[-2.5121672560680652, -0.6527038202950419]",12,5,60,10000
cpu,ptsans,2,grid_pollution,hot_return,1,94,complete_us,master,updated45,405.79150000000004,396.04200000000003,404.29150000000004,395.9375,-8.332999999999998,"[-10.229500000000002, -2.5839999999999748]",-2.065550823596407,"[-2.512044395270452, -0.652679065470646]",12,5,60,10000
cpu,ptsans,2,grid_pollution,hot_return,1,94,draw_us,master,final,405.6455,393.375,404.16650000000004,392.5625,-11.875,"[-16.416500000000013, -8.229000000000013]",-2.944141161739938,"[-4.0088898135278885, -2.0220663951478866]",12,5,60,10000
cpu,ptsans,2,grid_pollution,hot_return,1,94,submit_us,master,final,405.77099999999996,393.52049999999997,404.2495,392.77049999999997,-11.770500000000027,"[-16.479000000000013, -8.041499999999985]",-2.917684138626775,"[-4.007777284470959, -1.9758564773547427]",12,5,60,10000
cpu,ptsans,2,grid_pollution,hot_return,1,94,complete_us,master,final,405.79150000000004,393.52049999999997,404.29150000000004,392.7915,-11.770499999999998,"[-16.458499999999987, -8.063000000000017]",-2.9173804059328177,"[-4.002381369085139, -1.9809756890902142]",12,5,60,10000
cpu,ptsans,2,grid_pollution,hot_return,1,94,draw_us,prior,updated45,396.89599999999996,395.875,397.667,395.77099999999996,0.9165000000000134,"[-3.562999999999988, 8.353999999999985]",0.2284549510600975,"[-0.9020096677143763, 2.14291590270288]",12,5,60,10000
cpu,ptsans,2,grid_pollution,hot_return,1,94,submit_us,prior,updated45,397.10400000000004,396.0,397.8125,395.9165,0.9170000000000016,"[-3.625499999999988, 8.291500000000013]",0.2285137889828759,"[-0.9171632131769081, 2.1258955419121595]",12,5,60,10000
cpu,ptsans,2,grid_pollution,hot_return,1,94,complete_us,prior,updated45,397.14599999999996,396.04200000000003,397.8545,395.9375,0.9375,"[-3.6459999999999866, 8.291500000000013]",0.23360766945872413,"[-0.9154821664399126, 2.125824103414753]",12,5,60,10000
cpu,ptsans,2,grid_pollution,hot_return,1,94,draw_us,prior,final,396.89599999999996,393.375,397.667,392.5625,-2.0204999999999984,"[-9.332999999999998, 3.603999999999985]",-0.5057927048940924,"[-2.3378470231176007, 0.9247308508511187]",12,5,60,10000
cpu,ptsans,2,grid_pollution,hot_return,1,94,submit_us,prior,final,397.10400000000004,393.52049999999997,397.8125,392.77049999999997,-1.9170000000000016,"[-9.416000000000025, 3.603499999999997]",-0.479454908594279,"[-2.3574448806014447, 0.9242328834474733]",12,5,60,10000
cpu,ptsans,2,grid_pollution,hot_return,1,94,complete_us,prior,final,397.14599999999996,393.52049999999997,397.8545,392.7915,-1.8955000000000268,"[-9.416499999999985, 3.5825000000000102]",-0.47409126540108315,"[-2.3573225858197153, 0.9187849064871356]",12,5,60,10000
cpu,ptsans,2,grid_pollution,hot_return,1,94,draw_us,updated45,final,395.875,393.375,395.77099999999996,392.5625,-3.5625,"[-7.541499999999985, -1.7504999999999882]",-0.9000530259044792,"[-1.894335612012732, -0.43839666176958003]",12,5,60,10000
cpu,ptsans,2,grid_pollution,hot_return,1,94,submit_us,updated45,final,396.0,393.52049999999997,395.9165,392.77049999999997,-3.5204999999999984,"[-7.437500000000028, -1.7299999999999898]",-0.8891384085212894,"[-1.8678173020074684, -0.43306794183168296]",12,5,60,10000
cpu,ptsans,2,grid_pollution,hot_return,1,94,complete_us,updated45,final,396.04200000000003,393.52049999999997,395.9375,392.7915,-3.5,"[-7.438000000000017, -1.7504999999999882]",-0.8839049331836157,"[-1.8678584966661138, -0.43821611412561134]",12,5,60,10000
cpu,ptsans,2,grid_pollution,hot_second,1,94,draw_us,master,prior,384.125,143.29149999999998,385.875,143.85399999999998,-243.20850000000002,"[-247.437, -233.47899999999998]",-62.81237535857521,"[-63.4020560828666, -61.33155366371476]",12,5,60,10000
cpu,ptsans,2,grid_pollution,hot_second,1,94,submit_us,master,prior,384.1875,143.3745,385.9375,143.916,-243.2295,"[-247.458, -233.54149999999998]",-62.80644852249709,"[-63.399157702835375, -61.323614543708956]",12,5,60,10000
cpu,ptsans,2,grid_pollution,hot_second,1,94,complete_us,master,prior,384.22900000000004,143.41649999999998,385.95849999999996,143.958,-243.1875,"[-247.4585, -233.5415]",-62.797550042188035,"[-63.39231882488518, -61.31705101739364]",12,5,60,10000
cpu,ptsans,2,grid_pollution,hot_second,1,94,draw_us,master,updated45,384.125,146.875,385.875,144.39600000000002,-240.60399999999998,"[-247.9995, -228.04149999999998]",-62.16156442090163,"[-63.76253368381508, -60.18333469809305]",12,5,60,10000
cpu,ptsans,2,grid_pollution,hot_second,1,94,submit_us,master,updated45,384.1875,146.938,385.9375,144.4795,-240.60399999999998,"[-248.0, -228.1045]",-62.15384583417702,"[-63.75217931989214, -60.17033732905578]",12,5,60,10000
cpu,ptsans,2,grid_pollution,hot_second,1,94,complete_us,master,updated45,384.22900000000004,146.97899999999998,385.95849999999996,144.52100000000002,-240.60399999999998,"[-248.0, -228.0625]",-62.144834909947505,"[-63.74338808532808, -60.16912247373814]",12,5,60,10000
cpu,ptsans,2,grid_pollution,hot_second,1,94,draw_us,master,final,384.125,150.437,385.875,148.0205,-238.06150000000002,"[-242.60399999999998, -231.04199999999997]",-61.28528795815167,"[-62.672390643922256, -60.93121225115924]",12,5,60,10000
cpu,ptsans,2,grid_pollution,hot_second,1,94,submit_us,master,final,384.1875,150.5,385.9375,148.10399999999998,-238.124,"[-242.625, -231.10399999999998]",-61.26887692481502,"[-62.66962170641357, -60.92541649546578]",12,5,60,10000
cpu,ptsans,2,grid_pollution,hot_second,1,94,complete_us,master,final,384.22900000000004,150.5205,385.95849999999996,148.1245,-238.1245,"[-242.625, -231.063]",-61.265601153891446,"[-62.65856999166218, -60.9166169800054]",12,5,60,10000
cpu,ptsans,2,grid_pollution,hot_second,1,94,draw_us,prior,updated45,143.29149999999998,146.875,143.85399999999998,144.39600000000002,2.291499999999999,"[-2.5625, 5.792000000000002]",1.5934865648498553,"[-1.755014635531077, 4.17891121241567]",12,5,60,10000
cpu,ptsans,2,grid_pollution,hot_second,1,94,submit_us,prior,updated45,143.3745,146.938,143.916,144.4795,2.291499999999999,"[-2.521000000000001, 5.813000000000002]",1.592804462150299,"[-1.726458478756121, 4.192204812675104]",12,5,60,10000
cpu,ptsans,2,grid_pollution,hot_second,1,94,complete_us,prior,updated45,143.41649999999998,146.97899999999998,143.958,144.52100000000002,2.291499999999999,"[-2.541499999999999, 5.8125]",1.5923448908326088,"[-1.740132964765978, 4.190574497966026]",12,5,60,10000
cpu,ptsans,2,grid_pollution,hot_second,1,94,draw_us,prior,final,143.29149999999998,150.437,143.85399999999998,148.0205,2.208500000000001,"[-0.6460000000000008, 7.166499999999999]",1.4911062262116692,"[-0.43545528009092394, 5.016985747778424]",12,5,60,10000
cpu,ptsans,2,grid_pollution,hot_second,1,94,submit_us,prior,final,143.3745,150.5,143.916,148.10399999999998,2.25,"[-0.6664999999999992, 7.167000000000002]",1.5191077461383928,"[-0.4489197708322845, 5.0299634876533545]",12,5,60,10000
cpu,ptsans,2,grid_pollution,hot_second,1,94,complete_us,prior,final,143.41649999999998,150.5205,143.958,148.1245,2.230000000000004,"[-0.6460000000000008, 7.145499999999998]",1.5045084480999948,"[-0.43521172370119543, 5.013308287634133]",12,5,60,10000
cpu,ptsans,2,grid_pollution,hot_second,1,94,draw_us,updated45,final,146.875,150.437,144.39600000000002,148.0205,0.1454999999999984,"[-4.271000000000001, 5.728999999999999]",0.10139165135272243,"[-2.791803817676292, 3.912130770676181]",12,5,60,10000
cpu,ptsans,2,grid_pollution,hot_second,1,94,submit_us,updated45,final,146.938,150.5,144.4795,148.10399999999998,0.1670000000000016,"[-4.291499999999999, 5.708500000000001]",0.11659101767673707,"[-2.803501265220304, 3.895727106163649]",12,5,60,10000
cpu,ptsans,2,grid_pollution,hot_second,1,94,complete_us,updated45,final,146.97899999999998,150.5205,144.52100000000002,148.1245,0.14650000000000318,"[-4.271000000000001, 5.707999999999998]",0.10204281225389411,"[-2.7898948111544417, 3.894264504664924]",12,5,60,10000
cpu,ptsans,2,grid_pollution,pollution,64,6016,draw_us,master,prior,389.92025,382.9986955,389.76757799999996,382.498703,-6.6943439999999725,"[-9.607117000000017, -3.8775784999999985]",-1.7275112496566825,"[-2.4441972200270556, -1.0085840879492047]",12,5,60,10000
cpu,ptsans,2,grid_pollution,pollution,64,6016,submit_us,master,prior,389.9916095,383.064258,389.833961,382.56183599999997,-6.702781000000016,"[-9.61165650000001, -3.892171999999988]",-1.7293383090656533,"[-2.444901520200793, -1.0121271421111133]",12,5,60,10000
cpu,ptsans,2,grid_pollution,pollution,64,6016,complete_us,master,prior,390.02607850000004,383.096055,389.8626175,382.5898515,-6.698242000000022,"[-9.604156000000017, -3.893820000000005]",-1.7280362727082887,"[-2.4428218339796692, -1.0124722208273151]",12,5,60,10000
cpu,ptsans,2,grid_pollution,pollution,64,6016,draw_us,master,updated45,389.92025,385.220656,389.76757799999996,384.46577349999995,-5.1337734999999896,"[-6.456383000000017, -3.086219]",-1.3206556793396884,"[-1.6427383661031691, -0.7925671187776318]",12,5,60,10000
cpu,ptsans,2,grid_pollution,pollution,64,6016,submit_us,master,updated45,389.9916095,385.2913515,389.833961,384.53157799999997,-5.143921999999975,"[-6.459648499999986, -3.097312499999987]",-1.3239272699658022,"[-1.6432661024276374, -0.7951874023659211]",12,5,60,10000
cpu,ptsans,2,grid_pollution,pollution,64,6016,complete_us,master,updated45,390.02607850000004,385.327133,389.8626175,384.56382,-5.137359499999974,"[-6.4531015000000025, -3.101257500000031]",-1.3221453796770088,"[-1.6414858499418372, -0.7961318400325657]",12,5,60,10000
cpu,ptsans,2,grid_pollution,pollution,64,6016,draw_us,master,final,389.92025,380.877281,389.76757799999996,380.8707265,-7.6754379999999855,"[-11.019555000000025, -6.863664]",-1.992783393633507,"[-2.8138242520925836, -1.7605485408442922]",12,5,60,10000
cpu,ptsans,2,grid_pollution,pollution,64,6016,submit_us,master,final,389.9916095,380.9498515,389.833961,380.94071099999996,-7.688805000000002,"[-11.025023500000003, -6.878898499999991]",-1.995844422031312,"[-2.8133310177156314, -1.7666247813976965]",12,5,60,10000
cpu,ptsans,2,grid_pollution,pollution,64,6016,complete_us,master,final,390.02607850000004,380.9735545,389.8626175,380.9735545,-7.687164000000024,"[-11.017608999999993, -6.876680000000022]",-1.9952569995839775,"[-2.8155299538916436, -1.7668111885915383]",12,5,60,10000
cpu,ptsans,2,grid_pollution,pollution,64,6016,draw_us,prior,updated45,382.9986955,385.220656,382.498703,384.46577349999995,2.158476500000006,"[-1.0956874999999968, 3.150734]",0.5650584683930093,"[-0.2860609801461411, 0.8215336130110273]",12,5,60,10000
cpu,ptsans,2,grid_pollution,pollution,64,6016,submit_us,prior,updated45,383.064258,385.2913515,382.56183599999997,384.53157799999997,2.162703000000022,"[-1.088937499999986, 3.1520080000000235]",0.5660710252448853,"[-0.28425007662410406, 0.8217199325586733]",12,5,60,10000
cpu,ptsans,2,grid_pollution,pollution,64,6016,complete_us,prior,updated45,383.096055,385.327133,382.5898515,384.56382,2.160796500000032,"[-1.083328000000023, 3.151054500000015]",0.5655205254398998,"[-0.2827643774416244, 0.8213972790826363]",12,5,60,10000
cpu,ptsans,2,grid_pollution,pollution,64,6016,draw_us,prior,final,382.9986955,380.877281,382.498703,380.8707265,-2.0885780000000125,"[-3.4671644999999955, 0.8372420000000318]",-0.5453739880060204,"[-0.9097795186031155, 0.22009400878302277]",12,5,60,10000
cpu,ptsans,2,grid_pollution,pollution,64,6016,submit_us,prior,final,383.064258,380.9498515,382.56183599999997,380.94071099999996,-2.088335999999998,"[-3.4713984999999923, 0.8385550000000137]",-0.5452174871399262,"[-0.9107312752022367, 0.22041124953472435]",12,5,60,10000
cpu,ptsans,2,grid_pollution,pollution,64,6016,complete_us,prior,final,383.096055,380.9735545,382.5898515,380.9735545,-2.0886565000000132,"[-3.4687814999999773, 0.836843999999985]",-0.5452522209117405,"[-0.9099694352972254, 0.21994021910999306]",12,5,60,10000
cpu,ptsans,2,grid_pollution,pollution,64,6016,draw_us,updated45,final,385.220656,380.877281,384.46577349999995,380.8707265,-2.761695500000002,"[-5.098297000000002, -1.139694999999989]",-0.7167903518352781,"[-1.3330885238802437, -0.2984249792691407]",12,5,60,10000
cpu,ptsans,2,grid_pollution,pollution,64,6016,submit_us,updated45,final,385.2913515,380.9498515,384.53157799999997,380.94071099999996,-2.766828000000004,"[-5.102609500000028, -1.139647999999994]",-0.7179962119908623,"[-1.3339774215098743, -0.2983597229094026]",12,5,60,10000
cpu,ptsans,2,grid_pollution,pollution,64,6016,complete_us,updated45,final,385.327133,380.9735545,384.56382,380.9735545,-2.771500000000003,"[-5.106492500000002, -1.1391095000000178]",-0.7191441951654776,"[-1.3348928154628625, -0.2981904054813411]",12,5,60,10000
cpu,ptsans,2,grid_singleton,once,1,94,draw_us,master,prior,475.27049999999997,424.313,474.5,424.417,-48.93800000000002,"[-54.45849999999999, -44.16650000000001]",-10.373208840479892,"[-11.272331867497948, -9.303476358299772]",12,5,60,10000
cpu,ptsans,2,grid_singleton,once,1,94,submit_us,master,prior,475.41650000000004,424.41700000000003,474.60450000000003,424.54150000000004,-48.89699999999999,"[-54.47900000000001, -44.08349999999999]",-10.362254976202674,"[-11.27802600336631, -9.300650204201027]",12,5,60,10000
cpu,ptsans,2,grid_singleton,once,1,94,complete_us,master,prior,475.4375,424.45849999999996,474.64599999999996,424.58349999999996,-48.89599999999999,"[-54.4795, -44.08349999999999]",-10.361142793161388,"[-11.269405689849904, -9.29578453772162]",12,5,60,10000
cpu,ptsans,2,grid_singleton,once,1,94,draw_us,master,updated45,475.27049999999997,421.0625,474.5,418.70849999999996,-53.083500000000015,"[-57.95800000000003, -46.66749999999999]",-11.251097411952172,"[-12.140424776187642, -9.847582394546789]",12,5,60,10000
cpu,ptsans,2,grid_singleton,once,1,94,submit_us,master,updated45,475.41650000000004,421.1875,474.60450000000003,418.83349999999996,-53.06300000000002,"[-57.97949999999997, -46.667]",-11.244282111640992,"[-12.141280749995115, -9.845005088480384]",12,5,60,10000
cpu,ptsans,2,grid_singleton,once,1,94,complete_us,master,updated45,475.4375,421.20849999999996,474.64599999999996,418.854,-53.083500000000015,"[-57.9795, -46.66699999999997]",-11.247630160189386,"[-12.140212852719495, -9.844482245787393]",12,5,60,10000
cpu,ptsans,2,grid_singleton,once,1,94,draw_us,master,final,475.27049999999997,422.64599999999996,474.5,420.66700000000003,-54.70849999999999,"[-64.37450000000001, -47.459]",-11.372927404040995,"[-13.510480496581671, -10.04250005258898]",12,5,60,10000
cpu,ptsans,2,grid_singleton,once,1,94,submit_us,master,final,475.41650000000004,422.77099999999996,474.60450000000003,420.79200000000003,-54.70849999999999,"[-64.41649999999998, -47.43799999999999]",-11.374273781819106,"[-13.511336904577721, -10.035484547463241]",12,5,60,10000
cpu,ptsans,2,grid_singleton,once,1,94,complete_us,master,final,475.4375,422.812,474.64599999999996,420.83349999999996,-54.6875,"[-64.39550000000003, -47.417]",-11.369473356513149,"[-13.506378125569068, -10.030584087758342]",12,5,60,10000
cpu,ptsans,2,grid_singleton,once,1,94,draw_us,prior,updated45,424.313,421.0625,424.417,418.70849999999996,-4.666500000000013,"[-6.687999999999988, -0.125]",-1.0921345513574154,"[-1.562184029150404, -0.03081568747517749]",12,5,60,10000
cpu,ptsans,2,grid_singleton,once,1,94,submit_us,prior,updated45,424.41700000000003,421.1875,424.54150000000004,418.83349999999996,-4.6875,"[-6.6875, -0.12549999999998818]",-1.0966452901980173,"[-1.5613330786698076, -0.030931912737874878]",12,5,60,10000
cpu,ptsans,2,grid_singleton,once,1,94,complete_us,prior,updated45,424.45849999999996,421.20849999999996,424.58349999999996,418.854,-4.667000000000002,"[-6.708999999999975, -0.12499999999997158]",-1.096638936212846,"[-1.5661320175406224, -0.030808111400049132]",12,5,60,10000
cpu,ptsans,2,grid_singleton,once,1,94,draw_us,prior,final,424.313,422.64599999999996,424.417,420.66700000000003,-4.478499999999997,"[-14.957999999999998, -0.9375]",-1.0486958224711407,"[-3.5391819582024753, -0.21815998878090825]",12,5,60,10000
cpu,ptsans,2,grid_singleton,once,1,94,submit_us,prior,final,424.41700000000003,422.77099999999996,424.54150000000004,420.79200000000003,-4.499499999999983,"[-14.979000000000013, -0.9169999999999732]",-1.0532011509709838,"[-3.5430116374872367, -0.21328952421996172]",12,5,60,10000
cpu,ptsans,2,grid_singleton,once,1,94,complete_us,prior,final,424.45849999999996,422.812,424.58349999999996,420.83349999999996,-4.479000000000013,"[-14.978500000000025, -0.9165000000000134]",-1.0484046966795335,"[-3.542543021553335, -0.21315302864941543]",12,5,60,10000
cpu,ptsans,2,grid_singleton,once,1,94,draw_us,updated45,final,421.0625,422.64599999999996,418.70849999999996,420.66700000000003,-2.3540000000000134,"[-11.0, 0.021000000000015007]",-0.5587430013762718,"[-2.5429330086890634, 0.004800878387606344]",12,5,60,10000
cpu,ptsans,2,grid_singleton,once,1,94,submit_us,updated45,final,421.1875,422.77099999999996,418.83349999999996,420.79200000000003,-2.374500000000012,"[-11.083499999999987, 0.04200000000000159]",-0.5633707002623722,"[-2.5614124449587274, 0.009837982548921431]",12,5,60,10000
cpu,ptsans,2,grid_singleton,once,1,94,complete_us,updated45,final,421.20849999999996,422.812,418.854,420.83349999999996,-2.396000000000015,"[-11.083000000000027, 0.04200000000000159]",-0.5684805422892902,"[-2.5610458707907346, 0.0098372188178375]",12,5,60,10000
cpu,ptsans,2,grid_two_phases,first,1,94,draw_us,master,prior,426.2295,372.47900000000004,426.167,372.79150000000004,-51.52099999999999,"[-55.50049999999999, -46.291499999999985]",-12.13128571820774,"[-13.085864310600765, -10.983918534350352]",12,5,60,10000
cpu,ptsans,2,grid_two_phases,first,1,94,submit_us,master,prior,426.3545,372.60400000000004,426.3125,372.89599999999996,-51.50049999999996,"[-55.5625, -46.31200000000001]",-12.12346103178551,"[-13.095940989222882, -10.984932513789575]",12,5,60,10000
cpu,ptsans,2,grid_two_phases,first,1,94,complete_us,master,prior,426.396,372.64549999999997,426.33349999999996,372.937,-51.4795,"[-55.56299999999999, -46.3125]",-12.117947018108483,"[-13.09477869080143, -10.983968301966707]",12,5,60,10000
cpu,ptsans,2,grid_two_phases,first,1,94,draw_us,master,updated45,426.2295,377.41650000000004,426.167,376.375,-51.91699999999997,"[-56.45849999999999, -41.72949999999997]",-12.088970781855512,"[-13.190841321575247, -9.806593731172914]",12,5,60,10000
cpu,ptsans,2,grid_two_phases,first,1,94,submit_us,master,updated45,426.3545,377.52049999999997,426.3125,376.479,-51.958500000000015,"[-56.4795, -41.75]",-12.094556551620334,"[-13.200410872023383, -9.808471186047608]",12,5,60,10000
cpu,ptsans,2,grid_two_phases,first,1,94,complete_us,master,updated45,426.396,377.562,426.33349999999996,376.521,-51.95849999999999,"[-56.458, -41.75049999999996]",-12.09337421436426,"[-13.199123017380238, -9.807619351077241]",12,5,60,10000
cpu,ptsans,2,grid_two_phases,first,1,94,draw_us,master,final,426.2295,374.08349999999996,426.167,372.229,-52.62450000000001,"[-58.06199999999998, -48.87500000000003]",-12.351129006719493,"[-13.720890076936804, -11.486129235795545]",12,5,60,10000
cpu,ptsans,2,grid_two_phases,first,1,94,submit_us,master,final,426.3545,374.20849999999996,426.3125,372.35400000000004,-52.64550000000003,"[-58.10400000000001, -48.875]",-12.352498468400945,"[-13.726122294833303, -11.483318471488252]",12,5,60,10000
cpu,ptsans,2,grid_two_phases,first,1,94,complete_us,master,final,426.396,374.22900000000004,426.33349999999996,372.3745,-52.64599999999999,"[-58.083, -48.87549999999999]",-12.351396890230193,"[-13.720499458793324, -11.482314997092718]",12,5,60,10000
cpu,ptsans,2,grid_two_phases,first,1,94,draw_us,prior,updated45,372.47900000000004,377.41650000000004,372.79150000000004,376.375,2.5209999999999866,"[-2.312999999999988, 8.354000000000042]",0.6775340073259195,"[-0.6132247755313902, 2.276627406734233]",12,5,60,10000
cpu,ptsans,2,grid_two_phases,first,1,94,submit_us,prior,updated45,372.60400000000004,377.52049999999997,372.89599999999996,376.479,2.5625,"[-2.2924999999999898, 8.353500000000025]",0.6885326205326336,"[-0.6075398305303625, 2.2760564224592605]",12,5,60,10000
cpu,ptsans,2,grid_two_phases,first,1,94,complete_us,prior,updated45,372.64549999999997,377.562,372.937,376.521,2.562999999999988,"[-2.2915000000000134, 8.354500000000002]",0.688589888597646,"[-0.6072080936945445, 2.2760726580909996]",12,5,60,10000
cpu,ptsans,2,grid_two_phases,first,1,94,draw_us,prior,final,372.47900000000004,374.08349999999996,372.79150000000004,372.229,-3.2500000000000284,"[-5.229000000000013, 3.8130000000000166]",-0.8613438700015352,"[-1.3820396937469892, 1.0313223077026867]",12,5,60,10000
cpu,ptsans,2,grid_two_phases,first,1,94,submit_us,prior,final,372.60400000000004,374.20849999999996,372.89599999999996,372.35400000000004,-3.2709999999999866,"[-5.229500000000002, 3.8125]",-0.8666163067290067,"[-1.3815288317604535, 1.0308931566017643]",12,5,60,10000
cpu,ptsans,2,grid_two_phases,first,1,94,complete_us,prior,final,372.64549999999997,374.22900000000004,372.937,372.3745,-3.270500000000027,"[-5.250499999999988, 3.812999999999988]",-0.86639076557814,"[-1.3870139988507557, 1.0309157416584669]",12,5,60,10000
cpu,ptsans,2,grid_two_phases,first,1,94,draw_us,updated45,final,377.41650000000004,374.08349999999996,376.375,372.229,-3.624500000000012,"[-8.707500000000039, -0.24950000000004025]",-0.9831398226204768,"[-2.2720326659022683, -0.06610006941170643]",12,5,60,10000
cpu,ptsans,2,grid_two_phases,first,1,94,submit_us,updated45,final,377.52049999999997,374.20849999999996,376.479,372.35400000000004,-3.625,"[-8.708000000000027, -0.24950000000001182]",-0.9829924814164781,"[-2.2716797452683513, -0.06606958367056937]",12,5,60,10000
cpu,ptsans,2,grid_two_phases,first,1,94,complete_us,updated45,final,377.562,374.22900000000004,376.521,372.3745,-3.6454999999999984,"[-8.707999999999998, -0.2500000000000284]",-0.9884127705136692,"[-2.271433378421545, -0.06619465748853304]",12,5,60,10000
cpu,ptsans,2,grid_two_phases,second,1,94,draw_us,master,prior,379.10400000000004,139.64600000000002,380.1875,140.3955,-238.41649999999998,"[-244.62449999999998, -232.33300000000003]",-62.50065883183605,"[-63.96320605575267, -61.73299147971218]",12,5,60,10000
cpu,ptsans,2,grid_two_phases,second,1,94,submit_us,master,prior,379.187,139.72899999999998,380.271,140.5,-238.416,"[-244.66649999999998, -232.37500000000003]",-62.4910213751708,"[-63.95473558381955, -61.715696079024845]",12,5,60,10000
cpu,ptsans,2,grid_two_phases,second,1,94,complete_us,master,prior,379.22900000000004,139.72899999999998,380.3125,140.5205,-238.41649999999998,"[-244.64549999999997, -232.375]",-62.48790663785794,"[-63.94771443627886, -61.71788844411269]",12,5,60,10000
cpu,ptsans,2,grid_two_phases,second,1,94,draw_us,master,updated45,379.10400000000004,148.3545,380.1875,147.9375,-232.2915,"[-237.375, -225.1245]",-61.092475355188256,"[-61.84752748465786, -60.31573333408693]",12,5,60,10000
cpu,ptsans,2,grid_two_phases,second,1,94,submit_us,master,updated45,379.187,148.4375,380.271,148.0205,-232.31250000000003,"[-237.375, -225.1245]",-61.081285397363686,"[-61.836183546215864, -60.302368406801456]",12,5,60,10000
cpu,ptsans,2,grid_two_phases,second,1,94,complete_us,master,updated45,379.22900000000004,148.4795,380.3125,148.0625,-232.2915,"[-237.375, -225.1245]",-61.07239785927249,"[-61.82747737812754, -60.295742140961636]",12,5,60,10000
cpu,ptsans,2,grid_two_phases,second,1,94,draw_us,master,final,379.10400000000004,139.625,380.1875,140.20850000000002,-239.875,"[-243.895, -236.02049999999997]",-63.61370068490277,"[-64.34981910877717, -62.128249025084386]",12,5,60,10000
cpu,ptsans,2,grid_two_phases,second,1,94,submit_us,master,final,379.187,139.72899999999998,380.271,140.29149999999998,-239.8955,"[-243.916, -236.02100000000002]",-63.59980078152674,"[-64.33749554955307, -62.12013912054097]",12,5,60,10000
cpu,ptsans,2,grid_two_phases,second,1,94,complete_us,master,final,379.22900000000004,139.77100000000002,380.3125,140.3125,-239.89600000000002,"[-243.895, -236.04149999999998]",-63.59825004898304,"[-64.33401687094806, -62.113369232646605]",12,5,60,10000
cpu,ptsans,2,grid_two_phases,second,1,94,draw_us,prior,updated45,139.64600000000002,148.3545,140.3955,147.9375,7.229500000000002,"[2.1244999999999976, 11.207499999999996]",5.2147337607706294,"[1.4417308928469152, 8.201594457802198]",12,5,60,10000
cpu,ptsans,2,grid_two_phases,second,1,94,submit_us,prior,updated45,139.72899999999998,148.4375,140.5,148.0205,7.228999999999999,"[2.103999999999999, 11.270499999999998]",5.211236505590366,"[1.4271129144867278, 8.244086406412565]",12,5,60,10000
cpu,ptsans,2,grid_two_phases,second,1,94,complete_us,prior,updated45,139.72899999999998,148.4795,140.5205,148.0625,7.250500000000002,"[2.103499999999997, 11.270499999999998]",5.226049854760051,"[1.4263754703738307, 8.241554250039995]",12,5,60,10000
cpu,ptsans,2,grid_two_phases,second,1,94,draw_us,prior,final,139.64600000000002,139.625,140.3955,140.20850000000002,-1.4585000000000008,"[-10.728499999999997, 7.8125]",-1.0439562449027384,"[-7.426319974340823, 5.8190403865047475]",12,5,60,10000
cpu,ptsans,2,grid_two_phases,second,1,94,submit_us,prior,final,139.72899999999998,139.72899999999998,140.5,140.29149999999998,-1.4795000000000016,"[-10.749499999999998, 7.813000000000002]",-1.0580229898983218,"[-7.421739613939904, 5.815803404443731]",12,5,60,10000
cpu,ptsans,2,grid_two_phases,second,1,94,complete_us,prior,final,139.72899999999998,139.77100000000002,140.5205,140.3125,-1.4795000000000016,"[-10.728499999999997, 7.792000000000002]",-1.0577080615679968,"[-7.420337394829824, 5.798724486411755]",12,5,60,10000
cpu,ptsans,2,grid_two_phases,second,1,94,draw_us,updated45,final,148.3545,139.625,147.9375,140.20850000000002,-6.375,"[-14.207999999999998, 0.3960000000000008]",-4.3142099572931025,"[-9.480714041972416, 0.27676358728173645]",12,5,60,10000
cpu,ptsans,2,grid_two_phases,second,1,94,submit_us,updated45,final,148.4375,139.72899999999998,148.0205,140.29149999999998,-6.396500000000003,"[-14.207999999999998, 0.3539999999999992]",-4.326548812242204,"[-9.47566495493436, 0.24737623825733523]",12,5,60,10000
cpu,ptsans,2,grid_two_phases,second,1,94,complete_us,updated45,final,148.4795,139.77100000000002,148.0625,140.3125,-6.396000000000001,"[-14.207999999999998, 0.3539999999999992]",-4.325004316445558,"[-9.473044700289835, 0.24730478026935288]",12,5,60,10000
cpu,ptsans,2,grid_unique_sizes,sweep,32,3008,draw_us,master,prior,376.24345300000004,367.2155,376.79890650000004,367.9524215,-8.003843999999987,"[-11.328171999999995, -5.681547500000022]",-2.1165462574699587,"[-3.004834962293046, -1.5255990330977909]",12,5,60,10000
cpu,ptsans,2,grid_unique_sizes,sweep,32,3008,submit_us,master,prior,376.31768750000003,367.2838595,376.8769845,368.0266875,-8.01696849999999,"[-11.33410900000004, -5.690109000000035]",-2.119592194012754,"[-3.00581970771322, -1.527593466601651]",12,5,60,10000
cpu,ptsans,2,grid_unique_sizes,sweep,32,3008,complete_us,master,prior,376.3424845,367.316375,376.91087500000003,368.0605155,-8.014937500000002,"[-11.332765999999992, -5.696546999999981]",-2.118856338168773,"[-3.005220167587519, -1.5291971708787433]",12,5,60,10000
cpu,ptsans,2,grid_unique_sizes,sweep,32,3008,draw_us,master,updated45,376.24345300000004,371.168,376.79890650000004,369.8639065,-5.4511249999999905,"[-8.460250000000002, -4.203078499999975]",-1.4555462206586045,"[-2.2306662677827327, -1.1153118878357682]",12,5,60,10000
cpu,ptsans,2,grid_unique_sizes,sweep,32,3008,submit_us,master,updated45,376.31768750000003,371.2357035,376.8769845,369.9251405,-5.46418749999998,"[-8.464812499999994, -4.218781000000007]",-1.4587114712229676,"[-2.2314412581070755, -1.1192597424174389]",12,5,60,10000
cpu,ptsans,2,grid_unique_sizes,sweep,32,3008,complete_us,master,updated45,376.3424845,371.2669685,376.91087500000003,369.96026600000005,-5.463561999999996,"[-8.462202999999988, -4.216749499999992]",-1.4584078694689029,"[-2.230574013776787, -1.1186123151438632]",12,5,60,10000
cpu,ptsans,2,grid_unique_sizes,sweep,32,3008,draw_us,master,final,376.24345300000004,367.9740155,376.79890650000004,369.084672,-7.040266000000003,"[-8.0976565, -5.693344000000025]",-1.8565086465296032,"[-2.1480442841410765, -1.5166264241696703]",12,5,60,10000
cpu,ptsans,2,grid_unique_sizes,sweep,32,3008,submit_us,master,final,376.31768750000003,368.0461875,376.8769845,369.1563125,-7.052030999999971,"[-8.103140500000023, -5.703109000000012]",-1.8592228949678158,"[-2.1490836870274865, -1.5189182412587654]",12,5,60,10000
cpu,ptsans,2,grid_unique_sizes,sweep,32,3008,complete_us,master,final,376.3424845,368.07876550000003,376.91087500000003,369.1817035,-7.0519060000000025,"[-8.106874999999974, -5.699171500000006]",-1.8590249604508002,"[-2.1499153870037704, -1.5177392110880428]",12,5,60,10000
cpu,ptsans,2,grid_unique_sizes,sweep,32,3008,draw_us,prior,updated45,367.2155,371.168,367.9524215,369.8639065,2.313796999999994,"[0.0546875, 6.098328000000009]",0.6309454524078828,"[0.015264980772417003, 1.6733831533715327]",12,5,60,10000
cpu,ptsans,2,grid_unique_sizes,sweep,32,3008,submit_us,prior,updated45,367.2838595,371.2357035,368.0266875,369.9251405,2.310453000000024,"[0.0690620000000024, 6.095109000000008]",0.6299133373264931,"[0.019173268684474776, 1.6721877956210607]",12,5,60,10000
cpu,ptsans,2,grid_unique_sizes,sweep,32,3008,complete_us,prior,updated45,367.316375,371.2669685,368.0605155,369.96026600000005,2.3092345000000023,"[0.07684400000002256, 6.098281500000013]",0.6295208643088301,"[0.0213096301851734, 1.672910110019421]",12,5,60,10000
cpu,ptsans,2,grid_unique_sizes,sweep,32,3008,draw_us,prior,final,367.2155,367.9740155,367.9524215,369.084672,2.063234499999993,"[-0.2597810000000038, 2.751968500000004]",0.5577948536824251,"[-0.07023311331683657, 0.7522703535600916]",12,5,60,10000
cpu,ptsans,2,grid_unique_sizes,sweep,32,3008,submit_us,prior,final,367.2838595,368.0461875,368.0266875,369.1563125,2.072374999999994,"[-0.26818749999998204, 2.748656000000011]",0.5601697514453274,"[-0.07250452652600714, 0.7512307929626427]",12,5,60,10000
cpu,ptsans,2,grid_unique_sizes,sweep,32,3008,complete_us,prior,final,367.316375,368.07876550000003,368.0605155,369.1817035,2.0665309999999977,"[-0.26818749999998204, 2.7415475000000242]",0.5585343471431914,"[-0.0724962343649882, 0.749206933230151]",12,5,60,10000
cpu,ptsans,2,grid_unique_sizes,sweep,32,3008,draw_us,updated45,final,371.168,367.9740155,369.8639065,369.084672,-2.281328000000002,"[-3.40815649999999, 1.746797000000015]",-0.6248059173611542,"[-0.919624024329796, 0.473182366523639]",12,5,60,10000
cpu,ptsans,2,grid_unique_sizes,sweep,32,3008,submit_us,updated45,final,371.2357035,368.0461875,369.9251405,369.1563125,-2.2858904999999936,"[-3.4037500000000023, 1.7459849999999904]",-0.6259341020301568,"[-0.9182744843235169, 0.4728625905021988]",12,5,60,10000
cpu,ptsans,2,grid_unique_sizes,sweep,32,3008,complete_us,updated45,final,371.2669685,368.07876550000003,369.96026600000005,369.1817035,-2.2813589999999806,"[-3.4147035000000017, 1.7467184999999859]",-0.624643508788636,"[-0.921145520172928, 0.47302020454369487]",12,5,60,10000
cpu,ptsans,2,grid_unique_variations,sweep,32,3008,draw_us,master,prior,248.975313,173.84639049999998,249.1015785,173.8015315,-75.0220935,"[-77.7473595, -74.48625]",-30.174561288715466,"[-30.783253725772617, -29.851433531006393]",12,5,60,10000
cpu,ptsans,2,grid_unique_variations,sweep,32,3008,submit_us,master,prior,249.04956249999998,173.914125,249.18103150000002,173.8743905,-75.036453,"[-77.76359450000001, -74.4908595]",-30.168408709414745,"[-30.77976172945034, -29.84649566201329]",12,5,60,10000
cpu,ptsans,2,grid_unique_variations,sweep,32,3008,complete_us,master,prior,249.07757850000002,173.94335949999999,249.21295300000003,173.902375,-75.042375,"[-77.760359, -74.484375]",-30.16362090425508,"[-30.77484098680339, -29.841820897445288]",12,5,60,10000
cpu,ptsans,2,grid_unique_variations,sweep,32,3008,draw_us,master,updated45,248.975313,176.0801095,249.1015785,175.829422,-72.0585935,"[-74.08339149999999, -70.91220349999999]",-29.19416486525669,"[-29.62071748626898, -28.63020529122055]",12,5,60,10000
cpu,ptsans,2,grid_unique_variations,sweep,32,3008,submit_us,master,updated45,249.04956249999998,176.1536405,249.18103150000002,175.893797,-72.06379650000001,"[-74.09254750000001, -70.9197965]",-29.18819042234655,"[-29.614562356022624, -28.624442085610447]",12,5,60,10000
cpu,ptsans,2,grid_unique_variations,sweep,32,3008,complete_us,master,updated45,249.07757850000002,176.18425000000002,249.21295300000003,175.926406,-72.057266,"[-74.0886875, -70.9193125]",-29.182625816157586,"[-29.61141992352102, -28.620634296632563]",12,5,60,10000
cpu,ptsans,2,grid_unique_variations,sweep,32,3008,draw_us,master,final,248.975313,174.414109,249.1015785,175.133422,-75.107438,"[-76.1113435, -72.2884845]",-30.082274018162288,"[-30.621974918843506, -29.392787289978862]",12,5,60,10000
cpu,ptsans,2,grid_unique_variations,sweep,32,3008,submit_us,master,final,249.04956249999998,174.48112500000002,249.18103150000002,175.207047,-75.11460899999999,"[-76.1205315, -72.31387500000001]",-30.075478511787423,"[-30.618170377794513, -29.390290695472963]",12,5,60,10000
cpu,ptsans,2,grid_unique_variations,sweep,32,3008,complete_us,master,final,249.07757850000002,174.5110625,249.21295300000003,175.2415,-75.10940650000002,"[-76.125687, -72.3190625]",-30.071297310182892,"[-30.616761897770665, -29.388720886330916]",12,5,60,10000
cpu,ptsans,2,grid_unique_variations,sweep,32,3008,draw_us,prior,updated45,173.84639049999998,176.0801095,173.8015315,175.829422,2.1640159999999895,"[1.1034685000000053, 4.644468500000002]",1.24655186604542,"[0.6268410922556034, 2.658555449838018]",12,5,60,10000
cpu,ptsans,2,grid_unique_variations,sweep,32,3008,submit_us,prior,updated45,173.914125,176.1536405,173.8743905,175.893797,2.157468999999992,"[1.1106089999999966, 4.656922000000009]",1.242280453947353,"[0.6306454911892412, 2.6647275349043653]",12,5,60,10000
cpu,ptsans,2,grid_unique_variations,sweep,32,3008,complete_us,prior,updated45,173.94335949999999,176.18425000000002,173.902375,175.926406,2.1588435000000032,"[1.112608999999992, 4.652905999999987]",1.2428525051952022,"[0.6316767472343776, 2.661902376162273]",12,5,60,10000
cpu,ptsans,2,grid_unique_variations,sweep,32,3008,draw_us,prior,final,173.84639049999998,174.414109,173.8015315,175.133422,0.29748449999999593,"[-0.5964060000000018, 2.2089684999999974]",0.170092341052952,"[-0.34665878632796354, 1.271764327720426]",12,5,60,10000
cpu,ptsans,2,grid_unique_variations,sweep,32,3008,submit_us,prior,final,173.914125,174.48112500000002,173.8743905,175.207047,0.3008440000000121,"[-0.5950780000000009, 2.2180315000000093]",0.17194984630920507,"[-0.34577338696631377, 1.276491225950671]",12,5,60,10000
cpu,ptsans,2,grid_unique_variations,sweep,32,3008,complete_us,prior,final,173.94335949999999,174.5110625,173.902375,175.2415,0.3002184999999855,"[-0.5936875000000015, 2.214703]",0.17155428964301112,"[-0.3449358181385809, 1.2743402407155657]",12,5,60,10000
cpu,ptsans,2,grid_unique_variations,sweep,32,3008,draw_us,updated45,final,176.0801095,174.414109,175.829422,175.133422,-1.7304685000000148,"[-3.082781499999996, -0.8457190000000026]",-0.976278548071402,"[-1.7175879110122139, -0.49161848377946016]",12,5,60,10000
cpu,ptsans,2,grid_unique_variations,sweep,32,3008,submit_us,updated45,final,176.1536405,174.48112500000002,175.893797,175.207047,-1.7305149999999827,"[-3.086577500000004, -0.8592809999999957]",-0.9759168007360985,"[-1.7190643883735646, -0.4992566427729439]",12,5,60,10000
cpu,ptsans,2,grid_unique_variations,sweep,32,3008,complete_us,updated45,final,176.18425000000002,174.5110625,175.926406,175.2415,-1.7337184999999948,"[-3.0944530000000015, -0.8541879999999935]",-0.9775130452335745,"[-1.7231055074076351, -0.496209019309396]",12,5,60,10000
cpu,ptsans,2,text,first_paint,1,1253,draw_us,master,prior,9256.9995,8400.4375,9271.312,8370.313,-867.8329999999996,"[-934.2079999999996, -827.9170000000004]",-9.363046331193786,"[-10.016193244744475, -8.930029317514487]",12,5,60,10000
cpu,ptsans,2,text,first_paint,1,1253,submit_us,master,prior,9259.4785,8403.375,9273.9785,8373.021,-867.874499999999,"[-934.8954999999987, -827.6464999999998]",-9.36094640609802,"[-10.012401813537437, -8.924730928238656]",12,5,60,10000
cpu,ptsans,2,text,first_paint,1,1253,complete_us,master,prior,9259.4995,8403.417,9274.0205,8373.021,-867.9164999999994,"[-934.8955000000005, -827.6250000000009]",-9.36135700877807,"[-10.012584108517181, -8.924478118867246]",12,5,60,10000
cpu,ptsans,2,text,first_paint,1,1253,draw_us,master,updated45,9256.9995,8448.5415,9271.312,8455.9165,-792.5834999999997,"[-919.1249999999991, -764.7705000000005]",-8.640271123201089,"[-9.722926718664976, -8.223380401509473]",12,5,60,10000
cpu,ptsans,2,text,first_paint,1,1253,submit_us,master,updated45,9259.4785,8451.146,9273.9785,8458.896,-792.5829999999996,"[-919.9994999999999, -763.8534999999993]",-8.638046649495905,"[-9.728670827055325, -8.211369067619835]",12,5,60,10000
cpu,ptsans,2,text,first_paint,1,1253,complete_us,master,updated45,9259.4995,8451.167,9274.0205,8458.917,-792.6040000000003,"[-920.0210000000006, -763.8330000000005]",-8.63823944005241,"[-9.728854397723719, -8.211132002216464]",12,5,60,10000
cpu,ptsans,2,text,first_paint,1,1253,draw_us,master,final,9256.9995,8404.1875,9271.312,8411.646,-892.3954999999996,"[-919.2079999999996, -824.0419999999995]",-9.584676556104842,"[-9.777131422149722, -8.8987898743828]",12,5,60,10000
cpu,ptsans,2,text,first_paint,1,1253,submit_us,master,final,9259.4785,8406.75,9273.9785,8414.3755,-892.1454999999996,"[-920.3534999999993, -823.6875]",-9.590111055669919,"[-9.775499628697503, -8.892685599181672]",12,5,60,10000
cpu,ptsans,2,text,first_paint,1,1253,complete_us,master,final,9259.4995,8406.771,9274.0205,8414.3965,-892.1455000000005,"[-920.3954999999996, -823.688000000001]",-9.590312554340835,"[-9.775897794258075, -8.892668946813242]",12,5,60,10000
cpu,ptsans,2,text,first_paint,1,1253,draw_us,prior,updated45,8400.4375,8448.5415,8370.313,8455.9165,67.97899999999936,"[-31.45849999999973, 133.77049999999963]",0.8125522843965283,"[-0.37656107221783475, 1.600270060076936]",12,5,60,10000
cpu,ptsans,2,text,first_paint,1,1253,submit_us,prior,updated45,8403.375,8451.146,8373.021,8458.896,68.06249999999909,"[-31.35400000000027, 134.52050000000054]",0.8133196002066079,"[-0.37525684164133044, 1.6087729049866328]",12,5,60,10000
cpu,ptsans,2,text,first_paint,1,1253,complete_us,prior,updated45,8403.417,8451.167,8373.021,8458.917,68.04149999999936,"[-31.35449999999946, 134.54199999999946]",0.8130663225410228,"[-0.3752573052411112, 1.609028912234567]",12,5,60,10000
cpu,ptsans,2,text,first_paint,1,1253,draw_us,prior,final,8400.4375,8404.1875,8370.313,8411.646,19.85399999999936,"[-53.37499999999909, 75.58299999999963]",0.23625532673962057,"[-0.6350038956718262, 0.9067012571679078]",12,5,60,10000
cpu,ptsans,2,text,first_paint,1,1253,submit_us,prior,final,8403.375,8406.75,8373.021,8414.3755,20.08299999999963,"[-53.4994999999999, 75.5005000000001]",0.2388941942616296,"[-0.6363194582426734, 0.9054405748481043]",12,5,60,10000
cpu,ptsans,2,text,first_paint,1,1253,complete_us,prior,final,8403.417,8406.771,8373.021,8414.3965,20.08349999999973,"[-53.49999999999909, 75.5]",0.23890222317837218,"[-0.636316595752856, 0.9054312409303877]",12,5,60,10000
cpu,ptsans,2,text,first_paint,1,1253,draw_us,updated45,final,8448.5415,8404.1875,8455.9165,8411.646,-31.95800000000054,"[-107.89599999999973, 24.58349999999973]",-0.3766620992227465,"[-1.2687098522806695, 0.2916799206259646]",12,5,60,10000
cpu,ptsans,2,text,first_paint,1,1253,submit_us,updated45,final,8451.146,8406.75,8458.896,8414.3755,-32.20849999999973,"[-108.54150000000027, 24.87550000000101]",-0.37948062311717323,"[-1.2758485683546372, 0.29508893184881924]",12,5,60,10000
cpu,ptsans,2,text,first_paint,1,1253,complete_us,updated45,final,8451.167,8406.771,8458.917,8414.3965,-32.18749999999909,"[-108.58349999999973, 24.834000000000742]",-0.37923225427951013,"[-1.2763354840174823, 0.294596091636945]",12,5,60,10000
cpu,ptsans,2,text,reflow,3,1,draw_us,master,prior,2067.3961664999997,2063.4928330000002,2074.236,2062.152833,-8.139000499999952,"[-15.291499999999928, -0.6181665000000294]",-0.39532894811721286,"[-0.7518428687089074, -0.031160423338671972]",12,5,60,10000
cpu,ptsans,2,text,reflow,3,1,submit_us,master,prior,2067.8961664999997,2064.0343335,2074.763667,2062.7015,-8.083666999999878,"[-15.374833500000022, -0.48633350000000064]",-0.392532585252503,"[-0.7557473829921391, -0.024716473210545375]",12,5,60,10000
cpu,ptsans,2,text,reflow,3,1,complete_us,master,prior,2067.9171665000003,2064.0483335,2074.784667,2062.7083334999998,-8.090666499999998,"[-15.368000000000052, -0.5071665000000394]",-0.39286124346145646,"[-0.7553960774310753, -0.02572729115234429]",12,5,60,10000
cpu,ptsans,2,text,reflow,3,1,draw_us,master,updated45,2067.3961664999997,2060.1456664999996,2074.236,2063.0415,-2.701499500000182,"[-13.979500500000086, 11.034832999999708]",-0.12953299918528338,"[-0.6728906802787149, 0.5269936926892593]",12,5,60,10000
cpu,ptsans,2,text,reflow,3,1,submit_us,master,updated45,2067.8961664999997,2060.6178335000004,2074.763667,2063.5136665,-2.6253335000001243,"[-13.931000499999755, 11.125332999999955]",-0.12585606035196983,"[-0.6703921744428076, 0.5323130827260325]",12,5,60,10000
cpu,ptsans,2,text,reflow,3,1,complete_us,master,updated45,2067.9171665000003,2060.6598335,2074.784667,2063.5346664999997,-2.6321665000002668,"[-13.937832999999841, 11.13216650000004]",-0.12618492801296788,"[-0.6707018436573398, 0.5322942141901099]",12,5,60,10000
cpu,ptsans,2,text,reflow,3,1,draw_us,master,final,2067.3961664999997,2071.1530000000002,2074.236,2071.9584999999997,4.520832999999811,"[-7.284500000000207, 16.298833500000114]",0.217872108786199,"[-0.3495209560388235, 0.7942341789435647]",12,5,60,10000
cpu,ptsans,2,text,reflow,3,1,submit_us,master,final,2067.8961664999997,2071.6946664999996,2074.763667,2072.4931665,4.562166499999989,"[-7.214833500000168, 16.236499500000036]",0.21986208664649398,"[-0.3460914759593148, 0.7910044098564661]",12,5,60,10000
cpu,ptsans,2,text,reflow,3,1,complete_us,master,final,2067.9171665000003,2071.7016665,2074.784667,2072.5069999999996,4.548499999999876,"[-7.222000500000149, 16.236333499999887]",0.21919926825290093,"[-0.3464330234075774, 0.7909828346682635]",12,5,60,10000
cpu,ptsans,2,text,reflow,3,1,draw_us,prior,updated45,2063.4928330000002,2060.1456664999996,2062.152833,2063.0415,4.6104999999997744,"[-6.792000000000144, 17.409832999999935]",0.22236996965147027,"[-0.32553979734241123, 0.8478487286500136]",12,5,60,10000
cpu,ptsans,2,text,reflow,3,1,submit_us,prior,updated45,2064.0343335,2060.6178335000004,2062.7015,2063.5136665,4.555166499999814,"[-6.749999999999773, 17.2641665000001]",0.21966343043112735,"[-0.32344751949872075, 0.8404567338237801]",12,5,60,10000
cpu,ptsans,2,text,reflow,3,1,complete_us,prior,updated45,2064.0483335,2060.6598335,2062.7083334999998,2063.5346664999997,4.562166500000103,"[-6.7498335000000225, 17.284999999999968]",0.21999007497811585,"[-0.3234379180972746, 0.8414703272325852]",12,5,60,10000
cpu,ptsans,2,text,reflow,3,1,draw_us,prior,final,2063.4928330000002,2071.1530000000002,2062.152833,2071.9584999999997,11.458332999999811,"[-4.673666500000081, 31.715500499999848]",0.5547015981183012,"[-0.2233687148540664, 1.5456913176933984]",12,5,60,10000
cpu,ptsans,2,text,reflow,3,1,submit_us,prior,final,2064.0343335,2071.6946664999996,2062.7015,2072.4931665,11.444666499999812,"[-4.653167000000167, 31.72233349999999]",0.5539040702485121,"[-0.2223400314322499, 1.545620333650921]",12,5,60,10000
cpu,ptsans,2,text,reflow,3,1,complete_us,prior,final,2064.0483335,2071.7016665,2062.7083334999998,2072.5069999999996,11.437833500000124,"[-4.660000000000082, 31.736499999999864]",0.5528862017575409,"[-0.2226609164239446, 1.5462959486732042]",12,5,60,10000
cpu,ptsans,2,text,reflow,3,1,draw_us,updated45,final,2060.1456664999996,2071.1530000000002,2063.0415,2071.9584999999997,8.847666999999774,"[-4.444500500000004, 17.95833300000004]",0.42722608480907365,"[-0.2117575440056474, 0.8692208188357253]",12,5,60,10000
cpu,ptsans,2,text,reflow,3,1,submit_us,updated45,final,2060.6178335000004,2071.6946664999996,2063.5136665,2072.4931665,8.875,"[-4.583333499999981, 17.944499499999893]",0.4284350906698431,"[-0.21827708830898795, 0.8683551639939835]",12,5,60,10000
cpu,ptsans,2,text,reflow,3,1,complete_us,updated45,final,2060.6598335,2071.7016665,2063.5346664999997,2072.5069999999996,8.903166499999998,"[-4.583333499999981, 17.930499499999996]",0.4298016089401946,"[-0.21826067468283528, 0.8676688819269751]",12,5,60,10000
cpu,ptsans,2,text,size_advance,12,5246,draw_us,master,prior,5544.064167,4988.9130835,5526.907999999999,4981.0087085,-541.4426249999997,"[-561.3195835000001, -530.2951249999996]",-9.792714823651277,"[-10.096843948516737, -9.592343290960109]",12,5,60,10000
cpu,ptsans,2,text,size_advance,12,5246,submit_us,master,prior,5544.75525,4989.621458,5527.692708,4981.7344164999995,-541.4601670000002,"[-561.5608749999997, -530.3455000000004]",-9.792105758523267,"[-10.09960490617835, -9.59163549715122]",12,5,60,10000
cpu,ptsans,2,text,size_advance,12,5246,complete_us,master,prior,5544.767375,4989.638875000001,5527.7100835,4981.7500414999995,-541.4741249999997,"[-561.5485829999998, -530.3542915000003]",-9.792147121158944,"[-10.099354646315556, -9.591628999544943]",12,5,60,10000
cpu,ptsans,2,text,size_advance,12,5246,draw_us,master,updated45,5544.064167,5018.512083,5526.907999999999,5013.809041500001,-507.46354199999996,"[-520.8765834999999, -492.1995829999996]",-9.217023701381477,"[-9.441700834939992, -8.82431516217822]",12,5,60,10000
cpu,ptsans,2,text,size_advance,12,5246,submit_us,master,updated45,5544.75525,5019.2499585000005,5527.692708,5014.418416500001,-507.5745829999996,"[-520.9720830000001, -492.3177500000006]",-9.217816005476637,"[-9.442318645415327, -8.82514167607108]",12,5,60,10000
cpu,ptsans,2,text,size_advance,12,5246,complete_us,master,updated45,5544.767375,5019.2620835,5527.7100835,5014.4427915,-507.56420849999995,"[-520.9773335000004, -492.31958299999997]",-9.217595762605585,"[-9.442462236522486, -8.82513367938066]",12,5,60,10000
cpu,ptsans,2,text,size_advance,12,5246,draw_us,master,final,5544.064167,5023.4600415,5526.907999999999,5004.1007085,-528.2238750000001,"[-533.5138750000001, -503.9601249999996]",-9.551102807754791,"[-9.620484880157992, -9.08240715652921]",12,5,60,10000
cpu,ptsans,2,text,size_advance,12,5246,submit_us,master,final,5544.75525,5024.2185835,5527.692708,5004.730917000001,-528.2882084999997,"[-533.6146250000006, -504.1649585]",-9.552006294976017,"[-9.619858992191542, -9.084724772779207]",12,5,60,10000
cpu,ptsans,2,text,size_advance,12,5246,complete_us,master,final,5544.767375,5024.251667,5527.7100835,5004.7517085,-528.2900000000004,"[-533.6110835, -504.1754165000002]",-9.551831223603207,"[-9.619937977412695, -9.084867939076414]",12,5,60,10000
cpu,ptsans,2,text,size_advance,12,5246,draw_us,prior,updated45,4988.9130835,5018.512083,4981.0087085,5013.809041500001,34.30912499999977,"[15.355749499999547, 54.795292000000245]",0.6868185898813994,"[0.3083590573081718, 1.0979395930669433]",12,5,60,10000
cpu,ptsans,2,text,size_advance,12,5246,submit_us,prior,updated45,4989.621458,5019.2499585000005,4981.7344164999995,5014.418416500001,34.32474999999977,"[15.284791499999756, 54.786500499999875]",0.6861008135341295,"[0.3068933687380815, 1.0976138531093693]",12,5,60,10000
cpu,ptsans,2,text,size_advance,12,5246,complete_us,prior,updated45,4989.638875000001,5019.2620835,4981.7500414999995,5014.4427915,34.319583500000135,"[15.288332999999966, 54.78816649999999]",0.6860295551120332,"[0.3069638411643649, 1.0976407881940653]",12,5,60,10000
cpu,ptsans,2,text,size_advance,12,5246,draw_us,prior,final,4988.9130835,5023.4600415,4981.0087085,5004.1007085,27.52083300000004,"[4.6475414999999884, 49.319583500000135]",0.5535831595177565,"[0.09228405776104953, 0.9845592154779426]",12,5,60,10000
cpu,ptsans,2,text,size_advance,12,5246,submit_us,prior,final,4989.621458,5024.2185835,4981.7344164999995,5004.730917000001,27.56608350000033,"[4.673582999999326, 49.35945850000007]",0.5544167059210015,"[0.09277416702176966, 0.9852218107415212]",12,5,60,10000
cpu,ptsans,2,text,size_advance,12,5246,complete_us,prior,final,4989.638875000001,5024.251667,4981.7500414999995,5004.7517085,27.564374999999927,"[4.671917000000121, 49.364624999999705]",0.5543802754710336,"[0.09274150007767545, 0.9853231615619129]",12,5,60,10000
cpu,ptsans,2,text,size_advance,12,5246,draw_us,updated45,final,5018.512083,5023.4600415,5013.809041500001,5004.1007085,-12.30895849999979,"[-42.39424999999983, 12.71341700000039]",-0.24393533644401222,"[-0.8427521382650072, 0.2547094957219609]",12,5,60,10000
cpu,ptsans,2,text,size_advance,12,5246,submit_us,updated45,final,5019.2499585000005,5024.2185835,5014.418416500001,5004.730917000001,-12.210041499999534,"[-42.357583500000146, 12.72208350000028]",-0.2419284797786414,"[-0.8419266098216305, 0.25485123496132855]",12,5,60,10000
cpu,ptsans,2,text,size_advance,12,5246,complete_us,updated45,final,5019.2620835,5024.251667,5014.4427915,5004.7517085,-12.22045849999995,"[-42.357708, 12.72550050000018]",-0.24213296808876517,"[-0.8419246909625366, 0.2549188500109101]",12,5,60,10000
cpu,ptsans,2,text,size_return,12,0,draw_us,master,prior,263.70329200000003,268.1545415,264.263958,266.836792,3.6230834999999786,"[1.7151254999999992, 6.244750499999981]",1.3670384044615402,"[0.6492005439343917, 2.3737745084394413]",12,5,60,10000
cpu,ptsans,2,text,size_return,12,0,submit_us,master,prior,264.119875,268.5433335,264.6563335,267.2394585,3.602458499999983,"[1.7168749999999875, 6.26208299999999]",1.357067704430115,"[0.6489182722322129, 2.3768502855335383]",12,5,60,10000
cpu,ptsans,2,text,size_return,12,0,complete_us,master,prior,264.1545835,268.564208,264.68570850000003,267.2551665,3.5884579999999744,"[1.703125, 6.2464999999999975]",1.3515964735466346,"[0.6436541834194509, 2.3707238661934027]",12,5,60,10000
cpu,ptsans,2,text,size_return,12,0,draw_us,master,updated45,263.70329200000003,264.27774999999997,264.263958,264.9652085,1.199666499999978,"[-0.4583744999999908, 4.218666999999982]",0.44974084976537876,"[-0.17364465618887603, 1.6162842365704866]",12,5,60,10000
cpu,ptsans,2,text,size_return,12,0,submit_us,master,updated45,264.119875,264.6475415,264.6563335,265.35254150000003,1.163291500000014,"[-0.47050000000001546, 4.223791499999976]",0.4354038652760628,"[-0.17798005226879465, 1.6158806037377738]",12,5,60,10000
cpu,ptsans,2,text,size_return,12,0,complete_us,master,updated45,264.1545835,264.664917,264.68570850000003,265.364625,1.1633334999999931,"[-0.48591650000000186, 4.225625000000008]",0.43537816954262176,"[-0.1837839743507208, 1.6164541549995692]",12,5,60,10000
cpu,ptsans,2,text,size_return,12,0,draw_us,master,final,263.70329200000003,270.690875,264.263958,271.321125,7.998166499999996,"[4.3055414999999755, 9.869708499999973]",3.014175434938804,"[1.639403938856998, 3.734768438325331]",12,5,60,10000
cpu,ptsans,2,text,size_return,12,0,submit_us,master,final,264.119875,271.0555,264.6563335,271.694458,7.972374999999971,"[4.263708500000007, 9.860957999999982]",2.999856981629645,"[1.627444147960122, 3.725926446449679]",12,5,60,10000
cpu,ptsans,2,text,size_return,12,0,complete_us,master,final,264.1545835,271.0815835,264.68570850000003,271.720375,7.963541499999991,"[4.256750000000011, 9.848957999999982]",2.9962010241081583,"[1.6246073346680823, 3.720980633913751]",12,5,60,10000
cpu,ptsans,2,text,size_return,12,0,draw_us,prior,updated45,268.1545415,264.27774999999997,266.836792,264.9652085,-1.7969999999999686,"[-3.737667000000016, -0.9930419999999742]",-0.6719830672118343,"[-1.3887397643856991, -0.3764236414963762]",12,5,60,10000
cpu,ptsans,2,text,size_return,12,0,submit_us,prior,updated45,268.5433335,264.6475415,267.2394585,265.35254150000003,-1.822958500000027,"[-3.7535000000000025, -1.0276665000000094]",-0.6806533240085344,"[-1.3925012704112782, -0.3856000870386844]",12,5,60,10000
cpu,ptsans,2,text,size_return,12,0,complete_us,prior,updated45,268.564208,264.664917,267.2551665,265.364625,-1.819541500000014,"[-3.744666499999994, -1.0258750000000134]",-0.6793408962071201,"[-1.3891608659955257, -0.38491082483413375]",12,5,60,10000
cpu,ptsans,2,text,size_return,12,0,draw_us,prior,final,268.1545415,270.690875,266.836792,271.321125,3.416666499999991,"[0.03304149999999595, 6.937416499999983]",1.2968156776116735,"[0.012543209609827688, 2.6358421102309015]",12,5,60,10000
cpu,ptsans,2,text,size_return,12,0,submit_us,prior,final,268.5433335,271.0555,267.2394585,271.694458,3.390625,"[0.005082999999956428, 6.921707999999967]",1.285127506495276,"[0.00212307186764904, 2.6258299468090662]",12,5,60,10000
cpu,ptsans,2,text,size_return,12,0,complete_us,prior,final,268.564208,271.0815835,267.2551665,271.720375,3.4009994999999833,"[0.015542000000010603, 6.932249999999982]",1.2889895514033745,"[0.006015264098807593, 2.6296945068898236]",12,5,60,10000
cpu,ptsans,2,text,size_return,12,0,draw_us,updated45,final,264.27774999999997,270.690875,264.9652085,271.321125,5.4669999999999845,"[2.9635829999999714, 9.012207999999958]",2.0725576053040484,"[1.1305847289055482, 3.4092518738189193]",12,5,60,10000
cpu,ptsans,2,text,size_return,12,0,submit_us,updated45,final,264.6475415,271.0555,265.35254150000003,271.694458,5.438958000000014,"[2.965291499999978, 9.012041499999981]",2.058889926214069,"[1.1295575978310657, 3.4042452232429965]",12,5,60,10000
cpu,ptsans,2,text,size_return,12,0,complete_us,updated45,final,264.664917,271.0815835,265.364625,271.720375,5.442583500000012,"[2.9792079999999714, 9.022416499999991]",2.060120710878499,"[1.134768577131695, 3.4079952195956387]",12,5,60,10000
cpu,ptsans,2,text,warm,30,0,draw_us,master,prior,246.6624665,251.70626700000003,246.7749665,253.097933,3.6388834999999915,"[1.8222164999999961, 7.418067000000008]",1.4648358379920623,"[0.7248021432823881, 2.9991410133414997]",12,5,60,10000
cpu,ptsans,2,text,warm,30,0,submit_us,master,prior,246.96461699999998,252.0194165,247.077767,253.4097665,3.6333329999999933,"[1.8661500000000046, 7.420749999999998]",1.4649694811561753,"[0.7426179432917457, 2.996420232620156]",12,5,60,10000
cpu,ptsans,2,text,warm,30,0,complete_us,master,prior,246.9840665,252.04160000000002,247.0992835,253.43125,3.632583000000011,"[1.864749500000002, 7.419416499999997]",1.4637333568861988,"[0.7419970926072716, 2.995645351331422]",12,5,60,10000
cpu,ptsans,2,text,warm,30,0,draw_us,master,updated45,246.6624665,252.459,246.7749665,252.5902165,5.303433499999997,"[3.507549999999995, 6.481933000000012]",2.1603652215220537,"[1.4016231441953075, 2.6280282621032325]",12,5,60,10000
cpu,ptsans,2,text,warm,30,0,submit_us,master,updated45,246.96461699999998,252.7555335,247.077767,252.8874335,5.288816499999996,"[3.4972664999999807, 6.473016500000014]",2.151749445067952,"[1.3957948950129695, 2.6196859255861793]",12,5,60,10000
cpu,ptsans,2,text,warm,30,0,complete_us,master,updated45,246.9840665,252.7756835,247.0992835,252.9068835,5.286033500000016,"[3.4999499999999983, 6.476433]",2.1504352198956855,"[1.396769361773087, 2.6203551873333453]",12,5,60,10000
cpu,ptsans,2,text,warm,30,0,draw_us,master,final,246.6624665,254.6194835,246.7749665,254.6604835,7.757633500000011,"[6.250717000000009, 9.618099999999998]",3.1461121448093543,"[2.538019342359743, 3.8881815335695125]",12,5,60,10000
cpu,ptsans,2,text,warm,30,0,submit_us,master,final,246.96461699999998,254.93195,247.077767,254.9653835,7.774332999999999,"[6.236750499999999, 9.620216500000012]",3.1490314666889785,"[2.5291601101144923, 3.878952346303921]",12,5,60,10000
cpu,ptsans,2,text,warm,30,0,complete_us,master,final,246.9840665,254.95069999999998,247.0992835,254.98825,7.772350000000003,"[6.241633500000006, 9.61884999999998]",3.1479372115519877,"[2.5309395183374495, 3.8795047800169846]",12,5,60,10000
cpu,ptsans,2,text,warm,30,0,draw_us,prior,updated45,251.70626700000003,252.459,253.097933,252.5902165,0.8213499999999954,"[-0.17286699999999655, 2.3846335000000067]",0.32805241701325816,"[-0.06780950687873544, 0.9550194227159525]",12,5,60,10000
cpu,ptsans,2,text,warm,30,0,submit_us,prior,updated45,252.0194165,252.7555335,253.4097665,252.8874335,0.7296664999999933,"[-0.17763349999998468, 2.388233499999984]",0.29058533553597554,"[-0.06958595306495452, 0.9553344838902911]",12,5,60,10000
cpu,ptsans,2,text,warm,30,0,complete_us,prior,updated45,252.04160000000002,252.7756835,253.43125,252.9068835,0.7275834999999802,"[-0.17288349999999753, 2.3867000000000047]",0.28971282549223876,"[-0.0677184229181671, 0.9546346475005518]",12,5,60,10000
cpu,ptsans,2,text,warm,30,0,draw_us,prior,final,251.70626700000003,254.6194835,253.097933,254.6604835,2.268116500000019,"[0.9145664999999923, 6.4756334999999865]",0.8945025677681295,"[0.36231815158952463, 2.580100160623078]",12,5,60,10000
cpu,ptsans,2,text,warm,30,0,submit_us,prior,final,252.0194165,254.93195,253.4097665,254.9653835,2.2431835000000007,"[0.9055165000000045, 6.4005499999999955]",0.883567646473038,"[0.3583059658695875, 2.545901069413936]",12,5,60,10000
cpu,ptsans,2,text,warm,30,0,complete_us,prior,final,252.04160000000002,254.95069999999998,253.43125,254.98825,2.2459505000000064,"[0.9055330000000055, 6.4020005]",0.8845950326146546,"[0.3583013770862453, 2.546257341397584]",12,5,60,10000
cpu,ptsans,2,text,warm,30,0,draw_us,updated45,final,252.459,254.6194835,252.5902165,254.6604835,2.279900000000012,"[0.04181699999996624, 3.786200000000008]",0.8984989757226169,"[0.027783713213919148, 1.5253324170064975]",12,5,60,10000
cpu,ptsans,2,text,warm,30,0,submit_us,updated45,final,252.7555335,254.93195,252.8874335,254.9653835,2.2694339999999897,"[0.02644949999999824, 3.8083335000000034]",0.8932937107214878,"[0.02175892877932517, 1.532477638042451]",12,5,60,10000
cpu,ptsans,2,text,warm,30,0,complete_us,updated45,final,252.7756835,254.95069999999998,252.9068835,254.98825,2.2673170000000056,"[0.023650000000017712, 3.811816500000006]",0.8923766120935595,"[0.020708761834131728, 1.5337535385068435]",12,5,60,10000
cpu,ptsans,2,text,x_advance,10,614,draw_us,master,prior,421.31885,358.952,421.0085,359.64165,-62.21030000000002,"[-66.37089999999998, -57.17500000000004]",-14.798641446295646,"[-15.72639516905377, -13.513393531351387]",12,5,60,10000
cpu,ptsans,2,text,x_advance,10,614,submit_us,master,prior,421.7042,359.32295,421.40015,360.02705000000003,-62.22895,"[-66.35634999999999, -57.17914999999999]",-14.78979828966987,"[-15.709551489847467, -13.502188516731438]",12,5,60,10000
cpu,ptsans,2,text,x_advance,10,614,complete_us,master,prior,421.7355,359.35,421.4273,360.04380000000003,-62.23940000000002,"[-66.36675000000002, -57.18334999999999]",-14.79132683829344,"[-15.708238799544638, -13.502648229076858]",12,5,60,10000
cpu,ptsans,2,text,x_advance,10,614,draw_us,master,updated45,421.31885,358.74580000000003,421.0085,356.5917,-62.94365000000002,"[-67.9083, -61.07275000000001]",-14.997041864026066,"[-16.0063535798665, -14.524152812309715]",12,5,60,10000
cpu,ptsans,2,text,x_advance,10,614,submit_us,master,updated45,421.7042,359.09995,421.40015,356.9521,-62.96030000000002,"[-67.91040000000001, -61.0686]",-14.979930208373416,"[-15.992927800831197, -14.513512541973007]",12,5,60,10000
cpu,ptsans,2,text,x_advance,10,614,complete_us,master,updated45,421.7355,359.12075000000004,421.4273,356.9751,-62.95615000000001,"[-67.92070000000001, -61.06449999999998]",-14.976232210242118,"[-15.994255161488775, -14.513305124806669]",12,5,60,10000
cpu,ptsans,2,text,x_advance,10,614,draw_us,master,final,421.31885,363.1896,421.0085,363.1896,-58.15824999999998,"[-59.626949999999994, -56.393699999999995]",-13.833886806766966,"[-14.085208220921146, -13.410848172691454]",12,5,60,10000
cpu,ptsans,2,text,x_advance,10,614,submit_us,master,final,421.7042,363.57695,421.40015,363.57695,-58.1917,"[-59.90414999999999, -56.36655000000002]",-13.825017567646707,"[-14.124282713144742, -13.3908596832923]",12,5,60,10000
cpu,ptsans,2,text,x_advance,10,614,complete_us,master,final,421.7355,363.6062,421.4273,363.6062,-58.17905000000002,"[-59.918600000000026, -56.36444999999998]",-13.824990690699469,"[-14.124065297105226, -13.389234958548313]",12,5,60,10000
cpu,ptsans,2,text,x_advance,10,614,draw_us,prior,updated45,358.952,358.74580000000003,359.64165,356.5917,-1.5813500000000147,"[-4.562599999999975, 1.0563999999999965]",-0.44639458990187175,"[-1.2552081371617452, 0.2925054560647178]",12,5,60,10000
cpu,ptsans,2,text,x_advance,10,614,submit_us,prior,updated45,359.32295,359.09995,360.02705000000003,356.9521,-1.6021000000000072,"[-4.5627500000000225, 1.0584499999999935]",-0.45182965547637677,"[-1.253954053168116, 0.29272869918945954]",12,5,60,10000
cpu,ptsans,2,text,x_advance,10,614,complete_us,prior,updated45,359.35,359.12075000000004,360.04380000000003,356.9751,-1.604250000000036,"[-4.560599999999994, 1.0584500000000219]",-0.4524304609107632,"[-1.2532929115043778, 0.29267906550015654]",12,5,60,10000
cpu,ptsans,2,text,x_advance,10,614,draw_us,prior,final,358.952,363.1896,359.64165,363.1896,5.0730000000000075,"[1.6500000000000057, 7.5540499999999895]",1.4257783826396642,"[0.4551269491827159, 2.134604882068414]",12,5,60,10000
cpu,ptsans,2,text,x_advance,10,614,submit_us,prior,final,359.32295,363.57695,360.02705000000003,363.57695,5.160499999999985,"[1.6602999999999781, 7.52709999999999]",1.448909452740088,"[0.4575173109466313, 2.125192386445285]",12,5,60,10000
cpu,ptsans,2,text,x_advance,10,614,complete_us,prior,final,359.35,363.6062,360.04380000000003,363.6062,5.162600000000026,"[1.6728499999999826, 7.526999999999987]",1.4494277924899657,"[0.46096112168168, 2.1233082064116893]",12,5,60,10000
cpu,ptsans,2,text,x_advance,10,614,draw_us,updated45,final,358.74580000000003,363.1896,356.5917,363.1896,5.329299999999989,"[3.433400000000006, 9.991800000000012]",1.4885373516613898,"[0.9652530550098626, 2.841768972611114]",12,5,60,10000
cpu,ptsans,2,text,x_advance,10,614,submit_us,updated45,final,359.09995,363.57695,356.9521,363.57695,5.381350000000026,"[3.4310999999999865, 10.006400000000014]",1.5016069220192163,"[0.9634644078427623, 2.843185451000918]",12,5,60,10000
cpu,ptsans,2,text,x_advance,10,614,complete_us,updated45,final,359.12075000000004,363.6062,356.9751,363.6062,5.387599999999992,"[3.4375, 10.008399999999995]",1.5032880109258628,"[0.9651648285800452, 2.843600799781232]",12,5,60,10000
cpu,ptsans,2,text,x_return,10,0,draw_us,master,prior,253.06875,257.92515000000003,253.0666,257.8064,5.062650000000005,"[2.2979999999999734, 6.5186999999999955]",1.9984572131777845,"[0.9010599647619078, 2.5831296974980877]",12,5,60,10000
cpu,ptsans,2,text,x_return,10,0,submit_us,master,prior,253.4354,258.26675,253.406,258.14385,5.083599999999976,"[2.2813000000000017, 6.5166499999999985]",2.0039959720623,"[0.8931725994511863, 2.578781113191775]",12,5,60,10000
cpu,ptsans,2,text,x_return,10,0,complete_us,master,prior,253.46245,258.29179999999997,253.4248,258.16685,5.0794500000000085,"[2.2794000000000096, 6.52085000000001]",2.002183936407953,"[0.8923222103874529, 2.580245541198245]",12,5,60,10000
cpu,ptsans,2,text,x_return,10,0,draw_us,master,updated45,253.06875,256.68944999999997,253.0666,256.5231,3.1564499999999924,"[1.2582000000000022, 5.12090000000002]",1.2373609102502292,"[0.49972786125965785, 2.0314280473081814]",12,5,60,10000
cpu,ptsans,2,text,x_return,10,0,submit_us,master,updated45,253.4354,257.02909999999997,253.406,256.86469999999997,3.1374999999999744,"[1.2209000000000003, 5.1251000000000175]",1.2282233393773656,"[0.48421357405455945, 2.030316248948516]",12,5,60,10000
cpu,ptsans,2,text,x_return,10,0,complete_us,master,updated45,253.46245,257.0478,253.4248,256.88555,3.1376499999999936,"[1.2208499999999987, 5.118850000000009]",1.2281816350340646,"[0.48411476448378954, 2.0276445629996975]",12,5,60,10000
cpu,ptsans,2,text,x_return,10,0,draw_us,master,final,253.06875,258.96265,253.0666,259.57505000000003,6.612549999999999,"[4.135399999999976, 9.14585000000001]",2.6453189171756986,"[1.6266810524901532, 3.610189594827995]",12,5,60,10000
cpu,ptsans,2,text,x_return,10,0,submit_us,master,final,253.4354,259.3272,253.406,259.90215,6.58535000000002,"[4.141650000000013, 9.18549999999999]",2.6304182412303256,"[1.6269176938525254, 3.6209143333049587]",12,5,60,10000
cpu,ptsans,2,text,x_return,10,0,complete_us,master,final,253.46245,259.3521,253.4248,259.91865,6.602149999999995,"[4.1562999999999874, 9.175249999999991]",2.6369445161591787,"[1.6326079483297007, 3.6164401258667045]",12,5,60,10000
cpu,ptsans,2,text,x_return,10,0,draw_us,prior,updated45,257.92515000000003,256.68944999999997,257.8064,256.5231,-0.3709999999999951,"[-1.8290000000000077, 0.4563500000000289]",-0.1445504662458963,"[-0.7051855049941824, 0.17819840289774458]",12,5,60,10000
cpu,ptsans,2,text,x_return,10,0,submit_us,prior,updated45,258.26675,257.02909999999997,258.14385,256.86469999999997,-0.3625499999999846,"[-1.8581499999999949, 0.46675000000000466]",-0.1410846946867217,"[-0.7154084438131758, 0.18203432965540056]",12,5,60,10000
cpu,ptsans,2,text,x_return,10,0,complete_us,prior,updated45,258.29179999999997,257.0478,258.16685,256.88555,-0.3646499999999975,"[-1.8560500000000104, 0.4585000000000292]",-0.14189058308352598,"[-0.7145448569802759, 0.17880528368285908]",12,5,60,10000
cpu,ptsans,2,text,x_return,10,0,draw_us,prior,final,257.92515000000003,258.96265,257.8064,259.57505000000003,1.7689000000000163,"[0.18745000000001255, 4.308200000000014]",0.6861366668797775,"[0.07207094442179818, 1.6788294438147888]",12,5,60,10000
cpu,ptsans,2,text,x_return,10,0,submit_us,prior,final,258.26675,259.3272,258.14385,259.90215,1.7564500000000152,"[0.19575000000000387, 4.347750000000005]",0.6803111980039356,"[0.07518214036063564, 1.6919592254036164]",12,5,60,10000
cpu,ptsans,2,text,x_return,10,0,complete_us,prior,final,258.29179999999997,259.3521,258.16685,259.91865,1.764700000000019,"[0.20624999999998295, 4.337350000000001]",0.6834692425725319,"[0.07924239495176733, 1.6877303170790614]",12,5,60,10000
cpu,ptsans,2,text,x_return,10,0,draw_us,updated45,final,256.68944999999997,258.96265,256.5231,259.57505000000003,3.422799999999995,"[1.20829999999998, 4.718649999999997]",1.3415867939176374,"[0.46378800771216255, 1.8468914711027629]",12,5,60,10000
cpu,ptsans,2,text,x_return,10,0,submit_us,updated45,final,257.02909999999997,259.3272,256.86469999999997,259.90215,3.420800000000014,"[1.2168500000000222, 4.7603500000000025]",1.3390762735224992,"[0.46645803009138787, 1.8639342487067112]",12,5,60,10000
cpu,ptsans,2,text,x_return,10,0,complete_us,updated45,final,257.0478,259.3521,256.88555,259.91865,3.4291999999999945,"[1.2250999999999976, 4.76254999999999]",1.3422657621796952,"[0.46959667320477516, 1.8646384640310099]",12,5,60,10000
cpu,ptsans,2,text,y_advance,10,0,draw_us,master,prior,248.12075,252.51675,248.89159999999998,251.41680000000002,2.7646000000000157,"[0.7733000000000203, 4.587550000000007]",1.1119241181774764,"[0.310589403400896, 1.8406278140318477]",12,5,60,10000
cpu,ptsans,2,text,y_advance,10,0,submit_us,master,prior,248.44369999999998,252.8458,249.22055,251.71675,2.768950000000004,"[0.7398500000000041, 4.572600000000008]",1.1123259746111391,"[0.29667895692095936, 1.8322840117728778]",12,5,60,10000
cpu,ptsans,2,text,y_advance,10,0,complete_us,master,prior,248.4792,252.86045000000001,249.23930000000001,251.73545000000001,2.7813999999999908,"[0.7253000000000043, 4.5686000000000035]",1.117249449352109,"[0.29081188672898106, 1.830530602606384]",12,5,60,10000
cpu,ptsans,2,text,y_advance,10,0,draw_us,master,updated45,248.12075,250.8064,248.89159999999998,251.0292,2.0272000000000077,"[-0.4500499999999903, 5.468600000000009]",0.8144928329521295,"[-0.17929029062075386, 2.193861703443123]",12,5,60,10000
cpu,ptsans,2,text,y_advance,10,0,submit_us,master,updated45,248.44369999999998,251.1063,249.22055,251.34165000000002,2.0106499999999983,"[-0.4165999999999883, 5.454000000000008]",0.8067761082701908,"[-0.165473759900292, 2.1851645838759315]",12,5,60,10000
cpu,ptsans,2,text,y_advance,10,0,complete_us,master,updated45,248.4792,251.12715,249.23930000000001,251.36465,2.0044500000000056,"[-0.4270000000000067, 5.447650000000024]",0.8068153457051586,"[-0.16964692931719094, 2.1823979384170022]",12,5,60,10000
cpu,ptsans,2,text,y_advance,10,0,draw_us,master,final,248.12075,253.8085,248.89159999999998,254.56255,5.595799999999983,"[2.981250000000003, 8.137600000000006]",2.2264449283922683,"[1.2031247569544656, 3.2937609498910336]",12,5,60,10000
cpu,ptsans,2,text,y_advance,10,0,submit_us,master,final,248.44369999999998,254.123,249.22055,254.87495,5.600049999999996,"[3.008349999999993, 8.133200000000002]",2.225269775862626,"[1.2126552237257449, 3.287398403757702]",12,5,60,10000
cpu,ptsans,2,text,y_advance,10,0,complete_us,master,final,248.4792,254.1438,249.23930000000001,254.88954999999999,5.612549999999999,"[3.012599999999992, 8.133200000000016]",2.230070156891084,"[1.2142482062961868, 3.2870984703692097]",12,5,60,10000
cpu,ptsans,2,text,y_advance,10,0,draw_us,prior,updated45,252.51675,250.8064,251.41680000000002,251.0292,-0.7585499999999996,"[-3.1876999999999924, 1.3791499999999957]",-0.29814755303790297,"[-1.264958064833055, 0.5547580421279785]",12,5,60,10000
cpu,ptsans,2,text,y_advance,10,0,submit_us,prior,updated45,252.8458,251.1063,251.71675,251.34165000000002,-0.7878500000000059,"[-3.1688000000000045, 1.3666999999999945]",-0.30935219603704933,"[-1.2556804688827194, 0.5490341362276885]",12,5,60,10000
cpu,ptsans,2,text,y_advance,10,0,complete_us,prior,updated45,252.86045000000001,251.12715,251.73545000000001,251.36465,-0.7960499999999939,"[-3.1770000000000067, 1.3626000000000147]",-0.31255565255464135,"[-1.2588936586028776, 0.5473410767443343]",12,5,60,10000
cpu,ptsans,2,text,y_advance,10,0,draw_us,prior,final,252.51675,253.8085,251.41680000000002,254.56255,3.249949999999984,"[-0.15405000000001223, 4.462649999999982]",1.2837283404235178,"[-0.061931292645273084, 1.7585581078786827]",12,5,60,10000
cpu,ptsans,2,text,y_advance,10,0,submit_us,prior,final,252.8458,254.123,251.71675,254.87495,3.2853999999999957,"[-0.13335000000000719, 4.466649999999987]",1.2961345291183868,"[-0.053538217228704665, 1.7580946704705336]",12,5,60,10000
cpu,ptsans,2,text,y_advance,10,0,complete_us,prior,final,252.86045000000001,254.1438,251.73545000000001,254.88954999999999,3.2916500000000184,"[-0.1396000000000015, 4.460399999999993]",1.2984680682774918,"[-0.05603464620902998, 1.755498300592695]",12,5,60,10000
cpu,ptsans,2,text,y_advance,10,0,draw_us,updated45,final,250.8064,253.8085,251.0292,254.56255,2.9667499999999905,"[1.9354499999999888, 5.143799999999999]",1.177456637134655,"[0.7802133036402426, 2.050927190736551]",12,5,60,10000
cpu,ptsans,2,text,y_advance,10,0,submit_us,updated45,final,251.1063,254.123,251.34165000000002,254.87495,3.0062500000000085,"[1.9352499999999964, 5.1813999999999965]",1.1917429516141387,"[0.7790852737958764, 2.0634840576967406]",12,5,60,10000
cpu,ptsans,2,text,y_advance,10,0,complete_us,updated45,final,251.12715,254.1438,251.36465,254.88954999999999,3.0125499999999903,"[1.9436000000000035, 5.1917000000000115]",1.1941681111118707,"[0.7824150517814488, 2.067446868013456]",12,5,60,10000
cpu,stock,2,demo,first_paint,1,262,draw_us,master,prior,1513.208,1419.625,1497.9585,1421.021,-94.08400000000006,"[-113.45849999999996, -54.0619999999999]",-6.272591229571911,"[-7.229438095906521, -3.5971464342050616]",12,5,60,10000
cpu,stock,2,demo,first_paint,1,262,submit_us,master,prior,1515.4585,1421.8545,1500.021,1423.3545,-93.97949999999992,"[-112.5, -54.41650000000004]",-6.275907108416973,"[-7.159923909449573, -3.6078762412878773]",12,5,60,10000
cpu,stock,2,demo,first_paint,1,262,complete_us,master,prior,1515.4585,1421.875,1500.0414999999998,1423.3955,-93.95899999999995,"[-112.49950000000001, -54.41599999999994]",-6.2757345482151505,"[-7.159700671840047, -3.6077437597834217]",12,5,60,10000
cpu,stock,2,demo,first_paint,1,262,draw_us,master,updated45,1513.208,1422.8125,1497.9585,1416.7295,-98.45899999999995,"[-111.08349999999996, -84.06299999999999]",-6.526891871182066,"[-7.416601482100221, -5.523137913134701]",12,5,60,10000
cpu,stock,2,demo,first_paint,1,262,submit_us,master,updated45,1515.4585,1424.896,1500.021,1418.896,-98.85449999999992,"[-110.97899999999993, -84.08349999999996]",-6.537239171906251,"[-7.399472454760536, -5.515361358220372]",12,5,60,10000
cpu,stock,2,demo,first_paint,1,262,complete_us,master,updated45,1515.4585,1424.9165,1500.0414999999998,1418.9375,-98.83400000000006,"[-110.95799999999997, -84.10449999999992]",-6.537207889639751,"[-7.397970619441969, -5.516545991386362]",12,5,60,10000
cpu,stock,2,demo,first_paint,1,262,draw_us,master,final,1513.208,1432.562,1497.9585,1429.5,-69.3125,"[-106.93799999999987, -57.87549999999999]",-4.685356660324497,"[-7.042175191427935, -3.843980026781857]",12,5,60,10000
cpu,stock,2,demo,first_paint,1,262,submit_us,master,final,1515.4585,1434.916,1500.021,1431.708,-69.52049999999997,"[-106.95899999999995, -58.27099999999996]",-4.691944117792812,"[-7.033533824234156, -3.863858084774951]",12,5,60,10000
cpu,stock,2,demo,first_paint,1,262,complete_us,master,final,1515.4585,1434.958,1500.0414999999998,1431.75,-69.54049999999995,"[-106.91699999999992, -58.3125]",-4.69316053862463,"[-7.03076943017572, -3.8665031988509897]",12,5,60,10000
cpu,stock,2,demo,first_paint,1,262,draw_us,prior,updated45,1419.625,1422.8125,1421.021,1416.7295,2.79200000000003,"[-30.89549999999997, 15.853999999999928]",0.20147740295928251,"[-2.150978632286238, 1.0911073516921443]",12,5,60,10000
cpu,stock,2,demo,first_paint,1,262,submit_us,prior,updated45,1421.8545,1424.896,1423.3545,1418.896,2.895999999999958,"[-31.020999999999958, 15.979000000000042]",0.20863873373515585,"[-2.1563435490111416, 1.098122939863333]",12,5,60,10000
cpu,stock,2,demo,first_paint,1,262,complete_us,prior,updated45,1421.875,1424.9165,1423.3955,1418.9375,2.896000000000072,"[-31.020500000000084, 15.958499999999958]",0.20863242074529165,"[-2.1562453203040066, 1.0966992756552663]",12,5,60,10000
cpu,stock,2,demo,first_paint,1,262,draw_us,prior,final,1419.625,1432.562,1421.021,1429.5,7.85450000000003,"[-6.125499999999988, 22.458499999999958]",0.5594151377478873,"[-0.42944718845005503, 1.622289373170327]",12,5,60,10000
cpu,stock,2,demo,first_paint,1,262,submit_us,prior,final,1421.8545,1434.916,1423.3545,1431.708,7.77049999999997,"[-6.145999999999958, 22.521499999999946]",0.5526253496078937,"[-0.4303081400519382, 1.6243999456959313]",12,5,60,10000
cpu,stock,2,demo,first_paint,1,262,complete_us,prior,final,1421.875,1434.958,1423.3955,1431.75,7.770999999999958,"[-6.166500000000042, 22.500500000000102]",0.5526440766664753,"[-0.4317071966221664, 1.6228306968986472]",12,5,60,10000
cpu,stock,2,demo,first_paint,1,262,draw_us,updated45,final,1422.8125,1432.562,1416.7295,1429.5,20.187000000000012,"[3.0419999999999163, 33.18799999999999]",1.4350930126477257,"[0.21828170887406295, 2.312342149879476]",12,5,60,10000
cpu,stock,2,demo,first_paint,1,262,submit_us,updated45,final,1424.896,1434.916,1418.896,1431.708,20.229000000000042,"[3.0624999999998863, 33.6875]",1.435941646221195,"[0.21915864102656224, 2.3428330615505533]",12,5,60,10000
cpu,stock,2,demo,first_paint,1,262,complete_us,updated45,final,1424.9165,1434.958,1418.9375,1431.75,20.228999999999928,"[3.0625, 33.70850000000007]",1.4358994860827035,"[0.2191520540786196, 2.3443544787579262]",12,5,60,10000
cpu,stock,2,demo,pan,10,0,draw_us,master,prior,222.6875,221.38145,221.2271,221.07909999999998,-1.6499999999999915,"[-5.272750000000002, -0.6853500000000139]",-0.7504377151542174,"[-2.427771659539979, -0.30993624731918135]",12,5,60,10000
cpu,stock,2,demo,pan,10,0,submit_us,master,prior,224.40005,223.1187,222.9251,222.86874999999998,-1.6145500000000084,"[-5.3228500000000025, -0.6250500000000017]",-0.7166833417552421,"[-2.4315168152585276, -0.2805631842564382]",12,5,60,10000
cpu,stock,2,demo,pan,10,0,complete_us,master,prior,224.4312,223.15415000000002,222.9563,222.89785,-1.6082999999999856,"[-5.3208000000000055, -0.6208500000000043]",-0.7138859066039893,"[-2.430201398713222, -0.2786533321108897]",12,5,60,10000
cpu,stock,2,demo,pan,10,0,draw_us,master,updated45,222.6875,220.16250000000002,221.2271,220.1312,-0.7188499999999891,"[-6.689600000000013, 1.4479999999999933]",-0.3253331391221026,"[-2.96268638520284, 0.6523967523393848]",12,5,60,10000
cpu,stock,2,demo,pan,10,0,submit_us,master,updated45,224.40005,221.89155,222.9251,221.8292,-0.6583000000000112,"[-6.874799999999993, 1.408450000000002]",-0.2958818342215619,"[-3.0211290166444638, 0.6295346954313719]",12,5,60,10000
cpu,stock,2,demo,pan,10,0,complete_us,master,updated45,224.4312,221.9228,222.9563,221.86665,-0.6459499999999991,"[-6.870699999999999, 1.408450000000002]",-0.2902971593113923,"[-3.018948936748828, 0.6294252665512867]",12,5,60,10000
cpu,stock,2,demo,pan,10,0,draw_us,master,final,222.6875,220.0667,221.2271,220.59375,-0.8646999999999991,"[-5.6414999999999935, 0.4813999999999936]",-0.3999307082083625,"[-2.4997729188361015, 0.2196318655621643]",12,5,60,10000
cpu,stock,2,demo,pan,10,0,submit_us,master,final,224.40005,221.8438,222.9251,222.3875,-0.9229500000000002,"[-5.466499999999996, 0.468900000000005]",-0.4239722123160483,"[-2.401530727295759, 0.21220051990852307]",12,5,60,10000
cpu,stock,2,demo,pan,10,0,complete_us,master,final,224.4312,221.88135,222.9563,222.4251,-0.7811999999999983,"[-5.459999999999994, 0.4771999999999963]",-0.3582192941185447,"[-2.3983457939752926, 0.21591108624472444]",12,5,60,10000
cpu,stock,2,demo,pan,10,0,draw_us,prior,updated45,221.38145,220.16250000000002,221.07909999999998,220.1312,1.0208999999999975,"[-2.802199999999999, 3.027150000000006]",0.46802601922657505,"[-1.2589724963398718, 1.4210655612702516]",12,5,60,10000
cpu,stock,2,demo,pan,10,0,submit_us,prior,updated45,223.1187,221.89155,222.86874999999998,221.8292,1.0083500000000072,"[-2.987499999999997, 2.968800000000016]",0.4588455130249969,"[-1.3316065852229275, 1.3832345371866062]",12,5,60,10000
cpu,stock,2,demo,pan,10,0,complete_us,prior,updated45,223.15415000000002,221.9228,222.89785,221.86665,1.0,"[-2.983549999999994, 2.966949999999997]",0.4549975623572178,"[-1.3296568884923365, 1.3821823474930883]",12,5,60,10000
cpu,stock,2,demo,pan,10,0,draw_us,prior,final,221.38145,220.0667,221.07909999999998,220.59375,1.0418999999999983,"[-2.7042499999999876, 4.108200000000011]",0.47233785488745017,"[-1.2149838338212149, 1.9465674087547846]",12,5,60,10000
cpu,stock,2,demo,pan,10,0,submit_us,prior,final,223.1187,221.8438,222.86874999999998,222.3875,1.0606500000000096,"[-2.522999999999996, 4.0937000000000126]",0.4768225546485816,"[-1.1246255092074775, 1.9246385225348717]",12,5,60,10000
cpu,stock,2,demo,pan,10,0,complete_us,prior,final,223.15415000000002,221.88135,222.89785,222.4251,1.0502000000000038,"[-2.514649999999989, 4.2146000000000186]",0.4721175491472773,"[-1.1207462734929563, 1.9367076606470968]",12,5,60,10000
cpu,stock,2,demo,pan,10,0,draw_us,updated45,final,220.16250000000002,220.0667,220.1312,220.59375,0.8187999999999818,"[-0.6270999999999987, 2.069000000000017]",0.3781316215200947,"[-0.2846967337274242, 0.9436851013385317]",12,5,60,10000
cpu,stock,2,demo,pan,10,0,submit_us,updated45,final,221.89155,221.8438,221.8292,222.3875,0.9083000000000112,"[-0.631299999999996, 2.114699999999999]",0.4101040504881359,"[-0.28439441512372876, 0.957609737203291]",12,5,60,10000
cpu,stock,2,demo,pan,10,0,complete_us,updated45,final,221.9228,221.88135,221.86665,222.4251,0.939700000000002,"[-0.6291499999999957, 2.1189500000000123]",0.4319943046646957,"[-0.28339444618425413, 0.9593654730894907]",12,5,60,10000
cpu,stock,2,demo,warm,30,0,draw_us,master,prior,217.1229665,216.9298335,216.868033,216.9298335,-1.9936665000000033,"[-3.195149999999998, 1.5784665000000047]",-0.9238664991670642,"[-1.458160885577936, 0.714597734039113]",12,5,60,10000
cpu,stock,2,demo,warm,30,0,submit_us,master,prior,218.71526649999998,218.4867335,218.4728665,218.4867335,-1.9964999999999975,"[-3.223516499999988, 1.5840335000000039]",-0.9184057298963488,"[-1.4714348202253535, 0.710782560058909]",12,5,60,10000
cpu,stock,2,demo,warm,30,0,complete_us,master,prior,218.738183,218.50896649999999,218.4958165,218.50896649999999,-2.006982999999991,"[-3.2284164999999945, 1.586782999999997]",-0.9231240034625388,"[-1.4722420511689704, 0.7119531782219024]",12,5,60,10000
cpu,stock,2,demo,warm,30,0,draw_us,master,updated45,217.1229665,216.4125165,216.868033,216.51401700000002,0.6624665000000078,"[-2.776399999999981, 3.1486335000000025]",0.3009082091377846,"[-1.2621473817032824, 1.4778809685205951]",12,5,60,10000
cpu,stock,2,demo,warm,30,0,submit_us,master,updated45,218.71526649999998,218.093817,218.4728665,218.106367,0.5826670000000149,"[-2.762466500000002, 3.0403335000000027]",0.2625909567912199,"[-1.2462398078823655, 1.4161355349497362]",12,5,60,10000
cpu,stock,2,demo,warm,30,0,complete_us,master,updated45,218.738183,218.1153665,218.4958165,218.1286,0.577066500000015,"[-2.763850000000005, 3.0437664999999896]",0.26009286387158603,"[-1.2467777873166885, 1.4175980068612093]",12,5,60,10000
cpu,stock,2,demo,warm,30,0,draw_us,master,final,217.1229665,218.15276649999998,216.868033,217.19375,1.474349999999987,"[-2.070282999999989, 2.9270164999999935]",0.6949568047456167,"[-0.9529992444269719, 1.3348362780849499]",12,5,60,10000
cpu,stock,2,demo,warm,30,0,submit_us,master,final,218.71526649999998,219.8450835,218.4728665,218.8347,1.5104500000000058,"[-2.0639494999999926, 2.9818670000000083]",0.7062947640374184,"[-0.9431113600204322, 1.348343853238787]",12,5,60,10000
cpu,stock,2,demo,warm,30,0,complete_us,master,final,218.738183,219.8673,218.4958165,218.85415,1.5084165000000098,"[-2.0646495000000016, 2.983283]",0.7052535399607596,"[-0.9433401180723888, 1.3488184204464293]",12,5,60,10000
cpu,stock,2,demo,warm,30,0,draw_us,prior,updated45,216.9298335,216.4125165,216.9298335,216.51401700000002,-0.41581649999999115,"[-2.8028170000000046, 4.700016500000004]",-0.19168162540314504,"[-1.2919504769949297, 2.1657194069118257]",12,5,60,10000
cpu,stock,2,demo,warm,30,0,submit_us,prior,updated45,218.4867335,218.093817,218.4867335,218.106367,-0.38036649999999383,"[-2.8317499999999853, 4.645849999999996]",-0.17408420026966964,"[-1.2854861951509478, 2.124779959369605]",12,5,60,10000
cpu,stock,2,demo,warm,30,0,complete_us,prior,updated45,218.50896649999999,218.1153665,218.50896649999999,218.1286,-0.38036650000000805,"[-2.8290000000000077, 4.645166500000002]",-0.17406658787569862,"[-1.2855647998064546, 2.124358191567932]",12,5,60,10000
cpu,stock,2,demo,warm,30,0,draw_us,prior,final,216.9298335,218.15276649999998,216.9298335,217.19375,1.4464665000000139,"[-1.4653504999999853, 3.3012999999999977]",0.6666272633900072,"[-0.6636537577009216, 1.5465411391541894]",12,5,60,10000
cpu,stock,2,demo,warm,30,0,submit_us,prior,final,218.4867335,219.8450835,218.4867335,218.8347,1.477800000000002,"[-1.4436669999999907, 3.3658664999999957]",0.6775039813592065,"[-0.6485971432288073, 1.5654536926978602]",12,5,60,10000
cpu,stock,2,demo,warm,30,0,complete_us,prior,final,218.50896649999999,219.8673,218.50896649999999,218.85415,1.4785334999999975,"[-1.441633500000009, 3.374299999999991]",0.676509006639392,"[-0.6476467063383784, 1.5692628025231192]",12,5,60,10000
cpu,stock,2,demo,warm,30,0,draw_us,updated45,final,216.4125165,218.15276649999998,216.51401700000002,217.19375,1.597233000000017,"[-1.7062330000000117, 3.2270664999999923]",0.7437476119881881,"[-0.7903294550524687, 1.4590215009603669]",12,5,60,10000
cpu,stock,2,demo,warm,30,0,submit_us,updated45,final,218.093817,219.8450835,218.106367,218.8347,1.568799999999996,"[-1.6201664999999963, 3.224183499999995]",0.7248606387795675,"[-0.7450792456953514, 1.4451261333849108]",12,5,60,10000
cpu,stock,2,demo,warm,30,0,complete_us,updated45,final,218.1153665,219.8673,218.1286,218.85415,1.5639165000000048,"[-1.6221999999999923, 3.2248829999999913]",0.7225343405830587,"[-0.7459803902046647, 1.4452732698337134]",12,5,60,10000
cpu,stock,2,demo,zoom_in,12,2865,draw_us,master,prior,1338.6754580000002,1291.3594165,1333.564208,1289.9757085,-55.29525049999995,"[-74.88895799999989, -42.27425050000011]",-4.184651594428712,"[-5.443044771092276, -3.188248703890978]",12,5,60,10000
cpu,stock,2,demo,zoom_in,12,2865,submit_us,master,prior,1339.9236664999999,1292.571375,1334.796875,1291.1909165,-55.279708499999856,"[-74.9272085, -42.20320800000002]",-4.179650040405358,"[-5.440886016842079, -3.180104596177047]",12,5,60,10000
cpu,stock,2,demo,zoom_in,12,2865,complete_us,master,prior,1339.9549585,1292.6025,1334.8332500000001,1291.22575,-55.272875,"[-74.92008349999992, -42.2152084999999]",-4.179062900253538,"[-5.440259952874177, -3.180941991807573]",12,5,60,10000
cpu,stock,2,demo,zoom_in,12,2865,draw_us,master,updated45,1338.6754580000002,1289.5051669999998,1333.564208,1287.5277919999999,-47.703166500000066,"[-61.258707999999956, -39.8263750000001]",-3.6075240043157097,"[-4.438739535047525, -3.003636452954317]",12,5,60,10000
cpu,stock,2,demo,zoom_in,12,2865,submit_us,master,updated45,1339.9236664999999,1290.6649165,1334.796875,1288.7203749999999,-47.479041499999994,"[-61.31429150000008, -39.83170800000005]",-3.5749766473450073,"[-4.438730397580143, -3.000862406557764]",12,5,60,10000
cpu,stock,2,demo,zoom_in,12,2865,complete_us,master,updated45,1339.9549585,1290.6979585,1334.8332500000001,1288.7552085,-47.47204199999999,"[-61.30383399999994, -39.82637449999993]",-3.574390315224063,"[-4.437895258553237, -3.000534481932987]",12,5,60,10000
cpu,stock,2,demo,zoom_in,12,2865,draw_us,master,final,1338.6754580000002,1287.236125,1333.564208,1288.75,-51.00016700000003,"[-64.51366700000005, -25.657958000000008]",-3.8941684838230795,"[-4.795469753176668, -1.937098849896851]",12,5,60,10000
cpu,stock,2,demo,zoom_in,12,2865,submit_us,master,final,1339.9236664999999,1288.4427500000002,1334.796875,1290.482667,-50.920249999999896,"[-64.59720849999985, -25.683958500000017]",-3.8846367692634667,"[-4.797236601847748, -1.9372528148588253]",12,5,60,10000
cpu,stock,2,demo,zoom_in,12,2865,complete_us,master,final,1339.9549585,1288.473958,1334.8332500000001,1290.5155829999999,-50.927208500000006,"[-64.59370849999993, -25.68041699999992]",-3.8850684464828698,"[-4.796890481926679, -1.9369402752633436]",12,5,60,10000
cpu,stock,2,demo,zoom_in,12,2865,draw_us,prior,updated45,1291.3594165,1289.5051669999998,1289.9757085,1287.5277919999999,-1.105999499999939,"[-13.561041000000046, 8.651124999999979]",-0.08626687116612408,"[-1.0377903069487049, 0.6838508921455988]",12,5,60,10000
cpu,stock,2,demo,zoom_in,12,2865,submit_us,prior,updated45,1292.571375,1290.6649165,1291.1909165,1288.7203749999999,-0.7432084999999233,"[-13.715333500000156, 8.663208499999996]",-0.057921172528968556,"[-1.0484632558939888, 0.6841671611417688]",12,5,60,10000
cpu,stock,2,demo,zoom_in,12,2865,complete_us,prior,updated45,1292.6025,1290.6979585,1291.22575,1288.7552085,-0.7309165000000348,"[-13.711999999999989, 8.658124999999927]",-0.05696426284357847,"[-1.0481915986415236, 0.6837458565564059]",12,5,60,10000
cpu,stock,2,demo,zoom_in,12,2865,draw_us,prior,final,1291.3594165,1287.236125,1289.9757085,1288.75,0.6041665000000194,"[-18.670124500000043, 20.00691649999999]",0.05021127997915653,"[-1.4288035075758487, 1.5570632834953635]",12,5,60,10000
cpu,stock,2,demo,zoom_in,12,2865,submit_us,prior,final,1292.571375,1288.4427500000002,1291.1909165,1290.482667,1.126792000000023,"[-18.83683300000007, 20.040000000000077]",0.09050543477950312,"[-1.4400296586337236, 1.5581846139751443]",12,5,60,10000
cpu,stock,2,demo,zoom_in,12,2865,complete_us,prior,final,1292.6025,1288.473958,1291.22575,1290.5155829999999,1.1214164999998957,"[-18.836833499999898, 20.045292000000018]",0.09008029193041667,"[-1.4400085936955742, 1.5585656033481832]",12,5,60,10000
cpu,stock,2,demo,zoom_in,12,2865,draw_us,updated45,final,1289.5051669999998,1287.236125,1287.5277919999999,1288.75,-3.237583500000028,"[-9.449708499999929, 17.64395800000011]",-0.25089949852402094,"[-0.7215733324107687, 1.3450356140061959]",12,5,60,10000
cpu,stock,2,demo,zoom_in,12,2865,submit_us,updated45,final,1290.6649165,1288.4427500000002,1288.7203749999999,1290.482667,-3.209999499999981,"[-9.531291499999952, 17.70662500000003]",-0.24854804885828252,"[-0.727048210435155, 1.3485142067214406]",12,5,60,10000
cpu,stock,2,demo,zoom_in,12,2865,complete_us,updated45,final,1290.6979585,1288.473958,1288.7552085,1290.5155829999999,-3.206542000000013,"[-9.541624499999898, 17.70304199999987]",-0.24827821213278534,"[-0.7278223320657029, 1.3481924618265806]",12,5,60,10000
cpu,stock,2,demo,zoom_out,12,1927,draw_us,master,prior,877.6685,847.0817079999999,874.3647080000001,843.5848335000001,-33.67504150000002,"[-44.01379199999997, -28.71708300000006]",-3.856611532650056,"[-4.868258909299877, -3.2823286419946918]",12,5,60,10000
cpu,stock,2,demo,zoom_out,12,1927,submit_us,master,prior,879.0677085,848.4271665,875.7187915,844.9355835,-33.68558299999995,"[-44.14583299999998, -28.736083500000007]",-3.8518832779788905,"[-4.866522933822642, -3.2794387595067476]",12,5,60,10000
cpu,stock,2,demo,zoom_out,12,1927,complete_us,master,prior,879.1007500000001,848.4619170000001,875.751875,844.9668335,-33.68208350000003,"[-44.138958, -28.732666499999993]",-3.8513449071288566,"[-4.865677524332979, -3.2789448140845168]",12,5,60,10000
cpu,stock,2,demo,zoom_out,12,1927,draw_us,master,updated45,877.6685,843.996583,874.3647080000001,842.7222915,-29.871500000000026,"[-38.102416999999946, -21.225582999999972]",-3.3880952214881077,"[-4.349607830902719, -2.437182616146943]",12,5,60,10000
cpu,stock,2,demo,zoom_out,12,1927,submit_us,master,updated45,879.0677085,845.2865415,875.7187915,844.0278335,-29.819457999999997,"[-38.128457999999966, -21.265583500000048]",-3.3897834230561976,"[-4.345854929831044, -2.437991999482664]",12,5,60,10000
cpu,stock,2,demo,zoom_out,12,1927,complete_us,master,updated45,879.1007500000001,845.32475,875.751875,844.0642499999999,-29.82295800000003,"[-38.13200000000006, -21.25683300000003]",-3.38975489397898,"[-4.346105360051306, -2.436920097589784]",12,5,60,10000
cpu,stock,2,demo,zoom_out,12,1927,draw_us,master,final,877.6685,843.7569169999999,874.3647080000001,843.3887085,-31.06624949999997,"[-39.902624999999944, -26.99633399999999]",-3.566038321192,"[-4.615960605997194, -3.008086421817091]",12,5,60,10000
cpu,stock,2,demo,zoom_out,12,1927,submit_us,master,final,879.0677085,845.07475,875.7187915,844.7361249999999,-31.09037500000005,"[-39.93916649999994, -27.050291500000014]",-3.56326048513525,"[-4.613057748531164, -3.0094121516460683]",12,5,60,10000
cpu,stock,2,demo,zoom_out,12,1927,complete_us,master,final,879.1007500000001,845.0990415,875.751875,844.7552085,-31.08008300000006,"[-39.939249500000074, -27.03645849999998]",-3.5619796763844693,"[-4.612872053323924, -3.007835634521011]",12,5,60,10000
cpu,stock,2,demo,zoom_out,12,1927,draw_us,prior,updated45,847.0817079999999,843.996583,843.5848335000001,842.7222915,1.3263330000000337,"[-5.295125499999983, 11.522874999999999]",0.15640167602230526,"[-0.6288416664822938, 1.3893891064985509]",12,5,60,10000
cpu,stock,2,demo,zoom_out,12,1927,submit_us,prior,updated45,848.4271665,845.2865415,844.9355835,844.0278335,1.408042000000023,"[-5.276166499999988, 11.45350000000002]",0.16578264711706314,"[-0.6256019244979982, 1.378623100317622]",12,5,60,10000
cpu,stock,2,demo,zoom_out,12,1927,complete_us,prior,updated45,848.4619170000001,845.32475,844.9668335,844.0642499999999,1.4167079999999714,"[-5.2935415000000035, 11.455332999999996]",0.16680132150012628,"[-0.6276338412233129, 1.378790381775996]",12,5,60,10000
cpu,stock,2,demo,zoom_out,12,1927,draw_us,prior,final,847.0817079999999,843.7569169999999,843.5848335000001,843.3887085,-0.9721665000000144,"[-8.116291499999988, 6.180500000000052]",-0.11529502646548395,"[-0.9696084910122027, 0.7388377624977238]",12,5,60,10000
cpu,stock,2,demo,zoom_out,12,1927,submit_us,prior,final,848.4271665,845.07475,844.9355835,844.7361249999999,-0.9477919999999926,"[-8.180499999999995, 6.177166499999942]",-0.11223001930119048,"[-0.9758711886344529, 0.7373080127342835]",12,5,60,10000
cpu,stock,2,demo,zoom_out,12,1927,complete_us,prior,final,848.4619170000001,845.0990415,844.9668335,844.7552085,-0.9599585000000275,"[-8.171916500000066, 6.182208499999945]",-0.11366255765317135,"[-0.9748005478913746, 0.7378890783457992]",12,5,60,10000
cpu,stock,2,demo,zoom_out,12,1927,draw_us,updated45,final,843.996583,843.7569169999999,842.7222915,843.3887085,1.0728750000000105,"[-9.840666499999998, 9.95991650000002]",0.12871925633644032,"[-1.1568542773900126, 1.1495811768573283]",12,5,60,10000
cpu,stock,2,demo,zoom_out,12,1927,submit_us,updated45,final,845.2865415,845.07475,844.0278335,844.7361249999999,1.0486250000000155,"[-9.824791500000003, 10.010416999999961]",0.1256391386978084,"[-1.153177585898718, 1.153523528485123]",12,5,60,10000
cpu,stock,2,demo,zoom_out,12,1927,complete_us,updated45,final,845.32475,845.0990415,844.0642499999999,844.7552085,1.0588749999999436,"[-9.82325000000003, 10.01554150000004]",0.1268572925980871,"[-1.1529509536194915, 1.1540426077756405]",12,5,60,10000
cpu,stock,2,font_variations,first_paint,1,263,draw_us,master,prior,1021.0005,981.3955,1017.625,979.0,-42.04150000000004,"[-63.04150000000004, -31.895500000000027]",-4.131537465059775,"[-5.936078107114728, -3.209494670262475]",12,5,60,10000
cpu,stock,2,font_variations,first_paint,1,263,submit_us,master,prior,1021.2294999999999,981.6245,1017.875,979.2295,-42.08299999999997,"[-63.06299999999999, -31.9375]",-4.134599884572438,"[-5.934604478729771, -3.213019058635236]",12,5,60,10000
cpu,stock,2,font_variations,first_paint,1,263,complete_us,master,prior,1021.2505,981.6665,1017.8955000000001,979.2295,-42.1035,"[-63.06250000000006, -31.9375]",-4.136531487508072,"[-5.9363905968144834, -3.21288490193346]",12,5,60,10000
cpu,stock,2,font_variations,first_paint,1,263,draw_us,master,updated45,1021.0005,986.0419999999999,1017.625,983.771,-37.85400000000004,"[-65.41649999999998, -27.791999999999973]",-3.6290736349871566,"[-6.268052776034239, -2.7590813566376604]",12,5,60,10000
cpu,stock,2,font_variations,first_paint,1,263,submit_us,master,updated45,1021.2294999999999,986.25,1017.875,983.979,-37.916499999999985,"[-65.45800000000003, -27.875000000000057]",-3.6281511195489893,"[-6.270552263862012, -2.760437983903535]",12,5,60,10000
cpu,stock,2,font_variations,first_paint,1,263,complete_us,master,updated45,1021.2505,986.271,1017.8955000000001,984.0,-37.916499999999985,"[-65.47800000000001, -27.895999999999958]",-3.6300272799875968,"[-6.2722760555465324, -2.760430019670579]",12,5,60,10000
cpu,stock,2,font_variations,first_paint,1,263,draw_us,master,final,1021.0005,980.75,1017.625,980.6665,-43.228999999999985,"[-63.43700000000001, -28.563000000000045]",-4.329859583845986,"[-6.07973821255921, -2.7481961453344192]",12,5,60,10000
cpu,stock,2,font_variations,first_paint,1,263,submit_us,master,final,1021.2294999999999,980.958,1017.875,980.896,-43.31299999999999,"[-63.478500000000054, -28.459000000000003]",-4.3370780253637164,"[-6.082201565791017, -2.747461080769953]",12,5,60,10000
cpu,stock,2,font_variations,first_paint,1,263,complete_us,master,final,1021.2505,981.0,1017.8955000000001,980.9375,-43.31200000000001,"[-63.45799999999997, -28.479499999999973]",-4.336799758548371,"[-6.080045757776093, -2.747403495213235]",12,5,60,10000
cpu,stock,2,font_variations,first_paint,1,263,draw_us,prior,updated45,981.3955,986.0419999999999,979.0,983.771,1.1455000000000268,"[-11.959000000000003, 16.771000000000015]",0.1218023387400069,"[-1.2089495413589335, 1.7109170226890624]",12,5,60,10000
cpu,stock,2,font_variations,first_paint,1,263,submit_us,prior,updated45,981.6245,986.25,979.2295,983.979,1.1459999999999582,"[-12.083499999999958, 16.791999999999973]",0.12182662632607699,"[-1.221166217161579, 1.7126990109115225]",12,5,60,10000
cpu,stock,2,font_variations,first_paint,1,263,complete_us,prior,updated45,981.6665,986.271,979.2295,984.0,1.1254999999999313,"[-12.104499999999973, 16.791499999999985]",0.11966134899915049,"[-1.2232634720605595, 1.7126028431731277]",12,5,60,10000
cpu,stock,2,font_variations,first_paint,1,263,draw_us,prior,final,981.3955,980.75,979.0,980.6665,-1.8749999999999432,"[-14.958500000000015, 9.812000000000012]",-0.19261122355271887,"[-1.5307547480712225, 1.0023283258380866]",12,5,60,10000
cpu,stock,2,font_variations,first_paint,1,263,submit_us,prior,final,981.6245,980.958,979.2295,980.896,-1.8955000000000268,"[-15.00099999999992, 9.77049999999997]",-0.1946749814109916,"[-1.5345835690950271, 0.9978096575599671]",12,5,60,10000
cpu,stock,2,font_variations,first_paint,1,263,complete_us,prior,final,981.6665,981.0,979.2295,980.9375,-1.875,"[-15.021000000000015, 9.791499999999985]",-0.19256149808012935,"[-1.536526844750069, 0.9999417987343606]",12,5,60,10000
cpu,stock,2,font_variations,first_paint,1,263,draw_us,updated45,final,986.0419999999999,980.75,983.771,980.6665,-0.9995000000000118,"[-10.75, 11.416000000000054]",-0.10218017939598867,"[-1.1105115241526575, 1.1401078867134262]",12,5,60,10000
cpu,stock,2,font_variations,first_paint,1,263,submit_us,updated45,final,986.25,980.958,983.979,980.896,-0.9794999999999732,"[-10.771499999999946, 11.582499999999982]",-0.10011421557347688,"[-1.1124072912633731, 1.1561224873010811]",12,5,60,10000
cpu,stock,2,font_variations,first_paint,1,263,complete_us,updated45,final,986.271,981.0,984.0,980.9375,-0.978999999999985,"[-10.729499999999973, 11.603999999999985]",-0.10004483746240411,"[-1.1081068284580664, 1.1583152654329743]",12,5,60,10000
cpu,stock,2,font_variations,slant_advance,10,1158,draw_us,master,prior,469.9083,453.95825,468.4229,453.78755,-14.858450000000005,"[-21.78329999999997, -10.900150000000025]",-3.187345650120832,"[-4.661675959419154, -2.3150565624818595]",12,5,60,10000
cpu,stock,2,font_variations,slant_advance,10,1158,submit_us,master,prior,470.0417,454.06455,468.5437,453.88345000000004,-14.875100000000003,"[-21.81034999999997, -10.925150000000002]",-3.1901396208057875,"[-4.666257052388378, -2.3197928607683105]",12,5,60,10000
cpu,stock,2,font_variations,slant_advance,10,1158,complete_us,master,prior,470.06235000000004,454.08745,468.5709,453.91675,-14.877199999999988,"[-21.81465, -10.914749999999998]",-3.190414838480482,"[-4.6668425552638615, -2.3174666564810376]",12,5,60,10000
cpu,stock,2,font_variations,slant_advance,10,1158,draw_us,master,updated45,469.9083,454.13535,468.4229,453.81875,-15.829250000000002,"[-23.433299999999974, -11.325099999999992]",-3.341209706830861,"[-5.012240488472458, -2.4320352602990534]",12,5,60,10000
cpu,stock,2,font_variations,slant_advance,10,1158,submit_us,master,updated45,470.0417,454.24375,468.5437,453.92715,-15.83959999999999,"[-23.449899999999985, -11.346000000000004]",-3.3425603204798926,"[-5.014479141115386, -2.435935665659766]",12,5,60,10000
cpu,stock,2,font_variations,slant_advance,10,1158,complete_us,master,updated45,470.06235000000004,454.25835,468.5709,453.94805,-15.84390000000002,"[-23.46260000000001, -11.337649999999996]",-3.3433300100790153,"[-5.016879758977122, -2.43399037750488]",12,5,60,10000
cpu,stock,2,font_variations,slant_advance,10,1158,draw_us,master,final,469.9083,455.26245,468.4229,453.8645,-14.281149999999997,"[-21.387399999999985, -8.139650000000017]",-3.0699436329323424,"[-4.360073592018288, -1.7618846746014216]",12,5,60,10000
cpu,stock,2,font_variations,slant_advance,10,1158,submit_us,master,final,470.0417,455.35204999999996,468.5437,453.96664999999996,-14.299750000000017,"[-21.450000000000017, -8.152050000000003]",-3.07312637267621,"[-4.371236937951872, -1.764135631252789]",12,5,60,10000
cpu,stock,2,font_variations,slant_advance,10,1158,complete_us,master,final,470.06235000000004,455.3854,468.5709,453.99565,-14.29155,"[-21.441600000000022, -8.154299999999978]",-3.071178833991767,"[-4.369248559601546, -1.7645012722468878]",12,5,60,10000
cpu,stock,2,font_variations,slant_advance,10,1158,draw_us,prior,updated45,453.95825,454.13535,453.78755,453.81875,-1.1603999999999814,"[-7.320549999999969, 3.122950000000003]",-0.2595683252603953,"[-1.5676139255815735, 0.6922935490363713]",12,5,60,10000
cpu,stock,2,font_variations,slant_advance,10,1158,submit_us,prior,updated45,454.06455,454.24375,453.88345000000004,453.92715,-1.1541500000000156,"[-7.310300000000012, 3.1186500000000024]",-0.258077548288671,"[-1.5650869021167801, 0.6911843496504866]",12,5,60,10000
cpu,stock,2,font_variations,slant_advance,10,1158,complete_us,prior,updated45,454.08745,454.25835,453.91675,453.94805,-1.1604000000000099,"[-7.308249999999987, 3.124949999999984]",-0.25951410463028735,"[-1.5645558330141918, 0.6925270413992934]",12,5,60,10000
cpu,stock,2,font_variations,slant_advance,10,1158,draw_us,prior,final,453.95825,455.26245,453.78755,453.8645,0.9500499999999761,"[-1.9771000000000072, 6.593699999999984]",0.21235873135846406,"[-0.43434176680977044, 1.4394363069317628]",12,5,60,10000
cpu,stock,2,font_variations,slant_advance,10,1158,submit_us,prior,final,454.06455,455.35204999999996,453.88345000000004,453.96664999999996,0.9750999999999976,"[-1.9665000000000248, 6.602049999999991]",0.2179064109042117,"[-0.4318908820245604, 1.438715484851305]",12,5,60,10000
cpu,stock,2,font_variations,slant_advance,10,1158,complete_us,prior,final,454.08745,455.3854,453.91675,453.99565,0.9854500000000144,"[-1.96875, 6.595699999999994]",0.22014759653262717,"[-0.4323419487145985, 1.4381045588825359]",12,5,60,10000
cpu,stock,2,font_variations,slant_advance,10,1158,draw_us,updated45,final,454.13535,455.26245,453.81875,453.8645,2.5042499999999848,"[-2.0146000000000015, 11.030899999999974]",0.5633887782539371,"[-0.44306029249017165, 2.422386008876254]",12,5,60,10000
cpu,stock,2,font_variations,slant_advance,10,1158,submit_us,updated45,final,454.24375,455.35204999999996,453.92715,453.96664999999996,2.522999999999996,"[-2.020700000000005, 11.045599999999979]",0.5674847849795328,"[-0.44430321548330487, 2.4251263719496374]",12,5,60,10000
cpu,stock,2,font_variations,slant_advance,10,1158,complete_us,updated45,final,454.25835,455.3854,453.94805,453.99565,2.5291500000000156,"[-2.0186999999999955, 11.047799999999995]",0.5689026800219099,"[-0.443834621257011, 2.425420045667548]",12,5,60,10000
cpu,stock,2,font_variations,slant_return,10,0,draw_us,master,prior,39.6666,38.28945,40.03125,38.28945,-1.83765,"[-3.1523000000000003, -0.8625999999999969]",-4.594208847088138,"[-7.557651265510773, -2.2218478059548796]",12,5,60,10000
cpu,stock,2,font_variations,slant_return,10,0,submit_us,master,prior,39.75,38.36685,40.11035,38.36685,-1.8477999999999994,"[-3.1626499999999993, -0.8667499999999997]",-4.609748067569957,"[-7.556263464492041, -2.2279407278285976]",12,5,60,10000
cpu,stock,2,font_variations,slant_return,10,0,complete_us,master,prior,39.7771,38.3999,40.14165,38.3999,-1.8460499999999982,"[-3.1731500000000032, -0.8605500000000035]",-4.60233220640932,"[-7.557610752847637, -2.2105588928915507]",12,5,60,10000
cpu,stock,2,font_variations,slant_return,10,0,draw_us,master,updated45,39.6666,38.3542,40.03125,38.13545,-1.687549999999998,"[-2.975200000000001, -0.7897000000000034]",-4.206053620570777,"[-7.5372766227645105, -1.9752721510138793]",12,5,60,10000
cpu,stock,2,font_variations,slant_return,10,0,submit_us,master,updated45,39.75,38.42505,40.11035,38.208200000000005,-1.7042499999999983,"[-2.9856000000000016, -0.8000499999999988]",-4.238850998102073,"[-7.548717530744049, -1.997061775970621]",12,5,60,10000
cpu,stock,2,font_variations,slant_return,10,0,complete_us,master,updated45,39.7771,38.462500000000006,40.14165,38.239599999999996,-1.7021499999999996,"[-2.989799999999999, -0.7875999999999976]",-4.231361832718855,"[-7.553208977386872, -1.9640508322772865]",12,5,60,10000
cpu,stock,2,font_variations,slant_return,10,0,draw_us,master,final,39.6666,39.248000000000005,40.03125,38.9209,-1.3811500000000017,"[-1.8189000000000028, 0.12314999999999898]",-3.3509237408164525,"[-4.5922684418302, 0.3000056703786669]",12,5,60,10000
cpu,stock,2,font_variations,slant_return,10,0,submit_us,master,final,39.75,39.32295,40.11035,38.991749999999996,-1.3832499999999968,"[-1.8146500000000003, 0.1188500000000019]",-3.3691796426532914,"[-4.571322435486241, 0.2886538434530239]",12,5,60,10000
cpu,stock,2,font_variations,slant_return,10,0,complete_us,master,final,39.7771,39.35625,40.14165,39.0229,-1.3874499999999976,"[-1.8210999999999977, 0.12724999999999653]",-3.3682268172303242,"[-4.583699599388402, 0.30914329982485445]",12,5,60,10000
cpu,stock,2,font_variations,slant_return,10,0,draw_us,prior,updated45,38.28945,38.3542,38.28945,38.13545,-0.1395500000000034,"[-1.1022500000000015, 0.6602500000000013]",-0.3834602410433263,"[-2.7245444289540455, 1.7286283020617632]",12,5,60,10000
cpu,stock,2,font_variations,slant_return,10,0,submit_us,prior,updated45,38.36685,38.42505,38.36685,38.208200000000005,-0.14580000000000126,"[-1.1103499999999968, 0.6622499999999967]",-0.3979969832451469,"[-2.7397378140022854, 1.7302723989163549]",12,5,60,10000
cpu,stock,2,font_variations,slant_return,10,0,complete_us,prior,updated45,38.3999,38.462500000000006,38.3999,38.239599999999996,-0.15404999999999802,"[-1.1019999999999968, 0.670650000000002]",-0.4195612079147537,"[-2.731398159614107, 1.7510078269734053]",12,5,60,10000
cpu,stock,2,font_variations,slant_return,10,0,draw_us,prior,final,38.28945,39.248000000000005,38.28945,38.9209,0.6980499999999985,"[0.40419999999999945, 1.223049999999997]",1.8205350517495944,"[1.0573668115225199, 3.3484148261028523]",12,5,60,10000
cpu,stock,2,font_variations,slant_return,10,0,submit_us,prior,final,38.36685,39.32295,38.36685,38.991749999999996,0.6999499999999976,"[0.39580000000000126, 1.235599999999998]",1.805646516408621,"[1.0333862945396843, 3.3780460291001013]",12,5,60,10000
cpu,stock,2,font_variations,slant_return,10,0,complete_us,prior,final,38.3999,39.35625,38.3999,39.0229,0.700050000000001,"[0.4019500000000029, 1.2397500000000008]",1.8145415667469966,"[1.0486016927404695, 3.386642292249187]",12,5,60,10000
cpu,stock,2,font_variations,slant_return,10,0,draw_us,updated45,final,38.3542,39.248000000000005,38.13545,38.9209,1.0458500000000015,"[-0.004100000000001103, 2.6022]",2.752018726630734,"[-0.0005796868505769659, 6.769724982978609]",12,5,60,10000
cpu,stock,2,font_variations,slant_return,10,0,submit_us,updated45,final,38.42505,39.32295,38.208200000000005,38.991749999999996,1.0459999999999994,"[-0.010249999999999204, 2.606349999999999]",2.7470486234859592,"[-0.016123266432432892, 6.7665273513405015]",12,5,60,10000
cpu,stock,2,font_variations,slant_return,10,0,complete_us,updated45,final,38.462500000000006,39.35625,38.239599999999996,39.0229,1.0396,"[-0.00829999999999842, 2.606399999999997]",2.7274973191862784,"[-0.010937559173535005, 6.761300561632211]",12,5,60,10000
cpu,stock,2,font_variations,warm,30,0,draw_us,master,prior,37.0694335,36.6709,37.14375,36.6257835,-0.19311699999999732,"[-0.745766500000002, 0.0805669999999985]",-0.499885708215575,"[-2.008269439800997, 0.21989479055439798]",12,5,60,10000
cpu,stock,2,font_variations,warm,30,0,submit_us,master,prior,37.1423165,36.7409665,37.21315,36.6944,-0.19243349999999992,"[-0.7479329999999997, 0.07561649999999887]",-0.4972697910546997,"[-2.0142907205137615, 0.20602197568699854]",12,5,60,10000
cpu,stock,2,font_variations,warm,30,0,complete_us,master,prior,37.1596665,36.761817,37.2318335,36.7124,-0.19674949999999924,"[-0.7485505000000003, 0.07349999999999923]",-0.5080538705230064,"[-2.015108526854925, 0.20013303053167952]",12,5,60,10000
cpu,stock,2,font_variations,warm,30,0,draw_us,master,updated45,37.0694335,36.659717,37.14375,36.534067,-0.4993004999999968,"[-1.0590159999999997, -0.23051650000000024]",-1.3839871837117046,"[-2.8317480032305555, -0.6226690934436618]",12,5,60,10000
cpu,stock,2,font_variations,warm,30,0,submit_us,master,updated45,37.1423165,36.7228,37.21315,36.5993,-0.49923300000000026,"[-1.0687499999999979, -0.23000050000000272]",-1.3813504458119796,"[-2.8523315321793974, -0.6201215503664204]",12,5,60,10000
cpu,stock,2,font_variations,warm,30,0,complete_us,master,updated45,37.1596665,36.743667,37.2318335,36.62155,-0.5048169999999992,"[-1.0707500000000003, -0.2319835000000019]",-1.3958334434419684,"[-2.855932680240547, -0.6250474269228645]",12,5,60,10000
cpu,stock,2,font_variations,warm,30,0,draw_us,master,final,37.0694335,36.7403,37.14375,37.019417000000004,-0.2951170000000012,"[-0.6902004999999996, 0.4936505000000011]",-0.7707146669153397,"[-1.886773893317345, 1.3471253777586956]",12,5,60,10000
cpu,stock,2,font_variations,warm,30,0,submit_us,master,final,37.1423165,36.804767,37.21315,37.083317,-0.29458350000000166,"[-0.6929665000000007, 0.48734999999999573]",-0.7677082562778936,"[-1.8904181989896185, 1.3273143417691369]",12,5,60,10000
cpu,stock,2,font_variations,warm,30,0,complete_us,master,final,37.1596665,36.8284665,37.2318335,37.10625,-0.3028499999999994,"[-0.6950170000000035, 0.4921994999999981]",-0.7886251949907774,"[-1.8949932772587108, 1.3397579601696297]",12,5,60,10000
cpu,stock,2,font_variations,warm,30,0,draw_us,prior,updated45,36.6709,36.659717,36.6257835,36.534067,-0.332666500000002,"[-0.7888335000000026, 0.09308350000000232]",-0.9056056395351231,"[-2.083084272408675, 0.25719436159941655]",12,5,60,10000
cpu,stock,2,font_variations,warm,30,0,submit_us,prior,updated45,36.7409665,36.7228,36.6944,36.5993,-0.3312165,"[-0.7846004999999998, 0.09235049999999845]",-0.9000720018959296,"[-2.0685328239293757, 0.2545814637804511]",12,5,60,10000
cpu,stock,2,font_variations,warm,30,0,complete_us,prior,updated45,36.761817,36.743667,36.7124,36.62155,-0.3298165000000033,"[-0.7880835000000026, 0.09579950000000181]",-0.8958152914299577,"[-2.0762764230738195, 0.2639733375166542]",12,5,60,10000
cpu,stock,2,font_variations,warm,30,0,draw_us,prior,final,36.6709,36.7403,36.6257835,37.019417000000004,0.25904950000000326,"[-0.12085050000000308, 0.4867500000000007]",0.7128507154911312,"[-0.32405239652816276, 1.3274767299375378]",12,5,60,10000
cpu,stock,2,font_variations,warm,30,0,submit_us,prior,final,36.7409665,36.804767,36.6944,37.083317,0.25556699999999566,"[-0.12630000000000052, 0.4840164999999992]",0.702075185632467,"[-0.3380340089841616, 1.3174603583202327]",12,5,60,10000
cpu,stock,2,font_variations,warm,30,0,complete_us,prior,final,36.761817,36.8284665,36.7124,37.10625,0.261099999999999,"[-0.12768349999999984, 0.4895664999999987]",0.7168860094020402,"[-0.34111144187845, 1.3318371570309906]",12,5,60,10000
cpu,stock,2,font_variations,warm,30,0,draw_us,updated45,final,36.659717,36.7403,36.534067,37.019417000000004,0.5242500000000021,"[0.05556649999999408, 0.9214994999999995]",1.4339871781308688,"[0.151347785253364, 2.518992913606588]",12,5,60,10000
cpu,stock,2,font_variations,warm,30,0,submit_us,updated45,final,36.7228,36.804767,36.5993,37.083317,0.5333834999999993,"[0.0569500000000005, 0.9263670000000026]",1.456568925540347,"[0.1550917902442217, 2.5281336787166597]",12,5,60,10000
cpu,stock,2,font_variations,warm,30,0,complete_us,updated45,final,36.743667,36.8284665,36.62155,37.10625,0.533316499999998,"[0.05623350000000116, 0.929199999999998]",1.45543818433147,"[0.15312660197221994, 2.534567775741503]",12,5,60,10000
cpu,stock,2,font_variations,weight_advance,6,717,draw_us,master,prior,510.357833,496.49275,507.753583,494.78466649999996,-15.694750499999998,"[-17.937749999999994, -11.006916499999988]",-3.0976259666249617,"[-3.5249156668733903, -2.176652147700314]",12,5,60,10000
cpu,stock,2,font_variations,weight_advance,6,717,submit_us,master,prior,510.54533349999997,496.63525,507.90991699999995,494.91675,-15.732999999999976,"[-17.99675050000002, -11.038000000000011]",-3.10407637309586,"[-3.535140590077668, -2.182123540066444]",12,5,60,10000
cpu,stock,2,font_variations,weight_advance,6,717,complete_us,master,prior,510.566083,496.6735835,507.94100000000003,494.94775000000004,-15.72233349999999,"[-18.0000005, -11.024415999999974]",-3.1019033854155884,"[-3.5355782187243223, -2.1793352999641358]",12,5,60,10000
cpu,stock,2,font_variations,weight_advance,6,717,draw_us,master,updated45,510.357833,494.822917,507.753583,492.59375,-14.618083499999983,"[-20.826416499999965, -9.048666999999966]",-2.8906931058217236,"[-4.0930657874417244, -1.7609706851110074]",12,5,60,10000
cpu,stock,2,font_variations,weight_advance,6,717,submit_us,master,updated45,510.54533349999997,494.9514165,507.90991699999995,492.7326665,-14.645750000000021,"[-20.888749999999987, -9.044999999999959]",-2.895271386022802,"[-4.1037132935836995, -1.7596772607359645]",12,5,60,10000
cpu,stock,2,font_variations,weight_advance,6,717,complete_us,master,updated45,510.566083,494.9860835,507.94100000000003,492.7533335,-14.652915999999976,"[-20.888916999999992, -9.041583499999973]",-2.896543496086318,"[-4.103541108263586, -1.7589589026710817]",12,5,60,10000
cpu,stock,2,font_variations,weight_advance,6,717,draw_us,master,final,510.357833,499.3645,507.753583,498.55224999999996,-10.28125,"[-16.20841649999997, -6.427083499999981]",-2.0711748384643514,"[-3.178293834500745, -1.2385426334939442]",12,5,60,10000
cpu,stock,2,font_variations,weight_advance,6,717,submit_us,master,final,510.54533349999997,499.4999165,507.90991699999995,498.70849999999996,-10.288250000000005,"[-16.263916999999992, -6.409833499999991]",-2.071915602710306,"[-3.18798441829618, -1.234944380197589]",12,5,60,10000
cpu,stock,2,font_variations,weight_advance,6,717,complete_us,master,final,510.566083,499.52774999999997,507.94100000000003,498.7364165,-10.284583499999997,"[-16.250083500000017, -6.413166999999987]",-2.071036955833444,"[-3.1851192010845573, -1.2355785010776665]",12,5,60,10000
cpu,stock,2,font_variations,weight_advance,6,717,draw_us,prior,updated45,496.49275,494.822917,494.78466649999996,492.59375,-2.093583499999994,"[-4.406249999999972, 1.7741670000000056]",-0.4241962272158839,"[-0.8937066197159782, 0.37351439585204815]",12,5,60,10000
cpu,stock,2,font_variations,weight_advance,6,717,submit_us,prior,updated45,496.63525,494.9514165,494.91675,492.7326665,-2.0934164999999894,"[-4.3889164999999934, 1.7707494999999938]",-0.42268547380552857,"[-0.8899673500668448, 0.3723111657247924]",12,5,60,10000
cpu,stock,2,font_variations,weight_advance,6,717,complete_us,prior,updated45,496.6735835,494.9860835,494.94775000000004,492.7533335,-2.1076664999999934,"[-4.4097500000000025, 1.7740829999999619]",-0.4268809644542182,"[-0.8941404870648872, 0.37295187544620356]",12,5,60,10000
cpu,stock,2,font_variations,weight_advance,6,717,draw_us,prior,final,496.49275,499.3645,494.78466649999996,498.55224999999996,2.482583500000004,"[-1.1176670000000115, 6.288333500000022]",0.5008291115460528,"[-0.22091104788890537, 1.3039429136148306]",12,5,60,10000
cpu,stock,2,font_variations,weight_advance,6,717,submit_us,prior,final,496.63525,499.4999165,494.91675,498.70849999999996,2.461749999999995,"[-1.1386670000000265, 6.316249999999997]",0.4965003466269269,"[-0.2249513641126022, 1.3093937776843867]",12,5,60,10000
cpu,stock,2,font_variations,weight_advance,6,717,complete_us,prior,final,496.6735835,499.52774999999997,494.94775000000004,498.7364165,2.4686664999999834,"[-1.1385000000000218, 6.3161665000000085]",0.4979165453323331,"[-0.22494467061154322, 1.309303860529476]",12,5,60,10000
cpu,stock,2,font_variations,weight_advance,6,717,draw_us,updated45,final,494.822917,499.3645,492.59375,498.55224999999996,3.7811670000000106,"[1.003499999999974, 15.243166500000001]",0.7771605348712685,"[0.19783214879750544, 3.119702528359558]",12,5,60,10000
cpu,stock,2,font_variations,weight_advance,6,717,submit_us,updated45,final,494.9514165,499.4999165,492.7326665,498.70849999999996,3.795083500000004,"[1.006832999999972, 15.257082999999994]",0.7798387714678556,"[0.19819787925964283, 3.121666713266802]",12,5,60,10000
cpu,stock,2,font_variations,weight_advance,6,717,complete_us,updated45,final,494.9860835,499.52774999999997,492.7533335,498.7364165,3.79525000000001,"[1.0035000000000025, 15.26400000000001]",0.779834896931153,"[0.199570689762385, 3.1229244721991734]",12,5,60,10000
cpu,stock,2,font_variations,weight_return,6,0,draw_us,master,prior,38.184167,37.34725,38.11125,36.9584165,-0.7674170000000018,"[-1.5034165000000002, -0.4408335000000001]",-1.963314487186335,"[-3.7980753439491424, -1.1761246224006539]",12,5,60,10000
cpu,stock,2,font_variations,weight_return,6,0,submit_us,master,prior,38.274249999999995,37.427083499999995,38.1981665,37.04175,-0.7673334999999994,"[-1.506749499999998, -0.44099999999999895]",-1.9598641335351108,"[-3.7978863941772354, -1.1740965119916735]",12,5,60,10000
cpu,stock,2,font_variations,weight_return,6,0,complete_us,master,prior,38.295083000000005,37.447917000000004,38.225833,37.0556665,-0.7637505000000004,"[-1.5067500000000003, -0.43758349999999524]",-1.9499062282274382,"[-3.7951991788684967, -1.1642721423728686]",12,5,60,10000
cpu,stock,2,font_variations,weight_return,6,0,draw_us,master,updated45,38.184167,37.822916500000005,38.11125,37.788083,-0.39600049999999953,"[-0.7361664999999995, 0.1529164999999999]",-1.0769019694504556,"[-1.9448252450816828, 0.3994256667286811]",12,5,60,10000
cpu,stock,2,font_variations,weight_return,6,0,submit_us,master,updated45,38.274249999999995,37.8993335,38.1981665,37.8613335,-0.4060830000000024,"[-0.7501660000000001, 0.14949999999999974]",-1.1011517710678764,"[-1.977540417936624, 0.3895681185180022]",12,5,60,10000
cpu,stock,2,font_variations,weight_return,6,0,complete_us,master,updated45,38.295083000000005,37.9339165,38.225833,37.8923335,-0.4202495000000006,"[-0.7363329999999983, 0.16666650000000516]",-1.1398241878845583,"[-1.9396877811091062, 0.4345602103255741]",12,5,60,10000
cpu,stock,2,font_variations,weight_return,6,0,draw_us,master,final,38.184167,37.78125,38.11125,37.32625,-1.0383334999999967,"[-1.260416499999998, 0.02424999999999855]",-2.7384158329272488,"[-3.327470552300127, 0.06196741962652963]",12,5,60,10000
cpu,stock,2,font_variations,weight_return,6,0,submit_us,master,final,38.274249999999995,37.86125,38.1981665,37.405916500000004,-1.0594999999999999,"[-1.2642500000000005, 0.02075049999999834]",-2.787971166932335,"[-3.330434815649447, 0.0534757822254428]",12,5,60,10000
cpu,stock,2,font_variations,weight_return,6,0,complete_us,master,final,38.295083000000005,37.8958335,38.225833,37.4233335,-1.0559999999999974,"[-1.2605830000000005, 0.02750000000000341]",-2.7772318470345834,"[-3.318213208309823, 0.07619792692034055]",12,5,60,10000
cpu,stock,2,font_variations,weight_return,6,0,draw_us,prior,updated45,37.34725,37.822916500000005,36.9584165,37.788083,0.48941699999999955,"[-0.8054165000000033, 1.3369164999999974]",1.330226931256262,"[-2.191121861847761, 3.6145301990313294]",12,5,60,10000
cpu,stock,2,font_variations,weight_return,6,0,submit_us,prior,updated45,37.427083499999995,37.8993335,37.04175,37.8613335,0.4824164999999958,"[-0.812583, 1.3335000000000008]",1.3084723699852696,"[-2.2064329012971284, 3.597980484211427]",12,5,60,10000
cpu,stock,2,font_variations,weight_return,6,0,complete_us,prior,updated45,37.447917000000004,37.9339165,37.0556665,37.8923335,0.4823340000000016,"[-0.8125004999999952, 1.3194170000000014]",1.3070138714788682,"[-2.2054289981414508, 3.5569651657173407]",12,5,60,10000
cpu,stock,2,font_variations,weight_return,6,0,draw_us,prior,final,37.34725,37.78125,36.9584165,37.32625,0.44766699999999915,"[-0.8992499999999986, 0.9580835000000043]",1.1900101032038424,"[-2.476702696162741, 2.6070613193778125]",12,5,60,10000
cpu,stock,2,font_variations,weight_return,6,0,submit_us,prior,final,37.427083499999995,37.86125,37.04175,37.405916500000004,0.44416650000000146,"[-0.9028329999999976, 0.9618334999999973]",1.1595934551052345,"[-2.481510604617071, 2.630543930524709]",12,5,60,10000
cpu,stock,2,font_variations,weight_return,6,0,complete_us,prior,final,37.447917000000004,37.8958335,37.0556665,37.4233335,0.44058350000000246,"[-0.9028334999999998, 0.9650834999999987]",1.1577952472109465,"[-2.4793232926384134, 2.5989077714971387]",12,5,60,10000
cpu,stock,2,font_variations,weight_return,6,0,draw_us,updated45,final,37.822916500000005,37.78125,37.788083,37.32625,-0.524416500000001,"[-1.0414165000000004, 0.36799950000000337]",-1.4092929372113538,"[-2.724174189899442, 0.9494702877805183]",12,5,60,10000
cpu,stock,2,font_variations,weight_return,6,0,submit_us,updated45,final,37.8993335,37.86125,37.8613335,37.405916500000004,-0.5140840000000004,"[-1.0626670000000011, 0.3746665]",-1.3794158364315967,"[-2.7739099299112113, 0.9666571598971996]",12,5,60,10000
cpu,stock,2,font_variations,weight_return,6,0,complete_us,updated45,final,37.9339165,37.8958335,37.8923335,37.4233335,-0.5242500000000021,"[-1.0660000000000025, 0.38874999999999815]",-1.404920339149629,"[-2.7801903375524963, 1.0038607046954917]",12,5,60,10000
cpu,stock,2,grid_pollution,hot_first,1,94,draw_us,master,prior,223.042,167.04149999999998,221.83350000000002,166.41649999999998,-57.563,"[-62.6665, -51.9585]",-26.034389038609874,"[-26.545012616106554, -24.02002154709585]",12,5,60,10000
cpu,stock,2,grid_pollution,hot_first,1,94,submit_us,master,prior,223.1465,167.125,221.938,166.5,-57.5835,"[-62.729, -52.0415]",-26.012065981353146,"[-26.557980541589103, -24.03734884185058]",12,5,60,10000
cpu,stock,2,grid_pollution,hot_first,1,94,complete_us,master,prior,223.167,167.1455,221.938,166.5205,-57.5835,"[-62.7295, -52.021]",-26.018108404236926,"[-26.55576449830651, -24.02743666668986]",12,5,60,10000
cpu,stock,2,grid_pollution,hot_first,1,94,draw_us,master,updated45,223.042,162.875,221.83350000000002,162.875,-59.8545,"[-65.625, -53.25]",-27.455262837426595,"[-29.049500558769775, -24.31237390826916]",12,5,60,10000
cpu,stock,2,grid_pollution,hot_first,1,94,submit_us,master,updated45,223.1465,162.938,221.938,162.938,-59.980000000000004,"[-65.6665, -53.313]",-27.440244951192216,"[-29.058016942160503, -24.327678983565505]",12,5,60,10000
cpu,stock,2,grid_pollution,hot_first,1,94,complete_us,master,updated45,223.167,162.95850000000002,221.938,162.95850000000002,-59.938,"[-65.6455, -53.292]",-27.430670468556222,"[-29.055633097450873, -24.315372320675383]",12,5,60,10000
cpu,stock,2,grid_pollution,hot_first,1,94,draw_us,master,final,223.042,170.209,221.83350000000002,170.45850000000002,-54.6665,"[-62.083, -46.917500000000004]",-24.43456603574063,"[-27.47489699136721, -21.842987870713376]",12,5,60,10000
cpu,stock,2,grid_pollution,hot_first,1,94,submit_us,master,final,223.1465,170.292,221.938,170.542,-54.708,"[-62.104, -47.0415]",-24.436930672768558,"[-27.461058279602618, -21.878856490777906]",12,5,60,10000
cpu,stock,2,grid_pollution,hot_first,1,94,complete_us,master,final,223.167,170.33350000000002,221.938,170.58350000000002,-54.708,"[-62.104, -47.021]",-24.434616658041328,"[-27.467749333296446, -21.8695099720142]",12,5,60,10000
cpu,stock,2,grid_pollution,hot_first,1,94,draw_us,prior,updated45,167.04149999999998,162.875,166.41649999999998,162.875,-4.667000000000002,"[-7.791499999999999, 0.4369999999999976]",-2.792311891237892,"[-4.523957207256213, 0.2656850679112366]",12,5,60,10000
cpu,stock,2,grid_pollution,hot_first,1,94,submit_us,prior,updated45,167.125,162.938,166.5,162.938,-4.688000000000002,"[-7.792000000000002, 0.3954999999999984]",-2.8030951506144097,"[-4.593716291981941, 0.2404871615961146]",12,5,60,10000
cpu,stock,2,grid_pollution,hot_first,1,94,complete_us,prior,updated45,167.1455,162.95850000000002,166.5205,162.95850000000002,-4.688000000000002,"[-7.792000000000002, 0.4164999999999992]",-2.8025113757110978,"[-4.581411864811297, 0.25271837203070247]",12,5,60,10000
cpu,stock,2,grid_pollution,hot_first,1,94,draw_us,prior,final,167.04149999999998,170.209,166.41649999999998,170.45850000000002,3.166499999999999,"[-1.2704999999999984, 5.749499999999998]",1.8525406506570419,"[-0.8169914676499912, 3.522912101485942]",12,5,60,10000
cpu,stock,2,grid_pollution,hot_first,1,94,submit_us,prior,final,167.125,170.292,166.5,170.542,3.208500000000001,"[-1.2914999999999992, 5.75]",1.8759070504103081,"[-0.8275094248816839, 3.521374188067139]",12,5,60,10000
cpu,stock,2,grid_pollution,hot_first,1,94,complete_us,prior,final,167.1455,170.33350000000002,166.5205,170.58350000000002,3.2079999999999984,"[-1.2704999999999984, 5.770499999999998]",1.8757303312288642,"[-0.8152017325739946, 3.533742212199864]",12,5,60,10000
cpu,stock,2,grid_pollution,hot_first,1,94,draw_us,updated45,final,162.875,170.209,162.875,170.45850000000002,7.459000000000003,"[3.75, 10.6665]",4.5652294606452815,"[2.256384380803922, 6.678052137716151]",12,5,60,10000
cpu,stock,2,grid_pollution,hot_first,1,94,submit_us,updated45,final,162.938,170.292,162.938,170.542,7.500500000000002,"[3.8130000000000024, 10.667000000000002]",4.589465677676962,"[2.2930897437642095, 6.67489779991417]",12,5,60,10000
cpu,stock,2,grid_pollution,hot_first,1,94,complete_us,updated45,final,162.95850000000002,170.33350000000002,162.95850000000002,170.58350000000002,7.480000000000004,"[3.7920000000000016, 10.6875]",4.575778531804875,"[2.2794936030016144, 6.686697633119909]",12,5,60,10000
cpu,stock,2,grid_pollution,hot_return,1,94,draw_us,master,prior,216.187,208.10399999999998,218.52100000000002,206.188,-11.417000000000002,"[-19.479, -1.0]",-5.217199540863426,"[-8.911070966003347, -0.4946368476730578]",12,5,60,10000
cpu,stock,2,grid_pollution,hot_return,1,94,submit_us,master,prior,216.35399999999998,208.208,218.70850000000002,206.292,-11.396,"[-19.5, -1.0210000000000008]",-5.2125140726146935,"[-8.914663739692191, -0.5043630457286452]",12,5,60,10000
cpu,stock,2,grid_pollution,hot_return,1,94,complete_us,master,prior,216.3745,208.22899999999998,218.7295,206.313,-11.396,"[-19.521, -1.0204999999999984]",-5.221533542864587,"[-8.92342168944627, -0.5041461284653048]",12,5,60,10000
cpu,stock,2,grid_pollution,hot_return,1,94,draw_us,master,updated45,216.187,207.58350000000002,218.52100000000002,208.22899999999998,-6.0,"[-17.2295, 3.875]",-2.969130515647139,"[-7.472203799943323, 1.8153910573415866]",12,5,60,10000
cpu,stock,2,grid_pollution,hot_return,1,94,submit_us,master,updated45,216.35399999999998,207.70850000000002,218.70850000000002,208.375,-6.021000000000001,"[-17.4165, 3.894999999999996]",-2.9763276980108055,"[-7.542778726229426, 1.8222963015852578]",12,5,60,10000
cpu,stock,2,grid_pollution,hot_return,1,94,complete_us,master,updated45,216.3745,207.70850000000002,218.7295,208.375,-6.021000000000001,"[-17.4165, 3.8954999999999984]",-2.9763276980108055,"[-7.541440598964072, 1.8223619787319123]",12,5,60,10000
cpu,stock,2,grid_pollution,hot_return,1,94,draw_us,master,final,216.187,206.66649999999998,218.52100000000002,207.70850000000002,-11.8335,"[-17.021, 0.5829999999999984]",-5.489436316275553,"[-7.728036322360953, 0.2975528640981939]",12,5,60,10000
cpu,stock,2,grid_pollution,hot_return,1,94,submit_us,master,final,216.35399999999998,206.75,218.70850000000002,207.792,-11.875500000000002,"[-17.0625, 0.5414999999999992]",-5.500889431927053,"[-7.743185383561608, 0.27762971708935047]",12,5,60,10000
cpu,stock,2,grid_pollution,hot_return,1,94,complete_us,master,final,216.3745,206.7705,218.7295,207.8125,-11.854500000000002,"[-17.063000000000002, 0.5414999999999992]",-5.500200416187134,"[-7.742711287577997, 0.27767626683286584]",12,5,60,10000
cpu,stock,2,grid_pollution,hot_return,1,94,draw_us,prior,updated45,208.10399999999998,207.58350000000002,206.188,208.22899999999998,3.7295000000000016,"[-5.584000000000003, 6.791499999999999]",1.7832928005457216,"[-2.719532920086243, 3.329546197659161]",12,5,60,10000
cpu,stock,2,grid_pollution,hot_return,1,94,submit_us,prior,updated45,208.208,207.70850000000002,206.292,208.375,3.708500000000001,"[-5.542000000000002, 6.8125]",1.7724873859366608,"[-2.697628706552835, 3.3378441247589707]",12,5,60,10000
cpu,stock,2,grid_pollution,hot_return,1,94,complete_us,prior,updated45,208.22899999999998,207.70850000000002,206.313,208.375,3.708500000000001,"[-5.542500000000004, 6.791499999999999]",1.772310501323282,"[-2.697605584535034, 3.327506442051331]",12,5,60,10000
cpu,stock,2,grid_pollution,hot_return,1,94,draw_us,prior,final,208.10399999999998,206.66649999999998,206.188,207.70850000000002,4.5625,"[-3.208500000000001, 8.290999999999997]",2.267404671343576,"[-1.4825882396659107, 4.1490386694275845]",12,5,60,10000
cpu,stock,2,grid_pollution,hot_return,1,94,submit_us,prior,final,208.208,206.75,206.292,207.792,4.665999999999997,"[-3.2079999999999984, 8.332999999999998]",2.3081815644483306,"[-1.4818640390028281, 4.17059071284942]",12,5,60,10000
cpu,stock,2,grid_pollution,hot_return,1,94,complete_us,prior,final,208.22899999999998,206.7705,206.313,207.8125,4.645499999999998,"[-3.2295000000000016, 8.332499999999996]",2.3053606071211097,"[-1.4914288789929675, 4.169985179210267]",12,5,60,10000
cpu,stock,2,grid_pollution,hot_return,1,94,draw_us,updated45,final,207.58350000000002,206.66649999999998,208.22899999999998,207.70850000000002,2.25,"[-10.167000000000002, 7.0625]",1.0172197634104208,"[-4.635417723545432, 3.5198320409729256]",12,5,60,10000
cpu,stock,2,grid_pollution,hot_return,1,94,submit_us,updated45,final,207.70850000000002,206.75,208.375,207.792,2.25,"[-10.249499999999998, 7.166499999999999]",1.05372582577693,"[-4.666915823112638, 3.5674757364407284]",12,5,60,10000
cpu,stock,2,grid_pollution,hot_return,1,94,complete_us,updated45,final,207.70850000000002,206.7705,208.375,207.8125,2.291499999999999,"[-10.25, 7.166499999999999]",1.0633886883724297,"[-4.666933195884148, 3.5571696352609594]",12,5,60,10000
cpu,stock,2,grid_pollution,hot_second,1,94,draw_us,master,prior,167.75,136.41649999999998,166.6875,136.875,-32.438,"[-39.436499999999995, -29.208]",-19.235529937050295,"[-21.825149377053037, -17.556605404360084]",12,5,60,10000
cpu,stock,2,grid_pollution,hot_second,1,94,submit_us,master,prior,167.8125,136.5005,166.72899999999998,136.937,-32.416,"[-39.416, -29.209000000000003]",-19.2155187414639,"[-21.806151295313725, -17.55069485031281]",12,5,60,10000
cpu,stock,2,grid_pollution,hot_second,1,94,complete_us,master,prior,167.83350000000002,136.5005,166.7495,136.958,-32.437,"[-39.437, -29.2085]",-19.225473709942506,"[-21.812827118291, -17.548100113494662]",12,5,60,10000
cpu,stock,2,grid_pollution,hot_second,1,94,draw_us,master,updated45,167.75,131.5,166.6875,130.27100000000002,-34.248999999999995,"[-40.2915, -31.436999999999998]",-20.66208102819271,"[-24.174144786048892, -19.088004074059956]",12,5,60,10000
cpu,stock,2,grid_pollution,hot_second,1,94,submit_us,master,updated45,167.8125,131.5625,166.72899999999998,130.333,-34.2495,"[-40.271, -31.458]",-20.645688070137524,"[-24.15586666220169, -19.09293153404164]",12,5,60,10000
cpu,stock,2,grid_pollution,hot_second,1,94,complete_us,master,updated45,167.83350000000002,131.583,166.7495,130.35399999999998,-34.2705,"[-40.2915, -31.4375]",-20.65278357416043,"[-24.165272633170254, -19.090662670362754]",12,5,60,10000
cpu,stock,2,grid_pollution,hot_second,1,94,draw_us,master,final,167.75,133.1045,166.6875,130.14600000000002,-36.8955,"[-41.458, -32.062]",-21.868932066324742,"[-23.627447748398506, -19.37375345185105]",12,5,60,10000
cpu,stock,2,grid_pollution,hot_second,1,94,submit_us,master,final,167.8125,133.167,166.72899999999998,130.209,-36.854,"[-41.480000000000004, -32.061499999999995]",-21.837413390465006,"[-23.63099238198606, -19.366846000125406]",12,5,60,10000
cpu,stock,2,grid_pollution,hot_second,1,94,complete_us,master,final,167.83350000000002,133.188,166.7495,130.25,-36.875,"[-41.5, -32.083]",-21.844884242940093,"[-23.637585306377808, -19.3745845701836]",12,5,60,10000
cpu,stock,2,grid_pollution,hot_second,1,94,draw_us,prior,updated45,136.41649999999998,131.5,136.875,130.27100000000002,-2.708500000000001,"[-8.0835, 0.2505000000000024]",-2.038002686584867,"[-5.764227880988953, 0.18293891727997336]",12,5,60,10000
cpu,stock,2,grid_pollution,hot_second,1,94,submit_us,prior,updated45,136.5005,131.5625,136.937,130.333,-2.6880000000000024,"[-8.0835, 0.2085000000000008]",-2.021652349065839,"[-5.760816322848966, 0.1520044908760898]",12,5,60,10000
cpu,stock,2,grid_pollution,hot_second,1,94,complete_us,prior,updated45,136.5005,131.583,136.958,130.35399999999998,-2.708500000000001,"[-8.0835, 0.2289999999999992]",-2.0367496015618825,"[-5.760114616783552, 0.16714761183638238]",12,5,60,10000
cpu,stock,2,grid_pollution,hot_second,1,94,draw_us,prior,final,136.41649999999998,133.1045,136.875,130.14600000000002,-2.459000000000003,"[-7.1875, -0.4994999999999976]",-1.8655843677063189,"[-5.242481342216754, -0.37557125873474706]",12,5,60,10000
cpu,stock,2,grid_pollution,hot_second,1,94,submit_us,prior,final,136.5005,133.167,136.937,130.209,-2.459000000000003,"[-7.207499999999996, -0.5204999999999984]",-1.8625239112383285,"[-5.253918427001276, -0.39066362230741336]",12,5,60,10000
cpu,stock,2,grid_pollution,hot_second,1,94,complete_us,prior,final,136.5005,133.188,136.958,130.25,-2.459000000000003,"[-7.165999999999997, -0.5]",-1.862322141754652,"[-5.22366690925552, -0.3757004221773108]",12,5,60,10000
cpu,stock,2,grid_pollution,hot_second,1,94,draw_us,updated45,final,131.5,133.1045,130.27100000000002,130.14600000000002,0.3130000000000024,"[-3.396000000000001, 3.5829999999999984]",0.23622414234958922,"[-2.536858064541109, 2.8389776671543743]",12,5,60,10000
cpu,stock,2,grid_pollution,hot_second,1,94,submit_us,updated45,final,131.5625,133.167,130.333,130.209,0.3329999999999984,"[-3.396000000000001, 3.5630000000000024]",0.2506799895239997,"[-2.5349534470060275, 2.8216691319192244]",12,5,60,10000
cpu,stock,2,grid_pollution,hot_second,1,94,complete_us,updated45,final,131.583,133.188,130.35399999999998,130.25,0.3335000000000008,"[-3.4170000000000016, 3.583500000000001]",0.2508861788195038,"[-2.5349534470060275, 2.837507100130443]",12,5,60,10000
cpu,stock,2,grid_pollution,pollution,64,6016,draw_us,master,prior,199.508422,191.180008,199.4241095,191.35805449999998,-8.304617000000007,"[-9.908523500000001, -6.541953500000005]",-4.035960630077301,"[-4.923094454592302, -3.3061180785804334]",12,5,60,10000
cpu,stock,2,grid_pollution,pollution,64,6016,submit_us,master,prior,199.5696485,191.2343435,199.4843205,191.41276549999998,-8.312695500000004,"[-9.914727000000013, -6.5406949999999995]",-4.038618845076653,"[-4.924686346614459, -3.3059873624769196]",12,5,60,10000
cpu,stock,2,grid_pollution,pollution,64,6016,complete_us,master,prior,199.5898515,191.25649199999998,199.50487500000003,191.4358985,-8.311805000000007,"[-9.911172000000008, -6.5449449999999985]",-4.037891485553741,"[-4.92244250327955, -3.3087273717982812]",12,5,60,10000
cpu,stock,2,grid_pollution,pollution,64,6016,draw_us,master,updated45,199.508422,191.124664,199.4241095,191.05730499999999,-8.327749999999995,"[-11.608664000000005, -5.308562500000008]",-4.176229991466046,"[-5.644762612340803, -2.738618730203074]",12,5,60,10000
cpu,stock,2,grid_pollution,pollution,64,6016,submit_us,master,updated45,199.5696485,191.183883,199.4843205,191.11389050000002,-8.327703499999998,"[-11.617538999999994, -5.307562000000004]",-4.174944050312751,"[-5.647209293075234, -2.7373045611149283]",12,5,60,10000
cpu,stock,2,grid_pollution,pollution,64,6016,complete_us,master,updated45,199.5898515,191.20565599999998,199.50487500000003,191.13534349999998,-8.329031500000013,"[-11.619827999999998, -5.310156499999991]",-4.175180782653671,"[-5.647746645494955, -2.738295030038418]",12,5,60,10000
cpu,stock,2,grid_pollution,pollution,64,6016,draw_us,master,final,199.508422,191.9153825,199.4241095,191.68460149999999,-8.082968499999993,"[-10.166319999999999, -5.664039000000017]",-4.033174614954488,"[-5.077626765975318, -2.871967684336907]",12,5,60,10000
cpu,stock,2,grid_pollution,pollution,64,6016,submit_us,master,final,199.5696485,191.969375,199.4843205,191.740203,-8.084274000000008,"[-10.170539500000004, -5.661132500000008]",-4.032631138836395,"[-5.078161491770839, -2.869655599695836]",12,5,60,10000
cpu,stock,2,grid_pollution,pollution,64,6016,complete_us,master,final,199.5898515,191.991836,199.50487500000003,191.7626875,-8.082047000000003,"[-10.170898500000007, -5.6682969999999955]",-4.031140665755717,"[-5.077812634898588, -2.872953343727197]",12,5,60,10000
cpu,stock,2,grid_pollution,pollution,64,6016,draw_us,prior,updated45,191.180008,191.124664,191.35805449999998,191.05730499999999,-0.3642344999999949,"[-1.761694999999989, 0.9605784999999969]",-0.19073034673279254,"[-0.9163839385219807, 0.5180578751706855]",12,5,60,10000
cpu,stock,2,grid_pollution,pollution,64,6016,submit_us,prior,updated45,191.2343435,191.183883,191.41276549999998,191.11389050000002,-0.3609374999999915,"[-1.7582424999999944, 0.9563990000000047]",-0.18894828324000912,"[-0.914325193322163, 0.5157761330460864]",12,5,60,10000
cpu,stock,2,grid_pollution,pollution,64,6016,complete_us,prior,updated45,191.25649199999998,191.20565599999998,191.4358985,191.13534349999998,-0.3606565000000046,"[-1.7601329999999962, 0.9573045000000064]",-0.18878274717164523,"[-0.9152116788166131, 0.5162079440674816]",12,5,60,10000
cpu,stock,2,grid_pollution,pollution,64,6016,draw_us,prior,final,191.180008,191.9153825,191.35805449999998,191.68460149999999,-0.61592899999998,"[-2.060913999999997, 1.9075629999999961]",-0.32255773803331333,"[-1.0724640578799072, 0.9968018701104975]",12,5,60,10000
cpu,stock,2,grid_pollution,pollution,64,6016,submit_us,prior,final,191.2343435,191.969375,191.41276549999998,191.740203,-0.6218514999999911,"[-2.0579615000000047, 1.911226499999998]",-0.3255479297626207,"[-1.0706112921113287, 0.9984127427917766]",12,5,60,10000
cpu,stock,2,grid_pollution,pollution,64,6016,complete_us,prior,final,191.25649199999998,191.991836,191.4358985,191.7626875,-0.6212270000000046,"[-2.0569764999999904, 1.9112104999999957]",-0.32518336649494106,"[-1.0699929000999642, 0.9982934238261243]",12,5,60,10000
cpu,stock,2,grid_pollution,pollution,64,6016,draw_us,updated45,final,191.124664,191.9153825,191.05730499999999,191.68460149999999,0.7598354999999941,"[-0.9397654999999929, 2.374679499999999]",0.3999164686412815,"[-0.4891465171832421, 1.242960564503548]",12,5,60,10000
cpu,stock,2,grid_pollution,pollution,64,6016,submit_us,updated45,final,191.183883,191.969375,191.11389050000002,191.740203,0.7561869999999971,"[-0.9349844999999988, 2.383226499999992]",0.3978658118830247,"[-0.48652568883683633, 1.2470641972067376]",12,5,60,10000
cpu,stock,2,grid_pollution,pollution,64,6016,complete_us,updated45,final,191.20565599999998,191.991836,191.13534349999998,191.7626875,0.7545470000000023,"[-0.9372035000000096, 2.3812815000000143]",0.3969637258721015,"[-0.48761030176165954, 1.2459074071971665]",12,5,60,10000
cpu,stock,2,grid_singleton,once,1,94,draw_us,master,prior,246.125,189.91649999999998,244.14600000000002,189.60399999999998,-55.5625,"[-67.2705, -51.438]",-22.38391374718046,"[-25.971443846227608, -21.439824720380805]",12,5,60,10000
cpu,stock,2,grid_singleton,once,1,94,submit_us,master,prior,246.27100000000002,190.0625,244.27100000000002,189.75,-55.5625,"[-67.29149999999998, -51.438]",-22.366042455895013,"[-25.958885120169406, -21.428799174767462]",12,5,60,10000
cpu,stock,2,grid_singleton,once,1,94,complete_us,master,prior,246.3125,190.08350000000002,244.3125,189.792,-55.542,"[-67.3335, -51.417]",-22.370616855247675,"[-25.97089559421478, -21.418230024498058]",12,5,60,10000
cpu,stock,2,grid_singleton,once,1,94,draw_us,master,updated45,246.125,184.312,244.14600000000002,184.312,-60.041,"[-65.334, -58.0835]",-24.62053367359782,"[-26.297954379611014, -23.956990293444107]",12,5,60,10000
cpu,stock,2,grid_singleton,once,1,94,submit_us,master,updated45,246.27100000000002,184.458,244.27100000000002,184.458,-60.041,"[-65.3755, -58.1045]",-24.607917485043927,"[-26.29884803283395, -23.9531782047452]",12,5,60,10000
cpu,stock,2,grid_singleton,once,1,94,complete_us,master,updated45,246.3125,184.458,244.3125,184.458,-60.0415,"[-65.3545, -58.104]",-24.612088089610033,"[-26.290612738716305, -23.951500792677017]",12,5,60,10000
cpu,stock,2,grid_singleton,once,1,94,draw_us,master,final,246.125,188.375,244.14600000000002,189.04149999999998,-57.1255,"[-64.688, -52.688]",-22.89875364564663,"[-25.34433483195378, -22.19778899363841]",12,5,60,10000
cpu,stock,2,grid_singleton,once,1,94,submit_us,master,final,246.27100000000002,188.5205,244.27100000000002,189.1875,-57.105000000000004,"[-64.6045, -52.667]",-22.887347769142714,"[-25.300876585841625, -22.17928358955245]",12,5,60,10000
cpu,stock,2,grid_singleton,once,1,94,complete_us,master,final,246.3125,188.54149999999998,244.3125,189.20850000000002,-57.1255,"[-64.5835, -52.6875]",-22.877293721189417,"[-25.29307595510491, -22.18396253231414]",12,5,60,10000
cpu,stock,2,grid_singleton,once,1,94,draw_us,prior,updated45,189.91649999999998,184.312,189.60399999999998,184.312,-5.374499999999998,"[-9.125500000000002, 1.0210000000000008]",-2.7491887870609633,"[-4.784540484746207, 0.6061427624530935]",12,5,60,10000
cpu,stock,2,grid_singleton,once,1,94,submit_us,prior,updated45,190.0625,184.458,189.75,184.458,-5.395499999999998,"[-9.125500000000002, 1.0215000000000032]",-2.758310308951717,"[-4.780890077409728, 0.6068875676958574]",12,5,60,10000
cpu,stock,2,grid_singleton,once,1,94,complete_us,prior,updated45,190.08350000000002,184.458,189.792,184.458,-5.395499999999998,"[-9.146500000000003, 1.0005000000000024]",-2.7577254324600786,"[-4.791308616522278, 0.5960909524503066]",12,5,60,10000
cpu,stock,2,grid_singleton,once,1,94,draw_us,prior,final,189.91649999999998,188.375,189.60399999999998,189.04149999999998,-1.5835000000000008,"[-4.833500000000001, 7.167000000000002]",-0.8364805889994498,"[-2.5414238661786603, 3.831185834319095]",12,5,60,10000
cpu,stock,2,grid_singleton,once,1,94,submit_us,prior,final,190.0625,188.5205,189.75,189.1875,-1.6045000000000016,"[-4.813000000000002, 7.271500000000003]",-0.8468994826051068,"[-2.5290751976963177, 3.883684593192449]",12,5,60,10000
cpu,stock,2,grid_singleton,once,1,94,complete_us,prior,final,190.08350000000002,188.54149999999998,189.792,189.20850000000002,-1.6045000000000016,"[-4.813000000000002, 7.250500000000002]",-0.8468851571790004,"[-2.5287166195746114, 3.8710089632514433]",12,5,60,10000
cpu,stock,2,grid_singleton,once,1,94,draw_us,updated45,final,184.312,188.375,184.312,189.04149999999998,4.854500000000002,"[2.2079999999999984, 7.729500000000002]",2.647207807262475,"[1.1701644621282203, 4.175743998175319]",12,5,60,10000
cpu,stock,2,grid_singleton,once,1,94,submit_us,updated45,final,184.458,188.5205,184.458,189.1875,4.832999999999998,"[2.228999999999999, 7.770499999999998]",2.6330475513010265,"[1.1803174671737304, 4.195547456004489]",12,5,60,10000
cpu,stock,2,grid_singleton,once,1,94,complete_us,updated45,final,184.458,188.54149999999998,184.458,189.20850000000002,4.853999999999999,"[2.228999999999999, 7.75]",2.644528168192839,"[1.180174107172105, 4.183925282200751]",12,5,60,10000
cpu,stock,2,grid_two_phases,first,1,94,draw_us,master,prior,205.4795,145.70850000000002,203.20850000000002,144.5205,-60.125,"[-63.25, -50.0835]",-29.291429197077374,"[-30.597007169268473, -24.804788929620685]",12,5,60,10000
cpu,stock,2,grid_two_phases,first,1,94,submit_us,master,prior,205.6045,145.792,203.3125,144.625,-60.125,"[-63.2715, -50.1455]",-29.277218816542383,"[-30.581268975537675, -24.810330728104823]",12,5,60,10000
cpu,stock,2,grid_two_phases,first,1,94,complete_us,master,prior,205.6045,145.792,203.33350000000002,144.6455,-60.125,"[-63.25, -50.1255]",-29.271196801059524,"[-30.585294649664174, -24.788538347066122]",12,5,60,10000
cpu,stock,2,grid_two_phases,first,1,94,draw_us,master,updated45,205.4795,149.917,203.20850000000002,149.72899999999998,-51.355000000000004,"[-58.208, -42.9585]",-25.80995731601653,"[-27.973260548949774, -22.181228927411915]",12,5,60,10000
cpu,stock,2,grid_two_phases,first,1,94,submit_us,master,updated45,205.6045,150.042,203.3125,149.83350000000002,-51.334,"[-58.1875, -42.958]",-25.78601618552546,"[-27.949338328733315, -22.15817393948886]",12,5,60,10000
cpu,stock,2,grid_two_phases,first,1,94,complete_us,master,updated45,205.6045,150.0625,203.33350000000002,149.8745,-51.334,"[-58.208, -42.9585]",-25.78310529744569,"[-27.953570874110905, -22.15599440665995]",12,5,60,10000
cpu,stock,2,grid_two_phases,first,1,94,draw_us,master,final,205.4795,148.66649999999998,203.20850000000002,146.8125,-54.7495,"[-61.3335, -46.2085]",-26.108614802462515,"[-30.376717691915914, -23.488588229644265]",12,5,60,10000
cpu,stock,2,grid_two_phases,first,1,94,submit_us,master,final,205.6045,148.7705,203.3125,146.8955,-54.7705,"[-61.3545, -46.1875]",-26.10045759968294,"[-30.371465932868162, -23.464901320351416]",12,5,60,10000
cpu,stock,2,grid_two_phases,first,1,94,complete_us,master,final,205.6045,148.8125,203.33350000000002,146.9375,-54.7915,"[-61.3335, -46.209]",-26.105278477074748,"[-30.35764336234461, -23.462607987268697]",12,5,60,10000
cpu,stock,2,grid_two_phases,first,1,94,draw_us,prior,updated45,145.70850000000002,149.917,144.5205,149.72899999999998,5.958500000000001,"[1.6460000000000008, 8.832999999999998]",4.062818390222677,"[1.1490708817232687, 6.214793260695483]",12,5,60,10000
cpu,stock,2,grid_two_phases,first,1,94,submit_us,prior,updated45,145.792,150.042,144.625,149.83350000000002,5.958500000000001,"[1.6880000000000024, 8.853499999999997]",4.059357823829135,"[1.1769309990034893, 6.2257773372382585]",12,5,60,10000
cpu,stock,2,grid_two_phases,first,1,94,complete_us,prior,updated45,145.792,150.0625,144.6455,149.8745,5.958500000000001,"[1.6460000000000008, 8.8125]",4.059357823829135,"[1.1480270145462934, 6.195156160247572]",12,5,60,10000
cpu,stock,2,grid_two_phases,first,1,94,draw_us,prior,final,145.70850000000002,148.66649999999998,144.5205,146.8125,-0.06199999999999761,"[-4.853999999999999, 7.958500000000001]",-0.04487403068361706,"[-3.184076680419751, 5.506708583709285]",12,5,60,10000
cpu,stock,2,grid_two_phases,first,1,94,submit_us,prior,final,145.792,148.7705,144.625,146.8955,-0.0835000000000008,"[-4.832999999999998, 7.978999999999999]",-0.060467950280279625,"[-3.1693000779362768, 5.516786134018636]",12,5,60,10000
cpu,stock,2,grid_two_phases,first,1,94,complete_us,prior,final,145.792,148.8125,144.6455,146.9375,-0.06199999999999761,"[-4.832999999999998, 7.979500000000002]",-0.044833466313554116,"[-3.1684772220916866, 5.516470203633361]",12,5,60,10000
cpu,stock,2,grid_two_phases,first,1,94,draw_us,updated45,final,149.917,148.66649999999998,149.72899999999998,146.8125,-5.124499999999998,"[-7.916499999999999, 1.5625]",-3.3179758967206654,"[-5.392291439698699, 1.0387916780193018]",12,5,60,10000
cpu,stock,2,grid_two_phases,first,1,94,submit_us,updated45,final,150.042,148.7705,149.83350000000002,146.8955,-5.103499999999997,"[-7.957999999999998, 1.5414999999999992]",-3.302623696968915,"[-5.415983255621631, 1.0239291251384286]",12,5,60,10000
cpu,stock,2,grid_two_phases,first,1,94,complete_us,updated45,final,150.0625,148.8125,149.8745,146.9375,-5.103499999999997,"[-7.916499999999999, 1.5420000000000016]",-3.301029370350639,"[-5.387703398933851, 1.0242889645600994]",12,5,60,10000
cpu,stock,2,grid_two_phases,second,1,94,draw_us,master,prior,175.667,133.3125,174.75,131.958,-35.854,"[-45.583, -33.0625]",-21.205232103963557,"[-26.01647184064548, -19.339389016787905]",12,5,60,10000
cpu,stock,2,grid_two_phases,second,1,94,submit_us,master,prior,175.77100000000002,133.375,174.83350000000002,132.02100000000002,-35.916,"[-45.5835, -33.104]",-21.21404449730023,"[-26.004364791316913, -19.341855666730833]",12,5,60,10000
cpu,stock,2,grid_two_phases,second,1,94,complete_us,master,prior,175.792,133.3955,174.875,132.062,-35.9165,"[-45.625, -33.104]",-21.198955849342816,"[-26.02187840301694, -19.339454635180907]",12,5,60,10000
cpu,stock,2,grid_two_phases,second,1,94,draw_us,master,updated45,175.667,138.833,174.75,137.667,-35.083,"[-38.7915, -31.583]",-19.610922777438752,"[-21.876539186280585, -18.327190597173633]",12,5,60,10000
cpu,stock,2,grid_two_phases,second,1,94,submit_us,master,updated45,175.77100000000002,138.9375,174.83350000000002,137.75,-35.1665,"[-38.8335, -31.583]",-19.613866668190802,"[-21.866813219930265, -18.330885045661468]",12,5,60,10000
cpu,stock,2,grid_two_phases,second,1,94,complete_us,master,updated45,175.792,138.9375,174.875,137.77100000000002,-35.166,"[-38.813, -31.582499999999996]",-19.609135248546288,"[-21.873200059375826, -18.32603643131754]",12,5,60,10000
cpu,stock,2,grid_two_phases,second,1,94,draw_us,master,final,175.667,135.9375,174.75,135.39600000000002,-35.6875,"[-38.104, -31.042]",-20.032031698256468,"[-22.34360406467436, -18.607029144762606]",12,5,60,10000
cpu,stock,2,grid_two_phases,second,1,94,submit_us,master,final,175.77100000000002,136.0205,174.83350000000002,135.47899999999998,-35.709,"[-38.123999999999995, -31.0625]",-20.01847778857757,"[-22.34479695320878, -18.618330887862903]",12,5,60,10000
cpu,stock,2,grid_two_phases,second,1,94,complete_us,master,final,175.792,136.04149999999998,174.875,135.5,-35.7085,"[-38.123999999999995, -31.061999999999998]",-20.037302405630488,"[-22.34138328797357, -18.626063981323497]",12,5,60,10000
cpu,stock,2,grid_two_phases,second,1,94,draw_us,prior,updated45,133.3125,138.833,131.958,137.667,3.666499999999999,"[-0.1875, 7.792000000000002]",2.737601422303948,"[-0.10835795425434003, 5.8861201251537265]",12,5,60,10000
cpu,stock,2,grid_two_phases,second,1,94,submit_us,prior,updated45,133.375,138.9375,132.02100000000002,137.75,3.666499999999999,"[-0.2085000000000008, 7.8125]",2.735824991674185,"[-0.12455147014437395, 5.898265397570446]",12,5,60,10000
cpu,stock,2,grid_two_phases,second,1,94,complete_us,prior,updated45,133.3955,138.9375,132.062,137.77100000000002,3.7079999999999984,"[-0.2079999999999984, 7.813000000000002]",2.736653870148964,"[-0.12418133838398293, 5.898083375271524]",12,5,60,10000
cpu,stock,2,grid_two_phases,second,1,94,draw_us,prior,final,133.3125,135.9375,131.958,135.39600000000002,-0.7914999999999992,"[-2.9380000000000024, 9.021]",-0.5792375353530999,"[-2.174530707771055, 6.976306837909496]",12,5,60,10000
cpu,stock,2,grid_two_phases,second,1,94,submit_us,prior,final,133.375,136.0205,132.02100000000002,135.47899999999998,-0.7715000000000032,"[-2.9380000000000024, 9.021]",-0.5352319647637382,"[-2.174716405773369, 6.971803192734427]",12,5,60,10000
cpu,stock,2,grid_two_phases,second,1,94,complete_us,prior,final,133.3955,136.04149999999998,132.062,135.5,-0.7909999999999968,"[-2.9375, 9.042000000000002]",-0.5487325027936196,"[-2.1728337217194307, 6.98819343663687]",12,5,60,10000
cpu,stock,2,grid_two_phases,second,1,94,draw_us,updated45,final,138.833,135.9375,137.667,135.39600000000002,1.1034999999999968,"[-5.208500000000001, 3.728999999999999]",0.8558217204822305,"[-3.8120787366637767, 2.7696490599922963]",12,5,60,10000
cpu,stock,2,grid_two_phases,second,1,94,submit_us,updated45,final,138.9375,136.0205,137.75,135.47899999999998,1.1454999999999984,"[-5.250500000000002, 3.75]",0.8841224150424543,"[-3.8398860447740932, 2.783728639268579]",12,5,60,10000
cpu,stock,2,grid_two_phases,second,1,94,complete_us,updated45,final,138.9375,136.04149999999998,137.77100000000002,135.5,1.1045000000000016,"[-5.208500000000001, 3.7295000000000016]",0.8538850897194972,"[-3.809104585326084, 2.76791095084572]",12,5,60,10000
cpu,stock,2,grid_unique_sizes,sweep,32,3008,draw_us,master,prior,182.7896875,174.368422,182.9993595,174.17775,-8.750672000000009,"[-10.906937499999984, -7.432281500000016]",-4.787893377894031,"[-5.7222105698516215, -4.043519212669572]",12,5,60,10000
cpu,stock,2,grid_unique_sizes,sweep,32,3008,submit_us,master,prior,182.867906,174.4244535,183.05854699999998,174.2382035,-8.750530999999995,"[-10.906859499999982, -7.434921500000016]",-4.786248358906292,"[-5.724735573788864, -4.043608723657361]",12,5,60,10000
cpu,stock,2,grid_unique_sizes,sweep,32,3008,complete_us,master,prior,182.890625,174.44725,183.081359,174.257766,-8.749889999999994,"[-10.915468499999989, -7.436781499999995]",-4.785351029645939,"[-5.7231519516948985, -4.044107068699237]",12,5,60,10000
cpu,stock,2,grid_unique_sizes,sweep,32,3008,draw_us,master,updated45,182.7896875,175.6146405,182.9993595,175.574875,-7.370546999999988,"[-8.892546499999995, -6.36326600000001]",-4.0399559059687675,"[-4.726491210260903, -3.479548935800464]",12,5,60,10000
cpu,stock,2,grid_unique_sizes,sweep,32,3008,submit_us,master,updated45,182.867906,175.67321850000002,183.05854699999998,175.63417149999998,-7.363234999999989,"[-8.900297000000009, -6.360032000000004]",-4.034697206772686,"[-4.728810538735195, -3.476675238691368]",12,5,60,10000
cpu,stock,2,grid_unique_sizes,sweep,32,3008,complete_us,master,updated45,182.890625,175.6927345,183.081359,175.65239050000002,-7.368561999999997,"[-8.89839049999999, -6.367109499999998]",-4.037083705418054,"[-4.727295633362938, -3.4800652586752245]",12,5,60,10000
cpu,stock,2,grid_unique_sizes,sweep,32,3008,draw_us,master,final,182.7896875,173.917328,182.9993595,173.29101550000001,-10.563859500000007,"[-12.318359500000014, -8.891281499999991]",-5.719565806989962,"[-6.526141734946911, -4.883392758402477]",12,5,60,10000
cpu,stock,2,grid_unique_sizes,sweep,32,3008,submit_us,master,final,182.867906,173.978469,183.05854699999998,173.3522345,-10.562562999999983,"[-12.322843500000005, -8.888641000000007]",-5.720492703469493,"[-6.528198323345063, -4.880393774845671]",12,5,60,10000
cpu,stock,2,grid_unique_sizes,sweep,32,3008,complete_us,master,final,182.890625,173.9960625,183.081359,173.3704535,-10.560655999999994,"[-12.319514999999996, -8.893218500000017]",-5.716986918232253,"[-6.528357171989157, -4.882254975070505]",12,5,60,10000
cpu,stock,2,grid_unique_sizes,sweep,32,3008,draw_us,prior,updated45,174.368422,175.6146405,174.17775,175.574875,0.7910005000000098,"[-1.4811244999999928, 1.8059379999999976]",0.45227350156434865,"[-0.8297504349377538, 1.0133035169849203]",12,5,60,10000
cpu,stock,2,grid_unique_sizes,sweep,32,3008,submit_us,prior,updated45,174.4244535,175.67321850000002,174.2382035,175.63417149999998,0.7937495000000041,"[-1.48045350000001, 1.8060934999999887]",0.4537074707328115,"[-0.8290898259742607, 1.013052527707714]",12,5,60,10000
cpu,stock,2,grid_unique_sizes,sweep,32,3008,complete_us,prior,updated45,174.44725,175.6927345,174.257766,175.65239050000002,0.7930779999999942,"[-1.4837345000000113, 1.8015155000000078]",0.45324095078791427,"[-0.8307836059349372, 1.0103883089174204]",12,5,60,10000
cpu,stock,2,grid_unique_sizes,sweep,32,3008,draw_us,prior,final,174.368422,173.917328,174.17775,173.29101550000001,-0.7310780000000108,"[-3.0709685000000064, 0.37109350000001484]",-0.4219299466423909,"[-1.709778644050658, 0.2148507337785821]",12,5,60,10000
cpu,stock,2,grid_unique_sizes,sweep,32,3008,submit_us,prior,final,174.4244535,173.978469,174.2382035,173.3522345,-0.731656000000001,"[-3.076234499999998, 0.37032799999998645]",-0.4221336213278748,"[-1.7120334029829487, 0.21431306567470942]",12,5,60,10000
cpu,stock,2,grid_unique_sizes,sweep,32,3008,complete_us,prior,final,174.44725,173.9960625,174.257766,173.3704535,-0.7284214999999961,"[-3.076187500000003, 0.3664219999999858]",-0.4201906772168085,"[-1.7118084047006488, 0.21204154993739177]",12,5,60,10000
cpu,stock,2,grid_unique_sizes,sweep,32,3008,draw_us,updated45,final,175.6146405,173.917328,175.574875,173.29101550000001,-1.885406500000002,"[-3.5657185000000027, 0.12893700000000763]",-1.0785093943530166,"[-2.029694332518223, 0.07250349801368183]",12,5,60,10000
cpu,stock,2,grid_unique_sizes,sweep,32,3008,submit_us,updated45,final,175.67321850000002,173.978469,175.63417149999998,173.3522345,-1.8859374999999972,"[-3.5710155000000015, 0.12884400000000085]",-1.0791919680316397,"[-2.0320060853810107, 0.07243048290879739]",12,5,60,10000
cpu,stock,2,grid_unique_sizes,sweep,32,3008,complete_us,updated45,final,175.6927345,173.9960625,175.65239050000002,173.3704535,-1.8807345000000026,"[-3.565765500000012, 0.12817199999999218]",-1.0738021140297982,"[-2.02879109241057, 0.07203239138870443]",12,5,60,10000
cpu,stock,2,grid_unique_variations,sweep,32,3008,draw_us,master,prior,246.75850000000003,172.107406,245.7239845,172.1985465,-73.7337655,"[-79.87174949999999, -69.88537499999998]",-29.89556919313148,"[-31.57158860886664, -29.11196449436822]",12,5,60,10000
cpu,stock,2,grid_unique_variations,sweep,32,3008,submit_us,master,prior,246.837969,172.1718435,245.78575,172.26295299999998,-73.73062499999999,"[-79.8977965, -69.89178100000001]",-29.88664214883941,"[-31.571512619873417, -29.105731260764006]",12,5,60,10000
cpu,stock,2,grid_unique_variations,sweep,32,3008,complete_us,master,prior,246.858141,172.1880625,245.8079375,172.2785465,-73.73578150000002,"[-79.89584350000001, -69.88848449999999]",-29.885979928605938,"[-31.56823225151772, -29.103613294715394]",12,5,60,10000
cpu,stock,2,grid_unique_variations,sweep,32,3008,draw_us,master,updated45,246.75850000000003,172.453766,245.7239845,172.26692200000002,-71.86918700000001,"[-78.04492149999999, -70.241438]",-29.37049144330683,"[-30.824859807694857, -28.86924212676476]",12,5,60,10000
cpu,stock,2,grid_unique_variations,sweep,32,3008,submit_us,master,updated45,246.837969,172.51564050000002,245.78575,172.324203,-71.881531,"[-78.0554525, -70.251797]",-29.366165411221438,"[-30.820156839605655, -28.866954289757157]",12,5,60,10000
cpu,stock,2,grid_unique_variations,sweep,32,3008,complete_us,master,updated45,246.858141,172.54040650000002,245.8079375,172.3476565,-71.8815,"[-78.056094, -70.24470299999999]",-29.3635103393272,"[-30.817784628204187, -28.862932847510727]",12,5,60,10000
cpu,stock,2,grid_unique_variations,sweep,32,3008,draw_us,master,final,246.75850000000003,171.1652815,245.7239845,171.2324215,-75.13681249999999,"[-78.518859, -70.565766]",-30.527984721374743,"[-31.099259736925433, -29.395810305598012]",12,5,60,10000
cpu,stock,2,grid_unique_variations,sweep,32,3008,submit_us,master,final,246.837969,171.227781,245.78575,171.2936715,-75.13660949999999,"[-78.54046849999999, -70.568922]",-30.52276989183318,"[-31.095113032443688, -29.38583227452888]",12,5,60,10000
cpu,stock,2,grid_unique_variations,sweep,32,3008,complete_us,master,final,246.858141,171.2447035,245.8079375,171.30998449999998,-75.140656,"[-78.538469, -70.5656875]",-30.520761959411338,"[-31.09269238521667, -29.382677521423133]",12,5,60,10000
cpu,stock,2,grid_unique_variations,sweep,32,3008,draw_us,prior,updated45,172.107406,172.453766,172.1985465,172.26692200000002,0.5045934999999986,"[-1.5703280000000035, 1.7558754999999877]",0.29471799829963174,"[-0.9043542351828804, 1.0528858542604103]",12,5,60,10000
cpu,stock,2,grid_unique_variations,sweep,32,3008,submit_us,prior,updated45,172.1718435,172.51564050000002,172.26295299999998,172.324203,0.492921999999993,"[-1.5729840000000053, 1.7513440000000031]",0.287795634193877,"[-0.9055415696564539, 1.0498381865776785]",12,5,60,10000
cpu,stock,2,grid_unique_variations,sweep,32,3008,complete_us,prior,updated45,172.1880625,172.54040650000002,172.2785465,172.3476565,0.4980629999999877,"[-1.5691719999999947, 1.753968999999998]",0.2907659819952224,"[-0.9032447817527656, 1.0512234711590684]",12,5,60,10000
cpu,stock,2,grid_unique_variations,sweep,32,3008,draw_us,prior,final,172.107406,171.1652815,172.1985465,171.2324215,-0.3991565000000037,"[-2.2688744999999813, 0.29299999999999216]",-0.23222640364951586,"[-1.300606443389124, 0.17147251355073]",12,5,60,10000
cpu,stock,2,grid_unique_variations,sweep,32,3008,submit_us,prior,final,172.1718435,171.227781,172.26295299999998,171.2936715,-0.40309299999999837,"[-2.258249499999991, 0.28465599999998403]",-0.23444814328039687,"[-1.2940685663097973, 0.16653000143908026]",12,5,60,10000
cpu,stock,2,grid_unique_variations,sweep,32,3008,complete_us,prior,final,172.1880625,171.2447035,172.2785465,171.30998449999998,-0.4011715000000038,"[-2.2577339999999992, 0.2872195000000062]",-0.233314196614004,"[-1.2936482950296646, 0.1680124883926548]",12,5,60,10000
cpu,stock,2,grid_unique_variations,sweep,32,3008,draw_us,updated45,final,172.453766,171.1652815,172.26692200000002,171.2324215,-0.5904685000000001,"[-1.333313000000004, 0.15565549999999462]",-0.34285691278880814,"[-0.7877846332395688, 0.0893574107699413]",12,5,60,10000
cpu,stock,2,grid_unique_variations,sweep,32,3008,submit_us,updated45,final,172.51564050000002,171.227781,172.324203,171.2936715,-0.5814689999999985,"[-1.324125500000008, 0.1491555000000062]",-0.33795815921441874,"[-0.7820173137996267, 0.08559285932097094]",12,5,60,10000
cpu,stock,2,grid_unique_variations,sweep,32,3008,complete_us,updated45,final,172.54040650000002,171.2447035,172.3476565,171.30998449999998,-0.5852970000000113,"[-1.326141000000007, 0.14917199999999298]",-0.34012132518855265,"[-0.7830709429538396, 0.08555448307080438]",12,5,60,10000
cpu,stock,2,text,first_paint,1,1344,draw_us,master,prior,7706.292,7274.875,7669.8755,7262.6245,-441.58349999999973,"[-537.5840000000003, -352.3965000000003]",-5.723234607277055,"[-6.896144318069547, -4.621544974545422]",12,5,60,10000
cpu,stock,2,text,first_paint,1,1344,submit_us,master,prior,7709.458500000001,7277.521000000001,7672.625,7265.2705,-441.375,"[-537.9170000000004, -352.625]",-5.7230055655835335,"[-6.897672513601699, -4.622509816237241]",12,5,60,10000
cpu,stock,2,text,first_paint,1,1344,complete_us,master,prior,7709.458500000001,7277.541499999999,7672.625,7265.3125,-441.35400000000027,"[-537.8965000000003, -352.62550000000056]",-5.7229746223930285,"[-6.897134349941713, -4.622504949211015]",12,5,60,10000
cpu,stock,2,text,first_paint,1,1344,draw_us,master,updated45,7706.292,7241.875,7669.8755,7231.479,-398.7919999999999,"[-560.4585000000002, -313.85449999999946]",-5.226706921810893,"[-7.2316976254107885, -4.170403286025698]",12,5,60,10000
cpu,stock,2,text,first_paint,1,1344,submit_us,master,updated45,7709.458500000001,7244.666499999999,7672.625,7233.978999999999,-399.25000000000045,"[-560.7920000000004, -314.0630000000001]",-5.228266517255231,"[-7.233381924767556, -4.165973408222406]",12,5,60,10000
cpu,stock,2,text,first_paint,1,1344,complete_us,master,updated45,7709.458500000001,7244.6875,7672.625,7234.0,-399.29200000000037,"[-560.7710000000002, -314.04200000000037]",-5.228529396924408,"[-7.233109702767143, -4.165967140442078]",12,5,60,10000
cpu,stock,2,text,first_paint,1,1344,draw_us,master,final,7706.292,7257.9169999999995,7669.8755,7253.7919999999995,-413.25,"[-504.77049999999963, -332.1669999999999]",-5.382768232773206,"[-6.54731276613712, -4.38354824288219]",12,5,60,10000
cpu,stock,2,text,first_paint,1,1344,submit_us,master,final,7709.458500000001,7260.396000000001,7672.625,7256.3125,-413.2505000000001,"[-504.72950000000037, -332.4994999999999]",-5.380841587677515,"[-6.544435126330345, -4.386223927937188]",12,5,60,10000
cpu,stock,2,text,first_paint,1,1344,complete_us,master,final,7709.458500000001,7260.4169999999995,7672.625,7256.333500000001,-413.22950000000037,"[-504.7085000000002, -332.5005000000001]",-5.380569365677107,"[-6.544148138623735, -4.386212817247214]",12,5,60,10000
cpu,stock,2,text,first_paint,1,1344,draw_us,prior,updated45,7274.875,7241.875,7262.6245,7231.479,-25.728500000000167,"[-93.22899999999981, 80.60400000000027]",-0.35364934781227375,"[-1.2822373754093286, 1.1309056190126343]",12,5,60,10000
cpu,stock,2,text,first_paint,1,1344,submit_us,prior,updated45,7277.521000000001,7244.666499999999,7265.2705,7233.978999999999,-25.833500000000186,"[-93.47950000000037, 80.41700000000037]",-0.3549724424637801,"[-1.2852016480986495, 1.1280085519504102]",12,5,60,10000
cpu,stock,2,text,first_paint,1,1344,complete_us,prior,updated45,7277.541499999999,7244.6875,7265.3125,7234.0,-25.8125,"[-93.52100000000019, 80.39599999999973]",-0.3546817397591995,"[-1.2857647269797323, 1.1277029247332315]",12,5,60,10000
cpu,stock,2,text,first_paint,1,1344,draw_us,prior,final,7274.875,7257.9169999999995,7262.6245,7253.7919999999995,6.687500000000455,"[-73.10399999999981, 45.6875]",0.09235232744344013,"[-1.0060347668759573, 0.6416173462742703]",12,5,60,10000
cpu,stock,2,text,first_paint,1,1344,submit_us,prior,final,7277.521000000001,7260.396000000001,7265.2705,7256.3125,7.0835000000001855,"[-73.27050000000008, 45.99950000000035]",0.09777802645768996,"[-1.0079216629569399, 0.6457807264072191]",12,5,60,10000
cpu,stock,2,text,first_paint,1,1344,complete_us,prior,final,7277.541499999999,7260.4169999999995,7265.3125,7256.333500000001,7.0835000000001855,"[-73.25, 46.02049999999963]",0.09777744905935526,"[-1.0076378818881238, 0.6460694834804048]",12,5,60,10000
cpu,stock,2,text,first_paint,1,1344,draw_us,updated45,final,7241.875,7257.9169999999995,7231.479,7253.7919999999995,32.89549999999963,"[-32.48000000000002, 72.83350000000019]",0.4413468510660268,"[-0.45229242191821006, 1.0136821611095082]",12,5,60,10000
cpu,stock,2,text,first_paint,1,1344,submit_us,updated45,final,7244.666499999999,7260.396000000001,7233.978999999999,7256.3125,33.395500000000084,"[-32.604499999999916, 73.27050000000008]",0.4481746962048283,"[-0.45385429556948353, 1.0194171991774637]",12,5,60,10000
cpu,stock,2,text,first_paint,1,1344,complete_us,updated45,final,7244.6875,7260.4169999999995,7234.0,7256.333500000001,33.39599999999973,"[-32.5630000000001, 73.29149999999981]",0.4481786842445268,"[-0.4532771094131638, 1.01970725236451]",12,5,60,10000
cpu,stock,2,text,reflow,3,5,draw_us,master,prior,2008.0278335,2004.4650000000001,2006.958167,2009.257,-0.00016650000009121868,"[-28.486000500000046, 15.10416650000002]",0.0030005176214709106,"[-1.4187289878268672, 0.7502895707592327]",12,5,60,10000
cpu,stock,2,text,reflow,3,5,submit_us,master,prior,2008.5276665000001,2005.0276665000001,2007.4165,2009.875,0.055333499999846936,"[-28.46516650000001, 15.13883300000009]",0.00581975459395534,"[-1.4173676433157367, 0.7518296892819021]",12,5,60,10000
cpu,stock,2,text,reflow,3,5,complete_us,master,prior,2008.5484999999999,2005.062167,2007.4513335,2009.9234999999999,0.06933350000008431,"[-28.472333499999877, 15.146000000000072]",0.0064925657220493704,"[-1.4177024780942626, 0.7521744944225417]",12,5,60,10000
cpu,stock,2,text,reflow,3,5,draw_us,master,updated45,2008.0278335,2012.6038334999998,2006.958167,2009.4515000000001,7.409500499999922,"[-25.624667000000045, 22.069500000000062]",0.36859412823500026,"[-1.2767583168888152, 1.1070006618741468]",12,5,60,10000
cpu,stock,2,text,reflow,3,5,submit_us,master,updated45,2008.5276665000001,2013.1386665,2007.4165,2009.9791665,7.472166500000071,"[-25.534500000000094, 22.04849999999999]",0.371628187014339,"[-1.2719719012522224, 1.1056731322009683]",12,5,60,10000
cpu,stock,2,text,reflow,3,5,complete_us,master,updated45,2008.5484999999999,2013.1665,2007.4513335,2010.007,7.493166500000029,"[-25.548499999999876, 22.05533300000002]",0.3726665638593585,"[-1.2726473957987094, 1.1060053318566965]",12,5,60,10000
cpu,stock,2,text,reflow,3,5,draw_us,master,final,2008.0278335,2019.576333,2006.958167,2022.6528335,14.784999999999968,"[-22.381666999999993, 26.84033349999993]",0.7500581309184184,"[-1.1111210337649446, 1.3284629915225499]",12,5,60,10000
cpu,stock,2,text,reflow,3,5,submit_us,master,final,2008.5276665000001,2020.0621664999999,2007.4165,2023.1805,14.854499999999916,"[-22.326000000000022, 26.96500049999986]",0.7534034660769628,"[-1.1080910052680804, 1.334095660483825]",12,5,60,10000
cpu,stock,2,text,reflow,3,5,complete_us,master,final,2008.5484999999999,2020.0971665,2007.4513335,2023.2221665,14.86166650000007,"[-22.319666499999926, 26.993000499999994]",0.7537471688769615,"[-1.107766645666447, 1.3354733256587759]",12,5,60,10000
cpu,stock,2,text,reflow,3,5,draw_us,prior,updated45,2004.4650000000001,2012.6038334999998,2009.257,2009.4515000000001,-1.3196659999999838,"[-12.367833000000019, 11.159999999999968]",-0.06538972192740022,"[-0.6121899074929105, 0.5567756164238657]",12,5,60,10000
cpu,stock,2,text,reflow,3,5,submit_us,prior,updated45,2005.0276665000001,2013.1386665,2009.875,2009.9791665,-1.3268335000000206,"[-12.416166500000031, 11.035333499999979]",-0.0657356332998682,"[-0.6144238246424294, 0.5503867855919276]",12,5,60,10000
cpu,stock,2,text,reflow,3,5,complete_us,prior,updated45,2005.062167,2013.1665,2009.9234999999999,2010.007,-1.3334999999999582,"[-12.423334000000068, 11.041999999999916]",-0.06606963550387923,"[-0.6147684545091292, 0.5507106151239727]",12,5,60,10000
cpu,stock,2,text,reflow,3,5,draw_us,prior,final,2004.4650000000001,2019.576333,2009.257,2022.6528335,13.11816650000003,"[-3.86099999999999, 24.93083349999995]",0.6651467207975048,"[-0.19285326150167426, 1.221064038566444]",12,5,60,10000
cpu,stock,2,text,reflow,3,5,submit_us,prior,final,2005.0276665000001,2020.0621664999999,2009.875,2023.1805,13.069499999999948,"[-3.8123335000000225, 24.965333500000042]",0.662517479050706,"[-0.19037060961901164, 1.2222354852900352]",12,5,60,10000
cpu,stock,2,text,reflow,3,5,complete_us,prior,final,2005.062167,2020.0971665,2009.9234999999999,2023.2221665,13.062666500000091,"[-3.8193330000000287, 24.94466650000004]",0.6621612575172242,"[-0.19071797906947685, 1.2211796137824638]",12,5,60,10000
cpu,stock,2,text,reflow,3,5,draw_us,updated45,final,2012.6038334999998,2019.576333,2009.4515000000001,2022.6528335,10.097166499999958,"[-10.27800000000002, 39.14566649999995]",0.5053794526813982,"[-0.5090874292185688, 1.9703800463223509]",12,5,60,10000
cpu,stock,2,text,reflow,3,5,submit_us,updated45,final,2013.1386665,2020.0621664999999,2009.9791665,2023.1805,10.041666999999961,"[-10.14616650000005, 39.152665999999954]",0.5024334099744898,"[-0.5024417559064409, 1.9702520694378167]",12,5,60,10000
cpu,stock,2,text,reflow,3,5,complete_us,updated45,final,2013.1665,2020.0971665,2010.007,2023.2221665,10.055333500000074,"[-10.152832999999987, 39.152666499999896]",0.5031081353744415,"[-0.5027632481787336, 1.9702351494229386]",12,5,60,10000
cpu,stock,2,text,size_advance,12,"{""final"": 6068, ""master"": 6066, ""prior"": 6066, ""updated45"": 6066}",draw_us,master,prior,5044.720542,4879.73275,5041.5105,4880.461875000001,-182.6805005000001,"[-226.69783299999972, -159.04341599999998]",-3.646590009592626,"[-4.391984037454144, -3.179526738257171]",12,5,60,10000
cpu,stock,2,text,size_advance,12,"{""final"": 6068, ""master"": 6066, ""prior"": 6066, ""updated45"": 6066}",submit_us,master,prior,5045.46525,4880.529500000001,5042.3507915,4881.180583,-182.65795849999995,"[-226.91312499999958, -159.05579149999994]",-3.6456296833933424,"[-4.3953231444667065, -3.179220238971597]",12,5,60,10000
cpu,stock,2,text,size_advance,12,"{""final"": 6068, ""master"": 6066, ""prior"": 6066, ""updated45"": 6066}",complete_us,master,prior,5045.487875,4880.555542,5042.375083499999,4881.213625,-182.6666664999998,"[-226.90624950000029, -159.06083400000034]",-3.6457798736729217,"[-4.395171169672013, -3.1792994089069273]",12,5,60,10000
cpu,stock,2,text,size_advance,12,"{""final"": 6068, ""master"": 6066, ""prior"": 6066, ""updated45"": 6066}",draw_us,master,updated45,5044.720542,4899.215375,5041.5105,4893.7724579999995,-132.4617085,"[-179.51037499999984, -101.72404150000011]",-2.6441447612083726,"[-3.5434187091251346, -1.9858633325745834]",12,5,60,10000
cpu,stock,2,text,size_advance,12,"{""final"": 6068, ""master"": 6066, ""prior"": 6066, ""updated45"": 6066}",submit_us,master,updated45,5045.46525,4899.828125,5042.3507915,4894.461708000001,-132.45654149999973,"[-179.54854150000028, -101.892292]",-2.6436703769513734,"[-3.5436551103428027, -1.9887064460779702]",12,5,60,10000
cpu,stock,2,text,size_advance,12,"{""final"": 6068, ""master"": 6066, ""prior"": 6066, ""updated45"": 6066}",complete_us,master,updated45,5045.487875,4899.859375,5042.375083499999,4894.4912915,-132.46000000000004,"[-179.54154149999977, -101.88529150000022]",-2.6437225478714743,"[-3.5435006080935807, -1.9885662436130158]",12,5,60,10000
cpu,stock,2,text,size_advance,12,"{""final"": 6068, ""master"": 6066, ""prior"": 6066, ""updated45"": 6066}",draw_us,master,final,5044.720542,4900.533,5041.5105,4910.53825,-131.58504149999953,"[-184.56945849999966, -109.37679150000031]",-2.6695296409689426,"[-3.6453996569360436, -2.130010781394293]",12,5,60,10000
cpu,stock,2,text,size_advance,12,"{""final"": 6068, ""master"": 6066, ""prior"": 6066, ""updated45"": 6066}",submit_us,master,final,5045.46525,4901.3195,5042.3507915,4911.2326665,-131.59887449999997,"[-184.5607500000001, -109.4063329999999]",-2.6694200807376003,"[-3.6446987179104715, -2.130862330486644]",12,5,60,10000
cpu,stock,2,text,size_advance,12,"{""final"": 6068, ""master"": 6066, ""prior"": 6066, ""updated45"": 6066}",complete_us,master,final,5045.487875,4901.3542915,5042.375083499999,4911.2673335,-131.59204199999976,"[-184.54854150000028, -109.41499999999951]",-2.6692617202044353,"[-3.6444423499217784, -2.130795527751217]",12,5,60,10000
cpu,stock,2,text,size_advance,12,"{""final"": 6068, ""master"": 6066, ""prior"": 6066, ""updated45"": 6066}",draw_us,prior,updated45,4879.73275,4899.215375,4880.461875000001,4893.7724579999995,23.605958999999984,"[-0.14775050000071133, 79.93575000000055]",0.4834492049151873,"[-0.0030307752481861794, 1.610846846726266]",12,5,60,10000
cpu,stock,2,text,size_advance,12,"{""final"": 6068, ""master"": 6066, ""prior"": 6066, ""updated45"": 6066}",submit_us,prior,updated45,4880.529500000001,4899.828125,4881.180583,4894.461708000001,23.63012499999968,"[-0.3021249999997053, 79.89233349999995]",0.4838880919622035,"[-0.006190856341603546, 1.6097058945448883]",12,5,60,10000
cpu,stock,2,text,size_advance,12,"{""final"": 6068, ""master"": 6066, ""prior"": 6066, ""updated45"": 6066}",complete_us,prior,updated45,4880.555542,4899.859375,4881.213625,4894.4912915,23.63187499999958,"[-0.3090834999998151, 79.89945800000032]",0.48392046082360585,"[-0.00633317831673641, 1.6098421560434173]",12,5,60,10000
cpu,stock,2,text,size_advance,12,"{""final"": 6068, ""master"": 6066, ""prior"": 6066, ""updated45"": 6066}",draw_us,prior,final,4879.73275,4900.533,4880.461875000001,4910.53825,40.309041499999694,"[-4.737833500000306, 59.663333500000135]",0.8298390097072339,"[-0.092540304744404, 1.25842680093754]",12,5,60,10000
cpu,stock,2,text,size_advance,12,"{""final"": 6068, ""master"": 6066, ""prior"": 6066, ""updated45"": 6066}",submit_us,prior,final,4880.529500000001,4901.3195,4881.180583,4911.2326665,40.35429200000044,"[-4.697791000000052, 59.758749999999964]",0.8306347233724254,"[-0.09175805772618784, 1.2602321477416023]",12,5,60,10000
cpu,stock,2,text,size_advance,12,"{""final"": 6068, ""master"": 6066, ""prior"": 6066, ""updated45"": 6066}",complete_us,prior,final,4880.555542,4901.3542915,4881.213625,4911.2673335,40.35429150000027,"[-4.685709000000315, 59.76733299999978]",0.8306298113820776,"[-0.09151817123282391, 1.260407036897948]",12,5,60,10000
cpu,stock,2,text,size_advance,12,"{""final"": 6068, ""master"": 6066, ""prior"": 6066, ""updated45"": 6066}",draw_us,updated45,final,4899.215375,4900.533,4893.7724579999995,4910.53825,4.461583499999961,"[-18.51212500000065, 29.739708000000064]",0.08929792736487308,"[-0.3754198454372859, 0.608866932425256]",12,5,60,10000
cpu,stock,2,text,size_advance,12,"{""final"": 6068, ""master"": 6066, ""prior"": 6066, ""updated45"": 6066}",submit_us,updated45,final,4899.828125,4901.3195,4894.461708000001,4911.2326665,4.59545799999978,"[-18.551833499999702, 29.899458500000037]",0.09188865142900626,"[-0.37614856534102237, 0.6120442862364461]",12,5,60,10000
cpu,stock,2,text,size_advance,12,"{""final"": 6068, ""master"": 6066, ""prior"": 6066, ""updated45"": 6066}",complete_us,updated45,final,4899.859375,4901.3542915,4894.4912915,4911.2673335,4.588333499999862,"[-18.545124999999643, 29.903041499999745]",0.09174410433998581,"[-0.37601244251324606, 0.6121140664278824]",12,5,60,10000
cpu,stock,2,text,size_return,12,0,draw_us,master,prior,278.13379150000003,276.515625,278.13379150000003,276.08158349999997,-2.26208299999999,"[-8.996499999999997, 0.9044580000000053]",-0.8192623117138198,"[-3.079108499398908, 0.3333052304659412]",12,5,60,10000
cpu,stock,2,text,size_return,12,0,submit_us,master,prior,278.53125,276.914917,278.53125,276.46695850000003,-2.283083500000032,"[-9.04679200000001, 0.9095414999999889]",-0.8256868895632152,"[-3.0914980622127555, 0.3345734716986626]",12,5,60,10000
cpu,stock,2,text,size_return,12,0,complete_us,master,prior,278.5607915,276.94254149999995,278.5607915,276.49120800000003,-2.28125,"[-9.045124499999986, 0.9029165000000035]",-0.8249358894273084,"[-3.090828603638307, 0.33215514252473155]",12,5,60,10000
cpu,stock,2,text,size_return,12,0,draw_us,master,updated45,278.13379150000003,278.8854585,278.13379150000003,277.883625,0.8437915000000373,"[-5.029583000000002, 3.828249999999997]",0.30562519346614136,"[-1.8132111972103349, 1.40857313179783]",12,5,60,10000
cpu,stock,2,text,size_return,12,0,submit_us,master,updated45,278.53125,279.2865835,278.53125,278.256875,0.7498749999999745,"[-5.029458500000004, 3.795166499999965]",0.2714261983061461,"[-1.810616425496847, 1.4076628217545406]",12,5,60,10000
cpu,stock,2,text,size_return,12,0,complete_us,master,updated45,278.5607915,279.324708,278.5607915,278.293417,0.7500004999999703,"[-5.026083499999999, 3.7902500000000146]",0.27138686372476517,"[-1.80923392258438, 1.4063888829042748]",12,5,60,10000
cpu,stock,2,text,size_return,12,0,draw_us,master,final,278.13379150000003,281.85933350000005,278.13379150000003,279.234375,0.380083500000012,"[-2.6458744999999624, 7.524208000000016]",0.13706245433744435,"[-0.9527164088511786, 2.7967868801739404]",12,5,60,10000
cpu,stock,2,text,size_return,12,0,submit_us,master,final,278.53125,282.23425,278.53125,279.61974999999995,0.38875049999998623,"[-2.680666500000001, 7.5102914999999655]",0.13999152472160548,"[-0.9639536654713621, 2.7876236094625084]",12,5,60,10000
cpu,stock,2,text,size_return,12,0,complete_us,master,final,278.5607915,282.2708335,278.5607915,279.656375,0.39412449999997534,"[-2.6769999999999925, 7.512292000000002]",0.14190808663455678,"[-0.9625199975035303, 2.7880539644571045]",12,5,60,10000
cpu,stock,2,text,size_return,12,0,draw_us,prior,updated45,276.515625,278.8854585,276.08158349999997,277.883625,-0.23937499999999545,"[-2.5592919999999992, 3.9686670000000106]",-0.08881999153153575,"[-0.9238578228130456, 1.4428795927530436]",12,5,60,10000
cpu,stock,2,text,size_return,12,0,submit_us,prior,updated45,276.914917,279.2865835,276.46695850000003,278.256875,-0.258542000000034,"[-2.5523335000000316, 3.9756670000000156]",-0.09576650002593445,"[-0.9201483886154549, 1.4434035269215828]",12,5,60,10000
cpu,stock,2,text,size_return,12,0,complete_us,prior,updated45,276.94254149999995,279.324708,276.49120800000003,278.293417,-0.2637914999999964,"[-2.547166500000003, 3.973917]",-0.09770139694291746,"[-0.9182324604649961, 1.4425629112220562]",12,5,60,10000
cpu,stock,2,text,size_return,12,0,draw_us,prior,final,276.515625,281.85933350000005,276.08158349999997,279.234375,3.9425420000000315,"[1.230875000000026, 6.543499499999996]",1.41273887091945,"[0.4452695175631183, 2.3491555464613123]",12,5,60,10000
cpu,stock,2,text,size_return,12,0,submit_us,prior,final,276.914917,282.23425,276.46695850000003,279.61974999999995,3.939041999999972,"[1.2204585000000066, 6.5662079999999605]",1.4046883301948587,"[0.4408992825733704, 2.353922164106026]",12,5,60,10000
cpu,stock,2,text,size_return,12,0,complete_us,prior,final,276.94254149999995,282.2708335,276.49120800000003,279.656375,3.93383350000002,"[1.2292084999999986, 6.5607914999999934]",1.406335067625275,"[0.4439910847258921, 2.3517526084875784]",12,5,60,10000
cpu,stock,2,text,size_return,12,0,draw_us,updated45,final,278.8854585,281.85933350000005,277.883625,279.234375,3.248124500000017,"[-0.30204100000000267, 5.645667000000003]",1.195817327871207,"[-0.11678053893465212, 2.0709611646623105]",12,5,60,10000
cpu,stock,2,text,size_return,12,0,submit_us,updated45,final,279.2865835,282.23425,278.256875,279.61974999999995,3.241250000000008,"[-0.3054584999999861, 5.6509585000000015]",1.191747350063288,"[-0.11797091926543657, 2.0725794681560106]",12,5,60,10000
cpu,stock,2,text,size_return,12,0,complete_us,updated45,final,279.324708,282.2708335,278.293417,279.656375,3.2464169999999797,"[-0.2931669999999542, 5.6457499999999925]",1.193576531380458,"[-0.11353058566312413, 2.0704166406986912]",12,5,60,10000
cpu,stock,2,text,warm,30,0,draw_us,master,prior,262.114567,260.4666165,261.9208335,261.1979,-1.1179335000000208,"[-5.118032999999997, 0.7693994999999916]",-0.42738897620119287,"[-1.8770844676903597, 0.30489131008012427]",12,5,60,10000
cpu,stock,2,text,warm,30,0,submit_us,master,prior,262.43753300000003,260.77365,262.2661665,261.5173335,-1.134699999999981,"[-5.15341699999999, 0.725616500000001]",-0.43326670062078243,"[-1.8865748464330812, 0.28792838968801915]",12,5,60,10000
cpu,stock,2,text,warm,30,0,complete_us,master,prior,262.4590665,260.79235,262.2835,261.53885,-1.1347499999999968,"[-5.150033499999978, 0.7215169999999915]",-0.43325401385740925,"[-1.8853056452498684, 0.28630088852920066]",12,5,60,10000
cpu,stock,2,text,warm,30,0,draw_us,master,updated45,262.114567,261.26811699999996,261.9208335,259.9854335,-1.3284994999999924,"[-5.885349999999988, 4.081399999999988]",-0.5025236943405176,"[-2.247728013372602, 1.5963986329142976]",12,5,60,10000
cpu,stock,2,text,warm,30,0,submit_us,master,updated45,262.43753300000003,261.56534999999997,262.2661665,260.2875335,-1.3375329999999792,"[-5.909099999999995, 4.072116500000021]",-0.5053388357548316,"[-2.253669380595147, 1.59098470757838]",12,5,60,10000
cpu,stock,2,text,warm,30,0,complete_us,master,updated45,262.4590665,261.589517,262.2835,260.30690000000004,-1.338299500000005,"[-5.909800500000003, 4.072817000000015]",-0.5055781758913636,"[-2.253780142645562, 1.591043671960135]",12,5,60,10000
cpu,stock,2,text,warm,30,0,draw_us,master,final,262.114567,263.361817,261.9208335,263.657667,2.3979499999999945,"[-2.6354499999999916, 5.608999499999996]",0.9407895087534035,"[-1.0002146027107695, 2.195633832453081]",12,5,60,10000
cpu,stock,2,text,warm,30,0,submit_us,master,final,262.43753300000003,263.6590665,262.2661665,263.949333,2.402132999999992,"[-2.6569834999999955, 5.593017000000003]",0.9414885792650263,"[-1.0072232114295143, 2.1866153854487314]",12,5,60,10000
cpu,stock,2,text,warm,30,0,complete_us,master,final,262.4590665,263.680617,262.2835,263.9694835,2.399384000000012,"[-2.6584499999999878, 5.590966499999993]",0.9403148789180138,"[-1.007699495044001, 2.185643546431293]",12,5,60,10000
cpu,stock,2,text,warm,30,0,draw_us,prior,updated45,260.4666165,261.26811699999996,261.1979,259.9854335,0.4973164999999824,"[-2.276416499999982, 4.2007505000000265]",0.19219414213784702,"[-0.8712749859606628, 1.6152241778940812]",12,5,60,10000
cpu,stock,2,text,warm,30,0,submit_us,prior,updated45,260.77365,261.56534999999997,261.5173335,260.2875335,0.46048300000001063,"[-2.28966650000001, 4.189516500000025]",0.17776035248258104,"[-0.8752889397195818, 1.6089410831327755]",12,5,60,10000
cpu,stock,2,text,warm,30,0,complete_us,prior,updated45,260.79235,261.589517,261.53885,260.30690000000004,0.46110000000001605,"[-2.291700499999962, 4.194433500000002]",0.17798522180908494,"[-0.8760097300774317, 1.6107080664371942]",12,5,60,10000
cpu,stock,2,text,warm,30,0,draw_us,prior,final,260.4666165,263.361817,261.1979,263.657667,2.250833499999999,"[1.7250000000000085, 3.4978664999999864]",0.8611670525447312,"[0.6710202300607149, 1.3582616474597908]",12,5,60,10000
cpu,stock,2,text,warm,30,0,submit_us,prior,final,260.77365,263.6590665,261.5173335,263.949333,2.2207830000000115,"[1.698582999999985, 3.470666499999993]",0.8485959740122451,"[0.6656185394139591, 1.3460380355379997]",12,5,60,10000
cpu,stock,2,text,warm,30,0,complete_us,prior,final,260.79235,263.680617,261.53885,263.9694835,2.2223165000000336,"[1.6992165000000057, 3.468683500000026]",0.8491142175495403,"[0.6658186976830738, 1.3451393990044913]",12,5,60,10000
cpu,stock,2,text,warm,30,0,draw_us,updated45,final,261.26811699999996,263.361817,259.9854335,263.657667,2.213233500000001,"[-0.9334505000000206, 7.4617829999999685]",0.8465489072628007,"[-0.36477038241718995, 2.7974840169821102]",12,5,60,10000
cpu,stock,2,text,warm,30,0,submit_us,updated45,final,261.56534999999997,263.6590665,260.2875335,263.949333,2.2027994999999976,"[-0.9263835000000142, 7.4707500000000095]",0.8415851536799912,"[-0.36156144548131763, 2.7974211075726063]",12,5,60,10000
cpu,stock,2,text,warm,30,0,complete_us,updated45,final,261.589517,263.680617,260.30690000000004,263.9694835,2.199383499999982,"[-0.9229329999999862, 7.471566999999993]",0.8402045461365582,"[-0.3601998163213771, 2.797584904241268]",12,5,60,10000
cpu,stock,2,text,x_advance,10,666,draw_us,master,prior,415.74175,381.23125,415.24165,380.01245,-36.42500000000001,"[-39.14160000000001, -33.120750000000015]",-8.493215237434477,"[-9.405685049476986, -7.764365750628539]",12,5,60,10000
cpu,stock,2,text,x_advance,10,666,submit_us,master,prior,416.13965,381.60625,415.62919999999997,380.373,-36.427099999999996,"[-39.21449999999999, -33.08540000000002]",-8.504980606314334,"[-9.399932916580152, -7.748846299281375]",12,5,60,10000
cpu,stock,2,text,x_advance,10,666,complete_us,master,prior,416.16675,381.63135,415.6603,380.4062,-36.41250000000002,"[-39.22290000000001, -33.07499999999999]",-8.504234669038958,"[-9.399686931789368, -7.746395901998637]",12,5,60,10000
cpu,stock,2,text,x_advance,10,666,draw_us,master,updated45,415.74175,381.7668,415.24165,382.0856,-34.64789999999999,"[-43.80005000000003, -29.7937]",-8.352822197828525,"[-10.475392876333483, -7.146794447538768]",12,5,60,10000
cpu,stock,2,text,x_advance,10,666,submit_us,master,updated45,416.13965,382.1648,415.62919999999997,382.48355,-34.62925000000001,"[-43.816749999999985, -29.768849999999986]",-8.341011538365494,"[-10.46985900429736, -7.134363667510474]",12,5,60,10000
cpu,stock,2,text,x_advance,10,666,complete_us,master,updated45,416.16675,382.192,415.6603,382.51689999999996,-34.635400000000004,"[-43.821, -29.76044999999999]",-8.341828561856884,"[-10.470161828063473, -7.1320078628509975]",12,5,60,10000
cpu,stock,2,text,x_advance,10,666,draw_us,master,final,415.74175,382.85625,415.24165,384.28975,-32.06035,"[-37.47904999999997, -25.41255000000001]",-7.857605230010096,"[-8.94957642951995, -6.130942998834865]",12,5,60,10000
cpu,stock,2,text,x_advance,10,666,submit_us,master,final,416.13965,383.2251,415.62919999999997,384.70635000000004,-32.03755000000001,"[-37.45819999999998, -25.4229]",-7.843293158766212,"[-8.94449549405788, -6.1277165974498455]",12,5,60,10000
cpu,stock,2,text,x_advance,10,666,complete_us,master,final,416.16675,383.25205000000005,415.6603,384.74185,-32.04570000000001,"[-37.45400000000001, -25.41470000000001]",-7.845648089596913,"[-8.944185638778436, -6.125428652458748]",12,5,60,10000
cpu,stock,2,text,x_advance,10,666,draw_us,prior,updated45,381.23125,381.7668,380.01245,382.0856,0.918549999999982,"[-5.983450000000005, 6.456349999999986]",0.2501404010399333,"[-1.5657154748794144, 1.7077737885570432]",12,5,60,10000
cpu,stock,2,text,x_advance,10,666,submit_us,prior,updated45,381.60625,382.1648,380.373,382.48355,0.9248500000000206,"[-6.027249999999981, 6.527150000000006]",0.25160252574715214,"[-1.575440690541846, 1.7249051796011772]",12,5,60,10000
cpu,stock,2,text,x_advance,10,666,complete_us,prior,updated45,381.63135,382.192,380.4062,382.51689999999996,0.9248000000000047,"[-6.037750000000017, 6.524950000000018]",0.25158218844282265,"[-1.5780269620437382, 1.7241637848608438]",12,5,60,10000
cpu,stock,2,text,x_advance,10,666,draw_us,prior,final,381.23125,382.85625,380.01245,384.28975,4.6042500000000075,"[-0.412399999999991, 7.662499999999994]",1.2196737905636024,"[-0.10668053713819292, 2.029327966120431]",12,5,60,10000
cpu,stock,2,text,x_advance,10,666,submit_us,prior,final,381.60625,383.2251,380.373,384.70635000000004,4.637700000000024,"[-0.4104499999999689, 7.676850000000002]",1.2273430856753809,"[-0.10602882954007242, 2.031100439277256]",12,5,60,10000
cpu,stock,2,text,x_advance,10,666,complete_us,prior,final,381.63135,383.25205000000005,380.4062,384.74185,4.643900000000002,"[-0.40815000000000623, 7.6728999999999985]",1.2288838377455424,"[-0.10590253516213899, 2.0299079453245494]",12,5,60,10000
cpu,stock,2,text,x_advance,10,666,draw_us,updated45,final,381.7668,382.85625,382.0856,384.28975,2.158450000000016,"[-0.06674999999998477, 7.472800000000035]",0.5688293409802037,"[-0.017582653619346855, 1.9701772091741732]",12,5,60,10000
cpu,stock,2,text,x_advance,10,666,submit_us,updated45,final,382.1648,383.2251,382.48355,384.70635000000004,2.191900000000004,"[-0.10635000000002037, 7.475200000000001]",0.5770516418760918,"[-0.02783043678306063, 1.9688918749490414]",12,5,60,10000
cpu,stock,2,text,x_advance,10,666,complete_us,updated45,final,382.192,383.25205000000005,382.51689999999996,384.74185,2.185699999999997,"[-0.10425000000003593, 7.483249999999998]",0.5753777340103627,"[-0.027248359852577453, 1.9708921535254165]",12,5,60,10000
cpu,stock,2,text,x_return,10,0,draw_us,master,prior,265.96659999999997,267.49365,265.69365,266.66675,1.7374499999999955,"[-0.7916499999999758, 5.354349999999982]",0.6502715152923222,"[-0.29559643151914616, 1.9564820089485013]",12,5,60,10000
cpu,stock,2,text,x_return,10,0,submit_us,master,prior,266.32275000000004,267.8438,266.04785,267.0105,1.712299999999999,"[-0.80204999999998, 5.233300000000014]",0.640065147681701,"[-0.2990877276252024, 1.9098103652778642]",12,5,60,10000
cpu,stock,2,text,x_return,10,0,complete_us,master,prior,266.3541,267.8728,266.07905,267.03965000000005,1.7104000000000212,"[-0.8041499999999644, 5.237599999999986]",0.6392583324077328,"[-0.299846336160281, 1.9111035855351233]",12,5,60,10000
cpu,stock,2,text,x_return,10,0,draw_us,master,updated45,265.96659999999997,266.80830000000003,265.69365,266.9479,2.033650000000023,"[-5.725249999999988, 5.227099999999993]",0.7658997792241773,"[-2.051289482216051, 1.9683491970181488]",12,5,60,10000
cpu,stock,2,text,x_return,10,0,submit_us,master,updated45,266.32275000000004,267.15824999999995,266.04785,267.2875,2.0146000000000015,"[-5.781499999999994, 5.212599999999995]",0.7577075891342044,"[-2.1028710517412286, 1.9674570343704678]",12,5,60,10000
cpu,stock,2,text,x_return,10,0,complete_us,master,updated45,266.3541,267.1853,266.07905,267.31885,2.019049999999993,"[-5.7792499999999905, 5.193850000000012]",0.7592864304638791,"[-2.0973420019877675, 1.962999650653341]",12,5,60,10000
cpu,stock,2,text,x_return,10,0,draw_us,master,final,265.96659999999997,270.60005,265.69365,271.1854,6.4021000000000186,"[3.3041000000000054, 8.00014999999999]",2.4430774949308565,"[1.2395557502128063, 3.032511891820222]",12,5,60,10000
cpu,stock,2,text,x_return,10,0,submit_us,master,final,266.32275000000004,270.9418,266.04785,271.51660000000004,6.3770000000000095,"[3.23305000000002, 7.987549999999999]",2.430287141838028,"[1.2115548192924042, 3.023629003793593]",12,5,60,10000
cpu,stock,2,text,x_return,10,0,complete_us,master,final,266.3541,270.96895,266.07905,271.5457,6.387649999999979,"[3.231099999999998, 7.987600000000015]",2.434075095808963,"[1.2107132569826984, 3.023282937090044]",12,5,60,10000
cpu,stock,2,text,x_return,10,0,draw_us,prior,updated45,267.49365,266.80830000000003,266.66675,266.9479,-0.008299999999991314,"[-4.9666, 2.464499999999987]",-0.0039477008935417945,"[-1.8481927616944616, 0.9280892865765944]",12,5,60,10000
cpu,stock,2,text,x_return,10,0,submit_us,prior,updated45,267.8438,267.15824999999995,267.0105,267.2875,-0.004050000000006548,"[-4.974999999999966, 2.456099999999992]",-0.002239477045812288,"[-1.848921494585537, 0.9237557574559796]",12,5,60,10000
cpu,stock,2,text,x_return,10,0,complete_us,prior,updated45,267.8728,267.1853,267.03965000000005,267.31885,-0.014450000000010732,"[-4.964349999999996, 2.456299999999999]",-0.006277296632722917,"[-1.8448446043407674, 0.9236965783449458]",12,5,60,10000
cpu,stock,2,text,x_return,10,0,draw_us,prior,final,267.49365,270.60005,266.66675,271.1854,4.576999999999998,"[-0.7769499999999994, 7.966549999999984]",1.7552542957108286,"[-0.29042540347061774, 2.9996160336927646]",12,5,60,10000
cpu,stock,2,text,x_return,10,0,submit_us,prior,final,267.8438,270.9418,267.0105,271.51660000000004,4.58114999999998,"[-0.8019999999999925, 7.972750000000019]",1.7545941728283276,"[-0.29932316074539056, 2.998162339988786]",12,5,60,10000
cpu,stock,2,text,x_return,10,0,complete_us,prior,final,267.8728,270.96895,267.03965000000005,271.5457,4.585250000000002,"[-0.7852000000000032, 7.964649999999978]",1.7559660981243508,"[-0.2930877692946088, 2.9947253560847598]",12,5,60,10000
cpu,stock,2,text,x_return,10,0,draw_us,updated45,final,266.80830000000003,270.60005,266.9479,271.1854,4.849950000000007,"[2.870749999999987, 6.456050000000005]",1.8384170783280473,"[1.076601165632407, 2.3445352035699973]",12,5,60,10000
cpu,stock,2,text,x_return,10,0,submit_us,updated45,final,267.15824999999995,270.9418,267.2875,271.51660000000004,4.852000000000004,"[2.8708500000000186, 6.4666]",1.8368409695088794,"[1.0753052615822045, 2.3453362766976182]",12,5,60,10000
cpu,stock,2,text,x_return,10,0,complete_us,updated45,final,267.1853,270.96895,267.31885,271.5457,4.852049999999991,"[2.872649999999993, 6.462500000000006]",1.8367186849173045,"[1.0758320821482759, 2.3434781074880395]",12,5,60,10000
cpu,stock,2,text,y_advance,10,0,draw_us,master,prior,259.71455000000003,261.1396,259.49170000000004,260.44579999999996,0.21044999999998026,"[-2.306350000000009, 3.920900000000003]",0.08128967465498849,"[-0.8487368399137996, 1.5467929840614292]",12,5,60,10000
cpu,stock,2,text,y_advance,10,0,submit_us,master,prior,260.0395,261.42505,259.80005,260.73519999999996,0.18744999999998413,"[-2.3250500000000045, 3.9143499999999847]",0.0723789444198708,"[-0.854753910820466, 1.5423323554353718]",12,5,60,10000
cpu,stock,2,text,y_advance,10,0,complete_us,master,prior,260.06235000000004,261.4605,259.83125,260.7749,0.19360000000000355,"[-2.3292999999999893, 3.9249499999999955]",0.07472505579720345,"[-0.8563579646586994, 1.5463282558545455]",12,5,60,10000
cpu,stock,2,text,y_advance,10,0,draw_us,master,updated45,259.71455000000003,261.49595,259.49170000000004,261.52725,2.4312500000000057,"[-0.7311499999999995, 4.145999999999987]",0.9317107079595544,"[-0.283424339175542, 1.6019811707592702]",12,5,60,10000
cpu,stock,2,text,y_advance,10,0,submit_us,master,updated45,260.0395,261.8084,259.80005,261.81245,2.4250000000000114,"[-0.7519999999999811, 4.116749999999996]",0.9281897941840866,"[-0.29110575492571344, 1.5887052423783632]",12,5,60,10000
cpu,stock,2,text,y_advance,10,0,complete_us,master,updated45,260.06235000000004,261.83135000000004,259.83125,261.85005,2.4270500000000084,"[-0.7478000000000264, 4.116800000000012]",0.9288524250730457,"[-0.28944627871924644, 1.588519158426971]",12,5,60,10000
cpu,stock,2,text,y_advance,10,0,draw_us,master,final,259.71455000000003,263.91044999999997,259.49170000000004,263.05635,3.843849999999989,"[-1.8582500000000124, 7.08544999999998]",1.4973077147170777,"[-0.7279131926434035, 2.7306359250490964]",12,5,60,10000
cpu,stock,2,text,y_advance,10,0,submit_us,master,final,260.0395,264.21245,259.80005,263.3521,3.8209499999999963,"[-1.866800000000012, 7.072800000000001]",1.4865465399785616,"[-0.7303902296281972, 2.7225350639974]",12,5,60,10000
cpu,stock,2,text,y_advance,10,0,complete_us,master,final,260.06235000000004,264.248,259.83125,263.37085,3.8146500000000003,"[-1.8750000000000142, 7.074999999999989]",1.4839726985613422,"[-0.7334222360740661, 2.723056742734664]",12,5,60,10000
cpu,stock,2,text,y_advance,10,0,draw_us,prior,updated45,261.1396,261.49595,260.44579999999996,261.52725,-0.34594999999997356,"[-3.747799999999984, 3.604150000000004]",-0.139798863364482,"[-1.4203165184764555, 1.400675655102257]",12,5,60,10000
cpu,stock,2,text,y_advance,10,0,submit_us,prior,updated45,261.42505,261.8084,260.73519999999996,261.81245,-0.3585999999999814,"[-3.800299999999993, 3.595850000000027]",-0.1445984152949109,"[-1.4382703802774288, 1.3958036972820942]",12,5,60,10000
cpu,stock,2,text,y_advance,10,0,complete_us,prior,updated45,261.4605,261.83135000000004,260.7749,261.85005,-0.3730500000000063,"[-3.7896499999999946, 3.606400000000008]",-0.15021763907062113,"[-1.4341451772324598, 1.3998100629513899]",12,5,60,10000
cpu,stock,2,text,y_advance,10,0,draw_us,prior,final,261.1396,263.91044999999997,260.44579999999996,263.05635,1.2438000000000216,"[-3.8666500000000212, 5.4894999999999925]",0.4759425290929653,"[-1.4578609305788304, 2.1182973675710537]",12,5,60,10000
cpu,stock,2,text,y_advance,10,0,submit_us,prior,final,261.42505,264.21245,260.73519999999996,263.3521,1.2501500000000192,"[-3.916650000000004, 5.501800000000003]",0.4778547685155843,"[-1.474798851425252, 2.120702737236646]",12,5,60,10000
cpu,stock,2,text,y_advance,10,0,complete_us,prior,final,261.4605,264.248,260.7749,263.37085,1.2542999999999722,"[-3.9144000000000005, 5.491600000000005]",0.47938617927459903,"[-1.4738129960485291, 2.1164910346311405]",12,5,60,10000
cpu,stock,2,text,y_advance,10,0,draw_us,updated45,final,261.49595,263.91044999999997,261.52725,263.05635,2.8187499999999943,"[-0.4292000000000087, 4.652150000000034]",1.0607395351455717,"[-0.16344197533488258, 1.7772277795187863]",12,5,60,10000
cpu,stock,2,text,y_advance,10,0,submit_us,updated45,final,261.8084,264.21245,261.81245,263.3521,2.8208499999999788,"[-0.43319999999999936, 4.650350000000003]",1.0603203447695164,"[-0.16478576343103568, 1.7745868672546905]",12,5,60,10000
cpu,stock,2,text,y_advance,10,0,complete_us,updated45,final,261.83135000000004,264.248,261.85005,263.37085,2.814600000000013,"[-0.4499500000000012, 4.656449999999978]",1.0578355977442833,"[-0.17112253232655084, 1.7767246237768153]",12,5,60,10000
cpu,vollkorn,2,demo,first_paint,1,269,draw_us,master,prior,6742.521000000001,4526.25,6715.5005,4514.6875,-2215.1045000000004,"[-2304.5625, -2164.3325]",-32.91367159632009,"[-34.060624661709795, -32.30137080296475]",12,5,60,10000
cpu,vollkorn,2,demo,first_paint,1,269,submit_us,master,prior,6745.333500000001,4528.478999999999,6717.7715,4517.1875,-2214.9795,"[-2304.5415, -2164.4165]",-32.90032096999441,"[-34.04169306946337, -32.29137588476664]",12,5,60,10000
cpu,vollkorn,2,demo,first_paint,1,269,complete_us,master,prior,6745.353999999999,4528.521000000001,6717.8125,4517.208500000001,-2214.979,"[-2304.5409999999993, -2164.3955]",-32.900213789043825,"[-34.04156716642966, -32.29096392080219]",12,5,60,10000
cpu,vollkorn,2,demo,first_paint,1,269,draw_us,master,updated45,6742.521000000001,4502.354,6715.5005,4498.9995,-2268.4170000000004,"[-2342.167, -2199.3965]",-33.367920290421694,"[-34.687546550325244, -32.791991311221565]",12,5,60,10000
cpu,vollkorn,2,demo,first_paint,1,269,submit_us,master,updated45,6745.333500000001,4504.75,6717.7715,4501.312,-2268.2915,"[-2342.396, -2199.5215000000003]",-33.35545178385431,"[-34.6801101482226, -32.78398043584644]",12,5,60,10000
cpu,vollkorn,2,demo,first_paint,1,269,complete_us,master,updated45,6745.353999999999,4504.7705000000005,6717.8125,4501.333,-2268.2495,"[-2342.3545, -2199.5415]",-33.35482888649296,"[-34.67948366723007, -32.78407764713905]",12,5,60,10000
cpu,vollkorn,2,demo,first_paint,1,269,draw_us,master,final,6742.521000000001,4576.6044999999995,6715.5005,4552.375,-2197.271,"[-2256.333, -2140.3335]",-32.61083007386769,"[-33.60930858370767, -31.82689351683849]",12,5,60,10000
cpu,vollkorn,2,demo,first_paint,1,269,submit_us,master,final,6745.333500000001,4578.896,6717.7715,4554.728999999999,-2197.2704999999996,"[-2256.2709999999997, -2140.4175]",-32.60319874486396,"[-33.597230374948715, -31.81670516726977]",12,5,60,10000
cpu,vollkorn,2,demo,first_paint,1,269,complete_us,master,final,6745.353999999999,4578.896,6717.8125,4554.728999999999,-2197.27,"[-2256.25, -2140.4170000000004]",-32.603298798934745,"[-33.59681503551539, -31.8166014348892]",12,5,60,10000
cpu,vollkorn,2,demo,first_paint,1,269,draw_us,prior,updated45,4526.25,4502.354,4514.6875,4498.9995,-15.542500000000473,"[-82.10450000000037, 9.979500000000371]",-0.3447694715647265,"[-1.738696515007948, 0.21832332201828786]",12,5,60,10000
cpu,vollkorn,2,demo,first_paint,1,269,submit_us,prior,updated45,4528.478999999999,4504.75,4517.1875,4501.312,-15.854500000000371,"[-82.35449999999992, 10.188000000000102]",-0.3514928604098688,"[-1.7425440676975268, 0.2227866946727275]",12,5,60,10000
cpu,vollkorn,2,demo,first_paint,1,269,complete_us,prior,updated45,4528.521000000001,4504.7705000000005,4517.208500000001,4501.333,-15.832999999999629,"[-82.35450000000037, 10.187999999999647]",-0.35101603702570316,"[-1.7425359157750842, 0.2227846612112505]",12,5,60,10000
cpu,vollkorn,2,demo,first_paint,1,269,draw_us,prior,final,4526.25,4576.6044999999995,4514.6875,4552.375,24.519999999999982,"[-17.771500000000287, 114.39600000000019]",0.5203255541172402,"[-0.4005848080378682, 2.567313819264505]",12,5,60,10000
cpu,vollkorn,2,demo,first_paint,1,269,submit_us,prior,final,4528.478999999999,4578.896,4517.1875,4554.728999999999,23.853999999999814,"[-18.062500000000455, 114.5]",0.5059399436289191,"[-0.40690962835885913, 2.5680804277021685]",12,5,60,10000
cpu,vollkorn,2,demo,first_paint,1,269,complete_us,prior,final,4528.521000000001,4578.896,4517.208500000001,4554.728999999999,23.875,"[-18.103999999999814, 114.52099999999973]",0.5063708012407409,"[-0.4078379491083972, 2.5685512426993573]",12,5,60,10000
cpu,vollkorn,2,demo,first_paint,1,269,draw_us,updated45,final,4502.354,4576.6044999999995,4498.9995,4552.375,55.312500000000455,"[31.375500000000102, 102.83300000000008]",1.2413416472940808,"[0.7084019361201288, 2.2110915228954253]",12,5,60,10000
cpu,vollkorn,2,demo,first_paint,1,269,submit_us,updated45,final,4504.75,4578.896,4501.312,4554.728999999999,55.353999999999814,"[31.313000000000102, 102.60399999999981]",1.2416674560114416,"[0.7066002219469625, 2.204753976337126]",12,5,60,10000
cpu,vollkorn,2,demo,first_paint,1,269,complete_us,updated45,final,4504.7705000000005,4578.896,4501.333,4554.728999999999,55.33249999999953,"[31.313000000000102, 102.625]",1.2411801660238475,"[0.7065818234356036, 2.2051825218633136]",12,5,60,10000
cpu,vollkorn,2,demo,pan,10,0,draw_us,master,prior,219.20405,218.7375,218.69155,218.43115,-0.43925000000000125,"[-5.687649999999991, 1.7481499999999954]",-0.2042097257635489,"[-2.4626305319087214, 0.8091317423967737]",12,5,60,10000
cpu,vollkorn,2,demo,pan,10,0,submit_us,master,prior,220.87285,220.43745,220.40825,220.1855,-0.5121000000000038,"[-5.764749999999992, 1.7438999999999965]",-0.23585763888788747,"[-2.4745869217141614, 0.800874739864621]",12,5,60,10000
cpu,vollkorn,2,demo,pan,10,0,complete_us,master,prior,220.88954999999999,220.46875,220.4375,220.1979,-0.5122000000000071,"[-5.75439999999999, 1.7543000000000006]",-0.2358297335333881,"[-2.4698623900186014, 0.8057192600441687]",12,5,60,10000
cpu,vollkorn,2,demo,pan,10,0,draw_us,master,updated45,219.20405,218.09789999999998,218.69155,217.87925,-1.2667000000000002,"[-7.2917500000000075, 1.6459499999999991]",-0.600521297439699,"[-3.32798198787207, 0.7584586900299506]",12,5,60,10000
cpu,vollkorn,2,demo,pan,10,0,submit_us,master,updated45,220.87285,219.76870000000002,220.40825,219.52285,-1.3459999999999894,"[-7.443749999999994, 1.5937000000000126]",-0.6320193329551582,"[-3.369874715234311, 0.7282793919123454]",12,5,60,10000
cpu,vollkorn,2,demo,pan,10,0,complete_us,master,updated45,220.88954999999999,219.7833,220.4375,219.54575,-1.3459999999999894,"[-7.462599999999981, 1.5956999999999795]",-0.631983086769089,"[-3.3779082343138587, 0.7291543487375152]",12,5,60,10000
cpu,vollkorn,2,demo,pan,10,0,draw_us,master,final,219.20405,217.95635,218.69155,217.571,-0.3583499999999873,"[-1.8291499999999985, 3.4209999999999923]",-0.1647573521693979,"[-0.8368980706801088, 1.600708533213091]",12,5,60,10000
cpu,vollkorn,2,demo,pan,10,0,submit_us,master,final,220.87285,219.65005,220.40825,219.23764999999997,-0.4187000000000012,"[-1.8126499999999766, 3.366650000000007]",-0.1913025992662576,"[-0.8232254471935097, 1.5620627613554539]",12,5,60,10000
cpu,vollkorn,2,demo,pan,10,0,complete_us,master,final,220.88954999999999,219.6688,220.4375,219.26465000000002,-0.41669999999999163,"[-1.8043499999999995, 3.3770999999999987]",-0.19035903507614305,"[-0.8193656470050548, 1.566774586669517]",12,5,60,10000
cpu,vollkorn,2,demo,pan,10,0,draw_us,prior,updated45,218.7375,218.09789999999998,218.43115,217.87925,-0.760549999999995,"[-3.656400000000005, 1.2729999999999961]",-0.34556348513804513,"[-1.6463364609500208, 0.5887313878891409]",12,5,60,10000
cpu,vollkorn,2,demo,pan,10,0,submit_us,prior,updated45,220.43745,219.76870000000002,220.1855,219.52285,-0.8087000000000018,"[-3.6583499999999987, 1.1709000000000032]",-0.36465644414556686,"[-1.6353183466067123, 0.5373227582033402]",12,5,60,10000
cpu,vollkorn,2,demo,pan,10,0,complete_us,prior,updated45,220.46875,219.7833,220.1979,219.54575,-0.8044500000000028,"[-3.6833500000000043, 1.1666500000000042]",-0.3627042280450965,"[-1.6462509791166924, 0.5352733135849053]",12,5,60,10000
cpu,vollkorn,2,demo,pan,10,0,draw_us,prior,final,218.7375,217.95635,218.43115,217.571,0.4039500000000089,"[-1.4625999999999806, 3.5167]",0.18890654758845216,"[-0.6709791479659055, 1.6529507378276076]",12,5,60,10000
cpu,vollkorn,2,demo,pan,10,0,submit_us,prior,final,220.43745,219.65005,220.1855,219.23764999999997,0.37060000000001025,"[-1.4500000000000028, 3.427049999999994]",0.1723281647074415,"[-0.6600471788727358, 1.5975618500504885]",12,5,60,10000
cpu,vollkorn,2,demo,pan,10,0,complete_us,prior,final,220.46875,219.6688,220.1979,219.26465000000002,0.37685000000000457,"[-1.4479499999999916, 3.4146999999999963]",0.17508640812196608,"[-0.6590708136825274, 1.5915413370631293]",12,5,60,10000
cpu,vollkorn,2,demo,pan,10,0,draw_us,updated45,final,218.09789999999998,217.95635,217.87925,217.571,2.5608000000000004,"[-1.9730499999999864, 7.402200000000008]",1.1913913277720178,"[-0.9050574321722904, 3.5629961775034524]",12,5,60,10000
cpu,vollkorn,2,demo,pan,10,0,submit_us,updated45,final,219.76870000000002,219.65005,219.52285,219.23764999999997,2.535599999999988,"[-1.8853500000000025, 7.366749999999996]",1.1705656569487188,"[-0.8582834071844958, 3.51780441894346]",12,5,60,10000
cpu,vollkorn,2,demo,pan,10,0,complete_us,updated45,final,219.7833,219.6688,219.54575,219.26465000000002,2.5439499999999953,"[-1.8895499999999998, 7.383449999999996]",1.1743371899865407,"[-0.8601002592775131, 3.5256122401436274]",12,5,60,10000
cpu,vollkorn,2,demo,warm,30,0,draw_us,master,prior,216.00483350000002,214.98398350000002,215.7402335,214.252117,-1.852833000000004,"[-3.0443335000000076, -1.2097830000000016]",-0.8588653431317317,"[-1.4031951323776048, -0.546348220459042]",12,5,60,10000
cpu,vollkorn,2,demo,warm,30,0,submit_us,master,prior,217.6464,216.6194835,217.46595,215.93258350000002,-1.8847164999999961,"[-3.0478999999999985, -1.22920000000002]",-0.8719420413027146,"[-1.3943592916854208, -0.5505462913308445]",12,5,60,10000
cpu,vollkorn,2,demo,warm,30,0,complete_us,master,prior,217.6665665,216.642317,217.489533,215.95690000000002,-1.8805499999999995,"[-3.050049499999986, -1.2312000000000012]",-0.8699196666819453,"[-1.3952206983446847, -0.5513753925623754]",12,5,60,10000
cpu,vollkorn,2,demo,warm,30,0,draw_us,master,updated45,216.00483350000002,217.3374665,215.7402335,217.36595,0.3555999999999955,"[-4.637450000000001, 1.844432999999995]",0.1644813883712848,"[-2.133855569110893, 0.863292705836427]",12,5,60,10000
cpu,vollkorn,2,demo,warm,30,0,submit_us,master,updated45,217.6464,218.95696650000002,217.46595,218.9674,0.3889999999999958,"[-4.702066499999987, 1.853467000000009]",0.1786668810225489,"[-2.1455271362110007, 0.8615646634088314]",12,5,60,10000
cpu,vollkorn,2,demo,warm,30,0,complete_us,master,updated45,217.6665665,218.9791335,217.489533,218.98823349999998,0.38823349999999834,"[-4.701383500000006, 1.8486170000000044]",0.17830177040124573,"[-2.145065542285096, 0.859212383176311]",12,5,60,10000
cpu,vollkorn,2,demo,warm,30,0,draw_us,master,final,216.00483350000002,215.8694335,215.7402335,215.6264165,0.009066499999988764,"[-2.9477334999999982, 3.54440000000001]",0.004287369326683166,"[-1.3461222926781813, 1.6289825976552819]",12,5,60,10000
cpu,vollkorn,2,demo,warm,30,0,submit_us,master,final,217.6464,217.45205,217.46595,217.28955000000002,0.061850000000006844,"[-2.9353664999999864, 3.517266499999991]",0.02842710352797262,"[-1.3480105057962322, 1.6040243574400592]",12,5,60,10000
cpu,vollkorn,2,demo,warm,30,0,complete_us,master,final,217.6665665,217.46943349999998,217.489533,217.3104165,0.059083499999999844,"[-2.932000000000002, 3.516599999999997]",0.02715306047324506,"[-1.3463193554874964, 1.603532723799006]",12,5,60,10000
cpu,vollkorn,2,demo,warm,30,0,draw_us,prior,updated45,214.98398350000002,217.3374665,214.252117,217.36595,1.1895999999999844,"[-2.152133500000005, 4.0083000000000055]",0.5584342253195096,"[-1.0137181601664935, 1.8761498589182746]",12,5,60,10000
cpu,vollkorn,2,demo,warm,30,0,submit_us,prior,updated45,216.6194835,218.95696650000002,215.93258350000002,218.9674,1.225633000000002,"[-2.0312664999999868, 3.921600000000012]",0.5712415295882289,"[-0.9500545870326504, 1.8214305877500503]",12,5,60,10000
cpu,vollkorn,2,demo,warm,30,0,complete_us,prior,updated45,216.642317,218.9791335,215.95690000000002,218.98823349999998,1.224899999999991,"[-2.0374334999999917, 3.9202499999999816]",0.5708467325430511,"[-0.952825391850215, 1.8206483550205377]",12,5,60,10000
cpu,vollkorn,2,demo,warm,30,0,draw_us,prior,final,214.98398350000002,215.8694335,214.252117,215.6264165,1.6897164999999887,"[-0.7151334999999932, 5.725699999999989]",0.7917111528230047,"[-0.3286978248233652, 2.61120381852864]",12,5,60,10000
cpu,vollkorn,2,demo,warm,30,0,submit_us,prior,final,216.6194835,217.45205,215.93258350000002,217.28955000000002,1.7785330000000101,"[-0.7040999999999968, 5.817433500000007]",0.8271190471588308,"[-0.3211049323629145, 2.6309659519059503]",12,5,60,10000
cpu,vollkorn,2,demo,warm,30,0,complete_us,prior,final,216.642317,217.46943349999998,215.95690000000002,217.3104165,1.7798994999999849,"[-0.705449999999999, 5.822249999999997]",0.8276895352188895,"[-0.3216953612238671, 2.632985104209895]",12,5,60,10000
cpu,vollkorn,2,demo,warm,30,0,draw_us,updated45,final,217.3374665,215.8694335,217.36595,215.6264165,-0.5756999999999977,"[-3.0040170000000046, 5.185383500000015]",-0.26495272843377604,"[-1.379447209313256, 2.40180526759457]",12,5,60,10000
cpu,vollkorn,2,demo,warm,30,0,submit_us,updated45,final,218.95696650000002,217.45205,218.9674,217.28955000000002,-0.5388664999999833,"[-3.0270000000000152, 5.214449999999985]",-0.2461699700747444,"[-1.3798631742799494, 2.3962922159409095]",12,5,60,10000
cpu,vollkorn,2,demo,warm,30,0,complete_us,updated45,final,218.9791335,217.46943349999998,218.98823349999998,217.3104165,-0.540316500000003,"[-3.0249669999999895, 5.217950000000002]",-0.24680938506908556,"[-1.3788149630809043, 2.3977490567661297]",12,5,60,10000
cpu,vollkorn,2,demo,zoom_in,12,2877,draw_us,master,prior,6208.831625,4068.4791665000002,6195.467083,4069.3835835,-2142.435708,"[-2163.6042915000003, -2108.9236249999994]",-34.41022660172514,"[-34.84945981333581, -33.99630638299895]",12,5,60,10000
cpu,vollkorn,2,demo,zoom_in,12,2877,submit_us,master,prior,6210.446208,4069.7604165000002,6196.9200415,4070.6996664999997,-2142.4219580000004,"[-2163.83175, -2108.9911665]",-34.40387902113968,"[-34.844514526597976, -33.98964140280495]",12,5,60,10000
cpu,vollkorn,2,demo,zoom_in,12,2877,complete_us,master,prior,6210.4705835,4069.800375,6196.947875,4070.7378335000003,-2142.415,"[-2163.8317085000003, -2108.973958]",-34.40356771670427,"[-34.84427677266821, -33.98924585355103]",12,5,60,10000
cpu,vollkorn,2,demo,zoom_in,12,2877,draw_us,master,updated45,6208.831625,4054.5365,6195.467083,4050.991208,-2148.4167500000003,"[-2208.0138335, -2125.4463335]",-34.810260923140824,"[-35.24429407205048, -34.45440697395105]",12,5,60,10000
cpu,vollkorn,2,demo,zoom_in,12,2877,submit_us,master,updated45,6210.446208,4055.897625,6196.9200415,4052.2811665,-2148.569458,"[-2208.3054165000003, -2125.6234585]",-34.80446661311216,"[-35.23736455189746, -34.449016187903666]",12,5,60,10000
cpu,vollkorn,2,demo,zoom_in,12,2877,complete_us,master,updated45,6210.4705835,4055.9255415,6196.947875,4052.3125835,-2148.5675835,"[-2208.302041, -2125.6252085000006]",-34.80420175198701,"[-35.23722887094834, -34.44903075330871]",12,5,60,10000
cpu,vollkorn,2,demo,zoom_in,12,2877,draw_us,master,final,6208.831625,4082.8802084999998,6195.467083,4072.984375,-2122.9081665000003,"[-2177.0764995, -2080.3283335000006]",-34.31848889561978,"[-34.768555626759635, -33.75542982071863]",12,5,60,10000
cpu,vollkorn,2,demo,zoom_in,12,2877,submit_us,master,final,6210.446208,4084.1529170000003,6196.9200415,4074.333375,-2123.1476665,"[-2177.2187080000003, -2080.2987920000005]",-34.31337469594757,"[-34.764683704539046, -33.74567600801121]",12,5,60,10000
cpu,vollkorn,2,demo,zoom_in,12,2877,complete_us,master,final,6210.4705835,4084.1736665,6196.947875,4074.3559585,-2123.1529165,"[-2177.2152505, -2080.3004170000004]",-34.31320579840326,"[-34.76430138390728, -33.745720246940046]",12,5,60,10000
cpu,vollkorn,2,demo,zoom_in,12,2877,draw_us,prior,updated45,4068.4791665000002,4054.5365,4069.3835835,4050.991208,-28.35241700000006,"[-70.20466699999974, -1.8106250000000728]",-0.7037558890050089,"[-1.691257677065966, -0.04364107568545217]",12,5,60,10000
cpu,vollkorn,2,demo,zoom_in,12,2877,submit_us,prior,updated45,4069.7604165000002,4055.897625,4070.6996664999997,4052.2811665,-28.349041499999885,"[-70.47387499999991, -1.7013749999998709]",-0.7034150595956745,"[-1.6970578588815621, -0.040925936586322376]",12,5,60,10000
cpu,vollkorn,2,demo,zoom_in,12,2877,complete_us,prior,updated45,4069.800375,4055.9255415,4070.7378335000003,4052.3125835,-28.36287500000026,"[-70.46704199999976, -1.7065004999999474]",-0.7037518649409102,"[-1.6968863259576028, -0.04105002824844606]",12,5,60,10000
cpu,vollkorn,2,demo,zoom_in,12,2877,draw_us,prior,final,4068.4791665000002,4082.8802084999998,4069.3835835,4072.984375,9.441082999999935,"[-24.96875, 29.814083499999924]",0.23274537624575764,"[-0.6010367893627022, 0.7375650071661299]",12,5,60,10000
cpu,vollkorn,2,demo,zoom_in,12,2877,submit_us,prior,final,4069.7604165000002,4084.1529170000003,4070.6996664999997,4074.333375,9.59550000000013,"[-25.20479149999983, 29.7810414999999]",0.23647554425167971,"[-0.6064809079967703, 0.736500232306625]",12,5,60,10000
cpu,vollkorn,2,demo,zoom_in,12,2877,complete_us,prior,final,4069.800375,4084.1736665,4070.7378335000003,4074.3559585,9.585124999999834,"[-25.201375499999813, 29.76716650000003]",0.23621898384057483,"[-0.6063959410422926, 0.7361535515612361]",12,5,60,10000
cpu,vollkorn,2,demo,zoom_in,12,2877,draw_us,updated45,final,4054.5365,4082.8802084999998,4050.991208,4072.984375,38.20979149999971,"[5.166917000000012, 72.20812499999965]",0.9442137627044933,"[0.12839964191817543, 1.798865329677568]",12,5,60,10000
cpu,vollkorn,2,demo,zoom_in,12,2877,submit_us,updated45,final,4055.897625,4084.1529170000003,4052.2811665,4074.333375,38.32441649999987,"[5.064458499999773, 72.34870850000016]",0.9467520179625932,"[0.12583534239034577, 1.801791485769333]",12,5,60,10000
cpu,vollkorn,2,demo,zoom_in,12,2877,complete_us,updated45,final,4055.9255415,4084.1736665,4052.3125835,4074.3559585,38.32458350000002,"[5.083458000000064, 72.34366650000015]",0.9467516991046421,"[0.12630140553905322, 1.8016528152660305]",12,5,60,10000
cpu,vollkorn,2,demo,zoom_out,12,1956,draw_us,master,prior,4054.8107085,2556.6511250000003,4055.059083,2556.1267085,-1500.8940415,"[-1527.295042, -1471.0415835]",-36.83539522337992,"[-37.05733476539875, -36.52430666266964]",12,5,60,10000
cpu,vollkorn,2,demo,zoom_out,12,1956,submit_us,master,prior,4056.2170834999997,2558.1406665,4056.5105415,2557.5207085,-1500.8665414999998,"[-1527.4615835, -1471.055458]",-36.82057322466862,"[-37.046628225859905, -36.513233258757836]",12,5,60,10000
cpu,vollkorn,2,demo,zoom_out,12,1956,complete_us,master,prior,4056.2482499999996,2558.172,4056.5278749999998,2557.548583,-1500.8559165,"[-1527.4514165, -1471.0467085000002]",-36.82032998024356,"[-37.045979824192635, -36.51275984759198]",12,5,60,10000
cpu,vollkorn,2,demo,zoom_out,12,1956,draw_us,master,updated45,4054.8107085,2573.6839165,4055.059083,2573.289875,-1483.534583,"[-1518.9289170000002, -1467.4410415000002]",-36.87352329772275,"[-36.97474160207989, -36.46694430426189]",12,5,60,10000
cpu,vollkorn,2,demo,zoom_out,12,1956,submit_us,master,updated45,4056.2170834999997,2575.036375,4056.5105415,2574.591958,-1483.670125,"[-1519.0835, -1467.548583]",-36.8618579637945,"[-36.963680660575875, -36.45741686185007]",12,5,60,10000
cpu,vollkorn,2,demo,zoom_out,12,1956,complete_us,master,updated45,4056.2482499999996,2575.0467915,4056.5278749999998,2574.6092500000004,-1483.6666249999998,"[-1519.0799580000003, -1467.5537085000003]",-36.86154904918169,"[-36.96342621875151, -36.45714066091503]",12,5,60,10000
cpu,vollkorn,2,demo,zoom_out,12,1956,draw_us,master,final,4054.8107085,2589.9045,4055.059083,2586.1509585000003,-1464.4427915,"[-1493.666708, -1428.7188335]",-36.09128507455707,"[-36.463004896027925, -35.730403931788615]",12,5,60,10000
cpu,vollkorn,2,demo,zoom_out,12,1956,submit_us,master,final,4056.2170834999997,2591.3385835,4056.5105415,2587.47925,-1464.7100000000003,"[-1493.7432505, -1428.7275005000004]",-36.079826855157094,"[-36.45201255607455, -35.71837227187018]",12,5,60,10000
cpu,vollkorn,2,demo,zoom_out,12,1956,complete_us,master,final,4056.2482499999996,2591.355875,4056.5278749999998,2587.501708,-1464.7031255,"[-1493.739833, -1428.7275000000002]",-36.079746305832046,"[-36.45163857240975, -35.71827512874872]",12,5,60,10000
cpu,vollkorn,2,demo,zoom_out,12,1956,draw_us,prior,updated45,2556.6511250000003,2573.6839165,2556.1267085,2573.289875,-1.309125000000222,"[-15.73962500000016, 16.72562549999998]",-0.05207654746664514,"[-0.6010196426687708, 0.6541694150890676]",12,5,60,10000
cpu,vollkorn,2,demo,zoom_out,12,1956,submit_us,prior,updated45,2558.1406665,2575.036375,2557.5207085,2574.591958,-1.4237505000003239,"[-15.88541650000002, 16.6232500000001]",-0.05652162247276604,"[-0.6063043199475815, 0.6498230290322926]",12,5,60,10000
cpu,vollkorn,2,demo,zoom_out,12,1956,complete_us,prior,updated45,2558.172,2575.0467915,2557.548583,2574.6092500000004,-1.4305835000000116,"[-15.89237500000013, 16.60433349999994]",-0.05678354232663829,"[-0.6065690988187766, 0.6490741994008231]",12,5,60,10000
cpu,vollkorn,2,demo,zoom_out,12,1956,draw_us,prior,final,2556.6511250000003,2589.9045,2556.1267085,2586.1509585000003,24.27599999999984,"[14.223917000000029, 38.41308349999986]",0.9463571491648559,"[0.55166642539487, 1.5144934796885834]",12,5,60,10000
cpu,vollkorn,2,demo,zoom_out,12,1956,submit_us,prior,final,2558.1406665,2591.3385835,2557.5207085,2587.47925,24.246665999999777,"[14.239665999999943, 38.399333499999784]",0.9446968634329034,"[0.5519670577568969, 1.5131056693497569]",12,5,60,10000
cpu,vollkorn,2,demo,zoom_out,12,1956,complete_us,prior,final,2558.172,2591.355875,2557.548583,2587.501708,24.244791999999734,"[14.223833500000183, 38.38704150000012]",0.944614301623703,"[0.5513388321149115, 1.5126084473505164]",12,5,60,10000
cpu,vollkorn,2,demo,zoom_out,12,1956,draw_us,updated45,final,2573.6839165,2589.9045,2573.289875,2586.1509585000003,20.699541499999896,"[1.4080000000001291, 37.12641650000023]",0.805521687830657,"[0.05463990186889145, 1.4701560937300906]",12,5,60,10000
cpu,vollkorn,2,demo,zoom_out,12,1956,submit_us,updated45,final,2575.036375,2591.3385835,2574.591958,2587.47925,20.77249999999981,"[1.3819579999997131, 37.16295799999989]",0.8079494461189496,"[0.05360306249664326, 1.4708131053008167]",12,5,60,10000
cpu,vollkorn,2,demo,zoom_out,12,1956,complete_us,updated45,final,2575.0467915,2591.355875,2574.6092500000004,2587.501708,20.775833499999862,"[1.394125000000031, 37.15412500000002]",0.8080712028175063,"[0.05407475271408391, 1.47045215645758]",12,5,60,10000
cpu,vollkorn,2,font_variations,first_paint,1,263,draw_us,master,prior,1062.5625,1023.1875,1066.375,1017.9375,-49.22900000000004,"[-53.083999999999946, -29.35450000000003]",-4.4429385029513995,"[-5.070006042580433, -2.7412976257817245]",12,5,60,10000
cpu,vollkorn,2,font_variations,first_paint,1,263,submit_us,master,prior,1062.75,1023.4165,1066.5625,1018.1455000000001,-49.22949999999997,"[-53.10400000000004, -29.333000000000084]",-4.438405322808959,"[-5.070790117895314, -2.7387233262187447]",12,5,60,10000
cpu,vollkorn,2,font_variations,first_paint,1,263,complete_us,master,prior,1062.7705,1023.4375,1066.583,1018.1665,-49.22900000000004,"[-53.10449999999997, -29.35450000000003]",-4.434627288682402,"[-5.070739462477075, -2.74065760562342]",12,5,60,10000
cpu,vollkorn,2,font_variations,first_paint,1,263,draw_us,master,updated45,1062.5625,1025.1665,1066.375,1016.1045,-44.62450000000001,"[-60.832500000000095, -32.833500000000015]",-4.098582241717624,"[-5.695813961165214, -3.114871960046184]",12,5,60,10000
cpu,vollkorn,2,font_variations,first_paint,1,263,submit_us,master,updated45,1062.75,1025.375,1066.5625,1016.3335,-44.603999999999985,"[-60.957500000000095, -32.81249999999994]",-4.099306538189957,"[-5.705791969369817, -3.112325838519958]",12,5,60,10000
cpu,vollkorn,2,font_variations,first_paint,1,263,complete_us,master,updated45,1062.7705,1025.3955,1066.583,1016.354,-44.62500000000006,"[-60.93700000000007, -32.833500000000015]",-4.099277995760609,"[-5.703743425553426, -3.1142451393568638]",12,5,60,10000
cpu,vollkorn,2,font_variations,first_paint,1,263,draw_us,master,final,1062.5625,1021.4165,1066.375,1022.1665,-38.16699999999997,"[-45.9790000000001, -16.916499999999928]",-3.5640283549297216,"[-4.407216745498449, -1.5659050632700233]",12,5,60,10000
cpu,vollkorn,2,font_variations,first_paint,1,263,submit_us,master,final,1062.75,1021.6875,1066.5625,1022.3745000000001,-38.1665000000001,"[-45.99950000000001, -16.625]",-3.563290082182874,"[-4.408184642666873, -1.5637029991205476]",12,5,60,10000
cpu,vollkorn,2,font_variations,first_paint,1,263,complete_us,master,final,1062.7705,1021.7085,1066.583,1022.4165,-38.16699999999997,"[-46.020500000000084, -16.604000000000042]",-3.563196303487598,"[-4.409991594662177, -1.5616809724090297]",12,5,60,10000
cpu,vollkorn,2,font_variations,first_paint,1,263,draw_us,prior,updated45,1023.1875,1025.1665,1017.9375,1016.1045,-0.83299999999997,"[-9.521000000000015, 6.70900000000006]",-0.07571798075066138,"[-0.9338156492050997, 0.6631406874269663]",12,5,60,10000
cpu,vollkorn,2,font_variations,first_paint,1,263,submit_us,prior,updated45,1023.4165,1025.375,1018.1455000000001,1016.3335,-0.9370000000000118,"[-9.541499999999985, 6.750000000000057]",-0.08512355502019453,"[-0.935603055435491, 0.6669834397993402]",12,5,60,10000
cpu,vollkorn,2,font_variations,first_paint,1,263,complete_us,prior,updated45,1023.4375,1025.3955,1018.1665,1016.354,-0.9584999999999582,"[-9.521000000000015, 6.750499999999988]",-0.0870482647607973,"[-0.9335867261235031, 0.6670037761360326]",12,5,60,10000
cpu,vollkorn,2,font_variations,first_paint,1,263,draw_us,prior,final,1023.1875,1021.4165,1017.9375,1022.1665,-2.041500000000042,"[-12.958499999999901, 32.58350000000007]",-0.19555177365269127,"[-1.246248887708895, 3.0385523518112523]",12,5,60,10000
cpu,vollkorn,2,font_variations,first_paint,1,263,submit_us,prior,final,1023.4165,1021.6875,1018.1455000000001,1022.3745000000001,-2.0625,"[-12.958500000000015, 32.60449999999997]",-0.19754525389417132,"[-1.2459991716671448, 3.086277917953939]",12,5,60,10000
cpu,vollkorn,2,font_variations,first_paint,1,263,complete_us,prior,final,1023.4375,1021.7085,1018.1665,1022.4165,-2.0620000000000687,"[-12.958499999999901, 32.625]",-0.1975426789081025,"[-1.2459492838872988, 3.088229166781664]",12,5,60,10000
cpu,vollkorn,2,font_variations,first_paint,1,263,draw_us,updated45,final,1025.1665,1021.4165,1016.1045,1022.1665,-2.375000000000057,"[-9.75, 33.02050000000003]",-0.23859038361123686,"[-0.9475807705195682, 3.0690544066578007]",12,5,60,10000
cpu,vollkorn,2,font_variations,first_paint,1,263,submit_us,updated45,final,1025.375,1021.6875,1016.3335,1022.3745000000001,-2.395999999999958,"[-9.770500000000084, 33.64600000000007]",-0.24063467923385873,"[-0.9493065376618481, 3.1245869048348585]",12,5,60,10000
cpu,vollkorn,2,font_variations,first_paint,1,263,complete_us,updated45,final,1025.3955,1021.7085,1016.354,1022.4165,-2.374500000000012,"[-9.75, 33.6875]",-0.23849636983100386,"[-0.9472157999373898, 3.1284896328825584]",12,5,60,10000
cpu,vollkorn,2,font_variations,slant_advance,10,1158,draw_us,master,prior,468.30625,455.7229,467.32915,452.548,-14.87299999999999,"[-18.862300000000005, -10.954049999999995]",-3.2090186580874533,"[-3.972412856492003, -2.3276543761304502]",12,5,60,10000
cpu,vollkorn,2,font_variations,slant_advance,10,1158,submit_us,master,prior,468.41880000000003,455.8501,467.43944999999997,452.6521,-14.87530000000001,"[-18.864300000000014, -10.962350000000043]",-3.2087745705335347,"[-3.9719257010219495, -2.3288007719263373]",12,5,60,10000
cpu,vollkorn,2,font_variations,slant_advance,10,1158,complete_us,master,prior,468.43949999999995,455.8772,467.46659999999997,452.68335,-14.87915000000001,"[-18.872800000000012, -10.956249999999983]",-3.209441817322328,"[-3.9734485628022953, -2.327337722596934]",12,5,60,10000
cpu,vollkorn,2,font_variations,slant_advance,10,1158,draw_us,master,updated45,468.30625,454.4125,467.32915,453.371,-14.606300000000005,"[-19.779200000000003, -12.791699999999992]",-3.1551744824560912,"[-4.162127475482941, -2.747824935733889]",12,5,60,10000
cpu,vollkorn,2,font_variations,slant_advance,10,1158,submit_us,master,updated45,468.41880000000003,454.51465,467.43944999999997,453.473,-14.62515000000002,"[-19.789600000000007, -12.81450000000001]",-3.15846801629992,"[-4.163342698649197, -2.7520331351100324]",12,5,60,10000
cpu,vollkorn,2,font_variations,slant_advance,10,1158,complete_us,master,updated45,468.43949999999995,454.53335000000004,467.46659999999997,453.49375,-14.620949999999993,"[-19.80635000000001, -12.812449999999984]",-3.157404910834072,"[-4.1665653341750595, -2.751439445931875]",12,5,60,10000
cpu,vollkorn,2,font_variations,slant_advance,10,1158,draw_us,master,final,468.30625,455.6689,467.32915,455.49595,-12.539600000000007,"[-15.325000000000017, -8.831299999999999]",-2.667406211084039,"[-3.3388880552830957, -1.9063321830781244]",12,5,60,10000
cpu,vollkorn,2,font_variations,slant_advance,10,1158,submit_us,master,final,468.41880000000003,455.78555,467.43944999999997,455.62095,-12.556200000000018,"[-15.327050000000014, -8.81895000000003]",-2.670224221741652,"[-3.338497148578573, -1.9032288065066683]",12,5,60,10000
cpu,vollkorn,2,font_variations,slant_advance,10,1158,complete_us,master,final,468.43949999999995,455.81665,467.46659999999997,455.6583,-12.5625,"[-15.333349999999967, -8.820750000000004]",-2.6714300374694133,"[-3.3397046205437873, -1.9035225149337143]",12,5,60,10000
cpu,vollkorn,2,font_variations,slant_advance,10,1158,draw_us,prior,updated45,455.7229,454.4125,452.548,453.371,-1.7104000000000212,"[-3.2440500000000156, 0.30835000000001855]",-0.3723101749307234,"[-0.7102957277960509, 0.06829861858461683]",12,5,60,10000
cpu,vollkorn,2,font_variations,slant_advance,10,1158,submit_us,prior,updated45,455.8501,454.51465,452.6521,453.473,-1.7333500000000015,"[-3.2710500000000025, 0.31665000000000987]",-0.37720563990683575,"[-0.7160263837135639, 0.07011995096152246]",12,5,60,10000
cpu,vollkorn,2,font_variations,slant_advance,10,1158,complete_us,prior,updated45,455.8772,454.53335000000004,452.68335,453.49375,-1.7478000000000122,"[-3.2834499999999878, 0.31655000000000655]",-0.3803212704744263,"[-0.7186779336435412, 0.07009492626738334]",12,5,60,10000
cpu,vollkorn,2,font_variations,slant_advance,10,1158,draw_us,prior,final,455.7229,455.6689,452.548,455.49595,-1.585550000000012,"[-4.356400000000008, 6.1209499999999935]",-0.34772707265510183,"[-0.9488214912114767, 1.3589216824360206]",12,5,60,10000
cpu,vollkorn,2,font_variations,slant_advance,10,1158,submit_us,prior,final,455.8501,455.78555,452.6521,455.62095,-1.593849999999975,"[-4.362650000000002, 6.137499999999989]",-0.34944270892823814,"[-0.9499290535517291, 1.3622844201624962]",12,5,60,10000
cpu,vollkorn,2,font_variations,slant_advance,10,1158,complete_us,prior,final,455.8772,455.81665,452.68335,455.6583,-1.606250000000017,"[-4.370949999999965, 6.147850000000005]",-0.3521632264937624,"[-0.9516638331140748, 1.3645070898073541]",12,5,60,10000
cpu,vollkorn,2,font_variations,slant_advance,10,1158,draw_us,updated45,final,454.4125,455.6689,453.371,455.49595,-0.24795000000003142,"[-1.0959000000000003, 5.49815000000001]",-0.05565796362400066,"[-0.24273147789918292, 1.2187974377481314]",12,5,60,10000
cpu,vollkorn,2,font_variations,slant_advance,10,1158,submit_us,updated45,final,454.51465,455.78555,453.473,455.62095,-0.22090000000000032,"[-1.0915999999999997, 5.516799999999989]",-0.04960448753031921,"[-0.24173259716771534, 1.22266032674192]",12,5,60,10000
cpu,vollkorn,2,font_variations,slant_advance,10,1158,complete_us,updated45,final,454.53335000000004,455.81665,453.49375,455.6583,-0.23535000000001105,"[-1.0938500000000033, 5.529300000000006]",-0.0528173360465678,"[-0.2422713587487635, 1.2253722486544993]",12,5,60,10000
cpu,vollkorn,2,font_variations,slant_return,10,0,draw_us,master,prior,39.5167,38.63335,39.4854,38.575199999999995,-1.1646,"[-1.6583500000000022, -0.19580000000000197]",-2.954814628516289,"[-4.095471855562005, -0.5028645168411727]",12,5,60,10000
cpu,vollkorn,2,font_variations,slant_return,10,0,submit_us,master,prior,39.602050000000006,38.731300000000005,39.5625,38.669,-1.156049999999997,"[-1.6416499999999985, -0.17694999999999794]",-2.9276113537047452,"[-4.045683950296758, -0.45294313504794514]",12,5,60,10000
cpu,vollkorn,2,font_variations,slant_return,10,0,complete_us,master,prior,39.625,38.760450000000006,39.58125,38.6982,-1.1395499999999998,"[-1.637599999999999, -0.16024999999999778]",-2.8857926700196543,"[-4.033037321813326, -0.4089893275566303]",12,5,60,10000
cpu,vollkorn,2,font_variations,slant_return,10,0,draw_us,master,updated45,39.5167,38.887649999999994,39.4854,38.8896,-0.9582999999999977,"[-1.774950000000004, -0.10425000000000395]",-2.4367852317853043,"[-4.414187659561292, -0.26821554207434595]",12,5,60,10000
cpu,vollkorn,2,font_variations,slant_return,10,0,submit_us,master,updated45,39.602050000000006,38.958349999999996,39.5625,38.958349999999996,-0.9604500000000016,"[-1.7810500000000005, -0.10404999999999731]",-2.437925988799816,"[-4.420457310412934, -0.26716956100815703]",12,5,60,10000
cpu,vollkorn,2,font_variations,slant_return,10,0,complete_us,master,updated45,39.625,38.977199999999996,39.58125,38.97925,-0.9563000000000024,"[-1.779049999999998, -0.09994999999999976]",-2.425702901265164,"[-4.413313123107848, -0.25659623755165395]",12,5,60,10000
cpu,vollkorn,2,font_variations,slant_return,10,0,draw_us,master,final,39.5167,38.7375,39.4854,38.664500000000004,-0.7957999999999998,"[-1.4583000000000013, 0.11879999999999669]",-2.0505133415302246,"[-3.6688981070047144, 0.3039127794690455]",12,5,60,10000
cpu,vollkorn,2,font_variations,slant_return,10,0,submit_us,master,final,39.602050000000006,38.827200000000005,39.5625,38.74165,-0.7980499999999964,"[-1.4685999999999986, 0.11495000000000033]",-2.052012605812037,"[-3.6869168529163385, 0.29303727361243426]",12,5,60,10000
cpu,vollkorn,2,font_variations,slant_return,10,0,complete_us,master,final,39.625,38.866600000000005,39.58125,38.777,-0.7979999999999983,"[-1.4541499999999985, 0.1252000000000031]",-2.051080901521185,"[-3.6496454911629286, 0.31951178221161225]",12,5,60,10000
cpu,vollkorn,2,font_variations,slant_return,10,0,draw_us,prior,updated45,38.63335,38.887649999999994,38.575199999999995,38.8896,-0.22090000000000387,"[-0.45825000000000315, 0.5454500000000024]",-0.5663741648961718,"[-1.1799909641713846, 1.423311016562967]",12,5,60,10000
cpu,vollkorn,2,font_variations,slant_return,10,0,submit_us,prior,updated45,38.731300000000005,38.958349999999996,38.669,38.958349999999996,-0.2290499999999973,"[-0.49375000000000213, 0.5393000000000008]",-0.5860142802122936,"[-1.2676296771159723, 1.4038234741700517]",12,5,60,10000
cpu,vollkorn,2,font_variations,slant_return,10,0,complete_us,prior,updated45,38.760450000000006,38.977199999999996,38.6982,38.97925,-0.22290000000000276,"[-0.5123999999999995, 0.528850000000002]",-0.5701898949869499,"[-1.314073476349381, 1.3756008461965008]",12,5,60,10000
cpu,vollkorn,2,font_variations,slant_return,10,0,draw_us,prior,final,38.63335,38.7375,38.575199999999995,38.664500000000004,-0.03750000000000142,"[-0.5165499999999987, 0.5167000000000002]",-0.10121197691429495,"[-1.269448759213987, 1.3607681074603417]",12,5,60,10000
cpu,vollkorn,2,font_variations,slant_return,10,0,submit_us,prior,final,38.731300000000005,38.827200000000005,38.669,38.74165,-0.04165000000000063,"[-0.545849999999998, 0.5165499999999987]",-0.11235264977049186,"[-1.3383384362562256, 1.357105480283205]",12,5,60,10000
cpu,vollkorn,2,font_variations,slant_return,10,0,complete_us,prior,final,38.760450000000006,38.866600000000005,38.6982,38.777,-0.0625,"[-0.5563000000000002, 0.5165499999999987]",-0.16669200613003698,"[-1.3630706085953126, 1.35609578155792]",12,5,60,10000
cpu,vollkorn,2,font_variations,slant_return,10,0,draw_us,updated45,final,38.887649999999994,38.7375,38.8896,38.664500000000004,0.28125,"[-0.6833499999999972, 0.7627000000000024]",0.738755771889521,"[-1.7562213525368187, 2.0020947468465278]",12,5,60,10000
cpu,vollkorn,2,font_variations,slant_return,10,0,submit_us,updated45,final,38.958349999999996,38.827200000000005,38.958349999999996,38.74165,0.29384999999999906,"[-0.6875500000000017, 0.7876499999999993]",0.7705237739254023,"[-1.76350229812961, 2.063430264312194]",12,5,60,10000
cpu,vollkorn,2,font_variations,slant_return,10,0,complete_us,updated45,final,38.977199999999996,38.866600000000005,38.97925,38.777,0.2729500000000016,"[-0.6814, 0.8103000000000016]",0.7150964225268064,"[-1.7467765042850247, 2.1216170783954102]",12,5,60,10000
cpu,vollkorn,2,font_variations,warm,30,0,draw_us,master,prior,37.1527835,36.786833,37.1167,36.881267,-0.45201700000000145,"[-0.7020334999999989, 0.04721649999999755]",-1.1890539603746697,"[-1.84735893929025, 0.12175767594546638]",12,5,60,10000
cpu,vollkorn,2,font_variations,warm,30,0,submit_us,master,prior,37.220766499999996,36.863166500000005,37.190250000000006,36.9505665,-0.44650000000000034,"[-0.697916499999998, 0.05203350000000029]",-1.1723065683357736,"[-1.846743946062468, 0.12942026409522023]",12,5,60,10000
cpu,vollkorn,2,font_variations,warm,30,0,complete_us,master,prior,37.240883,36.8853665,37.208383,36.97075,-0.44995049999999637,"[-0.7043169999999996, 0.048567000000002025]",-1.1805337801231441,"[-1.849308499954977, 0.1196519411200303]",12,5,60,10000
cpu,vollkorn,2,font_variations,warm,30,0,draw_us,master,updated45,37.1527835,36.885400000000004,37.1167,36.793083,-0.35271700000000195,"[-0.6757665000000053, 0.1382835]",-0.9347198874024132,"[-1.841935446136117, 0.3724798074204838]",12,5,60,10000
cpu,vollkorn,2,font_variations,warm,30,0,submit_us,master,updated45,37.220766499999996,36.9527,37.190250000000006,36.860433,-0.3505670000000016,"[-0.6805000000000021, 0.1354165000000016]",-0.9271466412411666,"[-1.850986889489581, 0.36403562160920444]",12,5,60,10000
cpu,vollkorn,2,font_variations,warm,30,0,complete_us,master,updated45,37.240883,36.9721835,37.208383,36.881283499999995,-0.3540670000000006,"[-0.6840999999999973, 0.13401700000000005]",-0.9358090746341252,"[-1.8600784165631878, 0.3600555641915526]",12,5,60,10000
cpu,vollkorn,2,font_variations,warm,30,0,draw_us,master,final,37.1527835,37.270849999999996,37.1167,37.21385,-0.07156649999999942,"[-0.26524949999999947, 0.2513329999999989]",-0.19476893147056806,"[-0.7123258852683001, 0.6766642346050844]",12,5,60,10000
cpu,vollkorn,2,font_variations,warm,30,0,submit_us,master,final,37.220766499999996,37.334767,37.190250000000006,37.279866999999996,-0.07211649999999992,"[-0.26720000000000255, 0.2451334999999979]",-0.19578521733947252,"[-0.7163250737901139, 0.6587241754111739]",12,5,60,10000
cpu,vollkorn,2,font_variations,warm,30,0,complete_us,master,final,37.240883,37.3549165,37.208383,37.298617,-0.07354999999999734,"[-0.27008349999999837, 0.24511700000000047]",-0.19951087662802292,"[-0.7236409053443971, 0.658319379131922]",12,5,60,10000
cpu,vollkorn,2,font_variations,warm,30,0,draw_us,prior,updated45,36.786833,36.885400000000004,36.881267,36.793083,-0.0361495000000005,"[-0.22716649999999916, 0.44033350000000127]",-0.09536156952327235,"[-0.6264632078813503, 1.2067391167400188]",12,5,60,10000
cpu,vollkorn,2,font_variations,warm,30,0,submit_us,prior,updated45,36.863166500000005,36.9527,36.9505665,36.860433,-0.03331649999999797,"[-0.23405000000000342, 0.43468349999999845]",-0.08753999696565762,"[-0.6440977390650915, 1.189064345023838]",12,5,60,10000
cpu,vollkorn,2,font_variations,warm,30,0,complete_us,prior,updated45,36.8853665,36.9721835,36.97075,36.881283499999995,-0.03543300000000116,"[-0.23205000000000453, 0.4355000000000011]",-0.09344394680492196,"[-0.6384498472723321, 1.190286550009323]",12,5,60,10000
cpu,vollkorn,2,font_variations,warm,30,0,draw_us,prior,final,36.786833,37.270849999999996,36.881267,37.21385,0.18406700000000242,"[0.0146000000000015, 0.658332999999999]",0.5017650430392262,"[0.04819821877792285, 1.7760061094716506]",12,5,60,10000
cpu,vollkorn,2,font_variations,warm,30,0,submit_us,prior,final,36.863166500000005,37.334767,36.9505665,37.279866999999996,0.17638349999999647,"[0.004183499999999896, 0.6639835000000005]",0.4801560686573114,"[0.019348838890276276, 1.7677775827966702]",12,5,60,10000
cpu,vollkorn,2,font_variations,warm,30,0,complete_us,prior,final,36.8853665,37.3549165,36.97075,37.298617,0.17161700000000124,"[0.011749999999999261, 0.6549834999999966]",0.46645726847779345,"[0.04040595682074377, 1.7737645075627362]",12,5,60,10000
cpu,vollkorn,2,font_variations,warm,30,0,draw_us,updated45,final,36.885400000000004,37.270849999999996,36.793083,37.21385,0.020833999999997133,"[-0.1062999999999974, 0.7493335000000023]",0.056432613776485896,"[-0.28220079481431903, 2.0472512568108114]",12,5,60,10000
cpu,vollkorn,2,font_variations,warm,30,0,submit_us,updated45,final,36.9527,37.334767,36.860433,37.279866999999996,0.011199999999998766,"[-0.10908300000000182, 0.7549504999999996]",0.03018414470170039,"[-0.28744951877764935, 2.042394715718432]",12,5,60,10000
cpu,vollkorn,2,font_variations,warm,30,0,complete_us,updated45,final,36.9721835,37.3549165,36.881283499999995,37.298617,0.00903300000000229,"[-0.10904949999999758, 0.7515505000000005]",0.02429560631041494,"[-0.2871246040087483, 2.0538766212190973]",12,5,60,10000
cpu,vollkorn,2,font_variations,weight_advance,6,717,draw_us,master,prior,514.2396665,499.26033299999995,511.6770835,501.3055,-14.732666499999965,"[-19.228916499999997, -9.666750500000035]",-2.863801404955141,"[-3.751758453495291, -1.8884064356347818]",12,5,60,10000
cpu,vollkorn,2,font_variations,weight_advance,6,717,submit_us,master,prior,514.3994164999999,499.388667,511.8540835,501.44775000000004,-14.760249499999986,"[-19.246500499999996, -9.65300000000002]",-2.8682398485535723,"[-3.754064457798129, -1.8851848701053608]",12,5,60,10000
cpu,vollkorn,2,font_variations,weight_advance,6,717,complete_us,master,prior,514.434,499.41999999999996,511.8785835,501.485917,-14.753416499999986,"[-19.232749999999953, -9.656500000000023]",-2.866807654786502,"[-3.751221730827142, -1.8857648667835347]",12,5,60,10000
cpu,vollkorn,2,font_variations,weight_advance,6,717,draw_us,master,updated45,514.2396665,497.92375000000004,511.6770835,498.04875000000004,-17.666750000000008,"[-23.100582999999972, -12.298749500000014]",-3.4573652457874693,"[-4.52933929463622, -2.3787809192263865]",12,5,60,10000
cpu,vollkorn,2,font_variations,weight_advance,6,717,submit_us,master,updated45,514.3994164999999,498.06275,511.8540835,498.19475,-17.673666499999996,"[-23.13175000000004, -12.326333000000005]",-3.457751321550412,"[-4.534042039038261, -2.383285531959922]",12,5,60,10000
cpu,vollkorn,2,font_variations,weight_advance,6,717,complete_us,master,updated45,514.434,498.097333,511.8785835,498.2224165,-17.663333499999993,"[-23.12141650000001, -12.329666499999973]",-3.455566781544428,"[-4.531850855819347, -2.383824242373506]",12,5,60,10000
cpu,vollkorn,2,font_variations,weight_advance,6,717,draw_us,master,final,514.2396665,500.69100000000003,511.6770835,499.8993335,-13.05916700000003,"[-16.4790835, -8.84375]",-2.5709959842359407,"[-3.2440854142879836, -1.7205919394713165]",12,5,60,10000
cpu,vollkorn,2,font_variations,weight_advance,6,717,submit_us,master,final,514.3994164999999,500.83691650000003,511.8540835,500.04175,-13.052332999999976,"[-16.5068335, -8.87833299999997]",-2.5688942329017364,"[-3.2485710062616358, -1.724055208078179]",12,5,60,10000
cpu,vollkorn,2,font_variations,weight_advance,6,717,complete_us,master,final,514.434,500.8473335,511.8785835,500.0798335,-13.055749999999989,"[-16.506917000000016, -8.874999500000001]",-2.5694793965782283,"[-3.248395830514511, -1.7246061661438994]",12,5,60,10000
cpu,vollkorn,2,font_variations,weight_advance,6,717,draw_us,prior,updated45,499.26033299999995,497.92375000000004,501.3055,498.04875000000004,-2.4928329999999903,"[-6.618000000000023, 1.6976664999999969]",-0.501599847312717,"[-1.3382720505241252, 0.33563471202927575]",12,5,60,10000
cpu,vollkorn,2,font_variations,weight_advance,6,717,submit_us,prior,updated45,499.388667,498.06275,501.44775000000004,498.19475,-2.4892494999999997,"[-6.628416500000014, 1.7187505000000272]",-0.5007044509546421,"[-1.3400488839962643, 0.33974762983207674]",12,5,60,10000
cpu,vollkorn,2,font_variations,weight_advance,6,717,complete_us,prior,updated45,499.41999999999996,498.097333,501.485917,498.2224165,-2.4995834999999715,"[-6.631833000000029, 1.7048335000000066]",-0.5027410374297547,"[-1.3406407269413556, 0.3369556060758394]",12,5,60,10000
cpu,vollkorn,2,font_variations,weight_advance,6,717,draw_us,prior,final,499.26033299999995,500.69100000000003,501.3055,499.8993335,1.8402499999999975,"[-4.652582999999993, 6.44791699999999]",0.3603904107147282,"[-0.927833859105115, 1.287010119977594]",12,5,60,10000
cpu,vollkorn,2,font_variations,weight_advance,6,717,submit_us,prior,final,499.388667,500.83691650000003,501.44775000000004,500.04175,1.8854165000000194,"[-4.662916500000023, 6.465333500000014]",0.36840851390230744,"[-0.9296135638132974, 1.2900949220379432]",12,5,60,10000
cpu,vollkorn,2,font_variations,weight_advance,6,717,complete_us,prior,final,499.41999999999996,500.8473335,501.485917,500.0798335,1.8715834999999572,"[-4.6733335000000125, 6.465250499999996]",0.3658264495799868,"[-0.9316217623696499, 1.290054523884221]",12,5,60,10000
cpu,vollkorn,2,font_variations,weight_advance,6,717,draw_us,updated45,final,497.92375000000004,500.69100000000003,498.04875000000004,499.8993335,3.021082999999976,"[-1.770832999999982, 7.6494164999999725]",0.6013391991160022,"[-0.35316237824866703, 1.5171265861010363]",12,5,60,10000
cpu,vollkorn,2,font_variations,weight_advance,6,717,submit_us,updated45,final,498.06275,500.83691650000003,498.19475,500.04175,3.0520830000000103,"[-1.7743335000000116, 7.684166000000005]",0.6073805719463587,"[-0.3537550398898359, 1.5231422672155048]",12,5,60,10000
cpu,vollkorn,2,font_variations,weight_advance,6,717,complete_us,updated45,final,498.097333,500.8473335,498.2224165,500.0798335,3.0312499999999716,"[-1.7500829999999894, 7.680583499999983]",0.6031636604623913,"[-0.3489122581372295, 1.5223943746359936]",12,5,60,10000
cpu,vollkorn,2,font_variations,weight_return,6,0,draw_us,master,prior,38.5903335,38.1701665,38.5903335,37.98275,-0.5347494999999967,"[-1.3124165000000012, 0.14916649999999976]",-1.3589889170166514,"[-3.168379451982978, 0.3897490413108051]",12,5,60,10000
cpu,vollkorn,2,font_variations,weight_return,6,0,submit_us,master,prior,38.673666499999996,38.2535,38.673666499999996,38.076417,-0.5488335000000006,"[-1.291666499999998, 0.163000499999999]",-1.3917198120198315,"[-3.1110401337989204, 0.425783790946177]",12,5,60,10000
cpu,vollkorn,2,font_variations,weight_return,6,0,complete_us,master,prior,38.691,38.281333000000004,38.691,38.114583,-0.5383334999999967,"[-1.2674169999999982, 0.19091600000000142]",-1.364415926091378,"[-3.0512888978887154, 0.4992614549669705]",12,5,60,10000
cpu,vollkorn,2,font_variations,weight_return,6,0,draw_us,master,updated45,38.5903335,37.96525,38.5903335,37.8993335,-0.7848330000000026,"[-1.4654165, 0.20825049999999834]",-2.026648994965541,"[-3.722648871512635, 0.5434047583652624]",12,5,60,10000
cpu,vollkorn,2,font_variations,weight_return,6,0,submit_us,master,updated45,38.673666499999996,38.0346665,38.673666499999996,37.9721665,-0.7919164999999992,"[-1.476166499999998, 0.18750000000000355]",-2.0407371247315567,"[-3.7414905719811484, 0.48785919043675685]",12,5,60,10000
cpu,vollkorn,2,font_variations,weight_return,6,0,complete_us,master,updated45,38.691,38.059,38.691,37.9964165,-0.7917504999999991,"[-1.4658334999999987, 0.20824999999999605]",-2.0395880260257684,"[-3.7141485190895605, 0.5422495463380361]",12,5,60,10000
cpu,vollkorn,2,font_variations,weight_return,6,0,draw_us,master,final,38.5903335,39.007000000000005,38.5903335,38.8715,0.14908349999999615,"[-0.847332999999999, 1.461833500000001]",0.38490963766854014,"[-2.1893481932339256, 3.76693778586884]",12,5,60,10000
cpu,vollkorn,2,font_variations,weight_return,6,0,submit_us,master,final,38.673666499999996,39.07983350000001,38.673666499999996,38.9549165,0.1525000000000034,"[-0.8440829999999977, 1.472166999999999]",0.39295212520673584,"[-2.1760643487944433, 3.7872968379003336]",12,5,60,10000
cpu,vollkorn,2,font_variations,weight_return,6,0,complete_us,master,final,38.691,39.1040835,38.691,38.9895,0.1699164999999958,"[-0.8335834999999996, 1.46875]",0.43771179612506206,"[-2.149245659343185, 3.7760121925017542]",12,5,60,10000
cpu,vollkorn,2,font_variations,weight_return,6,0,draw_us,prior,updated45,38.1701665,37.96525,37.98275,37.8993335,-0.20491650000000305,"[-0.6147505000000031, 0.5834170000000007]",-0.5414846247246807,"[-1.550626312597625, 1.5515671791723418]",12,5,60,10000
cpu,vollkorn,2,font_variations,weight_return,6,0,submit_us,prior,updated45,38.2535,38.0346665,38.076417,37.9721665,-0.2258334999999967,"[-0.6114159999999984, 0.5761669999999981]",-0.6100002489147105,"[-1.5379465489327226, 1.529610893885569]",12,5,60,10000
cpu,vollkorn,2,font_variations,weight_return,6,0,complete_us,prior,updated45,38.281333000000004,38.059,38.114583,37.9964165,-0.2325835000000005,"[-0.6392495000000018, 0.5762505000000004]",-0.6276501537834267,"[-1.6051817646639766, 1.5288616548217004]",12,5,60,10000
cpu,vollkorn,2,font_variations,weight_return,6,0,draw_us,prior,final,38.1701665,39.007000000000005,37.98275,38.8715,0.5658329999999978,"[-0.31958350000000024, 1.6077505000000016]",1.4336413441526474,"[-0.8289458179893738, 4.331513854893132]",12,5,60,10000
cpu,vollkorn,2,font_variations,weight_return,6,0,submit_us,prior,final,38.2535,39.07983350000001,38.076417,38.9549165,0.5345005,"[-0.3266664999999982, 1.6004165000000015]",1.3548531719917989,"[-0.8461809026983069, 4.3018498995087135]",12,5,60,10000
cpu,vollkorn,2,font_variations,weight_return,6,0,complete_us,prior,final,38.281333000000004,39.1040835,38.114583,38.9895,0.5275834999999987,"[-0.30574999999999974, 1.5902499999999975]",1.337014359620814,"[-0.7920129767172268, 4.270791615438951]",12,5,60,10000
cpu,vollkorn,2,font_variations,weight_return,6,0,draw_us,updated45,final,37.96525,39.007000000000005,37.8993335,38.8715,0.812417,"[0.038333000000001505, 1.274416500000001]",2.058345845140741,"[0.05818057150511757, 3.3645916748297644]",12,5,60,10000
cpu,vollkorn,2,font_variations,weight_return,6,0,submit_us,updated45,final,38.0346665,39.07983350000001,37.9721665,38.9549165,0.7987499999999983,"[0.034916499999997797, 1.267416500000003]",2.052172008005515,"[0.048833364421418946, 3.339167350531269]",12,5,60,10000
cpu,vollkorn,2,font_variations,weight_return,6,0,complete_us,updated45,final,38.059,39.1040835,37.9964165,38.9895,0.8126664999999988,"[0.0382499999999979, 1.284749999999999]",2.069278616917203,"[0.05756807264829522, 3.3835962790484064]",12,5,60,10000
cpu,vollkorn,2,grid_pollution,hot_first,1,94,draw_us,master,prior,1596.9375,1514.8955,1602.458,1511.9795,-85.3130000000001,"[-101.35450000000003, -76.70849999999996]",-5.144254546025618,"[-6.228726322081018, -4.834454906927139]",12,5,60,10000
cpu,vollkorn,2,grid_pollution,hot_first,1,94,submit_us,master,prior,1597.042,1515.0,1602.5625,1512.0835000000002,-85.4375,"[-101.64549999999997, -76.74999999999989]",-5.150328878370308,"[-6.2449509582099605, -4.823774401262371]",12,5,60,10000
cpu,vollkorn,2,grid_pollution,hot_first,1,94,complete_us,master,prior,1597.083,1515.0205,1602.583,1512.0835000000002,-85.45850000000007,"[-101.66650000000004, -76.75049999999987]",-5.151493266617974,"[-6.246091677973276, -4.824940111153408]",12,5,60,10000
cpu,vollkorn,2,grid_pollution,hot_first,1,94,draw_us,master,updated45,1596.9375,1502.5625,1602.458,1501.583,-94.22950000000003,"[-111.14549999999997, -69.9375]",-5.633863045927463,"[-6.9584810575822935, -4.362417047411149]",12,5,60,10000
cpu,vollkorn,2,grid_pollution,hot_first,1,94,submit_us,master,updated45,1597.042,1502.6875,1602.5625,1501.6665,-94.58299999999997,"[-111.22900000000004, -69.93799999999999]",-5.652966287903982,"[-6.962944732176279, -4.36216708531415]",12,5,60,10000
cpu,vollkorn,2,grid_pollution,hot_first,1,94,complete_us,master,updated45,1597.083,1502.7289999999998,1602.583,1501.708,-94.60449999999992,"[-111.24950000000001, -69.91700000000003]",-5.65413392578723,"[-6.964055290753118, -4.360801332654407]",12,5,60,10000
cpu,vollkorn,2,grid_pollution,hot_first,1,94,draw_us,master,final,1596.9375,1524.5835000000002,1602.458,1511.7914999999998,-79.5005000000001,"[-94.97900000000004, -62.75]",-4.961967503806791,"[-5.9592629182479095, -4.018318448183206]",12,5,60,10000
cpu,vollkorn,2,grid_pollution,hot_first,1,94,submit_us,master,final,1597.042,1524.6875,1602.5625,1511.854,-79.70850000000007,"[-94.97950000000003, -62.770999999999844]",-4.957608204718617,"[-5.958903607615618, -4.019359825283708]",12,5,60,10000
cpu,vollkorn,2,grid_pollution,hot_first,1,94,complete_us,master,final,1597.083,1524.729,1602.583,1511.896,-79.70850000000007,"[-94.97899999999993, -62.75]",-4.956237683587423,"[-5.95871721166869, -4.01797340511561]",12,5,60,10000
cpu,vollkorn,2,grid_pollution,hot_first,1,94,draw_us,prior,updated45,1514.8955,1502.5625,1511.9795,1501.583,-5.333500000000072,"[-20.395999999999958, 6.583000000000084]",-0.3467351420864073,"[-1.34923445309994, 0.4310551283466246]",12,5,60,10000
cpu,vollkorn,2,grid_pollution,hot_first,1,94,submit_us,prior,updated45,1515.0,1502.6875,1512.0835000000002,1501.6665,-5.312500000000114,"[-20.416999999999916, 6.416000000000054]",-0.3454888060283656,"[-1.3505253403318096, 0.41997196851634166]",12,5,60,10000
cpu,vollkorn,2,grid_pollution,hot_first,1,94,complete_us,prior,updated45,1515.0205,1502.7289999999998,1512.0835000000002,1501.708,-5.27150000000006,"[-20.395999999999958, 6.395500000000084]",-0.3428666640751865,"[-1.3491228935045396, 0.41862613682316363]",12,5,60,10000
cpu,vollkorn,2,grid_pollution,hot_first,1,94,draw_us,prior,final,1514.8955,1524.5835000000002,1511.9795,1511.7914999999998,1.1245000000000118,"[-14.978999999999928, 21.041499999999928]",0.07419662284456896,"[-0.9558651972319421, 1.3848121474750452]",12,5,60,10000
cpu,vollkorn,2,grid_pollution,hot_first,1,94,submit_us,prior,final,1515.0,1524.6875,1512.0835000000002,1511.854,1.0620000000000118,"[-14.854000000000042, 21.10349999999994]",0.07000567719018802,"[-0.9486587999378016, 1.3887347105987713]",12,5,60,10000
cpu,vollkorn,2,grid_pollution,hot_first,1,94,complete_us,prior,final,1515.0205,1524.729,1512.0835000000002,1511.896,1.0830000000000837,"[-14.833500000000072, 21.083499999999958]",0.07138229259474604,"[-0.9473799907246616, 1.3873962408027074]",12,5,60,10000
cpu,vollkorn,2,grid_pollution,hot_first,1,94,draw_us,updated45,final,1502.5625,1524.5835000000002,1501.583,1511.7914999999998,11.519999999999982,"[-12.979499999999916, 20.438499999999976]",0.7720687603635534,"[-0.8243288068940979, 1.3444454898175806]",12,5,60,10000
cpu,vollkorn,2,grid_pollution,hot_first,1,94,submit_us,updated45,final,1502.6875,1524.6875,1501.6665,1511.854,11.499500000000012,"[-12.708499999999958, 20.521499999999946]",0.7706496198198076,"[-0.8074347366408274, 1.3497717799575426]",12,5,60,10000
cpu,vollkorn,2,grid_pollution,hot_first,1,94,complete_us,updated45,final,1502.7289999999998,1524.729,1501.708,1511.896,11.520500000000084,"[-12.708000000000084, 20.521499999999946]",0.772054921214127,"[-0.8073812407190573, 1.3497516028521228]",12,5,60,10000
cpu,vollkorn,2,grid_pollution,hot_return,1,94,draw_us,master,prior,1520.0005,1493.8545,1520.7085,1499.5,-28.458499999999958,"[-37.93700000000001, -11.583499999999844]",-1.840971424342297,"[-2.4135347997488954, -0.7784684676799103]",12,5,60,10000
cpu,vollkorn,2,grid_pollution,hot_return,1,94,submit_us,master,prior,1520.209,1494.104,1520.9375,1499.8335,-28.5,"[-37.91650000000004, -11.666499999999928]",-1.8432853801864324,"[-2.4121490644653965, -0.7839455739249268]",12,5,60,10000
cpu,vollkorn,2,grid_pollution,hot_return,1,94,complete_us,master,prior,1520.25,1494.125,1520.9585000000002,1499.8545,-28.5,"[-37.91650000000004, -11.6875]",-1.8432353003685453,"[-2.4120109845654323, -0.7853321762694043]",12,5,60,10000
cpu,vollkorn,2,grid_pollution,hot_return,1,94,draw_us,master,updated45,1520.0005,1498.625,1520.7085,1494.771,-30.354500000000144,"[-39.35400000000004, -5.8125]",-1.923153281248735,"[-2.5501151330918015, -0.3888845557568077]",12,5,60,10000
cpu,vollkorn,2,grid_pollution,hot_return,1,94,submit_us,master,updated45,1520.209,1498.854,1520.9375,1495.0415,-30.562999999999988,"[-39.458000000000084, -5.729499999999916]",-1.9358964608792328,"[-2.556500139332296, -0.38327932918659213]",12,5,60,10000
cpu,vollkorn,2,grid_pollution,hot_return,1,94,complete_us,master,updated45,1520.25,1498.8955,1520.9585000000002,1495.0625,-30.583500000000072,"[-39.4375, -5.750499999999988]",-1.9370957159021707,"[-2.555114156794769, -0.38467728736749085]",12,5,60,10000
cpu,vollkorn,2,grid_pollution,hot_return,1,94,draw_us,master,final,1520.0005,1509.875,1520.7085,1496.6665,-22.95799999999997,"[-33.89549999999997, -4.375]",-1.539748880575792,"[-2.238345842479422, -0.28515717341093816]",12,5,60,10000
cpu,vollkorn,2,grid_pollution,hot_return,1,94,submit_us,master,final,1520.209,1510.146,1520.9375,1497.104,-22.895500000000084,"[-33.937500000000114, -4.20799999999997]",-1.5354046760502948,"[-2.240682477821437, -0.2735330184952922]",12,5,60,10000
cpu,vollkorn,2,grid_pollution,hot_return,1,94,complete_us,master,final,1520.25,1510.1665,1520.9585000000002,1497.104,-22.89549999999997,"[-33.895500000000084, -4.22950000000003]",-1.5353614310888664,"[-2.2379094128418875, -0.27496711345200153]",12,5,60,10000
cpu,vollkorn,2,grid_pollution,hot_return,1,94,draw_us,prior,updated45,1493.8545,1498.625,1499.5,1494.771,-3.8120000000001255,"[-13.396000000000072, 10.666499999999928]",-0.2528156867492748,"[-0.9114538200221622, 0.693882724555428]",12,5,60,10000
cpu,vollkorn,2,grid_pollution,hot_return,1,94,submit_us,prior,updated45,1494.104,1498.854,1499.8335,1495.0415,-3.875,"[-13.41700000000003, 10.45799999999997]",-0.2569654508703556,"[-0.9127864104909234, 0.6805403063250948]",12,5,60,10000
cpu,vollkorn,2,grid_pollution,hot_return,1,94,complete_us,prior,updated45,1494.125,1498.8955,1499.8545,1495.0625,-3.874500000000012,"[-13.41700000000003, 10.458499999999958]",-0.25692111345984037,"[-0.9127603296973485, 0.6805650114789064]",12,5,60,10000
cpu,vollkorn,2,grid_pollution,hot_return,1,94,draw_us,prior,final,1493.8545,1509.875,1499.5,1496.6665,1.04099999999994,"[-6.271000000000072, 10.833000000000084]",0.07294196141343634,"[-0.4234018963360231, 0.7281402670263226]",12,5,60,10000
cpu,vollkorn,2,grid_pollution,hot_return,1,94,submit_us,prior,final,1494.104,1510.146,1499.8335,1497.104,1.08299999999997,"[-6.25, 10.874500000000012]",0.07572255558263574,"[-0.4219584603676052, 0.7309578684594364]",12,5,60,10000
cpu,vollkorn,2,grid_pollution,hot_return,1,94,complete_us,prior,final,1494.125,1510.1665,1499.8545,1497.104,1.0830000000000837,"[-6.249500000000012, 10.895999999999958]",0.07572033634722919,"[-0.4219131355852057, 0.7323682722480185]",12,5,60,10000
cpu,vollkorn,2,grid_pollution,hot_return,1,94,draw_us,updated45,final,1498.625,1509.875,1494.771,1496.6665,4.187500000000114,"[-8.22849999999994, 12.478999999999928]",0.2817432256129404,"[-0.5514853962198529, 0.856167752239545]",12,5,60,10000
cpu,vollkorn,2,grid_pollution,hot_return,1,94,submit_us,updated45,final,1498.854,1510.146,1495.0415,1497.104,4.270999999999958,"[-7.95799999999997, 12.520999999999958]",0.28734029888071166,"[-0.5333992024351142, 0.8589598418502709]",12,5,60,10000
cpu,vollkorn,2,grid_pollution,hot_return,1,94,complete_us,updated45,final,1498.8955,1510.1665,1495.0625,1497.104,4.270999999999958,"[-7.95799999999997, 12.521000000000072]",0.2873371899306143,"[-0.5333892086075653, 0.8589350933630557]",12,5,60,10000
cpu,vollkorn,2,grid_pollution,hot_second,1,94,draw_us,master,prior,1455.4995,197.29149999999998,1456.2289999999998,197.60399999999998,-1258.9995,"[-1273.4375, -1247.646]",-86.48754543022218,"[-86.68563043952747, -86.22714817003485]",12,5,60,10000
cpu,vollkorn,2,grid_pollution,hot_second,1,94,submit_us,master,prior,1455.6039999999998,197.375,1456.333,197.66649999999998,-1259.0625,"[-1273.4575, -1247.667]",-86.48425599807226,"[-86.6807370857278, -86.2238494528419]",12,5,60,10000
cpu,vollkorn,2,grid_pollution,hot_second,1,94,complete_us,master,prior,1455.6455,197.39600000000002,1456.354,197.6875,-1259.0625,"[-1273.479, -1247.6455]",-86.48156842258197,"[-86.6796966275738, -86.22135698737029]",12,5,60,10000
cpu,vollkorn,2,grid_pollution,hot_second,1,94,draw_us,master,updated45,1455.4995,195.97899999999998,1456.2289999999998,197.812,-1259.958,"[-1279.4995000000001, -1247.2714999999998]",-86.46509669284174,"[-86.78017059842173, -86.25903284454988]",12,5,60,10000
cpu,vollkorn,2,grid_pollution,hot_second,1,94,submit_us,master,updated45,1455.6039999999998,196.04149999999998,1456.333,197.8745,-1260.0205,"[-1279.52, -1247.3135000000002]",-86.46002430591182,"[-86.77703651405116, -86.25719670660028]",12,5,60,10000
cpu,vollkorn,2,grid_pollution,hot_second,1,94,complete_us,master,updated45,1455.6455,196.08350000000002,1456.354,197.91649999999998,-1260.0,"[-1279.5205, -1247.292]",-86.45754042373706,"[-86.77458009868366, -86.25450229781353]",12,5,60,10000
cpu,vollkorn,2,grid_pollution,hot_second,1,94,draw_us,master,final,1455.4995,198.5625,1456.2289999999998,196.7505,-1263.687,"[-1269.229, -1243.8545]",-86.4103394950883,"[-86.52236861116353, -86.13629691273616]",12,5,60,10000
cpu,vollkorn,2,grid_pollution,hot_second,1,94,submit_us,master,final,1455.6039999999998,198.6465,1456.333,196.8125,-1263.7285,"[-1269.2495, -1243.8960000000002]",-86.40550389929777,"[-86.51868835556138, -86.1316422859376]",12,5,60,10000
cpu,vollkorn,2,grid_pollution,hot_second,1,94,complete_us,master,final,1455.6455,198.6875,1456.354,196.8545,-1263.75,"[-1269.25, -1243.875]",-86.40306266008332,"[-86.51602651772637, -86.13061061226406]",12,5,60,10000
cpu,vollkorn,2,grid_pollution,hot_second,1,94,draw_us,prior,updated45,197.29149999999998,195.97899999999998,197.60399999999998,197.812,1.5625,"[-3.3329999999999984, 4.311999999999998]",0.7957899338412511,"[-1.6817141070971542, 2.086093386521859]",12,5,60,10000
cpu,vollkorn,2,grid_pollution,hot_second,1,94,submit_us,prior,updated45,197.375,196.04149999999998,197.66649999999998,197.8745,1.5625,"[-3.3130000000000024, 4.270499999999998]",0.7954534597703122,"[-1.6711246157922688, 2.064562794653202]",12,5,60,10000
cpu,vollkorn,2,grid_pollution,hot_second,1,94,complete_us,prior,updated45,197.39600000000002,196.08350000000002,197.6875,197.91649999999998,1.5625,"[-3.2920000000000016, 4.270499999999998]",0.7952833042538021,"[-1.6603375462560521, 2.0641427208388574]",12,5,60,10000
cpu,vollkorn,2,grid_pollution,hot_second,1,94,draw_us,prior,final,197.29149999999998,198.5625,197.60399999999998,196.7505,1.2085000000000008,"[-2.978999999999999, 5.313000000000002]",0.5982130816679643,"[-1.4862862749563666, 2.716320936841188]",12,5,60,10000
cpu,vollkorn,2,grid_pollution,hot_second,1,94,submit_us,prior,final,197.375,198.6465,197.66649999999998,196.8125,1.2079999999999984,"[-2.9579999999999984, 5.3125]",0.597724381566278,"[-1.475299980175565, 2.7149069609413656]",12,5,60,10000
cpu,vollkorn,2,grid_pollution,hot_second,1,94,complete_us,prior,final,197.39600000000002,198.6875,197.6875,196.8545,1.1875,"[-2.958500000000001, 5.354500000000002]",0.5874774215728462,"[-1.475238827998987, 2.7364275401068783]",12,5,60,10000
cpu,vollkorn,2,grid_pollution,hot_second,1,94,draw_us,updated45,final,195.97899999999998,198.5625,197.812,196.7505,-0.3119999999999976,"[-4.853499999999997, 7.082999999999998]",-0.15737301956032512,"[-2.2750668807038132, 3.765762214539037]",12,5,60,10000
cpu,vollkorn,2,grid_pollution,hot_second,1,94,submit_us,updated45,final,196.04149999999998,198.6465,197.8745,196.8125,-0.2909999999999968,"[-4.853499999999997, 7.063000000000002]",-0.1467868998865307,"[-2.2730960717570357, 3.7644022550890943]",12,5,60,10000
cpu,vollkorn,2,grid_pollution,hot_second,1,94,complete_us,updated45,final,196.08350000000002,198.6875,197.91649999999998,196.8545,-0.2914999999999992,"[-4.853499999999997, 7.082999999999998]",-0.14700674831248373,"[-2.272648090026963, 3.7746083505990624]",12,5,60,10000
cpu,vollkorn,2,grid_pollution,pollution,64,6016,draw_us,master,prior,1517.1296015,1495.6207964999999,1517.184875,1495.074242,-21.6188360000001,"[-27.10873449999997, -10.092468499999995]",-1.4248773399366088,"[-1.7910599007424421, -0.650319342648592]",12,5,60,10000
cpu,vollkorn,2,grid_pollution,pollution,64,6016,submit_us,master,prior,1517.2318825,1495.7090315,1517.2783279999999,1495.158516,-21.62990549999995,"[-27.124680000000012, -10.076515999999856]",-1.425512086887859,"[-1.7919931198387529, -0.649269810560088]",12,5,60,10000
cpu,vollkorn,2,grid_pollution,pollution,64,6016,complete_us,master,prior,1517.2617735,1495.736664,1517.309219,1495.186828,-21.633179999999925,"[-27.121038999999882, -10.089257999999973]",-1.4256991845224054,"[-1.7917173253095109, -0.6500690309618473]",12,5,60,10000
cpu,vollkorn,2,grid_pollution,pollution,64,6016,draw_us,master,updated45,1517.1296015,1494.0625154999998,1517.184875,1495.9856559999998,-19.62935200000004,"[-22.646781000000033, -11.50810899999999]",-1.293747828496472,"[-1.4870583970613471, -0.7721011036890602]",12,5,60,10000
cpu,vollkorn,2,grid_pollution,pollution,64,6016,submit_us,master,updated45,1517.2318825,1494.1465155,1517.2783279999999,1496.075844,-19.63554649999992,"[-22.659421500000008, -11.495664000000033]",-1.2940697098375809,"[-1.4877927150229453, -0.771245642686208]",12,5,60,10000
cpu,vollkorn,2,grid_pollution,pollution,64,6016,complete_us,master,updated45,1517.2617735,1494.1800779999999,1517.309219,1496.1103515,-19.63198449999993,"[-22.657468999999878, -11.492093999999952]",-1.2938089459758662,"[-1.4876336248731636, -0.7709932395907781]",12,5,60,10000
cpu,vollkorn,2,grid_pollution,pollution,64,6016,draw_us,master,final,1517.1296015,1508.9550625,1517.184875,1502.9993515,-12.457343999999921,"[-15.647890500000017, 0.43521899999984726]",-0.8226860102733047,"[-1.0285070129110174, 0.028708933694537864]",12,5,60,10000
cpu,vollkorn,2,grid_pollution,pollution,64,6016,submit_us,master,final,1517.2318825,1509.0598909999999,1517.2783279999999,1503.100258,-12.45466399999998,"[-15.626711, 0.43651550000004136]",-0.8224568123715192,"[-1.0289713242449428, 0.02882726926747292]",12,5,60,10000
cpu,vollkorn,2,grid_pollution,pollution,64,6016,complete_us,master,final,1517.2617735,1509.092781,1517.309219,1503.1279530000002,-12.449726499999883,"[-15.629976499999998, 0.4342345000000023]",-0.8221143685527454,"[-1.0292064406389356, 0.028682621064551883]",12,5,60,10000
cpu,vollkorn,2,grid_pollution,pollution,64,6016,draw_us,prior,updated45,1495.6207964999999,1494.0625154999998,1495.074242,1495.9856559999998,0.7307574999999815,"[-7.472312500000044, 6.453187999999955]",0.04889016975878624,"[-0.49413285748887703, 0.4263821903801257]",12,5,60,10000
cpu,vollkorn,2,grid_pollution,pollution,64,6016,submit_us,prior,updated45,1495.7090315,1494.1465155,1495.158516,1496.075844,0.7516014999999925,"[-7.474281000000019, 6.4443674999999985]",0.05028305257827048,"[-0.49423642316018257, 0.42577098270052405]",12,5,60,10000
cpu,vollkorn,2,grid_pollution,pollution,64,6016,complete_us,prior,updated45,1495.736664,1494.1800779999999,1495.186828,1496.1103515,0.7548594999999523,"[-7.461164000000053, 6.442093999999997]",0.05050046710357581,"[-0.49336154251908293, 0.42561172513629897]",12,5,60,10000
cpu,vollkorn,2,grid_pollution,pollution,64,6016,draw_us,prior,final,1495.6207964999999,1508.9550625,1495.074242,1502.9993515,5.595749999999953,"[-1.2463824999999815, 14.788679500000057]",0.36337596218406487,"[-0.08572403608292367, 0.9815787790451447]",12,5,60,10000
cpu,vollkorn,2,grid_pollution,pollution,64,6016,submit_us,prior,final,1495.7090315,1509.0598909999999,1495.158516,1503.100258,5.5784925000000385,"[-1.2219450000000052, 14.823211000000015]",0.3623032921387104,"[-0.08407344173880227, 0.9837809597871838]",12,5,60,10000
cpu,vollkorn,2,grid_pollution,pollution,64,6016,complete_us,prior,final,1495.736664,1509.092781,1495.186828,1503.1279530000002,5.58432049999999,"[-1.211836000000062, 14.824539500000014]",0.36266735770638103,"[-0.0833913317742574, 0.9838482097158985]",12,5,60,10000
cpu,vollkorn,2,grid_pollution,pollution,64,6016,draw_us,updated45,final,1494.0625154999998,1508.9550625,1495.9856559999998,1502.9993515,6.250234000000091,"[1.7562424999999848, 9.732695000000035]",0.4163262818565383,"[0.11729895740096863, 0.6584520208872902]",12,5,60,10000
cpu,vollkorn,2,grid_pollution,pollution,64,6016,submit_us,updated45,final,1494.1465155,1509.0598909999999,1496.075844,1503.100258,6.300054500000101,"[1.765671999999995, 9.747078000000101]",0.41958115830899034,"[0.11791965434010399, 0.6593882839904919]",12,5,60,10000
cpu,vollkorn,2,grid_pollution,pollution,64,6016,complete_us,updated45,final,1494.1800779999999,1509.092781,1496.1103515,1503.1279530000002,6.299711000000002,"[1.7607809999999517, 9.744766000000027]",0.41954244461198664,"[0.11759600023140138, 0.6592148878176385]",12,5,60,10000
cpu,vollkorn,2,grid_singleton,once,1,94,draw_us,master,prior,1611.3960000000002,1533.4585,1611.417,1538.4795,-75.0625,"[-86.83350000000007, -61.22950000000003]",-4.7010479788906,"[-5.201963132758397, -3.791385224388588]",12,5,60,10000
cpu,vollkorn,2,grid_singleton,once,1,94,submit_us,master,prior,1611.5415,1533.6045,1611.542,1538.6255,-75.10450000000003,"[-87.04199999999992, -61.20850000000007]",-4.699398043854853,"[-5.216491896633663, -3.7897735382957376]",12,5,60,10000
cpu,vollkorn,2,grid_singleton,once,1,94,complete_us,master,prior,1611.5625,1533.6465,1611.5625,1538.667,-75.12549999999999,"[-87.0625, -61.20799999999997]",-4.7005573366256606,"[-5.2176899894852635, -3.7896455948775607]",12,5,60,10000
cpu,vollkorn,2,grid_singleton,once,1,94,draw_us,master,updated45,1611.3960000000002,1523.4165,1611.417,1523.2705,-92.85450000000003,"[-109.52099999999996, -84.41700000000003]",-5.718210451801808,"[-6.561937075529068, -5.247116095266091]",12,5,60,10000
cpu,vollkorn,2,grid_singleton,once,1,94,submit_us,master,updated45,1611.5415,1523.5205,1611.542,1523.4165,-92.77150000000006,"[-109.79199999999992, -84.39649999999995]",-5.7127173289255655,"[-6.563888333456008, -5.245360837926172]",12,5,60,10000
cpu,vollkorn,2,grid_singleton,once,1,94,complete_us,master,updated45,1611.5625,1523.5625,1611.5625,1523.4375,-92.77100000000007,"[-109.79200000000003, -84.41650000000004]",-5.712542087320782,"[-6.563716765082328, -5.246475408892354]",12,5,60,10000
cpu,vollkorn,2,grid_singleton,once,1,94,draw_us,master,final,1611.3960000000002,1533.625,1611.417,1524.7915,-83.41750000000002,"[-99.97950000000003, -73.16650000000004]",-5.176555471565575,"[-5.954402686939847, -4.585601562733737]",12,5,60,10000
cpu,vollkorn,2,grid_singleton,once,1,94,submit_us,master,final,1611.5415,1533.7915,1611.542,1524.916,-83.41750000000002,"[-100.125, -73.14600000000007]",-5.176158109351931,"[-5.9612034133453236, -4.583959658643472]",12,5,60,10000
cpu,vollkorn,2,grid_singleton,once,1,94,complete_us,master,final,1611.5625,1533.812,1611.5625,1524.958,-83.41699999999992,"[-100.14550000000008, -73.14599999999996]",-5.176059163801423,"[-5.962324998718172, -4.583839007908619]",12,5,60,10000
cpu,vollkorn,2,grid_singleton,once,1,94,draw_us,prior,updated45,1533.4585,1523.4165,1538.4795,1523.2705,-18.166999999999916,"[-26.854000000000042, -6.645999999999958]",-1.1609373706178372,"[-1.72344008956552, -0.4338451700652224]",12,5,60,10000
cpu,vollkorn,2,grid_singleton,once,1,94,submit_us,prior,updated45,1533.6045,1523.5205,1538.6255,1523.4165,-18.208499999999958,"[-26.791500000000042, -6.625499999999988]",-1.1631978243781038,"[-1.7192785003039335, -0.4324600960744607]",12,5,60,10000
cpu,vollkorn,2,grid_singleton,once,1,94,complete_us,prior,updated45,1533.6465,1523.5625,1538.667,1523.4375,-18.1875,"[-26.791500000000042, -6.625499999999988]",-1.161781812945828,"[-1.7192321107920405, -0.4324494899421383]",12,5,60,10000
cpu,vollkorn,2,grid_singleton,once,1,94,draw_us,prior,final,1533.4585,1533.625,1538.4795,1524.7915,-14.833499999999958,"[-22.833999999999946, 4.583000000000084]",-0.9552962644234386,"[-1.4961292618696331, 0.30340662827221254]",12,5,60,10000
cpu,vollkorn,2,grid_singleton,once,1,94,submit_us,prior,final,1533.6045,1533.7915,1538.6255,1524.916,-14.833499999999958,"[-22.813499999999976, 4.583000000000084]",-0.9552193551341182,"[-1.4946785378813499, 0.3034209292586354]",12,5,60,10000
cpu,vollkorn,2,grid_singleton,once,1,94,complete_us,prior,final,1533.6465,1533.812,1538.667,1524.958,-14.833500000000072,"[-22.791999999999916, 4.562000000000012]",-0.9551935163927827,"[-1.493241301382603, 0.3020343527185332]",12,5,60,10000
cpu,vollkorn,2,grid_singleton,once,1,94,draw_us,updated45,final,1523.4165,1533.625,1523.2705,1524.7915,7.52049999999997,"[-4.89549999999997, 16.729499999999916]",0.5015212732963792,"[-0.32052388085193617, 1.0920794052786453]",12,5,60,10000
cpu,vollkorn,2,grid_singleton,once,1,94,submit_us,updated45,final,1523.5205,1533.7915,1523.4165,1524.916,7.520500000000084,"[-4.875, 16.708499999999958]",0.5014730479724672,"[-0.31915796352074977, 1.090621596362662]",12,5,60,10000
cpu,vollkorn,2,grid_singleton,once,1,94,complete_us,updated45,final,1523.5625,1533.812,1523.4375,1524.958,7.521000000000072,"[-4.875, 16.687999999999988]",0.5014993879038587,"[-0.31914918791437485, 1.0892463300663624]",12,5,60,10000
cpu,vollkorn,2,grid_two_phases,first,1,94,draw_us,master,prior,1546.854,1472.917,1545.479,1472.917,-76.95799999999997,"[-90.58300000000008, -66.60400000000004]",-4.949135305904329,"[-5.761657072287035, -4.299953367393833]",12,5,60,10000
cpu,vollkorn,2,grid_two_phases,first,1,94,submit_us,master,prior,1547.021,1473.042,1545.625,1473.042,-76.95799999999997,"[-90.47900000000004, -66.60400000000004]",-4.951762831963996,"[-5.754571923162838, -4.299606383179955]",12,5,60,10000
cpu,vollkorn,2,grid_two_phases,first,1,94,complete_us,master,prior,1547.042,1473.0625,1545.6455,1473.0625,-76.97850000000005,"[-90.45799999999997, -66.64600000000007]",-4.952883202536595,"[-5.753142943372197, -4.302200444105608]",12,5,60,10000
cpu,vollkorn,2,grid_two_phases,first,1,94,draw_us,master,updated45,1546.854,1470.146,1545.479,1474.042,-83.97900000000004,"[-93.375, -68.22900000000004]",-5.255255279101146,"[-6.025037493935887, -4.446505851664706]",12,5,60,10000
cpu,vollkorn,2,grid_two_phases,first,1,94,submit_us,master,updated45,1547.021,1470.271,1545.625,1474.167,-84.1875,"[-93.39599999999996, -68.27049999999997]",-5.266793855924851,"[-6.025901252875965, -4.448727634050142]",12,5,60,10000
cpu,vollkorn,2,grid_two_phases,first,1,94,complete_us,master,updated45,1547.042,1470.312,1545.6455,1474.208,-84.20799999999997,"[-93.39600000000007, -68.2505000000001]",-5.267938119921611,"[-6.025737962412853, -4.447375117837593]",12,5,60,10000
cpu,vollkorn,2,grid_two_phases,first,1,94,draw_us,master,final,1546.854,1479.8335,1545.479,1474.0210000000002,-72.58399999999995,"[-92.29200000000003, -62.582500000000095]",-4.684822408333034,"[-5.886714013883565, -4.052163061385317]",12,5,60,10000
cpu,vollkorn,2,grid_two_phases,first,1,94,submit_us,master,final,1547.021,1480.021,1545.625,1474.1875,-72.64600000000007,"[-92.33349999999996, -62.583000000000084]",-4.684444463956155,"[-5.8887383814330505, -4.051811277538059]",12,5,60,10000
cpu,vollkorn,2,grid_two_phases,first,1,94,complete_us,master,final,1547.042,1480.062,1545.6455,1474.2085,-72.6880000000001,"[-92.35400000000004, -62.5625]",-4.685636250236341,"[-5.88991814104618, -4.050427363006342]",12,5,60,10000
cpu,vollkorn,2,grid_two_phases,first,1,94,draw_us,prior,updated45,1472.917,1470.146,1472.917,1474.042,-1.0414999999999281,"[-11.41700000000003, 9.478999999999928]",-0.06488494915368737,"[-0.7652881128707212, 0.6485219675028242]",12,5,60,10000
cpu,vollkorn,2,grid_two_phases,first,1,94,submit_us,prior,updated45,1473.042,1470.271,1473.042,1474.167,-1.1664999999999281,"[-11.603999999999928, 9.478999999999928]",-0.07288627778609946,"[-0.777578576086152, 0.6484665008107071]",12,5,60,10000
cpu,vollkorn,2,grid_two_phases,first,1,94,complete_us,prior,updated45,1473.0625,1470.312,1473.0625,1474.208,-1.1459999999999582,"[-11.60450000000003, 9.499500000000012]",-0.07148985997244006,"[-0.777589909993992, 0.6498777268184819]",12,5,60,10000
cpu,vollkorn,2,grid_two_phases,first,1,94,draw_us,prior,final,1472.917,1479.8335,1472.917,1474.0210000000002,2.77049999999997,"[-8.437000000000012, 14.354000000000042]",0.18951570483799474,"[-0.5712793249394499, 0.9745743734128176]",12,5,60,10000
cpu,vollkorn,2,grid_two_phases,first,1,94,submit_us,prior,final,1473.042,1480.021,1473.042,1474.1875,2.75,"[-8.416500000000042, 14.291999999999916]",0.18809720622812165,"[-0.5698472042197533, 0.9704499461025029]",12,5,60,10000
cpu,vollkorn,2,grid_two_phases,first,1,94,complete_us,prior,final,1473.0625,1480.062,1473.0625,1474.2085,2.7705000000000837,"[-8.416500000000042, 14.291999999999916]",0.1895128889117026,"[-0.5698312103017966, 0.9704296709494686]",12,5,60,10000
cpu,vollkorn,2,grid_two_phases,first,1,94,draw_us,updated45,final,1470.146,1479.8335,1474.042,1474.0210000000002,9.895999999999958,"[-12.832499999999982, 18.895500000000084]",0.6578347538325757,"[-0.8684246493458558, 1.311048615520427]",12,5,60,10000
cpu,vollkorn,2,grid_two_phases,first,1,94,submit_us,updated45,final,1470.271,1480.021,1474.167,1474.1875,9.916499999999928,"[-12.812000000000012, 18.916999999999916]",0.6631994161197974,"[-0.8669759586297565, 1.3124263874870534]",12,5,60,10000
cpu,vollkorn,2,grid_two_phases,first,1,94,complete_us,updated45,final,1470.312,1480.062,1474.208,1474.2085,9.91700000000003,"[-12.812000000000012, 18.916999999999916]",0.663225324852279,"[-0.8669515215408707, 1.312388142478893]",12,5,60,10000
cpu,vollkorn,2,grid_two_phases,second,1,94,draw_us,master,prior,1461.0,193.4375,1461.8545,192.72899999999998,-1267.9375,"[-1284.75, -1252.646]",-86.80601036960243,"[-86.99483716698109, -86.66667868871167]",12,5,60,10000
cpu,vollkorn,2,grid_two_phases,second,1,94,submit_us,master,prior,1461.104,193.52100000000002,1461.9795,192.813,-1267.9795,"[-1284.7714999999998, -1252.6454999999999]",-86.79974734027114,"[-86.98781478682844, -86.66208588797753]",12,5,60,10000
cpu,vollkorn,2,grid_two_phases,second,1,94,complete_us,master,prior,1461.146,193.5625,1462.021,192.85399999999998,-1267.958,"[-1284.7915, -1252.646]",-86.79722064339971,"[-86.9854225646687, -86.65942045703093]",12,5,60,10000
cpu,vollkorn,2,grid_two_phases,second,1,94,draw_us,master,updated45,1461.0,197.917,1461.8545,196.917,-1268.5410000000002,"[-1283.0415, -1246.25]",-86.64700821705577,"[-86.84149942334912, -86.52015783630797]",12,5,60,10000
cpu,vollkorn,2,grid_two_phases,second,1,94,submit_us,master,updated45,1461.104,198.0,1461.9795,197.0,-1268.5415,"[-1283.0835, -1246.25]",-86.6425349009782,"[-86.83691318684366, -86.51294507248866]",12,5,60,10000
cpu,vollkorn,2,grid_two_phases,second,1,94,complete_us,master,updated45,1461.146,198.042,1462.021,197.042,-1268.5625,"[-1283.0620000000001, -1246.25]",-86.63988952300554,"[-86.83439549318038, -86.51192015722367]",12,5,60,10000
cpu,vollkorn,2,grid_two_phases,second,1,94,draw_us,master,final,1461.0,191.58350000000002,1461.8545,189.8545,-1268.417,"[-1284.8955, -1257.2085]",-86.92496976932654,"[-87.11317385018512, -86.60286535192247]",12,5,60,10000
cpu,vollkorn,2,grid_two_phases,second,1,94,submit_us,master,final,1461.104,191.66649999999998,1461.9795,189.959,-1268.4585,"[-1284.875, -1257.187]",-86.91724739524537,"[-87.1069446098245, -86.59859103341034]",12,5,60,10000
cpu,vollkorn,2,grid_two_phases,second,1,94,complete_us,master,final,1461.146,191.6875,1462.021,190.0,-1268.4585,"[-1284.875, -1257.1875]",-86.91622047353158,"[-87.104312156362, -86.59618544929992]",12,5,60,10000
cpu,vollkorn,2,grid_two_phases,second,1,94,draw_us,prior,updated45,193.4375,197.917,192.72899999999998,196.917,4.771000000000001,"[-2.541499999999999, 5.771500000000003]",2.496797743597612,"[-1.3234124942266334, 2.9428031060848348]",12,5,60,10000
cpu,vollkorn,2,grid_two_phases,second,1,94,submit_us,prior,updated45,193.52100000000002,198.0,192.813,197.0,4.771000000000001,"[-2.5625, 5.75]",2.4957136998161933,"[-1.3338774354000382, 2.9302168181308708]",12,5,60,10000
cpu,vollkorn,2,grid_two_phases,second,1,94,complete_us,prior,updated45,193.5625,198.042,192.85399999999998,197.042,4.771000000000001,"[-2.5625, 5.729500000000002]",2.4954455163809564,"[-1.33358579343143, 2.9193835522666634]",12,5,60,10000
cpu,vollkorn,2,grid_two_phases,second,1,94,draw_us,prior,final,193.4375,191.58350000000002,192.72899999999998,189.8545,-0.9994999999999976,"[-7.1875, 3.208500000000001]",-0.5183595774511773,"[-3.6726144517672923, 1.6250876375926149]",12,5,60,10000
cpu,vollkorn,2,grid_two_phases,second,1,94,submit_us,prior,final,193.52100000000002,191.66649999999998,192.813,189.959,-0.9994999999999976,"[-7.1875, 3.1670000000000016]",-0.5184261084088704,"[-3.6710385524314604, 1.6032312962113382]",12,5,60,10000
cpu,vollkorn,2,grid_two_phases,second,1,94,complete_us,prior,final,193.5625,191.6875,192.85399999999998,190.0,-0.9784999999999968,"[-7.1875, 3.1454999999999984]",-0.5070491126942078,"[-3.6702698545911625, 1.591655792280533]",12,5,60,10000
cpu,vollkorn,2,grid_two_phases,second,1,94,draw_us,updated45,final,197.917,191.58350000000002,196.917,189.8545,-3.083500000000001,"[-9.354, 3.3130000000000024]",-1.5842503309609457,"[-4.7088419230276735, 1.7512778882017854]",12,5,60,10000
cpu,vollkorn,2,grid_two_phases,second,1,94,submit_us,updated45,final,198.0,191.66649999999998,197.0,189.959,-3.0829999999999984,"[-9.311999999999998, 3.271000000000001]",-1.5833171742296759,"[-4.6852619836688705, 1.727451537538205]",12,5,60,10000
cpu,vollkorn,2,grid_two_phases,second,1,94,complete_us,updated45,final,198.042,191.6875,197.042,190.0,-3.0625,"[-9.311999999999998, 3.271000000000001]",-1.5727456410479568,"[-4.684783818336724, 1.727068292737155]",12,5,60,10000
cpu,vollkorn,2,grid_unique_sizes,sweep,32,3008,draw_us,master,prior,1498.5988905,1472.200594,1495.651656,1470.1869219999999,-23.40496850000011,"[-31.83648400000004, -10.051358999999934]",-1.5664631159356956,"[-2.1196069163732734, -0.6544141412658966]",12,5,60,10000
cpu,vollkorn,2,grid_unique_sizes,sweep,32,3008,submit_us,master,prior,1498.724578,1472.287094,1495.7591565,1470.2857655,-23.4029690000001,"[-31.843156499999964, -10.050812999999948]",-1.5662160100617828,"[-2.1199026605126017, -0.6543377294000285]",12,5,60,10000
cpu,vollkorn,2,grid_unique_sizes,sweep,32,3008,complete_us,master,prior,1498.7623595,1472.3131250000001,1495.7949535,1470.3150625,-23.42189099999996,"[-31.846327999999858, -10.059172500000045]",-1.5674455862863812,"[-2.1200678706774836, -0.6548608160259595]",12,5,60,10000
cpu,vollkorn,2,grid_unique_sizes,sweep,32,3008,draw_us,master,updated45,1498.5988905,1475.2884060000001,1495.651656,1475.3131090000002,-14.161453000000051,"[-27.483015499999965, -4.337921499999879]",-0.9619900289655925,"[-1.8297333726754184, -0.29155212363028427]",12,5,60,10000
cpu,vollkorn,2,grid_unique_sizes,sweep,32,3008,submit_us,master,updated45,1498.724578,1475.3619375,1495.7591565,1475.3932965,-14.18114049999997,"[-27.50839099999996, -4.367265999999972]",-0.9632449131732057,"[-1.8312942056643189, -0.2935037260466289]",12,5,60,10000
cpu,vollkorn,2,grid_unique_sizes,sweep,32,3008,complete_us,master,updated45,1498.7623595,1475.397078,1495.7949535,1475.428344,-14.186906499999964,"[-27.508374499999945, -4.362015999999926]",-0.963613526206708,"[-1.8312536773991805, -0.293145035659248]",12,5,60,10000
cpu,vollkorn,2,grid_unique_sizes,sweep,32,3008,draw_us,master,final,1498.5988905,1481.065188,1495.651656,1480.544969,-14.345640500000059,"[-24.36782800000003, 2.785812999999962]",-0.9663840859136075,"[-1.6103467253359538, 0.1936249822250491]",12,5,60,10000
cpu,vollkorn,2,grid_unique_sizes,sweep,32,3008,submit_us,master,final,1498.724578,1481.1746095,1495.7591565,1480.6524375,-14.377531500000146,"[-24.347015499999998, 2.7771874999998545]",-0.9669818011299347,"[-1.6135080124759282, 0.19303154903546615]",12,5,60,10000
cpu,vollkorn,2,grid_unique_sizes,sweep,32,3008,complete_us,master,final,1498.7623595,1481.1947340000002,1495.7949535,1480.682375,-14.38214100000016,"[-24.34573399999988, 2.7798590000001013]",-0.9672674580785967,"[-1.613431071967586, 0.19320766680103185]",12,5,60,10000
cpu,vollkorn,2,grid_unique_sizes,sweep,32,3008,draw_us,prior,updated45,1472.200594,1475.2884060000001,1470.1869219999999,1475.3131090000002,6.6711714999999,"[-1.114641000000006, 15.126936999999884]",0.45787987270460295,"[-0.07848130404122244, 1.0241533010772907]",12,5,60,10000
cpu,vollkorn,2,grid_unique_sizes,sweep,32,3008,submit_us,prior,updated45,1472.287094,1475.3619375,1470.2857655,1475.3932965,6.687437999999929,"[-1.1138285000000678, 15.095531499999993]",0.45897397032720333,"[-0.07841483859394316, 1.0219423945684314]",12,5,60,10000
cpu,vollkorn,2,grid_unique_sizes,sweep,32,3008,complete_us,prior,updated45,1472.3131250000001,1475.397078,1470.3150625,1475.428344,6.695281500000078,"[-1.108703000000105, 15.092280999999957]",0.45949856535543177,"[-0.07806139437133708, 1.0216946816851702]",12,5,60,10000
cpu,vollkorn,2,grid_unique_sizes,sweep,32,3008,draw_us,prior,final,1472.200594,1481.065188,1470.1869219999999,1480.544969,9.23631249999994,"[0.04756249999991269, 19.08918749999998]",0.6364957601805443,"[0.004546308995012627, 1.3118308084593022]",12,5,60,10000
cpu,vollkorn,2,grid_unique_sizes,sweep,32,3008,submit_us,prior,final,1472.287094,1481.1746095,1470.2857655,1480.6524375,9.233890499999916,"[0.0194059999998899, 19.10090649999995]",0.6363010773129063,"[0.002627807758676104, 1.3125513430590097]",12,5,60,10000
cpu,vollkorn,2,grid_unique_sizes,sweep,32,3008,complete_us,prior,final,1472.3131250000001,1481.1947340000002,1470.3150625,1480.682375,9.233234000000039,"[0.019390500000099564, 19.111891000000014]",0.6362508532149258,"[0.002625988659182843, 1.3132810955356011]",12,5,60,10000
cpu,vollkorn,2,grid_unique_sizes,sweep,32,3008,draw_us,updated45,final,1475.2884060000001,1481.065188,1475.3131090000002,1480.544969,4.37957849999998,"[-6.67967150000004, 13.684328499999992]",0.2993053194732531,"[-0.4510650484314038, 0.9296477112981094]",12,5,60,10000
cpu,vollkorn,2,grid_unique_sizes,sweep,32,3008,submit_us,updated45,final,1475.3619375,1481.1746095,1475.3932965,1480.6524375,4.3783750000000055,"[-6.635999999999967, 13.667437499999892]",0.29919944033901524,"[-0.44813656015733616, 0.9289298180806593]",12,5,60,10000
cpu,vollkorn,2,grid_unique_sizes,sweep,32,3008,complete_us,updated45,final,1475.397078,1481.1947340000002,1475.428344,1480.682375,4.3738120000000436,"[-6.632139999999936, 13.664218499999834]",0.29888638049426763,"[-0.44786703880104195, 0.9289047268907336]",12,5,60,10000
cpu,vollkorn,2,grid_unique_variations,sweep,32,3008,draw_us,master,prior,249.1028435,174.9426405,248.47846850000002,174.602234,-74.281172,"[-77.4707965, -72.57351549999998]",-30.044513995891336,"[-30.611822478276558, -29.144023395267492]",12,5,60,10000
cpu,vollkorn,2,grid_unique_variations,sweep,32,3008,submit_us,master,prior,249.182281,175.01757800000001,248.558547,174.6718755,-74.285703,"[-77.4930785, -72.58670250000002]",-30.04110508146371,"[-30.60925275888371, -29.139317284870565]",12,5,60,10000
cpu,vollkorn,2,grid_unique_variations,sweep,32,3008,complete_us,master,prior,249.22,175.042922,248.59243750000002,174.703125,-74.2883435,"[-77.509328, -72.5983745]",-30.038773253502992,"[-30.60977465588367, -29.139546722832105]",12,5,60,10000
cpu,vollkorn,2,grid_unique_variations,sweep,32,3008,draw_us,master,updated45,249.1028435,178.08265649999998,248.47846850000002,177.146422,-72.802031,"[-75.4485315, -71.07225]",-29.120763381700936,"[-29.63286242767274, -28.769103624195065]",12,5,60,10000
cpu,vollkorn,2,grid_unique_variations,sweep,32,3008,submit_us,master,updated45,249.182281,178.1517035,248.558547,177.2141095,-72.8047655,"[-75.4589845, -71.083313]",-29.11518578418447,"[-29.62601235421921, -28.762653482682776]",12,5,60,10000
cpu,vollkorn,2,grid_unique_variations,sweep,32,3008,complete_us,master,updated45,249.22,178.18292200000002,248.59243750000002,177.2505155,-72.81051550000001,"[-75.46221899999999, -71.082687]",-29.11290500823639,"[-29.62245738325924, -28.759411678619358]",12,5,60,10000
cpu,vollkorn,2,grid_unique_variations,sweep,32,3008,draw_us,master,final,249.1028435,175.0749685,248.47846850000002,174.4667655,-74.321469,"[-76.865828, -70.606062]",-29.578128671312253,"[-30.481823076471734, -29.11238472272345]",12,5,60,10000
cpu,vollkorn,2,grid_unique_variations,sweep,32,3008,submit_us,master,final,249.182281,175.15051599999998,248.558547,174.540422,-74.32414050000003,"[-76.87634349999999, -70.610016]",-29.569181666679107,"[-30.472651809685097, -29.104874293707905]",12,5,60,10000
cpu,vollkorn,2,grid_unique_variations,sweep,32,3008,complete_us,master,final,249.22,175.18368750000002,248.59243750000002,174.5723125,-74.3247805,"[-76.88023449999999, -70.61714049999999]",-29.56409517229425,"[-30.46943321446302, -29.103839861365778]",12,5,60,10000
cpu,vollkorn,2,grid_unique_variations,sweep,32,3008,draw_us,prior,updated45,174.9426405,178.08265649999998,174.602234,177.146422,1.9289839999999998,"[0.755187499999991, 3.3267655000000076]",1.1241755249599805,"[0.435498265972456, 1.8629586472380333]",12,5,60,10000
cpu,vollkorn,2,grid_unique_variations,sweep,32,3008,submit_us,prior,updated45,175.01757800000001,178.1517035,174.6718755,177.2141095,1.9369219999999956,"[0.7557494999999932, 3.3203280000000035]",1.1244926747212114,"[0.43563235180106297, 1.8586694998340647]",12,5,60,10000
cpu,vollkorn,2,grid_unique_variations,sweep,32,3008,complete_us,prior,updated45,175.042922,178.18292200000002,174.703125,177.2505155,1.9446869999999876,"[0.7597339999999946, 3.335312500000015]",1.1276389926892283,"[0.43787947566407137, 1.866753411610822]",12,5,60,10000
cpu,vollkorn,2,grid_unique_variations,sweep,32,3008,draw_us,prior,final,174.9426405,175.0749685,174.602234,174.4667655,0.6817654999999974,"[-0.8196875000000006, 1.9407190000000156]",0.3910708974371624,"[-0.46699661995471264, 1.1153216396926013]",12,5,60,10000
cpu,vollkorn,2,grid_unique_variations,sweep,32,3008,submit_us,prior,final,175.01757800000001,175.15051599999998,174.6718755,174.540422,0.6837499999999892,"[-0.809843999999984, 1.9393435000000068]",0.3920420111491407,"[-0.4612290152056775, 1.1145046541017]",12,5,60,10000
cpu,vollkorn,2,grid_unique_variations,sweep,32,3008,complete_us,prior,final,175.042922,175.18368750000002,174.703125,174.5723125,0.6836720000000014,"[-0.8007814999999994, 1.9485154999999992]",0.39192323877074164,"[-0.4559664015176934, 1.1192102162399853]",12,5,60,10000
cpu,vollkorn,2,grid_unique_variations,sweep,32,3008,draw_us,updated45,final,178.08265649999998,175.0749685,177.146422,174.4667655,-1.4270309999999853,"[-3.7565000000000026, 0.3235944999999987]",-0.7676951626098938,"[-2.1343934637924225, 0.18862262736253355]",12,5,60,10000
cpu,vollkorn,2,grid_unique_variations,sweep,32,3008,submit_us,updated45,final,178.1517035,175.15051599999998,177.2141095,174.540422,-1.4272659999999888,"[-3.7532025000000004, 0.33468750000000114]",-0.7674649334606487,"[-2.1316908367665253, 0.19499335554866715]",12,5,60,10000
cpu,vollkorn,2,grid_unique_variations,sweep,32,3008,complete_us,updated45,final,178.18292200000002,175.18368750000002,177.2505155,174.5723125,-1.4219064999999915,"[-3.7512339999999966, 0.330797000000004]",-0.7644020259435225,"[-2.13021189482781, 0.19266893111992145]",12,5,60,10000
cpu,vollkorn,2,text,first_paint,1,1278,draw_us,master,prior,27380.8955,20631.1665,27310.0205,20677.8125,-6715.125500000002,"[-6844.229000000001, -6499.0625]",-24.357163475950777,"[-25.047840042480317, -23.960052562805352]",12,5,60,10000
cpu,vollkorn,2,text,first_paint,1,1278,submit_us,master,prior,27383.9165,20633.9585,27312.708,20681.125,-6715.541499999999,"[-6844.0830000000005, -6499.083500000001]",-24.353820019029882,"[-25.04577466075756, -23.957430987701294]",12,5,60,10000
cpu,vollkorn,2,text,first_paint,1,1278,complete_us,master,prior,27383.936999999998,20634.0,27312.75,20681.1665,-6715.5625,"[-6844.083500000001, -6499.082999999999]",-24.353784069021003,"[-25.04573693807656, -23.957392488810484]",12,5,60,10000
cpu,vollkorn,2,text,first_paint,1,1278,draw_us,master,updated45,27380.8955,21266.749499999998,27310.0205,21258.8125,-6251.479000000001,"[-6393.311999999998, -5869.250500000002]",-22.824679268271588,"[-23.3011522069069, -21.69777398871619]",12,5,60,10000
cpu,vollkorn,2,text,first_paint,1,1278,submit_us,master,updated45,27383.9165,21269.708,27312.708,21261.604,-6251.437,"[-6393.958500000001, -5870.166499999999]",-22.822716321563558,"[-23.298432090924443, -21.698161160561135]",12,5,60,10000
cpu,vollkorn,2,text,first_paint,1,1278,complete_us,master,updated45,27383.936999999998,21269.75,27312.75,21261.604,-6251.457999999999,"[-6393.979000000001, -5870.166499999999]",-22.82269915079853,"[-23.298471409964662, -21.698143505496688]",12,5,60,10000
cpu,vollkorn,2,text,first_paint,1,1278,draw_us,master,final,27380.8955,20738.583,27310.0205,20672.936999999998,-6639.209000000003,"[-6840.1255, -6362.104500000001]",-24.095935700288713,"[-24.953935365057905, -23.571609961520085]",12,5,60,10000
cpu,vollkorn,2,text,first_paint,1,1278,submit_us,master,final,27383.9165,20741.854,27312.708,20675.958,-6639.729500000001,"[-6840.063, -6362.729000000001]",-24.094803867279737,"[-24.95118491970058, -23.570977498057765]",12,5,60,10000
cpu,vollkorn,2,text,first_paint,1,1278,complete_us,master,final,27383.936999999998,20741.875,27312.75,20676.0,-6639.707999999999,"[-6840.083500000001, -6362.687]",-24.094649178717013,"[-24.951222071881205, -23.570881156576498]",12,5,60,10000
cpu,vollkorn,2,text,first_paint,1,1278,draw_us,prior,updated45,20631.1665,21266.749499999998,20677.8125,21258.8125,504.14600000000064,"[303.2704999999987, 700.7499999999982]",2.4425338381011463,"[1.418295834588923, 3.45137229147493]",12,5,60,10000
cpu,vollkorn,2,text,first_paint,1,1278,submit_us,prior,updated45,20633.9585,21269.708,20681.125,21261.604,503.77050000000054,"[302.33350000000064, 700.7709999999988]",2.4403521772516257,"[1.4136730131621866, 3.4510552673811534]",12,5,60,10000
cpu,vollkorn,2,text,first_paint,1,1278,complete_us,prior,updated45,20634.0,21269.75,20681.1665,21261.604,503.75,"[302.29199999999946, 700.7914999999994]",2.4402472604292513,"[1.4134754911501068, 3.451154216455732]",12,5,60,10000
cpu,vollkorn,2,text,first_paint,1,1278,draw_us,prior,final,20631.1665,20738.583,20677.8125,20672.936999999998,52.77050000000054,"[-46.72900000000118, 302.97899999999936]",0.2508875621831441,"[-0.2289419962393513, 1.475078358125681]",12,5,60,10000
cpu,vollkorn,2,text,first_paint,1,1278,submit_us,prior,final,20633.9585,20741.854,20681.125,20675.958,51.77000000000044,"[-47.33350000000246, 303.35399999999936]",0.24616559991961218,"[-0.23181950031902487, 1.4767140410083535]",12,5,60,10000
cpu,vollkorn,2,text,first_paint,1,1278,complete_us,prior,final,20634.0,20741.875,20681.1665,20676.0,51.74999999999818,"[-47.33299999999872, 303.35399999999936]",0.24606739238544062,"[-0.2318166241547126, 1.476713096373794]",12,5,60,10000
cpu,vollkorn,2,text,first_paint,1,1278,draw_us,updated45,final,21266.749499999998,20738.583,21258.8125,20672.936999999998,-393.3540000000012,"[-506.85449999999946, -308.25]",-1.84665091520968,"[-2.3930906114572825, -1.439393283451501]",12,5,60,10000
cpu,vollkorn,2,text,first_paint,1,1278,submit_us,updated45,final,21269.708,20741.854,21261.604,20675.958,-393.45800000000054,"[-506.64600000000064, -308.45900000000074]",-1.8469094099020145,"[-2.391795562767063, -1.440184970980174]",12,5,60,10000
cpu,vollkorn,2,text,first_paint,1,1278,complete_us,updated45,final,21269.75,20741.875,21261.604,20676.0,-393.45800000000054,"[-506.625, -308.4380000000019]",-1.8469073732130026,"[-2.3916943415605574, -1.4400889709941134]",12,5,60,10000
cpu,vollkorn,2,text,reflow,3,0,draw_us,master,prior,2858.0276665,2863.3473335,2851.7153335000003,2859.986,-0.15249999999991815,"[-41.701333500000146, 33.889000000000124]",-0.0055862354729652175,"[-1.4600183734680194, 1.1786112116768388]",12,5,60,10000
cpu,vollkorn,2,text,reflow,3,0,submit_us,master,prior,2858.5626665,2863.916833,2852.194333,2860.4515,-0.17366700000025048,"[-41.666332999999895, 33.833667000000105]",-0.006326687337748771,"[-1.4601685757787086, 1.1764676717730849]",12,5,60,10000
cpu,vollkorn,2,text,reflow,3,0,complete_us,master,prior,2858.59,2863.9376665,2852.215333,2860.479333,-0.1455004999997982,"[-41.652667000000065, 33.85433349999994]",-0.005338056562187443,"[-1.4596827865155426, 1.177187366502097]",12,5,60,10000
cpu,vollkorn,2,text,reflow,3,0,draw_us,master,updated45,2858.0276665,2871.4235,2851.7153335000003,2883.847333,16.312666499999978,"[-13.389000000000124, 52.84049950000008]",0.5633445036126172,"[-0.4703262426879129, 1.8551350202797412]",12,5,60,10000
cpu,vollkorn,2,text,reflow,3,0,submit_us,master,updated45,2858.5626665,2871.9235,2852.194333,2884.285,16.29866650000008,"[-13.340166499999896, 52.97233349999988]",0.5627670096141069,"[-0.46853244429030383, 1.8594367330976747]",12,5,60,10000
cpu,vollkorn,2,text,reflow,3,0,complete_us,master,updated45,2858.59,2871.9443334999996,2852.215333,2884.305667,16.305832999999893,"[-13.3471669999999, 52.99300050000011]",0.5630088047125503,"[-0.4687752083817387, 1.8601618746320825]",12,5,60,10000
cpu,vollkorn,2,text,reflow,3,0,draw_us,master,final,2858.0276665,2863.7915000000003,2851.7153335000003,2859.8893335000002,11.88933350000002,"[-8.854166499999792, 41.395999500000016]",0.4225013278924661,"[-0.3109738963272879, 1.4489605227135494]",12,5,60,10000
cpu,vollkorn,2,text,reflow,3,0,submit_us,master,final,2858.5626665,2864.2844999999998,2852.194333,2860.3683335,11.903167000000167,"[-8.827000000000226, 41.42400049999992]",0.42074232895989994,"[-0.3099675252572709, 1.4496867544679826]",12,5,60,10000
cpu,vollkorn,2,text,reflow,3,0,complete_us,master,final,2858.59,2864.3193335,2852.215333,2860.403167,11.903166499999998,"[-8.812833500000124, 41.451499999999896]",0.4212194750831677,"[-0.3094688322328898, 1.4506464096239902]",12,5,60,10000
cpu,vollkorn,2,text,reflow,3,0,draw_us,prior,updated45,2863.3473335,2871.4235,2859.986,2883.847333,16.24283299999979,"[-2.4375005000001693, 41.368166499999916]",0.5420526951544602,"[-0.08374160728430446, 1.4492719537208765]",12,5,60,10000
cpu,vollkorn,2,text,reflow,3,0,submit_us,prior,updated45,2863.916833,2871.9235,2860.4515,2884.285,17.055666499999916,"[-2.4169999999999163, 41.43066650000014]",0.5704344877299095,"[-0.08301033959582926, 1.4512595521615435]",12,5,60,10000
cpu,vollkorn,2,text,reflow,3,0,complete_us,prior,updated45,2863.9376665,2871.9443334999996,2860.479333,2884.305667,17.048667000000023,"[-2.416833500000166, 41.4173330000001]",0.5699614254646712,"[-0.08301036671065076, 1.4507711222175423]",12,5,60,10000
cpu,vollkorn,2,text,reflow,3,0,draw_us,prior,final,2863.3473335,2863.7915000000003,2859.986,2859.8893335000002,1.9099994999999126,"[-10.632000000000062, 51.25733349999996]",0.06626476963791372,"[-0.3682236953456208, 1.7521343444237725]",12,5,60,10000
cpu,vollkorn,2,text,reflow,3,0,submit_us,prior,final,2863.916833,2864.2844999999998,2860.4515,2860.3683335,1.9448334999999588,"[-10.611666499999956, 51.4516665000001]",0.06746634976584343,"[-0.36744629082391955, 1.7579986203428044]",12,5,60,10000
cpu,vollkorn,2,text,reflow,3,0,complete_us,prior,final,2863.9376665,2864.3193335,2860.479333,2860.403167,1.9518335000000206,"[-10.618667000000187, 51.44466699999998]",0.0677094415866275,"[-0.3676941531481459, 1.7577497895238992]",12,5,60,10000
cpu,vollkorn,2,text,reflow,3,0,draw_us,updated45,final,2871.4235,2863.7915000000003,2883.847333,2859.8893335000002,-14.868333499999835,"[-32.22216649999996, 12.1323339999999]",-0.52103862695701,"[-1.107892228512869, 0.4190819078392194]",12,5,60,10000
cpu,vollkorn,2,text,reflow,3,0,submit_us,updated45,final,2871.9235,2864.2844999999998,2884.285,2860.3683335,-14.833499999999958,"[-32.2914995000001, 12.125333500000124]",-0.5214332676236555,"[-1.1100252244870934, 0.39661933267100546]",12,5,60,10000
cpu,vollkorn,2,text,reflow,3,0,complete_us,updated45,final,2871.9443334999996,2864.3193335,2884.305667,2860.403167,-14.84066699999994,"[-32.27783350000004, 12.12516699999992]",-0.5214361770851328,"[-1.109546755783003, 0.39660507099329445]",12,5,60,10000
cpu,vollkorn,2,text,size_advance,12,"{""final"": 5323, ""master"": 5319, ""prior"": 5319, ""updated45"": 5319}",draw_us,master,prior,11422.4584165,7761.276167,11403.5815415,7765.944583500001,-3652.3994169999996,"[-3718.7898335000004, -3631.796833]",-32.09413300760808,"[-32.37037629272322, -31.90155661711428]",12,5,60,10000
cpu,vollkorn,2,text,size_advance,12,"{""final"": 5323, ""master"": 5319, ""prior"": 5319, ""updated45"": 5319}",submit_us,master,prior,11423.4932085,7762.050458,11404.525916499999,7766.722333,-3652.5868334999996,"[-3718.9722085, -3632.007]",-32.09325337388214,"[-32.3686035994271, -31.901323017052448]",12,5,60,10000
cpu,vollkorn,2,text,size_advance,12,"{""final"": 5323, ""master"": 5319, ""prior"": 5319, ""updated45"": 5319}",complete_us,master,prior,11423.517541500001,7762.083458499999,11404.541625,7766.7535835,-3652.5781249999995,"[-3718.9651670000003, -3631.9982500000006]",-32.093124032828015,"[-32.368473621825515, -31.90123954841559]",12,5,60,10000
cpu,vollkorn,2,text,size_advance,12,"{""final"": 5323, ""master"": 5319, ""prior"": 5319, ""updated45"": 5319}",draw_us,master,updated45,11422.4584165,7858.0798335,11403.5815415,7834.213583000001,-3595.6702084999993,"[-3654.7203745, -3540.2380420000004]",-31.434754728754058,"[-31.708700051526748, -31.177282554432633]",12,5,60,10000
cpu,vollkorn,2,text,size_advance,12,"{""final"": 5323, ""master"": 5319, ""prior"": 5319, ""updated45"": 5319}",submit_us,master,updated45,11423.4932085,7858.9061665,11404.525916499999,7835.012208,-3595.7899585000005,"[-3654.9963744999995, -3540.3057919999997]",-31.434862037803235,"[-31.706440609106203, -31.175429020753104]",12,5,60,10000
cpu,vollkorn,2,text,size_advance,12,"{""final"": 5323, ""master"": 5319, ""prior"": 5319, ""updated45"": 5319}",complete_us,master,updated45,11423.517541500001,7858.927125,11404.541625,7835.0330835,-3595.7934584999994,"[-3655.0017500000004, -3540.310916499999]",-31.434820637630484,"[-31.706389523428303, -31.175407571667755]",12,5,60,10000
cpu,vollkorn,2,text,size_advance,12,"{""final"": 5323, ""master"": 5319, ""prior"": 5319, ""updated45"": 5319}",draw_us,master,final,11422.4584165,7727.335125,11403.5815415,7722.3037915,-3687.824750000001,"[-3722.11625, -3642.4374169999996]",-32.43257139687472,"[-32.538861596201045, -32.1071713814617]",12,5,60,10000
cpu,vollkorn,2,text,size_advance,12,"{""final"": 5323, ""master"": 5319, ""prior"": 5319, ""updated45"": 5319}",submit_us,master,final,11423.4932085,7728.1025,11404.525916499999,7723.107667,-3687.7987495,"[-3722.1856244999994, -3642.4947079999993]",-32.431571631371646,"[-32.5371931806099, -32.1051214841169]",12,5,60,10000
cpu,vollkorn,2,text,size_advance,12,"{""final"": 5323, ""master"": 5319, ""prior"": 5319, ""updated45"": 5319}",complete_us,master,final,11423.517541500001,7728.13375,11404.541625,7723.144082999999,-3687.8055830000008,"[-3722.1754164999998, -3642.4879164999998]",-32.431436302396875,"[-32.53712492430626, -32.10503744226712]",12,5,60,10000
cpu,vollkorn,2,text,size_advance,12,"{""final"": 5323, ""master"": 5319, ""prior"": 5319, ""updated45"": 5319}",draw_us,prior,updated45,7761.276167,7858.0798335,7765.944583500001,7834.213583000001,94.40099999999984,"[59.47583300000042, 127.60579150000012]",1.231953647612849,"[0.7723958733808933, 1.6409325021061516]",12,5,60,10000
cpu,vollkorn,2,text,size_advance,12,"{""final"": 5323, ""master"": 5319, ""prior"": 5319, ""updated45"": 5319}",submit_us,prior,updated45,7762.050458,7858.9061665,7766.722333,7835.012208,94.57274999999981,"[59.46004199999925, 127.57445849999976]",1.234519506836651,"[0.7721056580217045, 1.6403609201075753]",12,5,60,10000
cpu,vollkorn,2,text,size_advance,12,"{""final"": 5323, ""master"": 5319, ""prior"": 5319, ""updated45"": 5319}",complete_us,prior,updated45,7762.083458499999,7858.927125,7766.7535835,7835.0330835,94.55908350000027,"[59.45316649999995, 127.5535834999996]",1.2343807318813016,"[0.7720140588453939, 1.6400843673563092]",12,5,60,10000
cpu,vollkorn,2,text,size_advance,12,"{""final"": 5323, ""master"": 5319, ""prior"": 5319, ""updated45"": 5319}",draw_us,prior,final,7761.276167,7727.335125,7765.944583500001,7722.3037915,-35.98624999999993,"[-58.524374999999964, -2.3435835000000225]",-0.46374224577541145,"[-0.728644282232338, -0.03023695076382893]",12,5,60,10000
cpu,vollkorn,2,text,size_advance,12,"{""final"": 5323, ""master"": 5319, ""prior"": 5319, ""updated45"": 5319}",submit_us,prior,final,7762.050458,7728.1025,7766.722333,7723.107667,-35.90979100000004,"[-59.486083000000235, -2.371416500000123]",-0.46270958169969956,"[-0.7386623131588721, -0.030600744287256898]",12,5,60,10000
cpu,vollkorn,2,text,size_advance,12,"{""final"": 5323, ""master"": 5319, ""prior"": 5319, ""updated45"": 5319}",complete_us,prior,final,7762.083458499999,7728.13375,7766.7535835,7723.144082999999,-35.90283400000044,"[-59.508542000000034, -2.385416499999792]",-0.462618339073112,"[-0.7389298715450909, -0.030782525803180194]",12,5,60,10000
cpu,vollkorn,2,text,size_advance,12,"{""final"": 5323, ""master"": 5319, ""prior"": 5319, ""updated45"": 5319}",draw_us,updated45,final,7858.0798335,7727.335125,7834.213583000001,7722.3037915,-112.45479200000045,"[-153.65633350000053, -94.32291649999979]",-1.4366453359847375,"[-1.9533299386221281, -1.2100479385335372]",12,5,60,10000
cpu,vollkorn,2,text,size_advance,12,"{""final"": 5323, ""master"": 5319, ""prior"": 5319, ""updated45"": 5319}",submit_us,updated45,final,7858.9061665,7728.1025,7835.012208,7723.107667,-112.53299949999973,"[-153.70133299999952, -94.23966649999966]",-1.4374981803003506,"[-1.9536993264734015, -1.2088634978421942]",12,5,60,10000
cpu,vollkorn,2,text,size_advance,12,"{""final"": 5323, ""master"": 5319, ""prior"": 5319, ""updated45"": 5319}",complete_us,updated45,final,7858.927125,7728.13375,7835.0330835,7723.144082999999,-112.52787550000039,"[-153.6857914999996, -94.22916650000025]",-1.437428719861289,"[-1.9534986804666088, -1.2087260565661118]",12,5,60,10000
cpu,vollkorn,2,text,size_return,12,0,draw_us,master,prior,267.869875,270.70491649999997,267.6214585,270.5069585,2.942625000000021,"[-0.4012499999999761, 5.5904165000000035]",1.120544207590768,"[-0.13171766333392454, 2.142248664811952]",12,5,60,10000
cpu,vollkorn,2,text,size_return,12,0,submit_us,master,prior,268.270875,271.1197915,268.0225415,270.91487500000005,2.930374999999998,"[-0.39758299999999736, 5.612708999999995]",1.1140258779654189,"[-0.13068429639958024, 2.147590673035016]",12,5,60,10000
cpu,vollkorn,2,text,size_return,12,0,complete_us,master,prior,268.2951665,271.14941650000003,268.041583,270.94266700000003,2.9356249999999875,"[-0.39245800000000486, 5.614666999999997]",1.1159232476340764,"[-0.12906477921151294, 2.148155509115879]",12,5,60,10000
cpu,vollkorn,2,text,size_return,12,0,draw_us,master,updated45,267.869875,267.76545799999997,267.6214585,268.82620799999995,-2.0556250000000205,"[-5.343750000000014, 1.9705415000000244]",-0.7712008153545724,"[-2.029055716057815, 0.7553380965017897]",12,5,60,10000
cpu,vollkorn,2,text,size_return,12,0,submit_us,master,updated45,268.270875,268.1822915,268.0225415,269.204875,-2.100750000000005,"[-5.374957999999992, 1.9547919999999976]",-0.7869821121469112,"[-2.0377197110671763, 0.7482115077704465]",12,5,60,10000
cpu,vollkorn,2,text,size_return,12,0,complete_us,master,updated45,268.2951665,268.1995835,268.041583,269.225667,-2.0832910000000027,"[-5.38016650000003, 1.9463334999999802]",-0.7803168325540344,"[-2.039518119366379, 0.7448708344205079]",12,5,60,10000
cpu,vollkorn,2,text,size_return,12,0,draw_us,master,final,267.869875,272.9739585,267.6214585,272.90274999999997,4.569500500000004,"[1.1823334999999986, 7.925249500000007]",1.6767603050434454,"[0.4400297232913575, 3.022309675407253]",12,5,60,10000
cpu,vollkorn,2,text,size_return,12,0,submit_us,master,final,268.270875,273.35591650000003,268.0225415,273.303917,4.559083500000014,"[1.1720420000000331, 7.897458499999999]",1.6704159195808477,"[0.43550072392924966, 3.00706807272596]",12,5,60,10000
cpu,vollkorn,2,text,size_return,12,0,complete_us,master,final,268.2951665,273.3802085,268.041583,273.33162500000003,4.548624999999987,"[1.1876255000000242, 7.904416499999996]",1.6663992969935482,"[0.4412359374336039, 3.00947553698494]",12,5,60,10000
cpu,vollkorn,2,text,size_return,12,0,draw_us,prior,updated45,270.70491649999997,267.76545799999997,270.5069585,268.82620799999995,-3.619874999999979,"[-9.357750000000024, -0.9930005000000222]",-1.3570609648314746,"[-3.4764871863901035, -0.3630103748199276]",12,5,60,10000
cpu,vollkorn,2,text,size_return,12,0,submit_us,prior,updated45,271.1197915,268.1822915,270.91487500000005,269.204875,-3.6579169999999976,"[-9.364499499999994, -0.9912499999999795]",-1.3691885509299007,"[-3.4740696744200994, -0.36188881644978466]",12,5,60,10000
cpu,vollkorn,2,text,size_return,12,0,complete_us,prior,updated45,271.14941650000003,268.1995835,270.94266700000003,269.225667,-3.668333500000017,"[-9.376666500000027, -0.9962915000000123]",-1.372986618673705,"[-3.4781632057219514, -0.36378565869342183]",12,5,60,10000
cpu,vollkorn,2,text,size_return,12,0,draw_us,prior,final,270.70491649999997,272.9739585,270.5069585,272.90274999999997,1.144124999999974,"[-2.7118335000000116, 5.638791499999996]",0.4298111967507956,"[-1.0103044538003536, 2.0768417458998933]",12,5,60,10000
cpu,vollkorn,2,text,size_return,12,0,submit_us,prior,final,271.1197915,273.35591650000003,270.91487500000005,273.303917,1.1511670000000152,"[-2.7240834999999777, 5.652917000000002]",0.4312253064873428,"[-1.0135928914877634, 2.078919028558268]",12,5,60,10000
cpu,vollkorn,2,text,size_return,12,0,complete_us,prior,final,271.14941650000003,273.3802085,270.94266700000003,273.33162500000003,1.140625,"[-2.7221665000000144, 5.661541999999997]",0.42767899871928305,"[-1.012854615782327, 2.081951121896597]",12,5,60,10000
cpu,vollkorn,2,text,size_return,12,0,draw_us,updated45,final,267.76545799999997,272.9739585,268.82620799999995,272.90274999999997,3.9477919999999926,"[0.5921664999999905, 14.566000000000017]",1.443902687733034,"[0.23055929305247913, 5.427809047699195]",12,5,60,10000
cpu,vollkorn,2,text,size_return,12,0,submit_us,updated45,final,268.1822915,273.35591650000003,269.204875,273.303917,3.972208500000022,"[0.5868335000000116, 14.593707999999992]",1.4510155855263052,"[0.2282386847135276, 5.429208872680524]",12,5,60,10000
cpu,vollkorn,2,text,size_return,12,0,complete_us,updated45,final,268.1995835,273.3802085,269.225667,273.33162500000003,3.9737915000000044,"[0.599000000000018, 14.598833000000013]",1.4513550841584344,"[0.2328183106074022, 5.43080904060349]",12,5,60,10000
cpu,vollkorn,2,text,warm,30,0,draw_us,master,prior,249.60271649999999,253.072133,249.2471665,252.235383,2.6193164999999965,"[1.5743334999999945, 5.640233500000008]",1.0659712517404607,"[0.6186469404265815, 2.1773786359631897]",12,5,60,10000
cpu,vollkorn,2,text,warm,30,0,submit_us,master,prior,249.92001649999997,253.37908299999998,249.559733,252.541633,2.5957830000000115,"[1.5381499999999875, 5.6201665000000105]",1.055041386946609,"[0.6036172904136827, 2.1670236444655155]",12,5,60,10000
cpu,vollkorn,2,text,warm,30,0,complete_us,master,prior,249.93880000000001,253.40134999999998,249.5847665,252.56248349999998,2.5952495000000084,"[1.543666999999985, 5.619383500000026]",1.0547187440618,"[0.605739594775967, 2.166542452206599]",12,5,60,10000
cpu,vollkorn,2,text,warm,30,0,draw_us,master,updated45,249.60271649999999,253.55836649999998,249.2471665,254.5208335,4.713183000000001,"[2.7563334999999967, 8.511116500000014]",1.8993378085453094,"[1.0916303464202581, 3.3166886287089303]",12,5,60,10000
cpu,vollkorn,2,text,warm,30,0,submit_us,master,updated45,249.92001649999997,253.8611335,249.559733,254.818117,4.691600000000008,"[2.7209664999999887, 8.4785835]",1.8881414200776492,"[1.076200706896846, 3.2999136673097396]",12,5,60,10000
cpu,vollkorn,2,text,warm,30,0,complete_us,master,updated45,249.93880000000001,253.8798665,249.5847665,254.834767,4.692999999999998,"[2.723649999999992, 8.472283500000003]",1.8885394659966526,"[1.0771737648066604, 3.297194519807234]",12,5,60,10000
cpu,vollkorn,2,text,warm,30,0,draw_us,master,final,249.60271649999999,256.6743,249.2471665,256.275717,7.158333000000013,"[5.19435, 10.661883499999973]",2.881673564518028,"[2.098978720759026, 4.061583254875867]",12,5,60,10000
cpu,vollkorn,2,text,warm,30,0,submit_us,master,final,249.92001649999997,256.98481649999997,249.559733,256.5855165,7.145916999999997,"[5.1763500000000136, 10.638916499999993]",2.873057086480535,"[2.0890261859587644, 4.047191287295304]",12,5,60,10000
cpu,vollkorn,2,text,warm,30,0,complete_us,master,final,249.93880000000001,257.0083835,249.5847665,256.60691699999995,7.147916999999978,"[5.179932999999991, 10.633367000000021]",2.8736069975269896,"[2.0902917131552567, 4.044711062533269]",12,5,60,10000
cpu,vollkorn,2,text,warm,30,0,draw_us,prior,updated45,253.072133,253.55836649999998,252.235383,254.5208335,1.442416499999993,"[0.225033499999995, 3.110483500000015]",0.5630231615466608,"[0.08935351934439284, 1.2005983385496743]",12,5,60,10000
cpu,vollkorn,2,text,warm,30,0,submit_us,prior,updated45,253.37908299999998,253.8611335,252.541633,254.818117,1.4404164999999978,"[0.21330050000000256, 3.11118399999998]",0.5615647114588174,"[0.08456551164804926, 1.199676988106979]",12,5,60,10000
cpu,vollkorn,2,text,warm,30,0,complete_us,prior,updated45,253.40134999999998,253.8798665,252.56248349999998,254.834767,1.4362330000000156,"[0.209116999999992, 3.104849499999986]",0.5598804887234077,"[0.08289800837281147, 1.1971511990671924]",12,5,60,10000
cpu,vollkorn,2,text,warm,30,0,draw_us,prior,final,253.072133,256.6743,252.235383,256.275717,4.751383500000003,"[2.057699999999997, 6.638300500000014]",1.799942494991169,"[0.8299399961983922, 2.655423488709796]",12,5,60,10000
cpu,vollkorn,2,text,warm,30,0,submit_us,prior,final,253.37908299999998,256.98481649999997,252.541633,256.5855165,4.7556670000000025,"[2.0659664999999876, 6.641083499999979]",1.8018095146246083,"[0.8322959729769819, 2.653424097400381]",12,5,60,10000
cpu,vollkorn,2,text,warm,30,0,complete_us,prior,final,253.40134999999998,257.0083835,252.56248349999998,256.60691699999995,4.759733499999996,"[2.069416999999987, 6.640233499999994]",1.8006290571714545,"[0.8336216833003784, 2.6528533605013838]",12,5,60,10000
cpu,vollkorn,2,text,warm,30,0,draw_us,updated45,final,253.55836649999998,256.6743,254.5208335,256.275717,2.6499835000000047,"[1.1000500000000102, 5.272200499999997]",1.0461918261245096,"[0.43812174510997615, 2.088511156337425]",12,5,60,10000
cpu,vollkorn,2,text,warm,30,0,submit_us,updated45,final,253.8611335,256.98481649999997,254.818117,256.5855165,2.6493164999999976,"[1.0994329999999906, 5.268616499999993]",1.0446942775002577,"[0.43740148639542786, 2.089041633932587]",12,5,60,10000
cpu,vollkorn,2,text,warm,30,0,complete_us,updated45,final,253.8798665,257.0083835,254.834767,256.60691699999995,2.653483499999993,"[1.1021334999999794, 5.266550000000009]",1.046265100108601,"[0.43843585424853115, 2.088625279223666]",12,5,60,10000
cpu,vollkorn,2,text,x_advance,10,654,draw_us,master,prior,687.223,379.89155,683.6418,378.72704999999996,-306.52919999999995,"[-314.86675, -300.44585000000006]",-44.735707566157295,"[-45.34902226995628, -44.46315026101635]",12,5,60,10000
cpu,vollkorn,2,text,x_advance,10,654,submit_us,master,prior,687.6208,380.279,684.01035,379.1042,-306.55415,"[-314.9022, -300.42065]",-44.713294902177125,"[-45.32756763723176, -44.44067264218559]",12,5,60,10000
cpu,vollkorn,2,text,x_advance,10,654,complete_us,master,prior,687.6438,380.31655,684.04585,379.13115,-306.56255000000004,"[-314.89799999999997, -300.41659999999996]",-44.710339968085606,"[-45.3244008871948, -44.43821069838181]",12,5,60,10000
cpu,vollkorn,2,text,x_advance,10,654,draw_us,master,updated45,687.223,378.53735,683.6418,378.3666,-306.3813,"[-314.60225, -301.9521]",-45.00223341576486,"[-45.63677035355778, -44.23472857922635]",12,5,60,10000
cpu,vollkorn,2,text,x_advance,10,654,submit_us,master,updated45,687.6208,378.8916,684.01035,378.7167,-306.4332999999999,"[-314.62735000000004, -301.9729]",-44.98413743269872,"[-45.61488303768168, -44.21214321864935]",12,5,60,10000
cpu,vollkorn,2,text,x_advance,10,654,complete_us,master,updated45,687.6438,378.91245000000004,684.04585,378.7354,-306.4354,"[-314.62109999999996, -301.97079999999994]",-44.982620589682604,"[-45.61318736932505, -44.21051915820584]",12,5,60,10000
cpu,vollkorn,2,text,x_advance,10,654,draw_us,master,final,687.223,385.0915,683.6418,384.504,-301.1188000000001,"[-306.69365, -295.1395]",-44.05375670567468,"[-44.74300237240216, -43.40201142724342]",12,5,60,10000
cpu,vollkorn,2,text,x_advance,10,654,submit_us,master,final,687.6208,385.4998,684.01035,384.89365,-301.14554999999996,"[-306.68945, -295.0916500000001]",-44.027158853310965,"[-44.71821874427267, -43.377572058680926]",12,5,60,10000
cpu,vollkorn,2,text,x_advance,10,654,complete_us,master,final,687.6438,385.5145,684.04585,384.90819999999997,-301.14570000000003,"[-306.68335, -295.09159999999997]",-44.02705392242118,"[-44.71597432499759, -43.375211399785016]",12,5,60,10000
cpu,vollkorn,2,text,x_advance,10,654,draw_us,prior,updated45,379.89155,378.53735,378.72704999999996,378.3666,-0.2353000000000236,"[-5.452149999999989, 2.7311500000000137]",-0.06400942041299151,"[-1.445315070953529, 0.7288248183768942]",12,5,60,10000
cpu,vollkorn,2,text,x_advance,10,654,submit_us,prior,updated45,380.279,378.8916,379.1042,378.7167,-0.26659999999998263,"[-5.466649999999987, 2.720799999999997]",-0.07190103848902507,"[-1.447706523839215, 0.7253807856507533]",12,5,60,10000
cpu,vollkorn,2,text,x_advance,10,654,complete_us,prior,updated45,380.31655,378.91245000000004,379.13115,378.7354,-0.27899999999999636,"[-5.4751500000000135, 2.7125000000000057]",-0.07500070392539859,"[-1.4498205442012801, 0.7231094280277905]",12,5,60,10000
cpu,vollkorn,2,text,x_advance,10,654,draw_us,prior,final,379.89155,385.0915,378.72704999999996,384.504,5.225049999999982,"[-1.38545000000002, 10.437399999999997]",1.3753741220509763,"[-0.3593390126688134, 2.778431859022601]",12,5,60,10000
cpu,vollkorn,2,text,x_advance,10,654,submit_us,prior,final,380.279,385.4998,379.1042,384.89365,5.218850000000003,"[-1.375, 10.472949999999969]",1.3721740885637157,"[-0.35625376331213654, 2.785205429689941]",12,5,60,10000
cpu,vollkorn,2,text,x_advance,10,654,complete_us,prior,final,380.31655,385.5145,379.13115,384.90819999999997,5.214649999999978,"[-1.3687499999999773, 10.47505000000001]",1.3710120116417701,"[-0.3545976643816784, 2.7855462308709167]",12,5,60,10000
cpu,vollkorn,2,text,x_advance,10,654,draw_us,updated45,final,378.53735,385.0915,378.3666,384.504,5.727049999999991,"[0.7936499999999853, 8.079250000000002]",1.5413076234168765,"[0.20413181059666385, 2.150290399522403]",12,5,60,10000
cpu,vollkorn,2,text,x_advance,10,654,submit_us,updated45,final,378.8916,385.4998,378.7167,384.89365,5.7354499999999575,"[0.7937499999999886, 8.104299999999995]",1.5420146675844681,"[0.2039500929991278, 2.1548539424930624]",12,5,60,10000
cpu,vollkorn,2,text,x_advance,10,654,complete_us,updated45,final,378.91245000000004,385.5145,378.7354,384.90819999999997,5.739500000000021,"[0.7979500000000144, 8.112599999999958]",1.5430390754327061,"[0.20502387214159645, 2.1569275322970927]",12,5,60,10000
cpu,vollkorn,2,text,x_return,10,0,draw_us,master,prior,255.32285000000002,258.0479,255.34789999999998,255.9438,1.2771999999999935,"[0.16254999999999598, 4.487649999999988]",0.498993185253771,"[0.06402980011890325, 1.7632922435290022]",12,5,60,10000
cpu,vollkorn,2,text,x_return,10,0,submit_us,master,prior,255.66875,258.38545,255.7041,256.3,1.2627499999999827,"[0.18325000000001523, 4.5147500000000065]",0.4934932814003701,"[0.07178846732120991, 1.771490719345814]",12,5,60,10000
cpu,vollkorn,2,text,x_return,10,0,complete_us,master,prior,255.68540000000002,258.40425,255.7187,256.3272,1.2730499999999836,"[0.2062000000000097, 4.518900000000002]",0.4975228042748747,"[0.08067499734546457, 1.7729622545016532]",12,5,60,10000
cpu,vollkorn,2,text,x_return,10,0,draw_us,master,updated45,255.32285000000002,255.79585,255.34789999999998,257.44795,2.093900000000019,"[-1.6935000000000144, 4.0353000000000065]",0.8145170311127381,"[-0.6617766650104273, 1.5871627744179717]",12,5,60,10000
cpu,vollkorn,2,text,x_return,10,0,submit_us,master,updated45,255.66875,256.1458,255.7041,257.7957,2.0773499999999814,"[-1.7228999999999957, 4.022650000000027]",0.806944656343278,"[-0.6723053811828472, 1.580926789797954]",12,5,60,10000
cpu,vollkorn,2,text,x_return,10,0,complete_us,master,updated45,255.68540000000002,256.1708,255.7187,257.81445,2.085649999999987,"[-1.7123499999999865, 4.018499999999989]",0.8101037544106071,"[-0.6681602057804659, 1.5782938221582277]",12,5,60,10000
cpu,vollkorn,2,text,x_return,10,0,draw_us,master,final,255.32285000000002,261.18129999999996,255.34789999999998,259.55615,5.233449999999991,"[2.825150000000022, 9.195600000000013]",2.073110557452784,"[1.0962681272961294, 3.720256499843644]",12,5,60,10000
cpu,vollkorn,2,text,x_return,10,0,submit_us,master,final,255.66875,261.51665,255.7041,259.91035,5.233549999999994,"[2.808499999999981, 9.204000000000008]",2.070342576807882,"[1.0882234524739465, 3.7186119614018076]",12,5,60,10000
cpu,vollkorn,2,text,x_return,10,0,complete_us,master,final,255.68540000000002,261.548,255.7187,259.93105,5.2335000000000065,"[2.816900000000004, 9.199850000000012]",2.0701860881483625,"[1.0888055137859953, 3.716506830010713]",12,5,60,10000
cpu,vollkorn,2,text,x_return,10,0,draw_us,prior,updated45,258.0479,255.79585,255.9438,257.44795,-1.5728499999999883,"[-2.7331000000000074, 0.04595000000000482]",-0.618175173133767,"[-1.0384712656930695, 0.022358141234080087]",12,5,60,10000
cpu,vollkorn,2,text,x_return,10,0,submit_us,prior,updated45,258.38545,256.1458,256.3,257.7957,-1.5814499999999896,"[-2.758099999999999, 0.025049999999993133]",-0.6207742123272242,"[-1.0464993066145734, 0.012884616624075917]",12,5,60,10000
cpu,vollkorn,2,text,x_return,10,0,complete_us,prior,updated45,258.40425,256.1708,256.3272,257.81445,-1.5959999999999752,"[-2.77470000000001, 0.020800000000008367]",-0.6264559827642013,"[-1.0525139617443557, 0.00953331951757952]",12,5,60,10000
cpu,vollkorn,2,text,x_return,10,0,draw_us,prior,final,258.0479,261.18129999999996,255.9438,259.55615,3.199950000000001,"[1.518800000000013, 5.683399999999992]",1.2427952145295906,"[0.5952172175497039, 2.1450818658263815]",12,5,60,10000
cpu,vollkorn,2,text,x_return,10,0,submit_us,prior,final,258.38545,261.51665,256.3,259.91035,3.1894999999999953,"[1.531349999999989, 5.668750000000017]",1.2368178595398738,"[0.5993113942820094, 2.1369257332888303]",12,5,60,10000
cpu,vollkorn,2,text,x_return,10,0,complete_us,prior,final,258.40425,261.548,256.3272,259.93105,3.18119999999999,"[1.5124500000000154, 5.656299999999973]",1.2334236716128655,"[0.5918351046928727, 2.1320019900266995]",12,5,60,10000
cpu,vollkorn,2,text,x_return,10,0,draw_us,updated45,final,255.79585,261.18129999999996,257.44795,259.55615,4.001999999999995,"[2.4749999999999943, 5.760300000000001]",1.5573232372772527,"[0.9646587035253784, 2.2522531846252414]",12,5,60,10000
cpu,vollkorn,2,text,x_return,10,0,submit_us,updated45,final,256.1458,261.51665,257.7957,259.91035,4.027050000000003,"[2.4916999999999945, 5.758299999999977]",1.5648618697491012,"[0.9698685127694118, 2.2483728947883863]",12,5,60,10000
cpu,vollkorn,2,text,x_return,10,0,complete_us,updated45,final,256.1708,261.548,257.81445,259.93105,4.031199999999998,"[2.497950000000003, 5.762499999999989]",1.566330949051753,"[0.9722257891211172, 2.249919784519805]",12,5,60,10000
cpu,vollkorn,2,text,y_advance,10,0,draw_us,master,prior,250.52915000000002,253.25835,250.11675,252.3834,3.9457999999999913,"[0.614450000000005, 4.881299999999996]",1.569350155342708,"[0.25283846443819313, 1.9614312057551153]",12,5,60,10000
cpu,vollkorn,2,text,y_advance,10,0,submit_us,master,prior,250.84785,253.59575,250.42085,252.72719999999998,3.933150000000012,"[0.6227499999999822, 4.8875500000000045]",1.5623593428621518,"[0.25580651492724815, 1.961479434378377]",12,5,60,10000
cpu,vollkorn,2,text,y_advance,10,0,complete_us,master,prior,250.8687,253.62290000000002,250.4437,252.7543,3.9311500000000166,"[0.6375000000000028, 4.889849999999981]",1.5614594666213732,"[0.2614112116492595, 1.9622508692437535]",12,5,60,10000
cpu,vollkorn,2,text,y_advance,10,0,draw_us,master,updated45,250.52915000000002,252.89785,250.11675,252.34375,3.6001999999999867,"[-0.2999500000000239, 5.585250000000002]",1.4419781565686351,"[-0.1184493008683063, 2.2891682038043704]",12,5,60,10000
cpu,vollkorn,2,text,y_advance,10,0,submit_us,master,updated45,250.84785,253.2063,250.42085,252.6437,3.587599999999995,"[-0.316749999999999, 5.5728500000000025]",1.438940051953408,"[-0.12488580496484158, 2.2812325321815874]",12,5,60,10000
cpu,vollkorn,2,text,y_advance,10,0,complete_us,master,updated45,250.8687,253.2375,250.4437,252.67085,3.593900000000005,"[-0.3187499999999943, 5.579099999999997]",1.4413656745240644,"[-0.12565381392132813, 2.2836751491782437]",12,5,60,10000
cpu,vollkorn,2,text,y_advance,10,0,draw_us,master,final,250.52915000000002,257.33754999999996,250.11675,256.87295,7.762500000000003,"[6.081299999999985, 9.225000000000009]",3.074704875870282,"[2.423132598984312, 3.7686709840444643]",12,5,60,10000
cpu,vollkorn,2,text,y_advance,10,0,submit_us,master,final,250.84785,257.64795,250.42085,257.17719999999997,7.760249999999985,"[6.125099999999989, 9.208400000000012]",3.0699869086969755,"[2.4376321440644055, 3.757062774192821]",12,5,60,10000
cpu,vollkorn,2,text,y_advance,10,0,complete_us,master,final,250.8687,257.67095,250.4437,257.196,7.750050000000016,"[6.139699999999976, 9.216700000000003]",3.0656022632013835,"[2.4432403772728595, 3.760292567381196]",12,5,60,10000
cpu,vollkorn,2,text,y_advance,10,0,draw_us,prior,updated45,253.25835,252.89785,252.3834,252.34375,-1.1208000000000027,"[-2.8062500000000057, 2.9896499999999975]",-0.4418761501933488,"[-1.0935444938068362, 1.2118195002240095]",12,5,60,10000
cpu,vollkorn,2,text,y_advance,10,0,submit_us,prior,updated45,253.59575,253.2063,252.72719999999998,252.6437,-1.1688500000000062,"[-2.822800000000001, 2.9877499999999912]",-0.4601802427462498,"[-1.0987407205310828, 1.209401822500511]",12,5,60,10000
cpu,vollkorn,2,text,y_advance,10,0,complete_us,prior,updated45,253.62290000000002,253.2375,252.7543,252.67085,-1.166799999999995,"[-2.8291500000000127, 2.977249999999998]",-0.4593192263369572,"[-1.101105934641572, 1.2050447788443996]",12,5,60,10000
cpu,vollkorn,2,text,y_advance,10,0,draw_us,prior,final,253.25835,257.33754999999996,252.3834,256.87295,4.306250000000006,"[1.6415999999999968, 5.589649999999992]",1.6974460533436098,"[0.6427850346592545, 2.1497947358259273]",12,5,60,10000
cpu,vollkorn,2,text,y_advance,10,0,submit_us,prior,final,253.59575,257.64795,252.72719999999998,257.17719999999997,4.2708999999999975,"[1.664599999999993, 5.554349999999985]",1.6812350524422315,"[0.6509045678230962, 2.133816394475163]",12,5,60,10000
cpu,vollkorn,2,text,y_advance,10,0,complete_us,prior,final,253.62290000000002,257.67095,252.7543,257.196,4.277149999999992,"[1.6728499999999826, 5.5334]",1.6835999393956635,"[0.6540574051884462, 2.1255451092347166]",12,5,60,10000
cpu,vollkorn,2,text,y_advance,10,0,draw_us,updated45,final,252.89785,257.33754999999996,252.34375,256.87295,4.048049999999989,"[2.8605499999999893, 6.243750000000034]",1.610694632585885,"[1.1355236663453838, 2.4114995257836225]",12,5,60,10000
cpu,vollkorn,2,text,y_advance,10,0,submit_us,updated45,final,253.2063,257.64795,252.6437,257.17719999999997,4.075149999999994,"[2.8583, 6.233400000000003]",1.6195891587982292,"[1.133239719696566, 2.4010389059571535]",12,5,60,10000
cpu,vollkorn,2,text,y_advance,10,0,complete_us,updated45,final,253.2375,257.67095,252.67085,257.196,4.083400000000012,"[2.8583500000000015, 6.225049999999996]",1.6227177887132793,"[1.1331588509687074, 2.4018709668054194]",12,5,60,10000
gpu,ptsans,2,demo,first_paint,1,275,draw_us,master,prior,3085.875,2921.6665000000003,3020.792,2783.1459999999997,-185.1669999999997,"[-353.7504999999999, -79.06299999999987]",-6.067075396102329,"[-12.129344990774872, -1.9894931542463856]",12,3,36,10000
gpu,ptsans,2,demo,first_paint,1,275,submit_us,master,prior,9281.104,8979.2705,8902.438,8695.854500000001,-64.99999999999909,"[-624.7079999999996, 308.0625000000018]",-0.7190408087650313,"[-6.862328029857751, 2.903160840645691]",12,3,36,10000
gpu,ptsans,2,demo,first_paint,1,275,complete_us,master,prior,12483.6455,12035.729,12326.9795,11857.271,-371.29199999999946,"[-1133.1454999999996, -217.66649999999936]",-3.0142514080831795,"[-8.983119038386661, -1.8985127407843194]",12,3,36,10000
gpu,ptsans,2,demo,first_paint,1,275,draw_us,master,updated45,3085.875,2865.6255,3020.792,2818.5209999999997,-136.66650000000004,"[-361.8330000000001, -99.50049999999987]",-4.754539278397924,"[-11.92235309964272, -3.3391549885129823]",12,3,36,10000
gpu,ptsans,2,demo,first_paint,1,275,submit_us,master,updated45,9281.104,8883.979500000001,8902.438,8722.542000000001,-176.8744999999999,"[-995.1459999999997, 20.186999999999898]",-2.153548628666635,"[-10.383323739454397, 0.2266195545261418]",12,3,36,10000
gpu,ptsans,2,demo,first_paint,1,275,complete_us,master,updated45,12483.6455,11731.9995,12326.9795,11693.229,-641.8535000000002,"[-1341.1669999999995, -325.39599999999973]",-5.397110186777993,"[-11.30983037120542, -2.740728264124198]",12,3,36,10000
gpu,ptsans,2,demo,first_paint,1,275,draw_us,master,final,3085.875,2851.125,3020.792,2745.9165000000003,-287.35350000000017,"[-459.83349999999996, -117.95849999999996]",-10.130601411963546,"[-14.7557237586674, -3.99162470651917]",12,3,36,10000
gpu,ptsans,2,demo,first_paint,1,275,submit_us,master,final,9281.104,9074.2705,8902.438,8831.082999999999,-276.4160000000006,"[-606.0209999999997, 133.39550000000054]",-3.085906643336167,"[-5.349058549175195, 1.4063913064404465]",12,3,36,10000
gpu,ptsans,2,demo,first_paint,1,275,complete_us,master,final,12483.6455,12058.0415,12326.9795,11482.457999999999,-900.5005000000001,"[-2158.5204999999987, 497.52049999999963]",-7.198670103787075,"[-17.25038015165665, 4.441820521760098]",12,3,36,10000
gpu,ptsans,2,demo,first_paint,1,275,draw_us,prior,updated45,2921.6665000000003,2865.6255,2783.1459999999997,2818.5209999999997,55.000499999999874,"[-97.08300000000008, 109.14599999999996]",2.0958223956401456,"[-3.3056114499363356, 4.061792763909089]",12,3,36,10000
gpu,ptsans,2,demo,first_paint,1,275,submit_us,prior,updated45,8979.2705,8883.979500000001,8695.854500000001,8722.542000000001,31.0625,"[-377.125, 175.375]",0.3868925691519087,"[-4.1575416675876715, 2.016639478024773]",12,3,36,10000
gpu,ptsans,2,demo,first_paint,1,275,complete_us,prior,updated45,12035.729,11731.9995,11857.271,11693.229,-491.72949999999946,"[-1046.562499999999, -184.08350000000064]",-4.101080438097082,"[-8.849472878749747, -1.5340117229423578]",12,3,36,10000
gpu,ptsans,2,demo,first_paint,1,275,draw_us,prior,final,2921.6665000000003,2851.125,2783.1459999999997,2745.9165000000003,-68.5,"[-390.1455000000001, 50.875499999999874]",-2.5610755282958477,"[-11.431611838717455, 1.8768520386193366]",12,3,36,10000
gpu,ptsans,2,demo,first_paint,1,275,submit_us,prior,final,8979.2705,9074.2705,8695.854500000001,8831.082999999999,37.29099999999926,"[-759.3745000000017, 221.52049999999963]",0.4208551076041289,"[-6.11208257721863, 2.5967693033983164]",12,3,36,10000
gpu,ptsans,2,demo,first_paint,1,275,complete_us,prior,final,12035.729,12058.0415,11857.271,11482.457999999999,-728.4799999999996,"[-2009.2295000000004, 611.6875]",-5.89955036987686,"[-13.773163873190747, 5.799923046591893]",12,3,36,10000
gpu,ptsans,2,demo,first_paint,1,275,draw_us,updated45,final,2865.6255,2851.125,2818.5209999999997,2745.9165000000003,-34.0625,"[-176.41699999999992, 128.79150000000004]",-1.2231680502986675,"[-6.346350700447389, 4.098572739944595]",12,3,36,10000
gpu,ptsans,2,demo,first_paint,1,275,submit_us,updated45,final,8883.979500000001,9074.2705,8722.542000000001,8831.082999999999,66.72849999999971,"[-179.4375000000009, 838.9994999999999]",0.7896076834623456,"[-2.0744430025239624, 9.314393189412328]",12,3,36,10000
gpu,ptsans,2,demo,first_paint,1,275,complete_us,updated45,final,11731.9995,12058.0415,11693.229,11482.457999999999,87.54149999999936,"[-993.561999999999, 1388.6659999999993]",0.7361623720383126,"[-8.68576888536166, 12.74405343614944]",12,3,36,10000
gpu,ptsans,2,demo,pan,10,0,draw_us,master,prior,237.62279999999998,237.54995,238.59795,230.9438,-0.4270000000000067,"[-20.52719999999998, 11.614800000000002]",-0.18638378402072164,"[-5.237314374808361, 5.0804637844782174]",12,3,36,10000
gpu,ptsans,2,demo,pan,10,0,submit_us,master,prior,621.26655,614.4335000000001,624.7438,609.4312,3.258350000000007,"[-43.22719999999998, 31.60419999999999]",0.6029300747169786,"[-3.765642848111067, 5.280049339600257]",12,3,36,10000
gpu,ptsans,2,demo,pan,10,0,complete_us,master,prior,1052.25425,1013.723,1086.95835,938.7291,-0.3834499999999821,"[-249.69999999999987, 31.01454999999993]",-0.036102294988510364,"[-19.675995046796157, 2.277078682758471]",12,3,36,10000
gpu,ptsans,2,demo,pan,10,0,draw_us,master,updated45,237.62279999999998,234.82505,238.59795,234.40635,-4.493750000000006,"[-19.27924999999999, 0.6648500000000013]",-1.931579061547617,"[-5.340985510543645, 0.31002705568005107]",12,3,36,10000
gpu,ptsans,2,demo,pan,10,0,submit_us,master,updated45,621.26655,615.8521499999999,624.7438,615.0126499999999,-5.808249999999987,"[-46.652100000000075, 3.5956999999999653]",-0.9514346650038141,"[-6.8809306135369175, 0.6488770605041716]",12,3,36,10000
gpu,ptsans,2,demo,pan,10,0,complete_us,master,updated45,1052.25425,1025.89365,1086.95835,1024.0043,-21.199900000000014,"[-158.54149999999993, 9.872900000000072]",-2.1891059471443985,"[-8.035619268872711, 0.9596355440633975]",12,3,36,10000
gpu,ptsans,2,demo,pan,10,0,draw_us,master,final,237.62279999999998,235.03945,238.59795,236.97275000000002,-3.7646999999999906,"[-20.250199999999992, 3.204099999999997]",-1.748039800569895,"[-7.168934833362245, 1.4484308799720624]",12,3,36,10000
gpu,ptsans,2,demo,pan,10,0,submit_us,master,final,621.26655,617.7355,624.7438,623.4895,-2.779299999999978,"[-56.46885000000003, 12.989449999999977]",-0.4916147179487296,"[-6.657452722864826, 2.0981801633264907]",12,3,36,10000
gpu,ptsans,2,demo,pan,10,0,complete_us,master,final,1052.25425,1031.55205,1086.95835,994.6937,-53.19164999999987,"[-280.99185000000006, 44.968800000000044]",-2.563644129646608,"[-22.36034323672021, 5.0857922044471815]",12,3,36,10000
gpu,ptsans,2,demo,pan,10,0,draw_us,prior,updated45,237.54995,234.82505,230.9438,234.40635,-2.1832999999999885,"[-10.949950000000001, 10.462600000000009]",-0.9548358017086256,"[-4.034706328625126, 4.499783236117394]",12,3,36,10000
gpu,ptsans,2,demo,pan,10,0,submit_us,prior,updated45,614.4335000000001,615.8521499999999,609.4312,615.0126499999999,-2.691599999999994,"[-33.57075000000003, 28.173100000000034]",-0.43991981596157026,"[-5.279810444549504, 4.5657393921176626]",12,3,36,10000
gpu,ptsans,2,demo,pan,10,0,complete_us,prior,updated45,1013.723,1025.89365,938.7291,1024.0043,-3.5061000000000035,"[-21.139499999999998, 136.35419999999993]",-0.19438148984459724,"[-2.2848921348348092, 13.109620698400082]",12,3,36,10000
gpu,ptsans,2,demo,pan,10,0,draw_us,prior,final,237.54995,235.03945,230.9438,236.97275000000002,-3.435549999999992,"[-16.671150000000026, 7.449950000000001]",-1.4814778411462226,"[-4.01358565505126, 2.9818296664120725]",12,3,36,10000
gpu,ptsans,2,demo,pan,10,0,submit_us,prior,final,614.4335000000001,617.7355,609.4312,623.4895,-8.083399999999983,"[-34.65205000000009, 34.21660000000003]",-1.2748449516013116,"[-3.4923560101579874, 5.287276248728256]",12,3,36,10000
gpu,ptsans,2,demo,pan,10,0,complete_us,prior,final,1013.723,1031.55205,938.7291,994.6937,11.268949999999961,"[-50.168699999999944, 30.52499999999992]",1.2041231072123737,"[-3.2743333724221166, 3.0680651308206297]",12,3,36,10000
gpu,ptsans,2,demo,pan,10,0,draw_us,updated45,final,234.82505,235.03945,234.40635,236.97275000000002,-1.6708500000000157,"[-3.6398499999999956, 9.502049999999997]",-0.7059094943481004,"[-1.6959286243070304, 2.4589211235163]",12,3,36,10000
gpu,ptsans,2,demo,pan,10,0,submit_us,updated45,final,615.8521499999999,617.7355,615.0126499999999,623.4895,4.5227500000000305,"[-8.329099999999983, 25.893700000000024]",0.7564336306188357,"[-1.4522487559140485, 4.212159546562189]",12,3,36,10000
gpu,ptsans,2,demo,pan,10,0,complete_us,updated45,final,1025.89365,1031.55205,1024.0043,994.6937,-7.914649999999995,"[-145.9377500000001, 42.952049999999986]",-0.8615939094433256,"[-12.543501233756942, 4.350337849739239]",12,3,36,10000
gpu,ptsans,2,demo,warm,30,0,draw_us,master,prior,228.0763665,225.8819835,228.4194335,220.4271335,-0.3701494999999966,"[-12.167333499999998, 12.531316500000003]",-0.17212434189156633,"[-3.030693757717401, 5.329579649293192]",12,3,36,10000
gpu,ptsans,2,demo,warm,30,0,submit_us,master,prior,572.0228835,564.8729335,576.9715165,557.0041165,8.20263349999999,"[-18.941699999999997, 46.23343349999999]",1.5648554788094127,"[-3.33335809874703, 5.3513635225573175]",12,3,36,10000
gpu,ptsans,2,demo,warm,30,0,complete_us,master,prior,1038.288867,1070.288167,1032.113167,1048.0472,19.37983349999996,"[-145.46535, 218.440967]",1.9857297836819776,"[-12.26698651287758, 16.245693263198667]",12,3,36,10000
gpu,ptsans,2,demo,warm,30,0,draw_us,master,updated45,228.0763665,226.67021649999998,228.4194335,226.6576335,0.3458494999999999,"[-6.772949499999996, 3.581883000000005]",0.14975805332089198,"[-2.9868768324229578, 1.5914747883582825]",12,3,36,10000
gpu,ptsans,2,demo,warm,30,0,submit_us,master,updated45,572.0228835,575.5952,576.9715165,575.5952,2.168066999999951,"[-17.414566999999977, 5.222166999999956]",0.3895246655945761,"[-3.0947238963014545, 0.9493534346269095]",12,3,36,10000
gpu,ptsans,2,demo,warm,30,0,complete_us,master,updated45,1038.288867,1151.5367999999999,1032.113167,1132.1680665,-11.353633000000002,"[-80.92355050000009, 126.16868350000004]",-1.1619055084215013,"[-6.059348170718354, 12.274468276032769]",12,3,36,10000
gpu,ptsans,2,demo,warm,30,0,draw_us,master,final,228.0763665,228.03333350000003,228.4194335,223.5450665,-2.590299999999999,"[-8.009033500000001, 8.432684000000009]",-1.213849382362403,"[-3.1283826857544774, 3.4056490156565533]",12,3,36,10000
gpu,ptsans,2,demo,warm,30,0,submit_us,master,final,572.0228835,571.7444665,576.9715165,558.690983,-2.8729495000000043,"[-30.34435000000002, 27.34224999999998]",-0.5268439009041115,"[-3.0970889930921066, 4.346651797270596]",12,3,36,10000
gpu,ptsans,2,demo,warm,30,0,complete_us,master,final,1038.288867,1060.82225,1032.113167,1068.4250835,-2.480432999999948,"[-79.83483350000006, 24.100016499999924]",-0.22521308277790308,"[-5.742792315669016, 2.628545989844744]",12,3,36,10000
gpu,ptsans,2,demo,warm,30,0,draw_us,prior,updated45,225.8819835,226.67021649999998,220.4271335,226.6576335,0.656983000000011,"[-10.286749999999998, 8.842266500000008]",0.24341287079626128,"[-2.761885815732912, 4.185351404490733]",12,3,36,10000
gpu,ptsans,2,demo,warm,30,0,submit_us,prior,updated45,564.8729335,575.5952,557.0041165,575.5952,-2.446550000000059,"[-32.25070000000005, 22.606333500000005]",-0.49641200637751126,"[-5.342931752619479, 4.031131622042594]",12,3,36,10000
gpu,ptsans,2,demo,warm,30,0,complete_us,prior,updated45,1070.288167,1151.5367999999999,1048.0472,1132.1680665,-12.007033999999976,"[-56.912466499999994, 21.738966000000005]",-1.3058537715495755,"[-4.6349052966997375, 1.737351770534401]",12,3,36,10000
gpu,ptsans,2,demo,warm,30,0,draw_us,prior,final,225.8819835,228.03333350000003,220.4271335,223.5450665,0.8708495000000056,"[-5.331267000000011, 4.666650000000004]",0.3890371955467431,"[-1.6407555616782088, 2.117030028213096]",12,3,36,10000
gpu,ptsans,2,demo,warm,30,0,submit_us,prior,final,564.8729335,571.7444665,557.0041165,558.690983,7.3480165,"[-11.553383499999995, 24.41259999999994]",1.3880444334780528,"[-2.1599895001742144, 3.9744963176888026]",12,3,36,10000
gpu,ptsans,2,demo,warm,30,0,complete_us,prior,final,1070.288167,1060.82225,1048.0472,1068.4250835,39.41243300000002,"[-164.0068834999999, 155.71114999999998]",3.490571057050862,"[-14.15884725976274, 17.373831388688156]",12,3,36,10000
gpu,ptsans,2,demo,warm,30,0,draw_us,updated45,final,226.67021649999998,228.03333350000003,226.6576335,223.5450665,0.12233349999999632,"[-3.629316500000016, 7.806316499999994]",0.06886076963339982,"[-1.6347283307099059, 1.8287012035619554]",12,3,36,10000
gpu,ptsans,2,demo,warm,30,0,submit_us,updated45,final,575.5952,571.7444665,575.5952,558.690983,1.5348334999999906,"[-13.109683500000017, 22.079099999999983]",0.26407260392773413,"[-2.3259854765438073, 2.460199481701164]",12,3,36,10000
gpu,ptsans,2,demo,warm,30,0,complete_us,updated45,final,1151.5367999999999,1060.82225,1132.1680665,1068.4250835,45.3742335,"[-48.32633350000003, 122.72365000000013]",3.730659658773816,"[-4.3006705182794205, 7.756019065397613]",12,3,36,10000
gpu,ptsans,2,demo,zoom_in,12,2924,draw_us,master,prior,2790.5920834999997,2476.5571664999998,2802.2882499999996,2467.5572915000002,-310.1596670000001,"[-552.1805830000001, -233.18754149999972]",-11.111741113762008,"[-13.003473712350882, -8.932812991176071]",12,3,36,10000
gpu,ptsans,2,demo,zoom_in,12,2924,submit_us,master,prior,3045.91675,2738.401,3065.232583,2722.545125,-307.78125,"[-617.3506249999998, -216.05033349999985]",-10.333588609927325,"[-12.419573150543917, -7.619938532698189]",12,3,36,10000
gpu,ptsans,2,demo,zoom_in,12,2924,complete_us,master,prior,4846.609375,4488.1769165000005,4862.446208,4433.479041500001,-76.55216700000028,"[-1063.177083, 66.44295849999935]",-1.5360246283064982,"[-17.422428658384632, 0.9836910970491664]",12,3,36,10000
gpu,ptsans,2,demo,zoom_in,12,2924,draw_us,master,updated45,2790.5920834999997,2464.2777914999997,2802.2882499999996,2445.8247085000003,-342.24116700000013,"[-436.23095850000004, -272.24291649999986]",-12.298119474238973,"[-15.256871488426798, -10.286902263540393]",12,3,36,10000
gpu,ptsans,2,demo,zoom_in,12,2924,submit_us,master,updated45,3045.91675,2715.006875,3065.232583,2714.6700835,-341.7170414999998,"[-469.9548749999999, -257.7429165000001]",-11.204262372992662,"[-14.726037895287853, -8.929599148822653]",12,3,36,10000
gpu,ptsans,2,demo,zoom_in,12,2924,complete_us,master,updated45,4846.609375,4539.083458,4862.446208,4648.9165835,-432.45825000000013,"[-1008.6665830000002, -162.83149949999984]",-8.84375994159899,"[-17.23178849452962, -3.6441942987993303]",12,3,36,10000
gpu,ptsans,2,demo,zoom_in,12,2924,draw_us,master,final,2790.5920834999997,2464.9617085,2802.2882499999996,2439.6544999999996,-349.048667,"[-506.3333329999998, -279.31949999999983]",-12.673244020606878,"[-16.811201948290144, -10.547673129364949]",12,3,36,10000
gpu,ptsans,2,demo,zoom_in,12,2924,submit_us,master,final,3045.91675,2716.281125,3065.232583,2692.4808335,-358.35424999999987,"[-566.2481244999999, -275.0052085000002]",-11.746734975470279,"[-16.27280461247358, -9.499551902129738]",12,3,36,10000
gpu,ptsans,2,demo,zoom_in,12,2924,complete_us,master,final,4846.609375,4475.5695,4862.446208,4591.3976665,-418.9982915000005,"[-855.3905000000009, -120.07637499999987]",-7.465004317991797,"[-15.021928792398121, -2.87750441177686]",12,3,36,10000
gpu,ptsans,2,demo,zoom_in,12,2924,draw_us,prior,updated45,2476.5571664999998,2464.2777914999997,2467.5572915000002,2445.8247085000003,-6.102332999999817,"[-83.10775000000012, 50.73958299999981]",-0.2549074615018021,"[-3.2110265876477415, 2.116911443240721]",12,3,36,10000
gpu,ptsans,2,demo,zoom_in,12,2924,submit_us,prior,updated45,2738.401,2715.006875,2722.545125,2714.6700835,-2.894166499999983,"[-100.92370849999998, 63.352499999999964]",-0.09015622668311907,"[-3.4753820617138, 2.3487803236339144]",12,3,36,10000
gpu,ptsans,2,demo,zoom_in,12,2924,complete_us,prior,updated45,4488.1769165000005,4539.083458,4433.479041500001,4648.9165835,17.220417000000452,"[-365.32825000000025, 152.03654199999983]",0.4241800008789154,"[-7.944137571674641, 3.09604512631948]",12,3,36,10000
gpu,ptsans,2,demo,zoom_in,12,2924,draw_us,prior,final,2476.5571664999998,2464.9617085,2467.5572915000002,2439.6544999999996,-21.798708499999975,"[-119.90283349999982, 48.4705835000002]",-0.9330603603599941,"[-3.7853938482462826, 1.882656278892736]",12,3,36,10000
gpu,ptsans,2,demo,zoom_in,12,2924,submit_us,prior,final,2738.401,2716.281125,2722.545125,2692.4808335,-25.18754150000018,"[-144.78120799999988, 71.62512549999997]",-0.9672513631095281,"[-3.6605565441697627, 2.511071463481962]",12,3,36,10000
gpu,ptsans,2,demo,zoom_in,12,2924,complete_us,prior,final,4488.1769165000005,4475.5695,4433.479041500001,4591.3976665,-223.53983300000004,"[-662.0504170000004, 406.0174580000005]",-4.8998441521448,"[-10.048779647414458, 9.348044328273708]",12,3,36,10000
gpu,ptsans,2,demo,zoom_in,12,2924,draw_us,updated45,final,2464.2777914999997,2464.9617085,2445.8247085000003,2439.6544999999996,-27.711832999999842,"[-49.739708500000006, 48.01041700000019]",-1.159640323278105,"[-2.217753440266035, 1.958588824299612]",12,3,36,10000
gpu,ptsans,2,demo,zoom_in,12,2924,submit_us,updated45,final,2715.006875,2716.281125,2714.6700835,2692.4808335,-44.81070799999998,"[-55.60237499999994, 52.90295849999984]",-1.6683185156530222,"[-2.25064250153284, 1.9430687382884004]",12,3,36,10000
gpu,ptsans,2,demo,zoom_in,12,2924,complete_us,updated45,final,4539.083458,4475.5695,4648.9165835,4591.3976665,-30.911499999999933,"[-476.31920850000006, 393.168416]",-0.7982034158869888,"[-8.982420522177591, 8.246508013606057]",12,3,36,10000
gpu,ptsans,2,demo,zoom_out,12,1952,draw_us,master,prior,1837.4061665,1590.888875,1835.6891664999998,1575.685625,-253.5036665,"[-359.53662499999996, -213.98783300000002]",-13.588175712921435,"[-16.15047847658143, -10.633294506808305]",12,3,36,10000
gpu,ptsans,2,demo,zoom_out,12,1952,submit_us,master,prior,2244.3437085,1979.3767085,2242.3298335,1962.157917,-259.4219585000001,"[-416.9739585, -183.81954200000007]",-11.324554223379623,"[-14.278795371267023, -8.334082193704]",12,3,36,10000
gpu,ptsans,2,demo,zoom_out,12,1952,complete_us,master,prior,3610.921875,3277.6787084999996,3578.4965,3157.954792,-422.37337499999967,"[-1155.4444584999999, -230.2741665000001]",-10.98053091726608,"[-24.223601140856644, -7.326075820578226]",12,3,36,10000
gpu,ptsans,2,demo,zoom_out,12,1952,draw_us,master,updated45,1837.4061665,1580.529542,1835.6891664999998,1594.7620835,-239.42029149999996,"[-277.86283349999974, -213.33687450000002]",-12.884779541166967,"[-14.358408847651148, -10.927819272809858]",12,3,36,10000
gpu,ptsans,2,demo,zoom_out,12,1952,submit_us,master,updated45,2244.3437085,1974.316,2242.3298335,1994.3090415000001,-241.28308300000003,"[-282.08504200000004, -221.52945850000003]",-10.85848167213515,"[-12.339937212422525, -8.603408970075765]",12,3,36,10000
gpu,ptsans,2,demo,zoom_out,12,1952,complete_us,master,updated45,3610.921875,3415.3317085,3578.4965,3385.7760835,-284.32983349999995,"[-617.2639584999995, -202.14054150000015]",-7.648461004999585,"[-15.086801326813164, -5.434238396310964]",12,3,36,10000
gpu,ptsans,2,demo,zoom_out,12,1952,draw_us,master,final,1837.4061665,1591.4392085,1835.6891664999998,1602.607625,-235.263958,"[-375.576333, -195.1944995]",-13.054967412817902,"[-20.074161312834377, -11.7185861240869]",12,3,36,10000
gpu,ptsans,2,demo,zoom_out,12,1952,submit_us,master,final,2244.3437085,1988.1580415,2242.3298335,1993.892375,-233.3263750000001,"[-421.906292, -203.3819585]",-10.889729996077751,"[-18.439694807184274, -10.05349788924907]",12,3,36,10000
gpu,ptsans,2,demo,zoom_out,12,1952,complete_us,master,final,3610.921875,3307.041625,3578.4965,3297.5050835,-477.5521249999995,"[-1092.8333755, 120.69774999999981]",-11.79982699503943,"[-25.12190350668631, 3.812670499727977]",12,3,36,10000
gpu,ptsans,2,demo,zoom_out,12,1952,draw_us,prior,updated45,1590.888875,1580.529542,1575.685625,1594.7620835,19.437541499999952,"[1.8384999999999536, 104.25000049999994]",1.2580572684527946,"[0.15053209488612995, 4.98036989181363]",12,3,36,10000
gpu,ptsans,2,demo,zoom_out,12,1952,submit_us,prior,updated45,1979.3767085,1974.316,1962.157917,1994.3090415000001,22.300333000000023,"[-7.875041499999952, 135.70658349999985]",1.141794071263802,"[-0.4125227439878698, 5.778169510763864]",12,3,36,10000
gpu,ptsans,2,demo,zoom_out,12,1952,complete_us,prior,updated45,3277.6787084999996,3415.3317085,3157.954792,3385.7760835,97.49141699999996,"[-8.741375499999776, 270.15795849999995]",3.3986525552760383,"[-0.42823519685110667, 6.241073567440802]",12,3,36,10000
gpu,ptsans,2,demo,zoom_out,12,1952,draw_us,prior,final,1590.888875,1591.4392085,1575.685625,1602.607625,9.317791499999998,"[-62.470624499999985, 55.036457999999925]",0.6485761715736449,"[-3.59458037480499, 3.486129395318327]",12,3,36,10000
gpu,ptsans,2,demo,zoom_out,12,1952,submit_us,prior,final,1979.3767085,1988.1580415,1962.157917,1993.892375,22.480958500000042,"[-95.42712500000005, 70.953125]",1.2319032237289362,"[-4.355200169054823, 3.9093679437313678]",12,3,36,10000
gpu,ptsans,2,demo,zoom_out,12,1952,complete_us,prior,final,3277.6787084999996,3307.041625,3157.954792,3297.5050835,100.70824949999997,"[-161.97916699999973, 424.8679169999998]",2.7957697823832173,"[-4.5583100541833454, 9.521085374978977]",12,3,36,10000
gpu,ptsans,2,demo,zoom_out,12,1952,draw_us,updated45,final,1580.529542,1591.4392085,1594.7620835,1602.607625,-10.999874999999975,"[-117.30224999999996, 15.736166499999968]",-0.696861057383541,"[-6.388174331220286, 1.0063690620375154]",12,3,36,10000
gpu,ptsans,2,demo,zoom_out,12,1952,submit_us,updated45,final,1974.316,1988.1580415,1994.3090415000001,1993.892375,-7.182291999999848,"[-166.79345850000004, 24.84033349999993]",-0.36145666553623057,"[-7.4480756768404826, 1.3032908720900571]",12,3,36,10000
gpu,ptsans,2,demo,zoom_out,12,1952,complete_us,updated45,final,3415.3317085,3307.041625,3385.7760835,3297.5050835,-108.63708300000008,"[-555.4253334999999, 257.16483300000004]",-2.765002805158251,"[-13.973774090809659, 5.786918578940547]",12,3,36,10000
gpu,ptsans,2,font_variations,first_paint,1,263,draw_us,master,prior,1917.875,1864.5835,1899.5,1864.5835,-19.208499999999958,"[-57.29150000000004, 41.875]",-1.0999793785807122,"[-3.1689679992303157, 2.13772372392228]",12,3,36,10000
gpu,ptsans,2,font_variations,first_paint,1,263,submit_us,master,prior,3473.625,3379.125,3458.6875,3405.4375,8.750499999999874,"[-78.60400000000004, 121.625]",0.275780745837384,"[-2.24625772439408, 3.480882274655317]",12,3,36,10000
gpu,ptsans,2,font_variations,first_paint,1,263,complete_us,master,prior,5784.438,5150.478999999999,5832.8335,5150.478999999999,-261.3755000000001,"[-977.7709999999997, 671.6039999999998]",-5.309348261321206,"[-16.65097348729992, 11.478647467633195]",12,3,36,10000
gpu,ptsans,2,font_variations,first_paint,1,263,draw_us,master,updated45,1917.875,1888.1875,1899.5,1886.2085,-41.66650000000004,"[-61.54150000000004, -6.70799999999997]",-2.18073382727626,"[-3.3767028080065598, -0.41089283358571316]",12,3,36,10000
gpu,ptsans,2,font_variations,first_paint,1,263,submit_us,master,updated45,3473.625,3444.5,3458.6875,3430.5209999999997,-48.9375,"[-114.875, -16.854000000000042]",-1.5376627042909652,"[-3.421973018942132, -0.49379127114193566]",12,3,36,10000
gpu,ptsans,2,font_variations,first_paint,1,263,complete_us,master,updated45,5784.438,5791.7919999999995,5832.8335,5750.9375,-104.27149999999983,"[-1077.8334999999997, 1009.5209999999997]",-1.8849626601213865,"[-18.47811156308155, 21.241190957376368]",12,3,36,10000
gpu,ptsans,2,font_variations,first_paint,1,263,draw_us,master,final,1917.875,1881.3125,1899.5,1873.042,-33.33400000000006,"[-104.6244999999999, 15.020999999999958]",-1.9031012723676355,"[-4.840951044178637, 0.7534933713288838]",12,3,36,10000
gpu,ptsans,2,font_variations,first_paint,1,263,submit_us,master,final,3473.625,3447.438,3458.6875,3388.7295,-35.33349999999996,"[-190.16650000000004, 28.166999999999916]",-1.1157137730702926,"[-5.6638440822505025, 0.8050084361328369]",12,3,36,10000
gpu,ptsans,2,font_variations,first_paint,1,263,complete_us,master,final,5784.438,5594.562,5832.8335,5590.9169999999995,77.10400000000027,"[-432.1460000000002, 955.9369999999999]",1.505629606695813,"[-7.57330692980695, 15.254322762423534]",12,3,36,10000
gpu,ptsans,2,font_variations,first_paint,1,263,draw_us,prior,updated45,1864.5835,1888.1875,1864.5835,1886.2085,5.187999999999988,"[-61.16650000000004, 50.89549999999997]",0.27285889907455174,"[-3.1765754114027156, 2.8036692584468836]",12,3,36,10000
gpu,ptsans,2,font_variations,first_paint,1,263,submit_us,prior,updated45,3379.125,3444.5,3405.4375,3430.5209999999997,-21.458499999999958,"[-113.79199999999992, 37.750499999999874]",-0.6280748146852588,"[-3.2779497676833858, 1.179288385057553]",12,3,36,10000
gpu,ptsans,2,font_variations,first_paint,1,263,complete_us,prior,updated45,5150.478999999999,5791.7919999999995,5150.478999999999,5750.9375,93.625,"[-288.7919999999999, 1018.2710000000002]",1.4857601371103368,"[-5.288726260448678, 22.04299887391885]",12,3,36,10000
gpu,ptsans,2,font_variations,first_paint,1,263,draw_us,prior,final,1864.5835,1881.3125,1864.5835,1873.042,-0.7500000000001137,"[-88.08349999999996, 35.770500000000084]",-0.0773864317265116,"[-2.05069931974296, 1.9096902912622893]",12,3,36,10000
gpu,ptsans,2,font_variations,first_paint,1,263,submit_us,prior,final,3379.125,3447.438,3405.4375,3388.7295,-58.58399999999983,"[-91.3334999999995, 19.395500000000084]",-1.437541085459343,"[-2.259775008367532, 0.5632232473903875]",12,3,36,10000
gpu,ptsans,2,font_variations,first_paint,1,263,complete_us,prior,final,5150.478999999999,5594.562,5150.478999999999,5590.9169999999995,237.72949999999992,"[-312.875, 895.875]",4.631203358349945,"[-6.235686356308023, 17.169595362414938]",12,3,36,10000
gpu,ptsans,2,font_variations,first_paint,1,263,draw_us,updated45,final,1888.1875,1881.3125,1886.2085,1873.042,1.5824999999998681,"[-59.499999999999886, 73.0625]",0.0862648758030049,"[-3.0280734201042545, 3.951720657800384]",12,3,36,10000
gpu,ptsans,2,font_variations,first_paint,1,263,submit_us,updated45,final,3444.5,3447.438,3430.5209999999997,3388.7295,-20.72999999999979,"[-98.39649999999983, 90.16600000000017]",-0.6110456407953213,"[-2.919561549887412, 2.620267062690562]",12,3,36,10000
gpu,ptsans,2,font_variations,first_paint,1,263,complete_us,updated45,final,5791.7919999999995,5594.562,5750.9375,5590.9169999999995,-130.47899999999981,"[-568.8959999999997, 405.27049999999963]",-2.3860537208285573,"[-9.326332898922761, 7.738548427653468]",12,3,36,10000
gpu,ptsans,2,font_variations,slant_advance,10,1158,draw_us,master,prior,847.33965,825.9229,844.45625,814.80625,-24.035199999999975,"[-34.10634999999996, 85.32500000000005]",-3.0634150966069864,"[-4.042998321099822, 5.2179232171833405]",12,3,36,10000
gpu,ptsans,2,font_variations,slant_advance,10,1158,submit_us,master,prior,910.3521499999999,883.4291000000001,909.7021500000001,870.39165,-23.502049999999997,"[-38.93955, 100.31864999999988]",-2.8632522061558197,"[-4.284882372751997, 5.5054365608763085]",12,3,36,10000
gpu,ptsans,2,font_variations,slant_advance,10,1158,complete_us,master,prior,1525.61665,1692.33545,1553.5083,1716.08945,5.462599999999952,"[-162.70839999999998, 300.91445]",0.4077233518014034,"[-9.552040992701489, 17.688408920083276]",12,3,36,10000
gpu,ptsans,2,font_variations,slant_advance,10,1158,draw_us,master,updated45,847.33965,831.6479999999999,844.45625,822.6811,-1.6186500000000024,"[-49.05419999999998, 27.256150000000048]",-0.20457649130591893,"[-5.654977651361886, 3.3354534918008327]",12,3,36,10000
gpu,ptsans,2,font_variations,slant_advance,10,1158,submit_us,master,updated45,910.3521499999999,902.2961,909.7021500000001,879.76665,5.902150000000006,"[-60.63959999999997, 32.066599999999994]",0.6580678064032286,"[-6.492181996018642, 3.6424343898020295]",12,3,36,10000
gpu,ptsans,2,font_variations,slant_advance,10,1158,complete_us,master,updated45,1525.61665,1819.8813,1553.5083,1819.8813,13.987750000000005,"[-148.93759999999997, 270.01880000000006]",1.079752249637056,"[-7.547071402338284, 17.521156542275897]",12,3,36,10000
gpu,ptsans,2,font_variations,slant_advance,10,1158,draw_us,master,final,847.33965,859.0354,844.45625,845.4373,-19.170649999999966,"[-38.154049999999984, 1.4084500000000162]",-2.3454266401643,"[-3.3144423297882586, 0.151130742043043]",12,3,36,10000
gpu,ptsans,2,font_variations,slant_advance,10,1158,submit_us,master,final,910.3521499999999,918.24775,909.7021500000001,904.62685,-18.676999999999964,"[-44.335300000000075, 8.266849999999977]",-2.150531101123876,"[-3.884227800544443, 0.8778939270512098]",12,3,36,10000
gpu,ptsans,2,font_variations,slant_advance,10,1158,complete_us,master,final,1525.61665,1484.8271,1553.5083,1519.3456,-8.499749999999949,"[-111.8710000000001, 170.1227]",-0.655794589398051,"[-3.362078815457103, 10.467705855394327]",12,3,36,10000
gpu,ptsans,2,font_variations,slant_advance,10,1158,draw_us,prior,updated45,825.9229,831.6479999999999,814.80625,822.6811,11.804099999999949,"[-22.733250000000055, 48.512549999999976]",1.5456562015409903,"[-2.4256342794098105, 6.271520545075471]",12,3,36,10000
gpu,ptsans,2,font_variations,slant_advance,10,1158,submit_us,prior,updated45,883.4291000000001,902.2961,870.39165,879.76665,16.154350000000022,"[-27.2020500000001, 56.9126]",1.973480166226499,"[-2.649325891846649, 6.882038161848303]",12,3,36,10000
gpu,ptsans,2,font_variations,slant_advance,10,1158,complete_us,prior,updated45,1692.33545,1819.8813,1716.08945,1819.8813,50.79599999999982,"[-365.00200000000007, 134.9293]",3.1013987548619615,"[-18.21457886197788, 7.242641870623833]",12,3,36,10000
gpu,ptsans,2,font_variations,slant_advance,10,1158,draw_us,prior,final,825.9229,859.0354,814.80625,845.4373,15.61685,"[-78.82705000000004, 30.00804999999997]",2.087981465930444,"[-4.629408921633327, 3.7696726601744723]",12,3,36,10000
gpu,ptsans,2,font_variations,slant_advance,10,1158,submit_us,prior,final,883.4291000000001,918.24775,870.39165,904.62685,15.810450000000003,"[-99.93540000000007, 34.529199999999946]",1.9381309357295207,"[-4.892951745589424, 4.060525031307726]",12,3,36,10000
gpu,ptsans,2,font_variations,slant_advance,10,1158,complete_us,prior,final,1692.33545,1484.8271,1716.08945,1519.3456,-29.091650000000072,"[-370.8269999999999, 191.54359999999997]",-2.173361364105669,"[-18.79732259863694, 12.183698943380472]",12,3,36,10000
gpu,ptsans,2,font_variations,slant_advance,10,1158,draw_us,updated45,final,831.6479999999999,859.0354,822.6811,845.4373,-17.07895000000002,"[-34.80419999999998, 35.05839999999995]",-2.0672225890644214,"[-4.398158455597367, 4.204253613546038]",12,3,36,10000
gpu,ptsans,2,font_variations,slant_advance,10,1158,submit_us,updated45,final,902.2961,918.24775,879.76665,904.62685,-18.65825000000001,"[-41.87300000000005, 38.722699999999975]",-2.081953902469247,"[-4.930480960033041, 4.27417490283063]",12,3,36,10000
gpu,ptsans,2,font_variations,slant_advance,10,1158,complete_us,updated45,final,1819.8813,1484.8271,1819.8813,1519.3456,-56.71034999999995,"[-142.16274999999996, 83.49589999999989]",-3.4378552085171155,"[-8.35984914929584, 4.574412491062896]",12,3,36,10000
gpu,ptsans,2,font_variations,slant_return,10,0,draw_us,master,prior,48.4499,44.82495,47.53530000000001,43.710449999999994,-1.7209000000000039,"[-6.041650000000004, 0.7542500000000025]",-3.9683210561851037,"[-11.01923968822846, 1.5314514732144735]",12,3,36,10000
gpu,ptsans,2,font_variations,slant_return,10,0,submit_us,master,prior,111.87100000000001,106.0187,108.54605000000001,103.24795,-3.733399999999996,"[-6.814549999999997, 7.452049999999986]",-3.729021600083582,"[-6.602711963591718, 6.458818309815639]",12,3,36,10000
gpu,ptsans,2,font_variations,slant_return,10,0,complete_us,master,prior,335.79380000000003,328.68550000000005,327.15415,324.81460000000004,-11.002049999999969,"[-30.735250000000065, 15.110299999999995]",-2.6317793406880954,"[-8.040616508865705, 4.780394546773071]",12,3,36,10000
gpu,ptsans,2,font_variations,slant_return,10,0,draw_us,master,updated45,48.4499,46.15625,47.53530000000001,46.552049999999994,-1.80865,"[-3.9062000000000054, 2.585549999999998]",-3.9360294611199276,"[-7.850889987017717, 5.997827363717523]",12,3,36,10000
gpu,ptsans,2,font_variations,slant_return,10,0,submit_us,master,updated45,111.87100000000001,110.97075000000001,108.54605000000001,110.03954999999999,-0.5917499999999976,"[-7.2376000000000005, 8.69755]",-0.586518699673283,"[-6.342410083601258, 8.40564674357519]",12,3,36,10000
gpu,ptsans,2,font_variations,slant_return,10,0,complete_us,master,updated45,335.79380000000003,333.2354,327.15415,330.20615,-5.2000000000000455,"[-35.727149999999995, 24.960300000000018]",-1.6811803222904154,"[-9.702403411362281, 7.933215696519336]",12,3,36,10000
gpu,ptsans,2,font_variations,slant_return,10,0,draw_us,master,final,48.4499,47.95215,47.53530000000001,46.95625,-1.3147999999999982,"[-2.8896000000000015, 0.7042499999999983]",-2.787222971414555,"[-6.023215586030572, 1.8062221606648055]",12,3,36,10000
gpu,ptsans,2,font_variations,slant_return,10,0,submit_us,master,final,111.87100000000001,112.95005,108.54605000000001,112.37275,2.395850000000003,"[-5.5458500000000015, 8.370600000000003]",2.072932677378314,"[-5.079997054849006, 8.078834863325868]",12,3,36,10000
gpu,ptsans,2,font_variations,slant_return,10,0,complete_us,master,final,335.79380000000003,318.03970000000004,327.15415,329.45425,-2.837200000000024,"[-35.09574999999998, 19.581350000000015]",-0.9397188551905189,"[-10.101229900191662, 5.6361359092409025]",12,3,36,10000
gpu,ptsans,2,font_variations,slant_return,10,0,draw_us,prior,updated45,44.82495,46.15625,43.710449999999994,46.552049999999994,1.410300000000003,"[-0.3396499999999989, 2.589649999999999]",2.913976780285299,"[-0.5869813979713867, 6.278120349463434]",12,3,36,10000
gpu,ptsans,2,font_variations,slant_return,10,0,submit_us,prior,updated45,106.0187,110.97075000000001,103.24795,110.03954999999999,3.6291999999999973,"[-6.818800000000003, 11.633099999999999]",3.7577739760341844,"[-5.462545651383715, 10.350079743699292]",12,3,36,10000
gpu,ptsans,2,font_variations,slant_return,10,0,complete_us,prior,updated45,328.68550000000005,333.2354,324.81460000000004,330.20615,-0.9352999999999838,"[-19.718650000000025, 22.53520000000003]",-0.3381976540855536,"[-6.224711779640707, 6.386897368316857]",12,3,36,10000
gpu,ptsans,2,font_variations,slant_return,10,0,draw_us,prior,final,44.82495,47.95215,43.710449999999994,46.95625,2.141750000000002,"[-2.797950000000011, 3.0126000000000026]",4.733346772343272,"[-1.9141780447126555, 6.780232522872087]",12,3,36,10000
gpu,ptsans,2,font_variations,slant_return,10,0,submit_us,prior,final,106.0187,112.95005,103.24795,112.37275,4.479199999999999,"[-12.57285000000001, 13.654199999999996]",4.414187695503758,"[-4.179709427608087, 13.460630567744214]",12,3,36,10000
gpu,ptsans,2,font_variations,slant_return,10,0,complete_us,prior,final,328.68550000000005,318.03970000000004,324.81460000000004,329.45425,-6.982900000000029,"[-41.36234999999999, 47.303950000000015]",-2.293368437432708,"[-7.638920448533648, 14.516615900847029]",12,3,36,10000
gpu,ptsans,2,font_variations,slant_return,10,0,draw_us,updated45,final,46.15625,47.95215,46.552049999999994,46.95625,0.7209000000000003,"[-1.8937999999999988, 3.2332500000000017]",1.7195397879081864,"[-4.189096147923616, 6.871625163672801]",12,3,36,10000
gpu,ptsans,2,font_variations,slant_return,10,0,submit_us,updated45,final,110.97075000000001,112.95005,110.03954999999999,112.37275,4.545950000000005,"[-7.479300000000002, 16.053950000000007]",4.284239928215461,"[-6.67320354937484, 14.635645264773379]",12,3,36,10000
gpu,ptsans,2,font_variations,slant_return,10,0,complete_us,updated45,final,333.2354,318.03970000000004,330.20615,329.45425,0.5459500000000048,"[-21.374799999999993, 40.81860000000003]",0.3386475575128278,"[-6.228285885789575, 12.027553244345368]",12,3,36,10000
gpu,ptsans,2,font_variations,warm,30,0,draw_us,master,prior,42.6888,42.768733499999996,41.727166499999996,42.1451835,-0.22003349999999955,"[-0.678466499999999, 2.2694495000000003]",-0.5136619299376033,"[-1.6485878576913526, 5.739215696381383]",12,3,36,10000
gpu,ptsans,2,font_variations,warm,30,0,submit_us,master,prior,95.7346835,96.76245,95.14783349999999,96.21525,4.020117000000006,"[-0.5915999999999997, 18.77369999999999]",4.631607040547814,"[-0.6210934513401711, 19.602720501780137]",12,3,36,10000
gpu,ptsans,2,font_variations,warm,30,0,complete_us,master,prior,309.6166665,297.0381835,304.2576335,307.37850000000003,8.467983000000004,"[-28.73611649999998, 56.04446649999997]",2.8883205680268254,"[-8.925229016964076, 17.587955955041977]",12,3,36,10000
gpu,ptsans,2,font_variations,warm,30,0,draw_us,master,updated45,42.6888,42.9923,41.727166499999996,42.395183,-0.128466999999997,"[-0.9443834999999972, 2.2375330000000027]",-0.31004757330824195,"[-2.294579250974121, 5.616465342234633]",12,3,36,10000
gpu,ptsans,2,font_variations,warm,30,0,submit_us,master,updated45,95.7346835,96.8979835,95.14783349999999,96.0785835,-0.7361999999999966,"[-3.109767000000005, 8.6646]",-0.7919335775194769,"[-3.155197385469238, 9.494884969247753]",12,3,36,10000
gpu,ptsans,2,font_variations,warm,30,0,complete_us,master,updated45,309.6166665,318.35833349999996,304.2576335,310.2716335,5.952816499999983,"[-25.866033499999958, 39.624267]",1.9795837412560968,"[-8.136338964808532, 14.372079743685328]",12,3,36,10000
gpu,ptsans,2,font_variations,warm,30,0,draw_us,master,final,42.6888,42.454033499999994,41.727166499999996,42.296367000000004,-0.10419999999999874,"[-0.8340500000000013, 0.7048330000000007]",-0.2577826372142489,"[-2.025679316929158, 1.6798837490664131]",12,3,36,10000
gpu,ptsans,2,font_variations,warm,30,0,submit_us,master,final,95.7346835,96.0534835,95.14783349999999,96.0534835,-0.3402664999999985,"[-2.5833999999999975, 4.427050000000008]",-0.3831183984203679,"[-2.6609940183196623, 4.478214587676699]",12,3,36,10000
gpu,ptsans,2,font_variations,warm,30,0,complete_us,master,final,309.6166665,296.22235,304.2576335,296.22235,2.647766499999989,"[-29.107550499999974, 52.45478349999999]",0.9757343768894755,"[-9.111775679542122, 17.228850252673375]",12,3,36,10000
gpu,ptsans,2,font_variations,warm,30,0,draw_us,prior,updated45,42.768733499999996,42.9923,42.1451835,42.395183,0.39508299999999963,"[-1.5909164999999987, 2.4368165000000026]",0.9759756734472935,"[-3.849842519454766, 6.025042078409781]",12,3,36,10000
gpu,ptsans,2,font_variations,warm,30,0,submit_us,prior,updated45,96.76245,96.8979835,96.21525,96.0785835,-2.049349999999997,"[-7.4465, 4.340299999999999]",-2.0472978343883064,"[-6.697503325924014, 4.812308621424554]",12,3,36,10000
gpu,ptsans,2,font_variations,warm,30,0,complete_us,prior,updated45,297.0381835,318.35833349999996,307.37850000000003,310.2716335,2.63473350000001,"[-28.5368005, 24.65213350000002]",0.7028336486147646,"[-9.276413801884047, 8.31370745068407]",12,3,36,10000
gpu,ptsans,2,font_variations,warm,30,0,draw_us,prior,final,42.768733499999996,42.454033499999994,42.1451835,42.296367000000004,-0.12711700000000192,"[-2.319516499999999, 1.04645]",-0.23494999662193594,"[-5.393431300998941, 2.47090416910718]",12,3,36,10000
gpu,ptsans,2,font_variations,warm,30,0,submit_us,prior,final,96.76245,96.0534835,96.21525,96.0534835,-1.759200000000007,"[-16.828449999999997, 9.897933000000002]",-1.9936590280009436,"[-14.193750834850155, 9.760943489737162]",12,3,36,10000
gpu,ptsans,2,font_variations,warm,30,0,complete_us,prior,final,297.0381835,296.22235,307.37850000000003,296.22235,-0.6090670000000102,"[-48.81124999999997, 26.550849999999997]",-0.22994197543630968,"[-14.204267572061319, 8.699018604303376]",12,3,36,10000
gpu,ptsans,2,font_variations,warm,30,0,draw_us,updated45,final,42.9923,42.454033499999994,42.395183,42.296367000000004,0.16593299999999545,"[-2.2057160000000025, 1.4638164999999965]",0.3892216370487478,"[-5.091872020797966, 3.6816576607623164]",12,3,36,10000
gpu,ptsans,2,font_variations,warm,30,0,submit_us,updated45,final,96.8979835,96.0534835,96.0785835,96.0534835,0.09323350000000374,"[-4.675016999999997, 8.435333500000006]",0.08756624163032689,"[-4.944536501314895, 8.207323372583431]",12,3,36,10000
gpu,ptsans,2,font_variations,warm,30,0,complete_us,updated45,final,318.35833349999996,296.22235,310.2716335,296.22235,7.038883500000026,"[-17.788183500000002, 35.40149999999997]",2.5738865225350405,"[-5.952946850972219, 10.333657102054982]",12,3,36,10000
gpu,ptsans,2,font_variations,weight_advance,6,717,draw_us,master,prior,944.378667,917.9269165000001,943.46875,925.8715830000001,6.225667000000044,"[-17.617999999999995, 44.13199950000006]",0.7230533814901352,"[-2.0853993916134907, 4.689730414157134]",12,3,36,10000
gpu,ptsans,2,font_variations,weight_advance,6,717,submit_us,master,prior,1000.673667,971.9234165,998.8438335000001,978.7119165,19.621499500000027,"[-21.051833499999987, 58.74658350000004]",1.1989963586194752,"[-2.360048623664107, 5.8779271224389085]",12,3,36,10000
gpu,ptsans,2,font_variations,weight_advance,6,717,complete_us,master,prior,1768.159667,1747.9375,1764.8022500000002,1675.0970835,-2.7849164999998948,"[-346.0105000000001, 289.91674999999987]",-0.315029800291583,"[-17.037733848704622, 11.351532051121172]",12,3,36,10000
gpu,ptsans,2,font_variations,weight_advance,6,717,draw_us,master,updated45,944.378667,944.9063335,943.46875,940.3194165,4.642583000000002,"[-28.583499999999958, 17.753583500000047]",0.5242603066545448,"[-2.8564960773389103, 2.0117491262737652]",12,3,36,10000
gpu,ptsans,2,font_variations,weight_advance,6,717,submit_us,master,updated45,1000.673667,1003.3090835,998.8438335000001,998.6215,10.399333499999955,"[-31.222167000000013, 22.152750000000026]",1.1188056433604987,"[-2.940585792386063, 2.306605359292624]",12,3,36,10000
gpu,ptsans,2,font_variations,weight_advance,6,717,complete_us,master,updated45,1768.159667,1882.9511670000002,1764.8022500000002,1992.881667,9.756833000000029,"[-214.4099994999999, 201.78783350000003]",0.7206419711144996,"[-10.924885362539392, 12.304071839359121]",12,3,36,10000
gpu,ptsans,2,font_variations,weight_advance,6,717,draw_us,master,final,944.378667,936.295167,943.46875,936.295167,-20.048333500000012,"[-49.84716649999996, 19.72583350000002]",-2.243876134913542,"[-5.585422589260098, 2.1238483452359236]",12,3,36,10000
gpu,ptsans,2,font_variations,weight_advance,6,717,submit_us,master,final,1000.673667,986.2846665,998.8438335000001,986.2846665,-20.166833000000054,"[-62.11783300000002, 23.40625]",-2.1889315062007975,"[-6.43401999285127, 2.344329572483572]",12,3,36,10000
gpu,ptsans,2,font_variations,weight_advance,6,717,complete_us,master,final,1768.159667,1568.4165,1764.8022500000002,1515.3681665,-39.43758349999996,"[-369.0383335, 97.26016649999997]",-2.873133354697827,"[-19.819337264530322, 5.867414255904491]",12,3,36,10000
gpu,ptsans,2,font_variations,weight_advance,6,717,draw_us,prior,updated45,917.9269165000001,944.9063335,925.8715830000001,940.3194165,-2.3161665000000085,"[-36.05574999999999, 27.628417000000013]",-0.2678688739394752,"[-3.580105227892233, 3.326947044185613]",12,3,36,10000
gpu,ptsans,2,font_variations,weight_advance,6,717,submit_us,prior,updated45,971.9234165,1003.3090835,978.7119165,998.6215,0.3436669999999822,"[-47.25683349999997, 32.059000500000025]",0.07153491192045669,"[-4.171832540196141, 3.6563350326014987]",12,3,36,10000
gpu,ptsans,2,font_variations,weight_advance,6,717,complete_us,prior,updated45,1747.9375,1882.9511670000002,1675.0970835,1992.881667,69.29508299999998,"[-24.080000499999983, 216.2917500000001]",3.733689720270783,"[-1.6467789312254455, 13.726642079721307]",12,3,36,10000
gpu,ptsans,2,font_variations,weight_advance,6,717,draw_us,prior,final,917.9269165000001,936.295167,925.8715830000001,936.295167,-25.177249500000016,"[-72.60391649999997, 25.64575000000002]",-2.8361432356239114,"[-6.9784871293624935, 3.068033706408324]",12,3,36,10000
gpu,ptsans,2,font_variations,weight_advance,6,717,submit_us,prior,final,971.9234165,986.2846665,978.7119165,986.2846665,-30.222499500000026,"[-88.61108300000006, 28.662833499999977]",-3.2210536390822995,"[-7.878340453973836, 3.2089903486192783]",12,3,36,10000
gpu,ptsans,2,font_variations,weight_advance,6,717,complete_us,prior,final,1747.9375,1568.4165,1675.0970835,1515.3681665,-22.555667000000085,"[-232.17700000000002, 136.1526665]",-1.5168330656169016,"[-12.51237477733636, 8.773588211524054]",12,3,36,10000
gpu,ptsans,2,font_variations,weight_advance,6,717,draw_us,updated45,final,944.9063335,936.295167,940.3194165,936.295167,-17.27433300000007,"[-46.850750000000005, 17.639166499999988]",-1.8434263229812842,"[-5.114998274488997, 1.8994774766952216]",12,3,36,10000
gpu,ptsans,2,font_variations,weight_advance,6,717,submit_us,updated45,final,1003.3090835,986.2846665,998.6215,986.2846665,-22.82650000000001,"[-57.35058300000003, 21.222082999999998]",-2.317061366292389,"[-5.80409394485158, 2.127606559280204]",12,3,36,10000
gpu,ptsans,2,font_variations,weight_advance,6,717,complete_us,updated45,final,1882.9511670000002,1568.4165,1992.881667,1515.3681665,-30.50358349999999,"[-248.91324999999995, 39.378666499999895]",-1.8799532937589625,"[-12.821347570414154, 1.9512485783260147]",12,3,36,10000
gpu,ptsans,2,font_variations,weight_return,6,0,draw_us,master,prior,45.079833,43.4965,45.079833,42.4755835,-2.340083,"[-4.163249499999999, 0.3783335000000001]",-5.459031730729774,"[-9.496112112924642, 0.7813945232478969]",12,3,36,10000
gpu,ptsans,2,font_variations,weight_return,6,0,submit_us,master,prior,102.39925,98.05225,102.39925,96.8091665,-1.763916999999985,"[-7.732583500000004, 5.638916999999999]",-0.5940111305380857,"[-8.320506180812902, 5.591788404717601]",12,3,36,10000
gpu,ptsans,2,font_variations,weight_return,6,0,complete_us,master,prior,300.2360835,301.02058350000004,290.96500000000003,300.0868335,3.628750000000025,"[-8.951333000000005, 42.78133350000002]",1.325100052447803,"[-3.128077884901076, 13.975069201433811]",12,3,36,10000
gpu,ptsans,2,font_variations,weight_return,6,0,draw_us,master,updated45,45.079833,45.1491665,45.079833,44.027666499999995,-0.38899999999999935,"[-2.5205835000000008, 0.8022500000000008]",-0.898215723406387,"[-5.71252250160923, 1.7240962636644541]",12,3,36,10000
gpu,ptsans,2,font_variations,weight_return,6,0,submit_us,master,updated45,102.39925,103.3715835,102.39925,106.90266650000001,1.1704165000000017,"[-3.4304169999999914, 11.04508349999999]",1.120357348090062,"[-3.3747975811491244, 11.398133298371116]",12,3,36,10000
gpu,ptsans,2,font_variations,weight_return,6,0,complete_us,master,updated45,300.2360835,326.0625,290.96500000000003,323.87850000000003,0.059333500000008144,"[-11.749750500000005, 46.83025000000001]",0.11036655602943424,"[-3.6472758472677502, 16.56162858529935]",12,3,36,10000
gpu,ptsans,2,font_variations,weight_return,6,0,draw_us,master,final,45.079833,44.829667,45.079833,43.642333,-1.0312500000000036,"[-3.6977505000000015, 1.3022504999999995]",-2.3325614709225837,"[-8.012432423731575, 2.795716504057333]",12,3,36,10000
gpu,ptsans,2,font_variations,weight_return,6,0,submit_us,master,final,102.39925,105.649417,102.39925,102.2568335,1.718749999999993,"[-5.958416499999991, 13.222333499999998]",1.7433517325475933,"[-6.104136879980454, 8.435964422217868]",12,3,36,10000
gpu,ptsans,2,font_variations,weight_return,6,0,complete_us,master,final,300.2360835,295.4583335,290.96500000000003,293.63883350000003,8.392250000000018,"[0.3752500000000225, 31.31608350000002]",2.9558406342362287,"[0.12470393419400927, 9.94487671611235]",12,3,36,10000
gpu,ptsans,2,font_variations,weight_return,6,0,draw_us,prior,updated45,43.4965,45.1491665,42.4755835,44.027666499999995,0.9619160000000022,"[-1.5206665000000008, 2.3541659999999993]",2.4551628708014195,"[-3.410588800083186, 5.5258194837826125]",12,3,36,10000
gpu,ptsans,2,font_variations,weight_return,6,0,submit_us,prior,updated45,98.05225,103.3715835,96.8091665,106.90266650000001,7.270750499999998,"[-3.218499999999999, 14.281083499999994]",7.7733279105611235,"[-3.358570691031537, 11.804847665904505]",12,3,36,10000
gpu,ptsans,2,font_variations,weight_return,6,0,complete_us,prior,updated45,301.02058350000004,326.0625,300.0868335,323.87850000000003,9.344083499999982,"[1.1074164999999994, 39.07300000000001]",2.804550051743371,"[0.4066456270092611, 11.920715286188976]",12,3,36,10000
gpu,ptsans,2,font_variations,weight_return,6,0,draw_us,prior,final,43.4965,44.829667,42.4755835,43.642333,0.7465004999999998,"[-1.1282505, 3.8959164999999985]",0.9845458168385557,"[-2.7204573112509287, 9.851775095151872]",12,3,36,10000
gpu,ptsans,2,font_variations,weight_return,6,0,submit_us,prior,final,98.05225,105.649417,96.8091665,102.2568335,3.9997504999999975,"[-5.805582999999999, 15.4237495]",3.560454003503666,"[-6.101162771457281, 11.031965640507712]",12,3,36,10000
gpu,ptsans,2,font_variations,weight_return,6,0,complete_us,prior,final,301.02058350000004,295.4583335,300.0868335,293.63883350000003,5.117916500000007,"[-23.587000000000018, 23.73599999999999]",1.801888058013107,"[-4.002148934853572, 8.422122926095154]",12,3,36,10000
gpu,ptsans,2,font_variations,weight_return,6,0,draw_us,updated45,final,45.1491665,44.829667,44.027666499999995,43.642333,-0.027666999999997444,"[-1.892416500000003, 2.326417000000003]",-0.045255391218279595,"[-4.633281223571362, 5.154297731228052]",12,3,36,10000
gpu,ptsans,2,font_variations,weight_return,6,0,submit_us,updated45,final,103.3715835,105.649417,106.90266650000001,102.2568335,-3.8019165000000044,"[-6.718833499999995, 5.4375]",-3.4378549929849345,"[-7.1461844942794945, 5.849272043942522]",12,3,36,10000
gpu,ptsans,2,font_variations,weight_return,6,0,complete_us,updated45,final,326.0625,295.4583335,323.87850000000003,293.63883350000003,-17.608000000000004,"[-33.284749999999974, 21.847417000000007]",-5.040651808517016,"[-10.859500459352596, 7.050131190146236]",12,3,36,10000
gpu,ptsans,2,grid_pollution,hot_first,1,94,draw_us,master,prior,825.6255,771.521,823.062,778.0,-52.4375,"[-67.04150000000004, -11.02049999999997]",-6.362431925918405,"[-8.94465601131828, -0.9824014286440252]",12,3,36,10000
gpu,ptsans,2,grid_pollution,hot_first,1,94,submit_us,master,prior,2260.2290000000003,2217.7915000000003,2273.6045,2195.1459999999997,-61.312000000000126,"[-149.1875, 0.4580000000000837]",-2.8183218371089556,"[-6.455586387236428, -0.05219280673036675]",12,3,36,10000
gpu,ptsans,2,grid_pollution,hot_first,1,94,complete_us,master,prior,3293.8959999999997,3184.5415000000003,3353.2709999999997,3159.4584999999997,30.583499999999958,"[-186.25, 266.7700000000002]",1.0438409168056217,"[-5.882308198240149, 6.598255780040862]",12,3,36,10000
gpu,ptsans,2,grid_pollution,hot_first,1,94,draw_us,master,updated45,825.6255,773.1044999999999,823.062,760.9585,-44.43700000000001,"[-67.49950000000001, -26.103999999999985]",-5.708618941883636,"[-8.207079998341355, -3.317799528187443]",12,3,36,10000
gpu,ptsans,2,grid_pollution,hot_first,1,94,submit_us,master,updated45,2260.2290000000003,2211.5,2273.6045,2180.583,-60.04150000000004,"[-162.8549999999998, -45.541999999999916]",-2.867899267067797,"[-7.081843582013042, -1.9805807547855492]",12,3,36,10000
gpu,ptsans,2,grid_pollution,hot_first,1,94,complete_us,master,updated45,3293.8959999999997,3168.938,3353.2709999999997,3138.0415000000003,-9.645999999999958,"[-401.20849999999996, 145.9575000000002]",-0.30392490945920225,"[-11.919027382028135, 4.727339089812133]",12,3,36,10000
gpu,ptsans,2,grid_pollution,hot_first,1,94,draw_us,master,final,825.6255,766.521,823.062,758.7295,-53.18700000000001,"[-76.60399999999998, -16.979499999999973]",-6.269845227378273,"[-8.740957455182924, -1.7109794719365412]",12,3,36,10000
gpu,ptsans,2,grid_pollution,hot_first,1,94,submit_us,master,final,2260.2290000000003,2222.667,2273.6045,2254.6665000000003,-55.16749999999979,"[-105.33349999999996, 28.854000000000042]",-2.3762112996863873,"[-3.7050153700775468, 1.227578752231695]",12,3,36,10000
gpu,ptsans,2,grid_pollution,hot_first,1,94,complete_us,master,final,3293.8959999999997,3043.0415000000003,3353.2709999999997,2980.9375,-250.12599999999975,"[-533.1875000000002, 9.645999999999958]",-6.8457145390262095,"[-12.454409741593881, 0.24597129593237899]",12,3,36,10000
gpu,ptsans,2,grid_pollution,hot_first,1,94,draw_us,prior,updated45,771.521,773.1044999999999,778.0,760.9585,21.416500000000042,"[-37.103999999999985, 40.97950000000003]",2.871374988671893,"[-4.599276186887058, 5.699219046070336]",12,3,36,10000
gpu,ptsans,2,grid_pollution,hot_first,1,94,submit_us,prior,updated45,2217.7915000000003,2211.5,2195.1459999999997,2180.583,24.43650000000025,"[-118.18799999999987, 116.02099999999996]",1.12999210616348,"[-5.2411661285736875, 5.395969247845689]",12,3,36,10000
gpu,ptsans,2,grid_pollution,hot_first,1,94,complete_us,prior,updated45,3184.5415000000003,3168.938,3159.4584999999997,3138.0415000000003,-42.3125,"[-177.625, 90.5625]",-1.3527956216717207,"[-5.178922048389689, 3.1651171212250695]",12,3,36,10000
gpu,ptsans,2,grid_pollution,hot_first,1,94,draw_us,prior,final,771.521,766.521,778.0,758.7295,7.791500000000042,"[-57.625, 45.25000000000006]",1.122498148442863,"[-4.384229418318641, 5.80573730917876]",12,3,36,10000
gpu,ptsans,2,grid_pollution,hot_first,1,94,submit_us,prior,final,2217.7915000000003,2222.667,2195.1459999999997,2254.6665000000003,71.0625,"[-90.77099999999996, 180.52099999999996]",3.5354850790348946,"[-4.273755103550031, 6.326381617942067]",12,3,36,10000
gpu,ptsans,2,grid_pollution,hot_first,1,94,complete_us,prior,final,3184.5415000000003,3043.0415000000003,3159.4584999999997,2980.9375,-189.5825000000002,"[-538.8955000000001, 178.95800000000008]",-5.592863054332714,"[-13.796263538505631, 5.783255142251442]",12,3,36,10000
gpu,ptsans,2,grid_pollution,hot_first,1,94,draw_us,updated45,final,773.1044999999999,766.521,760.9585,758.7295,9.708000000000027,"[-31.833000000000027, 24.458000000000027]",1.2673630505459332,"[-4.396842975582616, 3.1364727742795084]",12,3,36,10000
gpu,ptsans,2,grid_pollution,hot_first,1,94,submit_us,updated45,final,2211.5,2222.667,2180.583,2254.6665000000003,43.64649999999983,"[-38.541999999999916, 94.29150000000004]",2.070362827938488,"[-1.9647085942259002, 4.2418221719692895]",12,3,36,10000
gpu,ptsans,2,grid_pollution,hot_first,1,94,complete_us,updated45,final,3168.938,3043.0415000000003,3138.0415000000003,2980.9375,-131.47900000000004,"[-310.60400000000004, 277.25]",-4.371687305540095,"[-10.209891351695521, 8.980203326426007]",12,3,36,10000
gpu,ptsans,2,grid_pollution,hot_return,1,94,draw_us,master,prior,724.75,716.2705000000001,723.521,707.604,-6.062999999999988,"[-22.541499999999985, 5.229499999999973]",-0.8706567302764368,"[-2.696947428598512, 0.7793653242138321]",12,3,36,10000
gpu,ptsans,2,grid_pollution,hot_return,1,94,submit_us,master,prior,778.9169999999999,766.958,773.75,758.146,-8.396000000000015,"[-25.916999999999973, 16.145999999999958]",-1.1423866841578645,"[-2.620451069665475, 2.1872618395053944]",12,3,36,10000
gpu,ptsans,2,grid_pollution,hot_return,1,94,complete_us,master,prior,1319.333,1326.0005,1252.437,1269.896,-26.436500000000024,"[-97.93700000000001, 231.77049999999997]",-1.1898072908435975,"[-6.641656329421307, 16.75825617580241]",12,3,36,10000
gpu,ptsans,2,grid_pollution,hot_return,1,94,draw_us,master,updated45,724.75,732.6669999999999,723.521,718.7505,-1.1870000000000687,"[-34.95750000000004, 18.479000000000042]",-0.18584301916777513,"[-4.66628130924066, 2.668746512110287]",12,3,36,10000
gpu,ptsans,2,grid_pollution,hot_return,1,94,submit_us,master,updated45,778.9169999999999,790.5415,773.75,776.354,2.458499999999958,"[-36.72949999999997, 40.64550000000003]",0.35116233913276007,"[-4.703602610029045, 5.181168201528285]",12,3,36,10000
gpu,ptsans,2,grid_pollution,hot_return,1,94,complete_us,master,updated45,1319.333,1309.8335000000002,1252.437,1292.292,-22.333000000000084,"[-70.87450000000001, 169.188]",-1.8149621031701368,"[-5.68344109404944, 14.679904463436655]",12,3,36,10000
gpu,ptsans,2,grid_pollution,hot_return,1,94,draw_us,master,final,724.75,714.2915,723.521,716.9585,-3.854499999999973,"[-68.12500000000006, 14.916000000000054]",-0.5305725920304871,"[-4.6295316026272015, 2.2934764758635318]",12,3,36,10000
gpu,ptsans,2,grid_pollution,hot_return,1,94,submit_us,master,final,778.9169999999999,768.4794999999999,773.75,771.7294999999999,-2.583000000000027,"[-72.75049999999999, 31.583000000000027]",-0.37226022342305987,"[-4.8332260397808415, 4.195691636973664]",12,3,36,10000
gpu,ptsans,2,grid_pollution,hot_return,1,94,complete_us,master,final,1319.333,1492.1039999999998,1252.437,1507.7289999999998,141.04199999999992,"[-20.062000000000012, 379.6874999999999]",8.686340425739925,"[-1.7330317783501525, 28.341665039131428]",12,3,36,10000
gpu,ptsans,2,grid_pollution,hot_return,1,94,draw_us,prior,updated45,716.2705000000001,732.6669999999999,707.604,718.7505,12.70900000000006,"[-21.604000000000042, 37.85450000000003]",1.6464621149316017,"[-3.1309394866030074, 5.212202475767147]",12,3,36,10000
gpu,ptsans,2,grid_pollution,hot_return,1,94,submit_us,prior,updated45,766.958,790.5415,758.146,776.354,19.95799999999997,"[-18.603999999999928, 49.33349999999996]",2.8445835472260983,"[-2.501447614154695, 6.344724899447563]",12,3,36,10000
gpu,ptsans,2,grid_pollution,hot_return,1,94,complete_us,prior,updated45,1326.0005,1309.8335000000002,1269.896,1292.292,0.56149999999991,"[-73.83349999999996, 113.52049999999997]",0.06679526159051874,"[-5.86533405858834, 8.433294366318]",12,3,36,10000
gpu,ptsans,2,grid_pollution,hot_return,1,94,draw_us,prior,final,716.2705000000001,714.2915,707.604,716.9585,2.47950000000003,"[-34.645500000000084, 19.833500000000015]",0.3815748479662373,"[-2.8358052761007446, 2.864509173847518]",12,3,36,10000
gpu,ptsans,2,grid_pollution,hot_return,1,94,submit_us,prior,final,766.958,768.4794999999999,758.146,771.7294999999999,16.021000000000015,"[-41.874999999999886, 30.6875]",2.1797769288873114,"[-2.7679001496627995, 4.141534166103145]",12,3,36,10000
gpu,ptsans,2,grid_pollution,hot_return,1,94,complete_us,prior,final,1326.0005,1492.1039999999998,1269.896,1507.7289999999998,141.47899999999993,"[-123.79250000000002, 285.9789999999999]",8.307941002587016,"[-8.274826638513789, 22.474072329338092]",12,3,36,10000
gpu,ptsans,2,grid_pollution,hot_return,1,94,draw_us,updated45,final,732.6669999999999,714.2915,718.7505,716.9585,-15.916499999999985,"[-44.10450000000003, 41.06200000000001]",-2.399489837879681,"[-5.766813427399786, 6.287343012414926]",12,3,36,10000
gpu,ptsans,2,grid_pollution,hot_return,1,94,submit_us,updated45,final,790.5415,768.4794999999999,776.354,771.7294999999999,-16.728999999999985,"[-51.0625, 57.12450000000001]",-2.3443303039007324,"[-6.151880487017452, 8.161875868264046]",12,3,36,10000
gpu,ptsans,2,grid_pollution,hot_return,1,94,complete_us,updated45,final,1309.8335000000002,1492.1039999999998,1292.292,1507.7289999999998,116.93799999999999,"[-158.95849999999996, 451.7289999999999]",9.841953764441557,"[-11.919898231496273, 35.049480756382856]",12,3,36,10000
gpu,ptsans,2,grid_pollution,hot_second,1,94,draw_us,master,prior,715.4585,433.89599999999996,720.2085,422.9795,-268.70799999999997,"[-312.7085000000001, -243.47950000000003]",-38.56974181642552,"[-43.84803559119479, -33.2634574989262]",12,3,36,10000
gpu,ptsans,2,grid_pollution,hot_second,1,94,submit_us,master,prior,759.666,472.688,761.5625,458.8545,-270.20700000000005,"[-317.77149999999995, -226.54150000000004]",-36.6415237225662,"[-42.32468239095326, -30.032514298730334]",12,3,36,10000
gpu,ptsans,2,grid_pollution,hot_second,1,94,complete_us,master,prior,1466.9164999999998,954.9165,1499.4165,923.7705000000001,-301.18699999999995,"[-858.25, -144.8125]",-22.99752464788614,"[-41.091848894817815, -9.449342244208548]",12,3,36,10000
gpu,ptsans,2,grid_pollution,hot_second,1,94,draw_us,master,updated45,715.4585,439.16650000000004,720.2085,439.3955,-273.85400000000004,"[-295.35450000000003, -260.39549999999997]",-39.80402762451847,"[-40.85812951941007, -38.02443247578907]",12,3,36,10000
gpu,ptsans,2,grid_pollution,hot_second,1,94,submit_us,master,updated45,759.666,480.75,761.5625,482.33299999999997,-274.687,"[-296.4375, -265.22850000000005]",-38.110984739134906,"[-39.30427174780589, -35.84258441304978]",12,3,36,10000
gpu,ptsans,2,grid_pollution,hot_second,1,94,complete_us,master,updated45,1466.9164999999998,1051.0625,1499.4165,957.3955000000001,-368.1245,"[-854.833, -149.27049999999997]",-29.829530809677212,"[-48.19051311351861, -12.16082640321079]",12,3,36,10000
gpu,ptsans,2,grid_pollution,hot_second,1,94,draw_us,master,final,715.4585,443.0625,720.2085,442.0415,-273.95849999999996,"[-292.1875, -259.062]",-38.3762899752501,"[-40.63062804282646, -35.60414379440961]",12,3,36,10000
gpu,ptsans,2,grid_pollution,hot_second,1,94,submit_us,master,final,759.666,485.45799999999997,761.5625,484.5625,-276.83299999999997,"[-290.41650000000004, -258.708]",-36.34990005141805,"[-38.586285266610005, -33.05213531334289]",12,3,36,10000
gpu,ptsans,2,grid_pollution,hot_second,1,94,complete_us,master,final,1466.9164999999998,953.4169999999999,1499.4165,911.0205,-422.9995,"[-814.167, -239.35450000000003]",-31.22863891982433,"[-43.96956312740612, -17.449489435168033]",12,3,36,10000
gpu,ptsans,2,grid_pollution,hot_second,1,94,draw_us,prior,updated45,433.89599999999996,439.16650000000004,422.9795,439.3955,1.0,"[-31.9375, 31.75000000000003]",0.2403622823808904,"[-6.786348194957514, 8.040432606059467]",12,3,36,10000
gpu,ptsans,2,grid_pollution,hot_second,1,94,submit_us,prior,updated45,472.688,480.75,458.8545,482.33299999999997,1.083500000000015,"[-39.08349999999996, 42.0625]",0.1362018378771146,"[-7.560271354898585, 9.613216203626461]",12,3,36,10000
gpu,ptsans,2,grid_pollution,hot_second,1,94,complete_us,prior,updated45,954.9165,1051.0625,923.7705000000001,957.3955000000001,-9.02049999999997,"[-133.70799999999997, 44.95849999999996]",-0.6369294215712196,"[-9.669512635515808, 5.368054325919136]",12,3,36,10000
gpu,ptsans,2,grid_pollution,hot_second,1,94,draw_us,prior,final,433.89599999999996,443.0625,422.9795,442.0415,4.12450000000004,"[-14.750000000000057, 24.416500000000013]",1.0008895233768356,"[-2.8535157309814596, 6.5874512915344745]",12,3,36,10000
gpu,ptsans,2,grid_pollution,hot_second,1,94,submit_us,prior,final,472.688,485.45799999999997,458.8545,484.5625,4.957999999999998,"[-41.31299999999999, 34.35449999999997]",1.1347127603164475,"[-3.7980144455424085, 7.794353360487483]",12,3,36,10000
gpu,ptsans,2,grid_pollution,hot_second,1,94,complete_us,prior,final,954.9165,953.4169999999999,923.7705000000001,911.0205,0.020499999999969987,"[-306.2495000000001, 64.33249999999992]",0.05609059981170894,"[-15.155073840835335, 6.301567698243793]",12,3,36,10000
gpu,ptsans,2,grid_pollution,hot_second,1,94,draw_us,updated45,final,439.16650000000004,443.0625,439.3955,442.0415,-2.541999999999973,"[-11.5625, 33.02099999999999]",-0.5668954992906594,"[-2.7050110606211044, 7.851280490278823]",12,3,36,10000
gpu,ptsans,2,grid_pollution,hot_second,1,94,submit_us,updated45,final,480.75,485.45799999999997,482.33299999999997,484.5625,-2.7290000000000134,"[-11.917000000000002, 44.708999999999975]",-0.5171689443490446,"[-2.746054831163719, 9.646102554603209]",12,3,36,10000
gpu,ptsans,2,grid_pollution,hot_second,1,94,complete_us,updated45,final,1051.0625,953.4169999999999,957.3955000000001,911.0205,15.64549999999997,"[-215.33300000000003, 254.47899999999998]",1.7921465143703852,"[-17.49970177583219, 22.762104732099086]",12,3,36,10000
gpu,ptsans,2,grid_pollution,pollution,64,6016,draw_us,master,prior,745.62925,735.404672,751.1086645,737.5016795,-12.063812999999982,"[-30.940375000000017, 49.200499500000035]",-1.6257281534273305,"[-4.022127012572691, 5.257413961614976]",12,3,36,10000
gpu,ptsans,2,grid_pollution,pollution,64,6016,submit_us,master,prior,788.336219,778.7865155,794.7877344999999,780.4186485,-12.18619549999994,"[-32.20474249999995, 59.05726550000003]",-1.5504894742423059,"[-3.955384909226034, 5.772820810330714]",12,3,36,10000
gpu,ptsans,2,grid_pollution,pollution,64,6016,complete_us,master,prior,1372.1946954999999,1371.1288515,1364.6897815,1353.49507,-2.3845005000000583,"[-122.26821099999995, 261.04489850000004]",-0.22190334802064116,"[-8.115808330134627, 17.47550007995835]",12,3,36,10000
gpu,ptsans,2,grid_pollution,pollution,64,6016,draw_us,master,updated45,745.62925,725.712844,751.1086645,726.8450315,-14.349304500000017,"[-35.41985949999997, 22.745765499999948]",-1.9132913886559855,"[-4.728056060961711, 2.9470890598848554]",12,3,36,10000
gpu,ptsans,2,grid_pollution,pollution,64,6016,submit_us,master,updated45,788.336219,766.9143905,794.7877344999999,771.360953,-15.218437499999993,"[-37.30857850000001, 34.14326550000004]",-2.014534085040226,"[-4.710943190014932, 4.197380637687143]",12,3,36,10000
gpu,ptsans,2,grid_pollution,pollution,64,6016,complete_us,master,updated45,1372.1946954999999,1374.21293,1364.6897815,1348.541391,-28.408000000000015,"[-162.811781, 227.86489100000006]",-2.175148144236233,"[-11.052552081556634, 15.460829980070091]",12,3,36,10000
gpu,ptsans,2,grid_pollution,pollution,64,6016,draw_us,master,final,745.62925,744.4700625,751.1086645,739.096055,-15.073906000000022,"[-26.691710999999998, 10.505499499999985]",-2.223539267220964,"[-3.4888016485720543, 1.3359754913506272]",12,3,36,10000
gpu,ptsans,2,grid_pollution,pollution,64,6016,submit_us,master,final,788.336219,787.722,794.7877344999999,779.3309919999999,-15.068016,"[-31.491891000000066, 22.670593500000052]",-2.108451773390141,"[-3.9317829273357363, 2.349062803457802]",12,3,36,10000
gpu,ptsans,2,grid_pollution,pollution,64,6016,complete_us,master,final,1372.1946954999999,1362.5015859999999,1364.6897815,1346.3859455000002,-57.0865,"[-140.12846849999994, 19.689359500000023]",-4.327589223237332,"[-9.50366328218663, 1.4696875894272265]",12,3,36,10000
gpu,ptsans,2,grid_pollution,pollution,64,6016,draw_us,prior,updated45,735.404672,725.712844,737.5016795,726.8450315,3.2109135000000038,"[-8.648757500000045, 34.5049295]",0.488761351250655,"[-1.194045834735763, 4.386176638492911]",12,3,36,10000
gpu,ptsans,2,grid_pollution,pollution,64,6016,submit_us,prior,updated45,778.7865155,766.9143905,780.4186485,771.360953,4.352515499999981,"[-7.431055000000015, 47.19331250000005]",0.6247446040857252,"[-0.9906466827311444, 5.64134199742794]",12,3,36,10000
gpu,ptsans,2,grid_pollution,pollution,64,6016,complete_us,prior,updated45,1371.1288515,1374.21293,1353.49507,1348.541391,-53.02539049999996,"[-102.73546099999999, 0.45809399999996003]",-3.5003547459917517,"[-6.215161948399217, 0.10526496317159739]",12,3,36,10000
gpu,ptsans,2,grid_pollution,pollution,64,6016,draw_us,prior,final,735.404672,744.4700625,737.5016795,739.096055,-2.0957109999999375,"[-13.414671499999997, 19.725577999999985]",0.025012368125409967,"[-1.9068898720313698, 2.6739572063521067]",12,3,36,10000
gpu,ptsans,2,grid_pollution,pollution,64,6016,submit_us,prior,final,778.7865155,787.722,780.4186485,779.3309919999999,-3.7806410000000596,"[-19.92933650000009, 25.01328899999993]",-0.3124656922181335,"[-2.098575492239058, 3.204082763816418]",12,3,36,10000
gpu,ptsans,2,grid_pollution,pollution,64,6016,complete_us,prior,final,1371.1288515,1362.5015859999999,1353.49507,1346.3859455000002,-2.8290470000000596,"[-198.81644549999987, 11.942687500000034]",-0.22999115394851666,"[-11.599676856202956, 0.899447040456447]",12,3,36,10000
gpu,ptsans,2,grid_pollution,pollution,64,6016,draw_us,updated45,final,725.712844,744.4700625,726.8450315,739.096055,-3.743406499999992,"[-24.043319999999994, 7.013663500000007]",-0.5643238737841783,"[-3.1429582760440056, 0.9890128427130995]",12,3,36,10000
gpu,ptsans,2,grid_pollution,pollution,64,6016,submit_us,updated45,final,766.9143905,787.722,771.360953,779.3309919999999,-6.356476500000042,"[-25.134796999999992, 8.058875]",-0.8472270017951977,"[-3.0832397404162935, 1.087390086096185]",12,3,36,10000
gpu,ptsans,2,grid_pollution,pollution,64,6016,complete_us,updated45,final,1374.21293,1362.5015859999999,1348.541391,1346.3859455000002,19.01646100000005,"[-74.64614899999992, 189.53911700000003]",1.475258731398199,"[-5.6541515434707375, 11.65416675559997]",12,3,36,10000
gpu,ptsans,2,grid_singleton,once,1,94,draw_us,master,prior,848.4580000000001,792.75,858.0205000000001,777.2085,-41.91699999999997,"[-94.3334999999999, -23.771000000000015]",-4.922562570273847,"[-7.912089328738558, -2.823238415046619]",12,3,36,10000
gpu,ptsans,2,grid_singleton,once,1,94,submit_us,master,prior,2338.5205,2285.3959999999997,2330.416,2258.4375,-46.85400000000004,"[-95.60400000000004, 77.12599999999975]",-2.267886618287429,"[-4.267776590133493, 3.3259138996819537]",12,3,36,10000
gpu,ptsans,2,grid_singleton,once,1,94,complete_us,master,prior,3497.3125,3171.3334999999997,3484.2709999999997,3142.75,-51.375,"[-390.25, 296.6875]",-1.71112447617362,"[-11.283642290853846, 8.848452366192461]",12,3,36,10000
gpu,ptsans,2,grid_singleton,once,1,94,draw_us,master,updated45,848.4580000000001,798.2705000000001,858.0205000000001,792.9995,-59.271000000000015,"[-94.08350000000002, -18.459000000000003]",-7.341609195782711,"[-10.684445840730351, -2.2376917931693496]",12,3,36,10000
gpu,ptsans,2,grid_singleton,once,1,94,submit_us,master,updated45,2338.5205,2300.0205,2330.416,2319.437,-23.624500000000126,"[-171.72900000000004, 74.58349999999996]",-0.9660654397772306,"[-7.292281317168964, 3.2686834820140342]",12,3,36,10000
gpu,ptsans,2,grid_singleton,once,1,94,complete_us,master,updated45,3497.3125,3519.792,3484.2709999999997,3501.7705,103.22999999999979,"[-283.9794999999999, 160.0625]",3.107217047565014,"[-7.597936651792109, 5.119906829714671]",12,3,36,10000
gpu,ptsans,2,grid_singleton,once,1,94,draw_us,master,final,848.4580000000001,790.9995,858.0205000000001,802.6875,-37.85500000000002,"[-106.93700000000001, -5.999500000000012]",-4.669680569125978,"[-7.462050714112184, -0.9108325108427184]",12,3,36,10000
gpu,ptsans,2,grid_singleton,once,1,94,submit_us,master,final,2338.5205,2288.8125,2330.416,2329.708,13.8125,"[-15.229499999999916, 27.020999999999958]",0.6141422275078967,"[-0.6345049769723776, 1.2401401179401916]",12,3,36,10000
gpu,ptsans,2,grid_singleton,once,1,94,complete_us,master,final,3497.3125,3265.375,3484.2709999999997,3289.0205,16.270500000000084,"[-256.4794999999999, 184.85400000000004]",0.4414109378972575,"[-7.388247724509589, 5.447754740887046]",12,3,36,10000
gpu,ptsans,2,grid_singleton,once,1,94,draw_us,prior,updated45,792.75,798.2705000000001,777.2085,792.9995,0.20799999999997,"[-39.458500000000015, 66.291]",0.021784560764642746,"[-4.722384604410884, 9.275433714813142]",12,3,36,10000
gpu,ptsans,2,grid_singleton,once,1,94,submit_us,prior,updated45,2285.3959999999997,2300.0205,2258.4375,2319.437,22.166500000000042,"[-73.85449999999992, 182.72900000000004]",1.0900024129002261,"[-3.285779816909534, 7.7943313692442455]",12,3,36,10000
gpu,ptsans,2,grid_singleton,once,1,94,complete_us,prior,updated45,3171.3334999999997,3519.792,3142.75,3501.7705,160.37549999999987,"[-68.72900000000004, 340.6044999999999]",5.442839574691482,"[-1.926939260967847, 11.072814484401627]",12,3,36,10000
gpu,ptsans,2,grid_singleton,once,1,94,draw_us,prior,final,792.75,790.9995,777.2085,802.6875,-0.688000000000045,"[-38.187000000000126, 46.43749999999994]",-0.13577346396214107,"[-2.25238804195787, 6.146843061813634]",12,3,36,10000
gpu,ptsans,2,grid_singleton,once,1,94,submit_us,prior,final,2285.3959999999997,2288.8125,2258.4375,2329.708,72.47949999999992,"[-49.833000000000084, 89.29100000000017]",3.4850550283884396,"[-0.849703975970173, 3.986570592321348]",12,3,36,10000
gpu,ptsans,2,grid_singleton,once,1,94,complete_us,prior,final,3171.3334999999997,3265.375,3142.75,3289.0205,53.708000000000084,"[-20.729000000000042, 187.60400000000004]",1.738016358585437,"[-0.5650458772079703, 4.296508874006388]",12,3,36,10000
gpu,ptsans,2,grid_singleton,once,1,94,draw_us,updated45,final,798.2705000000001,790.9995,792.9995,802.6875,30.396500000000003,"[-53.77050000000003, 50.8965]",4.109371734276513,"[-6.876440075096479, 6.7264756038494795]",12,3,36,10000
gpu,ptsans,2,grid_singleton,once,1,94,submit_us,updated45,final,2300.0205,2288.8125,2319.437,2329.708,44.75,"[-94.47900000000004, 115.33349999999996]",1.909416766663119,"[-4.044579706915419, 5.251527147120405]",12,3,36,10000
gpu,ptsans,2,grid_singleton,once,1,94,complete_us,updated45,final,3519.792,3265.375,3501.7705,3289.0205,-152.43799999999987,"[-340.8539999999998, 168.29150000000004]",-4.557341758941336,"[-9.178747592636537, 5.421936755040768]",12,3,36,10000
gpu,ptsans,2,grid_two_phases,first,1,94,draw_us,master,prior,832.854,765.8544999999999,834.6665,765.8544999999999,-68.31200000000001,"[-101.75050000000005, -8.874499999999955]",-8.25270185948483,"[-9.66945254227985, -1.0654479774724779]",12,3,36,10000
gpu,ptsans,2,grid_two_phases,first,1,94,submit_us,master,prior,2197.9795,2149.3959999999997,2216.75,2165.5834999999997,-34.333000000000084,"[-168.70800000000008, 61.33349999999996]",-1.709010968982333,"[-6.80505063157007, 2.692180832726343]",12,3,36,10000
gpu,ptsans,2,grid_two_phases,first,1,94,complete_us,master,prior,3402.7705,3213.813,3411.0209999999997,3130.0834999999997,-65.95800000000008,"[-573.1879999999999, 190.06200000000013]",-2.234109657626698,"[-14.44093043970306, 6.114326053716468]",12,3,36,10000
gpu,ptsans,2,grid_two_phases,first,1,94,draw_us,master,updated45,832.854,769.0415,834.6665,762.208,-65.97950000000003,"[-93.08349999999996, -37.9375]",-7.861910612918926,"[-11.547955733825642, -5.012391736418575]",12,3,36,10000
gpu,ptsans,2,grid_two_phases,first,1,94,submit_us,master,updated45,2197.9795,2199.7709999999997,2216.75,2219.1245,-38.16650000000004,"[-127.43750000000011, 20.062499999999886]",-1.5951625274520598,"[-5.923892366604106, 1.0017864097932927]",12,3,36,10000
gpu,ptsans,2,grid_two_phases,first,1,94,complete_us,master,updated45,3402.7705,3317.2915000000003,3411.0209999999997,3388.3334999999997,12.958499999999958,"[-192.72949999999992, 281.02099999999996]",0.4515796918661219,"[-5.649064022883193, 9.350923707780456]",12,3,36,10000
gpu,ptsans,2,grid_two_phases,first,1,94,draw_us,master,final,832.854,772.0419999999999,834.6665,779.8965,-64.08300000000003,"[-86.45850000000002, -35.625]",-7.102838402686739,"[-9.082723164032487, -4.639541195498858]",12,3,36,10000
gpu,ptsans,2,grid_two_phases,first,1,94,submit_us,master,final,2197.9795,2142.4584999999997,2216.75,2133.167,-73.77000000000021,"[-188.06200000000013, -0.0004999999999881766]",-2.4714940834087376,"[-6.733953001878717, 0.01758928863160314]",12,3,36,10000
gpu,ptsans,2,grid_two_phases,first,1,94,complete_us,master,final,3402.7705,3172.334,3411.0209999999997,3192.0834999999997,-13.354000000000042,"[-460.5830000000001, 147.02099999999996]",-0.3555715822210481,"[-10.41937606576232, 4.954616612798923]",12,3,36,10000
gpu,ptsans,2,grid_two_phases,first,1,94,draw_us,prior,updated45,765.8544999999999,769.0415,765.8544999999999,762.208,4.333000000000027,"[-32.250500000000045, 19.978999999999985]",0.5884578252971839,"[-3.8643570854542677, 2.586216216018211]",12,3,36,10000
gpu,ptsans,2,grid_two_phases,first,1,94,submit_us,prior,updated45,2149.3959999999997,2199.7709999999997,2165.5834999999997,2219.1245,0.45899999999994634,"[-76.68750000000011, 62.457500000000095]",-0.06163387616912597,"[-3.485910197748182, 3.125473939481316]",12,3,36,10000
gpu,ptsans,2,grid_two_phases,first,1,94,complete_us,prior,updated45,3213.813,3317.2915000000003,3130.0834999999997,3388.3334999999997,78.14649999999983,"[-179.87549999999987, 403.58399999999983]",2.408920221123423,"[-5.267790994780475, 14.620664439480203]",12,3,36,10000
gpu,ptsans,2,grid_two_phases,first,1,94,draw_us,prior,final,765.8544999999999,772.0419999999999,765.8544999999999,779.8965,9.0,"[-7.938000000000045, 26.979000000000042]",1.1841969840936661,"[-0.964671517876714, 2.502182502915473]",12,3,36,10000
gpu,ptsans,2,grid_two_phases,first,1,94,submit_us,prior,final,2149.3959999999997,2142.4584999999997,2165.5834999999997,2133.167,6.916999999999916,"[-114.54149999999993, 124.72999999999979]",0.3470128697622199,"[-5.204058892647328, 6.201826745647821]",12,3,36,10000
gpu,ptsans,2,grid_two_phases,first,1,94,complete_us,prior,final,3213.813,3172.334,3130.0834999999997,3192.0834999999997,93.35400000000004,"[-91.125, 233.04150000000004]",2.890620883049999,"[-2.994840624689754, 6.624652877796566]",12,3,36,10000
gpu,ptsans,2,grid_two_phases,first,1,94,draw_us,updated45,final,769.0415,772.0419999999999,762.208,779.8965,6.271500000000003,"[-13.957500000000039, 27.124500000000012]",0.8078306377968469,"[-1.8895376349804816, 3.6090877585146397]",12,3,36,10000
gpu,ptsans,2,grid_two_phases,first,1,94,submit_us,updated45,final,2199.7709999999997,2142.4584999999997,2219.1245,2133.167,-26.81150000000025,"[-97.02050000000008, 47.6244999999999]",-1.1857280013962967,"[-4.090285737715527, 2.4540892133836367]",12,3,36,10000
gpu,ptsans,2,grid_two_phases,first,1,94,complete_us,updated45,final,3317.2915000000003,3172.334,3388.3334999999997,3192.0834999999997,-118.77050000000008,"[-249.41650000000004, 134.0625]",-3.492341524839876,"[-7.716752181884235, 4.4786123718183575]",12,3,36,10000
gpu,ptsans,2,grid_two_phases,second,1,94,draw_us,master,prior,704.375,433.604,725.0419999999999,424.375,-283.02099999999996,"[-322.97999999999996, -235.8745]",-38.87424331753111,"[-42.7221087392104, -33.04276658100252]",12,3,36,10000
gpu,ptsans,2,grid_two_phases,second,1,94,submit_us,master,prior,748.4375,473.458,767.8125,464.833,-287.396,"[-325.563, -235.95799999999997]",-36.844849330452874,"[-41.19444562460292, -30.570474853233296]",12,3,36,10000
gpu,ptsans,2,grid_two_phases,second,1,94,complete_us,master,prior,1713.896,1360.3125,1710.7914999999998,1031.5625,-281.2495,"[-728.9374999999999, -193.89649999999983]",-22.703352903247144,"[-42.2172306528559, -8.172042087830118]",12,3,36,10000
gpu,ptsans,2,grid_two_phases,second,1,94,draw_us,master,updated45,704.375,448.02049999999997,725.0419999999999,447.14599999999996,-263.54200000000003,"[-311.0205, -238.29199999999997]",-38.81724208564878,"[-42.09057575212029, -34.31742694185262]",12,3,36,10000
gpu,ptsans,2,grid_two_phases,second,1,94,submit_us,master,updated45,748.4375,495.333,767.8125,496.97900000000004,-256.39549999999997,"[-317.89599999999996, -230.79199999999994]",-36.69604996158161,"[-40.432171378790244, -30.151718488681695]",12,3,36,10000
gpu,ptsans,2,grid_two_phases,second,1,94,complete_us,master,updated45,1713.896,1466.8545,1710.7914999999998,1461.6665,-246.47949999999997,"[-577.6244999999999, 186.29150000000004]",-17.599151308661586,"[-32.79683606391691, 16.156235028496482]",12,3,36,10000
gpu,ptsans,2,grid_two_phases,second,1,94,draw_us,master,final,704.375,438.7295,725.0419999999999,443.70849999999996,-299.83349999999996,"[-310.14549999999997, -251.4585]",-39.90400037831392,"[-42.1351733681186, -38.387454547580745]",12,3,36,10000
gpu,ptsans,2,grid_two_phases,second,1,94,submit_us,master,final,748.4375,483.60400000000004,767.8125,491.5415,-298.85450000000003,"[-315.29200000000003, -253.6875]",-37.391128804439646,"[-39.51697982159355, -36.126777277813815]",12,3,36,10000
gpu,ptsans,2,grid_two_phases,second,1,94,complete_us,master,final,1713.896,1475.125,1710.7914999999998,1210.1665,-277.77099999999984,"[-800.4585, -142.95850000000002]",-16.731291264959083,"[-46.77525672669718, -8.752323213872053]",12,3,36,10000
gpu,ptsans,2,grid_two_phases,second,1,94,draw_us,prior,updated45,433.604,448.02049999999997,424.375,447.14599999999996,4.167000000000002,"[-29.75, 34.666499999999985]",1.0518460765960191,"[-6.205626695373606, 8.398306183797077]",12,3,36,10000
gpu,ptsans,2,grid_two_phases,second,1,94,submit_us,prior,updated45,473.458,495.333,464.833,496.97900000000004,4.083499999999987,"[-31.583999999999975, 47.77050000000003]",0.9546548828652246,"[-5.89365315408591, 10.641236314308422]",12,3,36,10000
gpu,ptsans,2,grid_two_phases,second,1,94,complete_us,prior,updated45,1360.3125,1466.8545,1031.5625,1461.6665,122.74999999999994,"[14.52049999999997, 553.75]",14.722985090741114,"[0.9949349980853783, 49.52883567590752]",12,3,36,10000
gpu,ptsans,2,grid_two_phases,second,1,94,draw_us,prior,final,433.604,438.7295,424.375,443.70849999999996,4.292000000000002,"[-43.27099999999999, 19.18799999999996]",1.0241924089681498,"[-8.24669367650287, 4.668496309324577]",12,3,36,10000
gpu,ptsans,2,grid_two_phases,second,1,94,submit_us,prior,final,473.458,483.60400000000004,464.833,491.5415,12.06200000000004,"[-57.833500000000015, 26.708499999999958]",2.7116831056428925,"[-9.87216432899048, 5.763491837273504]",12,3,36,10000
gpu,ptsans,2,grid_two_phases,second,1,94,complete_us,prior,final,1360.3125,1475.125,1031.5625,1210.1665,44.97950000000003,"[-123.31249999999994, 93.02049999999997]",4.20373574869457,"[-7.305971126815103, 10.940374739891833]",12,3,36,10000
gpu,ptsans,2,grid_two_phases,second,1,94,draw_us,updated45,final,448.02049999999997,438.7295,447.14599999999996,443.70849999999996,2.353999999999985,"[-38.62499999999997, 23.792]",0.5955022730187332,"[-8.314120814968145, 5.31754244773488]",12,3,36,10000
gpu,ptsans,2,grid_two_phases,second,1,94,submit_us,updated45,final,495.333,483.60400000000004,496.97900000000004,491.5415,6.645500000000027,"[-63.541000000000054, 34.541999999999945]",1.5236784296201455,"[-12.01818917410439, 6.950374815589299]",12,3,36,10000
gpu,ptsans,2,grid_two_phases,second,1,94,complete_us,updated45,final,1466.8545,1475.125,1461.6665,1210.1665,-25.166499999999985,"[-514.667, 99.56250000000011]",-1.7874423013723884,"[-30.28643565115859, 7.057777544063604]",12,3,36,10000
gpu,ptsans,2,grid_unique_sizes,sweep,32,3008,draw_us,master,prior,718.21875,715.6060935,723.7520155,711.8783125,-13.996735000000001,"[-32.29165599999999, 23.68295399999994]",-1.9540388148174548,"[-3.398948316338124, 3.4802661873859386]",12,3,36,10000
gpu,ptsans,2,grid_unique_sizes,sweep,32,3008,submit_us,master,prior,801.9479065,795.1907034999999,803.3418595,790.8639685,-9.046140999999977,"[-37.41798499999999, 27.762452499999995]",-1.1631600974224332,"[-3.182872219504179, 3.675831090819204]",12,3,36,10000
gpu,ptsans,2,grid_unique_sizes,sweep,32,3008,complete_us,master,prior,1664.4035935000002,1491.2669689999998,1569.3379375,1460.649172,-41.87100050000004,"[-155.7525935, 283.2882495]",-2.940987936984679,"[-10.28846855613541, 16.412623179817686]",12,3,36,10000
gpu,ptsans,2,grid_unique_sizes,sweep,32,3008,draw_us,master,updated45,718.21875,711.383453,723.7520155,706.5325785,-13.664703000000031,"[-30.796265500000004, 7.613250499999992]",-1.9561846991464404,"[-4.269065478395179, 1.0215324171122586]",12,3,36,10000
gpu,ptsans,2,grid_unique_sizes,sweep,32,3008,submit_us,master,updated45,801.9479065,799.4362189999999,803.3418595,794.1901565000001,-10.593203500000016,"[-32.5299225, 23.658359500000017]",-1.3125023868526764,"[-4.188494094716294, 2.8424678591001395]",12,3,36,10000
gpu,ptsans,2,grid_unique_sizes,sweep,32,3008,complete_us,master,updated45,1664.4035935000002,1527.948578,1569.3379375,1634.9584065,-62.92503099999999,"[-114.16006199999993, 22.530640500000004]",-4.563857118369402,"[-6.77916752833675, 1.5292704368586318]",12,3,36,10000
gpu,ptsans,2,grid_unique_sizes,sweep,32,3008,draw_us,master,final,718.21875,718.813813,723.7520155,723.7930155,-28.356046500000048,"[-40.732312000000036, -0.5391875000000255]",-3.7556481048758474,"[-4.9518034560240505, -0.16037157809745128]",12,3,36,10000
gpu,ptsans,2,grid_unique_sizes,sweep,32,3008,submit_us,master,final,801.9479065,799.550156,803.3418595,807.216203,-27.324812500000007,"[-35.98173449999996, 5.288969000000009]",-2.4447479139357076,"[-4.262598428279563, 0.6582813168692692]",12,3,36,10000
gpu,ptsans,2,grid_unique_sizes,sweep,32,3008,complete_us,master,final,1664.4035935000002,1496.912828,1569.3379375,1553.1836250000001,2.75728150000009,"[-145.55859399999997, 28.40546849999987]",0.13680543527102573,"[-9.156602218472054, 1.9364676296409034]",12,3,36,10000
gpu,ptsans,2,grid_unique_sizes,sweep,32,3008,draw_us,prior,updated45,715.6060935,711.383453,711.8783125,706.5325785,6.6764535000000365,"[-21.324921999999958, 32.85868750000003]",0.985846936182766,"[-3.1354352483096593, 4.322505784441322]",12,3,36,10000
gpu,ptsans,2,grid_unique_sizes,sweep,32,3008,submit_us,prior,updated45,795.1907034999999,799.4362189999999,790.8639685,794.1901565000001,5.507890499999974,"[-23.66481250000004, 47.83135950000002]",0.7740987503120189,"[-3.1345894819096443, 5.946194839811946]",12,3,36,10000
gpu,ptsans,2,grid_unique_sizes,sweep,32,3008,complete_us,prior,updated45,1491.2669689999998,1527.948578,1460.649172,1634.9584065,-19.242140500000005,"[-107.20493699999997, 56.26098400000001]",-1.4400143611104532,"[-5.516120313941508, 3.507037307086547]",12,3,36,10000
gpu,ptsans,2,grid_unique_sizes,sweep,32,3008,draw_us,prior,final,715.6060935,718.813813,711.8783125,723.7930155,-1.1614999999999895,"[-19.257078000000035, 23.743484500000022]",-0.43633428432137134,"[-2.9032089362401536, 3.350954145910856]",12,3,36,10000
gpu,ptsans,2,grid_unique_sizes,sweep,32,3008,submit_us,prior,final,795.1907034999999,799.550156,790.8639685,807.216203,6.213562499999966,"[-18.342468500000052, 47.44268749999998]",0.36366735303409725,"[-2.4808455064605495, 4.376673025549104]",12,3,36,10000
gpu,ptsans,2,grid_unique_sizes,sweep,32,3008,complete_us,prior,final,1491.2669689999998,1496.912828,1460.649172,1553.1836250000001,6.225297500000124,"[-430.4714375000001, 108.23823400000003]",0.4517094814652678,"[-20.278828086225772, 6.9936387505594055]",12,3,36,10000
gpu,ptsans,2,grid_unique_sizes,sweep,32,3008,draw_us,updated45,final,711.383453,718.813813,706.5325785,723.7930155,-1.2539219999999318,"[-23.736312499999997, 27.178359]",-0.16551560578510482,"[-3.299440020379707, 3.7265533214217994]",12,3,36,10000
gpu,ptsans,2,grid_unique_sizes,sweep,32,3008,submit_us,updated45,final,799.4362189999999,799.550156,794.1901565000001,807.216203,2.8530000000000655,"[-36.50973449999998, 21.93940649999996]",0.3839997812402962,"[-4.420189381619583, 2.6803732487461707]",12,3,36,10000
gpu,ptsans,2,grid_unique_sizes,sweep,32,3008,complete_us,updated45,final,1527.948578,1496.912828,1634.9584065,1553.1836250000001,64.21354650000012,"[-252.96225000000004, 175.76689049999993]",4.686334137635195,"[-14.790890741227543, 10.854115907706396]",12,3,36,10000
gpu,ptsans,2,grid_unique_variations,sweep,32,3008,draw_us,master,prior,590.121703,484.3308125,592.843078,473.6666715,-87.5735005,"[-112.27201599999998, -54.65229700000003]",-16.346621353219824,"[-19.234962613396288, -9.281396619058896]",12,3,36,10000
gpu,ptsans,2,grid_unique_variations,sweep,32,3008,submit_us,master,prior,678.4564375,567.1426405,678.4564375,557.2121715000001,-87.51026599999994,"[-110.61521900000002, -57.47910949999999]",-14.350345703698208,"[-16.653344587687748, -6.041144908161344]",12,3,36,10000
gpu,ptsans,2,grid_unique_variations,sweep,32,3008,complete_us,master,prior,1336.533203,1224.8403905,1493.439422,1270.609203,-52.569609000000014,"[-178.89336000000003, 53.56823399999996]",-2.7675097409145866,"[-11.918514227439347, 4.898414229676817]",12,3,36,10000
gpu,ptsans,2,grid_unique_variations,sweep,32,3008,draw_us,master,updated45,590.121703,492.7682345,592.843078,490.6191875,-96.69403149999997,"[-110.8788595, -76.69646899999998]",-17.00594059747185,"[-19.035863874039606, -13.792410635400532]",12,3,36,10000
gpu,ptsans,2,grid_unique_variations,sweep,32,3008,submit_us,master,updated45,678.4564375,578.513672,678.4564375,578.513672,-90.53253150000006,"[-111.71029649999997, -77.66081250000002]",-14.063080904720604,"[-16.72354181329704, -12.125866848789101]",12,3,36,10000
gpu,ptsans,2,grid_unique_variations,sweep,32,3008,complete_us,master,updated45,1336.533203,1218.966094,1493.439422,1271.6568595,-122.65240650000004,"[-336.1270464999999, -18.324828000000025]",-10.301916280767731,"[-19.14679501786371, -0.9653963386520528]",12,3,36,10000
gpu,ptsans,2,grid_unique_variations,sweep,32,3008,draw_us,master,final,590.121703,497.84117200000003,592.843078,497.235,-94.1758125,"[-123.28254700000005, -82.62174999999999]",-15.59729242130249,"[-19.48190359357431, -12.055494968369857]",12,3,36,10000
gpu,ptsans,2,grid_unique_variations,sweep,32,3008,submit_us,master,final,678.4564375,579.423234,678.4564375,578.1764375,-93.60931200000005,"[-132.559125, -81.75975050000005]",-13.66436113033102,"[-17.140544986222334, -10.030725864300438]",12,3,36,10000
gpu,ptsans,2,grid_unique_variations,sweep,32,3008,complete_us,master,final,1336.533203,1168.1218285,1493.439422,1158.7506250000001,-216.65370300000006,"[-535.0365155, -47.77926600000001]",-16.350691221827553,"[-23.943526231564466, -4.020347714098177]",12,3,36,10000
gpu,ptsans,2,grid_unique_variations,sweep,32,3008,draw_us,prior,updated45,484.3308125,492.7682345,473.6666715,490.6191875,11.20579699999999,"[-2.9375, 21.334719000000007]",2.385600687474798,"[-0.6376452310473513, 4.466007358649904]",12,3,36,10000
gpu,ptsans,2,grid_unique_variations,sweep,32,3008,submit_us,prior,updated45,567.1426405,578.513672,557.2121715000001,578.513672,11.469468499999948,"[-4.679139999999961, 30.184984499999928]",2.1999119058648486,"[-0.8714949629234026, 5.3214066603258665]",12,3,36,10000
gpu,ptsans,2,grid_unique_variations,sweep,32,3008,complete_us,prior,updated45,1224.8403905,1218.966094,1270.609203,1271.6568595,-15.528656499999897,"[-190.66606250000012, 49.1230465000001]",-1.0808223601708522,"[-13.375606719129518, 3.7778733010880416]",12,3,36,10000
gpu,ptsans,2,grid_unique_variations,sweep,32,3008,draw_us,prior,final,484.3308125,497.84117200000003,473.6666715,497.235,5.042906499999987,"[-48.42175000000003, 32.99803149999997]",1.125718252762531,"[-4.937801866525981, 6.937707358289713]",12,3,36,10000
gpu,ptsans,2,grid_unique_variations,sweep,32,3008,submit_us,prior,final,567.1426405,579.423234,557.2121715000001,578.1764375,3.7727034999999773,"[-53.77600000000001, 43.70581249999992]",0.6549595938812047,"[-3.043151047711901, 7.776326183053728]",12,3,36,10000
gpu,ptsans,2,grid_unique_variations,sweep,32,3008,complete_us,prior,final,1224.8403905,1168.1218285,1270.609203,1158.7506250000001,-182.98445349999997,"[-403.4876875000001, -40.197202999999945]",-14.02206796927477,"[-17.931724687830304, -3.5991158512926056]",12,3,36,10000
gpu,ptsans,2,grid_unique_variations,sweep,32,3008,draw_us,updated45,final,492.7682345,497.84117200000003,490.6191875,497.235,5.174421999999964,"[-10.981031000000002, 34.82739049999998]",1.0774666128353871,"[-2.3809064943633276, 6.812581187186451]",12,3,36,10000
gpu,ptsans,2,grid_unique_variations,sweep,32,3008,submit_us,updated45,final,578.513672,579.423234,578.513672,578.1764375,1.9446559999999522,"[-15.007234499999981, 52.80021849999997]",0.35453713621255156,"[-2.725448146254905, 9.219813491170337]",12,3,36,10000
gpu,ptsans,2,grid_unique_variations,sweep,32,3008,complete_us,updated45,final,1218.966094,1168.1218285,1271.6568595,1158.7506250000001,-117.91990599999997,"[-273.148453, 77.48054649999983]",-10.567354477273433,"[-18.343690846758385, 5.45367472692454]",12,3,36,10000
gpu,ptsans,2,text,first_paint,1,1253,draw_us,master,prior,13542.8545,12808.542,13498.7085,12837.187,-894.3959999999997,"[-1383.7915000000003, -620.4385000000002]",-6.516345835300652,"[-10.084298781961865, -4.782828669996736]",12,3,36,10000
gpu,ptsans,2,text,first_paint,1,1253,submit_us,master,prior,20956.6665,20390.4165,20704.583,20390.4165,-740.4379999999983,"[-1371.958999999999, -387.8750000000018]",-3.697048239816481,"[-6.239279220173538, -1.8965552146282982]",12,3,36,10000
gpu,ptsans,2,text,first_paint,1,1253,complete_us,master,prior,31732.5835,30667.083,31626.896,30520.104,-908.8540000000012,"[-2229.354000000001, 456.1459999999988]",-2.84498417129409,"[-7.036393839107674, 1.489678573479869]",12,3,36,10000
gpu,ptsans,2,text,first_paint,1,1253,draw_us,master,updated45,13542.8545,12666.3125,13498.7085,12617.7715,-852.624499999999,"[-1643.3330000000005, -763.3954999999996]",-6.375522630450996,"[-11.625103334396242, -5.785901487555284]",12,3,36,10000
gpu,ptsans,2,text,first_paint,1,1253,submit_us,master,updated45,20956.6665,20070.8545,20704.583,19975.3545,-855.8960000000006,"[-2097.4789999999994, -548.7495000000017]",-4.249888612902808,"[-9.543434468492478, -2.67838568848176]",12,3,36,10000
gpu,ptsans,2,text,first_paint,1,1253,complete_us,master,updated45,31732.5835,30179.917,31626.896,30089.5415,-1408.728500000001,"[-3889.0205000000005, -391.04199999999946]",-4.492217731053566,"[-12.244077744927395, -1.2309493315709463]",12,3,36,10000
gpu,ptsans,2,text,first_paint,1,1253,draw_us,master,final,13542.8545,12650.729,13498.7085,12622.9165,-1011.8129999999992,"[-1521.4375, -845.8755000000001]",-7.49510301698853,"[-11.143913103165698, -6.51172281960905]",12,3,36,10000
gpu,ptsans,2,text,first_paint,1,1253,submit_us,master,final,20956.6665,20356.292,20704.583,20228.875,-847.7299999999996,"[-2019.0834999999988, -223.77100000000246]",-4.349566032668889,"[-9.365512594131548, -1.0776222398899082]",12,3,36,10000
gpu,ptsans,2,text,first_paint,1,1253,complete_us,master,final,31732.5835,30229.8125,31626.896,30144.2705,-2381.000000000002,"[-4469.146500000001, -175.22899999999936]",-7.632213174338986,"[-13.403465331018905, -0.5381742173278081]",12,3,36,10000
gpu,ptsans,2,text,first_paint,1,1253,draw_us,prior,updated45,12808.542,12666.3125,12837.187,12617.7715,-126.41650000000027,"[-379.45799999999963, 47.6875]",-1.0219581859817861,"[-2.8011954051023915, 0.38430441001923166]",12,3,36,10000
gpu,ptsans,2,text,first_paint,1,1253,submit_us,prior,updated45,20390.4165,20070.8545,20390.4165,19975.3545,-479.4790000000012,"[-824.8325000000023, -125.25]",-2.3620445844766524,"[-3.9687384628249003, -0.5869502513779379]",12,3,36,10000
gpu,ptsans,2,text,first_paint,1,1253,complete_us,prior,updated45,30667.083,30179.917,30520.104,30089.5415,-575.7080000000005,"[-1620.5625, -23.60399999999754]",-1.8499665583947944,"[-5.19795709910214, -0.07737402355546541]",12,3,36,10000
gpu,ptsans,2,text,first_paint,1,1253,draw_us,prior,final,12808.542,12650.729,12837.187,12622.9165,-173.375,"[-495.64549999999963, 58.95799999999963]",-1.368740066936075,"[-2.828428850118608, 0.44652275120158347]",12,3,36,10000
gpu,ptsans,2,text,first_paint,1,1253,submit_us,prior,final,20390.4165,20356.292,20390.4165,20228.875,-324.6260000000002,"[-1027.5, 353.75]",-1.7143393368146131,"[-3.9095116291568583, 1.7322818886954194]",12,3,36,10000
gpu,ptsans,2,text,first_paint,1,1253,complete_us,prior,final,30667.083,30229.8125,30520.104,30144.2705,-500.1879999999983,"[-2776.3955000000005, 526.5210000000025]",-1.6861143794839717,"[-7.735980887746713, 1.7804919455236101]",12,3,36,10000
gpu,ptsans,2,text,first_paint,1,1253,draw_us,updated45,final,12666.3125,12650.729,12617.7715,12622.9165,-78.3755000000001,"[-278.16699999999946, 595.7084999999997]",-0.6436841860362197,"[-2.2036611872807645, 4.7360667392938645]",12,3,36,10000
gpu,ptsans,2,text,first_paint,1,1253,submit_us,updated45,final,20070.8545,20356.292,19975.3545,20228.875,250.14599999999882,"[-223.89599999999882, 870.4159999999993]",1.268407613778444,"[-1.1649488098683103, 4.353263726283652]",12,3,36,10000
gpu,ptsans,2,text,first_paint,1,1253,complete_us,updated45,final,30179.917,30229.8125,30089.5415,30144.2705,427.4375,"[-2187.4375, 1249.0830000000005]",1.4150401549681613,"[-7.195513859208947, 4.211248062183415]",12,3,36,10000
gpu,ptsans,2,text,reflow,3,1,draw_us,master,prior,2188.548667,2177.8678330000002,2180.347167,2177.8678330000002,8.74333300000012,"[-23.659999500000026, 92.20149950000018]",0.40687061174421446,"[-1.1819269401468935, 3.732623430088422]",12,3,36,10000
gpu,ptsans,2,text,reflow,3,1,submit_us,master,prior,2404.5,2378.4651665,2393.3891670000003,2367.5831665,8.673500000000104,"[-27.22916699999996, 122.5]",0.37064788523445413,"[-1.251738941824443, 4.871258225811415]",12,3,36,10000
gpu,ptsans,2,text,reflow,3,1,complete_us,master,prior,2896.5,2880.1043335000004,2927.0209999999997,2855.6115,-26.777666999999838,"[-56.722500500000024, 172.31933299999992]",-0.9555401335421321,"[-2.021440576381756, 5.690205937101577]",12,3,36,10000
gpu,ptsans,2,text,reflow,3,1,draw_us,master,updated45,2188.548667,2227.506667,2180.347167,2259.5968335,18.860666500000093,"[-4.0001664999999775, 97.041833]",0.8922132326697141,"[-0.21159387195437973, 4.416803643903478]",12,3,36,10000
gpu,ptsans,2,text,reflow,3,1,submit_us,master,updated45,2404.5,2421.2986665,2393.3891670000003,2454.7985,16.67316699999992,"[-7.937499999999773, 109.9651664999999]",0.7447798304761832,"[-0.3634754600617962, 4.541121331938314]",12,3,36,10000
gpu,ptsans,2,text,reflow,3,1,complete_us,master,updated45,2896.5,2935.6526665,2927.0209999999997,2953.062167,28.59050000000002,"[-26.31966650000004, 75.44450000000006]",0.9995986122636746,"[-0.8945618044654213, 2.6294221614671986]",12,3,36,10000
gpu,ptsans,2,text,reflow,3,1,draw_us,master,final,2188.548667,2210.5766665,2180.347167,2194.9096664999997,0.9375000000001137,"[-89.77099999999984, 40.61799999999994]",0.044717316352849146,"[-4.161575980018911, 1.775902752980807]",12,3,36,10000
gpu,ptsans,2,text,reflow,3,1,submit_us,master,final,2404.5,2414.5555,2393.3891670000003,2383.104167,-5.354500000000144,"[-128.60400000000004, 64.39566650000006]",-0.23218075850816033,"[-5.058792822214054, 2.5674253028677096]",12,3,36,10000
gpu,ptsans,2,text,reflow,3,1,complete_us,master,final,2896.5,2882.257,2927.0209999999997,2852.2709999999997,-33.47916650000002,"[-217.33333349999998, 98.47916650000002]",-1.1739354592080253,"[-7.228561647811343, 3.3627632817189057]",12,3,36,10000
gpu,ptsans,2,text,reflow,3,1,draw_us,prior,updated45,2177.8678330000002,2227.506667,2177.8678330000002,2259.5968335,27.29166650000002,"[-5.139166499999874, 69.99983350000002]",1.3689405152506384,"[-0.22866041976494778, 3.0067227702339827]",12,3,36,10000
gpu,ptsans,2,text,reflow,3,1,submit_us,prior,updated45,2378.4651665,2421.2986665,2367.5831665,2454.7985,32.04166699999996,"[-7.86133400000017, 62.23616650000008]",1.348811908307046,"[-0.3169889100107015, 2.598519604562377]",12,3,36,10000
gpu,ptsans,2,text,reflow,3,1,complete_us,prior,updated45,2880.1043335000004,2935.6526665,2855.6115,2953.062167,47.111166999999796,"[-42.19450000000006, 136.35433350000017]",1.704132946182657,"[-1.2993441830130348, 4.878370700447032]",12,3,36,10000
gpu,ptsans,2,text,reflow,3,1,draw_us,prior,final,2177.8678330000002,2210.5766665,2177.8678330000002,2194.9096664999997,0.8611665000000812,"[-150.22916650000025, 42.701333500000146]",0.0211051154119124,"[-6.154892667717843, 2.0285790241477586]",12,3,36,10000
gpu,ptsans,2,text,reflow,3,1,submit_us,prior,final,2378.4651665,2414.5555,2367.5831665,2383.104167,-5.576166500000227,"[-197.15283299999987, 44.25666649999994]",-0.2564028884366354,"[-7.203554225787179, 1.9497831869889404]",12,3,36,10000
gpu,ptsans,2,text,reflow,3,1,complete_us,prior,final,2880.1043335000004,2882.257,2855.6115,2852.2709999999997,-5.520999499999789,"[-283.72883350000006, 84.12500050000017]",-0.21909215966870454,"[-9.01292474300196, 3.048470503819989]",12,3,36,10000
gpu,ptsans,2,text,reflow,3,1,draw_us,updated45,final,2227.506667,2210.5766665,2259.5968335,2194.9096664999997,-3.3816664999999375,"[-45.81933349999997, 54.27066650000006]",-0.1361241192178564,"[-2.1431269343749113, 2.3580749708540405]",12,3,36,10000
gpu,ptsans,2,text,reflow,3,1,submit_us,updated45,final,2421.2986665,2414.5555,2454.7985,2383.104167,-6.041834000000108,"[-55.395500000000084, 97.74283350000019]",-0.22607231903493674,"[-2.3929492670643535, 3.858003715277325]",12,3,36,10000
gpu,ptsans,2,text,reflow,3,1,complete_us,updated45,final,2935.6526665,2882.257,2953.062167,2852.2709999999997,-59.75733300000002,"[-229.68733350000002, 116.55516700000021]",-2.0742882859923317,"[-7.255322088761784, 3.926410032131078]",12,3,36,10000
gpu,ptsans,2,text,size_advance,12,5246,draw_us,master,prior,7355.6925835,6737.729,7342.2882085,6737.729,-579.6907495000005,"[-766.7065005, -453.1495834999996]",-8.418538813157184,"[-10.513573837269398, -6.301306249045041]",12,3,36,10000
gpu,ptsans,2,text,size_advance,12,5246,submit_us,master,prior,7577.3177085,6946.076375000001,7563.106,6946.076375000001,-587.1855834999997,"[-771.2343330000003, -438.9635830000002]",-8.153424519707531,"[-10.293720400897389, -5.943727116460584]",12,3,36,10000
gpu,ptsans,2,text,size_advance,12,5246,complete_us,master,prior,11224.3906665,10432.3142085,11364.6058335,10314.451375,-701.0036665000007,"[-1299.6926665, -55.33512500000052]",-6.5210177000968645,"[-11.726164181571425, -0.5276283442312124]",12,3,36,10000
gpu,ptsans,2,text,size_advance,12,5246,draw_us,master,updated45,7355.6925835,6758.296875,7342.2882085,6800.1110835,-548.2934165000001,"[-608.9272504999999, -471.75533350000023]",-7.82118984427333,"[-8.355688969049385, -6.674467479780743]",12,3,36,10000
gpu,ptsans,2,text,size_advance,12,5246,submit_us,master,updated45,7577.3177085,6991.543458,7563.106,7024.4774165,-556.2136249999999,"[-614.9272085000002, -463.23437449999983]",-7.532165835061827,"[-8.151229421989719, -6.381580911266194]",12,3,36,10000
gpu,ptsans,2,text,size_advance,12,5246,complete_us,master,updated45,11224.3906665,10472.730917,11364.6058335,10634.3072085,-615.3992915000008,"[-1104.8299580000003, -265.83354150000014]",-5.413639171693923,"[-8.117061254120406, -2.5907391508415367]",12,3,36,10000
gpu,ptsans,2,text,size_advance,12,5246,draw_us,master,final,7355.6925835,6734.786375,7342.2882085,6746.296875,-620.7777495,"[-861.57125, -426.2845419999999]",-8.731145462487012,"[-11.833665726251809, -5.706750189086407]",12,3,36,10000
gpu,ptsans,2,text,size_advance,12,5246,submit_us,master,final,7577.3177085,6941.8662079999995,7563.106,6963.199583,-620.1407079999999,"[-895.7675415000003, -408.14404149999973]",-8.535563488277532,"[-11.940697047665942, -5.30136449021253]",12,3,36,10000
gpu,ptsans,2,text,size_advance,12,5246,complete_us,master,final,11224.3906665,10165.7915835,11364.6058335,10244.6545,-526.5226660000008,"[-1771.2360000000008, 211.32645800000046]",-5.176751677807756,"[-13.283611956576063, 1.9070832430314433]",12,3,36,10000
gpu,ptsans,2,text,size_advance,12,5246,draw_us,prior,updated45,6737.729,6758.296875,6737.729,6800.1110835,108.5136665,"[-47.24812500000007, 338.97220849999985]",1.7066401084410376,"[-0.6654222648975694, 4.949545753826412]",12,3,36,10000
gpu,ptsans,2,text,size_advance,12,5246,submit_us,prior,updated45,6946.076375000001,6991.543458,6946.076375000001,7024.4774165,116.17183350000005,"[-55.00183300000026, 328.4097085000003]",1.7752483867621627,"[-0.7841496257215697, 4.617237446731403]",12,3,36,10000
gpu,ptsans,2,text,size_advance,12,5246,complete_us,prior,updated45,10432.3142085,10472.730917,10314.451375,10634.3072085,147.23787449999963,"[-221.08695799999896, 473.8664165]",1.543055547908112,"[-2.1509921195645267, 4.472523988383159]",12,3,36,10000
gpu,ptsans,2,text,size_advance,12,5246,draw_us,prior,final,6737.729,6734.786375,6737.729,6746.296875,-7.899499999999534,"[-343.7116670000005, 355.5157919999997]",-0.09658333600223723,"[-4.83769706836979, 5.360800651226761]",12,3,36,10000
gpu,ptsans,2,text,size_advance,12,5246,submit_us,prior,final,6946.076375000001,6941.8662079999995,6946.076375000001,6963.199583,-1.3439164999999775,"[-383.28304149999985, 393.1214995]",0.001981544223955689,"[-5.209111011744411, 5.745207002601549]",12,3,36,10000
gpu,ptsans,2,text,size_advance,12,5246,complete_us,prior,final,10432.3142085,10165.7915835,10314.451375,10244.6545,125.89741649999996,"[-919.307333499999, 1146.6007085]",1.298218136322249,"[-7.950126177722227, 11.432159194479606]",12,3,36,10000
gpu,ptsans,2,text,size_advance,12,5246,draw_us,updated45,final,6758.296875,6734.786375,6800.1110835,6746.296875,-65.78129149999995,"[-320.826333, 16.54358349999984]",-0.9946320538990583,"[-4.828957838745756, 0.24083316345792083]",12,3,36,10000
gpu,ptsans,2,text,size_advance,12,5246,submit_us,updated45,final,6991.543458,6941.8662079999995,7024.4774165,6963.199583,-63.02766699999984,"[-353.6442500000003, 19.55549949999977]",-0.907065080238445,"[-5.141939447434169, 0.2774367311977832]",12,3,36,10000
gpu,ptsans,2,text,size_advance,12,5246,complete_us,updated45,final,10472.730917,10165.7915835,10634.3072085,10244.6545,-71.27449949999937,"[-597.7967499999986, 551.1179579999998]",-0.724823273047176,"[-4.168892222404352, 5.232600905843377]",12,3,36,10000
gpu,ptsans,2,text,size_return,12,0,draw_us,master,prior,293.76025,291.135375,297.02774999999997,290.425292,1.9635415000000194,"[-1.807291499999991, 14.173749999999984]",0.7503635865343417,"[-0.6236044798753948, 4.688998064383965]",12,3,36,10000
gpu,ptsans,2,text,size_return,12,0,submit_us,master,prior,472.60249999999996,473.29337499999997,480.55037500000003,467.35758350000003,3.87662499999999,"[-7.97395800000001, 29.54883300000003]",0.8915236709378105,"[-1.6995468321129248, 6.107977854816104]",12,3,36,10000
gpu,ptsans,2,text,size_return,12,0,complete_us,master,prior,878.52625,851.810708,871.1441665,847.829875,7.182292000000018,"[-108.16999949999996, 75.84187500000002]",0.7536061656429727,"[-11.95665678898462, 9.2165161478459]",12,3,36,10000
gpu,ptsans,2,text,size_return,12,0,draw_us,master,updated45,293.76025,296.112833,297.02774999999997,293.746583,6.086708000000016,"[-11.06933349999997, 13.955250000000007]",2.218132760405611,"[-3.6863654281612535, 4.862200139868856]",12,3,36,10000
gpu,ptsans,2,text,size_return,12,0,submit_us,master,updated45,472.60249999999996,473.074667,480.55037500000003,473.074667,8.31412450000002,"[-27.626708000000008, 30.500249999999966]",1.8525993654486372,"[-5.598323526146986, 6.486929576909951]",12,3,36,10000
gpu,ptsans,2,text,size_return,12,0,complete_us,master,updated45,878.52625,876.1267499999999,871.1441665,877.55725,-21.9375,"[-101.89225000000005, 41.04320899999999]",-2.4668218054991256,"[-10.666001520684354, 4.963621400594365]",12,3,36,10000
gpu,ptsans,2,text,size_return,12,0,draw_us,master,final,293.76025,307.923667,297.02774999999997,306.020917,9.435708500000004,"[-3.9548750000000155, 14.842041499999993]",3.347719480421163,"[-1.1095201766043783, 5.090326883431972]",12,3,36,10000
gpu,ptsans,2,text,size_return,12,0,submit_us,master,final,472.60249999999996,488.9272085,480.55037500000003,483.04337499999997,8.335083499999996,"[-20.611125000000015, 20.743124999999964]",1.9157828953916378,"[-3.4385518602363163, 4.126536810571735]",12,3,36,10000
gpu,ptsans,2,text,size_return,12,0,complete_us,master,final,878.52625,872.3992915,871.1441665,912.5416250000001,-4.369666499999937,"[-118.39941650000003, 139.35954200000003]",1.0795007126242484,"[-12.74219720166812, 17.526338147675215]",12,3,36,10000
gpu,ptsans,2,text,size_return,12,0,draw_us,prior,updated45,291.135375,296.112833,290.425292,293.746583,8.857916499999988,"[-1.3855419999999867, 22.984500000000025]",3.328855746743442,"[-0.42515176071237226, 7.71214229314795]",12,3,36,10000
gpu,ptsans,2,text,size_return,12,0,submit_us,prior,updated45,473.29337499999997,473.074667,467.35758350000003,473.074667,14.211916499999973,"[-10.180542000000003, 46.699791499999975]",3.366854546555431,"[-2.1756318890336077, 10.403921191971554]",12,3,36,10000
gpu,ptsans,2,text,size_return,12,0,complete_us,prior,updated45,851.810708,876.1267499999999,847.829875,877.55725,8.059249999999963,"[-100.09191700000008, 93.11791649999992]",0.9172379816043685,"[-11.776098678895819, 10.292335330010605]",12,3,36,10000
gpu,ptsans,2,text,size_return,12,0,draw_us,prior,final,291.135375,307.923667,290.425292,306.020917,10.333416499999998,"[-10.698041500000016, 18.012291500000003]",3.924093143984808,"[-3.05934621223512, 6.21938091715627]",12,3,36,10000
gpu,ptsans,2,text,size_return,12,0,submit_us,prior,final,473.29337499999997,488.9272085,467.35758350000003,483.04337499999997,12.355957999999987,"[-37.70837500000002, 28.91508349999998]",2.943171149089052,"[-6.9683445395050665, 6.03769795151996]",12,3,36,10000
gpu,ptsans,2,text,size_return,12,0,complete_us,prior,final,851.810708,872.3992915,847.829875,912.5416250000001,1.1130410000000097,"[-135.21883300000002, 132.84387500000003]",0.3342147450956401,"[-14.510211607677604, 15.679548613423831]",12,3,36,10000
gpu,ptsans,2,text,size_return,12,0,draw_us,updated45,final,296.112833,307.923667,293.746583,306.020917,2.5347079999999664,"[-1.1373749999999916, 13.836916999999971]",0.8460583902217822,"[-0.41403989959342136, 4.738117685446486]",12,3,36,10000
gpu,ptsans,2,text,size_return,12,0,submit_us,updated45,final,473.074667,488.9272085,473.074667,483.04337499999997,0.09383349999998813,"[-5.824833499999983, 19.918374999999997]",0.009776640748476728,"[-1.206438109394059, 4.226313759111333]",12,3,36,10000
gpu,ptsans,2,text,size_return,12,0,complete_us,updated45,final,876.1267499999999,872.3992915,877.55725,912.5416250000001,84.35587500000008,"[-57.84879150000006, 123.11150000000004]",10.832791921547058,"[-6.539708124524207, 15.31661786567442]",12,3,36,10000
gpu,ptsans,2,text,warm,30,0,draw_us,master,prior,264.6805335,266.835383,262.70343349999996,261.38054999999997,4.4008500000000055,"[-7.6325669999999946, 12.609016499999996]",1.7383288535560704,"[-2.456559642261386, 4.678958079881157]",12,3,36,10000
gpu,ptsans,2,text,warm,30,0,submit_us,master,prior,402.04931650000003,398.64998349999996,398.0854165,391.1298335,5.397883000000007,"[0.8236330000000294, 26.415200000000027]",1.4063044291239057,"[0.16054752309829223, 5.936753344141987]",12,3,36,10000
gpu,ptsans,2,text,warm,30,0,complete_us,master,prior,727.9570329999999,697.3757,758.91605,697.3757,18.240849500000024,"[-58.193066499999986, 51.35120049999995]",1.3023908397084671,"[-7.842642658664412, 7.594267365518858]",12,3,36,10000
gpu,ptsans,2,text,warm,30,0,draw_us,master,updated45,264.6805335,268.4479,262.70343349999996,265.2014665,3.9742999999999995,"[1.2376495000000034, 5.449332999999996]",1.5985807321482137,"[0.46802880034630956, 2.107092323676374]",12,3,36,10000
gpu,ptsans,2,text,warm,30,0,submit_us,master,updated45,402.04931650000003,397.94444999999996,398.0854165,396.5188,1.8437000000000126,"[-6.070050000000009, 5.867466500000006]",0.4155224880057373,"[-1.5238313225258204, 1.636025967683341]",12,3,36,10000
gpu,ptsans,2,text,warm,30,0,complete_us,master,updated45,727.9570329999999,704.3006335,758.91605,705.4311835000001,-15.777783499999998,"[-84.34931649999999, 48.64243350000004]",-2.014551583077268,"[-10.084306926515351, 7.0098081992463595]",12,3,36,10000
gpu,ptsans,2,text,warm,30,0,draw_us,master,final,264.6805335,272.9604335,262.70343349999996,271.1743,5.57163349999999,"[-2.481049999999996, 13.642316500000021]",2.315922232623069,"[-1.0016475754461351, 5.30808255056443]",12,3,36,10000
gpu,ptsans,2,text,warm,30,0,submit_us,master,final,402.04931650000003,405.7756335,398.0854165,403.5117665,5.127900000000011,"[-14.971517000000006, 25.819349999999986]",1.429998082225703,"[-3.7845795808796714, 6.349783360030103]",12,3,36,10000
gpu,ptsans,2,text,warm,30,0,complete_us,master,final,727.9570329999999,746.6292834999999,758.91605,744.8126669999999,7.317949499999997,"[-72.09874999999994, 44.71473299999997]",1.1809807055539467,"[-5.827585343924002, 5.82062305045581]",12,3,36,10000
gpu,ptsans,2,text,warm,30,0,draw_us,prior,updated45,266.835383,268.4479,261.38054999999997,265.2014665,-0.0709500000000105,"[-8.381216999999992, 6.291683500000005]",-0.04370174566685758,"[-2.836394351652732, 2.42966278161012]",12,3,36,10000
gpu,ptsans,2,text,warm,30,0,submit_us,prior,updated45,398.64998349999996,397.94444999999996,391.1298335,396.5188,-0.9701665000000332,"[-16.862449999999995, 10.083383499999997]",-0.2571284974468291,"[-3.916327190190061, 2.6502560621598947]",12,3,36,10000
gpu,ptsans,2,text,warm,30,0,complete_us,prior,updated45,697.3757,704.3006335,697.3757,705.4311835000001,14.195750000000032,"[-51.29246649999999, 29.845849499999986]",2.259606795652336,"[-7.099878475865568, 4.394472715411002]",12,3,36,10000
gpu,ptsans,2,text,warm,30,0,draw_us,prior,final,266.835383,272.9604335,261.38054999999997,271.1743,1.4424505000000067,"[-17.524300000000025, 13.974999999999966]",0.5947645658299194,"[-2.6470322265153943, 5.517868493622657]",12,3,36,10000
gpu,ptsans,2,text,warm,30,0,submit_us,prior,final,398.64998349999996,405.7756335,391.1298335,403.5117665,0.083400499999982,"[-45.036133500000005, 22.84511649999999]",0.024122007837751314,"[-5.731371851279421, 5.845382300281255]",12,3,36,10000
gpu,ptsans,2,text,warm,30,0,complete_us,prior,final,697.3757,746.6292834999999,697.3757,744.8126669999999,13.124299999999948,"[-96.96325000000002, 100.99246650000003]",2.1500494076407364,"[-10.88901341463704, 15.306025183433103]",12,3,36,10000
gpu,ptsans,2,text,warm,30,0,draw_us,updated45,final,268.4479,272.9604335,265.2014665,271.1743,1.258499999999998,"[-0.13673299999999244, 12.391650000000027]",0.517950219001817,"[-0.049383134929192884, 3.806382158999122]",12,3,36,10000
gpu,ptsans,2,text,warm,30,0,submit_us,updated45,final,397.94444999999996,405.7756335,396.5188,403.5117665,-0.2555164999999988,"[-9.611050000000006, 26.618717000000004]",-0.06783263445087062,"[-1.1612176246622696, 6.484741719921261]",12,3,36,10000
gpu,ptsans,2,text,warm,30,0,complete_us,updated45,final,704.3006335,746.6292834999999,705.4311835000001,744.8126669999999,18.741750000000025,"[-41.276983500000085, 91.78758349999998]",1.7880522148069344,"[-6.057619508856088, 13.119895368459167]",12,3,36,10000
gpu,ptsans,2,text,x_advance,10,614,draw_us,master,prior,692.6062,599.004,692.01455,589.14365,-96.96864999999997,"[-141.7228, -61.741649999999936]",-11.171529450876966,"[-17.310339865756937, -9.15479275958641]",12,3,36,10000
gpu,ptsans,2,text,x_advance,10,614,submit_us,master,prior,887.9104,780.8562,884.0478499999999,772.0938,-95.68754999999999,"[-153.18944999999997, -68.55200000000002]",-10.166686153665477,"[-14.88485531982844, -8.65289240476218]",12,3,36,10000
gpu,ptsans,2,text,x_advance,10,614,complete_us,master,prior,1587.9584,1472.76035,1601.22095,1479.0083,-94.44574999999998,"[-243.42499999999995, -33.81880000000001]",-5.628082460288997,"[-13.224240290365426, -2.054305286299324]",12,3,36,10000
gpu,ptsans,2,text,x_advance,10,614,draw_us,master,updated45,692.6062,608.848,692.01455,608.848,-99.94175000000001,"[-115.62495000000001, -61.952]",-14.053287373030443,"[-16.090258523485076, -10.07491954138769]",12,3,36,10000
gpu,ptsans,2,text,x_advance,10,614,submit_us,master,updated45,887.9104,800.6167,884.0478499999999,801.4416,-106.0666,"[-124.95399999999995, -59.94155000000001]",-11.811447539709057,"[-12.681887331179942, -7.603903787075706]",12,3,36,10000
gpu,ptsans,2,text,x_advance,10,614,complete_us,master,updated45,1587.9584,1457.8668,1601.22095,1458.473,-90.71874999999989,"[-274.79594999999995, -9.962600000000066]",-6.2567659996758564,"[-13.782509256634285, -0.5693578750182227]",12,3,36,10000
gpu,ptsans,2,text,x_advance,10,614,draw_us,master,final,692.6062,613.23955,692.01455,613.23955,-82.96869999999996,"[-123.29565000000002, -45.24170000000004]",-12.749525735257727,"[-14.952391658178438, -6.938283484061319]",12,3,36,10000
gpu,ptsans,2,text,x_advance,10,614,submit_us,master,final,887.9104,808.41665,884.0478499999999,808.41665,-91.03535,"[-139.87904999999995, -31.414649999999995]",-9.995767169687975,"[-13.208488146355647, -3.8282331930656666]",12,3,36,10000
gpu,ptsans,2,text,x_advance,10,614,complete_us,master,final,1587.9584,1636.5771,1601.22095,1636.3291,-90.72724999999991,"[-171.9456499999999, 89.56044999999995]",-4.600499686471993,"[-8.581047544699821, 6.115054734519543]",12,3,36,10000
gpu,ptsans,2,text,x_advance,10,614,draw_us,prior,updated45,599.004,608.848,589.14365,608.848,4.083099999999945,"[-15.243600000000015, 17.51875000000001]",0.7298925618576368,"[-2.540497934070829, 2.875389179379162]",12,3,36,10000
gpu,ptsans,2,text,x_advance,10,614,submit_us,prior,updated45,780.8562,800.6167,772.0938,801.4416,4.731400000000008,"[-15.910450000000026, 28.235450000000014]",0.6515776335674905,"[-1.911073964147042, 3.3705041585214146]",12,3,36,10000
gpu,ptsans,2,text,x_advance,10,614,complete_us,prior,updated45,1472.76035,1457.8668,1479.0083,1458.473,-24.291600000000017,"[-175.84375, 131.1562]",-1.5908271508240923,"[-8.62229197078646, 8.458698662001375]",12,3,36,10000
gpu,ptsans,2,text,x_advance,10,614,draw_us,prior,final,599.004,613.23955,589.14365,613.23955,13.787599999999884,"[-16.787350000000004, 36.01864999999998]",2.013907252460956,"[-3.024035362880617, 5.9694692247813315]",12,3,36,10000
gpu,ptsans,2,text,x_advance,10,614,submit_us,prior,final,780.8562,808.41665,772.0938,808.41665,29.899800000000027,"[-20.358199999999954, 71.40204999999997]",4.136785244649421,"[-2.806610892718353, 6.818760935974666]",12,3,36,10000
gpu,ptsans,2,text,x_advance,10,614,complete_us,prior,final,1472.76035,1636.5771,1479.0083,1636.3291,51.005949999999984,"[-105.56025, 181.25414999999987]",3.503719132092109,"[-4.717323314124883, 13.387907245913045]",12,3,36,10000
gpu,ptsans,2,text,x_advance,10,614,draw_us,updated45,final,608.848,613.23955,608.848,613.23955,15.043650000000014,"[-15.749900000000025, 41.272850000000005]",2.656298840154392,"[-2.816124781847462, 6.715154794412214]",12,3,36,10000
gpu,ptsans,2,text,x_advance,10,614,submit_us,updated45,final,800.6167,808.41665,801.4416,808.41665,23.697699999999998,"[-28.168549999999982, 60.39364999999998]",3.0761374737477087,"[-3.8152832079777985, 7.419894438779451]",12,3,36,10000
gpu,ptsans,2,text,x_advance,10,614,complete_us,updated45,final,1457.8668,1636.5771,1458.473,1636.3291,106.30420000000004,"[-9.779150000000072, 176.06065000000012]",7.117705720553347,"[-0.7033297018581464, 10.878489141241065]",12,3,36,10000
gpu,ptsans,2,text,x_return,10,0,draw_us,master,prior,270.52504999999996,274.64375,270.52504999999996,275.32714999999996,4.447950000000006,"[2.298149999999964, 19.997950000000017]",1.7386086288110447,"[0.8518769136956705, 4.401179431181578]",12,3,36,10000
gpu,ptsans,2,text,x_return,10,0,submit_us,master,prior,463.5749,463.31039999999996,463.5749,467.88755000000003,6.983499999999992,"[-0.5894500000000278, 26.59789999999998]",1.5652599337230289,"[-0.10052014630866357, 3.5539900352121623]",12,3,36,10000
gpu,ptsans,2,text,x_return,10,0,complete_us,master,prior,786.64175,791.97095,776.7645,800.69805,22.337699999999984,"[-29.766599999999983, 91.7647]",2.964370851379811,"[-2.981898312888742, 11.33246653276091]",12,3,36,10000
gpu,ptsans,2,text,x_return,10,0,draw_us,master,updated45,270.52504999999996,275.49995,270.52504999999996,273.75615,5.7999499999999955,"[-0.07070000000001642, 12.089550000000003]",2.139932332661254,"[-0.032104066405796994, 4.521474179905982]",12,3,36,10000
gpu,ptsans,2,text,x_return,10,0,submit_us,master,updated45,463.5749,469.3269,463.5749,465.17915,6.50415000000001,"[-5.289699999999982, 15.16255000000001]",1.4824922852176847,"[-1.1446293010946684, 3.468103998242311]",12,3,36,10000
gpu,ptsans,2,text,x_return,10,0,complete_us,master,updated45,786.64175,818.7021500000001,776.7645,792.3145999999999,8.450050000000033,"[-11.472750000000019, 45.88974999999999]",1.0937063184907392,"[-1.4740240719931685, 6.390051430490673]",12,3,36,10000
gpu,ptsans,2,text,x_return,10,0,draw_us,master,final,270.52504999999996,275.12289999999996,270.52504999999996,275.12289999999996,6.777149999999992,"[1.6854000000000156, 18.098099999999988]",2.682105748146435,"[0.6442776051065691, 6.9238478452736345]",12,3,36,10000
gpu,ptsans,2,text,x_return,10,0,submit_us,master,final,463.5749,462.98339999999996,463.5749,462.98339999999996,8.23965000000004,"[-8.010350000000045, 28.05420000000001]",1.9163397189055131,"[-0.552512708142866, 6.348481159253904]",12,3,36,10000
gpu,ptsans,2,text,x_return,10,0,complete_us,master,final,786.64175,798.10625,776.7645,768.1833,14.116750000000025,"[-97.80824999999999, 95.34389999999996]",2.088358997410622,"[-11.464409669903219, 12.403794935320079]",12,3,36,10000
gpu,ptsans,2,text,x_return,10,0,draw_us,prior,updated45,274.64375,275.49995,275.32714999999996,273.75615,1.712600000000009,"[-0.6206999999999994, 6.083299999999994]",0.6158644840021266,"[-0.24001736208363322, 2.469460180634231]",12,3,36,10000
gpu,ptsans,2,text,x_return,10,0,submit_us,prior,updated45,463.31039999999996,469.3269,467.88755000000003,465.17915,1.533250000000038,"[-1.8936999999999955, 11.085500000000025]",0.3280052473724093,"[-0.4467211027734841, 2.5537005464331797]",12,3,36,10000
gpu,ptsans,2,text,x_return,10,0,complete_us,prior,updated45,791.97095,818.7021500000001,800.69805,792.3145999999999,-35.23130000000003,"[-60.041750000000036, 20.239450000000033]",-3.833263374449558,"[-7.674344332437566, 2.9085000292216057]",12,3,36,10000
gpu,ptsans,2,text,x_return,10,0,draw_us,prior,final,274.64375,275.12289999999996,275.32714999999996,275.12289999999996,2.4625500000000073,"[-14.31265000000002, 10.598049999999986]",0.9884965000168555,"[-2.8743278563964525, 4.087728774674082]",12,3,36,10000
gpu,ptsans,2,text,x_return,10,0,submit_us,prior,final,463.31039999999996,462.98339999999996,467.88755000000003,462.98339999999996,4.981099999999998,"[-43.53139999999999, 24.102100000000007]",1.0811882179437515,"[-3.6630351939198778, 5.550382156986555]",12,3,36,10000
gpu,ptsans,2,text,x_return,10,0,complete_us,prior,final,791.97095,798.10625,800.69805,768.1833,17.74799999999999,"[-175.39184999999998, 56.458500000000015]",2.257986639645937,"[-13.014102892383296, 8.28675324130117]",12,3,36,10000
gpu,ptsans,2,text,x_return,10,0,draw_us,updated45,final,275.49995,275.12289999999996,273.75615,275.12289999999996,3.700000000000017,"[-2.2997999999999905, 20.46875]",1.461085364996173,"[-0.8727649186296316, 7.724968883838779]",12,3,36,10000
gpu,ptsans,2,text,x_return,10,0,submit_us,updated45,final,469.3269,462.98339999999996,465.17915,462.98339999999996,5.31219999999999,"[-2.9019499999999994, 36.13335000000001]",1.1344319169519723,"[-0.5940710089958945, 7.978566073052529]",12,3,36,10000
gpu,ptsans,2,text,x_return,10,0,complete_us,updated45,final,818.7021500000001,798.10625,792.3145999999999,768.1833,22.17919999999998,"[-69.50614999999999, 88.04590000000002]",2.9463870035353668,"[-9.454570994724499, 11.554012599445352]",12,3,36,10000
gpu,ptsans,2,text,y_advance,10,0,draw_us,master,prior,265.01445,265.99375,265.3227,263.61670000000004,2.7772000000000077,"[-10.818799999999996, 10.604249999999993]",1.132057395831143,"[-2.050351780658055, 4.217590542238736]",12,3,36,10000
gpu,ptsans,2,text,y_advance,10,0,submit_us,master,prior,399.70619999999997,392.97090000000003,399.88545,389.72905000000003,5.647850000000005,"[-10.15639999999999, 26.92089999999999]",1.565195861770119,"[-2.543863517453188, 4.118731966487587]",12,3,36,10000
gpu,ptsans,2,text,y_advance,10,0,complete_us,master,prior,739.51455,713.3978,743.5292,676.44995,11.744049999999845,"[-119.16669999999999, 51.97515000000004]",0.5653373909030868,"[-16.255485286168547, 7.344010838048199]",12,3,36,10000
gpu,ptsans,2,text,y_advance,10,0,draw_us,master,updated45,265.01445,270.54785000000004,265.3227,270.17495,6.860500000000002,"[-0.8021499999999833, 11.254100000000008]",2.4549510806325614,"[-0.291887251725087, 4.749788164896184]",12,3,36,10000
gpu,ptsans,2,text,y_advance,10,0,submit_us,master,updated45,399.70619999999997,400.90215,399.88545,400.90215,6.287599999999998,"[-10.820999999999998, 14.179050000000018]",1.4692347294152697,"[-2.606221882430093, 3.9918328674019676]",12,3,36,10000
gpu,ptsans,2,text,y_advance,10,0,complete_us,master,updated45,739.51455,749.825,743.5292,741.5146500000001,8.966799999999978,"[-44.25204999999994, 41.44780000000003]",1.200367949665515,"[-6.6773500964178, 5.208020558369942]",12,3,36,10000
gpu,ptsans,2,text,y_advance,10,0,draw_us,master,final,265.01445,270.7355,265.3227,269.5062,7.32289999999999,"[-11.689550000000025, 21.825000000000017]",2.894755362591439,"[-4.462675114240577, 8.62755407578164]",12,3,36,10000
gpu,ptsans,2,text,y_advance,10,0,submit_us,master,final,399.70619999999997,403.3938,399.88545,403.99985000000004,9.258400000000023,"[-20.67315000000002, 34.020849999999996]",2.5671224510628754,"[-5.211700921770257, 8.435875092438817]",12,3,36,10000
gpu,ptsans,2,text,y_advance,10,0,complete_us,master,final,739.51455,732.1105,743.5292,713.4731,-5.94784999999996,"[-122.36024999999995, 66.50830000000002]",-1.0051073116289277,"[-15.55270143587928, 9.487237820180239]",12,3,36,10000
gpu,ptsans,2,text,y_advance,10,0,draw_us,prior,updated45,265.99375,270.54785000000004,263.61670000000004,270.17495,3.866500000000002,"[0.19995000000000118, 6.874999999999986]",1.466222987873278,"[0.11198347578019185, 2.7458604882382054]",12,3,36,10000
gpu,ptsans,2,text,y_advance,10,0,submit_us,prior,updated45,392.97090000000003,400.90215,389.72905000000003,400.90215,2.7084000000000117,"[-7.8457500000000095, 9.605999999999995]",0.711113357720039,"[-1.8410717148696853, 2.472342264510463]",12,3,36,10000
gpu,ptsans,2,text,y_advance,10,0,complete_us,prior,updated45,713.3978,749.825,676.44995,741.5146500000001,-3.1376000000000204,"[-69.37724999999995, 52.927099999999996]",-0.3633056088236719,"[-10.34768123624486, 8.788016106669726]",12,3,36,10000
gpu,ptsans,2,text,y_advance,10,0,draw_us,prior,final,265.99375,270.7355,263.61670000000004,269.5062,4.679050000000004,"[-14.641700000000014, 14.470799999999983]",1.7968491623691407,"[-5.101228743391184, 5.7993070013676595]",12,3,36,10000
gpu,ptsans,2,text,y_advance,10,0,submit_us,prior,final,392.97090000000003,403.3938,389.72905000000003,403.99985000000004,4.896000000000015,"[-31.39575000000002, 30.83744999999999]",1.3125847501027632,"[-7.371803876359073, 8.261899137763306]",12,3,36,10000
gpu,ptsans,2,text,y_advance,10,0,complete_us,prior,final,713.3978,732.1105,676.44995,713.4731,17.058500000000038,"[-123.39579999999995, 129.84580000000005]",2.6595611951965803,"[-14.754414566083728, 17.62062532162729]",12,3,36,10000
gpu,ptsans,2,text,y_advance,10,0,draw_us,updated45,final,270.54785000000004,270.7355,270.17495,269.5062,1.5876499999999965,"[-2.1833500000000186, 17.28765]",0.6274483094882544,"[-0.8083899595049682, 6.572800154751701]",12,3,36,10000
gpu,ptsans,2,text,y_advance,10,0,submit_us,updated45,final,400.90215,403.3938,400.90215,403.99985000000004,3.4647500000000093,"[-4.708100000000002, 40.99585000000002]",0.9067444844465755,"[-1.2182272265272742, 9.846370205377653]",12,3,36,10000
gpu,ptsans,2,text,y_advance,10,0,complete_us,updated45,final,749.825,732.1105,741.5146500000001,713.4731,54.88755000000003,"[-71.39375000000001, 101.34994999999998]",7.544109589665027,"[-10.60834363231028, 10.976792200690811]",12,3,36,10000
gpu,stock,2,demo,first_paint,1,262,draw_us,master,prior,2567.3125,2559.0205,2455.2290000000003,2474.958,22.895500000000084,"[-87.52050000000008, 183.50099999999975]",1.1120128315799727,"[-3.691168182379667, 6.1304309045461025]",12,3,36,10000
gpu,stock,2,demo,first_paint,1,262,submit_us,master,prior,8738.2085,8898.5835,8639.229500000001,8565.854,151.87500000000045,"[-181.35399999999981, 543.7919999999999]",1.829671372393249,"[-2.2819014906023782, 6.5450673066370095]",12,3,36,10000
gpu,stock,2,demo,first_paint,1,262,complete_us,master,prior,11849.7915,12166.875,11213.6045,11183.4375,361.5,"[-101.3125, 1179.7084999999988]",3.3190480472385264,"[-0.8010993200459782, 10.59881124677613]",12,3,36,10000
gpu,stock,2,demo,first_paint,1,262,draw_us,master,updated45,2567.3125,2432.3334999999997,2455.2290000000003,2342.875,-61.5625,"[-179.08349999999996, 412.02099999999996]",-2.6938737069165777,"[-7.372535952917703, 16.96305064476359]",12,3,36,10000
gpu,stock,2,demo,first_paint,1,262,submit_us,master,updated45,8738.2085,8472.4585,8639.229500000001,8220.083,-83.1875,"[-299.7925000000005, 964.5209999999997]",-0.9902327926879118,"[-3.5259717227135114, 11.335134330854325]",12,3,36,10000
gpu,stock,2,demo,first_paint,1,262,complete_us,master,updated45,11849.7915,11442.5,11213.6045,11396.0415,656.6244999999999,"[-186.375, 2517.9580000000005]",6.134927880101948,"[-1.7118963889514172, 24.638907995587346]",12,3,36,10000
gpu,stock,2,demo,first_paint,1,262,draw_us,master,final,2567.3125,2419.875,2455.2290000000003,2359.667,-111.97949999999992,"[-179.58349999999996, -67.58300000000008]",-4.632528222779736,"[-6.8519212054728715, -2.9778858468510307]",12,3,36,10000
gpu,stock,2,demo,first_paint,1,262,submit_us,master,final,8738.2085,8412.6875,8639.229500000001,8194.208,-155.74949999999944,"[-440.27099999999973, -62.52150000000029]",-1.7493118004477226,"[-5.056441960326685, -0.8019466588724267]",12,3,36,10000
gpu,stock,2,demo,first_paint,1,262,complete_us,master,final,11849.7915,11329.8335,11213.6045,11319.5,-86.1875,"[-806.9789999999994, 448.72900000000027]",-0.8332800239354066,"[-6.5262182850172605, 4.223105608833166]",12,3,36,10000
gpu,stock,2,demo,first_paint,1,262,draw_us,prior,updated45,2559.0205,2432.3334999999997,2474.958,2342.875,-55.250499999999874,"[-236.62549999999987, 117.47900000000004]",-2.51054334603944,"[-9.65331882920531, 5.13771307345523]",12,3,36,10000
gpu,stock,2,demo,first_paint,1,262,submit_us,prior,updated45,8898.5835,8472.4585,8565.854,8220.083,-9.396500000000742,"[-641.9375000000005, 795.1870000000004]",-0.12342206053462812,"[-7.339522329983327, 7.870395061184466]",12,3,36,10000
gpu,stock,2,demo,first_paint,1,262,complete_us,prior,updated45,12166.875,11442.5,11183.4375,11396.0415,1069.374999999999,"[-1273.1670000000004, 2234.8950000000004]",9.498643689885533,"[-11.146397306988815, 21.046789655030516]",12,3,36,10000
gpu,stock,2,demo,first_paint,1,262,draw_us,prior,final,2559.0205,2419.875,2474.958,2359.667,-130.49950000000013,"[-347.27149999999983, -0.47900000000004184]",-5.354021276677851,"[-12.99344765071328, -0.0143600539762756]",12,3,36,10000
gpu,stock,2,demo,first_paint,1,262,submit_us,prior,final,8898.5835,8412.6875,8565.854,8194.208,-530.2919999999999,"[-684.7085000000002, -100.9380000000001]",-6.000523882494447,"[-7.667735332725001, -1.3427429376346556]",12,3,36,10000
gpu,stock,2,demo,first_paint,1,262,complete_us,prior,final,12166.875,11329.8335,11183.4375,11319.5,-212.66649999999936,"[-888.5005000000001, 158.375]",-2.0903641213620263,"[-7.16473214910452, 1.424758191190767]",12,3,36,10000
gpu,stock,2,demo,first_paint,1,262,draw_us,updated45,final,2432.3334999999997,2419.875,2342.875,2359.667,-31.70750000000021,"[-467.5625, 54.520500000000084]",-1.3881086920607355,"[-16.237671851281743, 2.489889002428747]",12,3,36,10000
gpu,stock,2,demo,first_paint,1,262,submit_us,updated45,final,8472.4585,8412.6875,8220.083,8194.208,-35.97949999999946,"[-1095.7710000000002, 158.66699999999946]",-0.4686360463880379,"[-11.321378670141936, 1.9348252031639812]",12,3,36,10000
gpu,stock,2,demo,first_paint,1,262,complete_us,updated45,final,11442.5,11329.8335,11396.0415,11319.5,-981.4369999999999,"[-2604.1455000000005, 234.1875]",-8.600828197681643,"[-20.35571106966999, 2.11002996952252]",12,3,36,10000
gpu,stock,2,demo,pan,10,0,draw_us,master,prior,232.3,254.90410000000003,228.85424999999998,237.90200000000002,-1.2916500000000042,"[-3.766750000000002, 19.235450000000014]",-0.603442555976097,"[-1.7013866719135573, 7.253287374350759]",12,3,36,10000
gpu,stock,2,demo,pan,10,0,submit_us,master,prior,601.4145000000001,658.85825,595.17295,618.7936500000001,1.2873500000000035,"[-8.666800000000023, 47.47715000000005]",0.22880508521155862,"[-1.3124638119765053, 7.750898059639056]",12,3,36,10000
gpu,stock,2,demo,pan,10,0,complete_us,master,prior,1011.88965,1201.6019999999999,957.50425,1151.0312,15.30219999999997,"[-27.950050000000033, 119.61259999999993]",1.6851406533869961,"[-2.6129359866651547, 8.699634783719766]",12,3,36,10000
gpu,stock,2,demo,pan,10,0,draw_us,master,updated45,232.3,220.9332,228.85424999999998,220.19575,1.5376999999999867,"[-7.37084999999999, 6.11045]",0.5778752065879023,"[-3.3413509455341774, 2.729894439713043]",12,3,36,10000
gpu,stock,2,demo,pan,10,0,submit_us,master,updated45,601.4145000000001,574.57275,595.17295,572.5626,-6.254150000000038,"[-16.310550000000035, 22.229450000000043]",-1.0937150703347887,"[-2.8640096994384634, 3.5786972701551067]",12,3,36,10000
gpu,stock,2,demo,pan,10,0,complete_us,master,updated45,1011.88965,948.7855,957.50425,948.7855,8.256349999999998,"[-36.47919999999999, 218.50829999999996]",0.9270573700710383,"[-3.945071486930191, 22.56955119313887]",12,3,36,10000
gpu,stock,2,demo,pan,10,0,draw_us,master,final,232.3,224.7374,228.85424999999998,224.22095000000002,-1.2502000000000066,"[-13.879199999999997, 0.73960000000001]",-0.5862672148727988,"[-5.584434520147196, 0.3122272471298704]",12,3,36,10000
gpu,stock,2,demo,pan,10,0,submit_us,master,final,601.4145000000001,587.52925,595.17295,582.1479999999999,-1.418799999999976,"[-34.20415000000003, 3.99795000000006]",-0.25496014726079097,"[-5.296407325036939, 0.6938853816241375]",12,3,36,10000
gpu,stock,2,demo,pan,10,0,complete_us,master,final,1011.88965,945.9667,957.50425,940.33755,-12.893750000000011,"[-32.56235000000004, 17.262599999999964]",-1.0566033212767334,"[-3.4796857234830725, 1.9355568663772083]",12,3,36,10000
gpu,stock,2,demo,pan,10,0,draw_us,prior,updated45,254.90410000000003,220.9332,237.90200000000002,220.19575,-1.1228000000000122,"[-13.814549999999997, 5.816749999999999]",-0.5126568873854598,"[-5.4721912636304495, 2.739321172906539]",12,3,36,10000
gpu,stock,2,demo,pan,10,0,submit_us,prior,updated45,658.85825,574.57275,618.7936500000001,572.5626,-10.756150000000048,"[-36.19565000000006, 4.821100000000001]",-1.2057330593322035,"[-5.603578732055691, 0.840668144555623]",12,3,36,10000
gpu,stock,2,demo,pan,10,0,complete_us,prior,updated45,1201.6019999999999,948.7855,1151.0312,948.7855,-11.743499999999983,"[-81.00834999999995, 52.8895]",-1.2948637021743037,"[-5.786484382573515, 4.797706945379742]",12,3,36,10000
gpu,stock,2,demo,pan,10,0,draw_us,prior,final,254.90410000000003,224.7374,237.90200000000002,224.22095000000002,-0.7355000000000018,"[-36.84985, 2.872799999999998]",-0.342332706211379,"[-13.716726922792333, 1.3383227769142025]",12,3,36,10000
gpu,stock,2,demo,pan,10,0,submit_us,prior,final,658.85825,587.52925,618.7936500000001,582.1479999999999,-3.5063499999999976,"[-91.19794999999999, 3.3606000000000336]",-0.6065132563834952,"[-13.16592436092182, 0.6092384426565012]",12,3,36,10000
gpu,stock,2,demo,pan,10,0,complete_us,prior,final,1201.6019999999999,945.9667,1151.0312,940.33755,-23.618499999999983,"[-284.1187499999999, 15.216500000000053]",-2.5515495829360577,"[-20.0025141387255, 1.7113252625025166]",12,3,36,10000
gpu,stock,2,demo,pan,10,0,draw_us,updated45,final,220.9332,224.7374,220.19575,224.22095000000002,-4.106250000000003,"[-6.552250000000001, 8.214650000000006]",-1.7748988182832992,"[-2.9998384289859903, 3.871831600661524]",12,3,36,10000
gpu,stock,2,demo,pan,10,0,submit_us,updated45,final,574.57275,587.52925,572.5626,582.1479999999999,-2.41274999999996,"[-19.950199999999995, 18.05000000000001]",-0.39877781308051974,"[-3.0952112121215345, 3.2524988000980026]",12,3,36,10000
gpu,stock,2,demo,pan,10,0,complete_us,updated45,final,948.7855,945.9667,948.7855,940.33755,-18.22489999999999,"[-252.01039999999995, 6.4749499999999784]",-1.8955438978932482,"[-18.84648517498969, 0.7227674033664533]",12,3,36,10000
gpu,stock,2,demo,warm,30,0,draw_us,master,prior,232.55488300000002,236.4687335,227.5902165,228.15075000000002,-0.5855835000000269,"[-7.2193334999999905, 7.789450000000016]",-0.23272906603726828,"[-3.3059970888204395, 3.3257268210799773]",12,3,36,10000
gpu,stock,2,demo,warm,30,0,submit_us,master,prior,576.6278669999999,591.0201665,564.4375335,567.6965835,1.3694670000000428,"[-17.33469999999994, 26.609049999999968]",0.22628515906908397,"[-3.215015834833096, 4.578319690272181]",12,3,36,10000
gpu,stock,2,demo,warm,30,0,complete_us,master,prior,1058.7916500000001,1106.6729835,1073.0104000000001,1064.272883,25.382049999999992,"[-27.41666650000002, 119.92304949999993]",2.922383127729511,"[-1.788576434140321, 12.391553188309079]",12,3,36,10000
gpu,stock,2,demo,warm,30,0,draw_us,master,updated45,232.55488300000002,215.7742835,227.5902165,214.58326649999998,-2.007716500000015,"[-8.3214835, 11.911016500000002]",-0.9175713165308519,"[-3.808799439005023, 5.055694912139419]",12,3,36,10000
gpu,stock,2,demo,warm,30,0,submit_us,master,updated45,576.6278669999999,538.5520665,564.4375335,536.2118164999999,1.6048665000000142,"[-19.410433499999954, 39.91934999999995]",0.3170012317367299,"[-3.5794485286367808, 6.820902659233474]",12,3,36,10000
gpu,stock,2,demo,warm,30,0,complete_us,master,updated45,1058.7916500000001,1041.1048165,1073.0104000000001,1027.8465,102.3556000000001,"[-73.24988299999995, 166.79174999999998]",10.66397318426161,"[-6.02961038853021, 17.19291786058784]",12,3,36,10000
gpu,stock,2,demo,warm,30,0,draw_us,master,final,232.55488300000002,220.6751,227.5902165,217.233983,-1.9513670000000047,"[-6.381266999999994, 1.8466499999999968]",-0.8318534841720682,"[-2.918439982774601, 0.8848799063315593]",12,3,36,10000
gpu,stock,2,demo,warm,30,0,submit_us,master,final,576.6278669999999,548.6549669999999,564.4375335,544.171517,-3.030467000000044,"[-10.365349999999978, 2.9313670000000798]",-0.5522374385673101,"[-1.8877973647983215, 0.5389423895022449]",12,3,36,10000
gpu,stock,2,demo,warm,30,0,complete_us,master,final,1058.7916500000001,1014.359033,1073.0104000000001,990.442967,63.159850500000005,"[-99.87499999999994, 102.01928349999997]",6.11380799108896,"[-8.987127976089083, 10.676616552401418]",12,3,36,10000
gpu,stock,2,demo,warm,30,0,draw_us,prior,updated45,236.4687335,215.7742835,228.15075000000002,214.58326649999998,-1.0411000000000001,"[-4.361083000000008, 8.99026649999999]",-0.4887517738607128,"[-1.8896917750421405, 3.886047346640864]",12,3,36,10000
gpu,stock,2,demo,warm,30,0,submit_us,prior,updated45,591.0201665,538.5520665,567.6965835,536.2118164999999,0.584699999999998,"[-10.409033500000021, 26.782533]",0.11013204859206538,"[-1.6920331278386047, 4.575367352758386]",12,3,36,10000
gpu,stock,2,demo,warm,30,0,complete_us,prior,updated45,1106.6729835,1041.1048165,1064.272883,1027.8465,52.05893350000008,"[-55.268149499999936, 144.0299000000001]",5.846094949329195,"[-5.04572646739434, 15.69301249804259]",12,3,36,10000
gpu,stock,2,demo,warm,30,0,draw_us,prior,final,236.4687335,220.6751,228.15075000000002,217.233983,0.20683299999998894,"[-25.720133500000003, 2.7228000000000065]",0.06306511501197876,"[-9.764776449138878, 1.2754939504585727]",12,3,36,10000
gpu,stock,2,demo,warm,30,0,submit_us,prior,final,591.0201665,548.6549669999999,567.6965835,544.171517,-4.482599999999991,"[-76.49026700000002, 12.06110000000001]",-0.8501257306192278,"[-11.473944647846444, 2.303428911413996]",12,3,36,10000
gpu,stock,2,demo,warm,30,0,complete_us,prior,final,1106.6729835,1014.359033,1064.272883,990.442967,-43.19739950000002,"[-130.17151649999994, 84.69986649999998]",-4.0432844217648976,"[-9.78271539909083, 8.03691779798087]",12,3,36,10000
gpu,stock,2,demo,warm,30,0,draw_us,updated45,final,215.7742835,220.6751,214.58326649999998,217.233983,-0.7776829999999819,"[-8.521500000000003, 2.3993665000000135]",-0.3658756525848239,"[-3.4625157820653896, 1.1545978449085337]",12,3,36,10000
gpu,stock,2,demo,warm,30,0,submit_us,updated45,final,538.5520665,548.6549669999999,536.2118164999999,544.171517,0.3472340000000145,"[-27.96098349999994, 10.033317000000011]",0.057542448369657384,"[-4.51166628386217, 1.8846733034246]",12,3,36,10000
gpu,stock,2,demo,warm,30,0,complete_us,updated45,final,1041.1048165,1014.359033,1027.8465,990.442967,-61.70264950000012,"[-156.0035665000001, 33.229783]",-6.148532738152001,"[-12.779154992901438, 3.5270951717317867]",12,3,36,10000
gpu,stock,2,demo,zoom_in,12,2865,draw_us,master,prior,2191.9495835,2208.1596665,2154.52425,2210.395875,-22.89583299999981,"[-44.02420850000021, 47.859375]",-1.0641588166659777,"[-1.9719919237259187, 2.041326717884573]",12,3,36,10000
gpu,stock,2,demo,zoom_in,12,2865,submit_us,master,prior,2462.8124165,2489.7622499999998,2404.032958,2497.7484165,-7.760250000000042,"[-43.40108349999991, 87.64412500000003]",-0.35029812268456695,"[-1.7446593765024332, 3.3488846968691033]",12,3,36,10000
gpu,stock,2,demo,zoom_in,12,2865,complete_us,master,prior,4176.1510835,4539.2985415,4225.1214585,4447.6631665,137.94274950000022,"[-14.20129199999974, 397.99320850000004]",3.6002541994697435,"[-0.04505661102548464, 8.438341917048264]",12,3,36,10000
gpu,stock,2,demo,zoom_in,12,2865,draw_us,master,updated45,2191.9495835,2048.421958,2154.52425,2045.03475,-30.31600000000003,"[-85.2967500000002, 47.2502085000001]",-1.4823006705411312,"[-4.321797591181269, 2.1332242142496405]",12,3,36,10000
gpu,stock,2,demo,zoom_in,12,2865,submit_us,master,updated45,2462.8124165,2296.7517915,2404.032958,2291.0035415,-27.520750000000135,"[-90.75016649999998, 72.5313755000002]",-1.2137220044863561,"[-4.120769930430757, 2.924066410107695]",12,3,36,10000
gpu,stock,2,demo,zoom_in,12,2865,complete_us,master,updated45,4176.1510835,4042.8785835,4225.1214585,3959.5679165,-13.380041999999776,"[-302.715375, 668.5732079999998]",-0.32324787590782833,"[-7.460046188417735, 15.050619712581636]",12,3,36,10000
gpu,stock,2,demo,zoom_in,12,2865,draw_us,master,final,2191.9495835,2050.079875,2154.52425,2011.06425,-63.236125000000015,"[-170.5504165000002, -7.145750000000021]",-3.113139528870712,"[-7.464553348269242, -0.42794377364784864]",12,3,36,10000
gpu,stock,2,demo,zoom_in,12,2865,submit_us,master,final,2462.8124165,2307.8455415,2404.032958,2264.4237085,-64.38016649999986,"[-188.2082495000002, 14.512166500000149]",-2.920455501049962,"[-7.266865032171993, 0.4900513195989442]",12,3,36,10000
gpu,stock,2,demo,zoom_in,12,2865,complete_us,master,final,4176.1510835,4035.6232085,4225.1214585,3907.7049585,-204.8313750000002,"[-383.8507915, 40.58329149999986]",-4.815914292855145,"[-9.597675550297495, 1.0217431625461626]",12,3,36,10000
gpu,stock,2,demo,zoom_in,12,2865,draw_us,prior,updated45,2208.1596665,2048.421958,2210.395875,2045.03475,1.987916499999983,"[-110.2847495000002, 49.68583349999983]",0.1059575757801301,"[-5.162424703680513, 2.3796353551024385]",12,3,36,10000
gpu,stock,2,demo,zoom_in,12,2865,submit_us,prior,updated45,2489.7622499999998,2296.7517915,2497.7484165,2291.0035415,12.972166499999958,"[-134.837, 37.95658350000008]",0.5768621788605655,"[-5.629100531821685, 1.6369247012057775]",12,3,36,10000
gpu,stock,2,demo,zoom_in,12,2865,complete_us,prior,updated45,4539.2985415,4042.8785835,4447.6631665,3959.5679165,11.798833500000228,"[-512.9895834999998, 560.8682499999998]",0.06798572745304043,"[-11.848540490425858, 13.241680490289067]",12,3,36,10000
gpu,stock,2,demo,zoom_in,12,2865,draw_us,prior,final,2208.1596665,2050.079875,2210.395875,2011.06425,-35.404624499999954,"[-238.59883350000007, 27.614541499999973]",-1.7873871772654037,"[-10.096717319748251, 1.301843890771015]",12,3,36,10000
gpu,stock,2,demo,zoom_in,12,2865,submit_us,prior,final,2489.7622499999998,2307.8455415,2497.7484165,2264.4237085,-44.47749950000002,"[-285.83858299999997, 26.633416500000067]",-2.010856567851149,"[-10.58620997073822, 1.1175712748475841]",12,3,36,10000
gpu,stock,2,demo,zoom_in,12,2865,complete_us,prior,final,4539.2985415,4035.6232085,4447.6631665,3907.7049585,-345.66679099999965,"[-645.6144999999999, 73.05224999999996]",-7.406942497559083,"[-13.754699975972912, 1.9826991391566962]",12,3,36,10000
gpu,stock,2,demo,zoom_in,12,2865,draw_us,updated45,final,2048.421958,2050.079875,2045.03475,2011.06425,-18.828416999999945,"[-61.974083000000064, 14.006958499999996]",-0.8252544890815394,"[-3.031257891486666, 0.7072093574810756]",12,3,36,10000
gpu,stock,2,demo,zoom_in,12,2865,submit_us,updated45,final,2296.7517915,2307.8455415,2291.0035415,2264.4237085,4.697790999999825,"[-70.20133299999998, 21.208417000000054]",0.1841701577130206,"[-3.0638912536816054, 0.9651688627154931]",12,3,36,10000
gpu,stock,2,demo,zoom_in,12,2865,complete_us,updated45,final,4042.8785835,4035.6232085,3959.5679165,3907.7049585,-145.68554199999994,"[-587.5347914999998, -35.6235829999996]",-3.928734567552228,"[-11.170194544638113, -0.7179655727780232]",12,3,36,10000
gpu,stock,2,demo,zoom_out,12,1927,draw_us,master,prior,1425.1285,1438.715375,1412.9009999999998,1446.989625,-25.25520849999998,"[-38.6040835, 53.835083499999996]",-1.907609504179253,"[-2.661970702482069, 3.8408510024912523]",12,3,36,10000
gpu,stock,2,demo,zoom_out,12,1927,submit_us,master,prior,1809.392417,1857.7325835,1797.1720415,1861.890625,-30.348959000000036,"[-39.85070799999994, 77.42525]",-1.6587443884612307,"[-2.2228220527420683, 4.3230255576301335]",12,3,36,10000
gpu,stock,2,demo,zoom_out,12,1927,complete_us,master,prior,2946.927083,3730.3715414999997,2891.833333,3402.46525,17.02604150000002,"[-32.609458499999846, 310.46516649999967]",0.37039742245628116,"[-1.20781823690424, 8.932215983351654]",12,3,36,10000
gpu,stock,2,demo,zoom_out,12,1927,draw_us,master,updated45,1425.1285,1331.3610415,1412.9009999999998,1323.2985414999998,-31.649291500000004,"[-55.79529200000002, 38.81600000000003]",-2.206242991582924,"[-4.124488408070354, 2.820355026575061]",12,3,36,10000
gpu,stock,2,demo,zoom_out,12,1927,submit_us,master,updated45,1809.392417,1709.5503330000001,1797.1720415,1698.991292,-30.13379150000003,"[-62.69795899999997, 58.1056665000001]",-1.6211456214805575,"[-3.7023884464973067, 3.280359194906901]",12,3,36,10000
gpu,stock,2,demo,zoom_out,12,1927,complete_us,master,updated45,2946.927083,2783.0901670000003,2891.833333,2809.4254170000004,-57.94808349999994,"[-94.30904149999992, 590.7568335000001]",-1.78162993028953,"[-3.3876946233801553, 20.47225122823382]",12,3,36,10000
gpu,stock,2,demo,zoom_out,12,1927,draw_us,master,final,1425.1285,1328.7430415,1412.9009999999998,1372.258542,-56.30387499999995,"[-72.67537549999997, -22.598957999999925]",-3.7635418775334495,"[-5.461912391517249, -1.7808319247678395]",12,3,36,10000
gpu,stock,2,demo,zoom_out,12,1927,submit_us,master,final,1809.392417,1706.92175,1797.1720415,1772.8331665,-47.09391649999998,"[-92.5625, -13.690916499999958]",-2.714222158689661,"[-5.444292100004794, -0.8496917294378348]",12,3,36,10000
gpu,stock,2,demo,zoom_out,12,1927,complete_us,master,final,2946.927083,3030.1960835,2891.833333,3076.189417,-6.267375000000129,"[-91.5315415, 79.52408349999996]",-0.15922267151758374,"[-3.321084763101278, 2.33507132928078]",12,3,36,10000
gpu,stock,2,demo,zoom_out,12,1927,draw_us,prior,updated45,1438.715375,1331.3610415,1446.989625,1323.2985414999998,-3.3316665000000967,"[-69.203125, 40.96712500000001]",-0.2235355489056734,"[-4.976460546797267, 3.310220483950299]",12,3,36,10000
gpu,stock,2,demo,zoom_out,12,1927,submit_us,prior,updated45,1857.7325835,1709.5503330000001,1861.890625,1698.991292,-1.2570835000000216,"[-77.97216649999996, 43.704875000000015]",-0.06515871563076425,"[-4.403332026226037, 2.7540622051324903]",12,3,36,10000
gpu,stock,2,demo,zoom_out,12,1927,complete_us,prior,updated45,3730.3715414999997,2783.0901670000003,3402.46525,2809.4254170000004,-35.16508350000004,"[-132.23433350000005, 75.37150050000037]",-1.1744242979165709,"[-4.578319126843949, 2.21658619671109]",12,3,36,10000
gpu,stock,2,demo,zoom_out,12,1927,draw_us,prior,final,1438.715375,1328.7430415,1446.989625,1372.258542,-35.69274999999993,"[-130.52612499999998, -15.383666999999946]",-2.5236977905475744,"[-8.78507448977835, -1.0433149455606916]",12,3,36,10000
gpu,stock,2,demo,zoom_out,12,1927,submit_us,prior,final,1857.7325835,1706.92175,1861.890625,1772.8331665,-37.38020800000004,"[-171.11287499999992, -5.017583500000001]",-2.2951580966564302,"[-8.904796906935042, -0.29262368958642426]",12,3,36,10000
gpu,stock,2,demo,zoom_out,12,1927,complete_us,prior,final,3730.3715414999997,3030.1960835,3402.46525,3076.189417,-98.18762449999986,"[-822.6787079999999, 29.68225050000001]",-3.5331743902298376,"[-19.58029040777844, 1.1055879404711366]",12,3,36,10000
gpu,stock,2,demo,zoom_out,12,1927,draw_us,updated45,final,1331.3610415,1328.7430415,1323.2985414999998,1372.258542,-32.20833349999998,"[-51.74658299999999, -0.22566699999993034]",-2.2460659424486327,"[-3.718545976422355, -0.012047013698784914]",12,3,36,10000
gpu,stock,2,demo,zoom_out,12,1927,submit_us,updated45,final,1709.5503330000001,1706.92175,1698.991292,1772.8331665,-37.602457999999956,"[-59.94599949999997, -2.8924164999999675]",-2.109964611766907,"[-3.3292627461685766, -0.14622409260884317]",12,3,36,10000
gpu,stock,2,demo,zoom_out,12,1927,complete_us,updated45,final,2783.0901670000003,3030.1960835,2809.4254170000004,3076.189417,-47.91149949999999,"[-688.6647495, 96.35937499999977]",-1.7783021478040284,"[-17.406420036881784, 3.2985945415100693]",12,3,36,10000
gpu,stock,2,font_variations,first_paint,1,263,draw_us,master,prior,1877.7705,1833.7705,1861.1665,1850.958,-30.457499999999982,"[-74.95850000000007, 63.041999999999916]",-1.7525761841375387,"[-3.740542495343008, 3.7131148184441853]",12,3,36,10000
gpu,stock,2,font_variations,first_paint,1,263,submit_us,master,prior,3405.8540000000003,3393.3955,3377.4790000000003,3394.4375,28.750499999999874,"[-125.04150000000004, 182.43700000000013]",0.9155408543948473,"[-3.555229853837644, 5.826577360955509]",12,3,36,10000
gpu,stock,2,font_variations,first_paint,1,263,complete_us,master,prior,5536.5205000000005,5766.5419999999995,5324.833500000001,5796.313,423.9789999999998,"[-131.8744999999999, 937.4585000000002]",9.510685620057213,"[-2.1451240199357233, 18.79412212737195]",12,3,36,10000
gpu,stock,2,font_variations,first_paint,1,263,draw_us,master,updated45,1877.7705,1802.4585000000002,1861.1665,1756.438,-35.89599999999996,"[-137.31150000000002, 113.85450000000003]",-2.008377293878272,"[-7.470458186920576, 6.233382763714291]",12,3,36,10000
gpu,stock,2,font_variations,first_paint,1,263,submit_us,master,updated45,3405.8540000000003,3242.8334999999997,3377.4790000000003,3206.5625,-32.16650000000004,"[-176.10400000000004, 110.14550000000008]",-1.0430031932268657,"[-5.289662036583054, 3.234531397061724]",12,3,36,10000
gpu,stock,2,font_variations,first_paint,1,263,complete_us,master,updated45,5536.5205000000005,5554.25,5324.833500000001,5588.167,206.12550000000056,"[-625.5409999999997, 1329.0]",4.992310004979655,"[-10.321965558525514, 28.145253417604522]",12,3,36,10000
gpu,stock,2,font_variations,first_paint,1,263,draw_us,master,final,1877.7705,1824.979,1861.1665,1788.729,-36.375499999999874,"[-127.20799999999997, 22.125]",-2.04065577526808,"[-6.958266363069987, 1.1900642324468746]",12,3,36,10000
gpu,stock,2,font_variations,first_paint,1,263,submit_us,master,final,3405.8540000000003,3324.9584999999997,3377.4790000000003,3260.0209999999997,-35.687999999999874,"[-155.85350000000017, 55.54150000000004]",-1.1005986614155083,"[-4.73024166845803, 1.750628857496772]",12,3,36,10000
gpu,stock,2,font_variations,first_paint,1,263,complete_us,master,final,5536.5205000000005,5173.9794999999995,5324.833500000001,4923.6669999999995,-231.9590000000003,"[-812.4994999999999, 216.41700000000037]",-4.867438826146942,"[-13.969425380354783, 4.312589436110647]",12,3,36,10000
gpu,stock,2,font_variations,first_paint,1,263,draw_us,prior,updated45,1833.7705,1802.4585000000002,1850.958,1756.438,-19.54099999999994,"[-193.3745, 0.7700000000000955]",-1.138087466765253,"[-5.29288000723122, 0.06369094384227059]",12,3,36,10000
gpu,stock,2,font_variations,first_paint,1,263,submit_us,prior,updated45,3393.3955,3242.8334999999997,3394.4375,3206.5625,-85.70849999999996,"[-269.3125, 81.25]",-2.632116114644134,"[-7.787841575390975, 1.573923919218767]",12,3,36,10000
gpu,stock,2,font_variations,first_paint,1,263,complete_us,prior,updated45,5766.5419999999995,5554.25,5796.313,5588.167,-20.5,"[-808.0415000000003, 509.8755000000001]",-0.28707840040070876,"[-14.126987989894719, 9.557396262350693]",12,3,36,10000
gpu,stock,2,font_variations,first_paint,1,263,draw_us,prior,final,1833.7705,1824.979,1850.958,1788.729,-35.958499999999844,"[-152.33299999999997, 18.124500000000126]",-2.1101537571427964,"[-7.622882507106176, 1.0625680721816466]",12,3,36,10000
gpu,stock,2,font_variations,first_paint,1,263,submit_us,prior,final,3393.3955,3324.9584999999997,3394.4375,3260.0209999999997,-124.27099999999996,"[-302.54150000000004, -28.08250000000021]",-3.827312824287077,"[-8.272139416171587, -0.8788633592454298]",12,3,36,10000
gpu,stock,2,font_variations,first_paint,1,263,complete_us,prior,final,5766.5419999999995,5173.9794999999995,5796.313,4923.6669999999995,-693.9165000000003,"[-1140.4789999999998, -55.604499999999916]",-12.866054534716671,"[-19.636967987973403, -1.1090985545599508]",12,3,36,10000
gpu,stock,2,font_variations,first_paint,1,263,draw_us,updated45,final,1802.4585000000002,1824.979,1756.438,1788.729,-16.499999999999886,"[-92.0625, 39.728500000000054]",-0.9827106259517437,"[-4.664589611990016, 2.2508505789425315]",12,3,36,10000
gpu,stock,2,font_variations,first_paint,1,263,submit_us,updated45,final,3242.8334999999997,3324.9584999999997,3206.5625,3260.0209999999997,-22.208000000000084,"[-78.22900000000004, 66.33300000000008]",-0.6733997749203413,"[-2.344145340631798, 2.029531709324206]",12,3,36,10000
gpu,stock,2,font_variations,first_paint,1,263,complete_us,updated45,final,5554.25,5173.9794999999995,5588.167,4923.6669999999995,-806.2915000000003,"[-1112.687, -40.66700000000037]",-12.617809161420995,"[-18.465358001668655, -0.809045908953776]",12,3,36,10000
gpu,stock,2,font_variations,slant_advance,10,1158,draw_us,master,prior,838.1584,856.95615,829.4646,865.52505,18.427349999999933,"[-25.506150000000048, 83.41065000000003]",2.202680404416568,"[-3.122165803857091, 7.176554533771695]",12,3,36,10000
gpu,stock,2,font_variations,slant_advance,10,1158,submit_us,master,prior,896.24995,925.9812,883.93745,930.5834,21.256249999999966,"[-24.01875000000001, 102.11470000000008]",2.30335404917108,"[-2.7547589557523566, 8.586686430806633]",12,3,36,10000
gpu,stock,2,font_variations,slant_advance,10,1158,complete_us,master,prior,1670.4292,1903.498,1670.3523,1937.8334,89.2459,"[-38.564800000000105, 408.8834999999999]",3.5153166367667077,"[-2.686136685190749, 23.909731646901612]",12,3,36,10000
gpu,stock,2,font_variations,slant_advance,10,1158,draw_us,master,updated45,838.1584,822.17505,829.4646,794.5271,-10.331250000000011,"[-43.82909999999998, 51.956500000000005]",-1.3062593645752907,"[-5.370040493333233, 6.144049145231156]",12,3,36,10000
gpu,stock,2,font_variations,slant_advance,10,1158,submit_us,master,updated45,896.24995,879.0459000000001,883.93745,849.32495,-8.243749999999977,"[-41.16444999999999, 78.53339999999997]",-0.974334191507159,"[-4.7243398045265454, 8.689894659833442]",12,3,36,10000
gpu,stock,2,font_variations,slant_advance,10,1158,complete_us,master,updated45,1670.4292,1467.4958,1670.3523,1310.3209,-2.018950000000018,"[-369.5023, 290.5646499999999]",-0.15814757500519638,"[-22.117216638499222, 17.914419022222482]",12,3,36,10000
gpu,stock,2,font_variations,slant_advance,10,1158,draw_us,master,final,838.1584,823.3124,829.4646,806.71245,-15.604300000000023,"[-42.58934999999997, 10.939599999999984]",-2.005030449510498,"[-4.542621363898891, 1.3187311146892866]",12,3,36,10000
gpu,stock,2,font_variations,slant_advance,10,1158,submit_us,master,final,896.24995,878.3186499999999,883.93745,862.67295,-14.210550000000012,"[-44.49565000000001, 11.30419999999998]",-1.706658697087765,"[-4.369898360271379, 1.267637581918335]",12,3,36,10000
gpu,stock,2,font_variations,slant_advance,10,1158,complete_us,master,final,1670.4292,1504.22505,1670.3523,1402.3562,-54.679449999999974,"[-389.63155000000006, 39.52269999999987]",-3.3723502775169223,"[-21.311725902854675, 2.981304669926538]",12,3,36,10000
gpu,stock,2,font_variations,slant_advance,10,1158,draw_us,prior,updated45,856.95615,822.17505,865.52505,794.5271,-1.1353999999999473,"[-80.74135000000001, 33.154150000000016]",-0.1463708889299309,"[-8.95524569997016, 3.1507618674117666]",12,3,36,10000
gpu,stock,2,font_variations,slant_advance,10,1158,submit_us,prior,updated45,925.9812,879.0459000000001,930.5834,849.32495,-0.7895999999999503,"[-106.79774999999995, 52.19375000000008]",-0.10398387817128762,"[-10.725581778568475, 3.67779257216031]",12,3,36,10000
gpu,stock,2,font_variations,slant_advance,10,1158,complete_us,prior,updated45,1903.498,1467.4958,1937.8334,1310.3209,-6.454149999999913,"[-541.53345, 56.19794999999988]",-0.15194965654354853,"[-29.45591599367671, 3.475801589077787]",12,3,36,10000
gpu,stock,2,font_variations,slant_advance,10,1158,draw_us,prior,final,856.95615,823.3124,865.52505,806.71245,-47.89805000000001,"[-116.01029999999997, 13.464500000000044]",-5.744116572827496,"[-11.676924362538626, 1.6953888549646856]",12,3,36,10000
gpu,stock,2,font_variations,slant_advance,10,1158,submit_us,prior,final,925.9812,878.3186499999999,930.5834,862.67295,-53.88764999999995,"[-150.83529999999996, 11.479249999999979]",-5.979699132969723,"[-14.124991638583296, 1.3446111726454602]",12,3,36,10000
gpu,stock,2,font_variations,slant_advance,10,1158,complete_us,prior,final,1903.498,1504.22505,1937.8334,1402.3562,-244.49785000000008,"[-603.6461, 14.016599999999926]",-11.302975391681208,"[-31.18795227615726, 1.1139286494805667]",12,3,36,10000
gpu,stock,2,font_variations,slant_advance,10,1158,draw_us,updated45,final,822.17505,823.3124,794.5271,806.71245,-7.956299999999942,"[-13.22500000000008, 2.662300000000016]",-0.961413299068592,"[-1.6062567477730438, 0.3402341015620203]",12,3,36,10000
gpu,stock,2,font_variations,slant_advance,10,1158,submit_us,updated45,final,879.0459000000001,878.3186499999999,849.32495,862.67295,-9.835399999999993,"[-19.285499999999956, 0.9103999999999814]",-1.2088532986621159,"[-2.028440401783799, 0.10476453330572344]",12,3,36,10000
gpu,stock,2,font_variations,slant_advance,10,1158,complete_us,updated45,final,1467.4958,1504.22505,1310.3209,1402.3562,-17.2188000000001,"[-308.76275, 29.675000000000182]",-1.3575848970124038,"[-16.386894367299487, 1.431897402081539]",12,3,36,10000
gpu,stock,2,font_variations,slant_return,10,0,draw_us,master,prior,48.6499,46.8187,46.13535,46.302099999999996,-1.272949999999998,"[-5.302099999999999, 1.7354500000000002]",-2.6244744819263257,"[-10.049611123914232, 4.228945362723768]",12,3,36,10000
gpu,stock,2,font_variations,slant_return,10,0,submit_us,master,prior,115.36045,114.5479,113.18115,115.7313,-1.0251499999999965,"[-10.410499999999999, 7.691549999999992]",-0.9697551339706789,"[-5.410548768898826, 6.568323085942751]",12,3,36,10000
gpu,stock,2,font_variations,slant_return,10,0,complete_us,master,prior,329.7104,338.37710000000004,332.33335,346.6979,10.162349999999975,"[-2.343550000000022, 57.54595000000003]",3.42402420356529,"[-0.5780639897125017, 10.955864000598293]",12,3,36,10000
gpu,stock,2,font_variations,slant_return,10,0,draw_us,master,updated45,48.6499,44.166700000000006,46.13535,43.43955,-2.2874499999999998,"[-3.3415999999999997, 1.558399999999999]",-5.151038562156384,"[-6.819556058429827, 3.7398390779143975]",12,3,36,10000
gpu,stock,2,font_variations,slant_return,10,0,submit_us,master,updated45,115.36045,104.69995,113.18115,103.6083,-4.402250000000002,"[-14.802250000000008, 7.456200000000003]",-3.8491164245203544,"[-12.165582476415231, 7.799572136250122]",12,3,36,10000
gpu,stock,2,font_variations,slant_return,10,0,complete_us,master,updated45,329.7104,320.52279999999996,332.33335,310.41465,-0.03350000000000364,"[-75.57714999999999, 12.62915000000001]",-0.1818833568915823,"[-18.32741130909926, 4.507779878795304]",12,3,36,10000
gpu,stock,2,font_variations,slant_return,10,0,draw_us,master,final,48.6499,46.372749999999996,46.13535,44.7562,-2.0625999999999998,"[-6.575099999999999, -0.9457500000000003]",-4.778009081079537,"[-12.158573309832754, -2.2434839527751107]",12,3,36,10000
gpu,stock,2,font_variations,slant_return,10,0,submit_us,master,final,115.36045,110.97095,113.18115,106.95815,-3.0709499999999963,"[-18.61905, 1.5418499999999966]",-3.056170043005757,"[-14.467126826988947, 1.502296962563654]",12,3,36,10000
gpu,stock,2,font_variations,slant_return,10,0,complete_us,master,final,329.7104,326.25014999999996,332.33335,323.35630000000003,-5.239600000000024,"[-46.94810000000001, 4.198050000000023]",-1.7574699002541827,"[-12.406195645691593, 1.405257838506413]",12,3,36,10000
gpu,stock,2,font_variations,slant_return,10,0,draw_us,prior,updated45,46.8187,44.166700000000006,46.302099999999996,43.43955,-1.8853000000000009,"[-5.1956500000000005, 0.8248999999999995]",-4.239167204845174,"[-6.671726752237173, 2.026035733468712]",12,3,36,10000
gpu,stock,2,font_variations,slant_return,10,0,submit_us,prior,updated45,114.5479,104.69995,115.7313,103.6083,-3.295950000000005,"[-23.408400000000007, 0.9833499999999944]",-3.0821771835121687,"[-12.605085633742625, 0.8812955176328963]",12,3,36,10000
gpu,stock,2,font_variations,slant_return,10,0,complete_us,prior,updated45,338.37710000000004,320.52279999999996,346.6979,310.41465,-10.641750000000002,"[-34.527300000000025, 18.110500000000002]",-3.085125479865225,"[-10.749537446124025, 2.0181433834610463]",12,3,36,10000
gpu,stock,2,font_variations,slant_return,10,0,draw_us,prior,final,46.8187,46.372749999999996,46.302099999999996,44.7562,-4.5336,"[-6.29805, 0.23549999999999827]",-9.051721702772708,"[-12.764097521504342, 0.5455631310096354]",12,3,36,10000
gpu,stock,2,font_variations,slant_return,10,0,submit_us,prior,final,114.5479,110.97095,115.7313,106.95815,-12.383400000000002,"[-26.071099999999987, -3.2019500000000036]",-10.92754838182069,"[-18.533362325451574, -3.1732872072130824]",12,3,36,10000
gpu,stock,2,font_variations,slant_return,10,0,complete_us,prior,final,338.37710000000004,326.25014999999996,346.6979,323.35630000000003,-28.170749999999998,"[-62.37520000000001, -5.62915000000001]",-8.449380113171623,"[-16.000013831786852, -1.9137030340321992]",12,3,36,10000
gpu,stock,2,font_variations,slant_return,10,0,draw_us,updated45,final,44.166700000000006,46.372749999999996,43.43955,44.7562,-0.38534999999999897,"[-2.8271499999999996, 1.5624999999999964]",-0.8140775255317312,"[-6.535436092232893, 3.5058861971406285]",12,3,36,10000
gpu,stock,2,font_variations,slant_return,10,0,submit_us,updated45,final,104.69995,110.97095,103.6083,106.95815,-1.8811999999999998,"[-9.241499999999995, 9.418749999999996]",-1.931906733298411,"[-8.390097040522921, 8.764902335700864]",12,3,36,10000
gpu,stock,2,font_variations,slant_return,10,0,complete_us,updated45,final,320.52279999999996,326.25014999999996,310.41465,323.35630000000003,-15.264600000000002,"[-102.50825, 11.431250000000006]",-5.2000748816667555,"[-23.011092521601377, 3.941247978471063]",12,3,36,10000
gpu,stock,2,font_variations,warm,30,0,draw_us,master,prior,43.098600000000005,42.464,42.9764665,42.464,-0.40771649999999937,"[-1.1894670000000005, 1.430400500000001]",-0.9802688686987471,"[-2.8244585497970878, 3.4105976190514586]",12,3,36,10000
gpu,stock,2,font_variations,warm,30,0,submit_us,master,prior,100.157,98.10215,97.05420000000001,98.10215,0.5186835000000016,"[-3.324849499999999, 4.1860830000000036]",0.4802354245218188,"[-3.6736210902671322, 4.507322671503811]",12,3,36,10000
gpu,stock,2,font_variations,warm,30,0,complete_us,master,prior,319.6729335,317.45615,308.12284999999997,320.44586649999997,5.578583500000008,"[-12.805517000000009, 47.90431650000002]",2.0114287673127618,"[-4.0701062844714695, 11.944627004661866]",12,3,36,10000
gpu,stock,2,font_variations,warm,30,0,draw_us,master,updated45,43.098600000000005,41.008883499999996,42.9764665,40.793783,-1.3708504999999995,"[-1.7569669999999995, 0.19438349999999716]",-3.3471899637664,"[-4.198416872418326, 0.5289122380762512]",12,3,36,10000
gpu,stock,2,font_variations,warm,30,0,submit_us,master,updated45,100.157,91.89586700000001,97.05420000000001,89.2472665,-1.1970500000000115,"[-6.083400500000003, 3.12230000000001]",-1.3570777081906515,"[-6.401046719298103, 3.19636975384634]",12,3,36,10000
gpu,stock,2,font_variations,warm,30,0,complete_us,master,updated45,319.6729335,299.338833,308.12284999999997,299.9457835,-6.4124835000000076,"[-22.02914999999996, 22.25498349999998]",-1.835235075048336,"[-7.18507783940815, 7.880649240707816]",12,3,36,10000
gpu,stock,2,font_variations,warm,30,0,draw_us,master,final,43.098600000000005,42.3695,42.9764665,41.950617,-0.43400000000000105,"[-2.5478164999999997, 0.44235049999999987]",-1.0555639162315333,"[-5.583599622519635, 1.1077050687904655]",12,3,36,10000
gpu,stock,2,font_variations,warm,30,0,submit_us,master,final,100.157,95.58536699999999,97.05420000000001,94.1548,-2.063867000000002,"[-9.304933000000005, 6.837500000000006]",-2.288648798293252,"[-9.233375109032016, 7.293870430243055]",12,3,36,10000
gpu,stock,2,font_variations,warm,30,0,complete_us,master,final,319.6729335,313.4999835,308.12284999999997,311.7888835,-4.903366499999976,"[-18.9507165, 20.194466999999975]",-1.7268077921312575,"[-5.997219670893106, 7.146969367582978]",12,3,36,10000
gpu,stock,2,font_variations,warm,30,0,draw_us,prior,updated45,42.464,41.008883499999996,42.464,40.793783,-0.932067,"[-4.120067000000002, -0.07988349999999755]",-2.2767498742819416,"[-7.657266630521476, -0.19310988134322304]",12,3,36,10000
gpu,stock,2,font_variations,warm,30,0,submit_us,prior,updated45,98.10215,91.89586700000001,98.10215,89.2472665,-4.658383499999999,"[-20.7569, 2.4097829999999973]",-4.735475462114202,"[-12.85071311582573, 2.8285865243591113]",12,3,36,10000
gpu,stock,2,font_variations,warm,30,0,complete_us,prior,updated45,317.45615,299.338833,320.44586649999997,299.9457835,-3.1007335000000182,"[-73.08690049999998, 6.810316499999999]",-1.094125015791786,"[-19.581862741991735, 2.5144854117592264]",12,3,36,10000
gpu,stock,2,font_variations,warm,30,0,draw_us,prior,final,42.464,42.3695,42.464,41.950617,-0.4430665000000005,"[-5.400583500000003, 0.45895050000000026]",-1.0792124979943196,"[-11.23625392842957, 1.1150880825022913]",12,3,36,10000
gpu,stock,2,font_variations,warm,30,0,submit_us,prior,final,98.10215,95.58536699999999,98.10215,94.1548,-6.688250500000009,"[-14.5040835, 5.884700000000002]",-5.921847599761704,"[-13.4770755951327, 6.721189672054995]",12,3,36,10000
gpu,stock,2,font_variations,warm,30,0,complete_us,prior,final,317.45615,313.4999835,320.44586649999997,311.7888835,-0.9354005000000143,"[-55.194533500000006, 13.608183500000024]",-0.27148008638241405,"[-15.980063358103632, 3.6715985788238648]",12,3,36,10000
gpu,stock,2,font_variations,warm,30,0,draw_us,updated45,final,41.008883499999996,42.3695,40.793783,41.950617,0.2299004999999994,"[-1.035415999999998, 1.1202169999999967]",0.5367230935328593,"[-2.5249483409595763, 2.852818368127663]",12,3,36,10000
gpu,stock,2,font_variations,warm,30,0,submit_us,updated45,final,91.89586700000001,95.58536699999999,89.2472665,94.1548,0.7937669999999954,"[-4.143750000000004, 5.2561330000000055]",0.7462713058835113,"[-4.504961520897827, 6.043111647523158]",12,3,36,10000
gpu,stock,2,font_variations,warm,30,0,complete_us,updated45,final,299.338833,313.4999835,299.9457835,311.7888835,3.4958665000000053,"[-19.505599999999987, 25.33681649999997]",1.0896259939808473,"[-6.254895952932827, 8.942437659193104]",12,3,36,10000
gpu,stock,2,font_variations,weight_advance,6,717,draw_us,master,prior,929.4235,955.9445000000001,915.9928335,961.7568335000001,55.09016650000001,"[-16.54174999999998, 73.95133400000003]",6.501775972809942,"[-1.911763332577343, 7.894315347657854]",12,3,36,10000
gpu,stock,2,font_variations,weight_advance,6,717,submit_us,master,prior,981.0416665,1017.9165834999999,969.9963335,1025.06925,53.40616700000004,"[-17.86099999999999, 82.7220835]",6.126440723276083,"[-1.9493235240507112, 8.566856955809143]",12,3,36,10000
gpu,stock,2,font_variations,weight_advance,6,717,complete_us,master,prior,1694.4166664999998,1773.5315,1535.5416664999998,1949.2985835,164.1319165,"[-2.128332999999998, 435.66333350000014]",8.094178925227958,"[-0.2538453200975066, 22.712934042890886]",12,3,36,10000
gpu,stock,2,font_variations,weight_advance,6,717,draw_us,master,updated45,929.4235,877.760417,915.9928335,870.1633335,12.809000000000026,"[-15.978916500000025, 47.542082999999934]",1.5244397608829896,"[-1.8656759934201905, 5.025542088148526]",12,3,36,10000
gpu,stock,2,font_variations,weight_advance,6,717,submit_us,master,updated45,981.0416665,935.3299999999999,969.9963335,918.8785,11.506916500000045,"[-16.697749499999986, 61.45524999999998]",1.3022290467310293,"[-1.8386666495543935, 6.117341113729379]",12,3,36,10000
gpu,stock,2,font_variations,weight_advance,6,717,complete_us,master,updated45,1694.4166664999998,1664.54175,1535.5416664999998,1639.5869165,79.94108349999988,"[-11.215083999999933, 416.4445830000002]",5.985715698929328,"[-0.7929669750592616, 27.104110377382973]",12,3,36,10000
gpu,stock,2,font_variations,weight_advance,6,717,draw_us,master,final,929.4235,910.0001665,915.9928335,900.020833,-6.78800050000001,"[-25.628582999999992, 40.20141650000005]",-0.7350537647105471,"[-2.8628226560073355, 4.070855970237009]",12,3,36,10000
gpu,stock,2,font_variations,weight_advance,6,717,submit_us,master,final,981.0416665,965.3854165,969.9963335,952.9929999999999,-11.926999500000022,"[-26.795166499999993, 46.51041649999996]",-1.2996859639269498,"[-2.8429090109529653, 4.321689162114117]",12,3,36,10000
gpu,stock,2,font_variations,weight_advance,6,717,complete_us,master,final,1694.4166664999998,1691.475667,1535.5416664999998,1655.930417,38.11475000000007,"[-74.77816699999994, 175.8332499999999]",1.907008664011911,"[-4.425851421083626, 10.96859881393315]",12,3,36,10000
gpu,stock,2,font_variations,weight_advance,6,717,draw_us,prior,updated45,955.9445000000001,877.760417,961.7568335000001,870.1633335,0.02433349999995471,"[-82.57616700000005, 32.035000000000025]",0.0014964017243657146,"[-9.018385218065646, 2.431266012399924]",12,3,36,10000
gpu,stock,2,font_variations,weight_advance,6,717,submit_us,prior,updated45,1017.9165834999999,935.3299999999999,1025.06925,918.8785,-0.34708300000005465,"[-86.85033349999998, 21.287999999999784]",-0.007317514579979756,"[-8.997668551744715, 2.1233300222291307]",12,3,36,10000
gpu,stock,2,font_variations,weight_advance,6,717,complete_us,prior,updated45,1773.5315,1664.54175,1949.2985835,1639.5869165,63.54183350000005,"[-394.78458350000005, 176.4654999999999]",3.987060503474815,"[-21.52956389777733, 12.756648556927285]",12,3,36,10000
gpu,stock,2,font_variations,weight_advance,6,717,draw_us,prior,final,955.9445000000001,910.0001665,961.7568335000001,900.020833,-22.052000499999963,"[-123.81916700000005, 15.871666499999947]",-2.4971916756200754,"[-12.455929327586436, 1.7932191915478124]",12,3,36,10000
gpu,stock,2,font_variations,weight_advance,6,717,submit_us,prior,final,1017.9165834999999,965.3854165,1025.06925,952.9929999999999,-21.86808350000001,"[-143.10741649999994, 21.975832999999966]",-2.40401847751438,"[-13.361901567094431, 2.3591476307245673]",12,3,36,10000
gpu,stock,2,font_variations,weight_advance,6,717,complete_us,prior,final,1773.5315,1691.475667,1949.2985835,1655.930417,-98.01741649999997,"[-397.54858350000006, 54.68408350000004]",-5.716711293295096,"[-20.496897045074846, 2.527543032717178]",12,3,36,10000
gpu,stock,2,font_variations,weight_advance,6,717,draw_us,updated45,final,877.760417,910.0001665,870.1633335,900.020833,-9.649250499999994,"[-60.10050050000001, 20.249749500000007]",-1.1309182521939964,"[-6.029322999058123, 2.1032740486627843]",12,3,36,10000
gpu,stock,2,font_variations,weight_advance,6,717,submit_us,updated45,final,935.3299999999999,965.3854165,918.8785,952.9929999999999,-10.694500000000005,"[-70.83658350000002, 22.041499999999985]",-1.1891072082580056,"[-6.6612334505864625, 2.0990505645547164]",12,3,36,10000
gpu,stock,2,font_variations,weight_advance,6,717,complete_us,updated45,final,1664.54175,1691.475667,1639.5869165,1655.930417,-52.70858350000003,"[-405.28133300000013, 94.08666650000009]",-3.646094477303974,"[-20.63317528916638, 7.012049650816121]",12,3,36,10000
gpu,stock,2,font_variations,weight_return,6,0,draw_us,master,prior,44.1423335,45.3265835,42.0383335,45.3265835,-0.19416649999999436,"[-1.951416499999997, 5.801999500000001]",-0.5853903323891019,"[-4.829955849068806, 13.755812016008306]",12,3,36,10000
gpu,stock,2,font_variations,weight_return,6,0,submit_us,master,prior,100.22916699999999,105.2743335,94.53116650000001,105.736167,5.864583500000002,"[-3.510416500000005, 15.642250499999996]",5.909947486341393,"[-3.926495810271846, 16.698218587061397]",12,3,36,10000
gpu,stock,2,font_variations,weight_return,6,0,complete_us,master,prior,310.9930835,321.18408350000004,301.368,328.96533350000004,27.95150000000004,"[4.322833000000003, 45.66658350000003]",6.431379565474515,"[1.4332073727413186, 16.164071349893362]",12,3,36,10000
gpu,stock,2,font_variations,weight_return,6,0,draw_us,master,updated45,44.1423335,43.684,42.0383335,44.2916665,1.0831665000000008,"[-1.4998334999999976, 3.8924164999999995]",2.5391938189394003,"[-3.7144783753103985, 9.632536803802793]",12,3,36,10000
gpu,stock,2,font_variations,weight_return,6,0,submit_us,master,updated45,100.22916699999999,97.65625,94.53116650000001,99.0865835,6.482499999999995,"[-2.985916500000002, 19.840249999999997]",7.181227713594495,"[-3.314970337584061, 19.937218292490144]",12,3,36,10000
gpu,stock,2,font_variations,weight_return,6,0,complete_us,master,updated45,310.9930835,288.31241650000004,301.368,292.378333,-1.236333000000002,"[-21.6738335, 35.503333000000026]",-0.4480274775395032,"[-7.2094625285992135, 11.667654816895666]",12,3,36,10000
gpu,stock,2,font_variations,weight_return,6,0,draw_us,master,final,44.1423335,42.125,42.0383335,42.8680835,-0.1629170000000002,"[-0.9758334999999967, 1.562583]",-0.388268593248442,"[-2.2530351792206083, 3.8627722821435007]",12,3,36,10000
gpu,stock,2,font_variations,weight_return,6,0,submit_us,master,final,100.22916699999999,96.135417,94.53116650000001,96.60075,0.2639999999999958,"[-3.795333499999998, 4.298666999999995]",0.27532162837822227,"[-3.9960165378863435, 4.880100414968935]",12,3,36,10000
gpu,stock,2,font_variations,weight_return,6,0,complete_us,master,final,310.9930835,299.2326665,301.368,299.2326665,-4.166499999999985,"[-31.513500000000022, 3.3090004999999962]",-1.3963887899824057,"[-9.121617015280831, 1.2053022942065783]",12,3,36,10000
gpu,stock,2,font_variations,weight_return,6,0,draw_us,prior,updated45,45.3265835,43.684,45.3265835,44.2916665,-1.069416499999999,"[-6.541832999999997, 3.8402499999999975]",-0.18956180012660306,"[-11.62238692452765, 9.73726906061283]",12,3,36,10000
gpu,stock,2,font_variations,weight_return,6,0,submit_us,prior,updated45,105.2743335,97.65625,105.736167,99.0865835,-4.833083500000001,"[-24.86458350000001, 13.215083500000006]",-4.418079853842999,"[-12.026336118744009, 14.126295727884742]",12,3,36,10000
gpu,stock,2,font_variations,weight_return,6,0,complete_us,prior,updated45,321.18408350000004,288.31241650000004,328.96533350000004,292.378333,-26.284666500000014,"[-85.55916650000003, 3.860749499999997]",-8.722340584155724,"[-17.636947776519428, 1.577984861947368]",12,3,36,10000
gpu,stock,2,font_variations,weight_return,6,0,draw_us,prior,final,45.3265835,42.125,45.3265835,42.8680835,0.034666500000000156,"[-11.788083500000003, 1.631916499999999]",0.16028690367775877,"[-17.401817867718794, 3.871301045689035]",12,3,36,10000
gpu,stock,2,font_variations,weight_return,6,0,submit_us,prior,final,105.2743335,96.135417,105.736167,96.60075,-7.138750000000002,"[-37.8266665, 3.940916999999999]",-7.184076080701391,"[-22.327230087654893, 4.606728194012544]",12,3,36,10000
gpu,stock,2,font_variations,weight_return,6,0,complete_us,prior,final,321.18408350000004,299.2326665,328.96533350000004,299.2326665,-39.246500000000026,"[-91.9238335, -5.999583500000028]",-12.404648534917179,"[-20.67357309680851, -2.0288824698239836]",12,3,36,10000
gpu,stock,2,font_variations,weight_return,6,0,draw_us,updated45,final,43.684,42.125,44.2916665,42.8680835,-0.25683349999999905,"[-3.593833499999999, 1.8227499999999992]",-0.6397061514276214,"[-8.087091825019137, 4.455978708516994]",12,3,36,10000
gpu,stock,2,font_variations,weight_return,6,0,submit_us,updated45,final,97.65625,96.135417,99.0865835,96.60075,-4.728999999999999,"[-11.354166499999998, 2.763916999999992]",-4.238035125044954,"[-10.88323018837944, 2.821616813341543]",12,3,36,10000
gpu,stock,2,font_variations,weight_return,6,0,complete_us,updated45,final,288.31241650000004,299.2326665,292.378333,299.2326665,3.152917000000002,"[-33.347083500000025, 14.451833999999991]",1.154622360468549,"[-10.570702772388945, 4.57611637193307]",12,3,36,10000
gpu,stock,2,grid_pollution,hot_first,1,94,draw_us,master,prior,549.6455,503.5625,550.1455,524.2080000000001,-46.54150000000001,"[-96.77100000000002, -13.749500000000012]",-8.767261181030971,"[-11.695013159826184, -2.700867958141029]",12,3,36,10000
gpu,stock,2,grid_pollution,hot_first,1,94,submit_us,master,prior,1992.104,2040.7915,1964.625,2054.3334999999997,-45.291999999999916,"[-134.47900000000004, 15.979499999999916]",-2.1689962696368745,"[-6.440435556141277, 0.7385943773461578]",12,3,36,10000
gpu,stock,2,grid_pollution,hot_first,1,94,complete_us,master,prior,2943.3540000000003,3005.3540000000003,2902.3959999999997,3005.3540000000003,-61.75,"[-250.60400000000004, 118.58349999999996]",-2.0905910247117743,"[-7.352241509561952, 4.048813230051163]",12,3,36,10000
gpu,stock,2,grid_pollution,hot_first,1,94,draw_us,master,updated45,549.6455,477.33349999999996,550.1455,464.64599999999996,-60.209,"[-98.8125, -41.083]",-11.136816957185314,"[-16.23636214552706, -8.171134252234925]",12,3,36,10000
gpu,stock,2,grid_pollution,hot_first,1,94,submit_us,master,updated45,1992.104,1871.3125,1964.625,1810.021,-87.35400000000004,"[-205.52099999999996, -3.229000000000042]",-4.435781074907002,"[-9.257375599829238, -0.1475872490098451]",12,3,36,10000
gpu,stock,2,grid_pollution,hot_first,1,94,complete_us,master,updated45,2943.3540000000003,2964.8745,2902.3959999999997,3015.8955,11.0625,"[-258.0620000000001, 260.0830000000001]",0.3862852768735492,"[-9.084160759526583, 8.09137110448367]",12,3,36,10000
gpu,stock,2,grid_pollution,hot_first,1,94,draw_us,master,final,549.6455,475.89599999999996,550.1455,476.70849999999996,-85.64599999999996,"[-117.81300000000002, -40.68700000000004]",-14.987654143675067,"[-19.34843643195007, -8.284845201380026]",12,3,36,10000
gpu,stock,2,grid_pollution,hot_first,1,94,submit_us,master,final,1992.104,1851.1460000000002,1964.625,1851.271,-126.29199999999992,"[-170.9375, -4.333499999999958]",-6.157351724055371,"[-8.034318758210851, -0.21443286906532855]",12,3,36,10000
gpu,stock,2,grid_pollution,hot_first,1,94,complete_us,master,final,2943.3540000000003,2796.3125,2902.3959999999997,2796.3125,-64.81200000000013,"[-446.39599999999996, 10.0]",-2.2788648973692203,"[-14.984497165215544, 0.33098669485275845]",12,3,36,10000
gpu,stock,2,grid_pollution,hot_first,1,94,draw_us,prior,updated45,503.5625,477.33349999999996,524.2080000000001,464.64599999999996,-34.958,"[-82.93700000000004, -2.062000000000012]",-6.949280746945141,"[-15.419879904087274, -0.37333034600220416]",12,3,36,10000
gpu,stock,2,grid_pollution,hot_first,1,94,submit_us,prior,updated45,2040.7915,1871.3125,2054.3334999999997,1810.021,-62.08299999999997,"[-437.4375, 17.708000000000084]",-3.472019878356414,"[-20.376859616382752, 1.0618035949386762]",12,3,36,10000
gpu,stock,2,grid_pollution,hot_first,1,94,complete_us,prior,updated45,3005.3540000000003,2964.8745,3005.3540000000003,3015.8955,-4.4375,"[-525.7915, 181.89550000000008]",-0.17722026694692028,"[-17.507150000732953, 5.518120121480196]",12,3,36,10000
gpu,stock,2,grid_pollution,hot_first,1,94,draw_us,prior,final,503.5625,475.89599999999996,524.2080000000001,476.70849999999996,-30.145500000000027,"[-78.43700000000004, -4.5]",-6.135509972183867,"[-14.466909187249836, -0.901961009785307]",12,3,36,10000
gpu,stock,2,grid_pollution,hot_first,1,94,submit_us,prior,final,2040.7915,1851.1460000000002,2054.3334999999997,1851.271,-36.58299999999997,"[-305.70849999999996, 42.770500000000084]",-2.057984752387465,"[-14.262640541276372, 2.331584911170703]",12,3,36,10000
gpu,stock,2,grid_pollution,hot_first,1,94,complete_us,prior,final,3005.3540000000003,2796.3125,3005.3540000000003,2796.3125,-228.0625,"[-375.3129999999999, 36.75]",-7.1033894128679,"[-13.437355962017786, 1.334206085821349]",12,3,36,10000
gpu,stock,2,grid_pollution,hot_first,1,94,draw_us,updated45,final,477.33349999999996,475.89599999999996,464.64599999999996,476.70849999999996,1.5629999999999598,"[-34.72949999999997, 24.750499999999988]",0.32110100950367704,"[-7.18098718126191, 5.802987466642129]",12,3,36,10000
gpu,stock,2,grid_pollution,hot_first,1,94,submit_us,updated45,final,1871.3125,1851.1460000000002,1810.021,1851.271,30.896000000000072,"[-47.333499999999844, 127.125]",1.7739710117619434,"[-2.405162071978373, 6.803798040870268]",12,3,36,10000
gpu,stock,2,grid_pollution,hot_first,1,94,complete_us,updated45,final,2964.8745,2796.3125,3015.8955,2796.3125,-87.29199999999992,"[-447.0, 82.39599999999996]",-2.804552605040861,"[-12.734537785822898, 2.688691935231746]",12,3,36,10000
gpu,stock,2,grid_pollution,hot_return,1,94,draw_us,master,prior,500.3965,503.0415,493.3125,515.104,-0.7709999999999866,"[-30.853500000000054, 35.103999999999985]",-0.11922078152707405,"[-6.487800936489957, 6.467694047775341]",12,3,36,10000
gpu,stock,2,grid_pollution,hot_return,1,94,submit_us,master,prior,554.4794999999999,562.125,543.042,575.8125,0.6665000000000134,"[-32.66650000000001, 55.6035]",0.09300840059737192,"[-6.217308631614987, 9.104148827180547]",12,3,36,10000
gpu,stock,2,grid_pollution,hot_return,1,94,complete_us,master,prior,1139.7505,1303.521,997.979,1221.7505,8.333000000000084,"[-55.89550000000003, 116.87549999999999]",0.2965604059021465,"[-5.876321109953459, 9.942715749650343]",12,3,36,10000
gpu,stock,2,grid_pollution,hot_return,1,94,draw_us,master,updated45,500.3965,491.542,493.3125,479.7705,8.583000000000027,"[-14.124500000000012, 27.12500000000003]",1.8817948647548377,"[-2.969636518157126, 5.5815798760740165]",12,3,36,10000
gpu,stock,2,grid_pollution,hot_return,1,94,submit_us,master,updated45,554.4794999999999,550.5835,543.042,522.229,6.353499999999968,"[-12.749499999999955, 39.896000000000015]",1.293638271492581,"[-2.441631141616579, 7.2619050211009775]",12,3,36,10000
gpu,stock,2,grid_pollution,hot_return,1,94,complete_us,master,updated45,1139.7505,1011.75,997.979,964.229,20.457499999999982,"[-33.708500000000015, 146.74999999999994]",1.8094331413833542,"[-3.551213537097831, 14.38243262716341]",12,3,36,10000
gpu,stock,2,grid_pollution,hot_return,1,94,draw_us,master,final,500.3965,487.3125,493.3125,494.0625,-21.458499999999987,"[-49.47900000000004, 6.187499999999972]",-4.486800780090755,"[-9.170291502298072, 1.2123176241254363]",12,3,36,10000
gpu,stock,2,grid_pollution,hot_return,1,94,submit_us,master,final,554.4794999999999,538.2919999999999,543.042,538.771,-22.45900000000003,"[-46.08349999999996, 0.4790000000000134]",-4.1327827279938,"[-7.731073118678178, 0.011237626838545012]",12,3,36,10000
gpu,stock,2,grid_pollution,hot_return,1,94,complete_us,master,final,1139.7505,1125.625,997.979,1025.7295,-19.375999999999976,"[-32.97950000000003, 63.20849999999996]",-1.6481958781324746,"[-3.480882394710921, 5.605957312159216]",12,3,36,10000
gpu,stock,2,grid_pollution,hot_return,1,94,draw_us,prior,updated45,503.0415,491.542,515.104,479.7705,10.229500000000002,"[-36.45750000000001, 27.33250000000004]",2.274012528437619,"[-6.841895723029346, 6.207995537212597]",12,3,36,10000
gpu,stock,2,grid_pollution,hot_return,1,94,submit_us,prior,updated45,562.125,550.5835,575.8125,522.229,13.416499999999985,"[-40.22900000000001, 27.187000000000012]",2.5364372717497474,"[-6.883667815390187, 5.625080798245863]",12,3,36,10000
gpu,stock,2,grid_pollution,hot_return,1,94,complete_us,prior,updated45,1303.521,1011.75,1221.7505,964.229,28.478999999999985,"[-195.0215, 68.56250000000006]",1.7433895964590773,"[-15.89608069913682, 7.661608403053655]",12,3,36,10000
gpu,stock,2,grid_pollution,hot_return,1,94,draw_us,prior,final,503.0415,487.3125,515.104,494.0625,-21.041500000000013,"[-102.02099999999996, -0.6875]",-4.066322345871215,"[-16.000361390073888, -0.1525220308598474]",12,3,36,10000
gpu,stock,2,grid_pollution,hot_return,1,94,submit_us,prior,final,562.125,538.2919999999999,575.8125,538.771,-19.0625,"[-144.687, 1.0200000000000102]",-3.2960411895994026,"[-19.14802424223506, 0.20375614663731278]",12,3,36,10000
gpu,stock,2,grid_pollution,hot_return,1,94,complete_us,prior,final,1303.521,1125.625,1221.7505,1025.7295,6.9780000000000655,"[-296.7709999999999, 50.10400000000004]",0.7767653158925469,"[-19.9679802985834, 4.28392131656008]",12,3,36,10000
gpu,stock,2,grid_pollution,hot_return,1,94,draw_us,updated45,final,491.542,487.3125,479.7705,494.0625,-14.478999999999985,"[-34.77050000000003, -3.229499999999973]",-2.8480189029323144,"[-6.97227887482112, -0.758333632302699]",12,3,36,10000
gpu,stock,2,grid_pollution,hot_return,1,94,submit_us,updated45,final,550.5835,538.2919999999999,522.229,538.771,-18.166500000000013,"[-35.1875, 4.229999999999961]",-3.170192689916962,"[-6.3879099459728135, 0.5846358995401146]",12,3,36,10000
gpu,stock,2,grid_pollution,hot_return,1,94,complete_us,updated45,final,1011.75,1125.625,964.229,1025.7295,0.728999999999985,"[-47.66749999999996, 35.50049999999999]",0.06951192475694867,"[-4.88818217492884, 3.092563961622552]",12,3,36,10000
gpu,stock,2,grid_pollution,hot_second,1,94,draw_us,master,prior,470.208,465.4995,459.4375,466.22900000000004,-28.9795,"[-57.47949999999997, -6.520499999999998]",-6.797397841722741,"[-11.695645872249749, -1.4571435908347086]",12,3,36,10000
gpu,stock,2,grid_pollution,hot_second,1,94,submit_us,master,prior,513.5415,525.0415,501.5,527.438,-28.166999999999973,"[-58.56299999999999, 0.9795000000000016]",-6.083214238727514,"[-10.356372526332187, 0.107401561589332]",12,3,36,10000
gpu,stock,2,grid_pollution,hot_second,1,94,complete_us,master,prior,1044.0,1102.917,944.146,1059.9795,-1.313000000000045,"[-65.62549999999999, 202.29200000000003]",-0.113783606903195,"[-7.008131527293199, 17.097389110143613]",12,3,36,10000
gpu,stock,2,grid_pollution,hot_second,1,94,draw_us,master,updated45,470.208,415.5205,459.4375,414.4165,-40.25,"[-96.47900000000001, -29.4375]",-9.448802897590035,"[-16.937284108144866, -7.035582294463676]",12,3,36,10000
gpu,stock,2,grid_pollution,hot_second,1,94,submit_us,master,updated45,513.5415,462.4995,501.5,454.6245,-41.39599999999999,"[-132.3125, -31.0]",-8.944775076783095,"[-20.007396782880125, -6.794931467150233]",12,3,36,10000
gpu,stock,2,grid_pollution,hot_second,1,94,complete_us,master,updated45,1044.0,1086.104,944.146,1202.5,-28.208500000000072,"[-70.41699999999997, 287.47950000000003]",-3.1050382695068155,"[-6.393950692154842, 25.383931583426566]",12,3,36,10000
gpu,stock,2,grid_pollution,hot_second,1,94,draw_us,master,final,470.208,416.604,459.4375,404.64549999999997,-57.209,"[-83.31249999999997, -34.08349999999999]",-12.460267779813062,"[-16.322051904108477, -7.984717330425273]",12,3,36,10000
gpu,stock,2,grid_pollution,hot_second,1,94,submit_us,master,final,513.5415,454.562,501.5,444.125,-62.229499999999945,"[-94.47899999999996, -30.5625]",-12.374947384834423,"[-16.519235635135054, -6.588717006872086]",12,3,36,10000
gpu,stock,2,grid_pollution,hot_second,1,94,complete_us,master,final,1044.0,952.625,944.146,951.229,-26.75,"[-84.79149999999998, 78.39549999999997]",-3.107924786134652,"[-9.20417773310135, 5.04187300098231]",12,3,36,10000
gpu,stock,2,grid_pollution,hot_second,1,94,draw_us,prior,updated45,465.4995,415.5205,466.22900000000004,414.4165,-19.62500000000003,"[-84.875, -8.707999999999998]",-4.435462851164662,"[-16.914116692538133, -2.2096677868520542]",12,3,36,10000
gpu,stock,2,grid_pollution,hot_second,1,94,submit_us,prior,updated45,525.0415,462.4995,527.438,454.6245,-35.99950000000004,"[-125.02100000000002, -12.5]",-6.988978817385438,"[-21.305993933442924, -2.883205656152832]",12,3,36,10000
gpu,stock,2,grid_pollution,hot_second,1,94,complete_us,prior,updated45,1102.917,1086.104,1059.9795,1202.5,-79.68700000000001,"[-231.3964999999999, 7.8125]",-7.147586599060851,"[-18.011361210700205, 0.9201106057131425]",12,3,36,10000
gpu,stock,2,grid_pollution,hot_second,1,94,draw_us,prior,final,465.4995,416.604,466.22900000000004,404.64549999999997,-40.75,"[-81.5, 1.771000000000015]",-8.707643224554962,"[-18.060603016973005, 0.455251831561887]",12,3,36,10000
gpu,stock,2,grid_pollution,hot_second,1,94,submit_us,prior,final,525.0415,454.562,527.438,444.125,-63.18700000000004,"[-107.25049999999999, 3.2084999999999866]",-12.129525117673202,"[-20.024552593041832, 0.7427319358711881]",12,3,36,10000
gpu,stock,2,grid_pollution,hot_second,1,94,complete_us,prior,final,1102.917,952.625,1059.9795,951.229,-27.9375,"[-265.70849999999996, 10.250000000000057]",-3.0527230314855105,"[-23.707162100878918, 0.45396488322809736]",12,3,36,10000
gpu,stock,2,grid_pollution,hot_second,1,94,draw_us,updated45,final,415.5205,416.604,414.4165,404.64549999999997,-5.625999999999976,"[-28.728999999999985, 14.000499999999988]",-1.4609553958180366,"[-6.932779096395963, 3.688810960527844]",12,3,36,10000
gpu,stock,2,grid_pollution,hot_second,1,94,submit_us,updated45,final,462.4995,454.562,454.6245,444.125,-6.854000000000013,"[-27.5, 15.875499999999988]",-1.629928990955587,"[-6.170352949464208, 3.4575909685993]",12,3,36,10000
gpu,stock,2,grid_pollution,hot_second,1,94,complete_us,updated45,final,1086.104,952.625,1202.5,951.229,-1.7919999999999732,"[-119.60399999999993, 93.20800000000008]",-0.23154507140517033,"[-7.430144692756724, 8.564974101486989]",12,3,36,10000
gpu,stock,2,grid_pollution,pollution,64,6016,draw_us,master,prior,507.17771849999997,531.8421095,507.8498985,544.7792345,-4.252320499999996,"[-9.265883000000002, 32.76885149999998]",-0.8405558661358503,"[-1.937142006596626, 5.466392158586997]",12,3,36,10000
gpu,stock,2,grid_pollution,pollution,64,6016,submit_us,master,prior,547.4166720000001,579.2349845,547.988906,593.2268675,-3.675163999999967,"[-9.431953499999992, 43.54878150000002]",-0.6675314210701111,"[-1.8344317587803194, 6.553049540845623]",12,3,36,10000
gpu,stock,2,grid_pollution,pollution,64,6016,complete_us,master,prior,1165.2913515,1197.825844,1156.4010545,1213.5361484999999,-34.77550000000002,"[-169.50034399999993, 79.35810150000003]",-2.5373653075487335,"[-8.135061131557663, 6.809805579272176]",12,3,36,10000
gpu,stock,2,grid_pollution,pollution,64,6016,draw_us,master,updated45,507.17771849999997,470.81255450000003,507.8498985,470.44989050000004,-7.94951549999999,"[-14.588874999999973, 18.375953000000038]",-1.6758155496798544,"[-3.025801935486699, 3.441379080245166]",12,3,36,10000
gpu,stock,2,grid_pollution,pollution,64,6016,submit_us,master,updated45,547.4166720000001,506.741898,547.988906,505.9056015,-8.206710999999984,"[-15.866875000000022, 26.651336000000015]",-1.6103547632319748,"[-3.055545816574451, 4.599363764990228]",12,3,36,10000
gpu,stock,2,grid_pollution,pollution,64,6016,complete_us,master,updated45,1165.2913515,1044.766977,1156.4010545,1044.766977,-6.511046999999905,"[-109.40672649999999, 110.79131199999989]",-0.6380714566111612,"[-10.211607694496733, 9.036667153966082]",12,3,36,10000
gpu,stock,2,grid_pollution,pollution,64,6016,draw_us,master,final,507.17771849999997,491.066016,507.8498985,490.054703,-12.14358599999997,"[-21.302727000000004, -4.013296999999994]",-2.4969313155896566,"[-4.19741931607755, -0.8482157972403981]",12,3,36,10000
gpu,stock,2,grid_pollution,pollution,64,6016,submit_us,master,final,547.4166720000001,529.267875,547.988906,527.78357,-12.92939849999999,"[-24.256804500000015, -3.293914000000001]",-2.531101145594689,"[-4.414791322230938, -0.6477667511029184]",12,3,36,10000
gpu,stock,2,grid_pollution,pollution,64,6016,complete_us,master,final,1165.2913515,1038.4716564999999,1156.4010545,1036.415367,-83.11423449999995,"[-272.89458550000006, 47.533554499999866]",-6.45366147353148,"[-19.693289732407386, 4.532553980883269]",12,3,36,10000
gpu,stock,2,grid_pollution,pollution,64,6016,draw_us,prior,updated45,531.8421095,470.81255450000003,544.7792345,470.44989050000004,-4.054679499999992,"[-92.1880855, 6.731734500000044]",-0.8651791302586198,"[-16.561992800563136, 1.2721491005242225]",12,3,36,10000
gpu,stock,2,grid_pollution,pollution,64,6016,submit_us,prior,updated45,579.2349845,506.741898,593.2268675,505.9056015,-5.087289499999997,"[-116.2235785, 5.517852000000005]",-1.0075894489231796,"[-18.818770542828744, 0.9370359762930214]",12,3,36,10000
gpu,stock,2,grid_pollution,pollution,64,6016,complete_us,prior,updated45,1197.825844,1044.766977,1213.5361484999999,1044.766977,-40.85127349999999,"[-192.10442149999994, 95.42514849999992]",-4.082460595138854,"[-15.469067675254848, 6.531887869909031]",12,3,36,10000
gpu,stock,2,grid_pollution,pollution,64,6016,draw_us,prior,final,531.8421095,491.066016,544.7792345,490.054703,-22.96778100000006,"[-66.67548449999998, 0.7460315000000151]",-4.375287764165586,"[-12.028529451414455, 0.15969121941576403]",12,3,36,10000
gpu,stock,2,grid_pollution,pollution,64,6016,submit_us,prior,final,579.2349845,529.267875,593.2268675,527.78357,-35.4856015,"[-86.37043750000001, 0.35246900000001347]",-5.834305374536042,"[-13.68424283325026, 0.06993419503468212]",12,3,36,10000
gpu,stock,2,grid_pollution,pollution,64,6016,complete_us,prior,final,1197.825844,1038.4716564999999,1213.5361484999999,1036.415367,-79.95603899999998,"[-219.18489800000003, -20.251585999999975]",-7.8618696587371195,"[-17.582221665630964, -1.9844251045368133]",12,3,36,10000
gpu,stock,2,grid_pollution,pollution,64,6016,draw_us,updated45,final,470.81255450000003,491.066016,470.44989050000004,490.054703,-3.296867500000019,"[-29.55895350000003, 1.194312000000025]",-0.7061960371546216,"[-5.312363703576689, 0.24934912744601911]",12,3,36,10000
gpu,stock,2,grid_pollution,pollution,64,6016,submit_us,updated45,final,506.741898,529.267875,505.9056015,527.78357,-3.224265499999973,"[-36.16242199999999, 5.413781499999999]",-0.6429907592070239,"[-5.98250333597748, 1.0146145768812787]",12,3,36,10000
gpu,stock,2,grid_pollution,pollution,64,6016,complete_us,updated45,final,1044.766977,1038.4716564999999,1044.766977,1036.415367,-7.435195499999963,"[-273.0198595, 12.863992500000052]",-0.5098908993738049,"[-19.641020199241893, 1.2291991241037636]",12,3,36,10000
gpu,stock,2,grid_singleton,once,1,94,draw_us,master,prior,598.6665,545.875,592.8330000000001,534.625,-37.25,"[-105.87500000000003, -10.333000000000027]",-7.297903348414803,"[-16.460313602316635, -1.6749581951903236]",12,3,36,10000
gpu,stock,2,grid_singleton,once,1,94,submit_us,master,prior,2100.2915000000003,2109.1875,2091.0415000000003,2029.8545,-48.97900000000004,"[-120.33300000000008, 3.6249999999997726]",-2.498746216350151,"[-6.270649910573922, 0.0416035460774955]",12,3,36,10000
gpu,stock,2,grid_singleton,once,1,94,complete_us,master,prior,3280.5415000000003,3367.6045,3340.6459999999997,3391.2705,71.25,"[-98.52099999999996, 476.3955000000001]",2.57044833549126,"[-3.1189443652031192, 11.844581251667696]",12,3,36,10000
gpu,stock,2,grid_singleton,once,1,94,draw_us,master,updated45,598.6665,500.60400000000004,592.8330000000001,503.2915,-76.50049999999999,"[-114.64599999999999, -17.958000000000027]",-12.433153123099322,"[-19.574917459630164, -3.166453614636733]",12,3,36,10000
gpu,stock,2,grid_singleton,once,1,94,submit_us,master,updated45,2100.2915000000003,1979.6460000000002,2091.0415000000003,1943.063,-105.68700000000013,"[-184.125, -0.8749999999998863]",-5.62740831149594,"[-9.149355005691827, 0.004767623983675806]",12,3,36,10000
gpu,stock,2,grid_singleton,once,1,94,complete_us,master,updated45,3280.5415000000003,3033.2709999999997,3340.6459999999997,2922.2709999999997,-112.70800000000008,"[-336.41650000000004, 54.20849999999996]",-3.9077929555445756,"[-9.960779013591415, 2.026569839899428]",12,3,36,10000
gpu,stock,2,grid_singleton,once,1,94,draw_us,master,final,598.6665,518.979,592.8330000000001,504.83399999999995,-85.31200000000004,"[-107.31250000000003, -58.083500000000015]",-14.150612591294365,"[-17.00044765543639, -9.188259656590901]",12,3,36,10000
gpu,stock,2,grid_singleton,once,1,94,submit_us,master,final,2100.2915000000003,1981.9375,2091.0415000000003,1943.146,-114.37450000000013,"[-196.063, -33.500499999999874]",-5.29876024245614,"[-9.174481571183989, -1.5288806958487555]",12,3,36,10000
gpu,stock,2,grid_singleton,once,1,94,complete_us,master,final,3280.5415000000003,3144.208,3340.6459999999997,3120.6455,-73.39599999999996,"[-192.20849999999996, -3.625]",-2.5342420026271126,"[-5.647645604367713, -0.11987362470914364]",12,3,36,10000
gpu,stock,2,grid_singleton,once,1,94,draw_us,prior,updated45,545.875,500.60400000000004,534.625,503.2915,-4.50049999999996,"[-18.125499999999988, 7.646000000000043]",-0.9517430315324871,"[-3.716473369094997, 1.0780223758510843]",12,3,36,10000
gpu,stock,2,grid_singleton,once,1,94,submit_us,prior,updated45,2109.1875,1979.6460000000002,2029.8545,1943.063,-20.979000000000042,"[-118.08349999999996, 20.60450000000003]",-1.0325755689580107,"[-3.4999534347300907, 1.0629547322360544]",12,3,36,10000
gpu,stock,2,grid_singleton,once,1,94,complete_us,prior,updated45,3367.6045,3033.2709999999997,3391.2705,2922.2709999999997,-164.89599999999996,"[-525.6659999999999, 28.416999999999916]",-5.053753512481984,"[-12.902013243931753, 1.0498853207422831]",12,3,36,10000
gpu,stock,2,grid_singleton,once,1,94,draw_us,prior,final,545.875,518.979,534.625,504.83399999999995,-28.708499999999987,"[-125.54100000000005, 15.6875]",-5.050759826646073,"[-17.440405672179303, 3.3110742983077035]",12,3,36,10000
gpu,stock,2,grid_singleton,once,1,94,submit_us,prior,final,2109.1875,1981.9375,2029.8545,1943.146,-52.52099999999996,"[-244.64549999999997, 27.58299999999997]",-2.7161673394764274,"[-10.89492694105667, 1.5587980899224751]",12,3,36,10000
gpu,stock,2,grid_singleton,once,1,94,complete_us,prior,final,3367.6045,3144.208,3391.2705,3120.6455,-193.87549999999987,"[-496.9370000000001, 9.770500000000084]",-6.685198583762614,"[-13.587930253444364, 0.3910681227918211]",12,3,36,10000
gpu,stock,2,grid_singleton,once,1,94,draw_us,updated45,final,500.60400000000004,518.979,503.2915,504.83399999999995,8.624499999999983,"[-49.97900000000001, 26.9795]",1.794993744443607,"[-9.205116950221997, 5.8189970972702625]",12,3,36,10000
gpu,stock,2,grid_singleton,once,1,94,submit_us,updated45,final,1979.6460000000002,1981.9375,1943.063,1943.146,-5.958999999999946,"[-119.95850000000007, 60.29150000000004]",-0.31372060659230483,"[-5.7690367458143985, 3.3401695946810195]",12,3,36,10000
gpu,stock,2,grid_singleton,once,1,94,complete_us,updated45,final,3033.2709999999997,3144.208,2922.2709999999997,3120.6455,-1.0205000000000837,"[-166.20899999999983, 205.79100000000017]",-0.015740099629640847,"[-5.36113203421767, 6.7228673517777615]",12,3,36,10000
gpu,stock,2,grid_two_phases,first,1,94,draw_us,master,prior,587.271,522.8544999999999,581.479,522.208,-56.60499999999999,"[-91.70849999999999, -44.27049999999997]",-10.548990817513992,"[-15.849282995374736, -6.79893791985961]",12,3,36,10000
gpu,stock,2,grid_two_phases,first,1,94,submit_us,master,prior,1996.271,1946.1245,1996.271,1958.6455,-92.14599999999984,"[-111.33349999999996, 42.41700000000003]",-4.213722544227577,"[-5.461548534134685, 2.2647581252975724]",12,3,36,10000
gpu,stock,2,grid_two_phases,first,1,94,complete_us,master,prior,2950.792,3187.812,2924.1875,3214.562,179.91650000000004,"[-127.22850000000017, 328.3129999999999]",6.738823354412327,"[-3.5951693647961913, 12.558670183065502]",12,3,36,10000
gpu,stock,2,grid_two_phases,first,1,94,draw_us,master,updated45,587.271,517.7294999999999,581.479,502.52099999999996,-63.708,"[-93.791, -45.375]",-11.654808542474743,"[-16.92699404721827, -7.781980189877847]",12,3,36,10000
gpu,stock,2,grid_two_phases,first,1,94,submit_us,master,updated45,1996.271,1886.3545,1996.271,1803.292,-51.29150000000004,"[-219.83349999999996, -6.062000000000012]",-2.9206295446931096,"[-11.575162657443649, -0.31196798322566943]",12,3,36,10000
gpu,stock,2,grid_two_phases,first,1,94,complete_us,master,updated45,2950.792,3014.5625,2924.1875,2906.813,-35.687000000000126,"[-256.91650000000004, 260.125]",-1.2972068070814247,"[-8.370823099925317, 9.391889678602627]",12,3,36,10000
gpu,stock,2,grid_two_phases,first,1,94,draw_us,master,final,587.271,503.7085,581.479,505.7505,-92.87549999999999,"[-129.60349999999997, -47.978999999999985]",-16.144632899050432,"[-20.391208193824333, -8.915756296304263]",12,3,36,10000
gpu,stock,2,grid_two_phases,first,1,94,submit_us,master,final,1996.271,1896.938,1996.271,1906.8335000000002,-112.45899999999983,"[-237.20850000000007, -12.875]",-5.876857281069669,"[-11.214876830211505, -0.7090658595342803]",12,3,36,10000
gpu,stock,2,grid_two_phases,first,1,94,complete_us,master,final,2950.792,3022.688,2924.1875,3018.6459999999997,-50.25,"[-208.99950000000013, 87.18799999999987]",-1.6895181504726908,"[-6.452976300670715, 2.9862181460789894]",12,3,36,10000
gpu,stock,2,grid_two_phases,first,1,94,draw_us,prior,updated45,522.8544999999999,517.7294999999999,522.208,502.52099999999996,6.562500000000028,"[-11.145499999999998, 33.208999999999975]",1.3454754563532623,"[-2.309646130688714, 7.572333374990614]",12,3,36,10000
gpu,stock,2,grid_two_phases,first,1,94,submit_us,prior,updated45,1946.1245,1886.3545,1958.6455,1803.292,2.854000000000042,"[-74.91650000000004, 83.35399999999993]",0.17144517014333616,"[-3.9840269404389117, 4.54628887771128]",12,3,36,10000
gpu,stock,2,grid_two_phases,first,1,94,complete_us,prior,updated45,3187.812,3014.5625,3214.562,2906.813,-10.250499999999874,"[-311.93650000000025, 74.60400000000004]",-0.38823868473387146,"[-9.577100488223923, 2.2032881019897643]",12,3,36,10000
gpu,stock,2,grid_two_phases,first,1,94,draw_us,prior,final,522.8544999999999,503.7085,522.208,505.7505,-14.375000000000028,"[-84.41600000000003, 18.625]",-2.8955978082179143,"[-13.634644886620734, 4.268050235182352]",12,3,36,10000
gpu,stock,2,grid_two_phases,first,1,94,submit_us,prior,final,1946.1245,1896.938,1958.6455,1906.8335000000002,-16.08400000000006,"[-150.0825000000001, 67.87450000000001]",-0.8251514350605837,"[-7.015851250365496, 4.018017446316224]",12,3,36,10000
gpu,stock,2,grid_two_phases,first,1,94,complete_us,prior,final,3187.812,3022.688,3214.562,3018.6459999999997,-104.10400000000004,"[-249.06200000000013, 81.10400000000004]",-3.2705228046262356,"[-7.413206995789645, 2.7585868726267337]",12,3,36,10000
gpu,stock,2,grid_two_phases,first,1,94,draw_us,updated45,final,517.7294999999999,503.7085,502.52099999999996,505.7505,-8.875,"[-17.271000000000015, 22.646000000000015]",-1.7830320393959487,"[-3.524558241433562, 4.474072498465043]",12,3,36,10000
gpu,stock,2,grid_two_phases,first,1,94,submit_us,updated45,final,1886.3545,1896.938,1803.292,1906.8335000000002,24.33299999999997,"[-148.7299999999998, 108.16649999999993]",1.4462806655294203,"[-6.93782639642161, 6.339492224306165]",12,3,36,10000
gpu,stock,2,grid_two_phases,first,1,94,complete_us,updated45,final,3014.5625,3022.688,2906.813,3018.6459999999997,53.39599999999996,"[-195.04150000000004, 143.56200000000013]",2.003601355691864,"[-5.535606041484343, 4.608172813596811]",12,3,36,10000
gpu,stock,2,grid_two_phases,second,1,94,draw_us,master,prior,494.0625,454.22900000000004,478.89599999999996,453.563,-47.87549999999999,"[-65.52050000000003, 6.625499999999988]",-8.491615891112797,"[-12.817294452687129, 0.21452901958491388]",12,3,36,10000
gpu,stock,2,grid_two_phases,second,1,94,submit_us,master,prior,543.0419999999999,496.35450000000003,521.5625,504.563,-50.27099999999999,"[-74.74950000000001, 4.083500000000015]",-7.147061759343758,"[-12.809859872694918, -0.25637629630507197]",12,3,36,10000
gpu,stock,2,grid_two_phases,second,1,94,complete_us,master,prior,1273.1045,1510.5,988.7085,1539.75,-30.89549999999997,"[-68.24999999999994, 419.72900000000004]",-2.4938028928784273,"[-5.13471533946408, 43.1757119677927]",12,3,36,10000
gpu,stock,2,grid_two_phases,second,1,94,draw_us,master,updated45,494.0625,424.85450000000003,478.89599999999996,410.708,-53.50000000000003,"[-70.792, -11.479499999999973]",-10.9523007409296,"[-15.118663000621513, -2.7915860324832287]",12,3,36,10000
gpu,stock,2,grid_two_phases,second,1,94,submit_us,master,updated45,543.0419999999999,466.66700000000003,521.5625,443.83349999999996,-58.99950000000001,"[-73.60400000000001, -9.207999999999998]",-11.337994602943468,"[-14.48875390042752, -2.146615051419493]",12,3,36,10000
gpu,stock,2,grid_two_phases,second,1,94,complete_us,master,updated45,1273.1045,1296.208,988.7085,1377.9165,-57.52099999999996,"[-119.8125, 441.91650000000004]",-5.942244839899674,"[-8.522641833748601, 36.73433275246502]",12,3,36,10000
gpu,stock,2,grid_two_phases,second,1,94,draw_us,master,final,494.0625,431.0625,478.89599999999996,427.0,-69.875,"[-101.06299999999999, -43.02099999999999]",-14.782423314087385,"[-19.42425200884902, -9.847640576633104]",12,3,36,10000
gpu,stock,2,grid_two_phases,second,1,94,submit_us,master,final,543.0419999999999,473.39599999999996,521.5625,467.333,-75.93700000000001,"[-117.0, -45.56200000000001]",-14.326765954896997,"[-19.299556049342403, -9.420206168883222]",12,3,36,10000
gpu,stock,2,grid_two_phases,second,1,94,complete_us,master,final,1273.1045,1467.3125,988.7085,1469.875,-89.79149999999998,"[-139.64650000000006, 191.7285]",-7.57655632985958,"[-9.626782139706041, 19.688102517357056]",12,3,36,10000
gpu,stock,2,grid_two_phases,second,1,94,draw_us,prior,updated45,454.22900000000004,424.85450000000003,453.563,410.708,-10.646500000000003,"[-56.87549999999996, 14.52000000000001]",-2.258738173458641,"[-10.97446367548045, 3.3885407036897797]",12,3,36,10000
gpu,stock,2,grid_two_phases,second,1,94,submit_us,prior,updated45,496.35450000000003,466.66700000000003,504.563,443.83349999999996,-13.312500000000028,"[-102.10399999999998, 15.75]",-3.0407821747492516,"[-15.608658541904774, 3.0904486024257327]",12,3,36,10000
gpu,stock,2,grid_two_phases,second,1,94,complete_us,prior,updated45,1510.5,1296.208,1539.75,1377.9165,-70.58350000000002,"[-226.64550000000003, 49.85400000000004]",-3.8038835885017552,"[-17.736901081341994, 3.7046500218675726]",12,3,36,10000
gpu,stock,2,grid_two_phases,second,1,94,draw_us,prior,final,454.22900000000004,431.0625,453.563,427.0,-15.645999999999987,"[-149.042, -6.375]",-3.5329452161875716,"[-24.510340340630066, -1.5367633991313912]",12,3,36,10000
gpu,stock,2,grid_two_phases,second,1,94,submit_us,prior,final,496.35450000000003,473.39599999999996,504.563,467.333,-17.916500000000042,"[-201.917, -7.478499999999997]",-3.9257502857603876,"[-28.383509677945224, -1.7394682245004012]",12,3,36,10000
gpu,stock,2,grid_two_phases,second,1,94,complete_us,prior,final,1510.5,1467.3125,1539.75,1469.875,-84.83300000000003,"[-560.7295, 20.083000000000084]",-6.946067641277676,"[-33.211063557611666, 1.8555066300391387]",12,3,36,10000
gpu,stock,2,grid_two_phases,second,1,94,draw_us,updated45,final,424.85450000000003,431.0625,410.708,427.0,-12.499000000000024,"[-38.97900000000001, 11.000000000000028]",-3.092461951922015,"[-7.961608886023508, 2.5410637284640325]",12,3,36,10000
gpu,stock,2,grid_two_phases,second,1,94,submit_us,updated45,final,466.66700000000003,473.39599999999996,443.83349999999996,467.333,-11.374500000000012,"[-46.917, 19.916500000000013]",-2.605943599224897,"[-8.561406308796592, 4.472736512561748]",12,3,36,10000
gpu,stock,2,grid_two_phases,second,1,94,complete_us,updated45,final,1296.208,1467.3125,1377.9165,1469.875,-21.8125,"[-269.85450000000003, 23.06299999999993]",-2.0605707387882424,"[-20.64969590876139, 2.1204260239992667]",12,3,36,10000
gpu,stock,2,grid_unique_sizes,sweep,32,3008,draw_us,master,prior,502.815094,521.9609685,487.98312450000003,523.629547,-4.94656249999997,"[-20.494844, 39.936844000000065]",-1.0273122029869908,"[-4.36792069836367, 8.448902897143917]",12,3,36,10000
gpu,stock,2,grid_unique_sizes,sweep,32,3008,submit_us,master,prior,582.574875,613.6750314999999,566.403625,619.0253439999999,-7.091906499999993,"[-21.70370300000002, 60.05917149999999]",-1.3394589931821521,"[-3.9878097671679935, 10.632910531689788]",12,3,36,10000
gpu,stock,2,grid_unique_sizes,sweep,32,3008,complete_us,master,prior,1289.7284845,1344.939391,1262.3899689999998,1451.544828,10.54818750000004,"[-107.60037499999993, 331.9732815]",1.338978521783235,"[-7.992466059464165, 22.780026269737988]",12,3,36,10000
gpu,stock,2,grid_unique_sizes,sweep,32,3008,draw_us,master,updated45,502.815094,459.789031,487.98312450000003,457.1523125,-13.91798399999999,"[-26.737672000000003, 2.6952815000000214]",-3.027244695783354,"[-5.151476514130115, 0.465968866050015]",12,3,36,10000
gpu,stock,2,grid_unique_sizes,sweep,32,3008,submit_us,master,updated45,582.574875,537.125672,566.403625,531.061828,-12.128296999999975,"[-27.451874499999974, 11.15948400000002]",-2.291187638796699,"[-4.450257538161573, 1.8222271656063715]",12,3,36,10000
gpu,stock,2,grid_unique_sizes,sweep,32,3008,complete_us,master,updated45,1289.7284845,1193.4961094999999,1262.3899689999998,1184.9088595,-28.380140499999925,"[-131.94014099999993, 240.01762499999995]",-2.4526050032838533,"[-10.673945020334541, 16.01997327993635]",12,3,36,10000
gpu,stock,2,grid_unique_sizes,sweep,32,3008,draw_us,master,final,502.815094,469.223297,487.98312450000003,469.719422,-19.214889999999997,"[-36.95064049999999, -9.743421499999982]",-4.124086912024133,"[-7.118662713543989, -2.126360300960084]",12,3,36,10000
gpu,stock,2,grid_unique_sizes,sweep,32,3008,submit_us,master,final,582.574875,546.9323440000001,566.403625,545.687453,-20.77276549999999,"[-36.65173450000003, -9.561203499999976]",-3.845768305112973,"[-6.052943101126356, -1.8018139870581151]",12,3,36,10000
gpu,stock,2,grid_unique_sizes,sweep,32,3008,complete_us,master,final,1289.7284845,1173.3392505000002,1262.3899689999998,1155.9310625,-65.67443800000001,"[-161.85409399999998, -46.55078049999997]",-4.915178454981028,"[-13.258178729729153, -3.3220021649033873]",12,3,36,10000
gpu,stock,2,grid_unique_sizes,sweep,32,3008,draw_us,prior,updated45,521.9609685,459.789031,523.629547,457.1523125,-5.434297000000015,"[-41.25065600000002, 7.553406000000024]",-1.096505718076013,"[-8.103806851125823, 1.6750237846027471]",12,3,36,10000
gpu,stock,2,grid_unique_sizes,sweep,32,3008,submit_us,prior,updated45,613.6750314999999,537.125672,619.0253439999999,531.061828,-5.036390499999982,"[-48.89968749999997, 8.932312500000023]",-0.9647232284098417,"[-7.9486590903642576, 1.7307724281927839]",12,3,36,10000
gpu,stock,2,grid_unique_sizes,sweep,32,3008,complete_us,prior,updated45,1344.939391,1193.4961094999999,1451.544828,1184.9088595,-49.35540649999996,"[-127.95118800000012, 62.037156000000095]",-3.4342234071132074,"[-6.77645092353194, 3.1824413752398084]",12,3,36,10000
gpu,stock,2,grid_unique_sizes,sweep,32,3008,draw_us,prior,final,521.9609685,469.223297,523.629547,469.719422,-11.205187499999965,"[-58.70501550000006, -2.737000000000023]",-2.377607052265801,"[-11.00612857179425, -0.6086218426497758]",12,3,36,10000
gpu,stock,2,grid_unique_sizes,sweep,32,3008,submit_us,prior,final,613.6750314999999,546.9323440000001,619.0253439999999,545.687453,-15.154359499999998,"[-90.44774999999998, 2.125656499999991]",-2.8793888826627145,"[-14.015467445149104, 0.40444218300010326]",12,3,36,10000
gpu,stock,2,grid_unique_sizes,sweep,32,3008,complete_us,prior,final,1344.939391,1173.3392505000002,1451.544828,1155.9310625,-76.42057799999992,"[-431.7336559999999, -27.403672500000027]",-6.85192012066187,"[-26.181927859514953, -2.081585761763438]",12,3,36,10000
gpu,stock,2,grid_unique_sizes,sweep,32,3008,draw_us,updated45,final,459.789031,469.223297,457.1523125,469.719422,-8.409468500000003,"[-24.601608999999968, 2.4486249999999927]",-1.7384087405777737,"[-4.773116107617087, 0.5539570523023896]",12,3,36,10000
gpu,stock,2,grid_unique_sizes,sweep,32,3008,submit_us,updated45,final,537.125672,546.9323440000001,531.061828,545.687453,-7.658875500000022,"[-35.14325050000002, 1.8476875000000064]",-1.3531304257973664,"[-5.527565513236427, 0.3573322948869806]",12,3,36,10000
gpu,stock,2,grid_unique_sizes,sweep,32,3008,complete_us,updated45,final,1193.4961094999999,1173.3392505000002,1184.9088595,1155.9310625,-58.32212550000014,"[-151.67720300000008, 0.17976599999997234]",-4.939201690396433,"[-13.169232224167317, 0.015858767507415106]",12,3,36,10000
gpu,stock,2,grid_unique_variations,sweep,32,3008,draw_us,master,prior,553.588578,494.27599999999995,563.4538435,506.3182815,-80.25457800000001,"[-89.55406249999999, -45.347124500000064]",-14.782511416568834,"[-15.707465483998872, -7.324851641356311]",12,3,36,10000
gpu,stock,2,grid_unique_variations,sweep,32,3008,submit_us,master,prior,634.388719,585.622406,640.6497345,597.5989529999999,-78.23640649999996,"[-93.36399899999998, -40.652421999999945]",-12.909448998578283,"[-14.074603638348858, -5.571908734657893]",12,3,36,10000
gpu,stock,2,grid_unique_variations,sweep,32,3008,complete_us,master,prior,1224.322234,1196.6543285,1253.347,1211.5305939999998,-59.25659400000001,"[-110.66795300000001, 115.89189049999993]",-5.3386083032601395,"[-10.133176985695169, 9.247644099512609]",12,3,36,10000
gpu,stock,2,grid_unique_variations,sweep,32,3008,draw_us,master,updated45,553.588578,450.02142200000003,563.4538435,448.730406,-81.24943799999997,"[-123.3859845, -72.80598450000002]",-15.5908004505322,"[-19.62250381851538, -13.058391164367016]",12,3,36,10000
gpu,stock,2,grid_unique_variations,sweep,32,3008,submit_us,master,updated45,634.388719,524.21425,640.6497345,521.5566719999999,-81.4024215,"[-143.54420299999998, -69.94271849999998]",-13.71551925729163,"[-19.221566853268016, -10.927085229022765]",12,3,36,10000
gpu,stock,2,grid_unique_variations,sweep,32,3008,complete_us,master,updated45,1224.322234,1090.8477189999999,1253.347,1034.8815315,-86.76495299999999,"[-204.59643700000004, 175.519547]",-7.5772425501975045,"[-17.16964513841483, 13.177359409496624]",12,3,36,10000
gpu,stock,2,grid_unique_variations,sweep,32,3008,draw_us,master,final,553.588578,468.597625,563.4538435,466.726578,-91.47131300000001,"[-104.58462449999999, -74.80582799999999]",-16.030301961848348,"[-18.538888088594913, -14.35466810878378]",12,3,36,10000
gpu,stock,2,grid_unique_variations,sweep,32,3008,submit_us,master,final,634.388719,550.0910934999999,640.6497345,545.863906,-86.38482800000003,"[-102.68551550000001, -75.89850000000001]",-13.622681201502651,"[-15.991670742640668, -12.596381970689253]",12,3,36,10000
gpu,stock,2,grid_unique_variations,sweep,32,3008,complete_us,master,final,1224.322234,1102.8230315,1253.347,1076.749406,-91.44843750000001,"[-285.56642150000005, 11.844343499999923]",-8.701891931874535,"[-22.338384584935667, 1.148677858969649]",12,3,36,10000
gpu,stock,2,grid_unique_variations,sweep,32,3008,draw_us,prior,updated45,494.27599999999995,450.02142200000003,506.3182815,448.730406,-9.9714065,"[-110.68412549999994, 2.151062500000023]",-2.1982076413590015,"[-18.08895568853376, 0.4903609510555018]",12,3,36,10000
gpu,stock,2,grid_unique_variations,sweep,32,3008,submit_us,prior,updated45,585.622406,524.21425,597.5989529999999,521.5566719999999,-14.186812499999974,"[-147.70365600000002, -0.2538590000000056]",-2.6488867121895856,"[-20.235637284640802, -0.04951074343028661]",12,3,36,10000
gpu,stock,2,grid_unique_variations,sweep,32,3008,complete_us,prior,updated45,1196.6543285,1090.8477189999999,1211.5305939999998,1034.8815315,-95.7838595,"[-249.22270349999997, 45.55145349999998]",-6.824439196356751,"[-20.565571515369868, 2.840192045944434]",12,3,36,10000
gpu,stock,2,grid_unique_variations,sweep,32,3008,draw_us,prior,final,494.27599999999995,468.597625,506.3182815,466.726578,-9.440671500000008,"[-69.01359399999996, 7.920656000000008]",-2.0613543592241546,"[-13.129251338054733, 1.8094443033338736]",12,3,36,10000
gpu,stock,2,grid_unique_variations,sweep,32,3008,submit_us,prior,final,585.622406,550.0910934999999,597.5989529999999,545.863906,-10.979827999999998,"[-86.43868799999998, 8.317781499999995]",-2.0007204777423846,"[-13.910499865304793, 1.6086726766444959]",12,3,36,10000
gpu,stock,2,grid_unique_variations,sweep,32,3008,complete_us,prior,final,1196.6543285,1102.8230315,1211.5305939999998,1076.749406,-159.84678099999996,"[-304.90225, 65.96165649999995]",-12.907405238080415,"[-20.13622482904895, 5.646434543219736]",12,3,36,10000
gpu,stock,2,grid_unique_variations,sweep,32,3008,draw_us,updated45,final,450.02142200000003,468.597625,448.730406,466.726578,-0.49476549999999975,"[-17.729047000000037, 13.869171500000022]",-0.10954801212492149,"[-3.4817382000091657, 3.0031581393046736]",12,3,36,10000
gpu,stock,2,grid_unique_variations,sweep,32,3008,submit_us,updated45,final,524.21425,550.0910934999999,521.5566719999999,545.863906,1.818406500000009,"[-16.456406500000014, 17.203093499999966]",0.35546191772083957,"[-2.6876027518605348, 3.1806350154159446]",12,3,36,10000
gpu,stock,2,grid_unique_variations,sweep,32,3008,complete_us,updated45,final,1090.8477189999999,1102.8230315,1034.8815315,1076.749406,-16.665312500000027,"[-110.21682849999996, 94.38932799999992]",-1.0094067503173487,"[-8.20877803038731, 9.794004545755753]",12,3,36,10000
gpu,stock,2,text,first_paint,1,1344,draw_us,master,prior,12044.271,11843.2085,12036.375,11970.2085,-219.47900000000027,"[-327.4375, 153.70850000000064]",-1.8122501248580059,"[-2.4096783535030086, 1.2573691912947327]",12,3,36,10000
gpu,stock,2,text,first_paint,1,1344,submit_us,master,prior,19607.917,19509.3125,18999.5625,19428.958,-243.66649999999936,"[-582.6880000000001, 424.52100000000064]",-1.3131601871007315,"[-2.8673665910545654, 2.3013143576352757]",12,3,36,10000
gpu,stock,2,text,first_paint,1,1344,complete_us,master,prior,31053.8125,31139.459,31009.4165,31018.6465,-299.41699999999946,"[-1575.7704999999987, 2085.0414999999994]",-0.9572299902623926,"[-5.047121525580112, 7.223980474198976]",12,3,36,10000
gpu,stock,2,text,first_paint,1,1344,draw_us,master,updated45,12044.271,11572.8955,12036.375,11489.9165,-404.02049999999963,"[-601.0415000000003, -205.72949999999946]",-3.4294851974169593,"[-5.018207001659902, -1.6926954460955213]",12,3,36,10000
gpu,stock,2,text,first_paint,1,1344,submit_us,master,updated45,19607.917,18977.771,18999.5625,18556.833,-506.0625,"[-692.1250000000018, -220.18699999999808]",-2.677480994400744,"[-3.557721787076218, -1.1738271923682098]",12,3,36,10000
gpu,stock,2,text,first_paint,1,1344,complete_us,master,updated45,31053.8125,30292.0835,31009.4165,29973.7915,-468.9380000000019,"[-1122.1460000000006, 516.1664999999994]",-1.5150088449438825,"[-3.596921399641928, 1.6273695819152723]",12,3,36,10000
gpu,stock,2,text,first_paint,1,1344,draw_us,master,final,12044.271,11499.562,12036.375,11470.2915,-400.9369999999999,"[-704.875, -253.27050000000054]",-3.299633252597495,"[-5.792360028602467, -2.2416717108704187]",12,3,36,10000
gpu,stock,2,text,first_paint,1,1344,submit_us,master,final,19607.917,18911.375,18999.5625,18568.604,-282.875,"[-876.7710000000006, -24.49949999999808]",-1.5320821844804822,"[-4.454790407179016, -0.13421637137852604]",12,3,36,10000
gpu,stock,2,text,first_paint,1,1344,complete_us,master,final,31053.8125,30587.4165,31009.4165,30193.646,-681.5204999999987,"[-2284.0204999999987, 32.9375]",-2.1965163593647254,"[-7.2810566387562385, 0.18213950686724045]",12,3,36,10000
gpu,stock,2,text,first_paint,1,1344,draw_us,prior,updated45,11843.2085,11572.8955,11970.2085,11489.9165,-244.5630000000001,"[-466.20899999999983, 22.72949999999946]",-1.970728137105321,"[-3.9159140070877783, 0.2036766826371772]",12,3,36,10000
gpu,stock,2,text,first_paint,1,1344,submit_us,prior,updated45,19509.3125,18977.771,19428.958,18556.833,-239.54149999999936,"[-932.5210000000006, 85.97899999999754]",-1.2986753312101917,"[-4.763636420085699, 0.4764386857021963]",12,3,36,10000
gpu,stock,2,text,first_paint,1,1344,complete_us,prior,updated45,31139.459,30292.0835,31018.6465,29973.7915,-236.5010000000002,"[-1711.6255, 370.72949999999946]",-0.7594540459373522,"[-5.543689340209945, 1.2248539742223286]",12,3,36,10000
gpu,stock,2,text,first_paint,1,1344,draw_us,prior,final,11843.2085,11499.562,11970.2085,11470.2915,-262.45849999999973,"[-811.5625000000009, -55.29100000000017]",-2.115720303290364,"[-6.565855762448669, -0.4921725821400935]",12,3,36,10000
gpu,stock,2,text,first_paint,1,1344,submit_us,prior,final,19509.3125,18911.375,19428.958,18568.604,-358.9380000000001,"[-1200.6045000000013, 111.7510000000002]",-1.9725068783301603,"[-5.974165191588716, 0.6179774051707221]",12,3,36,10000
gpu,stock,2,text,first_paint,1,1344,complete_us,prior,final,31139.459,30587.4165,31018.6465,30193.646,-1158.9375,"[-2037.8334999999988, 311.9584999999988]",-3.5541648251766698,"[-6.692381057788433, 1.0221921692692426]",12,3,36,10000
gpu,stock,2,text,first_paint,1,1344,draw_us,updated45,final,11572.8955,11499.562,11489.9165,11470.2915,34.66700000000037,"[-62.75, 168.5]",0.30821754843548543,"[-0.5323759448354892, 1.4983088155250734]",12,3,36,10000
gpu,stock,2,text,first_paint,1,1344,submit_us,updated45,final,18977.771,18911.375,18556.833,18568.604,194.04150000000118,"[34.29200000000128, 623.9789999999994]",1.0784912184137574,"[0.183017926155693, 3.4423851987075094]",12,3,36,10000
gpu,stock,2,text,first_paint,1,1344,complete_us,updated45,final,30292.0835,30587.4165,29973.7915,30193.646,-397.66749999999956,"[-1967.3954999999987, 679.9585000000006]",-1.418166565729606,"[-6.1475423076737705, 2.2948354668653637]",12,3,36,10000
gpu,stock,2,text,reflow,3,5,draw_us,master,prior,2123.7293335,2196.6178330000002,2097.764,2202.4026665,13.06949950000012,"[-6.430500000000052, 96.23616600000014]",0.4258080467964609,"[-0.3127798428412043, 4.4208322512162335]",12,3,36,10000
gpu,stock,2,text,reflow,3,5,submit_us,master,prior,2306.729333,2405.0969999999998,2278.041833,2410.9583334999998,30.63866700000017,"[-0.6456670000000031, 208.9165005000002]",1.2466278592765612,"[-0.03122932851324367, 8.759601383353477]",12,3,36,10000
gpu,stock,2,text,reflow,3,5,complete_us,master,prior,2895.9375,2900.8540000000003,2829.680667,2903.1456665,56.93049949999977,"[-68.56983350000019, 146.89550000000008]",1.877238930196623,"[-2.271480481757915, 4.992027287064593]",12,3,36,10000
gpu,stock,2,text,reflow,3,5,draw_us,master,updated45,2123.7293335,2127.9586664999997,2097.764,2121.3405000000002,34.12500049999994,"[-19.722499999999968, 125.76399950000007]",1.6949283776809154,"[-0.9349634143547114, 6.033539983459734]",12,3,36,10000
gpu,stock,2,text,reflow,3,5,submit_us,master,updated45,2306.729333,2322.3403335000003,2278.041833,2310.729333,30.20833349999998,"[-23.590166999999838, 154.39600000000019]",1.4143546163963183,"[-1.0573005454586004, 6.824146012535004]",12,3,36,10000
gpu,stock,2,text,reflow,3,5,complete_us,master,updated45,2895.9375,2870.993,2829.680667,2897.2083334999998,29.986166499999854,"[-57.63199949999989, 164.34016700000006]",1.1596332806718679,"[-2.1060650069901596, 5.8318817250384125]",12,3,36,10000
gpu,stock,2,text,reflow,3,5,draw_us,master,final,2123.7293335,2128.2846664999997,2097.764,2124.3055,15.978999999999928,"[-36.75033350000001, 41.17366649999997]",0.8025502667574957,"[-1.7567732757109655, 2.014569510066744]",12,3,36,10000
gpu,stock,2,text,reflow,3,5,submit_us,master,final,2306.729333,2317.8540000000003,2278.041833,2306.7290000000003,18.902667000000065,"[-56.61833350000006, 47.83316700000023]",0.8795540077426445,"[-2.4564080954096514, 2.129940945877573]",12,3,36,10000
gpu,stock,2,text,reflow,3,5,complete_us,master,final,2895.9375,2852.0415000000003,2829.680667,2872.013833,39.27066700000023,"[-117.5906665, 88.90949999999998]",1.417103721261137,"[-4.342838246849412, 3.2433543565468237]",12,3,36,10000
gpu,stock,2,text,reflow,3,5,draw_us,prior,updated45,2196.6178330000002,2127.9586664999997,2202.4026665,2121.3405000000002,7.659833500000104,"[-89.81950000000006, 35.215166499999896]",0.389301241241613,"[-2.7197746054025473, 1.8113198733770597]",12,3,36,10000
gpu,stock,2,text,reflow,3,5,submit_us,prior,updated45,2405.0969999999998,2322.3403335000003,2410.9583334999998,2310.729333,-12.423166500000207,"[-62.500167000000374, 35.75716650000004]",-0.1775998009173052,"[-2.296061496834451, 1.5669957095372555]",12,3,36,10000
gpu,stock,2,text,reflow,3,5,complete_us,prior,updated45,2900.8540000000003,2870.993,2903.1456665,2897.2083334999998,-1.0621664999998757,"[-253.55566650000014, 53.006833500000084]",-0.04279943912208206,"[-4.707967292156789, 1.913352337104568]",12,3,36,10000
gpu,stock,2,text,reflow,3,5,draw_us,prior,final,2196.6178330000002,2128.2846664999997,2202.4026665,2124.3055,-27.02083349999998,"[-128.1524995000002, 31.048499999999876]",-1.3339765189737174,"[-5.6150472374939975, 1.536293316897852]",12,3,36,10000
gpu,stock,2,text,reflow,3,5,submit_us,prior,final,2405.0969999999998,2317.8540000000003,2410.9583334999998,2306.7290000000003,-34.208000000000084,"[-197.31916649999994, 33.97900000000004]",-1.5518827158169213,"[-7.685829984148452, 1.5537622350828673]",12,3,36,10000
gpu,stock,2,text,reflow,3,5,complete_us,prior,final,2900.8540000000003,2852.0415000000003,2903.1456665,2872.013833,-67.86799999999994,"[-219.2083329999998, 75.82650000000012]",-2.491369470344773,"[-7.085825042428068, 2.5124420187080276]",12,3,36,10000
gpu,stock,2,text,reflow,3,5,draw_us,updated45,final,2127.9586664999997,2128.2846664999997,2121.3405000000002,2124.3055,-23.229166499999906,"[-85.64583300000004, -6.750000499999942]",-1.176910536033221,"[-3.846854412636424, -0.30732343385542205]",12,3,36,10000
gpu,stock,2,text,reflow,3,5,submit_us,updated45,final,2322.3403335000003,2317.8540000000003,2310.729333,2306.7290000000003,-17.08333349999998,"[-106.56283299999996, -1.52800000000002]",-0.7963892120587512,"[-4.389659543017432, -0.06286501594771621]",12,3,36,10000
gpu,stock,2,text,reflow,3,5,complete_us,updated45,final,2870.993,2852.0415000000003,2897.2083334999998,2872.013833,-17.277833500000042,"[-122.5346669999999, 63.2218335]",-0.6345113338981245,"[-4.38960907691387, 2.286283572072789]",12,3,36,10000
gpu,stock,2,text,size_advance,12,"{""final"": 6068, ""master"": 6066, ""prior"": 6066, ""updated45"": 6066}",draw_us,master,prior,6880.6890834999995,6925.4373335,6854.2186249999995,6935.0520415,-161.6893329999998,"[-202.52783350000027, 6.084999499999867]",-2.3668025603559295,"[-2.9472407941592396, 0.09669916899013309]",12,3,36,10000
gpu,stock,2,text,size_advance,12,"{""final"": 6068, ""master"": 6066, ""prior"": 6066, ""updated45"": 6066}",submit_us,master,prior,7065.9322085,7171.8974585,7040.704874999999,7186.7238335,-153.19787499999984,"[-200.8959165000001, 40.23254149999957]",-2.1883812011400936,"[-2.8744481293850876, 0.5766594170820594]",12,3,36,10000
gpu,stock,2,text,size_advance,12,"{""final"": 6068, ""master"": 6066, ""prior"": 6066, ""updated45"": 6066}",complete_us,master,prior,10610.260375000002,10463.550374999999,10660.145958500001,11628.717083,-140.6128749999998,"[-322.84033350000027, 561.6943330000004]",-1.0632582240350352,"[-2.922425337758605, 5.404359086998323]",12,3,36,10000
gpu,stock,2,text,size_advance,12,"{""final"": 6068, ""master"": 6066, ""prior"": 6066, ""updated45"": 6066}",draw_us,master,updated45,6880.6890834999995,6648.8315,6854.2186249999995,6648.8315,-111.23454150000043,"[-201.23250000000007, -51.78987499999994]",-1.6290968342285772,"[-3.0188015737562743, -0.7769116601027193]",12,3,36,10000
gpu,stock,2,text,size_advance,12,"{""final"": 6068, ""master"": 6066, ""prior"": 6066, ""updated45"": 6066}",submit_us,master,updated45,7065.9322085,6836.046875,7040.704874999999,6836.046875,-100.63200000000052,"[-204.50687500000004, -35.59374949999983]",-1.4357685327456682,"[-2.982703284585453, -0.525679776277238]",12,3,36,10000
gpu,stock,2,text,size_advance,12,"{""final"": 6068, ""master"": 6066, ""prior"": 6066, ""updated45"": 6066}",complete_us,master,updated45,10610.260375000002,10293.5937915,10660.145958500001,10310.843874999999,-128.66662500000075,"[-308.1270000000004, -89.36991699999908]",-1.2538639543375585,"[-2.8948175764673123, -0.8347532211036401]",12,3,36,10000
gpu,stock,2,text,size_advance,12,"{""final"": 6068, ""master"": 6066, ""prior"": 6066, ""updated45"": 6066}",draw_us,master,final,6880.6890834999995,6679.524375000001,6854.2186249999995,6640.3315835,-169.95687449999969,"[-421.1996245000005, -90.65966649999973]",-2.5809419056639635,"[-5.848960038939039, -1.4123259145556954]",12,3,36,10000
gpu,stock,2,text,size_advance,12,"{""final"": 6068, ""master"": 6066, ""prior"": 6066, ""updated45"": 6066}",submit_us,master,final,7065.9322085,6877.168374999999,7040.704874999999,6847.308917,-166.82133299999987,"[-449.2289580000006, -83.81604100000004]",-2.458810371593967,"[-6.032600291995405, -1.2314259138544725]",12,3,36,10000
gpu,stock,2,text,size_advance,12,"{""final"": 6068, ""master"": 6066, ""prior"": 6066, ""updated45"": 6066}",complete_us,master,final,10610.260375000002,10117.4705835,10660.145958500001,10093.8645415,-371.18754199999967,"[-1447.2275, -140.4132499999996]",-3.658200659967148,"[-12.137171843854706, -1.300331718567127]",12,3,36,10000
gpu,stock,2,text,size_advance,12,"{""final"": 6068, ""master"": 6066, ""prior"": 6066, ""updated45"": 6066}",draw_us,prior,updated45,6925.4373335,6648.8315,6935.0520415,6648.8315,36.182583499999964,"[-304.54516650000096, 81.73604199999954]",0.5244495829666684,"[-3.355205870326888, 1.2739753437686296]",12,3,36,10000
gpu,stock,2,text,size_advance,12,"{""final"": 6068, ""master"": 6066, ""prior"": 6066, ""updated45"": 6066}",submit_us,prior,updated45,7171.8974585,6836.046875,7186.7238335,6836.046875,39.68916649999983,"[-351.53120849999914, 84.29704149999998]",0.5604782034326239,"[-3.7865911152601517, 1.2788679011406012]",12,3,36,10000
gpu,stock,2,text,size_advance,12,"{""final"": 6068, ""master"": 6066, ""prior"": 6066, ""updated45"": 6066}",complete_us,prior,updated45,10463.550374999999,10293.5937915,11628.717083,10310.843874999999,-32.079916999999114,"[-1268.5070415, 229.62137549999898]",-0.29588911537070106,"[-10.844949534105558, 1.997838684914488]",12,3,36,10000
gpu,stock,2,text,size_advance,12,"{""final"": 6068, ""master"": 6066, ""prior"": 6066, ""updated45"": 6066}",draw_us,prior,final,6925.4373335,6679.524375000001,6935.0520415,6640.3315835,-49.42362449999973,"[-395.6405829999999, 61.37679150000031]",-0.695152511626701,"[-5.608486509619115, 0.982548710972897]",12,3,36,10000
gpu,stock,2,text,size_advance,12,"{""final"": 6068, ""master"": 6066, ""prior"": 6066, ""updated45"": 6066}",submit_us,prior,final,7171.8974585,6877.168374999999,7186.7238335,6847.308917,-44.56587500000023,"[-455.10424999999987, 64.92012549999981]",-0.6160224928736135,"[-6.219912082908569, 1.0118787226394477]",12,3,36,10000
gpu,stock,2,text,size_advance,12,"{""final"": 6068, ""master"": 6066, ""prior"": 6066, ""updated45"": 6066}",complete_us,prior,final,10463.550374999999,10117.4705835,11628.717083,10093.8645415,-326.8073755000005,"[-1707.2432079999999, 205.38720850000027]",-3.2561076569182945,"[-14.358210181356135, 2.0819187582202137]",12,3,36,10000
gpu,stock,2,text,size_advance,12,"{""final"": 6068, ""master"": 6066, ""prior"": 6066, ""updated45"": 6066}",draw_us,updated45,final,6648.8315,6679.524375000001,6648.8315,6640.3315835,-59.029583,"[-96.03987499999994, 43.98437550000017]",-0.9309690764267853,"[-1.406350083319069, 0.6934872869685305]",12,3,36,10000
gpu,stock,2,text,size_advance,12,"{""final"": 6068, ""master"": 6066, ""prior"": 6066, ""updated45"": 6066}",submit_us,updated45,final,6836.046875,6877.168374999999,6836.046875,6847.308917,-56.59537500000033,"[-104.25691649999999, 52.44262549999985]",-0.7994008896839933,"[-1.5277022711180421, 0.8058656133722142]",12,3,36,10000
gpu,stock,2,text,size_advance,12,"{""final"": 6068, ""master"": 6066, ""prior"": 6066, ""updated45"": 6066}",complete_us,updated45,final,10293.5937915,10117.4705835,10310.843874999999,10093.8645415,-76.97745850000047,"[-323.18070850000004, 19.93920800000069]",-0.7455519926015286,"[-3.2655196927030614, 0.194320309582946]",12,3,36,10000
gpu,stock,2,text,size_return,12,0,draw_us,master,prior,313.435875,320.329917,311.9289165,320.329917,2.4167084999999986,"[-3.0590830000000153, 13.96516650000001]",0.866206935166014,"[-0.9800084474834381, 4.545723282026226]",12,3,36,10000
gpu,stock,2,text,size_return,12,0,submit_us,master,prior,481.741375,502.6545,481.19629150000003,502.5677085,2.4601249999999766,"[-12.671832999999964, 33.35229149999995]",0.5616536054103061,"[-2.368090852842386, 6.491776509115144]",12,3,36,10000
gpu,stock,2,text,size_return,12,0,complete_us,master,prior,867.5089585000001,868.618125,891.439375,860.10425,-11.416624999999954,"[-80.6110835, 93.64391699999999]",-1.3481616231147076,"[-8.200979521513702, 11.027413412916886]",12,3,36,10000
gpu,stock,2,text,size_return,12,0,draw_us,master,updated45,313.435875,295.48429150000004,311.9289165,296.5504165,3.793458500000014,"[-8.086708500000015, 13.538250000000033]",1.2218099893713363,"[-2.648692763130728, 4.804225503271842]",12,3,36,10000
gpu,stock,2,text,size_return,12,0,submit_us,master,updated45,481.741375,457.664875,481.19629150000003,462.244875,2.4060835000000225,"[-11.071166500000004, 25.138792000000024]",0.4696834010508133,"[-2.38258061823044, 5.7521988737844865]",12,3,36,10000
gpu,stock,2,text,size_return,12,0,complete_us,master,updated45,867.5089585000001,876.861125,891.439375,878.295167,12.831457999999998,"[-73.5954165, 107.380042]",1.5358852444320448,"[-8.011468179093185, 14.109316115614266]",12,3,36,10000
gpu,stock,2,text,size_return,12,0,draw_us,master,final,313.435875,307.14937499999996,311.9289165,300.3575835,0.17700050000001966,"[-15.008791500000001, 5.4530835000000195]",0.08584702468069638,"[-4.48856948410119, 1.9405676053492749]",12,3,36,10000
gpu,stock,2,text,size_return,12,0,submit_us,master,final,481.741375,472.4515,481.19629150000003,468.432375,-0.0676665000000014,"[-24.786416000000003, 8.131957999999997]",0.06960630759120234,"[-4.747254706310988, 1.8555481620014636]",12,3,36,10000
gpu,stock,2,text,size_return,12,0,complete_us,master,final,867.5089585000001,828.3905835,891.439375,828.2238335,-18.35933349999999,"[-106.90295800000007, 40.53995800000001]",-2.466175349085853,"[-11.708870360034679, 5.040708147631356]",12,3,36,10000
gpu,stock,2,text,size_return,12,0,draw_us,prior,updated45,320.329917,295.48429150000004,320.329917,296.5504165,0.10437450000000581,"[-41.694333, 6.908041499999996]",0.0369555415509204,"[-9.04336011135916, 2.245199060245373]",12,3,36,10000
gpu,stock,2,text,size_return,12,0,submit_us,prior,updated45,502.6545,457.664875,502.5677085,462.244875,-3.4305420000000026,"[-86.15099999999998, 12.084958499999999]",-0.7743756881425146,"[-11.276960908371159, 2.766400755975984]",12,3,36,10000
gpu,stock,2,text,size_return,12,0,complete_us,prior,updated45,868.618125,876.861125,860.10425,878.295167,-28.418541500000003,"[-101.02433350000001, 83.21516649999995]",-3.45812384604417,"[-10.761926849823649, 10.801956206454555]",12,3,36,10000
gpu,stock,2,text,size_return,12,0,draw_us,prior,final,320.329917,307.14937499999996,320.329917,300.3575835,-8.321249999999992,"[-31.645958000000007, 4.710125000000005]",-2.489321145453988,"[-9.606510437295263, 1.6811633901820167]",12,3,36,10000
gpu,stock,2,text,size_return,12,0,submit_us,prior,final,502.6545,472.4515,502.5677085,468.432375,-21.314291000000026,"[-59.447791499999994, 6.8524585000000116]",-3.5982870296690614,"[-10.789820892146684, 1.5694740750267555]",12,3,36,10000
gpu,stock,2,text,size_return,12,0,complete_us,prior,final,868.618125,828.3905835,860.10425,828.2238335,-47.53470850000002,"[-115.97924999999998, 45.70454149999995]",-5.954174257515172,"[-13.528565588618862, 5.290110343444088]",12,3,36,10000
gpu,stock,2,text,size_return,12,0,draw_us,updated45,final,295.48429150000004,307.14937499999996,296.5504165,300.3575835,-4.3834999999999695,"[-11.6754995, 6.562333499999994]",-1.518356417350153,"[-3.789661164313174, 2.322023975497045]",12,3,36,10000
gpu,stock,2,text,size_return,12,0,submit_us,updated45,final,457.664875,472.4515,462.244875,468.432375,-7.722207999999938,"[-18.12500000000003, 8.713666500000016]",-1.5827984752992075,"[-3.895932281601555, 1.9856127873788765]",12,3,36,10000
gpu,stock,2,text,size_return,12,0,complete_us,updated45,final,876.861125,828.3905835,878.295167,828.2238335,-49.45483350000001,"[-109.3297915, 1.6044160000000147]",-5.859903481141515,"[-12.613119618755098, 0.22716905735328807]",12,3,36,10000
gpu,stock,2,text,warm,30,0,draw_us,master,prior,266.779833,283.0979165,265.0625165,285.25275,5.211033499999999,"[1.9131835000000024, 12.570799999999963]",1.9676825849032964,"[0.8042237055136736, 4.763694698360254]",12,3,36,10000
gpu,stock,2,text,warm,30,0,submit_us,master,prior,399.1674,424.694433,396.0096665,433.4318665,8.833383499999997,"[0.5902329999999836, 26.236749999999972]",2.3774187830495563,"[0.2347464648287556, 6.257399139662656]",12,3,36,10000
gpu,stock,2,text,warm,30,0,complete_us,master,prior,719.8727835,770.2805335,741.8041,775.5000164999999,9.934650000000033,"[-22.73610000000002, 59.79451650000004]",1.5584449207753648,"[-2.095789829892092, 8.530664749595852]",12,3,36,10000
gpu,stock,2,text,warm,30,0,draw_us,master,updated45,266.779833,259.13265,265.0625165,257.80899999999997,3.6813000000000073,"[0.6492834999999815, 5.853400000000008]",1.3871566759776743,"[0.2532079394562181, 2.3418113815606767]",12,3,36,10000
gpu,stock,2,text,warm,30,0,submit_us,master,updated45,399.1674,386.158367,396.0096665,385.79515000000004,6.206266499999998,"[-2.649199999999979, 10.164550499999962]",1.5923417270607643,"[-0.6876656295175865, 2.5753352427044907]",12,3,36,10000
gpu,stock,2,text,warm,30,0,complete_us,master,updated45,719.8727835,691.7833835,741.8041,654.8250665,-14.61593350000004,"[-112.0409335, 13.014483000000041]",-2.2466725172790136,"[-14.718766436469977, 1.9245671052450786]",12,3,36,10000
gpu,stock,2,text,warm,30,0,draw_us,master,final,266.779833,265.6569,265.0625165,266.1576335,5.627733500000005,"[-9.164599999999979, 7.35006700000001]",2.2257787593630063,"[-3.025551375715141, 2.8797859133601]",12,3,36,10000
gpu,stock,2,text,warm,30,0,submit_us,master,final,399.1674,397.27076650000004,396.0096665,398.4916165,2.3077499999999986,"[-31.005749999999978, 7.4054835000000026]",0.602057712958326,"[-6.926423978845614, 1.8888509594800817]",12,3,36,10000
gpu,stock,2,text,warm,30,0,complete_us,master,final,719.8727835,718.578533,741.8041,703.3354334999999,-2.2429330000000505,"[-83.76529999999997, 35.615883]",-0.37387438782850446,"[-11.001349755128182, 4.856488804210491]",12,3,36,10000
gpu,stock,2,text,warm,30,0,draw_us,prior,updated45,283.0979165,259.13265,285.25275,257.80899999999997,-2.7138670000000076,"[-25.05271700000003, 0.17295000000001437]",-1.0640220675962264,"[-7.619600995232168, 0.08212644121742274]",12,3,36,10000
gpu,stock,2,text,warm,30,0,submit_us,prior,updated45,424.694433,386.158367,433.4318665,385.79515000000004,-5.117267000000027,"[-57.66721600000005, 0.7319334999999967]",-1.2222891163912286,"[-8.627989744621761, 0.18766799174571025]",12,3,36,10000
gpu,stock,2,text,warm,30,0,complete_us,prior,updated45,770.2805335,691.7833835,775.5000164999999,654.8250665,-80.95626699999997,"[-115.6242995, -31.724917000000005]",-9.26289593922466,"[-14.482987728365366, -3.4127315756481647]",12,3,36,10000
gpu,stock,2,text,warm,30,0,draw_us,prior,final,283.0979165,265.6569,285.25275,266.1576335,-5.081916999999976,"[-25.04098349999998, 2.1312499999999943]",-1.7967574465445613,"[-8.608929719591124, 0.8446606548630498]",12,3,36,10000
gpu,stock,2,text,warm,30,0,submit_us,prior,final,424.694433,397.27076650000004,433.4318665,398.4916165,-16.672233000000006,"[-48.782633499999974, 1.035367000000008]",-3.9378756011333227,"[-10.879639174657468, 0.2776604272438088]",12,3,36,10000
gpu,stock,2,text,warm,30,0,complete_us,prior,final,770.2805335,718.578533,775.5000164999999,703.3354334999999,-49.54378299999996,"[-105.06183300000004, 4.8000169999999684]",-6.87465343876375,"[-12.982544619335895, 0.5781217886914103]",12,3,36,10000
gpu,stock,2,text,warm,30,0,draw_us,updated45,final,259.13265,265.6569,257.80899999999997,266.1576335,3.512483000000003,"[-1.5388999999999982, 5.479816499999998]",1.247184221808073,"[-0.5969798972700446, 2.176140292551254]",12,3,36,10000
gpu,stock,2,text,warm,30,0,submit_us,updated45,final,386.158367,397.27076650000004,385.79515000000004,398.4916165,0.486850000000004,"[-5.49381600000001, 7.245049500000022]",0.14168825388544137,"[-1.4334688240187743, 1.9229644101351862]",12,3,36,10000
gpu,stock,2,text,warm,30,0,complete_us,updated45,final,691.7833835,718.578533,654.8250665,703.3354334999999,10.667399999999986,"[-6.652133500000048, 46.65618349999994]",1.500943657438747,"[-1.039902513960983, 7.277294404274192]",12,3,36,10000
gpu,stock,2,text,x_advance,10,666,draw_us,master,prior,676.2165500000001,669.8416500000001,670.648,664.2188000000001,-42.73349999999999,"[-53.93135000000001, -11.339650000000006]",-6.3775010163483135,"[-8.010692768074401, -1.757262469683435]",12,3,36,10000
gpu,stock,2,text,x_advance,10,666,submit_us,master,prior,863.3604,883.2520999999999,860.74175,871.7103999999999,-37.10419999999999,"[-54.11244999999997, 11.320899999999995]",-4.242481516106045,"[-6.424707237253962, 1.238133338660935]",12,3,36,10000
gpu,stock,2,text,x_advance,10,666,complete_us,master,prior,1647.5792000000001,1790.4063,1565.95415,1746.1398,94.98125000000005,"[-33.55815000000007, 245.9686499999999]",6.160935119909016,"[-1.9740403855957767, 17.098696613674157]",12,3,36,10000
gpu,stock,2,text,x_advance,10,666,draw_us,master,updated45,676.2165500000001,601.83335,670.648,594.72285,-40.9751,"[-52.45825000000002, -35.85825]",-6.498160133851477,"[-8.140211503080957, -5.343685179396673]",12,3,36,10000
gpu,stock,2,text,x_advance,10,666,submit_us,master,updated45,863.3604,787.4376,860.74175,780.0667,-38.458300000000065,"[-54.23965000000004, -25.314750000000004]",-4.728706324817866,"[-6.573045517649362, -2.808922281705711]",12,3,36,10000
gpu,stock,2,text,x_advance,10,666,complete_us,master,updated45,1647.5792000000001,1488.8229000000001,1565.95415,1441.3562,-89.36450000000013,"[-152.43960000000004, -5.1144500000000335]",-5.897110939522171,"[-10.039400647733647, -0.3417600355321737]",12,3,36,10000
gpu,stock,2,text,x_advance,10,666,draw_us,master,final,676.2165500000001,631.95835,670.648,621.9165499999999,-50.61870000000005,"[-72.03764999999999, -34.9187]",-7.653517154900352,"[-9.416393447099598, -5.524379797993417]",12,3,36,10000
gpu,stock,2,text,x_advance,10,666,submit_us,master,final,863.3604,826.0542,860.74175,811.7312,-54.67075,"[-71.31440000000003, -31.97715000000005]",-6.088307533903514,"[-7.866703433783828, -3.9353068100697772]",12,3,36,10000
gpu,stock,2,text,x_advance,10,666,complete_us,master,final,1647.5792000000001,1543.15425,1565.95415,1457.10835,-91.32704999999999,"[-205.10615000000007, -12.845949999999903]",-5.919639090711587,"[-11.62109928938943, -0.8714569797663496]",12,3,36,10000
gpu,stock,2,text,x_advance,10,666,draw_us,prior,updated45,669.8416500000001,601.83335,664.2188000000001,594.72285,-17.433400000000006,"[-109.69185000000004, 8.483249999999998]",-2.8338604526578823,"[-12.082724223513196, 1.3134784942304578]",12,3,36,10000
gpu,stock,2,text,x_advance,10,666,submit_us,prior,updated45,883.2520999999999,787.4376,871.7103999999999,780.0667,-26.562550000000044,"[-147.77084999999983, 12.687499999999943]",-3.2798065775456853,"[-9.445597657006761, 1.4499114600522667]",12,3,36,10000
gpu,stock,2,text,x_advance,10,666,complete_us,prior,updated45,1790.4063,1488.8229000000001,1746.1398,1441.3562,-262.677,"[-382.0770000000001, -133.0542999999999]",-15.862263490282013,"[-20.98373830234708, -4.6895190040094406]",12,3,36,10000
gpu,stock,2,text,x_advance,10,666,draw_us,prior,final,669.8416500000001,631.95835,664.2188000000001,621.9165499999999,-12.600099999999998,"[-74.97730000000007, 5.583349999999996]",-2.065140702121276,"[-10.785540691491054, 0.9821448663163257]",12,3,36,10000
gpu,stock,2,text,x_advance,10,666,submit_us,prior,final,883.2520999999999,826.0542,871.7103999999999,811.7312,-24.471000000000004,"[-112.52089999999998, 16.739600000000053]",-3.0347020954716863,"[-11.916239311916465, 1.8606609365664384]",12,3,36,10000
gpu,stock,2,text,x_advance,10,666,complete_us,prior,final,1790.4063,1543.15425,1746.1398,1457.10835,-287.3667499999999,"[-445.26675, -83.51044999999999]",-17.08289958108329,"[-23.52626500463024, -4.710595920939776]",12,3,36,10000
gpu,stock,2,text,x_advance,10,666,draw_us,updated45,final,601.83335,631.95835,594.72285,621.9165499999999,2.862549999999999,"[-12.972950000000083, 33.03539999999998]",0.4816860117793753,"[-2.0576823805892763, 5.289697910490865]",12,3,36,10000
gpu,stock,2,text,x_advance,10,666,submit_us,updated45,final,787.4376,826.0542,780.0667,811.7312,6.481150000000014,"[-21.07914999999997, 40.102149999999995]",0.8329315285262595,"[-2.563950447769414, 4.885470810721304]",12,3,36,10000
gpu,stock,2,text,x_advance,10,666,complete_us,updated45,final,1488.8229000000001,1543.15425,1441.3562,1457.10835,-6.018699999999967,"[-81.41879999999992, 95.34785]",-0.714153176552873,"[-5.439730410932375, 7.1039357461043835]",12,3,36,10000
gpu,stock,2,text,x_return,10,0,draw_us,master,prior,277.52094999999997,292.1708,275.0563,292.65,9.760299999999987,"[-2.579100000000011, 22.622900000000016]",3.584281682235968,"[-0.9148303288933068, 7.5435148749587455]",12,3,36,10000
gpu,stock,2,text,x_return,10,0,submit_us,master,prior,476.43525,503.52700000000004,476.43525,505.86244999999997,13.914599999999979,"[-11.089500000000015, 43.34140000000002]",3.160983646559512,"[-1.8253568488583227, 8.055599173675066]",12,3,36,10000
gpu,stock,2,text,x_return,10,0,complete_us,master,prior,794.9438,874.7333,792.6541500000001,863.2895,51.88329999999996,"[-32.05605000000003, 106.01235000000003]",6.154651128205158,"[-3.5106653405714843, 14.02805397667921]",12,3,36,10000
gpu,stock,2,text,x_return,10,0,draw_us,master,updated45,277.52094999999997,278.65840000000003,275.0563,270.9438,0.4809499999999929,"[-5.031150000000011, 9.524799999999999]",0.19171313633633003,"[-1.911194034718472, 3.3343316848850946]",12,3,36,10000
gpu,stock,2,text,x_return,10,0,submit_us,master,updated45,476.43525,466.02715,476.43525,458.82925,-3.3728000000000122,"[-13.806250000000006, 15.085399999999993]",-0.7681827003734654,"[-2.9466239147590727, 3.0713457345523665]",12,3,36,10000
gpu,stock,2,text,x_return,10,0,complete_us,master,updated45,794.9438,777.0478499999999,792.6541500000001,777.0478499999999,-12.712500000000034,"[-35.898000000000025, 67.60430000000002]",-1.6641826630822698,"[-4.353288632970914, 9.992851616501408]",12,3,36,10000
gpu,stock,2,text,x_return,10,0,draw_us,master,final,277.52094999999997,284.62305000000003,275.0563,277.2501,4.583399999999969,"[-5.095699999999994, 9.974950000000021]",1.7707078393665143,"[-1.8177015274055852, 3.645937066312288]",12,3,36,10000
gpu,stock,2,text,x_return,10,0,submit_us,master,final,476.43525,482.45835,476.43525,469.6959,3.225099999999969,"[-22.00830000000002, 11.166500000000013]",0.7166209596898399,"[-4.548276414045799, 2.3303399706027683]",12,3,36,10000
gpu,stock,2,text,x_return,10,0,complete_us,master,final,794.9438,818.38545,792.6541500000001,808.5813499999999,-4.729100000000017,"[-66.4334, 52.01694999999995]",-0.1792791017158013,"[-7.8043550424486074, 7.1459909583472365]",12,3,36,10000
gpu,stock,2,text,x_return,10,0,draw_us,prior,updated45,292.1708,278.65840000000003,292.65,270.9438,-6.53540000000001,"[-21.889699999999976, 0.06845000000001278]",-2.194824204195611,"[-7.604260691183012, 0.030952874384981843]",12,3,36,10000
gpu,stock,2,text,x_return,10,0,submit_us,prior,updated45,503.52700000000004,466.02715,505.86244999999997,458.82925,-13.772899999999993,"[-43.03550000000001, -0.09770000000000323]",-2.8160021374028457,"[-8.723707655249118, -0.021760620499355898]",12,3,36,10000
gpu,stock,2,text,x_return,10,0,complete_us,prior,updated45,874.7333,777.0478499999999,863.2895,777.0478499999999,-75.66264999999999,"[-105.46464999999995, 0.03139999999996235]",-6.927190136457884,"[-11.933153097623183, 0.004814331009084238]",12,3,36,10000
gpu,stock,2,text,x_return,10,0,draw_us,prior,final,292.1708,284.62305000000003,292.65,277.2501,-6.664599999999979,"[-24.3896, 0.608300000000014]",-2.280496612318794,"[-8.136377745053476, 0.24624579541233094]",12,3,36,10000
gpu,stock,2,text,x_return,10,0,submit_us,prior,final,503.52700000000004,482.45835,505.86244999999997,469.6959,-21.081150000000008,"[-49.843800000000016, -3.804149999999993]",-4.202217661434881,"[-9.514169846940208, -0.8696353433498838]",12,3,36,10000
gpu,stock,2,text,x_return,10,0,complete_us,prior,final,874.7333,818.38545,863.2895,808.5813499999999,-91.12074999999999,"[-109.36025000000001, 24.74604999999997]",-10.380536774006256,"[-12.964479283147773, 3.3967693622806827]",12,3,36,10000
gpu,stock,2,text,x_return,10,0,draw_us,updated45,final,278.65840000000003,284.62305000000003,270.9438,277.2501,1.748199999999997,"[-0.8895499999999856, 6.5292499999999905]",0.6291056660927774,"[-0.3034882852313736, 2.5602638084836316]",12,3,36,10000
gpu,stock,2,text,x_return,10,0,submit_us,updated45,final,466.02715,482.45835,458.82925,469.6959,1.1291999999999973,"[-8.843799999999987, 13.320900000000023]",0.2853414886172523,"[-1.8324106144047114, 2.836411784899695]",12,3,36,10000
gpu,stock,2,text,x_return,10,0,complete_us,updated45,final,777.0478499999999,818.38545,777.0478499999999,808.5813499999999,-4.739300000000014,"[-41.404150000000016, 47.87074999999999]",-0.5380593382497634,"[-5.416754432077863, 6.341246157403269]",12,3,36,10000
gpu,stock,2,text,y_advance,10,0,draw_us,master,prior,265.25829999999996,284.0688,264.34175,283.78335000000004,6.371099999999984,"[2.187500000000014, 12.660450000000026]",2.2389105381473318,"[0.8688229284388505, 4.538366246423397]",12,3,36,10000
gpu,stock,2,text,y_advance,10,0,submit_us,master,prior,397.9438,429.84590000000003,394.88545,426.5105,11.148149999999987,"[-0.19780000000000086, 27.308450000000022]",2.7706250461768,"[-0.0544342436090417, 6.382201653917874]",12,3,36,10000
gpu,stock,2,text,y_advance,10,0,complete_us,master,prior,722.9355499999999,791.0917,721.18115,783.2772,28.41489999999999,"[-4.9497499999999945, 89.3793]",4.298467405876849,"[-0.428308889823803, 11.500418474100925]",12,3,36,10000
gpu,stock,2,text,y_advance,10,0,draw_us,master,updated45,265.25829999999996,261.03560000000004,264.34175,259.3376,6.335349999999991,"[-2.200049999999976, 11.595999999999975]",2.5356606038250296,"[-0.8452405795079387, 4.237474522084783]",12,3,36,10000
gpu,stock,2,text,y_advance,10,0,submit_us,master,updated45,397.9438,388.94585,394.88545,386.08125,3.460499999999996,"[-7.552149999999983, 19.34590000000003]",0.9188079777684766,"[-1.9829701159002788, 4.703825009762463]",12,3,36,10000
gpu,stock,2,text,y_advance,10,0,complete_us,master,updated45,722.9355499999999,745.8168499999999,721.18115,745.8168499999999,40.825350000000014,"[-5.164249999999981, 104.51474999999999]",5.585917357921211,"[-0.8343756937731872, 17.43551971813513]",12,3,36,10000
gpu,stock,2,text,y_advance,10,0,draw_us,master,final,265.25829999999996,277.8666,264.34175,268.89175,5.2209000000000145,"[-5.599749999999972, 9.6143]",2.0739874393632896,"[-1.8619255789284583, 3.5696787191726087]",12,3,36,10000
gpu,stock,2,text,y_advance,10,0,submit_us,master,final,397.9438,411.69169999999997,394.88545,400.3356,4.30834999999999,"[-14.495800000000031, 7.281449999999978]",1.11127711500143,"[-3.1642731368743404, 1.9195158260498224]",12,3,36,10000
gpu,stock,2,text,y_advance,10,0,complete_us,master,final,722.9355499999999,742.17295,721.18115,732.2563,34.041949999999986,"[-47.71640000000002, 52.571000000000026]",4.953275985710615,"[-5.972039519586808, 8.162063689340371]",12,3,36,10000
gpu,stock,2,text,y_advance,10,0,draw_us,prior,updated45,284.0688,261.03560000000004,283.78335000000004,259.3376,-1.1563999999999908,"[-35.56259999999999, 3.7998999999999796]",-0.44976060318096533,"[-8.095709668426732, 1.4139714552546478]",12,3,36,10000
gpu,stock,2,text,y_advance,10,0,submit_us,prior,updated45,429.84590000000003,388.94585,426.5105,386.08125,-5.8417499999999905,"[-73.48769999999999, 4.4959499999999935]",-1.5334152936765932,"[-9.815900351681812, 1.1801006735789543]",12,3,36,10000
gpu,stock,2,text,y_advance,10,0,complete_us,prior,updated45,791.0917,745.8168499999999,783.2772,745.8168499999999,-33.83729999999997,"[-117.87080000000003, 53.72485]",-4.683035884234554,"[-9.100989158392858, 8.871510935972148]",12,3,36,10000
gpu,stock,2,text,y_advance,10,0,draw_us,prior,final,284.0688,277.8666,283.78335000000004,268.89175,0.8499999999999943,"[-22.964400000000012, 3.960400000000007]",0.3347233879635203,"[-7.8509810383037335, 1.505518023208685]",12,3,36,10000
gpu,stock,2,text,y_advance,10,0,submit_us,prior,final,429.84590000000003,411.69169999999997,426.5105,400.3356,-3.716700000000003,"[-43.13745000000003, 3.070750000000004]",-0.9289471599342736,"[-9.428201268430437, 0.8243489544164762]",12,3,36,10000
gpu,stock,2,text,y_advance,10,0,complete_us,prior,final,791.0917,742.17295,783.2772,732.2563,-20.293750000000045,"[-138.82089999999994, 55.487450000000024]",-2.5441149879468714,"[-16.085461211211317, 9.14555303404444]",12,3,36,10000
gpu,stock,2,text,y_advance,10,0,draw_us,updated45,final,261.03560000000004,277.8666,259.3376,268.89175,0.7603500000000167,"[-3.0480499999999893, 5.6936000000000035]",0.3070633876840645,"[-1.127886647227433, 2.106799105083479]",12,3,36,10000
gpu,stock,2,text,y_advance,10,0,submit_us,updated45,final,388.94585,411.69169999999997,386.08125,400.3356,-0.13750000000001705,"[-10.814550000000025, 11.114599999999996]",-0.022876472269545145,"[-2.520160541943711, 2.667035151039676]",12,3,36,10000
gpu,stock,2,text,y_advance,10,0,complete_us,updated45,final,745.8168499999999,742.17295,745.8168499999999,732.2563,-13.91459999999995,"[-70.09184999999997, 27.75619999999998]",-1.993089060717107,"[-9.436906184030512, 3.8057171636775466]",12,3,36,10000
gpu,vollkorn,2,demo,first_paint,1,269,draw_us,master,prior,8128.1665,5863.0205,8116.187,5668.791499999999,-2307.8954999999996,"[-2518.625, -1984.125]",-29.237320522404993,"[-30.866364972095447, -25.568042673320612]",12,3,36,10000
gpu,vollkorn,2,demo,first_paint,1,269,submit_us,master,prior,14495.395499999999,11910.6455,14134.875,11517.792,-2366.1040000000003,"[-3051.2920000000004, -1836.7705000000005]",-17.038233925501878,"[-21.38802024412491, -13.795765171101632]",12,3,36,10000
gpu,vollkorn,2,demo,first_paint,1,269,complete_us,master,prior,17484.6875,14792.332999999999,16960.333,14644.7285,-2866.2914999999994,"[-3677.500000000001, -2028.0210000000006]",-16.435256949656292,"[-22.387893905741546, -11.993452577700504]",12,3,36,10000
gpu,vollkorn,2,demo,first_paint,1,269,draw_us,master,updated45,8128.1665,5774.4375,8116.187,5714.375,-2343.5409999999997,"[-2490.4584999999997, -2130.375]",-28.849699699267106,"[-30.394064960942423, -27.620769947679342]",12,3,36,10000
gpu,vollkorn,2,demo,first_paint,1,269,submit_us,master,updated45,14495.395499999999,11857.417,14134.875,11710.1255,-2358.0414999999994,"[-2801.3335000000006, -2003.1875]",-16.814730820293377,"[-19.5757540204867, -15.3054618428685]",12,3,36,10000
gpu,vollkorn,2,demo,first_paint,1,269,complete_us,master,updated45,17484.6875,15153.3535,16960.333,14824.104500000001,-2642.1465000000007,"[-3397.1045000000004, -1804.9795000000004]",-15.417328709658229,"[-20.457174957489592, -10.87847550471478]",12,3,36,10000
gpu,vollkorn,2,demo,first_paint,1,269,draw_us,master,final,8128.1665,5793.166499999999,8116.187,5765.0419999999995,-2295.208,"[-2476.1874999999995, -1998.8125]",-28.69695685861496,"[-30.115580074839166, -25.423359165029616]",12,3,36,10000
gpu,vollkorn,2,demo,first_paint,1,269,submit_us,master,final,14495.395499999999,12103.417,14134.875,11832.729,-2007.8340000000007,"[-2272.2289999999994, -1700.2915000000003]",-14.483456689879876,"[-16.69443582077961, -12.01182804591357]",12,3,36,10000
gpu,vollkorn,2,demo,first_paint,1,269,complete_us,master,final,17484.6875,15126.563,16960.333,14884.0625,-2089.8955000000005,"[-2442.750000000001, -1398.521499999999]",-12.346662291943405,"[-14.208746861258392, -8.395012644764755]",12,3,36,10000
gpu,vollkorn,2,demo,first_paint,1,269,draw_us,prior,updated45,5863.0205,5774.4375,5668.791499999999,5714.375,-9.438000000000557,"[-97.5625, 94.39600000000019]",-0.21097353150157372,"[-1.7877762850050716, 1.6791346754375547]",12,3,36,10000
gpu,vollkorn,2,demo,first_paint,1,269,submit_us,prior,updated45,11910.6455,11857.417,11517.792,11710.1255,82.56249999999909,"[-77.83399999999983, 256.02050000000054]",0.6685711199985733,"[-0.7205257977727642, 2.08637916014095]",12,3,36,10000
gpu,vollkorn,2,demo,first_paint,1,269,complete_us,prior,updated45,14792.332999999999,15153.3535,14644.7285,14824.104500000001,296.8119999999999,"[-219.8755000000001, 1518.7084999999997]",1.9978581176428478,"[-1.5730560835213625, 11.162990921047879]",12,3,36,10000
gpu,vollkorn,2,demo,first_paint,1,269,draw_us,prior,final,5863.0205,5793.166499999999,5668.791499999999,5765.0419999999995,-89.85400000000027,"[-363.06200000000035, 234.77100000000019]",-1.5634327612445431,"[-5.903433340589048, 4.3393689353350755]",12,3,36,10000
gpu,vollkorn,2,demo,first_paint,1,269,submit_us,prior,final,11910.6455,12103.417,11517.792,11832.729,192.77050000000054,"[-410.9375, 801.7709999999997]",1.6685689905376333,"[-3.4502567637131665, 7.060741222918775]",12,3,36,10000
gpu,vollkorn,2,demo,first_paint,1,269,complete_us,prior,final,14792.332999999999,15126.563,14644.7285,14884.0625,661.8124999999991,"[-65.79149999999936, 1695.3330000000014]",4.7188397259051325,"[-0.44043905496035096, 12.473007742029752]",12,3,36,10000
gpu,vollkorn,2,demo,first_paint,1,269,draw_us,updated45,final,5774.4375,5793.166499999999,5714.375,5765.0419999999995,-34.35400000000027,"[-139.10399999999981, 318.56300000000056]",-0.6058948428767974,"[-2.5653615126137232, 5.987361305018601]",12,3,36,10000
gpu,vollkorn,2,demo,first_paint,1,269,submit_us,updated45,final,11857.417,12103.417,11710.1255,11832.729,6.72899999999936,"[-197.8119999999999, 734.1040000000003]",0.05404562760631393,"[-1.6399906403735787, 6.519038822390611]",12,3,36,10000
gpu,vollkorn,2,demo,first_paint,1,269,complete_us,updated45,final,15153.3535,15126.563,14824.104500000001,14884.0625,162.125,"[-578.9164999999994, 1462.1670000000004]",1.0863465196283228,"[-3.836283847211325, 10.6644436030906]",12,3,36,10000
gpu,vollkorn,2,demo,pan,10,0,draw_us,master,prior,239.7853,226.41455000000002,240.43734999999998,225.30630000000002,-0.6291499999999957,"[-18.970749999999995, 5.966550000000012]",-0.24063414375651848,"[-7.763389919858643, 2.4127803671816106]",12,3,36,10000
gpu,vollkorn,2,demo,pan,10,0,submit_us,master,prior,630.4062,584.70425,624.3062,588.38755,-1.8521499999999946,"[-48.51869999999997, 28.24595000000005]",-0.3104726791235135,"[-7.661267427410256, 4.664428314534619]",12,3,36,10000
gpu,vollkorn,2,demo,pan,10,0,complete_us,master,prior,1260.8521,1157.59385,1216.9793,1095.175,-19.699950000000058,"[-230.22724999999997, 124.08544999999992]",-2.145178116191593,"[-18.84025794334289, 10.571891928785737]",12,3,36,10000
gpu,vollkorn,2,demo,pan,10,0,draw_us,master,updated45,239.7853,233.5522,240.43734999999998,233.8605,-2.0561500000000024,"[-17.147850000000005, 3.0228000000000037]",-0.9458937153971725,"[-7.04433522758795, 1.287791872371702]",12,3,36,10000
gpu,vollkorn,2,demo,pan,10,0,submit_us,master,updated45,630.4062,598.3917,624.3062,600.88135,-12.476999999999975,"[-48.08949999999999, 5.8311500000000365]",-2.040617276501994,"[-7.62771953842794, 0.9784763428309029]",12,3,36,10000
gpu,vollkorn,2,demo,pan,10,0,complete_us,master,updated45,1260.8521,1174.8334,1216.9793,1109.1416,-99.38550000000004,"[-200.67504999999994, 5.237250000000017]",-9.490351731232554,"[-14.693985986031944, 0.5950312112885381]",12,3,36,10000
gpu,vollkorn,2,demo,pan,10,0,draw_us,master,final,239.7853,245.38119999999998,240.43734999999998,246.6479,-1.1646999999999963,"[-3.3062500000000057, 10.889600000000002]",-0.49603590045907975,"[-1.496010748650306, 4.802251381627243]",12,3,36,10000
gpu,vollkorn,2,demo,pan,10,0,submit_us,master,final,630.4062,634.98325,624.3062,639.14575,-2.464649999999949,"[-12.293750000000045, 38.22500000000002]",-0.4432583819290348,"[-1.9261193294787815, 5.938392482350807]",12,3,36,10000
gpu,vollkorn,2,demo,pan,10,0,complete_us,master,final,1260.8521,1279.3874,1216.9793,1296.8519000000001,39.96664999999996,"[-139.67295000000001, 142.99985000000004]",3.0613133521493086,"[-11.257215447481624, 12.036079139554746]",12,3,36,10000
gpu,vollkorn,2,demo,pan,10,0,draw_us,prior,updated45,226.41455000000002,233.5522,225.30630000000002,233.8605,-1.0540499999999895,"[-5.758350000000007, 8.379249999999999]",-0.4883669144233549,"[-2.468947539945665, 3.77962241566715]",12,3,36,10000
gpu,vollkorn,2,demo,pan,10,0,submit_us,prior,updated45,584.70425,598.3917,588.38755,600.88135,-6.279049999999984,"[-21.11880000000002, 14.214500000000044]",-1.100400179863531,"[-3.6055575752322824, 2.4656746443064814]",12,3,36,10000
gpu,vollkorn,2,demo,pan,10,0,complete_us,prior,updated45,1157.59385,1174.8334,1095.175,1109.1416,-37.7252499999999,"[-273.7000999999999, 217.00844999999998]",-3.587613612044743,"[-20.9039160302614, 21.807149145909587]",12,3,36,10000
gpu,vollkorn,2,demo,pan,10,0,draw_us,prior,final,226.41455000000002,245.38119999999998,225.30630000000002,246.6479,0.8748999999999967,"[-10.956250000000011, 23.824899999999985]",0.31634053316769717,"[-4.269327902041936, 10.580179339460416]",12,3,36,10000
gpu,vollkorn,2,demo,pan,10,0,submit_us,prior,final,584.70425,634.98325,588.38755,639.14575,-5.4293499999999995,"[-38.75845000000004, 57.53960000000001]",-0.9534319208633513,"[-5.856820633249188, 9.782538934371532]",12,3,36,10000
gpu,vollkorn,2,demo,pan,10,0,complete_us,prior,final,1157.59385,1279.3874,1095.175,1296.8519000000001,17.445850000000007,"[-148.47114999999997, 253.64985000000007]",2.0188527289717206,"[-10.914036563504652, 25.37149117424867]",12,3,36,10000
gpu,vollkorn,2,demo,pan,10,0,draw_us,updated45,final,233.5522,245.38119999999998,233.8605,246.6479,7.962450000000004,"[-4.785250000000005, 19.6708]",3.5123285603429255,"[-2.031580598701699, 8.410405374604524]",12,3,36,10000
gpu,vollkorn,2,demo,pan,10,0,submit_us,updated45,final,598.3917,634.98325,600.88135,639.14575,25.412599999999998,"[-11.758399999999995, 47.09774999999996]",3.8279710411884715,"[-2.0795189043680162, 7.8381065302775665]",12,3,36,10000
gpu,vollkorn,2,demo,pan,10,0,complete_us,updated45,final,1174.8334,1279.3874,1109.1416,1296.8519000000001,46.13154999999989,"[-15.67509999999993, 265.76459999999986]",3.9997772325786607,"[-0.8911391754611864, 24.911753244397318]",12,3,36,10000
gpu,vollkorn,2,demo,warm,30,0,draw_us,master,prior,230.5111335,218.91308299999997,231.7249835,223.11605,-1.177133000000012,"[-11.312700000000007, 3.4097664999999893]",-0.5197274904700511,"[-4.880747202248303, 1.441455645029155]",12,3,36,10000
gpu,vollkorn,2,demo,warm,30,0,submit_us,master,prior,580.5937335000001,548.709717,583.8522,551.5306,-8.576483500000052,"[-27.71471650000001, 10.23611649999998]",-1.4342143292589815,"[-4.903380665529383, 1.7109416399132216]",12,3,36,10000
gpu,vollkorn,2,demo,warm,30,0,complete_us,master,prior,1071.116,992.9256,1194.7805835,966.821533,-5.1054999999999495,"[-209.07285050000007, 49.82698300000004]",-0.4652474421700692,"[-16.920537680128074, 5.453800712178913]",12,3,36,10000
gpu,vollkorn,2,demo,warm,30,0,draw_us,master,updated45,230.5111335,220.401367,231.7249835,218.1514,-4.4576505,"[-16.6126165, -1.4069000000000074]",-2.020388801745676,"[-7.187683951943763, -0.6183062641446024]",12,3,36,10000
gpu,vollkorn,2,demo,warm,30,0,submit_us,master,updated45,580.5937335000001,546.8993,583.8522,542.28685,-11.335366499999964,"[-45.04590000000002, -4.814600499999983]",-2.0351943237392645,"[-7.7603564576806505, -0.8784159556017579]",12,3,36,10000
gpu,vollkorn,2,demo,warm,30,0,complete_us,master,updated45,1071.116,994.3214335,1194.7805835,968.172167,-50.47924999999998,"[-312.9229830000001, 39.727933500000006]",-3.7747402131646015,"[-24.007869555696537, 4.5529455434559996]",12,3,36,10000
gpu,vollkorn,2,demo,warm,30,0,draw_us,master,final,230.5111335,233.50074999999998,231.7249835,233.5784,2.1520670000000024,"[-4.450067000000004, 5.688866999999988]",1.0422757534724214,"[-1.8970762602351754, 2.3122783504865074]",12,3,36,10000
gpu,vollkorn,2,demo,warm,30,0,submit_us,master,final,580.5937335000001,583.0402835,583.8522,584.8375165,3.6042000000000485,"[-12.503450500000042, 15.651250000000005]",0.5663842120795903,"[-2.1327882641530573, 2.693129629920765]",12,3,36,10000
gpu,vollkorn,2,demo,warm,30,0,complete_us,master,final,1071.116,1054.4799165,1194.7805835,1049.3875,-16.513266500000043,"[-116.76824949999991, 35.038250000000005]",-1.5005530928354882,"[-9.716583247815041, 3.246925948724333]",12,3,36,10000
gpu,vollkorn,2,demo,warm,30,0,draw_us,prior,updated45,218.91308299999997,220.401367,223.11605,218.1514,-1.3756499999999932,"[-12.523016499999997, 0.545100000000005]",-0.5907918127183998,"[-5.203210871869746, 0.25577850286180315]",12,3,36,10000
gpu,vollkorn,2,demo,warm,30,0,submit_us,prior,updated45,548.709717,546.8993,551.5306,542.28685,-2.7055330000000595,"[-37.47081650000001, 6.351383499999997]",-0.5064002705516824,"[-6.088010453804665, 1.2079063274606394]",12,3,36,10000
gpu,vollkorn,2,demo,warm,30,0,complete_us,prior,updated45,992.9256,994.3214335,966.821533,968.172167,23.99863300000004,"[-69.57493350000004, 42.81391699999995]",2.7456870294234603,"[-6.79057144055365, 4.504271701887641]",12,3,36,10000
gpu,vollkorn,2,demo,warm,30,0,draw_us,prior,final,218.91308299999997,233.50074999999998,223.11605,233.5784,3.168066500000009,"[-7.777766499999984, 12.361066500000007]",1.5284376501034647,"[-3.19260760870041, 5.689315538286332]",12,3,36,10000
gpu,vollkorn,2,demo,warm,30,0,submit_us,prior,final,548.709717,583.0402835,551.5306,584.8375165,9.768116999999961,"[-26.718683, 37.71179999999998]",1.8966931600753356,"[-4.323565132898538, 6.85372172758204]",12,3,36,10000
gpu,vollkorn,2,demo,warm,30,0,complete_us,prior,final,992.9256,1054.4799165,966.821533,1049.3875,49.23886700000003,"[-151.28403349999996, 155.74103349999996]",5.103852640314432,"[-11.645007458811719, 17.848389236428005]",12,3,36,10000
gpu,vollkorn,2,demo,warm,30,0,draw_us,updated45,final,220.401367,233.50074999999998,218.1514,233.5784,5.52083300000001,"[-0.020849999999995816, 14.615983499999999]",2.408061293676733,"[-0.02278974827377156, 6.713723851382747]",12,3,36,10000
gpu,vollkorn,2,demo,warm,30,0,submit_us,updated45,final,546.8993,583.0402835,542.28685,584.8375165,17.95836650000001,"[5.505516499999999, 36.17493300000001]",3.168715886344986,"[1.041737503377771, 6.636891468587003]",12,3,36,10000
gpu,vollkorn,2,demo,warm,30,0,complete_us,updated45,final,994.3214335,1054.4799165,968.172167,1049.3875,43.41399949999993,"[-22.302182999999957, 153.6006500000001]",4.213051999797934,"[-1.7773421153628233, 17.224030982728255]",12,3,36,10000
gpu,vollkorn,2,demo,zoom_in,12,2877,draw_us,master,prior,7403.756875,5045.3664165,7425.284625,5045.3664165,-2299.027625,"[-2422.2881664999995, -2089.481042]",-30.935456187564004,"[-32.74537250645912, -29.873012886385453]",12,3,36,10000
gpu,vollkorn,2,demo,zoom_in,12,2877,submit_us,master,prior,7709.628458499999,5304.201417,7731.281208,5304.201417,-2313.3696244999996,"[-2458.15425, -2097.3107915000005]",-29.97279672635861,"[-32.1550178179443, -28.85169412892342]",12,3,36,10000
gpu,vollkorn,2,demo,zoom_in,12,2877,complete_us,master,prior,10097.463416499999,7511.2395835,10097.463416499999,7533.4583335,-2431.9895835000007,"[-2813.1891250000003, -1983.3384164999998]",-24.987513554750834,"[-27.338259029281208, -20.561336848598017]",12,3,36,10000
gpu,vollkorn,2,demo,zoom_in,12,2877,draw_us,master,updated45,7403.756875,5027.05375,7425.284625,5015.333458499999,-2408.2811665,"[-2525.602375, -2229.76725]",-32.06598429620095,"[-34.03967784242049, -31.475468510943433]",12,3,36,10000
gpu,vollkorn,2,demo,zoom_in,12,2877,submit_us,master,updated45,7709.628458499999,5274.33675,7731.281208,5269.0729585,-2452.1545415,"[-2592.7152915, -2230.0227495]",-31.33505019933402,"[-33.48769996427221, -30.485790435850763]",12,3,36,10000
gpu,vollkorn,2,demo,zoom_in,12,2877,complete_us,master,updated45,10097.463416499999,7307.9600415,10097.463416499999,7416.677125,-2772.894,"[-3202.6577915000003, -2168.5433745]",-27.699397029135614,"[-30.168989307755307, -21.505139454972227]",12,3,36,10000
gpu,vollkorn,2,demo,zoom_in,12,2877,draw_us,master,final,7403.756875,5155.6875,7425.284625,5145.0885835,-2278.6301249999997,"[-2368.57625, -2199.678792]",-31.35573610524735,"[-32.10945198847123, -29.93651671335767]",12,3,36,10000
gpu,vollkorn,2,demo,zoom_in,12,2877,submit_us,master,final,7709.628458499999,5454.657999999999,7731.281208,5454.657999999999,-2283.3071665,"[-2404.6317915000004, -2184.3976250000005]",-30.4434440684814,"[-31.088174251850518, -28.71772835394799]",12,3,36,10000
gpu,vollkorn,2,demo,zoom_in,12,2877,complete_us,master,final,10097.463416499999,7710.347167,10097.463416499999,7651.300333499999,-2264.7654165000004,"[-2679.4097915, -2086.4460834999995]",-22.142312259913755,"[-26.82960417633103, -20.3043903213867]",12,3,36,10000
gpu,vollkorn,2,demo,zoom_in,12,2877,draw_us,prior,updated45,5045.3664165,5027.05375,5045.3664165,5015.333458499999,-52.18908300000021,"[-149.66662499999984, -0.9080829999998059]",-1.0451680755885207,"[-2.8309889477285632, -0.0061510902674088985]",12,3,36,10000
gpu,vollkorn,2,demo,zoom_in,12,2877,submit_us,prior,updated45,5304.201417,5274.33675,5304.201417,5269.0729585,-61.225582999999915,"[-177.56437500000038, -1.050500500000453]",-1.1717008896417025,"[-3.1685323028597776, -0.006110250311935905]",12,3,36,10000
gpu,vollkorn,2,demo,zoom_in,12,2877,complete_us,prior,updated45,7511.2395835,7307.9600415,7533.4583335,7416.677125,-80.25533300000006,"[-303.1023329999998, 157.43237500000032]",-0.9643881888136085,"[-4.1165911521138305, 2.0912260477965683]",12,3,36,10000
gpu,vollkorn,2,demo,zoom_in,12,2877,draw_us,prior,final,5045.3664165,5155.6875,5045.3664165,5145.0885835,-16.041625000000295,"[-133.09729199999992, 83.35070849999966]",-0.3173926566989782,"[-2.5148860982879437, 1.6518429346383035]",12,3,36,10000
gpu,vollkorn,2,demo,zoom_in,12,2877,submit_us,prior,final,5304.201417,5454.657999999999,5304.201417,5454.657999999999,-13.682375500000035,"[-145.5381665, 127.06429099999968]",-0.2623282875374833,"[-2.595336891156874, 2.3949265100402073]",12,3,36,10000
gpu,vollkorn,2,demo,zoom_in,12,2877,complete_us,prior,final,7511.2395835,7710.347167,7533.4583335,7651.300333499999,24.727542000000085,"[-530.3021665000001, 471.56233299999985]",0.35833516412824284,"[-6.534634968861008, 6.574383454392329]",12,3,36,10000
gpu,vollkorn,2,demo,zoom_in,12,2877,draw_us,updated45,final,5027.05375,5155.6875,5015.333458499999,5145.0885835,56.11274949999961,"[-8.827958000000308, 270.1527500000002]",1.1478504649119925,"[-0.18122906339393952, 5.41944399900065]",12,3,36,10000
gpu,vollkorn,2,demo,zoom_in,12,2877,submit_us,updated45,final,5274.33675,5454.657999999999,5269.0729585,5454.657999999999,78.37683349999998,"[-7.345333500000379, 329.5989165000001]",1.4447269843552824,"[-0.1412645546701674, 6.289100208226506]",12,3,36,10000
gpu,vollkorn,2,demo,zoom_in,12,2877,complete_us,updated45,final,7307.9600415,7710.347167,7416.677125,7651.300333499999,87.81083350000017,"[-229.73262499999964, 951.4841664999999]",1.1498237411677326,"[-3.181761418722484, 12.874932579904641]",12,3,36,10000
gpu,vollkorn,2,demo,zoom_out,12,1956,draw_us,master,prior,4897.987833,3145.906167,4873.637124999999,3159.845375,-1603.6508330000004,"[-1688.8230829999998, -1507.8871665000004]",-33.62316745885051,"[-35.55602377813411, -32.06116933638941]",12,3,36,10000
gpu,vollkorn,2,demo,zoom_out,12,1956,submit_us,master,prior,5334.61275,3526.61975,5319.298708,3535.4427084999998,-1613.0970829999999,"[-1745.0624999999998, -1512.7898750000002]",-31.2463082187825,"[-33.56956397508662, -29.45677732447424]",12,3,36,10000
gpu,vollkorn,2,demo,zoom_out,12,1956,complete_us,master,prior,7167.2673335,5183.904458,7344.605792,5196.866333,-1727.5452915000005,"[-2158.5016255, -1473.8941670000004]",-23.895456138555094,"[-29.818478643340473, -22.406023095014515]",12,3,36,10000
gpu,vollkorn,2,demo,zoom_out,12,1956,draw_us,master,updated45,4897.987833,3203.8038335,4873.637124999999,3203.8038335,-1683.8870415000001,"[-1752.1943749999996, -1553.7327079999998]",-34.31639528933622,"[-35.830214061533596, -32.91603440663481]",12,3,36,10000
gpu,vollkorn,2,demo,zoom_out,12,1956,submit_us,master,updated45,5334.61275,3598.737875,5319.298708,3598.737875,-1700.5936669999999,"[-1815.7516249999999, -1559.548625]",-32.03670073175438,"[-33.836285826355905, -30.395995366109815]",12,3,36,10000
gpu,vollkorn,2,demo,zoom_out,12,1956,complete_us,master,updated45,7167.2673335,5393.4376250000005,7344.605792,5391.732625000001,-1811.3889999999997,"[-2058.821125, -1520.4965834999998]",-25.074240525580855,"[-27.20248167994019, -21.836735403567545]",12,3,36,10000
gpu,vollkorn,2,demo,zoom_out,12,1956,draw_us,master,final,4897.987833,3308.0904585,4873.637124999999,3321.6980415,-1593.6337914999997,"[-1676.1491665, -1468.242917]",-33.029303285094315,"[-33.73390279832863, -31.840288152994106]",12,3,36,10000
gpu,vollkorn,2,demo,zoom_out,12,1956,submit_us,master,final,5334.61275,3728.8785415,5319.298708,3750.0295834999997,-1611.310875,"[-1701.024125, -1433.4652084999998]",-30.586893570865527,"[-31.52634981158286, -29.11259112128624]",12,3,36,10000
gpu,vollkorn,2,demo,zoom_out,12,1956,complete_us,master,final,7167.2673335,5342.0486665,7344.605792,5347.8210835,-1633.9755835,"[-2189.1024579999994, -1401.8192504999993]",-23.102713808853252,"[-29.975029191384763, -19.079474017846934]",12,3,36,10000
gpu,vollkorn,2,demo,zoom_out,12,1956,draw_us,prior,updated45,3145.906167,3203.8038335,3159.845375,3203.8038335,4.251666500000283,"[-117.61270849999983, 65.91154150000011]",0.14354720244662555,"[-3.495697750266202, 2.1110250374195116]",12,3,36,10000
gpu,vollkorn,2,demo,zoom_out,12,1956,submit_us,prior,updated45,3526.61975,3598.737875,3535.4427084999998,3598.737875,2.5295420000002196,"[-152.748292, 83.45654149999996]",0.07079104344308029,"[-4.011608247943616, 2.386028850176747]",12,3,36,10000
gpu,vollkorn,2,demo,zoom_out,12,1956,complete_us,prior,updated45,5183.904458,5393.4376250000005,5196.866333,5391.732625000001,183.00158349999992,"[-142.3925419999996, 277.4044165]",3.576767579779061,"[-2.6596038541327083, 5.532044269362291]",12,3,36,10000
gpu,vollkorn,2,demo,zoom_out,12,1956,draw_us,prior,final,3145.906167,3308.0904585,3159.845375,3321.6980415,41.81249950000006,"[-97.35058349999986, 177.90633350000007]",1.3969874836653462,"[-2.8814378614724747, 5.661665803916915]",12,3,36,10000
gpu,vollkorn,2,demo,zoom_out,12,1956,submit_us,prior,final,3526.61975,3728.8785415,3535.4427084999998,3750.0295834999997,36.47395849999998,"[-121.72379149999983, 238.51391650000005]",1.0796960861567784,"[-3.1830309780856436, 6.764855055721819]",12,3,36,10000
gpu,vollkorn,2,demo,zoom_out,12,1956,complete_us,prior,final,5183.904458,5342.0486665,5196.866333,5347.8210835,261.30554200000006,"[-586.4392914999999, 601.9096250000002]",5.392153814509437,"[-10.50356781538575, 11.943339194398362]",12,3,36,10000
gpu,vollkorn,2,demo,zoom_out,12,1956,draw_us,updated45,final,3203.8038335,3308.0904585,3203.8038335,3321.6980415,43.312374499999805,"[-11.147417000000132, 162.678625]",1.404670185844381,"[-0.3723212913122942, 5.094107068477238]",12,3,36,10000
gpu,vollkorn,2,demo,zoom_out,12,1956,submit_us,updated45,final,3598.737875,3728.8785415,3598.737875,3750.0295834999997,58.935874999999896,"[-15.045125000000098, 212.1959999999999]",1.612645992583972,"[-0.4474934452825541, 5.924823680661506]",12,3,36,10000
gpu,vollkorn,2,demo,zoom_out,12,1956,complete_us,updated45,final,5393.4376250000005,5342.0486665,5391.732625000001,5347.8210835,119.70845800000006,"[-358.49633300000005, 473.09208300000046]",2.362417122493432,"[-6.767455204359802, 8.345382868105611]",12,3,36,10000
gpu,vollkorn,2,font_variations,first_paint,1,263,draw_us,master,prior,1929.625,1819.4789999999998,1944.021,1818.8545,-63.125,"[-113.5625, -4.958499999999958]",-3.2093850562666395,"[-6.084887553666141, -0.25144483135717266]",12,3,36,10000
gpu,vollkorn,2,font_variations,first_paint,1,263,submit_us,master,prior,3474.2290000000003,3324.8125,3495.6455,3318.875,-94.52099999999996,"[-129.52099999999996, 79.0]",-2.6565441021000726,"[-3.9870782537447473, 2.3316260955906]",12,3,36,10000
gpu,vollkorn,2,font_variations,first_paint,1,263,complete_us,master,prior,5913.5835,5520.896000000001,5926.9794999999995,5306.7919999999995,-175.49950000000035,"[-494.52049999999963, 54.8130000000001]",-3.436939927665439,"[-9.50881441299233, 0.8264615180563706]",12,3,36,10000
gpu,vollkorn,2,font_variations,first_paint,1,263,draw_us,master,updated45,1929.625,1839.6875,1944.021,1839.6875,-65.10399999999993,"[-130.375, -39.58249999999998]",-3.3032198219957842,"[-6.543715305173886, -2.3081767538396414]",12,3,36,10000
gpu,vollkorn,2,font_variations,first_paint,1,263,submit_us,master,updated45,3474.2290000000003,3390.1875,3495.6455,3408.1875,-83.89550000000008,"[-171.52050000000008, 0.9584999999999582]",-2.4171363084408037,"[-4.974500337850602, 0.058491790442533054]",12,3,36,10000
gpu,vollkorn,2,font_variations,first_paint,1,263,complete_us,master,updated45,5913.5835,5264.9375,5926.9794999999995,5788.5419999999995,-184.70849999999973,"[-809.1044999999999, 53.37549999999965]",-3.021691556980388,"[-13.256992259456679, 0.9222379380188328]",12,3,36,10000
gpu,vollkorn,2,font_variations,first_paint,1,263,draw_us,master,final,1929.625,1945.0625,1944.021,1892.854,-25.125,"[-96.41650000000004, 54.18799999999999]",-1.2494761556156142,"[-5.450686495305224, 2.9194792030055483]",12,3,36,10000
gpu,vollkorn,2,font_variations,first_paint,1,263,submit_us,master,final,3474.2290000000003,3509.5625,3495.6455,3470.8125,-18.1875,"[-143.62450000000013, 165.16699999999992]",-0.5446071548096565,"[-4.483710322161272, 5.0586773170980255]",12,3,36,10000
gpu,vollkorn,2,font_variations,first_paint,1,263,complete_us,master,final,5913.5835,5883.75,5926.9794999999995,5967.375,35.478999999999814,"[-164.87499999999955, 824.75]",0.5858285881531033,"[-2.9989999109571563, 16.077667236552184]",12,3,36,10000
gpu,vollkorn,2,font_variations,first_paint,1,263,draw_us,prior,updated45,1819.4789999999998,1839.6875,1818.8545,1839.6875,-15.208500000000072,"[-75.06200000000001, 21.999500000000012]",-0.857811934856334,"[-4.006305594127035, 1.233378190660761]",12,3,36,10000
gpu,vollkorn,2,font_variations,first_paint,1,263,submit_us,prior,updated45,3324.8125,3390.1875,3318.875,3408.1875,-87.75,"[-179.77099999999996, 40.5]",-2.723441251561609,"[-5.1017791432777955, 1.2041332633776713]",12,3,36,10000
gpu,vollkorn,2,font_variations,first_paint,1,263,complete_us,prior,updated45,5520.896000000001,5264.9375,5306.7919999999995,5788.5419999999995,30.667500000000018,"[-456.95849999999973, 595.2915000000003]",0.7671591742954842,"[-7.163794400844608, 12.425919206157499]",12,3,36,10000
gpu,vollkorn,2,font_variations,first_paint,1,263,draw_us,prior,final,1819.4789999999998,1945.0625,1818.8545,1892.854,7.666500000000042,"[-29.541500000000042, 58.20799999999997]",0.4261111695153197,"[-1.6349041445400836, 3.092154276249637]",12,3,36,10000
gpu,vollkorn,2,font_variations,first_paint,1,263,submit_us,prior,final,3324.8125,3509.5625,3318.875,3470.8125,21.916000000000167,"[-61.04150000000004, 86.9375]",0.6680144042265412,"[-1.7595704351485775, 2.5818238463360177]",12,3,36,10000
gpu,vollkorn,2,font_variations,first_paint,1,263,complete_us,prior,final,5520.896000000001,5883.75,5306.7919999999995,5967.375,277.4375,"[-76.10499999999956, 1262.75]",4.689755426634257,"[-1.4877266821630653, 28.06440503154152]",12,3,36,10000
gpu,vollkorn,2,font_variations,first_paint,1,263,draw_us,updated45,final,1839.6875,1945.0625,1839.6875,1892.854,57.31299999999999,"[-36.89600000000007, 116.56200000000013]",3.037480671442383,"[-2.1298998059174066, 6.005817578554796]",12,3,36,10000
gpu,vollkorn,2,font_variations,first_paint,1,263,submit_us,updated45,final,3390.1875,3509.5625,3408.1875,3470.8125,93.72949999999992,"[8.874500000000126, 185.9575000000002]",2.6906528576902677,"[0.24064925773181756, 5.653811004805309]",12,3,36,10000
gpu,vollkorn,2,font_variations,first_paint,1,263,complete_us,updated45,final,5264.9375,5883.75,5788.5419999999995,5967.375,388.2909999999997,"[17.751000000000204, 1163.0824999999995]",6.674708440735511,"[0.2617353109506948, 25.310330099856436]",12,3,36,10000
gpu,vollkorn,2,font_variations,slant_advance,10,1158,draw_us,master,prior,860.07905,799.1354,864.62705,802.74575,-31.6875,"[-59.38114999999999, 25.391699999999958]",-3.650562636593918,"[-6.719950847806839, 2.914649526826696]",12,3,36,10000
gpu,vollkorn,2,font_variations,slant_advance,10,1158,submit_us,master,prior,930.4228,856.16245,929.1958,860.0604000000001,-38.552099999999996,"[-68.74369999999999, 30.979299999999967]",-4.092112867474235,"[-7.148907817377037, 3.243064217696956]",12,3,36,10000
gpu,vollkorn,2,font_variations,slant_advance,10,1158,complete_us,master,prior,1847.475,1323.50615,1781.5916000000002,1313.5292,-40.322950000000105,"[-243.5394500000001, 32.50635]",-3.0482832344096042,"[-14.790685036235313, 1.3455983705224495]",12,3,36,10000
gpu,vollkorn,2,font_variations,slant_advance,10,1158,draw_us,master,updated45,860.07905,833.5229,864.62705,840.8167000000001,-34.831200000000024,"[-55.08774999999997, 20.01234999999997]",-4.171103974374124,"[-6.088434332155879, 2.5585540496992687]",12,3,36,10000
gpu,vollkorn,2,font_variations,slant_advance,10,1158,submit_us,master,updated45,930.4228,895.89795,929.1958,899.80425,-42.58094999999997,"[-72.35655000000003, 24.019000000000005]",-4.720014808076284,"[-7.352522784085491, 2.85422034477138]",12,3,36,10000
gpu,vollkorn,2,font_variations,slant_advance,10,1158,complete_us,master,updated45,1847.475,1485.76675,1781.5916000000002,1430.3479,-47.87114999999994,"[-145.21434999999997, 80.43945000000019]",-2.95962886863082,"[-8.510598603473142, 3.982103785314972]",12,3,36,10000
gpu,vollkorn,2,font_variations,slant_advance,10,1158,draw_us,master,final,860.07905,858.16045,864.62705,858.16045,-1.4041500000000156,"[-37.64350000000002, 50.547799999999995]",-0.1599712759894345,"[-4.375882280748539, 5.694962471780396]",12,3,36,10000
gpu,vollkorn,2,font_variations,slant_advance,10,1158,submit_us,master,final,930.4228,923.325,929.1958,922.3812499999999,-1.5957500000000095,"[-43.07454999999999, 67.15615000000003]",-0.15005388863285063,"[-5.046168859185185, 6.9553852344352745]",12,3,36,10000
gpu,vollkorn,2,font_variations,slant_advance,10,1158,complete_us,master,final,1847.475,1710.5792000000001,1781.5916000000002,1667.99795,-25.735450000000128,"[-139.08759999999995, 90.44355000000019]",-1.5972463027170203,"[-8.558189572614383, 4.973544396792362]",12,3,36,10000
gpu,vollkorn,2,font_variations,slant_advance,10,1158,draw_us,prior,updated45,799.1354,833.5229,802.74575,840.8167000000001,10.047950000000014,"[-6.037499999999966, 45.64805000000001]",1.2247991474021669,"[-0.7383155194897295, 5.847202320340084]",12,3,36,10000
gpu,vollkorn,2,font_variations,slant_advance,10,1158,submit_us,prior,updated45,856.16245,895.89795,860.0604000000001,899.80425,11.639850000000024,"[-10.300099999999986, 55.33345000000003]",1.3455674374018067,"[-1.1625595807054911, 6.6308113420222465]",12,3,36,10000
gpu,vollkorn,2,font_variations,slant_advance,10,1158,complete_us,prior,updated45,1323.50615,1485.76675,1313.5292,1430.3479,34.28740000000005,"[-71.73760000000004, 103.4561000000001]",2.5955944081537563,"[-4.5835421565925625, 6.690452953459225]",12,3,36,10000
gpu,vollkorn,2,font_variations,slant_advance,10,1158,draw_us,prior,final,799.1354,858.16045,802.74575,858.16045,39.27080000000001,"[-10.487500000000011, 89.23544999999996]",4.642038452429786,"[-1.355791076994528, 11.63474109085053]",12,3,36,10000
gpu,vollkorn,2,font_variations,slant_advance,10,1158,submit_us,prior,final,856.16245,923.325,860.0604000000001,922.3812499999999,48.716499999999996,"[-8.968749999999943, 109.36669999999998]",5.321592507574113,"[-1.0884514747365348, 12.711106467243837]",12,3,36,10000
gpu,vollkorn,2,font_variations,slant_advance,10,1158,complete_us,prior,final,1323.50615,1710.5792000000001,1313.5292,1667.99795,39.01025000000004,"[-145.71259999999995, 705.4519]",3.019197208362756,"[-7.66776579334239, 51.459865277802976]",12,3,36,10000
gpu,vollkorn,2,font_variations,slant_advance,10,1158,draw_us,updated45,final,833.5229,858.16045,840.8167000000001,858.16045,19.0437,"[-3.3833999999999946, 40.92094999999995]",2.391247794494955,"[-0.3825988842332928, 4.834448790358914]",12,3,36,10000
gpu,vollkorn,2,font_variations,slant_advance,10,1158,submit_us,updated45,final,895.89795,923.325,899.80425,922.3812499999999,21.753899999999987,"[-6.0417000000000485, 48.416499999999985]",2.5611506453947497,"[-0.6469168219602528, 5.254396092217528]",12,3,36,10000
gpu,vollkorn,2,font_variations,slant_advance,10,1158,complete_us,updated45,final,1485.76675,1710.5792000000001,1430.3479,1667.99795,-4.5709000000000515,"[-61.86869999999999, 151.56650000000002]",-0.35178160056731356,"[-3.7921837957698545, 10.106176760766129]",12,3,36,10000
gpu,vollkorn,2,font_variations,slant_return,10,0,draw_us,master,prior,49.10015,43.96885,49.26885,43.398,-5.677099999999996,"[-7.645800000000001, -1.6041500000000042]",-11.802313192200852,"[-15.663836131530918, -3.499358492427085]",12,3,36,10000
gpu,vollkorn,2,font_variations,slant_return,10,0,submit_us,master,prior,117.27279999999999,103.57495,117.3001,104.2625,-7.9210000000000065,"[-19.362449999999995, -2.768799999999999]",-7.45119158100308,"[-15.918678006873538, -2.55444102456282]",12,3,36,10000
gpu,vollkorn,2,font_variations,slant_return,10,0,complete_us,master,prior,339.78955,305.84385,341.65215,296.44165,-15.479250000000008,"[-57.283199999999994, 1.012599999999992]",-5.019602901189607,"[-15.364600782039801, 0.2052804825530885]",12,3,36,10000
gpu,vollkorn,2,font_variations,slant_return,10,0,draw_us,master,updated45,49.10015,44.418800000000005,49.26885,44.729150000000004,-5.143699999999999,"[-7.897750000000002, -2.6270000000000024]",-10.982110449593668,"[-15.479587068187417, -5.412381366167485]",12,3,36,10000
gpu,vollkorn,2,font_variations,slant_return,10,0,submit_us,master,updated45,117.27279999999999,109.93945,117.3001,108.99375,-9.471000000000004,"[-25.11254999999999, -6.149949999999997]",-8.581401201064981,"[-18.173574450052683, -5.145898366896989]",12,3,36,10000
gpu,vollkorn,2,font_variations,slant_return,10,0,complete_us,master,updated45,339.78955,320.8417,341.65215,327.9542,-8.397999999999996,"[-46.02080000000001, 10.47505000000001]",-2.7886205888634774,"[-12.616405543505472, 2.9239872790559063]",12,3,36,10000
gpu,vollkorn,2,font_variations,slant_return,10,0,draw_us,master,final,49.10015,47.3896,49.26885,47.4499,-2.114750000000001,"[-7.258499999999998, 1.6751000000000005]",-4.534184576674832,"[-14.609744905143952, 3.603836615488898]",12,3,36,10000
gpu,vollkorn,2,font_variations,slant_return,10,0,submit_us,master,final,117.27279999999999,115.85825,117.3001,113.08955,-2.3771000000000058,"[-19.314800000000005, 9.352149999999995]",-2.121307287944174,"[-14.156489972381442, 7.861278747045342]",12,3,36,10000
gpu,vollkorn,2,font_variations,slant_return,10,0,complete_us,master,final,339.78955,338.6084,341.65215,336.63955,-17.72919999999999,"[-28.65625, 24.548050000000018]",-5.196659146450528,"[-9.087964377246806, 7.021399047066823]",12,3,36,10000
gpu,vollkorn,2,font_variations,slant_return,10,0,draw_us,prior,updated45,43.96885,44.418800000000005,43.398,44.729150000000004,-0.10620000000000118,"[-1.4980499999999992, 4.331399999999999]",-0.17423115765290986,"[-3.316572727319161, 9.893830043845952]",12,3,36,10000
gpu,vollkorn,2,font_variations,slant_return,10,0,submit_us,prior,updated45,103.57495,109.93945,104.2625,108.99375,-1.3813500000000047,"[-8.314349999999997, 12.673250000000003]",-1.3139417150514199,"[-7.105301263513453, 12.546292096564937]",12,3,36,10000
gpu,vollkorn,2,font_variations,slant_return,10,0,complete_us,prior,updated45,305.84385,320.8417,296.44165,327.9542,10.322699999999998,"[-21.948099999999982, 38.89159999999998]",3.52250310605835,"[-6.231116690660493, 13.435325302808753]",12,3,36,10000
gpu,vollkorn,2,font_variations,slant_return,10,0,draw_us,prior,final,43.96885,47.3896,43.398,47.4499,2.6792499999999997,"[-1.1584000000000003, 5.637549999999997]",6.127631706930448,"[-2.461780965541754, 13.942593294168258]",12,3,36,10000
gpu,vollkorn,2,font_variations,slant_return,10,0,submit_us,prior,final,103.57495,115.85825,104.2625,113.08955,5.762700000000002,"[-8.122900000000001, 14.693749999999994]",5.5481772365024495,"[-6.949897351666085, 14.38571031229241]",12,3,36,10000
gpu,vollkorn,2,font_variations,slant_return,10,0,complete_us,prior,final,305.84385,338.6084,296.44165,336.63955,-0.6146499999999833,"[-21.03325000000001, 31.964550000000003]",-0.09388099438775166,"[-6.150355345872688, 10.985257364868383]",12,3,36,10000
gpu,vollkorn,2,font_variations,slant_return,10,0,draw_us,updated45,final,44.418800000000005,47.3896,44.729150000000004,47.4499,3.4959999999999987,"[0.0873500000000007, 5.691549999999999]",7.964160606884075,"[0.2118506994443048, 13.63330847953813]",12,3,36,10000
gpu,vollkorn,2,font_variations,slant_return,10,0,submit_us,updated45,final,109.93945,115.85825,108.99375,113.08955,9.485499999999995,"[2.097699999999996, 19.21045]",8.826056576464769,"[2.045657248826366, 17.575674562432674]",12,3,36,10000
gpu,vollkorn,2,font_variations,slant_return,10,0,complete_us,updated45,final,320.8417,338.6084,327.9542,336.63955,10.695899999999995,"[-20.045750000000027, 33.65620000000001]",3.5393142496713437,"[-5.6441333721112485, 10.247371835520102]",12,3,36,10000
gpu,vollkorn,2,font_variations,warm,30,0,draw_us,master,prior,42.6867,40.192383,41.8638335,40.084050000000005,-0.6075830000000018,"[-2.251333500000001, 0.04315000000000069]",-1.4363359438801404,"[-5.358314628566285, 0.10578201628288486]",12,3,36,10000
gpu,vollkorn,2,font_variations,warm,30,0,submit_us,master,prior,99.086083,89.9813,98.1326165,88.7638665,-4.552083500000002,"[-15.005516499999999, 0.39438350000001066]",-4.969969095515609,"[-13.10410169127779, 0.4667110382206241]",12,3,36,10000
gpu,vollkorn,2,font_variations,warm,30,0,complete_us,master,prior,310.25976649999996,303.58886700000005,302.685383,297.40485,-6.826366000000007,"[-44.10281649999996, 6.9847500000000196]",-2.2601462450196785,"[-12.404217286824881, 2.5550775110642188]",12,3,36,10000
gpu,vollkorn,2,font_variations,warm,30,0,draw_us,master,updated45,42.6867,41.4520665,41.8638335,40.69585,-1.0006169999999983,"[-1.6263834999999993, -0.2971000000000039]",-2.4081101261539395,"[-3.8342765458101224, -0.6892713560807118]",12,3,36,10000
gpu,vollkorn,2,font_variations,warm,30,0,submit_us,master,updated45,99.086083,93.20551649999999,98.1326165,91.85211699999999,-4.610899500000002,"[-10.764616499999995, -1.1431834999999992]",-4.902170544656942,"[-10.01221732117316, -1.27540958385145]",12,3,36,10000
gpu,vollkorn,2,font_variations,warm,30,0,complete_us,master,updated45,310.25976649999996,295.6235335,302.685383,289.9715165,-5.56736650000002,"[-41.608417, 5.7924665000000175]",-1.9026284423311612,"[-11.89233357629343, 2.11453433369706]",12,3,36,10000
gpu,vollkorn,2,font_variations,warm,30,0,draw_us,master,final,42.6867,42.7778665,41.8638335,42.819466500000004,1.2021334999999986,"[-0.5299000000000014, 4.225783499999999]",2.805341119558191,"[-1.3199843855845161, 10.620280892832257]",12,3,36,10000
gpu,vollkorn,2,font_variations,warm,30,0,submit_us,master,final,99.086083,97.18885,98.1326165,97.48949999999999,4.269416999999997,"[-8.131232999999995, 15.254833500000004]",3.56731462031638,"[-8.134934023039586, 15.922357537083455]",12,3,36,10000
gpu,vollkorn,2,font_variations,warm,30,0,complete_us,master,final,310.25976649999996,307.338283,302.685383,295.48335,1.1785165000000006,"[-18.059766000000025, 25.59663299999997]",0.3545644032595774,"[-6.172309670314258, 7.659012146920952]",12,3,36,10000
gpu,vollkorn,2,font_variations,warm,30,0,draw_us,prior,updated45,40.192383,41.4520665,40.084050000000005,40.69585,0.168766999999999,"[-1.0369335, 0.7459005000000012]",0.4318517072815331,"[-2.4915623461684797, 1.9120049241395543]",12,3,36,10000
gpu,vollkorn,2,font_variations,warm,30,0,submit_us,prior,updated45,89.9813,93.20551649999999,88.7638665,91.85211699999999,1.3610834999999994,"[-2.067999999999998, 3.520166499999995]",1.5782716436277044,"[-2.001072405199933, 3.9072935185484825]",12,3,36,10000
gpu,vollkorn,2,font_variations,warm,30,0,complete_us,prior,updated45,303.58886700000005,295.6235335,297.40485,289.9715165,-3.909016500000007,"[-16.827733500000022, 3.7332494999999994]",-1.3695120926102367,"[-5.4075193923042555, 1.2467405280929156]",12,3,36,10000
gpu,vollkorn,2,font_variations,warm,30,0,draw_us,prior,final,40.192383,42.7778665,40.084050000000005,42.819466500000004,2.7354164999999995,"[0.19093349999999987, 5.711166999999996]",6.824535279532573,"[0.4885982601523342, 13.472723731454149]",12,3,36,10000
gpu,vollkorn,2,font_variations,warm,30,0,submit_us,prior,final,89.9813,97.18885,88.7638665,97.48949999999999,8.502716499999991,"[1.4576835000000017, 20.211166999999996]",9.477021096880978,"[1.6145249456035904, 18.700462738161924]",12,3,36,10000
gpu,vollkorn,2,font_variations,warm,30,0,complete_us,prior,final,303.58886700000005,307.338283,297.40485,295.48335,-1.900700000000029,"[-20.57011650000004, 23.601432999999986]",-0.6474319180567234,"[-6.819781322850388, 8.402011396231035]",12,3,36,10000
gpu,vollkorn,2,font_variations,warm,30,0,draw_us,updated45,final,41.4520665,42.7778665,40.69585,42.819466500000004,1.7013670000000012,"[0.3756169999999983, 4.1278164999999944]",4.209627693595841,"[0.9124225243430373, 10.442739404091672]",12,3,36,10000
gpu,vollkorn,2,font_variations,warm,30,0,submit_us,updated45,final,93.20551649999999,97.18885,91.85211699999999,97.48949999999999,5.221549500000002,"[-0.14301650000000876, 21.689717]",5.889645729911908,"[-0.1331392295693734, 23.301662334326256]",12,3,36,10000
gpu,vollkorn,2,font_variations,warm,30,0,complete_us,updated45,final,295.6235335,307.338283,289.9715165,295.48335,1.112532999999985,"[-12.492399500000005, 60.393749999999955]",0.39341257243024064,"[-4.353084179616928, 17.590482589519485]",12,3,36,10000
gpu,vollkorn,2,font_variations,weight_advance,6,717,draw_us,master,prior,940.3680835,877.47575,935.590417,877.191167,-36.31574999999998,"[-74.486084, 10.010333500000002]",-4.109823674397372,"[-7.6555047265262575, 1.15245261770911]",12,3,36,10000
gpu,vollkorn,2,font_variations,weight_advance,6,717,submit_us,master,prior,998.576417,927.3368335,994.850917,930.0798335,-40.75358349999999,"[-89.0833335000001, 11.840250000000026]",-4.3294472013610195,"[-8.38356195249343, 1.2958974577364057]",12,3,36,10000
gpu,vollkorn,2,font_variations,weight_advance,6,717,complete_us,master,prior,2030.1075,1695.170083,1736.4964169999998,1678.9966665000002,-24.816000499999973,"[-164.23266649999994, 68.05558350000001]",-1.5689825632810683,"[-7.575474258174241, 4.887359199509844]",12,3,36,10000
gpu,vollkorn,2,font_variations,weight_advance,6,717,draw_us,master,updated45,940.3680835,897.8611665000001,935.590417,896.229,-22.61108349999995,"[-61.86091649999997, 4.093750000000057]",-2.3508586790279895,"[-6.607842016023346, 0.4616673953583339]",12,3,36,10000
gpu,vollkorn,2,font_variations,weight_advance,6,717,submit_us,master,updated45,998.576417,944.6112499999999,994.850917,947.96525,-35.73641700000013,"[-86.7048335, -4.354249999999979]",-3.3084267063330897,"[-8.229554787865345, -0.3634105964253065]",12,3,36,10000
gpu,vollkorn,2,font_variations,weight_advance,6,717,complete_us,master,updated45,2030.1075,1600.4721665,1736.4964169999998,1657.7428335,-30.2778330000001,"[-126.00716699999987, 8.017083500000012]",-1.8354576934578926,"[-6.647117796686475, 0.4791494418616704]",12,3,36,10000
gpu,vollkorn,2,font_variations,weight_advance,6,717,draw_us,master,final,940.3680835,933.99325,935.590417,930.1874164999999,-2.823000499999978,"[-37.64966700000002, 28.888749500000017]",-0.28385271210980556,"[-3.9408630834192664, 3.268321577929334]",12,3,36,10000
gpu,vollkorn,2,font_variations,weight_advance,6,717,submit_us,master,final,998.576417,995.1181664999999,994.850917,984.2916665,-8.826500000000124,"[-47.69116700000001, 42.22200049999998]",-0.8143691563062494,"[-4.5998277560855225, 4.381670680318095]",12,3,36,10000
gpu,vollkorn,2,font_variations,weight_advance,6,717,complete_us,master,final,2030.1075,1722.9375,1736.4964169999998,1836.934,-22.30200000000002,"[-108.37508400000002, 220.16991599999994]",-1.354871251535733,"[-6.746715321277824, 11.342739808036173]",12,3,36,10000
gpu,vollkorn,2,font_variations,weight_advance,6,717,draw_us,prior,updated45,877.47575,897.8611665000001,877.191167,896.229,7.545083499999976,"[-18.05891699999995, 41.228917000000024]",0.8779286642303874,"[-2.0361803875701523, 4.66552445150149]",12,3,36,10000
gpu,vollkorn,2,font_variations,weight_advance,6,717,submit_us,prior,updated45,927.3368335,944.6112499999999,930.0798335,947.96525,14.448249999999973,"[-25.878667000000007, 43.81233299999997]",1.602853874247545,"[-2.743801042094524, 4.689809754239782]",12,3,36,10000
gpu,vollkorn,2,font_variations,weight_advance,6,717,complete_us,prior,updated45,1695.170083,1600.4721665,1678.9966665000002,1657.7428335,13.253750500000024,"[-149.88533300000017, 69.41291649999994]",0.9831924005013315,"[-7.68613583942287, 3.944012014097298]",12,3,36,10000
gpu,vollkorn,2,font_variations,weight_advance,6,717,draw_us,prior,final,877.47575,933.99325,877.191167,930.1874164999999,46.472083,"[3.4029165000000035, 70.56233300000002]",5.136126170414834,"[0.4493760730684304, 7.679628871540645]",12,3,36,10000
gpu,vollkorn,2,font_variations,weight_advance,6,717,submit_us,prior,final,927.3368335,995.1181664999999,930.0798335,984.2916665,58.600333999999975,"[2.9929164999999784, 97.88883299999998]",6.275114627370626,"[0.38064400553838307, 9.138196212772575]",12,3,36,10000
gpu,vollkorn,2,font_variations,weight_advance,6,717,complete_us,prior,final,1695.170083,1722.9375,1678.9966665000002,1836.934,93.49324999999988,"[-181.43425000000002, 199.91649999999993]",5.090979207053669,"[-9.904204859976563, 12.176329590127299]",12,3,36,10000
gpu,vollkorn,2,font_variations,weight_advance,6,717,draw_us,updated45,final,897.8611665000001,933.99325,896.229,930.1874164999999,17.329833500000007,"[-17.663333499999965, 81.5382495]",1.7277961344314585,"[-1.8182101792399041, 9.261379573671235]",12,3,36,10000
gpu,vollkorn,2,font_variations,weight_advance,6,717,submit_us,updated45,final,944.6112499999999,995.1181664999999,947.96525,984.2916665,29.118083499999955,"[-13.260333000000003, 97.21191650000009]",2.7222918070912594,"[-1.314553501429877, 10.574975913000461]",12,3,36,10000
gpu,vollkorn,2,font_variations,weight_advance,6,717,complete_us,updated45,final,1600.4721665,1722.9375,1657.7428335,1836.934,47.62508300000002,"[-24.22241699999995, 179.86808299999996]",2.733642181893703,"[-1.7904461564215324, 8.685305369492436]",12,3,36,10000
gpu,vollkorn,2,font_variations,weight_return,6,0,draw_us,master,prior,45.9096665,41.538,45.586833,40.7395,-2.666499999999999,"[-8.138749999999998, -0.6283335000000001]",-6.3400497134710525,"[-16.308772455599787, -1.5551298623232568]",12,3,36,10000
gpu,vollkorn,2,font_variations,weight_return,6,0,submit_us,master,prior,103.95474999999999,92.94425,105.972083,88.21875,-6.531166499999998,"[-29.72566650000001, -1.8784994999999967]",-7.022277874358152,"[-24.001775501524858, -1.782375494163413]",12,3,36,10000
gpu,vollkorn,2,font_variations,weight_return,6,0,complete_us,master,prior,317.63199999999995,293.406167,317.8889165,283.63183349999997,-9.680666500000001,"[-44.913332999999994, 2.746582999999987]",-3.2840778967253623,"[-13.678889647657439, 0.9932079470355459]",12,3,36,10000
gpu,vollkorn,2,font_variations,weight_return,6,0,draw_us,master,updated45,45.9096665,43.569417,45.586833,43.757,-4.517499500000003,"[-5.444333, -0.9895004999999983]",-9.554997412762923,"[-11.264055043952665, -2.422526392290736]",12,3,36,10000
gpu,vollkorn,2,font_variations,weight_return,6,0,submit_us,master,updated45,103.95474999999999,99.506917,105.972083,96.128417,-15.017333,"[-22.135417000000004, -6.249916499999998]",-14.166762114834803,"[-17.258318343341223, -6.361150586201925]",12,3,36,10000
gpu,vollkorn,2,font_variations,weight_return,6,0,complete_us,master,updated45,317.63199999999995,290.2915835,317.8889165,282.53133349999996,-25.923750000000013,"[-38.930499999999995, -8.947916499999991]",-7.147317547202031,"[-11.833327230278933, -2.913300887377818]",12,3,36,10000
gpu,vollkorn,2,font_variations,weight_return,6,0,draw_us,master,final,45.9096665,44.704916999999995,45.586833,45.27075,-1.0207500000000032,"[-3.159832999999999, 4.489667000000004]",-2.4152540223621735,"[-6.906012265083078, 9.374551631583895]",12,3,36,10000
gpu,vollkorn,2,font_variations,weight_return,6,0,submit_us,master,final,103.95474999999999,105.70141699999999,105.972083,103.54875000000001,-8.482499999999995,"[-15.211416999999997, 15.343833000000004]",-8.369530769317969,"[-13.725181303102879, 17.28449542004973]",12,3,36,10000
gpu,vollkorn,2,font_variations,weight_return,6,0,complete_us,master,final,317.63199999999995,306.35058349999997,317.8889165,303.14250000000004,-11.524417,"[-37.03099999999998, 47.59041700000003]",-3.801532298096999,"[-11.905172887082955, 12.582209403286827]",12,3,36,10000
gpu,vollkorn,2,font_variations,weight_return,6,0,draw_us,prior,updated45,41.538,43.569417,40.7395,43.757,-0.010667000000001536,"[-1.395916500000002, 3.3195830000000015]",-0.035268623962936285,"[-3.3452268280635464, 8.23571478146129]",12,3,36,10000
gpu,vollkorn,2,font_variations,weight_return,6,0,submit_us,prior,updated45,92.94425,99.506917,88.21875,96.128417,1.951333499999997,"[-9.288166500000003, 12.531416500000006]",2.2713978803869495,"[-8.8935931394379, 13.437812129683358]",12,3,36,10000
gpu,vollkorn,2,font_variations,weight_return,6,0,complete_us,prior,updated45,293.406167,290.2915835,283.63183349999997,282.53133349999996,-3.0277499999999975,"[-37.444500000000005, 8.096833000000004]",-1.0948732866421729,"[-10.599463492983169, 2.8003238214333814]",12,3,36,10000
gpu,vollkorn,2,font_variations,weight_return,6,0,draw_us,prior,final,41.538,44.704916999999995,40.7395,45.27075,2.756750499999999,"[0.229083499999998, 7.572667000000003]",6.989934601369008,"[0.5412932358273559, 19.424808727942533]",12,3,36,10000
gpu,vollkorn,2,font_variations,weight_return,6,0,submit_us,prior,final,92.94425,105.70141699999999,88.21875,103.54875000000001,9.437416500000005,"[0.2050830000000019, 28.954833499999992]",9.858979441597672,"[0.2533875421974252, 30.585331703809782]",12,3,36,10000
gpu,vollkorn,2,font_variations,weight_return,6,0,complete_us,prior,final,293.406167,306.35058349999997,283.63183349999997,303.14250000000004,2.965416500000032,"[-18.1490005, 103.63183300000003]",1.0780321113854407,"[-5.86874946672411, 29.162386255540508]",12,3,36,10000
gpu,vollkorn,2,font_variations,weight_return,6,0,draw_us,updated45,final,43.569417,44.704916999999995,43.757,45.27075,1.743000000000002,"[1.2707500000000032, 4.402916999999999]",4.12085665032218,"[2.843553641783747, 10.105872603814214]",12,3,36,10000
gpu,vollkorn,2,font_variations,weight_return,6,0,submit_us,updated45,final,99.506917,105.70141699999999,96.128417,103.54875000000001,5.298833000000009,"[1.5870829999999998, 22.118249999999996]",5.4744491702879206,"[1.8523669276533927, 21.31343289015846]",12,3,36,10000
gpu,vollkorn,2,font_variations,weight_return,6,0,complete_us,updated45,final,290.2915835,306.35058349999997,282.53133349999996,303.14250000000004,9.35775000000001,"[-8.531333999999987, 80.50366650000001]",3.449718571423821,"[-3.0744456836331038, 26.238573796942834]",12,3,36,10000
gpu,vollkorn,2,grid_pollution,hot_first,1,94,draw_us,master,prior,2071.6875,1889.7915,2074.0415000000003,1889.7915,-105.5,"[-174.9375, -74.66649999999993]",-5.312755338491892,"[-8.227189633784432, -3.7737630367716433]",12,3,36,10000
gpu,vollkorn,2,grid_pollution,hot_first,1,94,submit_us,master,prior,3630.2709999999997,3304.3334999999997,3628.3334999999997,3318.8540000000003,-161.27099999999996,"[-301.95849999999996, -46.999500000000126]",-4.330989308121258,"[-8.175338966308265, -1.4445694985508295]",12,3,36,10000
gpu,vollkorn,2,grid_pollution,hot_first,1,94,complete_us,master,prior,4672.729,4322.458,4602.646000000001,4332.271,-159.47900000000027,"[-555.5625, 98.83299999999963]",-3.279934344341723,"[-11.84276510477983, 2.2956574303445665]",12,3,36,10000
gpu,vollkorn,2,grid_pollution,hot_first,1,94,draw_us,master,updated45,2071.6875,1931.25,2074.0415000000003,1938.541,-114.06200000000001,"[-164.58399999999995, -64.45849999999996]",-5.717067706383316,"[-7.874069895057511, -3.20687615753425]",12,3,36,10000
gpu,vollkorn,2,grid_pollution,hot_first,1,94,submit_us,master,updated45,3630.2709999999997,3398.75,3628.3334999999997,3340.833,-279.5004999999999,"[-344.27099999999996, -84.95800000000008]",-7.696374267091449,"[-9.297098772277078, -2.4339230658346036]",12,3,36,10000
gpu,vollkorn,2,grid_pollution,hot_first,1,94,complete_us,master,updated45,4672.729,4393.9794999999995,4602.646000000001,4369.9580000000005,-294.625,"[-422.52099999999996, -12.75]",-6.125896501701411,"[-8.97319946966268, -0.3274277157243821]",12,3,36,10000
gpu,vollkorn,2,grid_pollution,hot_first,1,94,draw_us,master,final,2071.6875,1962.4795,2074.0415000000003,1970.375,-92.47900000000004,"[-116.70800000000008, -40.874500000000126]",-4.298114707470802,"[-6.220225364867393, -2.0264815073458617]",12,3,36,10000
gpu,vollkorn,2,grid_pollution,hot_first,1,94,submit_us,master,final,3630.2709999999997,3471.5834999999997,3628.3334999999997,3463.1459999999997,-147.41650000000004,"[-227.5625, 41.479499999999916]",-4.470630596927128,"[-6.166457491573436, 1.0617245084448723]",12,3,36,10000
gpu,vollkorn,2,grid_pollution,hot_first,1,94,complete_us,master,final,4672.729,4423.938,4602.646000000001,4420.353999999999,-118.43750000000023,"[-349.375, 101.375]",-2.45679374552798,"[-7.57069122178925, 1.9321113326739359]",12,3,36,10000
gpu,vollkorn,2,grid_pollution,hot_first,1,94,draw_us,prior,updated45,1889.7915,1931.25,1889.7915,1938.541,-14.9375,"[-68.1049999999999, 64.9994999999999]",-0.8177903411989318,"[-3.281821882559477, 3.608537251332977]",12,3,36,10000
gpu,vollkorn,2,grid_pollution,hot_first,1,94,submit_us,prior,updated45,3304.3334999999997,3398.75,3318.8540000000003,3340.833,-39.83349999999996,"[-116.47949999999992, 58.145500000000084]",-1.2549735876892953,"[-3.4520604324812467, 1.6641283840782672]",12,3,36,10000
gpu,vollkorn,2,grid_pollution,hot_first,1,94,complete_us,prior,updated45,4322.458,4393.9794999999995,4332.271,4369.9580000000005,28.06300000000033,"[-88.60449999999946, 284.52049999999986]",0.6442498020906129,"[-2.045049859827641, 7.092793629684435]",12,3,36,10000
gpu,vollkorn,2,grid_pollution,hot_first,1,94,draw_us,prior,final,1889.7915,1962.4795,1889.7915,1970.375,31.625499999999874,"[-24.521000000000072, 104.22900000000004]",1.6496928681103307,"[-1.3235791124409702, 5.317529574938051]",12,3,36,10000
gpu,vollkorn,2,grid_pollution,hot_first,1,94,submit_us,prior,final,3304.3334999999997,3471.5834999999997,3318.8540000000003,3463.1459999999997,12.208000000000084,"[-91.60350000000017, 159.25049999999987]",0.33987112849218626,"[-2.7864698171093494, 4.726378443174106]",12,3,36,10000
gpu,vollkorn,2,grid_pollution,hot_first,1,94,complete_us,prior,final,4322.458,4423.938,4332.271,4420.353999999999,147.58349999999996,"[-129.39600000000019, 623.6664999999998]",3.8881574863723234,"[-2.8402215961559008, 14.928842621068538]",12,3,36,10000
gpu,vollkorn,2,grid_pollution,hot_first,1,94,draw_us,updated45,final,1931.25,1962.4795,1938.541,1970.375,-4.1875,"[-16.395500000000084, 104.43799999999987]",-0.20541533827891367,"[-0.8614910499208539, 5.307347408373508]",12,3,36,10000
gpu,vollkorn,2,grid_pollution,hot_first,1,94,submit_us,updated45,final,3398.75,3471.5834999999997,3340.833,3463.1459999999997,61.81349999999975,"[-53.541999999999916, 248.08349999999996]",1.872575022784062,"[-1.5684722687283825, 7.215453074720412]",12,3,36,10000
gpu,vollkorn,2,grid_pollution,hot_first,1,94,complete_us,updated45,final,4393.9794999999995,4423.938,4369.9580000000005,4420.353999999999,42.52049999999963,"[-47.77050000000031, 571.9585]",1.0377022778382705,"[-1.1605046531643293, 12.558275764260852]",12,3,36,10000
gpu,vollkorn,2,grid_pollution,hot_return,1,94,draw_us,master,prior,1957.0,1850.4585,1938.6875,1828.4165,-70.68799999999999,"[-149.41700000000014, -13.395500000000084]",-3.5733446659829413,"[-7.557470342131566, -0.761415088260281]",12,3,36,10000
gpu,vollkorn,2,grid_pollution,hot_return,1,94,submit_us,master,prior,2027.104,1899.1245,2004.5415,1876.2495,-71.14650000000006,"[-198.52099999999996, -8.583499999999958]",-3.700194176065114,"[-9.423029707199243, -0.4764996981063141]",12,3,36,10000
gpu,vollkorn,2,grid_pollution,hot_return,1,94,complete_us,master,prior,3195.5625,2940.7705,3224.3334999999997,2982.187,-239.75,"[-342.0625, 33.35350000000017]",-7.822151718326499,"[-10.482510411056335, 1.0995913038510774]",12,3,36,10000
gpu,vollkorn,2,grid_pollution,hot_return,1,94,draw_us,master,updated45,1957.0,1881.604,1938.6875,1926.2495,-48.02099999999996,"[-89.87500000000011, -9.374500000000012]",-2.6122813006868473,"[-4.347594449848973, -0.49604113653499704]",12,3,36,10000
gpu,vollkorn,2,grid_pollution,hot_return,1,94,submit_us,master,updated45,2027.104,1929.7705,2004.5415,1995.3125,-66.0,"[-125.95900000000006, -13.249500000000126]",-3.341271431942755,"[-6.113007522465958, -0.7045585825201928]",12,3,36,10000
gpu,vollkorn,2,grid_pollution,hot_return,1,94,complete_us,master,updated45,3195.5625,2965.708,3224.3334999999997,2965.708,-83.02149999999983,"[-291.2495000000001, -26.708000000000084]",-2.6652612126994493,"[-8.652529677926495, -0.8900367054818004]",12,3,36,10000
gpu,vollkorn,2,grid_pollution,hot_return,1,94,draw_us,master,final,1957.0,1916.188,1938.6875,1916.188,-15.625,"[-93.81200000000001, 32.207999999999856]",-0.8784169439094658,"[-4.666604795801116, 1.70023782935661]",12,3,36,10000
gpu,vollkorn,2,grid_pollution,hot_return,1,94,submit_us,master,final,2027.104,1980.2085,2004.5415,1978.75,-14.66700000000003,"[-124.79150000000004, 53.437499999999886]",-0.8241568136860056,"[-5.932209699611512, 2.7300129429920883]",12,3,36,10000
gpu,vollkorn,2,grid_pollution,hot_return,1,94,complete_us,master,final,3195.5625,3093.9375,3224.3334999999997,3150.4375,-27.6875,"[-270.9580000000001, 273.8125]",-0.8767118462784496,"[-7.945271407450099, 10.441703026736526]",12,3,36,10000
gpu,vollkorn,2,grid_pollution,hot_return,1,94,draw_us,prior,updated45,1850.4585,1881.604,1828.4165,1926.2495,-1.60349999999994,"[-28.020999999999958, 68.45849999999996]",-0.09437376394241803,"[-1.5487927513019806, 3.7074660722793307]",12,3,36,10000
gpu,vollkorn,2,grid_pollution,hot_return,1,94,submit_us,prior,updated45,1899.1245,1929.7705,1876.2495,1995.3125,-4.958499999999958,"[-46.22900000000004, 87.64649999999983]",-0.2823223224081961,"[-2.4358969615681234, 4.570797843395158]",12,3,36,10000
gpu,vollkorn,2,grid_pollution,hot_return,1,94,complete_us,prior,updated45,2940.7705,2965.708,2982.187,2965.708,18.333999999999833,"[-72.18799999999987, 121.4375]",0.6206038249419232,"[-2.266985191632881, 4.05973211708579]",12,3,36,10000
gpu,vollkorn,2,grid_pollution,hot_return,1,94,draw_us,prior,final,1850.4585,1916.188,1828.4165,1916.188,-1.5,"[-46.85349999999994, 83.3125]",-0.06906375224291494,"[-2.363516693716355, 4.6542943474380145]",12,3,36,10000
gpu,vollkorn,2,grid_pollution,hot_return,1,94,submit_us,prior,final,1899.1245,1980.2085,1876.2495,1978.75,-5.5,"[-63.64500000000021, 94.91649999999993]",-0.3059433778847154,"[-3.0698137411051762, 5.1469844016833965]",12,3,36,10000
gpu,vollkorn,2,grid_pollution,hot_return,1,94,complete_us,prior,final,2940.7705,3093.9375,2982.187,3150.4375,143.89649999999983,"[-45.75, 285.77099999999996]",4.761431398854487,"[-1.5100476443865751, 9.96325926641972]",12,3,36,10000
gpu,vollkorn,2,grid_pollution,hot_return,1,94,draw_us,updated45,final,1881.604,1916.188,1926.2495,1916.188,5.77049999999997,"[-43.91649999999993, 38.91649999999993]",0.2726766333529418,"[-2.19268048604902, 2.2180950413169476]",12,3,36,10000
gpu,vollkorn,2,grid_pollution,hot_return,1,94,submit_us,updated45,final,1929.7705,1980.2085,1995.3125,1978.75,13.166500000000042,"[-64.375, 46.020500000000084]",0.5933015763881944,"[-3.0675589442950733, 2.4630412103220145]",12,3,36,10000
gpu,vollkorn,2,grid_pollution,hot_return,1,94,complete_us,updated45,final,2965.708,3093.9375,2965.708,3150.4375,57.625499999999874,"[-44.187999999999874, 249.97900000000004]",1.8629611267276802,"[-1.5387316898656134, 8.86079226869747]",12,3,36,10000
gpu,vollkorn,2,grid_pollution,hot_second,1,94,draw_us,master,prior,1884.9164999999998,465.66700000000003,1931.646,462.5,-1417.917,"[-1493.521, -1373.0625]",-74.44648261560022,"[-76.24509609305937, -73.16510428352689]",12,3,36,10000
gpu,vollkorn,2,grid_pollution,hot_second,1,94,submit_us,master,prior,1935.8125,508.79200000000003,2008.167,500.0,-1434.605,"[-1539.563, -1378.3539999999998]",-73.0292118889532,"[-75.21843031970653, -71.87409318732672]",12,3,36,10000
gpu,vollkorn,2,grid_pollution,hot_second,1,94,complete_us,master,prior,2907.9795,947.0,3061.1875,936.5,-1786.771,"[-1899.5835, -1605.7285000000002]",-63.55657262883838,"[-67.47830372031339, -52.63494526274732]",12,3,36,10000
gpu,vollkorn,2,grid_pollution,hot_second,1,94,draw_us,master,updated45,1884.9164999999998,493.5005,1931.646,493.521,-1433.792,"[-1486.0835000000002, -1349.875]",-74.72638222493073,"[-75.19020344904708, -73.80412796628127]",12,3,36,10000
gpu,vollkorn,2,grid_pollution,hot_second,1,94,submit_us,master,updated45,1935.8125,538.2915,2008.167,541.0625,-1457.1255,"[-1522.7295, -1351.021]",-73.4851305284063,"[-74.05783510593929, -72.09865395332865]",12,3,36,10000
gpu,vollkorn,2,grid_pollution,hot_second,1,94,complete_us,master,updated45,2907.9795,1101.3755,3061.1875,1205.0835,-1730.292,"[-1796.0415, -1616.75]",-58.401463529201266,"[-65.20085826490964, -52.75151190014651]",12,3,36,10000
gpu,vollkorn,2,grid_pollution,hot_second,1,94,draw_us,master,final,1884.9164999999998,510.97950000000003,1931.646,508.188,-1381.1875,"[-1452.9165, -1279.6245000000001]",-73.0085020966512,"[-74.45648855150293, -70.83439226666565]",12,3,36,10000
gpu,vollkorn,2,grid_pollution,hot_second,1,94,submit_us,master,final,1935.8125,563.771,2008.167,558.813,-1383.8335,"[-1483.3745000000001, -1272.208]",-71.12251245652546,"[-73.44060301521198, -68.25486268785976]",12,3,36,10000
gpu,vollkorn,2,grid_pollution,hot_second,1,94,complete_us,master,final,2907.9795,1158.333,3061.1875,1158.333,-1700.9795,"[-1905.771, -1609.0625]",-60.94667750783055,"[-64.70933664653398, -53.93669482177242]",12,3,36,10000
gpu,vollkorn,2,grid_pollution,hot_second,1,94,draw_us,prior,updated45,465.66700000000003,493.5005,462.5,493.521,4.582999999999998,"[-19.041500000000013, 35.10449999999997]",1.021752532218867,"[-4.004526024833294, 7.63152509877998]",12,3,36,10000
gpu,vollkorn,2,grid_pollution,hot_second,1,94,submit_us,prior,updated45,508.79200000000003,538.2915,500.0,541.0625,10.020499999999998,"[-23.458000000000027, 41.64599999999996]",2.070578510307175,"[-4.530359939626061, 8.39927518098028]",12,3,36,10000
gpu,vollkorn,2,grid_pollution,hot_second,1,94,complete_us,prior,updated45,947.0,1101.3755,936.5,1205.0835,36.541499999999985,"[-67.0, 390.52099999999996]",4.069852068654656,"[-4.956460499068754, 31.736062415201047]",12,3,36,10000
gpu,vollkorn,2,grid_pollution,hot_second,1,94,draw_us,prior,final,465.66700000000003,510.97950000000003,462.5,508.188,19.020999999999987,"[-14.729000000000013, 84.06349999999995]",4.076213478146407,"[-2.7284776070310435, 19.27212651507312]",12,3,36,10000
gpu,vollkorn,2,grid_pollution,hot_second,1,94,submit_us,prior,final,508.79200000000003,563.771,500.0,558.813,25.791999999999973,"[-16.854000000000042, 109.18799999999999]",5.3094849658002605,"[-2.8499375393143014, 23.20163999078261]",12,3,36,10000
gpu,vollkorn,2,grid_pollution,hot_second,1,94,complete_us,prior,final,947.0,1158.333,936.5,1158.333,37.291499999999985,"[-185.9584999999999, 337.70799999999997]",4.010568497127675,"[-12.095485306983445, 28.151371577289808]",12,3,36,10000
gpu,vollkorn,2,grid_pollution,hot_second,1,94,draw_us,updated45,final,493.5005,510.97950000000003,493.521,508.188,15.208499999999987,"[6.5625, 63.33300000000003]",3.0267256676559606,"[1.4735900493008436, 12.67179695799555]",12,3,36,10000
gpu,vollkorn,2,grid_pollution,hot_second,1,94,submit_us,updated45,final,538.2915,563.771,541.0625,558.813,19.791999999999973,"[11.3125, 103.167]",3.5962360323764875,"[2.205806967026447, 18.95496010038441]",12,3,36,10000
gpu,vollkorn,2,grid_pollution,hot_second,1,94,complete_us,updated45,final,1101.3755,1158.333,1205.0835,1158.333,-0.583500000000015,"[-162.8125, 61.978999999999985]",-0.03165377406381675,"[-11.537155513624924, 4.7666781288255855]",12,3,36,10000
gpu,vollkorn,2,grid_pollution,pollution,64,6016,draw_us,master,prior,1985.330406,1890.4439685,1990.758781,1875.2434845,-10.424836000000028,"[-82.27668749999987, 2.6458595000000287]",-0.5834612084623214,"[-3.9602555837058406, 0.1451296538123259]",12,3,36,10000
gpu,vollkorn,2,grid_pollution,pollution,64,6016,submit_us,master,prior,2044.8287655,1934.962508,2053.6399844999996,1919.2597500000002,-8.74443800000006,"[-105.6406874999999, 4.83400800000004]",-0.47845914536423506,"[-4.857116922307919, 0.2485319377934947]",12,3,36,10000
gpu,vollkorn,2,grid_pollution,pollution,64,6016,complete_us,master,prior,3161.495078,3000.2556015,3219.3847965,2978.8662034999998,-48.087585999999874,"[-312.4613125000001, -22.521187000000054]",-1.7022964454299516,"[-8.756900469340017, -0.7331353946371522]",12,3,36,10000
gpu,vollkorn,2,grid_pollution,pollution,64,6016,draw_us,master,updated45,1985.330406,1914.6431874999998,1990.758781,1931.2418675,-34.10097699999994,"[-95.25588300000004, -9.53064049999989]",-1.8740635933334193,"[-4.766492985775289, -0.4880783113213216]",12,3,36,10000
gpu,vollkorn,2,grid_pollution,pollution,64,6016,submit_us,master,updated45,2044.8287655,1959.030922,2053.6399844999996,1982.403344,-38.262641000000144,"[-110.48463249999975, -4.704726500000106]",-1.9946815163527087,"[-5.369059041790542, -0.2475083906002984]",12,3,36,10000
gpu,vollkorn,2,grid_pollution,pollution,64,6016,complete_us,master,updated45,3161.495078,3017.201242,3219.3847965,3029.0182655,-126.20479699999987,"[-268.691047, -31.42642950000004]",-4.121575748603001,"[-8.019223568341182, -1.014476880543863]",12,3,36,10000
gpu,vollkorn,2,grid_pollution,pollution,64,6016,draw_us,master,final,1985.330406,1977.851187,1990.758781,1986.8968125000001,14.371328500000004,"[-58.764570500000104, 43.94597650000014]",0.8134601536600727,"[-2.866752835815328, 2.1661897860582924]",12,3,36,10000
gpu,vollkorn,2,grid_pollution,pollution,64,6016,submit_us,master,final,2044.8287655,2027.234719,2053.6399844999996,2046.58175,16.258765499999868,"[-70.80500799999982, 60.7176874999999]",0.8994208493616318,"[-3.4611015208189544, 2.879203660169427]",12,3,36,10000
gpu,vollkorn,2,grid_pollution,pollution,64,6016,complete_us,master,final,3161.495078,3105.306031,3219.3847965,3107.6604454999997,-24.860734499999808,"[-122.43160149999994, 131.835875]",-0.8801636801699653,"[-3.6311652893853794, 3.966888640887911]",12,3,36,10000
gpu,vollkorn,2,grid_pollution,pollution,64,6016,draw_us,prior,updated45,1890.4439685,1914.6431874999998,1875.2434845,1931.2418675,-29.974952999999914,"[-45.68262500000003, 59.366476000000034]",-1.5116471288640743,"[-2.4132121860050315, 3.213946696140868]",12,3,36,10000
gpu,vollkorn,2,grid_pollution,pollution,64,6016,submit_us,prior,updated45,1934.962508,1959.030922,1919.2597500000002,1982.403344,-36.60542200000009,"[-49.84893000000011, 61.368819999999914]",-1.7897196832339646,"[-2.557431945679739, 3.250237840232806]",12,3,36,10000
gpu,vollkorn,2,grid_pollution,pollution,64,6016,complete_us,prior,updated45,3000.2556015,3017.201242,2978.8662034999998,3029.0182655,4.237632500000018,"[-180.18903899999987, 71.5814684999998]",0.17982356570494518,"[-5.377732992121626, 2.4771464727671666]",12,3,36,10000
gpu,vollkorn,2,grid_pollution,pollution,64,6016,draw_us,prior,final,1890.4439685,1977.851187,1875.2434845,1986.8968125000001,13.43679700000007,"[-14.55433549999998, 88.37824999999998]",0.7665767318328687,"[-0.716719637241503, 4.768075909383995]",12,3,36,10000
gpu,vollkorn,2,grid_pollution,pollution,64,6016,submit_us,prior,final,1934.962508,2027.234719,1919.2597500000002,2046.58175,13.86912499999994,"[-16.856062499999894, 100.67870299999993]",0.7736620168697361,"[-0.8487939160390645, 5.294541412200826]",12,3,36,10000
gpu,vollkorn,2,grid_pollution,pollution,64,6016,complete_us,prior,final,3000.2556015,3105.306031,2978.8662034999998,3107.6604454999997,47.3531330000003,"[-22.372664000000213, 239.75856199999998]",1.692684661890309,"[-0.7192372154013582, 8.070555324743534]",12,3,36,10000
gpu,vollkorn,2,grid_pollution,pollution,64,6016,draw_us,updated45,final,1914.6431874999998,1977.851187,1931.2418675,1986.8968125000001,38.95574199999999,"[18.279007500000034, 62.70514099999991]",1.989605952451945,"[0.9521625017284263, 3.3151774256997557]",12,3,36,10000
gpu,vollkorn,2,grid_pollution,pollution,64,6016,submit_us,updated45,final,1959.030922,2027.234719,1982.403344,2046.58175,51.8431250000001,"[19.410140500000125, 75.24667199999988]",2.5801911039370906,"[0.9849634261720475, 3.7052901406139815]",12,3,36,10000
gpu,vollkorn,2,grid_pollution,pollution,64,6016,complete_us,updated45,final,3017.201242,3105.306031,3029.0182655,3107.6604454999997,103.55138299999976,"[33.09269549999999, 246.30821849999984]",3.5000203998988844,"[1.0957365701870558, 7.726943757838301]",12,3,36,10000
gpu,vollkorn,2,grid_singleton,once,1,94,draw_us,master,prior,2072.2505,1912.6875,2071.6040000000003,1910.979,-106.68799999999999,"[-146.58300000000008, -35.666999999999916]",-5.102129208360129,"[-7.316603794123704, -1.7059462455083274]",12,3,36,10000
gpu,vollkorn,2,grid_singleton,once,1,94,submit_us,master,prior,3629.542,3356.5625,3602.2705,3349.4584999999997,-167.97949999999992,"[-228.22900000000004, -48.9375]",-5.096635576889802,"[-6.1081603011946095, -1.5309688097291052]",12,3,36,10000
gpu,vollkorn,2,grid_singleton,once,1,94,complete_us,master,prior,4787.771000000001,4368.875,4687.959,4369.8955,-241.70800000000008,"[-352.5630000000001, -58.0630000000001]",-4.969411231028592,"[-7.8510223719116645, -1.2141825753264668]",12,3,36,10000
gpu,vollkorn,2,grid_singleton,once,1,94,draw_us,master,updated45,2072.2505,1957.25,2071.6040000000003,1942.813,-124.74950000000001,"[-132.2299999999999, -101.77099999999996]",-6.19921743238081,"[-6.573505990725553, -4.825189271993513]",12,3,36,10000
gpu,vollkorn,2,grid_singleton,once,1,94,submit_us,master,updated45,3629.542,3413.333,3602.2705,3412.708,-170.6875,"[-228.625, -130.45800000000008]",-4.862558297352631,"[-6.0996580449030775, -3.9496096353302312]",12,3,36,10000
gpu,vollkorn,2,grid_singleton,once,1,94,complete_us,master,updated45,4787.771000000001,4541.5,4687.959,4651.146000000001,-91.8755000000001,"[-306.6659999999997, 142.8125]",-1.8617147368241826,"[-6.768263868314439, 3.196077423206767]",12,3,36,10000
gpu,vollkorn,2,grid_singleton,once,1,94,draw_us,master,final,2072.2505,2002.5415,2071.6040000000003,2007.3335,-65.20850000000007,"[-107.22950000000003, -2.9379999999998745]",-3.281844336758699,"[-5.279865358982189, -0.13982575137644893]",12,3,36,10000
gpu,vollkorn,2,grid_singleton,once,1,94,submit_us,master,final,3629.542,3543.25,3602.2705,3587.5834999999997,-71.22949999999992,"[-129.8125, 17.812000000000126]",-1.9762426834839364,"[-3.889180467280889, 0.485545772388396]",12,3,36,10000
gpu,vollkorn,2,grid_singleton,once,1,94,complete_us,master,final,4787.771000000001,4729.438,4687.959,4784.353999999999,66.625,"[-212.60399999999981, 313.6875]",1.4920305405548007,"[-4.941405213712196, 6.3123204178976655]",12,3,36,10000
gpu,vollkorn,2,grid_singleton,once,1,94,draw_us,prior,updated45,1912.6875,1957.25,1910.979,1942.813,5.208999999999946,"[-95.29150000000016, 38.124999999999886]",0.2886224630290368,"[-4.869045970559455, 2.0549735746157816]",12,3,36,10000
gpu,vollkorn,2,grid_singleton,once,1,94,submit_us,prior,updated45,3356.5625,3413.333,3349.4584999999997,3412.708,25.708499999999958,"[-200.22900000000004, 56.062999999999874]",0.8050872737223713,"[-5.437707998999553, 1.6688142003648876]",12,3,36,10000
gpu,vollkorn,2,grid_singleton,once,1,94,complete_us,prior,updated45,4368.875,4541.5,4369.8955,4651.146000000001,57.62550000000056,"[-55.854499999999916, 420.0]",1.2029703963244875,"[-1.2908993116925838, 9.222563291086406]",12,3,36,10000
gpu,vollkorn,2,grid_singleton,once,1,94,draw_us,prior,final,1912.6875,2002.5415,1910.979,2007.3335,16.416500000000042,"[-11.228999999999928, 125.29150000000004]",0.8000262583299889,"[-0.6390223454583177, 6.571491247358564]",12,3,36,10000
gpu,vollkorn,2,grid_singleton,once,1,94,submit_us,prior,final,3356.5625,3543.25,3349.4584999999997,3587.5834999999997,104.9375,"[10.208000000000084, 306.79150000000004]",3.0858161589934485,"[0.3010236559047863, 9.264175979685218]",12,3,36,10000
gpu,vollkorn,2,grid_singleton,once,1,94,complete_us,prior,final,4368.875,4729.438,4369.8955,4784.353999999999,346.1044999999999,"[66.04199999999992, 660.7505000000006]",7.541882278787327,"[1.595950427281656, 15.502621336067246]",12,3,36,10000
gpu,vollkorn,2,grid_singleton,once,1,94,draw_us,updated45,final,1957.25,2002.5415,1942.813,2007.3335,54.37450000000001,"[8.625, 114.97850000000005]",2.7868072251345133,"[0.44464402250065094, 5.8438313251755964]",12,3,36,10000
gpu,vollkorn,2,grid_singleton,once,1,94,submit_us,updated45,final,3413.333,3543.25,3412.708,3587.5834999999997,130.54199999999992,"[28.75, 217.02050000000008]",3.868687828602879,"[0.8762587152348789, 6.236718573474387]",12,3,36,10000
gpu,vollkorn,2,grid_singleton,once,1,94,complete_us,updated45,final,4541.5,4729.438,4651.146000000001,4784.353999999999,54.146000000000186,"[-59.12550000000056, 488.47950000000037]",1.3015900369228284,"[-1.1892895113317925, 10.503215436255907]",12,3,36,10000
gpu,vollkorn,2,grid_two_phases,first,1,94,draw_us,master,prior,2045.0835,1892.1665,2072.4375,1889.583,-95.81250000000011,"[-178.562, -48.354499999999916]",-4.543329440816491,"[-8.803815512620844, -2.579638624616587]",12,3,36,10000
gpu,vollkorn,2,grid_two_phases,first,1,94,submit_us,master,prior,3530.25,3235.3540000000003,3533.625,3252.8955,-157.79199999999992,"[-244.91600000000017, -38.395500000000084]",-4.743980670422215,"[-6.746725647303419, -1.2656948721412042]",12,3,36,10000
gpu,vollkorn,2,grid_two_phases,first,1,94,complete_us,master,prior,4665.2919999999995,4360.041499999999,4649.9585,4367.916499999999,-227.33349999999973,"[-635.6454999999999, -84.12500000000045]",-4.749081129804034,"[-12.954517781441915, -1.9943381929113269]",12,3,36,10000
gpu,vollkorn,2,grid_two_phases,first,1,94,draw_us,master,updated45,2045.0835,1902.0625,2072.4375,1916.25,-150.5,"[-168.12450000000013, -106.04200000000003]",-7.261966276967835,"[-8.07620098458393, -5.065712127616829]",12,3,36,10000
gpu,vollkorn,2,grid_two_phases,first,1,94,submit_us,master,updated45,3530.25,3243.9795,3533.625,3234.4790000000003,-256.8125,"[-292.79150000000004, -111.20849999999996]",-7.217608105708173,"[-8.445743514891628, -3.559389707327454]",12,3,36,10000
gpu,vollkorn,2,grid_two_phases,first,1,94,complete_us,master,updated45,4665.2919999999995,4415.5625,4649.9585,4408.7705,-262.3955000000001,"[-468.7294999999999, -154.7090000000003]",-5.4667945121712025,"[-9.37328005931864, -3.336288161366313]",12,3,36,10000
gpu,vollkorn,2,grid_two_phases,first,1,94,draw_us,master,final,2045.0835,1975.354,2072.4375,1989.7289999999998,-67.99950000000013,"[-102.68750000000011, -29.083000000000084]",-3.2507323904980954,"[-4.909021406478336, -1.4913468769296723]",12,3,36,10000
gpu,vollkorn,2,grid_two_phases,first,1,94,submit_us,master,final,3530.25,3369.458,3533.625,3376.875,-129.83300000000008,"[-203.04100000000017, 68.08300000000008]",-4.0472770393979784,"[-5.8594644622308785, 2.207862148880213]",12,3,36,10000
gpu,vollkorn,2,grid_two_phases,first,1,94,complete_us,master,final,4665.2919999999995,4491.396000000001,4649.9585,4539.5205000000005,-233.43699999999944,"[-484.7919999999999, 116.9369999999999]",-4.563890338873062,"[-10.58674436940521, 2.708585899863558]",12,3,36,10000
gpu,vollkorn,2,grid_two_phases,first,1,94,draw_us,prior,updated45,1892.1665,1902.0625,1889.583,1916.25,1.8745000000000118,"[-67.27100000000007, 35.25]",0.11433534721125849,"[-3.4655306824268983, 1.9751872726340047]",12,3,36,10000
gpu,vollkorn,2,grid_two_phases,first,1,94,submit_us,prior,updated45,3235.3540000000003,3243.9795,3252.8955,3234.4790000000003,-37.666999999999916,"[-179.625, 60.22900000000004]",-1.2143121453895733,"[-5.2911791512081585, 2.0897360234891305]",12,3,36,10000
gpu,vollkorn,2,grid_two_phases,first,1,94,complete_us,prior,updated45,4360.041499999999,4415.5625,4367.916499999999,4408.7705,-3.6660000000001673,"[-368.02150000000006, 309.45849999999973]",-0.07216202605641042,"[-8.459804028375622, 7.376772558662214]",12,3,36,10000
gpu,vollkorn,2,grid_two_phases,first,1,94,draw_us,prior,final,1892.1665,1975.354,1889.583,1989.7289999999998,13.875499999999988,"[-19.083000000000084, 193.312]",0.7574457486425046,"[-1.0677012816107223, 10.734559360289664]",12,3,36,10000
gpu,vollkorn,2,grid_two_phases,first,1,94,submit_us,prior,final,3235.3540000000003,3369.458,3252.8955,3376.875,21.9375,"[-55.770500000000084, 339.2705000000001]",0.6425061917251895,"[-1.847639619539454, 11.14864768199525]",12,3,36,10000
gpu,vollkorn,2,grid_two_phases,first,1,94,complete_us,prior,final,4360.041499999999,4491.396000000001,4367.916499999999,4539.5205000000005,72.5,"[-198.5625, 695.3960000000002]",1.919073173557878,"[-4.215212618163855, 16.61185455826223]",12,3,36,10000
gpu,vollkorn,2,grid_two_phases,first,1,94,draw_us,updated45,final,1902.0625,1975.354,1916.25,1989.7289999999998,53.062499999999886,"[9.687999999999988, 115.35449999999992]",2.7374176523208393,"[0.5028820818961721, 5.9622991025586884]",12,3,36,10000
gpu,vollkorn,2,grid_two_phases,first,1,94,submit_us,updated45,final,3243.9795,3369.458,3234.4790000000003,3376.875,65.8125,"[12.500499999999874, 267.5830000000001]",2.102073794287773,"[0.33400644653738265, 8.632294270151498]",12,3,36,10000
gpu,vollkorn,2,grid_two_phases,first,1,94,complete_us,updated45,final,4415.5625,4491.396000000001,4408.7705,4539.5205000000005,112.83349999999996,"[-31.854499999999916, 363.81300000000056]",2.6914439525310474,"[-0.7154415887815679, 7.986912279850211]",12,3,36,10000
gpu,vollkorn,2,grid_two_phases,second,1,94,draw_us,master,prior,1889.958,484.5625,1894.0,476.2505,-1392.7915,"[-1431.4795, -1309.1039999999998]",-73.24411425804603,"[-75.58395801855583, -72.52870688419875]",12,3,36,10000
gpu,vollkorn,2,grid_two_phases,second,1,94,submit_us,master,prior,1943.2295,528.5835,1948.6875,514.792,-1410.75,"[-1454.9384999999997, -1312.7915]",-71.67933085258062,"[-74.47894209436804, -70.68845149442674]",12,3,36,10000
gpu,vollkorn,2,grid_two_phases,second,1,94,complete_us,master,prior,3194.0,1482.479,3207.666,1133.9375,-1839.792,"[-2116.333, -1660.7505]",-60.218886186745976,"[-66.79423947239947, -52.81036203849165]",12,3,36,10000
gpu,vollkorn,2,grid_two_phases,second,1,94,draw_us,master,updated45,1889.958,472.187,1894.0,470.854,-1391.833,"[-1447.5005, -1307.6454999999999]",-74.33235021648824,"[-75.51161755007189, -73.29512840857626]",12,3,36,10000
gpu,vollkorn,2,grid_two_phases,second,1,94,submit_us,master,updated45,1943.2295,519.0835,1948.6875,512.5830000000001,-1397.8329999999999,"[-1464.3964999999998, -1324.833]",-73.00307503052431,"[-74.13388583062999, -71.33180819389429]",12,3,36,10000
gpu,vollkorn,2,grid_two_phases,second,1,94,complete_us,master,updated45,3194.0,1546.4995,3207.666,1539.3745,-1640.979,"[-1831.1879999999999, -1485.3334999999997]",-50.85482323708143,"[-57.06297781093073, -47.84341139662001]",12,3,36,10000
gpu,vollkorn,2,grid_two_phases,second,1,94,draw_us,master,final,1889.958,506.20799999999997,1894.0,509.792,-1364.0,"[-1405.6245000000001, -1301.0415]",-72.65025897846132,"[-74.05660786005383, -72.0178756724485]",12,3,36,10000
gpu,vollkorn,2,grid_two_phases,second,1,94,submit_us,master,final,1943.2295,559.2294999999999,1948.6875,565.2505,-1352.813,"[-1428.333, -1297.021]",-70.7440724540561,"[-72.4110638922709, -69.77792523380951]",12,3,36,10000
gpu,vollkorn,2,grid_two_phases,second,1,94,complete_us,master,final,3194.0,1541.813,3207.666,1537.1875,-1753.4799999999998,"[-1931.4585, -1641.6240000000003]",-53.09595450269055,"[-62.75205380654218, -50.126203264166804]",12,3,36,10000
gpu,vollkorn,2,grid_two_phases,second,1,94,draw_us,prior,updated45,484.5625,472.187,476.2505,470.854,-13.8125,"[-46.93799999999999, 8.0]",-2.812837868766022,"[-8.913700963316778, 1.8059889095429438]",12,3,36,10000
gpu,vollkorn,2,grid_two_phases,second,1,94,submit_us,prior,updated45,528.5835,519.0835,514.792,512.5830000000001,-16.56299999999996,"[-54.14599999999996, 16.0]",-3.039655444395928,"[-9.593936482131486, 3.3524629259371608]",12,3,36,10000
gpu,vollkorn,2,grid_two_phases,second,1,94,complete_us,prior,updated45,1482.479,1546.4995,1133.9375,1539.3745,32.688499999999976,"[-27.854499999999916, 468.79150000000004]",2.008513713865878,"[-1.8143159438914425, 44.38674061930978]",12,3,36,10000
gpu,vollkorn,2,grid_two_phases,second,1,94,draw_us,prior,final,484.5625,506.20799999999997,476.2505,509.792,6.75,"[-9.416499999999957, 69.60449999999997]",1.2919410864336345,"[-1.7863443122780875, 13.333058401223063]",12,3,36,10000
gpu,vollkorn,2,grid_two_phases,second,1,94,submit_us,prior,final,528.5835,559.2294999999999,514.792,565.2505,22.145999999999958,"[-12.354500000000002, 86.85449999999997]",3.9166902873789766,"[-2.129042777063894, 16.100976348512916]",12,3,36,10000
gpu,vollkorn,2,grid_two_phases,second,1,94,complete_us,prior,final,1482.479,1541.813,1133.9375,1537.1875,88.33349999999996,"[-134.4375, 340.5415]",5.730461880843841,"[-9.616250092245037, 33.45306498723026]",12,3,36,10000
gpu,vollkorn,2,grid_two_phases,second,1,94,draw_us,updated45,final,472.187,506.20799999999997,470.854,509.792,19.646000000000015,"[-10.166000000000025, 57.75]",4.256930856211316,"[-2.029132948136536, 12.259082243451946]",12,3,36,10000
gpu,vollkorn,2,grid_two_phases,second,1,94,submit_us,updated45,final,519.0835,559.2294999999999,512.5830000000001,565.2505,25.02049999999997,"[-6.70799999999997, 81.39599999999996]",5.008270948663441,"[-1.1511719341129434, 15.882633350699749]",12,3,36,10000
gpu,vollkorn,2,grid_two_phases,second,1,94,complete_us,updated45,final,1546.4995,1541.813,1539.3745,1537.1875,-5.479000000000042,"[-282.89599999999996, 61.89599999999996]",-0.26747729073327564,"[-18.409560474208227, 4.297033094158953]",12,3,36,10000
gpu,vollkorn,2,grid_unique_sizes,sweep,32,3008,draw_us,master,prior,1949.1335155000002,1890.3202185,1955.5521095,1875.1712029999999,-10.09251549999999,"[-82.14717199999996, -4.887406000000055]",-0.5769354496506618,"[-4.095031717636566, -0.24622565418119802]",12,3,36,10000
gpu,vollkorn,2,grid_unique_sizes,sweep,32,3008,submit_us,master,prior,2045.2435625,1977.0931405000001,2055.553422,1960.8327184999998,-20.56846849999988,"[-108.05018750000022, -4.478375000000142]",-0.9784921212587228,"[-5.047542644898007, -0.23927594105747074]",12,3,36,10000
gpu,vollkorn,2,grid_unique_sizes,sweep,32,3008,complete_us,master,prior,3109.4538125,2985.5046095,3204.2956095,3038.9315935,-108.09639049999987,"[-303.62690650000036, 18.352844499999946]",-3.2751623512551786,"[-8.856338606485753, 0.6589642300049214]",12,3,36,10000
gpu,vollkorn,2,grid_unique_sizes,sweep,32,3008,draw_us,master,updated45,1949.1335155000002,1893.7187185,1955.5521095,1900.4029375,-44.74343799999997,"[-93.60353150000003, -6.221999499999924]",-2.4025581471250668,"[-4.686015780398606, -0.32504455497969764]",12,3,36,10000
gpu,vollkorn,2,grid_unique_sizes,sweep,32,3008,submit_us,master,updated45,2045.2435625,1977.092422,2055.553422,1987.763672,-58.86457799999994,"[-113.34568749999994, -7.328687500000115]",-2.9198312557063124,"[-5.476748275719629, -0.37494270498832916]",12,3,36,10000
gpu,vollkorn,2,grid_unique_sizes,sweep,32,3008,complete_us,master,updated45,3109.4538125,3100.8749845,3204.2956095,3096.6660469999997,-101.26568750000001,"[-142.34825050000018, -37.39578049999977]",-3.175119867688986,"[-4.535693289326659, -1.1283796181851324]",12,3,36,10000
gpu,vollkorn,2,grid_unique_sizes,sweep,32,3008,draw_us,master,final,1949.1335155000002,1941.3444690000001,1955.5521095,1949.595672,-11.787734,"[-50.94993700000009, 38.98567199999991]",-0.6750167781543914,"[-2.710496195870787, 2.003302550213071]",12,3,36,10000
gpu,vollkorn,2,grid_unique_sizes,sweep,32,3008,submit_us,master,final,2045.2435625,2043.1035155,2055.553422,2048.420016,-6.550203500000066,"[-67.60943799999995, 53.802843999999936]",-0.3573204331527746,"[-3.381996767789708, 2.626738910855808]",12,3,36,10000
gpu,vollkorn,2,grid_unique_sizes,sweep,32,3008,complete_us,master,final,3109.4538125,3130.6490784999996,3204.2956095,3170.526094,-54.6588435000001,"[-102.52603150000004, 90.8982655000002]",-1.7247730362611402,"[-3.188499526608629, 3.143326958268944]",12,3,36,10000
gpu,vollkorn,2,grid_unique_sizes,sweep,32,3008,draw_us,prior,updated45,1890.3202185,1893.7187185,1875.1712029999999,1900.4029375,-7.242906500000004,"[-28.382859499999995, 17.235733999999866]",-0.4107696560284646,"[-1.4948001377322384, 0.89035943686393]",12,3,36,10000
gpu,vollkorn,2,grid_unique_sizes,sweep,32,3008,submit_us,prior,updated45,1977.0931405000001,1977.092422,1960.8327184999998,1987.763672,-9.51110899999992,"[-29.643953499999952, 24.927187499999945]",-0.5012335258570866,"[-1.4745437945179685, 1.21803989917193]",12,3,36,10000
gpu,vollkorn,2,grid_unique_sizes,sweep,32,3008,complete_us,prior,updated45,2985.5046095,3100.8749845,3038.9315935,3096.6660469999997,-10.25974999999994,"[-63.42198399999984, 133.8698750000001]",-0.36767321021696775,"[-2.1982902500847166, 4.3832313512134675]",12,3,36,10000
gpu,vollkorn,2,grid_unique_sizes,sweep,32,3008,draw_us,prior,final,1890.3202185,1941.3444690000001,1875.1712029999999,1949.595672,20.362078500000052,"[-4.24604649999992, 164.47070299999996]",1.0819807481113664,"[-0.21386137933816496, 8.218436597001022]",12,3,36,10000
gpu,vollkorn,2,grid_unique_sizes,sweep,32,3008,submit_us,prior,final,1977.0931405000001,2043.1035155,1960.8327184999998,2048.420016,28.72914000000003,"[-5.655609499999969, 183.04303149999987]",1.4517080775258595,"[-0.2759928877949014, 8.5943527793248]",12,3,36,10000
gpu,vollkorn,2,grid_unique_sizes,sweep,32,3008,complete_us,prior,final,2985.5046095,3130.6490784999996,3038.9315935,3170.526094,88.54490650000025,"[-29.789734500000122, 256.22979699999996]",2.985164752927172,"[-1.0153617895715616, 8.704862741511732]",12,3,36,10000
gpu,vollkorn,2,grid_unique_sizes,sweep,32,3008,draw_us,updated45,final,1893.7187185,1941.3444690000001,1900.4029375,1949.595672,21.72537550000004,"[6.443984499999942, 120.54884350000009]",1.1626277192628542,"[0.34369158424496504, 6.3748103333748585]",12,3,36,10000
gpu,vollkorn,2,grid_unique_sizes,sweep,32,3008,submit_us,updated45,final,1977.092422,2043.1035155,1987.763672,2048.420016,25.172531499999877,"[7.510358999999994, 149.12492200000008]",1.2336564222821589,"[0.41994509014123826, 7.5138365118616495]",12,3,36,10000
gpu,vollkorn,2,grid_unique_sizes,sweep,32,3008,complete_us,updated45,final,3100.8749845,3130.6490784999996,3096.6660469999997,3170.526094,61.44654700000001,"[-15.9375785000002, 115.40757800000006]",2.0991347415189487,"[-0.47604157154025883, 3.6522877992008596]",12,3,36,10000
gpu,vollkorn,2,grid_unique_variations,sweep,32,3008,draw_us,master,prior,610.3906565,466.598297,599.4635935,466.05659349999996,-107.6055465,"[-151.25460949999996, -78.49351549999994]",-18.886614373491305,"[-24.54768332131497, -14.72767690344493]",12,3,36,10000
gpu,vollkorn,2,grid_unique_variations,sweep,32,3008,submit_us,master,prior,704.0696405,546.3548435,694.004625,546.029937,-109.01957799999997,"[-173.444578, -79.63867249999993]",-16.77300253649227,"[-23.547334753588867, -12.716543597595798]",12,3,36,10000
gpu,vollkorn,2,grid_unique_variations,sweep,32,3008,complete_us,master,prior,1542.544203,1200.2428125000001,1666.3802345,1209.0116874999999,-238.16084349999994,"[-491.668625, -138.47910899999988]",-18.97038349343833,"[-26.18742020307553, -8.31818432651087]",12,3,36,10000
gpu,vollkorn,2,grid_unique_variations,sweep,32,3008,draw_us,master,updated45,610.3906565,494.371047,599.4635935,495.0313125,-113.533234,"[-142.46340650000002, -83.37171900000001]",-19.424773235315477,"[-22.454647730828356, -14.503865726990156]",12,3,36,10000
gpu,vollkorn,2,grid_unique_variations,sweep,32,3008,submit_us,master,updated45,704.0696405,576.2206874999999,694.004625,577.1920785,-118.85475000000002,"[-167.52535899999998, -83.00460950000002]",-17.60647068111834,"[-22.58893403771929, -12.424795552151874]",12,3,36,10000
gpu,vollkorn,2,grid_unique_variations,sweep,32,3008,complete_us,master,updated45,1542.544203,1235.169281,1666.3802345,1317.5358434999998,-158.00267199999996,"[-320.6777035, -77.34698500000002]",-10.571160928053462,"[-17.63770277401752, -4.901734130240076]",12,3,36,10000
gpu,vollkorn,2,grid_unique_variations,sweep,32,3008,draw_us,master,final,610.3906565,495.97723399999995,599.4635935,506.703016,-98.94778149999996,"[-119.58982799999995, -51.42970299999996]",-16.913414799390203,"[-21.121769451172774, -9.339056345339568]",12,3,36,10000
gpu,vollkorn,2,grid_unique_variations,sweep,32,3008,submit_us,master,final,704.0696405,586.9713750000001,694.004625,596.1861875,-106.844922,"[-132.69849999999997, -36.919328500000006]",-15.761361232489861,"[-19.211483482022302, -6.085437219004247]",12,3,36,10000
gpu,vollkorn,2,grid_unique_variations,sweep,32,3008,complete_us,master,final,1542.544203,1237.8411405,1666.3802345,1212.6354059999999,-203.81201549999992,"[-467.07742149999996, -95.5783285]",-12.332804560513027,"[-27.170111643972312, -7.898245864052445]",12,3,36,10000
gpu,vollkorn,2,grid_unique_variations,sweep,32,3008,draw_us,prior,updated45,466.598297,494.371047,466.05659349999996,495.0313125,4.52537449999997,"[-7.803484000000026, 26.671859000000012]",0.9289963237525067,"[-1.6324844375297742, 5.530377425775468]",12,3,36,10000
gpu,vollkorn,2,grid_unique_variations,sweep,32,3008,submit_us,prior,updated45,546.3548435,576.2206874999999,546.029937,577.1920785,3.7818439999999782,"[-9.637375500000019, 30.847561999999982]",0.6239083876276807,"[-1.6673811685716855, 5.469035685591927]",12,3,36,10000
gpu,vollkorn,2,grid_unique_variations,sweep,32,3008,complete_us,prior,updated45,1200.2428125000001,1235.169281,1209.0116874999999,1317.5358434999998,30.98893699999985,"[-98.67309399999999, 169.33667150000008]",2.058898770134132,"[-8.260764517205459, 13.759948429298019]",12,3,36,10000
gpu,vollkorn,2,grid_unique_variations,sweep,32,3008,draw_us,prior,final,466.598297,495.97723399999995,466.05659349999996,506.703016,8.046156499999967,"[-3.3900469999999814, 63.44065649999999]",1.697576940986112,"[-0.7962442050278129, 14.017708501976823]",12,3,36,10000
gpu,vollkorn,2,grid_unique_variations,sweep,32,3008,submit_us,prior,final,546.3548435,586.9713750000001,546.029937,596.1861875,14.218718999999965,"[-4.481765999999993, 87.43026599999996]",2.515488155002954,"[-0.8572617610858646, 16.518890638794513]",12,3,36,10000
gpu,vollkorn,2,grid_unique_variations,sweep,32,3008,complete_us,prior,final,1200.2428125000001,1237.8411405,1209.0116874999999,1212.6354059999999,-13.4700785,"[-262.01112549999993, 272.4557655000001]",-0.5453000814373887,"[-19.16941023508845, 25.04455369823514]",12,3,36,10000
gpu,vollkorn,2,grid_unique_variations,sweep,32,3008,draw_us,updated45,final,494.371047,495.97723399999995,495.0313125,506.703016,4.684891000000022,"[-1.2303904999999702, 52.83326550000001]",1.0052965986166118,"[-0.27716938108757194, 10.714033253109212]",12,3,36,10000
gpu,vollkorn,2,grid_unique_variations,sweep,32,3008,submit_us,updated45,final,576.2206874999999,586.9713750000001,577.1920785,596.1861875,12.173093499999993,"[-1.0032809999999586, 67.986422]",2.1079861046445214,"[-0.19609370590193964, 12.597893570448104]",12,3,36,10000
gpu,vollkorn,2,grid_unique_variations,sweep,32,3008,complete_us,updated45,final,1235.169281,1237.8411405,1317.5358434999998,1212.6354059999999,-42.30662499999994,"[-123.543094, 1.1860474999999724]",-2.9827630391957847,"[-9.13421448943898, 0.12531010545837606]",12,3,36,10000
gpu,vollkorn,2,text,first_paint,1,1278,draw_us,master,prior,33032.354,25669.479,33229.771,25430.0625,-7151.979000000001,"[-7698.875000000002, -6778.209000000001]",-21.796896677898488,"[-22.959684782047468, -21.329793972216926]",12,3,36,10000
gpu,vollkorn,2,text,first_paint,1,1278,submit_us,master,prior,40755.1665,33184.7085,40712.75,32850.271,-7158.771000000001,"[-8711.520499999999, -6788.2505]",-18.14325595569666,"[-20.701720060484657, -17.280442392337385]",12,3,36,10000
gpu,vollkorn,2,text,first_paint,1,1278,complete_us,master,prior,51049.75,44415.2085,51094.6665,44415.2085,-7049.582999999999,"[-9773.75, -5592.645499999999]",-13.682479218703651,"[-18.95891767245212, -11.061196992969503]",12,3,36,10000
gpu,vollkorn,2,text,first_paint,1,1278,draw_us,master,updated45,33032.354,25522.2295,33229.771,25493.7085,-7685.041499999999,"[-8134.624499999998, -6977.6455000000005]",-23.12500008340827,"[-24.05318768254583, -21.96622975149909]",12,3,36,10000
gpu,vollkorn,2,text,first_paint,1,1278,submit_us,master,updated45,40755.1665,32783.1045,40712.75,32913.271,-7436.249499999998,"[-8761.228499999997, -7121.624]",-18.922592652909948,"[-20.95410885542949, -17.484020565213157]",12,3,36,10000
gpu,vollkorn,2,text,first_paint,1,1278,complete_us,master,updated45,51049.75,44213.75,51094.6665,44230.396,-6603.457999999999,"[-8771.124499999998, -6062.728999999999]",-13.338232657373656,"[-16.649362324122524, -11.9130175076818]",12,3,36,10000
gpu,vollkorn,2,text,first_paint,1,1278,draw_us,master,final,33032.354,25678.1665,33229.771,25619.125,-7186.542500000001,"[-7745.458499999999, -6961.7919999999995]",-22.397344909878214,"[-23.125270898243688, -21.865587284453063]",12,3,36,10000
gpu,vollkorn,2,text,first_paint,1,1278,submit_us,master,final,40755.1665,33381.0835,40712.75,33381.0835,-7038.270999999999,"[-8312.688, -6536.042000000001]",-18.119967157432534,"[-20.172163059130554, -15.949184086525271]",12,3,36,10000
gpu,vollkorn,2,text,first_paint,1,1278,complete_us,master,final,51049.75,44021.063,51094.6665,44220.521,-6677.061999999998,"[-7927.479500000001, -6060.271000000001]",-13.294027464042735,"[-15.376751783465686, -11.787109585197802]",12,3,36,10000
gpu,vollkorn,2,text,first_paint,1,1278,draw_us,prior,updated45,25669.479,25522.2295,25430.0625,25493.7085,-159.79100000000108,"[-471.85399999999754, 36.70850000000064]",-0.6541023189086392,"[-1.800508138601531, 0.143103352221019]",12,3,36,10000
gpu,vollkorn,2,text,first_paint,1,1278,submit_us,prior,updated45,33184.7085,32783.1045,32850.271,32913.271,-364.79049999999734,"[-493.10299999999916, 389.1255000000001]",-1.0902511937088466,"[-1.5227728584463418, 1.1918675417484148]",12,3,36,10000
gpu,vollkorn,2,text,first_paint,1,1278,complete_us,prior,updated45,44415.2085,44213.75,44415.2085,44230.396,-115.20799999999872,"[-1346.4375, 2497.3960000000006]",-0.2570351465075782,"[-3.027598509782897, 6.308085993783619]",12,3,36,10000
gpu,vollkorn,2,text,first_paint,1,1278,draw_us,prior,final,25669.479,25678.1665,25430.0625,25619.125,-255.47949999999946,"[-450.8334999999988, 267.4579999999987]",-1.0013071243330784,"[-1.7360135679459765, 1.052165082951495]",12,3,36,10000
gpu,vollkorn,2,text,first_paint,1,1278,submit_us,prior,final,33184.7085,33381.0835,32850.271,33381.0835,-14.27100000000064,"[-169.9579999999969, 677.4579999999987]",-0.04088780741331455,"[-0.5282879470102364, 2.059143318639911]",12,3,36,10000
gpu,vollkorn,2,text,first_paint,1,1278,complete_us,prior,final,44415.2085,44021.063,44415.2085,44220.521,-282.0,"[-1131.9795000000013, 1882.5835000000006]",-0.6622583473596899,"[-2.522774841952663, 4.369279147655158]",12,3,36,10000
gpu,vollkorn,2,text,first_paint,1,1278,draw_us,updated45,final,25522.2295,25678.1665,25493.7085,25619.125,62.25,"[-234.60450000000128, 746.9369999999981]",0.2531190935238903,"[-0.9100463828271621, 2.9540103765364867]",12,3,36,10000
gpu,vollkorn,2,text,first_paint,1,1278,submit_us,updated45,final,32783.1045,33381.0835,32913.271,33381.0835,312.8744999999999,"[-270.6880000000001, 1700.75]",0.9785650839010063,"[-0.8225393742111675, 5.187291985904919]",12,3,36,10000
gpu,vollkorn,2,text,first_paint,1,1278,complete_us,updated45,final,44213.75,44021.063,44230.396,44220.521,29.12550000000192,"[-293.7079999999987, 1897.1039999999994]",0.07433730959445772,"[-0.6738907433000596, 4.352525831693033]",12,3,36,10000
gpu,vollkorn,2,text,reflow,3,0,draw_us,master,prior,3008.882,2945.305833,3030.514,2932.8821665,-5.124999999999773,"[-28.090332999999873, 23.05533349999996]",-0.1782470720545437,"[-0.9289237198147005, 0.7838309771446617]",12,3,36,10000
gpu,vollkorn,2,text,reflow,3,0,submit_us,master,prior,3225.5556665,3147.2780000000002,3253.2638335,3137.507,-9.083500500000127,"[-56.52800050000019, 53.14599999999973]",-0.2961350680802277,"[-1.75715940860513, 1.6461668335507107]",12,3,36,10000
gpu,vollkorn,2,text,reflow,3,0,complete_us,master,prior,3784.9791665000002,3680.673833,3777.666667,3664.486333,4.09699999999998,"[-154.13133300000004, 143.9863335]",0.1096962692139214,"[-4.088651945905797, 4.211943076548829]",12,3,36,10000
gpu,vollkorn,2,text,reflow,3,0,draw_us,master,updated45,3008.882,2956.479167,3030.514,2958.8958334999998,-19.958500000000186,"[-61.56966649999981, 16.284834000000046]",-0.6591796770261837,"[-2.0096621227379208, 0.5815343886417246]",12,3,36,10000
gpu,vollkorn,2,text,reflow,3,0,submit_us,master,updated45,3225.5556665,3148.8959999999997,3253.2638335,3148.0693335,-44.79866700000002,"[-81.38933350000025, 9.5]",-1.417018366402295,"[-2.470481331696578, 0.28966425386087735]",12,3,36,10000
gpu,vollkorn,2,text,reflow,3,0,complete_us,master,updated45,3784.9791665000002,3711.0695,3777.666667,3711.0695,-19.527833500000042,"[-132.31266700000015, 32.94466699999998]",-0.5168946150056475,"[-3.2723167503744044, 0.9423112806707268]",12,3,36,10000
gpu,vollkorn,2,text,reflow,3,0,draw_us,master,final,3008.882,3038.2983335,3030.514,3057.4725,17.312500499999942,"[-33.604333, 101.3610000000001]",0.6241497912660376,"[-1.0973806088444116, 3.341302465556606]",12,3,36,10000
gpu,vollkorn,2,text,reflow,3,0,submit_us,master,final,3225.5556665,3273.208333,3253.2638335,3291.5831665,25.902667000000065,"[-43.680500000000166, 120.5764999999999]",0.8796629848664805,"[-1.3375259354308444, 3.707884043304188]",12,3,36,10000
gpu,vollkorn,2,text,reflow,3,0,complete_us,master,final,3784.9791665000002,3797.6041665000002,3777.666667,3811.2081665,55.208667000000105,"[-47.93033300000002, 96.09049999999979]",1.5324381414024257,"[-1.2507002702672576, 2.6388299268547355]",12,3,36,10000
gpu,vollkorn,2,text,reflow,3,0,draw_us,prior,updated45,2945.305833,2956.479167,2932.8821665,2958.8958334999998,-35.18750050000017,"[-77.3471669999999, 51.52783350000004]",-1.213004150948921,"[-2.5966187407518158, 1.756074930489837]",12,3,36,10000
gpu,vollkorn,2,text,reflow,3,0,submit_us,prior,updated45,3147.2780000000002,3148.8959999999997,3137.507,3148.0693335,-33.339999499999976,"[-120.74316649999992, 63.201500000000124]",-1.0527946728176585,"[-3.773630144738016, 2.0235599128078707]",12,3,36,10000
gpu,vollkorn,2,text,reflow,3,0,complete_us,prior,updated45,3680.673833,3711.0695,3664.486333,3711.0695,6.402667000000065,"[-135.13883350000015, 118.41650000000004]",0.1814982590886527,"[-3.427979526963049, 3.475783328672233]",12,3,36,10000
gpu,vollkorn,2,text,reflow,3,0,draw_us,prior,final,2945.305833,3038.2983335,2932.8821665,3057.4725,15.048500000000104,"[-67.2639999999999, 132.3125]",0.5249067926463291,"[-2.353875734883226, 4.434307047805275]",12,3,36,10000
gpu,vollkorn,2,text,reflow,3,0,submit_us,prior,final,3147.2780000000002,3273.208333,3137.507,3291.5831665,14.666667000000189,"[-83.22949999999992, 160.94433350000008]",0.5101870408128373,"[-2.6922904913048384, 5.025072779630779]",12,3,36,10000
gpu,vollkorn,2,text,reflow,3,0,complete_us,prior,final,3680.673833,3797.6041665000002,3664.486333,3811.2081665,1.034832999999935,"[-59.47250000000008, 218.2151670000003]",0.04159170989627703,"[-1.6917142619544412, 6.270776884921814]",12,3,36,10000
gpu,vollkorn,2,text,reflow,3,0,draw_us,updated45,final,2956.479167,3038.2983335,2958.8958334999998,3057.4725,76.21533350000004,"[-26.194166499999938, 116.95150000000012]",2.515669118560604,"[-0.9362673884775574, 3.761909828000898]",12,3,36,10000
gpu,vollkorn,2,text,reflow,3,0,submit_us,updated45,final,3148.8959999999997,3273.208333,3148.0693335,3291.5831665,100.74283349999996,"[-22.194333500000084, 177.9651664999999]",3.1112759902062193,"[-0.7437748769906827, 5.369947860289548]",12,3,36,10000
gpu,vollkorn,2,text,reflow,3,0,complete_us,updated45,final,3711.0695,3797.6041665000002,3711.0695,3811.2081665,48.729333500000166,"[-6.576167000000169, 169.74283300000002]",1.2670137440571771,"[-0.19845405435592878, 4.402460544481446]",12,3,36,10000
gpu,vollkorn,2,text,size_advance,12,"{""final"": 5323, ""master"": 5319, ""prior"": 5319, ""updated45"": 5319}",draw_us,master,prior,13711.4288335,9483.706624999999,13674.953207999999,9463.4218335,-4016.2274995,"[-4173.1858335, -3786.1962505]",-29.733587581554165,"[-30.765161667695963, -28.96405621405382]",12,3,36,10000
gpu,vollkorn,2,text,size_advance,12,"{""final"": 5323, ""master"": 5319, ""prior"": 5319, ""updated45"": 5319}",submit_us,master,prior,13969.133708500001,9694.18225,13917.746500000001,9670.3350835,-4021.736041,"[-4191.362791999999, -3795.977333]",-29.31679177505459,"[-30.398910101347443, -28.47535549913004]",12,3,36,10000
gpu,vollkorn,2,text,size_advance,12,"{""final"": 5323, ""master"": 5319, ""prior"": 5319, ""updated45"": 5319}",complete_us,master,prior,18079.6718335,13641.1997915,18199.2637915,13524.257,-4446.977375,"[-4865.7551665, -4017.913166999999]",-24.746560390153377,"[-26.75799347601476, -22.81749344279212]",12,3,36,10000
gpu,vollkorn,2,text,size_advance,12,"{""final"": 5323, ""master"": 5319, ""prior"": 5319, ""updated45"": 5319}",draw_us,master,updated45,13711.4288335,9431.2223335,13674.953207999999,9454.35075,-4129.9895835,"[-4254.0209165, -3974.9965]",-30.038054207017794,"[-31.357788918849813, -29.848184090992834]",12,3,36,10000
gpu,vollkorn,2,text,size_advance,12,"{""final"": 5323, ""master"": 5319, ""prior"": 5319, ""updated45"": 5319}",submit_us,master,updated45,13969.133708500001,9639.3524585,13917.746500000001,9658.7760835,-4150.4184585,"[-4284.979083499999, -3985.7950834999992]",-29.62880236314416,"[-31.06720473432882, -29.39573741739713]",12,3,36,10000
gpu,vollkorn,2,text,size_advance,12,"{""final"": 5323, ""master"": 5319, ""prior"": 5319, ""updated45"": 5319}",complete_us,master,updated45,18079.6718335,13642.0174585,18199.2637915,13592.599083500001,-4502.8317085,"[-4652.692583000001, -4156.027708500001]",-24.799863352700648,"[-26.40591046257903, -22.930361321788784]",12,3,36,10000
gpu,vollkorn,2,text,size_advance,12,"{""final"": 5323, ""master"": 5319, ""prior"": 5319, ""updated45"": 5319}",draw_us,master,final,13711.4288335,9705.3002915,13674.953207999999,9785.039874999999,-3909.6145830000005,"[-4124.8578335, -3670.7571245]",-29.63177134638672,"[-30.475836931937657, -26.850932284805566]",12,3,36,10000
gpu,vollkorn,2,text,size_advance,12,"{""final"": 5323, ""master"": 5319, ""prior"": 5319, ""updated45"": 5319}",submit_us,master,final,13969.133708500001,9961.8662085,13917.746500000001,10036.234375,-3914.217041499999,"[-4126.3246245, -3632.5695830000004]",-29.130168431388036,"[-30.021610353502666, -26.112231325361577]",12,3,36,10000
gpu,vollkorn,2,text,size_advance,12,"{""final"": 5323, ""master"": 5319, ""prior"": 5319, ""updated45"": 5319}",complete_us,master,final,18079.6718335,13721.493041500002,18199.2637915,13971.2447085,-4367.1771245,"[-4492.897708500001, -3584.1785415000004]",-23.542902315616505,"[-25.29227751981588, -20.683718041022924]",12,3,36,10000
gpu,vollkorn,2,text,size_advance,12,"{""final"": 5323, ""master"": 5319, ""prior"": 5319, ""updated45"": 5319}",draw_us,prior,updated45,9483.706624999999,9431.2223335,9463.4218335,9454.35075,-58.53641650000009,"[-254.18745849999868, 43.196249999999964]",-0.6182019595195487,"[-2.6449552229385667, 0.4428889897032273]",12,3,36,10000
gpu,vollkorn,2,text,size_advance,12,"{""final"": 5323, ""master"": 5319, ""prior"": 5319, ""updated45"": 5319}",submit_us,prior,updated45,9694.18225,9639.3524585,9670.3350835,9658.7760835,-59.92358349999995,"[-276.96699999999873, 40.177041999999346]",-0.61939732368953,"[-2.8121826103840286, 0.3992761418516788]",12,3,36,10000
gpu,vollkorn,2,text,size_advance,12,"{""final"": 5323, ""master"": 5319, ""prior"": 5319, ""updated45"": 5319}",complete_us,prior,updated45,13641.1997915,13642.0174585,13524.257,13592.599083500001,-157.15270799999962,"[-223.13191649999953, 281.92862499999956]",-1.1425434055452433,"[-1.6617223338205422, 2.0218733493975516]",12,3,36,10000
gpu,vollkorn,2,text,size_advance,12,"{""final"": 5323, ""master"": 5319, ""prior"": 5319, ""updated45"": 5319}",draw_us,prior,final,9483.706624999999,9705.3002915,9463.4218335,9785.039874999999,-10.355749500000456,"[-123.07633350000015, 325.01895799999966]",-0.12117863219918701,"[-1.2436001244877593, 3.4370636342407224]",12,3,36,10000
gpu,vollkorn,2,text,size_advance,12,"{""final"": 5323, ""master"": 5319, ""prior"": 5319, ""updated45"": 5319}",submit_us,prior,final,9694.18225,9961.8662085,9670.3350835,10036.234375,-11.02099999999973,"[-127.39754150000044, 371.3835415000003]",-0.12251251231580329,"[-1.2537746353532886, 3.844792020369092]",12,3,36,10000
gpu,vollkorn,2,text,size_advance,12,"{""final"": 5323, ""master"": 5319, ""prior"": 5319, ""updated45"": 5319}",complete_us,prior,final,13641.1997915,13721.493041500002,13524.257,13971.2447085,173.12154199999986,"[-175.1180829999994, 419.5538749999996]",1.2934679236349722,"[-1.2165615552745868, 3.119035194236297]",12,3,36,10000
gpu,vollkorn,2,text,size_advance,12,"{""final"": 5323, ""master"": 5319, ""prior"": 5319, ""updated45"": 5319}",draw_us,updated45,final,9431.2223335,9705.3002915,9454.35075,9785.039874999999,126.12670799999887,"[20.979083499999433, 549.8453335000004]",1.321345661568707,"[0.21783874678923398, 5.81082982848764]",12,3,36,10000
gpu,vollkorn,2,text,size_advance,12,"{""final"": 5323, ""master"": 5319, ""prior"": 5319, ""updated45"": 5319}",submit_us,updated45,final,9639.3524585,9961.8662085,9658.7760835,10036.234375,159.7066665000002,"[22.395916500000567, 615.5535419999997]",1.6707843480923246,"[0.23013154963082427, 6.357462475465804]",12,3,36,10000
gpu,vollkorn,2,text,size_advance,12,"{""final"": 5323, ""master"": 5319, ""prior"": 5319, ""updated45"": 5319}",complete_us,updated45,final,13642.0174585,13721.493041500002,13592.599083500001,13971.2447085,213.8610000000008,"[65.51037449999967, 691.5189584999989]",1.6298895102203725,"[0.48876415917125104, 5.127593925864016]",12,3,36,10000
gpu,vollkorn,2,text,size_return,12,0,draw_us,master,prior,303.96187499999996,281.50687500000004,308.34554149999997,281.50687500000004,-0.017250000000018417,"[-7.878457999999995, 7.3939584999999965]",-0.005652624980340137,"[-2.4514763650787974, 2.7600620799100306]",12,3,36,10000
gpu,vollkorn,2,text,size_return,12,0,submit_us,master,prior,500.861125,460.3629585,511.283042,457.5174585,-3.607583500000004,"[-23.515625500000027, 9.055541500000004]",-0.7424648846695692,"[-4.652566101878758, 1.921012572854941]",12,3,36,10000
gpu,vollkorn,2,text,size_return,12,0,complete_us,master,prior,948.9303749999999,918.788125,936.7203334999999,913.4287085000001,-17.666541999999936,"[-79.87820849999997, 74.628375]",-1.8340972802151134,"[-8.807141765273819, 8.39756134193368]",12,3,36,10000
gpu,vollkorn,2,text,size_return,12,0,draw_us,master,updated45,303.96187499999996,289.24475,308.34554149999997,288.6197085,0.5191245000000038,"[-17.96875000000003, 7.7674170000000515]",0.16936618422539462,"[-5.822961881582889, 2.5994439775862244]",12,3,36,10000
gpu,vollkorn,2,text,size_return,12,0,submit_us,master,updated45,500.861125,470.9340835,511.283042,469.8385,-9.588708499999996,"[-38.486208499999975, 4.8907500000000255]",-1.7764485925942264,"[-7.489229382125579, 0.9517125379454761]",12,3,36,10000
gpu,vollkorn,2,text,size_return,12,0,complete_us,master,updated45,948.9303749999999,887.923542,936.7203334999999,936.4410829999999,-3.7864580000000956,"[-73.46337499999998, 103.07470799999999]",-0.39527300807348786,"[-8.136285768170087, 11.083130154062893]",12,3,36,10000
gpu,vollkorn,2,text,size_return,12,0,draw_us,master,final,303.96187499999996,315.40108299999997,308.34554149999997,320.4513335,12.947791500000022,"[-3.725625000000008, 21.53129149999998]",4.4219634783770445,"[-1.1982543604642626, 6.8772273241317405]",12,3,36,10000
gpu,vollkorn,2,text,size_return,12,0,submit_us,master,final,500.861125,509.88716650000003,511.283042,529.934,16.30200000000002,"[-13.315916999999985, 37.07649950000001]",3.3380471593907224,"[-2.9502824716434004, 7.099504294298853]",12,3,36,10000
gpu,vollkorn,2,text,size_return,12,0,complete_us,master,final,948.9303749999999,927.112875,936.7203334999999,940.503625,60.870166499999925,"[-89.84191699999997, 119.539875]",6.575426639316673,"[-9.569483335109602, 12.788252916962284]",12,3,36,10000
gpu,vollkorn,2,text,size_return,12,0,draw_us,prior,updated45,281.50687500000004,289.24475,281.50687500000004,288.6197085,1.5920830000000024,"[-10.319542000000013, 8.354250500000035]",0.561430915339256,"[-3.479602585454511, 2.84877402458652]",12,3,36,10000
gpu,vollkorn,2,text,size_return,12,0,submit_us,prior,updated45,460.3629585,470.9340835,457.5174585,469.8385,1.1026250000000175,"[-21.344000499999936, 5.314041500000002]",0.24575038187475418,"[-4.220666352278118, 1.1673246097928747]",12,3,36,10000
gpu,vollkorn,2,text,size_return,12,0,complete_us,prior,updated45,918.788125,887.923542,913.4287085000001,936.4410829999999,19.71716699999996,"[-79.82125000000002, 61.944624999999974]",2.445977457517634,"[-9.08679336696872, 7.3933805966426185]",12,3,36,10000
gpu,vollkorn,2,text,size_return,12,0,draw_us,prior,final,281.50687500000004,315.40108299999997,281.50687500000004,320.4513335,4.970208499999984,"[-2.079666500000002, 30.524416499999973]",1.813086994975055,"[-0.759641865486993, 10.225525995179074]",12,3,36,10000
gpu,vollkorn,2,text,size_return,12,0,submit_us,prior,final,460.3629585,509.88716650000003,457.5174585,529.934,1.6440000000000055,"[-2.9877080000000262, 58.168458000000015]",0.34773489503577837,"[-0.701415987852938, 11.898551296389947]",12,3,36,10000
gpu,vollkorn,2,text,size_return,12,0,complete_us,prior,final,918.788125,927.112875,913.4287085000001,940.503625,66.1545415,"[-17.289667000000122, 109.47741699999995]",7.184224741056244,"[-1.4860622738910034, 12.12590658531778]",12,3,36,10000
gpu,vollkorn,2,text,size_return,12,0,draw_us,updated45,final,289.24475,315.40108299999997,288.6197085,320.4513335,17.31937549999998,"[2.8784995000000038, 34.623208500000004]",6.11517232383213,"[0.8796233157384981, 11.917845652542848]",12,3,36,10000
gpu,vollkorn,2,text,size_return,12,0,submit_us,updated45,final,470.9340835,509.88716650000003,469.8385,529.934,27.20833349999998,"[7.44758299999998, 65.28479149999998]",5.615120585499145,"[1.728528699214471, 13.763238489862083]",12,3,36,10000
gpu,vollkorn,2,text,size_return,12,0,complete_us,updated45,final,887.923542,927.112875,936.4410829999999,940.503625,46.81958300000002,"[6.392208500000038, 89.55704149999997]",5.146604214846784,"[0.6379586501027379, 9.524681796292022]",12,3,36,10000
gpu,vollkorn,2,text,warm,30,0,draw_us,master,prior,265.57845,254.147833,266.2513835,252.3867665,4.143850500000042,"[-10.18968350000003, 7.641616499999998]",1.5200997804818983,"[-3.8572061714565233, 3.0658951828410164]",12,3,36,10000
gpu,vollkorn,2,text,warm,30,0,submit_us,master,prior,409.36105,386.19718350000005,411.0958665,386.10905,1.736133499999994,"[-17.48274950000001, 7.664649999999966]",0.4093282747448912,"[-4.382015873545869, 2.036123253175104]",12,3,36,10000
gpu,vollkorn,2,text,warm,30,0,complete_us,master,prior,711.199983,679.44935,720.9083165,667.2944835,0.4085165000000188,"[-93.64158300000003, 47.363216499999965]",0.06575704395200277,"[-12.000001917570296, 6.52944702943824]",12,3,36,10000
gpu,vollkorn,2,text,warm,30,0,draw_us,master,updated45,265.57845,258.692317,266.2513835,261.41605,1.316733499999998,"[-5.622199999999992, 4.161050000000017]",0.4827985747039687,"[-2.071437946973753, 1.6603395304762403]",12,3,36,10000
gpu,vollkorn,2,text,warm,30,0,submit_us,master,updated45,409.36105,391.83126649999997,411.0958665,396.044483,-11.987516499999998,"[-23.507567000000023, 1.153516499999995]",-3.003529264778976,"[-5.376939200076037, 0.26766198609431413]",12,3,36,10000
gpu,vollkorn,2,text,warm,30,0,complete_us,master,updated45,711.199983,688.4026835,720.9083165,658.8014665000001,-13.933249999999987,"[-34.38319999999999, -1.9813335000000052]",-2.1117633178087902,"[-4.460818314929943, -0.3087836005014388]",12,3,36,10000
gpu,vollkorn,2,text,warm,30,0,draw_us,master,final,265.57845,275.055583,266.2513835,275.39241649999997,8.989449500000006,"[2.8556335000000104, 18.621516499999956]",3.551825572954892,"[1.127806666222686, 7.098942770919869]",12,3,36,10000
gpu,vollkorn,2,text,warm,30,0,submit_us,master,final,409.36105,416.3514,411.0958665,415.584017,8.168717000000015,"[-6.144550000000038, 32.818716499999994]",2.0565860114323598,"[-1.536591117571512, 8.178245058312116]",12,3,36,10000
gpu,vollkorn,2,text,warm,30,0,complete_us,master,final,711.199983,742.0299335,720.9083165,708.2549335,15.60979999999995,"[-6.938850500000001, 41.96946700000001]",2.367773377840887,"[-1.110873630486453, 6.03611084250023]",12,3,36,10000
gpu,vollkorn,2,text,warm,30,0,draw_us,prior,updated45,254.147833,258.692317,252.3867665,261.41605,-1.5389334999999988,"[-8.577133000000032, 2.4035834999999963]",-0.5930722911114517,"[-3.1121612348399443, 0.9435339530677433]",12,3,36,10000
gpu,vollkorn,2,text,warm,30,0,submit_us,prior,updated45,386.19718350000005,391.83126649999997,386.10905,396.044483,-4.055417000000006,"[-21.194467000000003, 2.2299334999999587]",-1.0475688455526377,"[-4.974156747756791, 0.5695162334453607]",12,3,36,10000
gpu,vollkorn,2,text,warm,30,0,complete_us,prior,updated45,679.44935,688.4026835,667.2944835,658.8014665000001,-12.629849999999976,"[-61.00001649999996, 55.597283000000004]",-1.6462061198388167,"[-8.233362076142619, 8.720699972863077]",12,3,36,10000
gpu,vollkorn,2,text,warm,30,0,draw_us,prior,final,254.147833,275.055583,252.3867665,275.39241649999997,2.3201165000000117,"[-2.9279835000000105, 23.97441649999999]",0.8806964798588779,"[-1.058370870720704, 9.544669507882297]",12,3,36,10000
gpu,vollkorn,2,text,warm,30,0,submit_us,prior,final,386.19718350000005,416.3514,386.10905,415.584017,5.094466499999953,"[-14.514782999999994, 38.2098]",1.3836718415295546,"[-3.3984925122787004, 10.010028824699313]",12,3,36,10000
gpu,vollkorn,2,text,warm,30,0,complete_us,prior,final,679.44935,742.0299335,667.2944835,708.2549335,8.306149999999946,"[-36.77211649999998, 69.54505000000006]",1.220046643698658,"[-5.044010463981191, 10.547916751410146]",12,3,36,10000
gpu,vollkorn,2,text,warm,30,0,draw_us,updated45,final,258.692317,275.055583,261.41605,275.39241649999997,7.650749500000018,"[3.0638000000000005, 19.41164999999998]",2.8377363476557727,"[1.2635866067206236, 7.377672960991322]",12,3,36,10000
gpu,vollkorn,2,text,warm,30,0,submit_us,updated45,final,391.83126649999997,416.3514,396.044483,415.584017,12.770800499999979,"[6.6387499999999875, 46.62081700000002]",3.176314489089893,"[1.82963862515374, 11.65638953748659]",12,3,36,10000
gpu,vollkorn,2,text,warm,30,0,complete_us,updated45,final,688.4026835,742.0299335,658.8014665000001,708.2549335,34.43949999999995,"[12.586783500000024, 49.5855335]",4.549601658786296,"[1.7212472453493555, 7.526310727893637]",12,3,36,10000
gpu,vollkorn,2,text,x_advance,10,654,draw_us,master,prior,993.2916,613.3062500000001,997.00205,613.4418000000001,-340.63315,"[-392.7377, -280.47505]",-35.70476320226565,"[-38.74338235494396, -31.639311676826477]",12,3,36,10000
gpu,vollkorn,2,text,x_advance,10,654,submit_us,master,prior,1210.79585,805.1499,1221.25635,802.2209,-351.68314999999996,"[-430.66055000000006, -272.70619999999997]",-30.33052254234802,"[-34.603507751545635, -25.801961793879215]",12,3,36,10000
gpu,vollkorn,2,text,x_advance,10,654,complete_us,master,prior,2035.0355,1499.7415999999998,2043.3894500000001,1482.3312,-481.93335,"[-682.68115, -230.80409999999995]",-24.264454574589784,"[-32.28513997910214, -11.646080616025294]",12,3,36,10000
gpu,vollkorn,2,text,x_advance,10,654,draw_us,master,updated45,993.2916,615.777,997.00205,623.03115,-361.26460000000003,"[-393.3146000000001, -322.8021]",-35.869469368287895,"[-37.86648726220861, -34.57469213615616]",12,3,36,10000
gpu,vollkorn,2,text,x_advance,10,654,submit_us,master,updated45,1210.79585,814.2187,1221.25635,813.9416,-372.68115,"[-425.33125, -327.44165]",-30.810019286217994,"[-33.54134568326474, -29.393443792623447]",12,3,36,10000
gpu,vollkorn,2,text,x_advance,10,654,complete_us,master,updated45,2035.0355,1559.6563,2043.3894500000001,1559.6563,-411.13110000000006,"[-536.16015, -332.24775]",-20.62812098134245,"[-25.304616584785308, -17.710194069208246]",12,3,36,10000
gpu,vollkorn,2,text,x_advance,10,654,draw_us,master,final,993.2916,659.38125,997.00205,662.2979,-322.5146000000001,"[-371.49165000000005, -293.41454999999996]",-33.721181364556884,"[-36.51997219719913, -30.642050447397608]",12,3,36,10000
gpu,vollkorn,2,text,x_advance,10,654,submit_us,master,final,1210.79585,862.96655,1221.25635,866.98545,-316.06030000000004,"[-389.9835, -277.5811]",-26.819707304421787,"[-31.789412888053818, -24.418668894393917]",12,3,36,10000
gpu,vollkorn,2,text,x_advance,10,654,complete_us,master,final,2035.0355,1659.2167,2043.3894500000001,1577.22725,-372.5271500000001,"[-465.3393, -261.0751]",-19.96346878427585,"[-21.627747745506575, -14.895779646367346]",12,3,36,10000
gpu,vollkorn,2,text,x_advance,10,654,draw_us,prior,updated45,613.3062500000001,615.777,613.4418000000001,623.03115,-8.000350000000026,"[-27.293650000000014, 8.24395000000004]",-1.3520083156112805,"[-4.2917166742997175, 1.3270362319264595]",12,3,36,10000
gpu,vollkorn,2,text,x_advance,10,654,submit_us,prior,updated45,805.1499,814.2187,802.2209,813.9416,-8.150049999999965,"[-39.683400000000006, 14.522849999999949]",-1.0511892512560295,"[-4.786700389597464, 1.66453289823002]",12,3,36,10000
gpu,vollkorn,2,text,x_advance,10,654,complete_us,prior,updated45,1499.7415999999998,1559.6563,1482.3312,1559.6563,62.03125,"[-110.9437999999999, 229.02094999999997]",4.477402151083609,"[-6.864364393850065, 17.611015080734717]",12,3,36,10000
gpu,vollkorn,2,text,x_advance,10,654,draw_us,prior,final,613.3062500000001,659.38125,613.4418000000001,662.2979,1.3002500000000055,"[-32.10840000000002, 70.37504999999999]",0.18845137962509861,"[-5.210315678841853, 11.645321973785006]",12,3,36,10000
gpu,vollkorn,2,text,x_advance,10,654,submit_us,prior,final,805.1499,862.96655,802.2209,866.98545,-0.03540000000003829,"[-37.32085000000001, 94.25620000000004]",-0.00422397403206376,"[-4.647926288634946, 11.862884427867082]",12,3,36,10000
gpu,vollkorn,2,text,x_advance,10,654,complete_us,prior,final,1499.7415999999998,1659.2167,1482.3312,1577.22725,44.241649999999936,"[-145.7292, 287.823]",2.8084228894790675,"[-8.94708188630196, 20.4793045988648]",12,3,36,10000
gpu,vollkorn,2,text,x_advance,10,654,draw_us,updated45,final,615.777,659.38125,623.03115,662.2979,3.143699999999967,"[-6.943700000000035, 61.097699999999975]",0.523264876112417,"[-1.1228980586967974, 9.221949262056818]",12,3,36,10000
gpu,vollkorn,2,text,x_advance,10,654,submit_us,updated45,final,814.2187,862.96655,813.9416,866.98545,11.923250000000053,"[-10.96040000000005, 98.61464999999998]",1.571413056342219,"[-1.3883383593071452, 11.312745384607958]",12,3,36,10000
gpu,vollkorn,2,text,x_advance,10,654,complete_us,updated45,final,1559.6563,1659.2167,1559.6563,1577.22725,8.129050000000007,"[-32.114599999999996, 103.38340000000005]",0.5778567687586111,"[-1.9234699030430125, 6.936141064856794]",12,3,36,10000
gpu,vollkorn,2,text,x_return,10,0,draw_us,master,prior,277.71254999999996,256.89165,276.70205,259.5585,3.7644499999999965,"[-11.7834, 10.912650000000014]",1.3826937634143999,"[-4.2911835079469665, 4.111993012239735]",12,3,36,10000
gpu,vollkorn,2,text,x_return,10,0,submit_us,master,prior,487.70005000000003,450.55625,487.90215,454.82105,3.1397500000000207,"[-29.804249999999996, 21.66670000000002]",0.7633080259553171,"[-6.125474463774433, 4.596606295511563]",12,3,36,10000
gpu,vollkorn,2,text,x_return,10,0,complete_us,master,prior,857.6312,803.1875,840.7520999999999,783.7896000000001,7.3563499999999635,"[-58.61250000000001, 56.71245000000005]",0.9269368871234696,"[-6.703079497855841, 6.376110241044919]",12,3,36,10000
gpu,vollkorn,2,text,x_return,10,0,draw_us,master,updated45,277.71254999999996,265.15205000000003,276.70205,270.2856,2.9916999999999803,"[-8.195799999999991, 9.06025000000001]",1.1127992822045685,"[-2.857058963802789, 3.4193635189996185]",12,3,36,10000
gpu,vollkorn,2,text,x_return,10,0,submit_us,master,updated45,487.70005000000003,463.47505,487.90215,471.94165,-0.573049999999995,"[-23.42919999999998, 11.718649999999997]",-0.10577521179528371,"[-4.465060514352653, 2.5333622454668303]",12,3,36,10000
gpu,vollkorn,2,text,x_return,10,0,complete_us,master,updated45,857.6312,775.0417,840.7520999999999,770.4312500000001,-26.67074999999994,"[-95.2439, 32.90625]",-3.1184857688719205,"[-10.019741227478502, 4.542274496716603]",12,3,36,10000
gpu,vollkorn,2,text,x_return,10,0,draw_us,master,final,277.71254999999996,282.1271,276.70205,282.4937,9.654250000000005,"[1.9397000000000162, 19.327050000000014]",3.957874296984698,"[0.814212547507237, 7.522250069703851]",12,3,36,10000
gpu,vollkorn,2,text,x_return,10,0,submit_us,master,final,487.70005000000003,486.4771,487.90215,493.16665,10.298100000000005,"[-3.5164500000000203, 34.20209999999997]",2.298730017580919,"[-0.6420242065712511, 7.218390256229957]",12,3,36,10000
gpu,vollkorn,2,text,x_return,10,0,complete_us,master,final,857.6312,852.0354500000001,840.7520999999999,862.7666,13.033300000000054,"[-24.97294999999997, 63.277150000000006]",1.5145482704215563,"[-2.848621118817496, 8.197116955388205]",12,3,36,10000
gpu,vollkorn,2,text,x_return,10,0,draw_us,prior,updated45,256.89165,265.15205000000003,259.5585,270.2856,-2.6938499999999976,"[-10.272800000000018, 4.231250000000003]",-1.0758970021396252,"[-3.5574069115610674, 1.6824698476519129]",12,3,36,10000
gpu,vollkorn,2,text,x_return,10,0,submit_us,prior,updated45,450.55625,463.47505,454.82105,471.94165,-4.366799999999984,"[-17.57295000000002, 3.951999999999998]",-0.9503116531254352,"[-3.6919354963811992, 0.8977274392424128]",12,3,36,10000
gpu,vollkorn,2,text,x_return,10,0,complete_us,prior,updated45,803.1875,775.0417,783.7896000000001,770.4312500000001,-33.400199999999984,"[-69.95429999999999, 31.735250000000065]",-4.30479448802411,"[-7.937386405037322, 4.0547031405310126]",12,3,36,10000
gpu,vollkorn,2,text,x_return,10,0,draw_us,prior,final,256.89165,282.1271,259.5585,282.4937,5.679150000000021,"[-10.624949999999984, 24.456050000000005]",2.101931103634902,"[-3.6335912788117097, 9.47568218314071]",12,3,36,10000
gpu,vollkorn,2,text,x_return,10,0,submit_us,prior,final,450.55625,486.4771,454.82105,493.16665,2.766799999999961,"[-22.6978, 46.118750000000006]",0.6676921317387119,"[-4.770099120636473, 10.279360179821474]",12,3,36,10000
gpu,vollkorn,2,text,x_return,10,0,complete_us,prior,final,803.1875,852.0354500000001,783.7896000000001,862.7666,-21.995900000000006,"[-26.560450000000003, 95.17505000000006]",-2.5688096759980015,"[-3.4481741599555473, 12.618169132604862]",12,3,36,10000
gpu,vollkorn,2,text,x_return,10,0,draw_us,updated45,final,265.15205000000003,282.1271,270.2856,282.4937,4.747799999999998,"[-2.3812500000000085, 17.760200000000026]",1.8782710741782949,"[-0.8927608083304062, 6.587728499618062]",12,3,36,10000
gpu,vollkorn,2,text,x_return,10,0,submit_us,updated45,final,463.47505,486.4771,471.94165,493.16665,3.24369999999999,"[-6.014650000000017, 35.97104999999999]",0.7433015914738439,"[-1.2647339841266036, 7.505943986055385]",12,3,36,10000
gpu,vollkorn,2,text,x_return,10,0,complete_us,updated45,final,775.0417,852.0354500000001,770.4312500000001,862.7666,29.22075000000001,"[-14.82510000000002, 92.04155000000003]",4.013741851057762,"[-1.6591151583099983, 11.867528345640933]",12,3,36,10000
gpu,vollkorn,2,text,y_advance,10,0,draw_us,master,prior,265.0375,251.64170000000001,264.32285,251.46460000000002,1.9187499999999886,"[-5.42710000000001, 6.462699999999984]",0.7541140889928966,"[-2.134338085160792, 2.481312797205115]",12,3,36,10000
gpu,vollkorn,2,text,y_advance,10,0,submit_us,master,prior,406.89784999999995,383.99580000000003,403.93545,384.69165,0.006349999999997635,"[-10.451999999999998, 12.38545000000002]",-0.0031921581895966167,"[-2.7341818694069433, 3.149637677272432]",12,3,36,10000
gpu,vollkorn,2,text,y_advance,10,0,complete_us,master,prior,774.675,728.6958500000001,759.3749,714.99795,-0.47910000000001673,"[-36.81659999999994, 29.110449999999958]",0.04936753796829785,"[-4.79543866573699, 4.165619704451284]",12,3,36,10000
gpu,vollkorn,2,text,y_advance,10,0,draw_us,master,updated45,265.0375,259.80835,264.32285,265.95619999999997,-1.2750500000000073,"[-6.431100000000015, 5.726950000000002]",-0.5189684533659311,"[-2.4684217983477086, 2.3061614278015674]",12,3,36,10000
gpu,vollkorn,2,text,y_advance,10,0,submit_us,master,updated45,406.89784999999995,395.50194999999997,403.93545,399.13745,-7.858099999999979,"[-18.074750000000023, 2.6499999999999773]",-2.0205550671240466,"[-4.411874261603039, 0.7046886996642021]",12,3,36,10000
gpu,vollkorn,2,text,y_advance,10,0,complete_us,master,updated45,774.675,703.0853999999999,759.3749,694.71465,-6.266399999999976,"[-60.13770000000005, 26.581199999999967]",-0.7875673896088231,"[-7.1112430108460964, 4.1280517505066]",12,3,36,10000
gpu,vollkorn,2,text,y_advance,10,0,draw_us,master,final,265.0375,274.7292,264.32285,277.54795,11.772950000000009,"[2.53755000000001, 23.92919999999998]",4.690538349428241,"[1.0291245752767852, 9.120969312921224]",12,3,36,10000
gpu,vollkorn,2,text,y_advance,10,0,submit_us,master,final,406.89784999999995,416.25005,403.93545,421.39375,17.010500000000008,"[-1.3122000000000185, 37.5]",4.388764085172225,"[-0.3558544114502682, 9.664976240521828]",12,3,36,10000
gpu,vollkorn,2,text,y_advance,10,0,complete_us,master,final,774.675,777.50845,759.3749,768.36455,36.89999999999998,"[-4.129300000000001, 73.15859999999998]",5.61870132544553,"[-0.5614805854659843, 9.446632527788612]",12,3,36,10000
gpu,vollkorn,2,text,y_advance,10,0,draw_us,prior,updated45,251.64170000000001,259.80835,251.46460000000002,265.95619999999997,1.1313499999999976,"[-7.958449999999999, 8.397850000000005]",0.44549467577088553,"[-2.959169420616903, 3.213850388117534]",12,3,36,10000
gpu,vollkorn,2,text,y_advance,10,0,submit_us,prior,updated45,383.99580000000003,395.50194999999997,384.69165,399.13745,-0.5956500000000062,"[-17.75, 9.658299999999969]",-0.16103965904651907,"[-4.2430142311228325, 2.325883193823408]",12,3,36,10000
gpu,vollkorn,2,text,y_advance,10,0,complete_us,prior,updated45,728.6958500000001,703.0853999999999,714.99795,694.71465,-6.214799999999968,"[-79.41240000000005, 76.51060000000001]",-0.8937071438350708,"[-10.946974982694957, 10.829538985019216]",12,3,36,10000
gpu,vollkorn,2,text,y_advance,10,0,draw_us,prior,final,251.64170000000001,274.7292,251.46460000000002,277.54795,4.204250000000002,"[-0.5791499999999843, 28.43129999999998]",1.577117031749431,"[-0.16851713729060802, 11.475666896586134]",12,3,36,10000
gpu,vollkorn,2,text,y_advance,10,0,submit_us,prior,final,383.99580000000003,416.25005,384.69165,421.39375,7.21459999999999,"[-6.6875499999999874, 42.42089999999999]",1.9580952175414668,"[-1.5685563975572303, 11.27582918080582]",12,3,36,10000
gpu,vollkorn,2,text,y_advance,10,0,complete_us,prior,final,728.6958500000001,777.50845,714.99795,768.36455,4.8851999999999975,"[-40.32515000000001, 88.61674999999997]",0.7042512461931438,"[-4.021990946373882, 11.882267687399306]",12,3,36,10000
gpu,vollkorn,2,text,y_advance,10,0,draw_us,updated45,final,259.80835,274.7292,265.95619999999997,277.54795,9.543799999999976,"[3.214550000000017, 24.704250000000002]",3.5632821686041316,"[1.3231748074925775, 9.12489892935887]",12,3,36,10000
gpu,vollkorn,2,text,y_advance,10,0,submit_us,updated45,final,395.50194999999997,416.25005,399.13745,421.39375,16.914500000000004,"[5.085249999999974, 48.89580000000001]",4.4161318950841855,"[1.3871740105061092, 12.977736665038963]",12,3,36,10000
gpu,vollkorn,2,text,y_advance,10,0,complete_us,updated45,final,703.0853999999999,777.50845,694.71465,768.36455,49.025100000000066,"[-15.712600000000009, 157.25615]",6.314166109306141,"[-2.271352883371408, 23.546484607009887]",12,3,36,10000
