backend,font,dpi,scene,phase,frames,new_atlas_entries,metric,reference_version,candidate_version,reference_median,candidate_median,reference_process_median,candidate_process_median,paired_delta_us,paired_delta_us_ci95,paired_delta_pct,paired_bootstrap95,process_blocks,trials_per_process,samples_per_version,bootstrap_resamples
cpu,ptsans,2,demo,first_paint,1,275,draw_us,master,current,2032.2295,1756.771,2026.9795,1763.854,-275.3125,"[-286.8125, -247.3125]",-13.671830302254762,"[-14.03978064393972, -12.262074606278905]",12,5,60,10000
cpu,ptsans,2,demo,first_paint,1,275,submit_us,master,current,2034.646,1759.125,2029.0415,1766.083,-275.4164999999999,"[-286.77099999999996, -247.35449999999992]",-13.662777007733656,"[-14.021813519165471, -12.249697382138425]",12,5,60,10000
cpu,ptsans,2,demo,first_paint,1,275,complete_us,master,current,2034.6875,1759.146,2029.0415,1766.083,-275.4164999999999,"[-286.7505, -247.37450000000013]",-13.662635128730404,"[-14.021813519165471, -12.250430955660253]",12,5,60,10000
cpu,ptsans,2,demo,first_paint,1,275,draw_us,master,final,2032.2295,1724.7705,2026.9795,1713.792,-312.8335000000001,"[-327.02099999999996, -283.125]",-15.558888917373931,"[-16.126684568534102, -14.099488632295959]",12,5,60,10000
cpu,ptsans,2,demo,first_paint,1,275,submit_us,master,final,2034.646,1726.9165,2029.0415,1715.8335000000002,-312.8539999999999,"[-327.08299999999997, -283.1875]",-15.543471658317703,"[-16.111509179507657, -14.087600929857146]",12,5,60,10000
cpu,ptsans,2,demo,first_paint,1,275,complete_us,master,final,2034.6875,1726.9375,2029.0415,1715.8335000000002,-312.83299999999997,"[-327.0830000000001, -283.16600000000017]",-15.542424189526038,"[-16.11134704839475, -14.08638967227131]",12,5,60,10000
cpu,ptsans,2,demo,first_paint,1,275,draw_us,master,pool,2032.2295,1755.0625,2026.9795,1753.6045,-281.313,"[-298.89599999999996, -242.625]",-13.990096024628262,"[-14.635472706895243, -11.9527871441292]",12,5,60,10000
cpu,ptsans,2,demo,first_paint,1,275,submit_us,master,pool,2034.646,1759.3335,2029.0415,1757.271,-281.3955000000001,"[-299.08349999999996, -242.72899999999993]",-13.908618760697887,"[-14.627656303524972, -11.944473388969312]",12,5,60,10000
cpu,ptsans,2,demo,first_paint,1,275,complete_us,master,pool,2034.6875,1759.375,2029.0415,1757.292,-281.3539999999999,"[-299.0830000000001, -242.70800000000008]",-13.907604431943543,"[-14.62748340061643, -11.943329670948604]",12,5,60,10000
cpu,ptsans,2,demo,first_paint,1,275,draw_us,current,final,1756.771,1724.7705,1763.854,1713.792,-42.14599999999996,"[-56.708000000000084, -24.374500000000126]",-2.4106360147622743,"[-3.1872373515182573, -1.3894280371082923]",12,5,60,10000
cpu,ptsans,2,demo,first_paint,1,275,submit_us,current,final,1759.125,1726.9165,1766.083,1715.8335000000002,-42.29150000000004,"[-56.666000000000054, -24.375]",-2.4158137517910405,"[-3.18097966197185, -1.3877495482432889]",12,5,60,10000
cpu,ptsans,2,demo,first_paint,1,275,complete_us,current,final,1759.146,1726.9375,1766.083,1715.8335000000002,-42.29150000000004,"[-56.66600000000017, -24.374999999999886]",-2.4157854834503945,"[-3.1809407873344684, -1.387736433187875]",12,5,60,10000
cpu,ptsans,2,demo,first_paint,1,275,draw_us,current,pool,1756.771,1755.0625,1763.854,1753.6045,-5.458499999999958,"[-23.02049999999997, 36.41649999999993]",-0.31406707241954934,"[-1.3024456961985675, 2.0681888354798006]",12,5,60,10000
cpu,ptsans,2,demo,first_paint,1,275,submit_us,current,pool,1759.125,1759.3335,1766.083,1757.271,-5.333499999999958,"[-19.583000000000084, 36.64600000000007]",-0.3065256569075636,"[-1.1071237803933542, 2.078878313902033]",12,5,60,10000
cpu,ptsans,2,demo,first_paint,1,275,complete_us,current,pool,1759.146,1759.375,1766.083,1757.292,-5.3129999999998745,"[-19.583000000000084, 36.66700000000003]",-0.30534884864119594,"[-1.1071237803933542, 2.080055646826784]",12,5,60,10000
cpu,ptsans,2,demo,first_paint,1,275,draw_us,final,pool,1724.7705,1755.0625,1713.792,1753.6045,32.645500000000084,"[24.103500000000167, 52.10400000000004]",1.9073447906810759,"[1.4102475308482187, 2.9943604641186616]",12,5,60,10000
cpu,ptsans,2,demo,first_paint,1,275,submit_us,final,pool,1726.9165,1759.3335,1715.8335000000002,1757.271,32.66599999999994,"[24.1875, 52.27100000000007]",1.909850278955838,"[1.4134940889248493, 3.0006315975263265]",12,5,60,10000
cpu,ptsans,2,demo,first_paint,1,275,complete_us,final,pool,1726.9375,1759.375,1715.8335000000002,1757.292,32.66650000000004,"[24.187000000000012, 52.27099999999996]",1.9098599628863067,"[1.413445019032289, 3.00056028613509]",12,5,60,10000
cpu,ptsans,2,demo,pan,10,0,draw_us,master,current,219.27294999999998,217.19785000000002,219.5292,217.29784999999998,-1.8708999999999918,"[-2.9500500000000187, -1.0625500000000017]",-0.8526503010402198,"[-1.3476439097982351, -0.4882094110865376]",12,5,60,10000
cpu,ptsans,2,demo,pan,10,0,submit_us,master,current,220.9896,218.85635000000002,221.25005,218.86055,-2.0207500000000067,"[-3.0499499999999813, -1.0769999999999982]",-0.9147384700513905,"[-1.382052769401676, -0.4907613300626834]",12,5,60,10000
cpu,ptsans,2,demo,pan,10,0,complete_us,master,current,221.0166,218.87295,221.2751,218.87295,-2.0332499999999953,"[-3.0583000000000027, -1.0895499999999885]",-0.9202813221294515,"[-1.3856803522430516, -0.4964530926662436]",12,5,60,10000
cpu,ptsans,2,demo,pan,10,0,draw_us,master,final,219.27294999999998,220.34575,219.5292,220.1291,1.6269999999999953,"[0.508349999999993, 2.0563000000000073]",0.7479600121322649,"[0.23243870115621235, 0.943777155279657]",12,5,60,10000
cpu,ptsans,2,demo,pan,10,0,submit_us,master,final,220.9896,221.96035,221.25005,221.75625,1.589650000000006,"[0.4581500000000176, 2.133250000000004]",0.725620858170517,"[0.20787252174093718, 0.969053772303563]",12,5,60,10000
cpu,ptsans,2,demo,pan,10,0,complete_us,master,final,221.0166,221.98325,221.2751,221.77705,1.6022999999999996,"[0.45829999999997995, 2.1436999999999955]",0.731372324288948,"[0.2079134146020012, 0.9737228705543388]",12,5,60,10000
cpu,ptsans,2,demo,pan,10,0,draw_us,master,pool,219.27294999999998,218.2165,219.5292,218.36255,-1.0833000000000084,"[-2.1063000000000045, 1.2750500000000216]",-0.4952579867472884,"[-0.9632389621980875, 0.5825555735818999]",12,5,60,10000
cpu,ptsans,2,demo,pan,10,0,submit_us,master,pool,220.9896,220.0,221.25005,219.97925,-1.129099999999994,"[-2.147999999999996, 1.2602500000000134]",-0.5122125503475183,"[-0.9745778360528701, 0.5709951088755383]",12,5,60,10000
cpu,ptsans,2,demo,pan,10,0,complete_us,master,pool,221.0166,220.01454999999999,221.2751,219.99795,-1.1313999999999993,"[-2.147900000000007, 1.2580999999999989]",-0.5132100561559383,"[-0.9744122520714771, 0.5699418210233342]",12,5,60,10000
cpu,ptsans,2,demo,pan,10,0,draw_us,current,final,217.19785000000002,220.34575,217.29784999999998,220.1291,3.3833000000000055,"[1.4855500000000177, 4.654200000000003]",1.562433005000241,"[0.6777353136218633, 2.141805773923533]",12,5,60,10000
cpu,ptsans,2,demo,pan,10,0,submit_us,current,final,218.85635000000002,221.96035,218.86055,221.75625,3.353999999999999,"[1.506299999999996, 4.722799999999992]",1.5368899685498039,"[0.6819881206985512, 2.1578600600760556]",12,5,60,10000
cpu,ptsans,2,demo,pan,10,0,complete_us,current,final,218.87295,221.98325,218.87295,221.77705,3.362649999999988,"[1.5001999999999924, 4.7333]",1.540693010155203,"[0.6791478185569133, 2.1625356904516058]",12,5,60,10000
cpu,ptsans,2,demo,pan,10,0,draw_us,current,pool,217.19785000000002,218.2165,217.29784999999998,218.36255,1.3623499999999922,"[0.3624499999999955, 2.274950000000004]",0.6318702483248173,"[0.16811518693311545, 1.040459351762979]",12,5,60,10000
cpu,ptsans,2,demo,pan,10,0,submit_us,current,pool,218.85635000000002,220.0,218.86055,219.97925,1.2872999999999877,"[0.37265000000000725, 2.312299999999979]",0.5924051657042795,"[0.17135342843334067, 1.0497647495202989]",12,5,60,10000
cpu,ptsans,2,demo,pan,10,0,complete_us,current,pool,218.87295,220.01454999999999,218.87295,219.99795,1.2811000000000092,"[0.38724999999999454, 2.306200000000004]",0.5895201649649073,"[0.17807230822546316, 1.0468703016505598]",12,5,60,10000
cpu,ptsans,2,demo,pan,10,0,draw_us,final,pool,220.34575,218.2165,220.1291,218.36255,-2.481400000000008,"[-4.654150000000001, 0.4084000000000003]",-1.1408453586920886,"[-2.0970254938930397, 0.18615360310988427]",12,5,60,10000
cpu,ptsans,2,demo,pan,10,0,submit_us,final,pool,221.96035,220.0,221.75625,219.97925,-2.4917000000000087,"[-4.675099999999986, 0.4562999999999988]",-1.1368811931784073,"[-2.0910997071767468, 0.2063666421554755]",12,5,60,10000
cpu,ptsans,2,demo,pan,10,0,complete_us,final,pool,221.98325,220.01454999999999,221.77705,219.99795,-2.500249999999994,"[-4.67710000000001, 0.460400000000007]",-1.1406381184260794,"[-2.0917828097671065, 0.20818288330118895]",12,5,60,10000
cpu,ptsans,2,demo,warm,30,0,draw_us,master,current,213.984667,213.2227835,213.1403,213.338867,-0.5540664999999905,"[-2.1937334999999933, 0.4597334999999987]",-0.2629089852750399,"[-1.016120168050244, 0.21561506364562444]",12,5,60,10000
cpu,ptsans,2,demo,warm,30,0,submit_us,master,current,215.7895835,214.8429665,214.8458335,214.9229665,-0.6505834999999962,"[-2.2839329999999904, 0.45976650000000063]",-0.30627595123850493,"[-1.0496652042153443, 0.21385889662535185]",12,5,60,10000
cpu,ptsans,2,demo,warm,30,0,complete_us,master,current,215.8076335,214.86381649999998,214.862517,214.9438,-0.6526999999999816,"[-2.285367000000008, 0.4639165000000105]",-0.3072527249183499,"[-1.050205550987593, 0.21577090430310308]",12,5,60,10000
cpu,ptsans,2,demo,warm,30,0,draw_us,master,final,213.984667,213.909767,213.1403,214.0465335,0.025017000000005396,"[-2.449950000000001, 1.2938000000000187]",0.011841719843402876,"[-1.135358304577766, 0.6092351824980136]",12,5,60,10000
cpu,ptsans,2,demo,warm,30,0,submit_us,master,final,215.7895835,215.5021165,214.8458335,215.6833335,0.08601650000001371,"[-2.497116500000004, 1.1951169999999962]",0.040192931602656135,"[-1.1481051315258894, 0.5583744687243319]",12,5,60,10000
cpu,ptsans,2,demo,warm,30,0,complete_us,master,final,215.8076335,215.52499999999998,214.862517,215.7013335,0.08603350000001342,"[-2.4978004999999968, 1.1958494999999942]",0.0401976925992753,"[-1.1483032841819674, 0.558660871719896]",12,5,60,10000
cpu,ptsans,2,demo,warm,30,0,draw_us,master,pool,213.984667,214.436033,213.1403,214.68471699999998,0.7624500000000012,"[-1.8069334999999995, 2.683399999999992]",0.3556299408995267,"[-0.8352648279685182, 1.2651281737711684]",12,5,60,10000
cpu,ptsans,2,demo,warm,30,0,submit_us,master,pool,215.7895835,216.0922665,214.8458335,216.5875165,0.5708834999999937,"[-1.815250000000006, 2.8862165000000033]",0.2640618058148747,"[-0.8331854022442575, 1.349992552628465]",12,5,60,10000
cpu,ptsans,2,demo,warm,30,0,complete_us,master,pool,215.8076335,216.1096665,214.862517,216.607617,0.5714664999999997,"[-1.8160000000000025, 2.888250499999998]",0.26430810948101513,"[-0.8334501802978678, 1.3508217999443572]",12,5,60,10000
cpu,ptsans,2,demo,warm,30,0,draw_us,current,final,213.2227835,213.909767,213.338867,214.0465335,0.29299999999999216,"[-0.5563164999999941, 1.2158000000000015]",0.13812232223808785,"[-0.2596198627085433, 0.5704248201792383]",12,5,60,10000
cpu,ptsans,2,demo,warm,30,0,submit_us,current,final,214.8429665,215.5021165,214.9229665,215.6833335,0.4034330000000068,"[-0.5292164999999898, 1.32206699999999]",0.18848978469030442,"[-0.24474862894976468, 0.6158818863811311]",12,5,60,10000
cpu,ptsans,2,demo,warm,30,0,complete_us,current,final,214.86381649999998,215.52499999999998,214.9438,215.7013335,0.3984999999999985,"[-0.525100000000009, 1.3179664999999972]",0.1861826811735079,"[-0.2428291276243444, 0.6139162180005875]",12,5,60,10000
cpu,ptsans,2,demo,warm,30,0,draw_us,current,pool,213.2227835,214.436033,213.338867,214.68471699999998,2.21039949999998,"[-0.9347995000000111, 3.483333999999985]",1.0408449906961992,"[-0.4324262308733451, 1.6495890800419022]",12,5,60,10000
cpu,ptsans,2,demo,warm,30,0,submit_us,current,pool,214.8429665,216.0922665,214.9229665,216.5875165,2.2520834999999977,"[-0.9180834999999945, 3.6645664999999923]",1.0479434869654303,"[-0.4214211518012434, 1.7146578620977238]",12,5,60,10000
cpu,ptsans,2,demo,warm,30,0,complete_us,current,pool,214.86381649999998,216.1096665,214.9438,216.607617,2.254133500000009,"[-0.9188999999999936, 3.660349999999994]",1.048794436614453,"[-0.4217956955777258, 1.7125356427925231]",12,5,60,10000
cpu,ptsans,2,demo,warm,30,0,draw_us,final,pool,213.909767,214.436033,214.0465335,214.68471699999998,0.40484999999999616,"[-1.1131495000000058, 2.618716499999991]",0.1889760625850334,"[-0.5191769448499528, 1.2299056335093206]",12,5,60,10000
cpu,ptsans,2,demo,warm,30,0,submit_us,final,pool,215.5021165,216.0922665,215.6833335,216.5875165,0.4752500000000026,"[-1.1839664999999968, 2.8798664999999914]",0.22004855186696926,"[-0.5481194227984543, 1.3426424095071776]",12,5,60,10000
cpu,ptsans,2,demo,warm,30,0,complete_us,final,pool,215.52499999999998,216.1096665,215.7013335,216.607617,0.4765505000000019,"[-1.1818834999999979, 2.876333500000001]",0.22061986427593938,"[-0.5471168734652365, 1.3408916589250253]",12,5,60,10000
cpu,ptsans,2,demo,zoom_in,12,2924,draw_us,master,current,1863.2552500000002,1598.658083,1859.6529165000002,1598.3541665,-263.4601255,"[-270.7135835, -242.22058300000003]",-14.127432808802693,"[-14.498299745378935, -13.14716951054356]",12,5,60,10000
cpu,ptsans,2,demo,zoom_in,12,2924,submit_us,master,current,1864.5000420000001,1599.873458,1860.9098334999999,1599.5504165,-263.50724950000006,"[-270.75350000000003, -242.28479200000004]",-14.120251577409077,"[-14.490762358316434, -13.141934482065171]",12,5,60,10000
cpu,ptsans,2,demo,zoom_in,12,2924,complete_us,master,current,1864.5242915,1599.899292,1860.934083,1599.5746669999999,-263.51404149999996,"[-270.75525000000005, -242.2866664999999]",-14.120432574228364,"[-14.490655463973429, -13.141886436767308]",12,5,60,10000
cpu,ptsans,2,demo,zoom_in,12,2924,draw_us,master,final,1863.2552500000002,1563.5834165,1859.6529165000002,1565.1112085,-292.7848335000001,"[-301.513958, -281.56233350000014]",-15.692159443864334,"[-16.103579097777498, -15.264183666130322]",12,5,60,10000
cpu,ptsans,2,demo,zoom_in,12,2924,submit_us,master,final,1864.5000420000001,1564.7813335,1860.9098334999999,1566.3472084999999,-292.68079149999994,"[-301.58699949999993, -281.56579150000005]",-15.679100184536832,"[-16.09346711035642, -15.256022825467335]",12,5,60,10000
cpu,ptsans,2,demo,zoom_in,12,2924,complete_us,master,final,1864.5242915,1564.8073335,1860.934083,1566.368125,-292.684167,"[-301.60074999999995, -281.5745415]",-15.679446316037899,"[-16.09360753328639, -15.25594550985478]",12,5,60,10000
cpu,ptsans,2,demo,zoom_in,12,2924,draw_us,master,pool,1863.2552500000002,1589.6423335,1859.6529165000002,1591.3488750000001,-263.01558349999993,"[-275.0035835, -257.4879165000001]",-14.29633915225375,"[-14.72788943084539, -13.887778484453989]",12,5,60,10000
cpu,ptsans,2,demo,zoom_in,12,2924,submit_us,master,pool,1864.5000420000001,1590.8610415,1860.9098334999999,1592.5677500000002,-263.0433330000001,"[-275.10087450000003, -257.5521665]",-14.28870092366017,"[-14.723268406923484, -13.880633568154156]",12,5,60,10000
cpu,ptsans,2,demo,zoom_in,12,2924,complete_us,master,pool,1864.5242915,1590.887125,1860.934083,1592.59375,-263.045125,"[-275.10254150000003, -257.5575419999999]",-14.288621024694914,"[-14.723153628766905, -13.880384906238069]",12,5,60,10000
cpu,ptsans,2,demo,zoom_in,12,2924,draw_us,current,final,1598.658083,1563.5834165,1598.3541665,1565.1112085,-30.946208499999898,"[-42.01050000000009, -24.401000000000067]",-1.9385328304537375,"[-2.610976844833879, -1.5290310436935406]",12,5,60,10000
cpu,ptsans,2,demo,zoom_in,12,2924,submit_us,current,final,1599.873458,1564.7813335,1599.5504165,1566.3472084999999,-30.946249499999908,"[-42.00333349999994, -24.262042000000065]",-1.9370898058715058,"[-2.608529670693649, -1.5193027944637227]",12,5,60,10000
cpu,ptsans,2,demo,zoom_in,12,2924,complete_us,current,final,1599.899292,1564.8073335,1599.5746669999999,1566.368125,-30.9427915,"[-41.99816700000008, -24.258500000000026]",-1.936848856757778,"[-2.608177444244358, -1.5190640564826274]",12,5,60,10000
cpu,ptsans,2,demo,zoom_in,12,2924,draw_us,current,pool,1598.658083,1589.6423335,1598.3541665,1591.3488750000001,-7.8524585000000116,"[-19.34566600000005, 0.8400419999999258]",-0.4916199789040787,"[-1.2004551220775872, 0.05272506616421646]",12,5,60,10000
cpu,ptsans,2,demo,zoom_in,12,2924,submit_us,current,pool,1599.873458,1590.8610415,1599.5504165,1592.5677500000002,-7.916833000000111,"[-19.335166500000014, 0.932042000000024]",-0.4952686154494734,"[-1.198903631807413, 0.058470379643393855]",12,5,60,10000
cpu,ptsans,2,demo,zoom_in,12,2924,complete_us,current,pool,1599.899292,1590.887125,1599.5746669999999,1592.59375,-7.918374999999969,"[-19.33529199999998, 0.935541500000113]",-0.49535708095563846,"[-1.1988980342618194, 0.05868879181945008]",12,5,60,10000
cpu,ptsans,2,demo,zoom_in,12,2924,draw_us,final,pool,1563.5834165,1589.6423335,1565.1112085,1591.3488750000001,24.321125499999994,"[13.883791500000143, 30.322791999999936]",1.5525935488822196,"[0.8863754775733534, 1.946468969626236]",12,5,60,10000
cpu,ptsans,2,demo,zoom_in,12,2924,submit_us,final,pool,1564.7813335,1590.8610415,1566.3472084999999,1592.5677500000002,24.3142499999999,"[13.805708499999923, 30.333291499999973]",1.550967905040368,"[0.8806777387170173, 1.9456826383681292]",12,5,60,10000
cpu,ptsans,2,demo,zoom_in,12,2924,complete_us,final,pool,1564.8073335,1590.887125,1566.368125,1592.59375,24.31916650000005,"[13.80912550000005, 30.336832999999956]",1.551260411671218,"[0.8808816940890973, 1.945888923298078]",12,5,60,10000
cpu,ptsans,2,demo,zoom_out,12,1952,draw_us,master,current,1206.5416249999998,1021.684042,1203.659625,1022.8159169999999,-184.6718750000001,"[-188.788167, -179.79533299999997]",-15.284771205024455,"[-15.671124470973592, -14.893261712702488]",12,5,60,10000
cpu,ptsans,2,demo,zoom_out,12,1952,submit_us,master,current,1207.8141664999998,1022.9705415000001,1204.9791665,1024.1232915,-184.63870799999995,"[-188.815833, -179.86829200000005]",-15.265950534177863,"[-15.656566853710508, -14.882193110068886]",12,5,60,10000
cpu,ptsans,2,demo,zoom_out,12,1952,complete_us,master,current,1207.83675,1022.9929999999999,1204.9999165,1024.145792,-184.63883350000003,"[-188.81591650000007, -179.86816650000003]",-15.26567440635434,"[-15.656369066515396, -14.881948516637227]",12,5,60,10000
cpu,ptsans,2,demo,zoom_out,12,1952,draw_us,master,final,1206.5416249999998,997.23775,1203.659625,1000.0069165,-204.293292,"[-209.85425000000004, -200.7169585000001]",-17.054869374889588,"[-17.47542299602599, -16.612994725391943]",12,5,60,10000
cpu,ptsans,2,demo,zoom_out,12,1952,submit_us,master,final,1207.8141664999998,998.526042,1204.9791665,1001.2847085000001,-204.30558299999996,"[-209.87149949999997, -200.55024949999995]",-17.037314033231592,"[-17.45757908053754, -16.581722721372678]",12,5,60,10000
cpu,ptsans,2,demo,zoom_out,12,1952,complete_us,master,final,1207.83675,998.5452085,1204.9999165,1001.3072500000001,-204.30912449999994,"[-209.85595800000004, -200.54687500000006]",-17.037261507921798,"[-17.45603290129872, -16.58113292241916]",12,5,60,10000
cpu,ptsans,2,demo,zoom_out,12,1952,draw_us,master,pool,1206.5416249999998,1012.1422915,1203.659625,1011.8455415,-191.02941649999997,"[-197.86291649999998, -184.04691699999995]",-15.88635788840887,"[-16.389144228817027, -15.255774787721238]",12,5,60,10000
cpu,ptsans,2,demo,zoom_out,12,1952,submit_us,master,pool,1207.8141664999998,1013.4757079999999,1204.9791665,1013.1476665,-191.05187500000005,"[-197.93754150000007, -183.96350050000012]",-15.87072488857803,"[-16.376475011807162, -15.23558292388652]",12,5,60,10000
cpu,ptsans,2,demo,zoom_out,12,1952,complete_us,master,pool,1207.83675,1013.4930835,1204.9999165,1013.1650835,-191.0502085,"[-197.94270799999998, -183.95304100000004]",-15.870266804517826,"[-16.376642939152486, -15.234701397989491]",12,5,60,10000
cpu,ptsans,2,demo,zoom_out,12,1952,draw_us,current,final,1021.684042,997.23775,1022.8159169999999,1000.0069165,-21.953167000000008,"[-24.829750000000047, -13.322750499999927]",-2.153867357133765,"[-2.431475634177793, -1.317095317626571]",12,5,60,10000
cpu,ptsans,2,demo,zoom_out,12,1952,submit_us,current,final,1022.9705415000001,998.526042,1024.1232915,1001.2847085000001,-21.92874949999998,"[-24.82454150000001, -13.270874999999933]",-2.148778349637248,"[-2.426028575287881, -1.3103114535799099]",12,5,60,10000
cpu,ptsans,2,demo,zoom_out,12,1952,complete_us,current,final,1022.9929999999999,998.5452085,1024.145792,1001.3072500000001,-21.923666499999968,"[-24.826374999999985, -13.270750000000021]",-2.1482413145459622,"[-2.424799407171813, -1.3102626621557367]",12,5,60,10000
cpu,ptsans,2,demo,zoom_out,12,1952,draw_us,current,pool,1021.684042,1012.1422915,1022.8159169999999,1011.8455415,-6.933958500000017,"[-15.977458499999955, 1.4602500000000305]",-0.6775238130183381,"[-1.566242616640301, 0.1443744789619783]",12,5,60,10000
cpu,ptsans,2,demo,zoom_out,12,1952,submit_us,current,pool,1022.9705415000001,1013.4757079999999,1024.1232915,1013.1476665,-6.881792000000075,"[-15.947999999999979, 1.475791500000014]",-0.6715840873585177,"[-1.5613941712023405, 0.145722275604937]",12,5,60,10000
cpu,ptsans,2,demo,zoom_out,12,1952,complete_us,current,pool,1022.9929999999999,1013.4930835,1024.145792,1013.1650835,-6.871583499999986,"[-15.949708499999986, 1.4810830000000124]",-0.6705764893943866,"[-1.5615269360178374, 0.1462457871425682]",12,5,60,10000
cpu,ptsans,2,demo,zoom_out,12,1952,draw_us,final,pool,997.23775,1012.1422915,1000.0069165,1011.8455415,11.800416999999982,"[6.736083500000063, 21.98275050000001]",1.1872359019975076,"[0.6756605593837839, 2.211432423648574]",12,5,60,10000
cpu,ptsans,2,demo,zoom_out,12,1952,submit_us,final,pool,998.526042,1013.4757079999999,1001.2847085000001,1013.1476665,11.81774999999999,"[6.725750000000005, 21.937666499999978]",1.187404293813732,"[0.6737629529694811, 2.203929282661632]",12,5,60,10000
cpu,ptsans,2,demo,zoom_out,12,1952,complete_us,final,pool,998.5452085,1013.4930835,1001.3072500000001,1013.1650835,11.821166000000005,"[6.7257920000000695, 21.927208500000006]",1.1877161644639367,"[0.6737623267971893, 2.2028116496021877]",12,5,60,10000
cpu,ptsans,2,font_variations,first_paint,1,263,draw_us,master,current,1056.3955,1068.0,1057.312,1067.875,17.9375,"[1.9375000000001137, 24.4375]",1.709070943689106,"[0.18264745967274676, 2.3369024191157717]",12,5,60,10000
cpu,ptsans,2,font_variations,first_paint,1,263,submit_us,master,current,1056.625,1068.271,1057.604,1068.1045,17.937999999999988,"[1.9169999999999163, 24.666500000000042]",1.7087306455914386,"[0.1806803385137945, 2.3583946091314645]",12,5,60,10000
cpu,ptsans,2,font_variations,first_paint,1,263,complete_us,master,current,1056.6665,1068.312,1057.625,1068.125,17.958499999999958,"[1.9375, 24.625]",1.7106777730086065,"[0.18260680391964934, 2.3543328675081576]",12,5,60,10000
cpu,ptsans,2,font_variations,first_paint,1,263,draw_us,master,final,1056.3955,1022.3125,1057.312,1023.479,-35.375500000000045,"[-48.45800000000003, -24.228499999999997]",-3.334454329017894,"[-4.541914839463801, -2.3031081438984193]",12,5,60,10000
cpu,ptsans,2,font_variations,first_paint,1,263,submit_us,master,final,1056.625,1022.521,1057.604,1023.6875,-35.353999999999985,"[-48.52050000000003, -24.270000000000152]",-3.3317860516985043,"[-4.538970888968825, -2.3063514171649535]",12,5,60,10000
cpu,ptsans,2,font_variations,first_paint,1,263,complete_us,master,final,1056.6665,1022.542,1057.625,1023.6875,-35.33300000000003,"[-48.49950000000007, -24.31200000000007]",-3.3298189159792546,"[-4.54084013884295, -2.310252976258803]",12,5,60,10000
cpu,ptsans,2,font_variations,first_paint,1,263,draw_us,master,pool,1056.3955,1042.8125,1057.312,1044.896,-7.9375,"[-32.52099999999996, 1.8959999999999582]",-0.752437932365041,"[-3.029758915587472, 0.18178379154855095]",12,5,60,10000
cpu,ptsans,2,font_variations,first_paint,1,263,submit_us,master,pool,1056.625,1043.0415,1057.604,1045.104,-8.020500000000084,"[-32.54149999999993, 1.8959999999999582]",-0.7600663919354322,"[-3.030867753257244, 0.18174826964352242]",12,5,60,10000
cpu,ptsans,2,font_variations,first_paint,1,263,complete_us,master,pool,1056.6665,1043.0625,1057.625,1045.125,-7.999500000000012,"[-32.52099999999996, 1.8959999999999582]",-0.7580621248359898,"[-3.0289474541027426, 0.18174440958339533]",12,5,60,10000
cpu,ptsans,2,font_variations,first_paint,1,263,draw_us,current,final,1068.0,1022.3125,1067.875,1023.479,-46.0,"[-58.81150000000008, -36.35399999999993]",-4.310309949074842,"[-5.424023723205046, -3.4417014236983845]",12,5,60,10000
cpu,ptsans,2,font_variations,first_paint,1,263,submit_us,current,final,1068.271,1022.521,1068.1045,1023.6875,-46.12450000000001,"[-58.791499999999985, -36.354499999999916]",-4.320547588974028,"[-5.421101791333694, -3.440997478495861]",12,5,60,10000
cpu,ptsans,2,font_variations,first_paint,1,263,complete_us,current,final,1068.312,1022.542,1068.125,1023.6875,-46.14499999999998,"[-58.83250000000015, -36.35399999999993]",-4.322383760489396,"[-5.424683372242189, -3.4408869514698237]",12,5,60,10000
cpu,ptsans,2,font_variations,first_paint,1,263,draw_us,current,pool,1068.0,1042.8125,1067.875,1044.896,-24.312499999999886,"[-39.08249999999998, -15.500000000000114]",-2.2770233489625094,"[-3.6497346043901038, -1.4543257100770646]",12,5,60,10000
cpu,ptsans,2,font_variations,first_paint,1,263,submit_us,current,pool,1068.271,1043.0415,1068.1045,1045.104,-24.291999999999916,"[-39.04149999999993, -15.54200000000003]",-2.2746103437465806,"[-3.6452811869874147, -1.4577940632158504]",12,5,60,10000
cpu,ptsans,2,font_variations,first_paint,1,263,complete_us,current,pool,1068.312,1043.0625,1068.125,1045.125,-24.311999999999898,"[-39.062000000000126, -15.54200000000003]",-2.276396295295835,"[-3.6470634438766245, -1.4577940632158504]",12,5,60,10000
cpu,ptsans,2,font_variations,first_paint,1,263,draw_us,final,pool,1022.3125,1042.8125,1023.479,1044.896,20.395500000000027,"[14.104499999999973, 24.0625]",1.9837791969919194,"[1.379582498028964, 2.389380129398977]",12,5,60,10000
cpu,ptsans,2,font_variations,first_paint,1,263,submit_us,final,pool,1022.521,1043.0415,1023.6875,1045.104,20.395500000000027,"[14.062499999999943, 24.020500000000084]",1.9834002478292478,"[1.3751364567829993, 2.384616679042051]",12,5,60,10000
cpu,ptsans,2,font_variations,first_paint,1,263,complete_us,final,pool,1022.542,1043.0625,1023.6875,1045.125,20.437500000000057,"[14.041499999999985, 24.020500000000027]",1.9874853264536196,"[1.3730691039265164, 2.384510906952564]",12,5,60,10000
cpu,ptsans,2,font_variations,slant_advance,10,1158,draw_us,master,current,467.3665,478.9332,466.05814999999996,479.8374,14.179249999999996,"[8.106249999999989, 17.689449999999994]",3.051496061133596,"[1.7311690875623786, 3.8405617746146814]",12,5,60,10000
cpu,ptsans,2,font_variations,slant_advance,10,1158,submit_us,master,current,467.47895,479.0352,466.17695,479.94155,14.175050000000027,"[8.085250000000002, 17.676999999999992]",3.0499073262403864,"[1.7262594206020498, 3.8369094555626426]",12,5,60,10000
cpu,ptsans,2,font_variations,slant_advance,10,1158,complete_us,master,current,467.50395000000003,479.0582,466.19984999999997,479.9645,14.181449999999984,"[8.081050000000005, 17.676999999999964]",3.051129211378101,"[1.7252885196565981, 3.836713646737]",12,5,60,10000
cpu,ptsans,2,font_variations,slant_advance,10,1158,draw_us,master,final,467.3665,454.10625,466.05814999999996,454.74379999999996,-11.424849999999992,"[-15.268900000000002, -7.5125500000000045]",-2.4406358049216426,"[-3.221715161682148, -1.6291363258254365]",12,5,60,10000
cpu,ptsans,2,font_variations,slant_advance,10,1158,submit_us,master,final,467.47895,454.22085,466.17695,454.8645,-11.41444999999996,"[-15.29604999999998, -7.510599999999982]",-2.4378045406662388,"[-3.226526228038801, -1.6283058585738308]",12,5,60,10000
cpu,ptsans,2,font_variations,slant_advance,10,1158,complete_us,master,final,467.50395000000003,454.23755,466.19984999999997,454.8875,-11.414450000000016,"[-15.298000000000002, -7.498050000000006]",-2.437711226862799,"[-3.2267416538956537, -1.6255339517503409]",12,5,60,10000
cpu,ptsans,2,font_variations,slant_advance,10,1158,draw_us,master,pool,467.3665,466.89160000000004,466.05814999999996,466.5457,0.5436500000000137,"[-3.3460000000000036, 4.576999999999998]",0.11714220029651057,"[-0.7083423588921056, 0.9923626144550335]",12,5,60,10000
cpu,ptsans,2,font_variations,slant_advance,10,1158,submit_us,master,pool,467.47895,466.99795,466.17695,466.65200000000004,0.5477500000000362,"[-3.38545000000002, 4.562300000000022]",0.11798653783423041,"[-0.7165075665102716, 0.9889281712361808]",12,5,60,10000
cpu,ptsans,2,font_variations,slant_advance,10,1158,complete_us,master,pool,467.50395000000003,467.02495,466.19984999999997,466.67494999999997,0.5436499999999853,"[-3.3855000000000075, 4.5686999999999784]",0.11709829593420928,"[-0.7164942913707728, 0.9902838778699241]",12,5,60,10000
cpu,ptsans,2,font_variations,slant_advance,10,1158,draw_us,current,final,478.9332,454.10625,479.8374,454.74379999999996,-23.8896,"[-28.0394, -21.58110000000002]",-4.984088217996757,"[-5.83763623930077, -4.52953891066758]",12,5,60,10000
cpu,ptsans,2,font_variations,slant_advance,10,1158,submit_us,current,final,479.0352,454.22085,479.94155,454.8645,-23.85804999999999,"[-28.027049999999974, -21.558250000000015]",-4.9774159981640755,"[-5.8338123833489135, -4.526407390861159]",12,5,60,10000
cpu,ptsans,2,font_variations,slant_advance,10,1158,complete_us,current,final,479.0582,454.23755,479.9645,454.8875,-23.866649999999993,"[-28.02064999999999, -21.562300000000022]",-4.97763581972861,"[-5.832263154658923, -4.524916227552017]",12,5,60,10000
cpu,ptsans,2,font_variations,slant_advance,10,1158,draw_us,current,pool,478.9332,466.89160000000004,479.8374,466.5457,-12.537599999999998,"[-16.26429999999999, -7.764699999999976]",-2.609365321822177,"[-3.3901205325865327, -1.6374618345169178]",12,5,60,10000
cpu,ptsans,2,font_variations,slant_advance,10,1158,submit_us,current,pool,479.0352,466.99795,479.94155,466.65200000000004,-12.529149999999987,"[-16.258249999999975, -7.758499999999998]",-2.6070784041960837,"[-3.3881662207714713, -1.6357950411082678]",12,5,60,10000
cpu,ptsans,2,font_variations,slant_advance,10,1158,complete_us,current,pool,479.0582,467.02495,479.9645,466.67494999999997,-12.537549999999982,"[-16.256, -7.762599999999992]",-2.608645556559569,"[-3.387578212287823, -1.6366015726410943]",12,5,60,10000
cpu,ptsans,2,font_variations,slant_advance,10,1158,draw_us,final,pool,454.10625,466.89160000000004,454.74379999999996,466.5457,12.660550000000029,"[11.164500000000004, 15.318600000000004]",2.795357165983303,"[2.452464500725804, 3.4068180628091915]",12,5,60,10000
cpu,ptsans,2,font_variations,slant_advance,10,1158,submit_us,final,pool,454.22085,466.99795,454.8645,466.65200000000004,12.652049999999974,"[11.145899999999983, 15.316450000000032]",2.7927479632361196,"[2.4477435586001017, 3.4055026753095796]",12,5,60,10000
cpu,ptsans,2,font_variations,slant_advance,10,1158,complete_us,final,pool,454.23755,467.02495,454.8875,466.67494999999997,12.650100000000009,"[11.139600000000002, 15.30189999999999]",2.792191343813988,"[2.4462006752958954, 3.40202701711233]",12,5,60,10000
cpu,ptsans,2,font_variations,slant_return,10,0,draw_us,master,current,38.9521,39.164550000000006,38.79585,39.35425,0.3144000000000027,"[0.0146000000000015, 0.9374999999999964]",0.8013983889627374,"[0.03476369466922091, 2.4170714985943476]",12,5,60,10000
cpu,ptsans,2,font_variations,slant_return,10,0,submit_us,master,current,39.03335,39.2415,38.881249999999994,39.4229,0.3019500000000015,"[-4.9999999998107114e-05, 0.9125999999999976]",0.7678585373378066,"[-0.0031062894586153522, 2.347080305494309]",12,5,60,10000
cpu,ptsans,2,font_variations,slant_return,10,0,complete_us,master,current,39.05615,39.2603,38.8938,39.450050000000005,0.3018499999999982,"[0.004249999999998977, 0.9147000000000034]",0.7675989117631121,"[0.008302768091417168, 2.3512712720508255]",12,5,60,10000
cpu,ptsans,2,font_variations,slant_return,10,0,draw_us,master,final,38.9521,38.5166,38.79585,38.543800000000005,-0.14159999999999684,"[-0.8707000000000029, 0.41854999999999976]",-0.36758941778880505,"[-2.217052787169649, 1.0697617775548673]",12,5,60,10000
cpu,ptsans,2,font_variations,slant_return,10,0,submit_us,master,final,39.03335,38.5898,38.881249999999994,38.614599999999996,-0.1457499999999996,"[-0.8937499999999972, 0.4057999999999993]",-0.3774982798613602,"[-2.27102041432905, 1.0348173574239894]",12,5,60,10000
cpu,ptsans,2,font_variations,slant_return,10,0,complete_us,master,final,39.05615,38.6167,38.8938,38.62705,-0.15415000000000134,"[-0.8896000000000015, 0.39965000000000117]",-0.39908700641872463,"[-2.2595222795372463, 1.018735116549263]",12,5,60,10000
cpu,ptsans,2,font_variations,slant_return,10,0,draw_us,master,pool,38.9521,38.14805,38.79585,38.1417,-0.7311999999999976,"[-1.3105500000000028, -0.2708500000000029]",-1.896908324514207,"[-3.335853426446933, -0.7020370233207285]",12,5,60,10000
cpu,ptsans,2,font_variations,slant_return,10,0,submit_us,master,pool,39.03335,38.2209,38.881249999999994,38.22095,-0.743549999999999,"[-1.3127999999999993, -0.2687500000000007]",-1.9154893121254402,"[-3.334654813762683, -0.6951357509961065]",12,5,60,10000
cpu,ptsans,2,font_variations,slant_return,10,0,complete_us,master,pool,39.05615,38.2439,38.8938,38.2376,-0.7310000000000016,"[-1.3044000000000011, -0.2729500000000016]",-1.8917029543965014,"[-3.3118854924492624, -0.7056918605198303]",12,5,60,10000
cpu,ptsans,2,font_variations,slant_return,10,0,draw_us,current,final,39.164550000000006,38.5166,39.35425,38.543800000000005,-0.43134999999999835,"[-0.9646000000000008, -0.3207500000000003]",-1.0874550891495915,"[-2.420159505251418, -0.8270960776590008]",12,5,60,10000
cpu,ptsans,2,font_variations,slant_return,10,0,submit_us,current,final,39.2415,38.5898,39.4229,38.614599999999996,-0.43120000000000047,"[-0.9648000000000003, -0.31434999999999746]",-1.0897648406984373,"[-2.41702661971111, -0.8013046989903905]",12,5,60,10000
cpu,ptsans,2,font_variations,slant_return,10,0,complete_us,current,final,39.2603,38.6167,39.450050000000005,38.62705,-0.43329999999999913,"[-0.9689499999999995, -0.3268000000000022]",-1.0957720944579807,"[-2.4257276392846308, -0.8330242963906553]",12,5,60,10000
cpu,ptsans,2,font_variations,slant_return,10,0,draw_us,current,pool,39.164550000000006,38.14805,39.35425,38.1417,-1.3668499999999995,"[-1.5772000000000013, -0.6021000000000036]",-3.4401792735393344,"[-3.971443490755405, -1.5665437329734189]",12,5,60,10000
cpu,ptsans,2,font_variations,slant_return,10,0,submit_us,current,pool,39.2415,38.2209,39.4229,38.22095,-1.3645499999999977,"[-1.5649000000000015, -0.5913000000000004]",-3.4334277409587943,"[-3.9200459322737524, -1.5357533265942636]",12,5,60,10000
cpu,ptsans,2,font_variations,slant_return,10,0,complete_us,current,pool,39.2603,38.2439,39.450050000000005,38.2376,-1.364650000000001,"[-1.57085, -0.5956000000000046]",-3.4262443757183183,"[-3.9328139311498758, -1.5461784830139491]",12,5,60,10000
cpu,ptsans,2,font_variations,slant_return,10,0,draw_us,final,pool,38.5166,38.14805,38.543800000000005,38.1417,-0.43984999999999985,"[-1.1624999999999979, 0.029049999999998022]",-1.1435545428587046,"[-2.9355595190109716, 0.07505088751664779]",12,5,60,10000
cpu,ptsans,2,font_variations,slant_return,10,0,submit_us,final,pool,38.5898,38.2209,38.614599999999996,38.22095,-0.42535000000000167,"[-1.1728999999999985, 0.031200000000001893]",-1.1044322818947128,"[-2.9554681293630813, 0.08032193877290372]",12,5,60,10000
cpu,ptsans,2,font_variations,slant_return,10,0,complete_us,final,pool,38.6167,38.2439,38.62705,38.2376,-0.4189499999999988,"[-1.1666500000000042, 0.04159999999999897]",-1.0871626895861852,"[-2.938502541130622, 0.1074158473374498]",12,5,60,10000
cpu,ptsans,2,font_variations,warm,30,0,draw_us,master,current,37.1673335,36.7568835,37.209050000000005,36.793717,-0.3805170000000011,"[-0.7646335000000022, 0.12015000000000242]",-1.0252679655843144,"[-2.053928875178268, 0.32517661131471476]",12,5,60,10000
cpu,ptsans,2,font_variations,warm,30,0,submit_us,master,current,37.2438,36.8201165,37.27505,36.857583000000005,-0.392516999999998,"[-0.7770665000000001, 0.11463299999999776]",-1.0556769035423352,"[-2.0832348997748165, 0.30962478576002095]",12,5,60,10000
cpu,ptsans,2,font_variations,warm,30,0,complete_us,master,current,37.26255,36.841583,37.3006335,36.879833000000005,-0.39511699999999905,"[-0.7756664999999998, 0.11051699999999798]",-1.0618887752504136,"[-2.0782888231071217, 0.29834872029503856]",12,5,60,10000
cpu,ptsans,2,font_variations,warm,30,0,draw_us,master,final,37.1673335,36.52565,37.209050000000005,36.475,-0.7771000000000008,"[-0.9715335000000032, -0.1576170000000019]",-2.0946221052087433,"[-2.627730425629926, -0.4259261915282808]",12,5,60,10000
cpu,ptsans,2,font_variations,warm,30,0,submit_us,master,final,37.2438,36.5903,37.27505,36.5401835,-0.7813665000000007,"[-0.9847665000000028, -0.16809999999999903]",-2.10217401286969,"[-2.6582241166971055, -0.44905924076933945]",12,5,60,10000
cpu,ptsans,2,font_variations,warm,30,0,complete_us,master,final,37.26255,36.6111165,37.3006335,36.5604165,-0.7867004999999985,"[-0.9799494999999965, -0.16723349999999826]",-2.115031601260664,"[-2.643843969007947, -0.4506066840646139]",12,5,60,10000
cpu,ptsans,2,font_variations,warm,30,0,draw_us,master,pool,37.1673335,36.795199999999994,37.209050000000005,36.832633,-0.4493500000000026,"[-0.6680335000000035, 0.03119999999999834]",-1.2120683028051416,"[-1.7934775070282738, 0.08381448011121062]",12,5,60,10000
cpu,ptsans,2,font_variations,warm,30,0,submit_us,master,pool,37.2438,36.8569165,37.27505,36.8957665,-0.45908300000000324,"[-0.6834999999999987, 0.025717000000000212]",-1.234337532109342,"[-1.8312741006796474, 0.06894285515443022]",12,5,60,10000
cpu,ptsans,2,font_variations,warm,30,0,complete_us,master,pool,37.26255,36.8819,37.3006335,36.9152165,-0.465266500000002,"[-0.6874835000000026, 0.027233500000001243]",-1.2501706049055206,"[-1.8406805812836713, 0.0729832764501448]",12,5,60,10000
cpu,ptsans,2,font_variations,warm,30,0,draw_us,current,final,36.7568835,36.52565,36.793717,36.475,-0.3124994999999977,"[-0.4764170000000014, -0.13401650000000132]",-0.852087607816554,"[-1.2978825902133284, -0.36188448200326073]",12,5,60,10000
cpu,ptsans,2,font_variations,warm,30,0,submit_us,current,final,36.8201165,36.5903,36.857583000000005,36.5401835,-0.3048835000000025,"[-0.47076600000000113, -0.1388664999999989]",-0.8300511453319059,"[-1.2803882932922728, -0.3742633482117008]",12,5,60,10000
cpu,ptsans,2,font_variations,warm,30,0,complete_us,current,final,36.841583,36.6111165,36.879833000000005,36.5604165,-0.30766649999999984,"[-0.47418349999999876, -0.13111699999999615]",-0.837126750660494,"[-1.2888300834668576, -0.35324263319858606]",12,5,60,10000
cpu,ptsans,2,font_variations,warm,30,0,draw_us,current,pool,36.7568835,36.795199999999994,36.793717,36.832633,0.1541499999999978,"[-0.5118995000000055, 0.558366999999997]",0.42198189345341586,"[-1.3837103718835064, 1.510208861752127]",12,5,60,10000
cpu,ptsans,2,font_variations,warm,30,0,submit_us,current,pool,36.8201165,36.8569165,36.857583000000005,36.8957665,0.15413350000000037,"[-0.5132995000000022, 0.5577004999999993]",0.42109126381307815,"[-1.3850346125299173, 1.5077792051229055]",12,5,60,10000
cpu,ptsans,2,font_variations,warm,30,0,complete_us,current,pool,36.841583,36.8819,36.879833000000005,36.9152165,0.15341649999999873,"[-0.5167165000000011, 0.561883500000004]",0.41888336862011544,"[-1.393370866815541, 1.5142620202909463]",12,5,60,10000
cpu,ptsans,2,font_variations,warm,30,0,draw_us,final,pool,36.52565,36.795199999999994,36.475,36.832633,0.3958000000000048,"[-0.11249949999999842, 0.6923834999999983]",1.0814873985788065,"[-0.3095911107962035, 1.8762028466941194]",12,5,60,10000
cpu,ptsans,2,font_variations,warm,30,0,submit_us,final,pool,36.5903,36.8569165,36.5401835,36.8957665,0.3985999999999983,"[-0.11883350000000092, 0.6965669999999982]",1.0872945760767472,"[-0.3264660388918872, 1.8844709079316568]",12,5,60,10000
cpu,ptsans,2,font_variations,warm,30,0,complete_us,final,pool,36.6111165,36.8819,36.5604165,36.9152165,0.39869999999999806,"[-0.11946650000000503, 0.6930005000000001]",1.091994971489263,"[-0.3280404434587658, 1.8735803331541012]",12,5,60,10000
cpu,ptsans,2,font_variations,weight_advance,6,717,draw_us,master,current,509.2639165,523.8574165,510.8020835,524.1110835,14.319416500000017,"[10.871499999999997, 17.309083499999957]",2.8242674357323194,"[2.1280457556344223, 3.4219790796460425]",12,5,60,10000
cpu,ptsans,2,font_variations,weight_advance,6,717,submit_us,master,current,509.43050000000005,524.0036665,510.965333,524.2326665,14.281166499999983,"[10.829750499999989, 17.30208349999998]",2.8157839600767343,"[2.11919558100393, 3.4195757141725402]",12,5,60,10000
cpu,ptsans,2,font_variations,weight_advance,6,717,complete_us,master,current,509.440917,524.020667,510.9791665,524.2605,14.284750000000003,"[10.843917000000005, 17.28125]",2.816388828340166,"[2.1219079229349624, 3.4152861655362687]",12,5,60,10000
cpu,ptsans,2,font_variations,weight_advance,6,717,draw_us,master,final,509.2639165,499.5349165,510.8020835,499.30225,-9.076333500000032,"[-14.614582999999982, -5.531000000000006]",-1.780800439738267,"[-2.8546626683474132, -1.1005434093927902]",12,5,60,10000
cpu,ptsans,2,font_variations,weight_advance,6,717,submit_us,master,final,509.43050000000005,499.6913335,510.965333,499.4480835,-9.066082999999992,"[-14.611166499999996, -5.545000000000016]",-1.778228999114695,"[-2.8530888613776173, -1.1029835832866985]",12,5,60,10000
cpu,ptsans,2,font_variations,weight_advance,6,717,complete_us,master,final,509.440917,499.7189165,510.9791665,499.47225000000003,-9.059166499999975,"[-14.611250500000011, -5.548416500000002]",-1.7768273479433272,"[-2.853028204276553, -1.1036116308668464]",12,5,60,10000
cpu,ptsans,2,font_variations,weight_advance,6,717,draw_us,master,pool,509.2639165,511.27075,510.8020835,510.81225,3.6320829999999376,"[-1.7363334999999722, 6.781332999999989]",0.7183336038118826,"[-0.339370780465742, 1.3347033316292944]",12,5,60,10000
cpu,ptsans,2,font_variations,weight_advance,6,717,submit_us,master,pool,509.43050000000005,511.4095835,510.965333,510.96166700000003,3.614750499999957,"[-1.7294159999999863, 6.777917000000002]",0.7146983130444928,"[-0.3379132633705373, 1.3336417869226458]",12,5,60,10000
cpu,ptsans,2,font_variations,weight_advance,6,717,complete_us,master,pool,509.440917,511.427,510.9791665,510.97900000000004,3.6114165000000185,"[-1.7258334999999931, 6.791749999999979]",0.7140060453476926,"[-0.3371993011214991, 1.3363275226229376]",12,5,60,10000
cpu,ptsans,2,font_variations,weight_advance,6,717,draw_us,current,final,523.8574165,499.5349165,524.1110835,499.30225,-25.492999999999995,"[-28.177166500000027, -22.048416499999973]",-4.8566117522552075,"[-5.362165440866695, -4.245957839206326]",12,5,60,10000
cpu,ptsans,2,font_variations,weight_advance,6,717,submit_us,current,final,524.0036665,499.6913335,524.2326665,499.4480835,-25.4652495,"[-28.142583000000002, -22.027749999999997]",-4.853851215426436,"[-5.354237486117263, -4.2409578096930245]",12,5,60,10000
cpu,ptsans,2,font_variations,weight_advance,6,717,complete_us,current,final,524.020667,499.7189165,524.2605,499.47225000000003,-25.461749999999995,"[-28.149500500000016, -22.017416499999996]",-4.852395114975499,"[-5.355340382736401, -4.238896739618358]",12,5,60,10000
cpu,ptsans,2,font_variations,weight_advance,6,717,draw_us,current,pool,523.8574165,511.27075,524.1110835,510.81225,-8.888833500000004,"[-17.048584000000005, -6.631833000000029]",-1.7124377137629987,"[-3.247992502030667, -1.2568236071845706]",12,5,60,10000
cpu,ptsans,2,font_variations,weight_advance,6,717,submit_us,current,pool,524.0036665,511.4095835,524.2326665,510.96166700000003,-8.86108299999998,"[-17.02766649999998, -6.6076664999999934]",-1.7066807544854956,"[-3.243191765180109, -1.251942605614087]",12,5,60,10000
cpu,ptsans,2,font_variations,weight_advance,6,717,complete_us,current,pool,524.020667,511.427,524.2605,510.97900000000004,-8.850583499999999,"[-17.027667000000008, -6.614666999999997]",-1.7046406688478288,"[-3.243107235133935, -1.253205309306471]",12,5,60,10000
cpu,ptsans,2,font_variations,weight_advance,6,717,draw_us,final,pool,499.5349165,511.27075,499.30225,510.81225,11.833249499999994,"[8.965499500000021, 18.607583499999976]",2.387116277075363,"[1.775648261490792, 3.7345181886035195]",12,5,60,10000
cpu,ptsans,2,font_variations,weight_advance,6,717,submit_us,final,pool,499.6913335,511.4095835,499.4480835,510.96166700000003,11.823000000000008,"[8.958333500000037, 18.576333500000004]",2.3842826435206743,"[1.7736621933119645, 3.726893397698805]",12,5,60,10000
cpu,ptsans,2,font_variations,weight_advance,6,717,complete_us,final,pool,499.7189165,511.427,499.47225000000003,510.97900000000004,11.816249999999997,"[8.95833349999998, 18.57291649999999]",2.382822115165162,"[1.7735958603342983, 3.726032429275694]",12,5,60,10000
cpu,ptsans,2,font_variations,weight_return,6,0,draw_us,master,current,38.385417000000004,38.1804165,38.15625,38.198,-0.3365834999999997,"[-0.9340004999999998, 1.0831665000000008]",-0.8788436738803918,"[-2.43303818620097, 2.8852411530737587]",12,5,60,10000
cpu,ptsans,2,font_variations,weight_return,6,0,submit_us,master,current,38.458333499999995,38.260167,38.23625,38.278,-0.34374950000000126,"[-0.9339999999999975, 1.069333499999999]",-0.8949004849453268,"[-2.4284192932373605, 2.8413333843787525]",12,5,60,10000
cpu,ptsans,2,font_variations,weight_return,6,0,complete_us,master,current,38.475750000000005,38.2845835,38.253583500000005,38.2953335,-0.34716700000000245,"[-0.9235830000000007, 1.0657500000000013]",-0.9042001710647674,"[-2.400269080891709, 2.830393871981418]",12,5,60,10000
cpu,ptsans,2,font_variations,weight_return,6,0,draw_us,master,final,38.385417000000004,37.454916999999995,38.15625,37.2985,-0.7534160000000014,"[-1.5415000000000028, 0.4442499999999967]",-1.941427407348062,"[-3.9798055076286536, 1.1842426771813686]",12,5,60,10000
cpu,ptsans,2,font_variations,weight_return,6,0,submit_us,master,final,38.458333499999995,37.5313335,38.23625,37.3679165,-0.757082999999998,"[-1.548583499999996, 0.4272500000000008]",-1.9467896273083207,"[-3.9903951026196367, 1.1360147176076918]",12,5,60,10000
cpu,ptsans,2,font_variations,weight_return,6,0,complete_us,master,final,38.475750000000005,37.54875,38.253583500000005,37.3854165,-0.7605005000000027,"[-1.5449170000000017, 0.43416649999999635]",-1.9550740641761488,"[-3.979307186338499, 1.1538554850558547]",12,5,60,10000
cpu,ptsans,2,font_variations,weight_return,6,0,draw_us,master,pool,38.385417000000004,38.045083500000004,38.15625,37.732583500000004,-0.5487500000000018,"[-1.6561664999999977, 0.5]",-1.4113898909617062,"[-4.2255612213663305, 1.3147406902250136]",12,5,60,10000
cpu,ptsans,2,font_variations,weight_return,6,0,submit_us,master,pool,38.458333499999995,38.1181665,38.23625,37.8125835,-0.5555829999999986,"[-1.6564165000000024, 0.48966700000000074]",-1.427381796362237,"[-4.217598902915165, 1.2849675057569399]",12,5,60,10000
cpu,ptsans,2,font_variations,weight_return,6,0,complete_us,master,pool,38.475750000000005,38.145917,38.253583500000005,37.8403335,-0.5556669999999961,"[-1.6598335000000013, 0.506833499999999]",-1.4275715999524985,"[-4.225728117664634, 1.3297141971250315]",12,5,60,10000
cpu,ptsans,2,font_variations,weight_return,6,0,draw_us,current,final,38.1804165,37.454916999999995,38.198,37.2985,-0.5730830000000005,"[-1.1006665000000027, 0.14241699999999824]",-1.489598947482007,"[-2.8809105705773663, 0.3691682340697222]",12,5,60,10000
cpu,ptsans,2,font_variations,weight_return,6,0,submit_us,current,final,38.260167,37.5313335,38.278,37.3679165,-0.5798334999999994,"[-1.104166499999998, 0.1322499999999991]",-1.5055728708522342,"[-2.8839889983099, 0.3420947224678228]",12,5,60,10000
cpu,ptsans,2,font_variations,weight_return,6,0,complete_us,current,final,38.2845835,37.54875,38.2953335,37.3854165,-0.5798334999999994,"[-1.1007505000000002, 0.13558300000000045]",-1.5040507312003237,"[-2.873718583431728, 0.35044681421653734]",12,5,60,10000
cpu,ptsans,2,font_variations,weight_return,6,0,draw_us,current,pool,38.1804165,38.045083500000004,38.198,37.732583500000004,-0.9480000000000004,"[-1.288166499999999, 0.902750000000001]",-2.506967904448948,"[-3.356959449826741, 2.332181933614985]",12,5,60,10000
cpu,ptsans,2,font_variations,weight_return,6,0,submit_us,current,pool,38.260167,38.1181665,38.278,37.8125835,-0.9448335000000014,"[-1.2916665000000016, 0.8991665000000033]",-2.501086207430425,"[-3.359329558463303, 2.318332022108016]",12,5,60,10000
cpu,ptsans,2,font_variations,weight_return,6,0,complete_us,current,pool,38.2845835,38.145917,38.2953335,37.8403335,-0.9447499999999955,"[-1.298499999999997, 0.9097504999999977]",-2.5000343609764997,"[-3.3606972223038323, 2.344847863767374]",12,5,60,10000
cpu,ptsans,2,font_variations,weight_return,6,0,draw_us,final,pool,37.454916999999995,38.045083500000004,37.2985,37.732583500000004,0.09716650000000016,"[-1.1492499999999986, 1.6946670000000026]",0.25099510453892027,"[-3.0028173327447503, 4.638483931129944]",12,5,60,10000
cpu,ptsans,2,font_variations,weight_return,6,0,submit_us,final,pool,37.5313335,38.1181665,37.3679165,37.8125835,0.104083499999998,"[-1.1495004999999985, 1.7190000000000012]",0.2685803318743907,"[-2.9974274674371024, 4.706634260745668]",12,5,60,10000
cpu,ptsans,2,font_variations,weight_return,6,0,complete_us,final,pool,37.54875,38.145917,37.3854165,37.8403335,0.11091700000000415,"[-1.1563334999999988, 1.7188339999999975]",0.2861176311412583,"[-3.0137666371548635, 4.693682183110082]",12,5,60,10000
cpu,ptsans,2,grid_pollution,hot_first,1,94,draw_us,master,current,469.66650000000004,491.02099999999996,469.95799999999997,492.5,22.4375,"[15.395999999999987, 25.583999999999975]",4.779814921899705,"[3.2945725470044263, 5.406511719890251]",12,5,60,10000
cpu,ptsans,2,grid_pollution,hot_first,1,94,submit_us,master,current,469.77099999999996,491.14599999999996,470.0625,492.625,22.437999999999988,"[15.291500000000013, 26.083499999999987]",4.779077213745408,"[3.2707022434353195, 5.510284447028402]",12,5,60,10000
cpu,ptsans,2,grid_pollution,hot_first,1,94,complete_us,master,current,469.7915,491.16650000000004,470.0625,492.625,22.458499999999987,"[15.270499999999998, 26.083499999999987]",4.783200009143995,"[3.2707022434353195, 5.510284447028402]",12,5,60,10000
cpu,ptsans,2,grid_pollution,hot_first,1,94,draw_us,master,final,469.66650000000004,412.4995,469.95799999999997,412.0625,-57.14550000000003,"[-59.72900000000001, -51.91650000000001]",-12.181225243917698,"[-12.624243561185583, -11.21247690939942]",12,5,60,10000
cpu,ptsans,2,grid_pollution,hot_first,1,94,submit_us,master,final,469.77099999999996,412.58349999999996,470.0625,412.1875,-57.16650000000001,"[-59.708500000000015, -52.00000000000003]",-12.174009451794227,"[-12.617101853580609, -11.22530525177633]",12,5,60,10000
cpu,ptsans,2,grid_pollution,hot_first,1,94,complete_us,master,final,469.7915,412.6045,470.0625,412.2085,-57.12499999999997,"[-59.66650000000001, -51.97900000000001]",-12.173496826873158,"[-12.608226389112058, -11.220289174916044]",12,5,60,10000
cpu,ptsans,2,grid_pollution,hot_first,1,94,draw_us,master,pool,469.66650000000004,426.563,469.95799999999997,426.813,-44.43700000000001,"[-47.625, -37.66650000000001]",-9.514337685710395,"[-10.077868852780224, -8.036121136830154]",12,5,60,10000
cpu,ptsans,2,grid_pollution,hot_first,1,94,submit_us,master,pool,469.77099999999996,426.66700000000003,470.0625,426.97950000000003,-44.3955,"[-47.64550000000003, -37.66699999999997]",-9.497786526162233,"[-10.079511965191385, -8.034796145864176]",12,5,60,10000
cpu,ptsans,2,grid_pollution,hot_first,1,94,complete_us,master,pool,469.7915,426.6875,470.0625,427.02099999999996,-44.396000000000015,"[-47.625, -37.66699999999997]",-9.488990475905524,"[-10.07520373099997, -8.03447368507809]",12,5,60,10000
cpu,ptsans,2,grid_pollution,hot_first,1,94,draw_us,current,final,491.02099999999996,412.4995,492.5,412.0625,-78.29149999999998,"[-82.45849999999999, -72.22899999999998]",-16.104555813744874,"[-16.638928455026935, -14.634425855043531]",12,5,60,10000
cpu,ptsans,2,grid_pollution,hot_first,1,94,submit_us,current,final,491.14599999999996,412.58349999999996,492.625,412.1875,-78.27099999999999,"[-82.45800000000003, -72.22949999999997]",-16.097629983896887,"[-16.63603428979944, -14.630885263586162]",12,5,60,10000
cpu,ptsans,2,grid_pollution,hot_first,1,94,complete_us,current,final,491.16650000000004,412.6045,492.625,412.2085,-78.29149999999998,"[-82.4375, -72.22900000000001]",-16.101159346432134,"[-16.6312033097495, -14.630286333322218]",12,5,60,10000
cpu,ptsans,2,grid_pollution,hot_first,1,94,draw_us,current,pool,491.02099999999996,426.563,492.5,426.813,-65.459,"[-68.79149999999998, -61.20750000000001]",-13.63360411495551,"[-13.880273324011817, -12.37166865507851]",12,5,60,10000
cpu,ptsans,2,grid_pollution,hot_first,1,94,submit_us,current,pool,491.14599999999996,426.66700000000003,492.625,426.97950000000003,-65.43800000000002,"[-68.708, -61.125]",-13.633802271553947,"[-13.861111244654905, -12.35314492116316]",12,5,60,10000
cpu,ptsans,2,grid_pollution,hot_first,1,94,complete_us,current,pool,491.16650000000004,426.6875,492.625,427.02099999999996,-65.43800000000002,"[-68.6875, -61.125]",-13.633802271553947,"[-13.856383281586465, -12.352740659853012]",12,5,60,10000
cpu,ptsans,2,grid_pollution,hot_first,1,94,draw_us,final,pool,412.4995,426.563,412.0625,426.813,12.3125,"[10.353500000000025, 16.39549999999997]",2.999942288338864,"[2.489405602619199, 3.996795816135734]",12,5,60,10000
cpu,ptsans,2,grid_pollution,hot_first,1,94,submit_us,final,pool,412.58349999999996,426.66700000000003,412.1875,426.97950000000003,12.291999999999973,"[10.374500000000012, 16.415999999999997]",2.994096924614198,"[2.493779566292309, 4.000534060415706]",12,5,60,10000
cpu,ptsans,2,grid_pollution,hot_first,1,94,complete_us,final,pool,412.6045,426.6875,412.2085,427.02099999999996,12.291499999999985,"[10.353499999999997, 16.436999999999983]",2.9938338370208095,"[2.488555799363912, 4.005637849614629]",12,5,60,10000
cpu,ptsans,2,grid_pollution,hot_return,1,94,draw_us,master,current,406.8125,427.875,404.95799999999997,429.4375,22.166500000000013,"[19.937000000000012, 24.478999999999985]",5.509422848277601,"[4.8930321375206365, 6.014170453076861]",12,5,60,10000
cpu,ptsans,2,grid_pollution,hot_return,1,94,submit_us,master,current,406.937,427.95849999999996,405.16650000000004,429.625,22.166499999999985,"[19.95750000000004, 25.104000000000013]",5.495683436667919,"[4.8965942089471355, 6.165996831738385]",12,5,60,10000
cpu,ptsans,2,grid_pollution,hot_return,1,94,complete_us,master,current,406.97900000000004,427.979,405.1875,429.64599999999996,22.1455,"[19.999500000000012, 25.125]",5.486751534058564,"[4.906898239092483, 6.171117733797471]",12,5,60,10000
cpu,ptsans,2,grid_pollution,hot_return,1,94,draw_us,master,final,406.8125,396.583,404.95799999999997,396.583,-10.875,"[-18.021000000000015, -1.8334999999999866]",-2.570087275601124,"[-4.423569566757446, -0.4544000211375354]",12,5,60,10000
cpu,ptsans,2,grid_pollution,hot_return,1,94,submit_us,master,final,406.937,396.708,405.16650000000004,396.708,-10.729000000000013,"[-18.021000000000015, -1.8749999999999716]",-2.5348174579037153,"[-4.421733063613647, -0.4642644378918259]",12,5,60,10000
cpu,ptsans,2,grid_pollution,hot_return,1,94,complete_us,master,final,406.97900000000004,396.72900000000004,405.1875,396.72900000000004,-10.729000000000013,"[-18.021000000000015, -1.8959999999999866]",-2.5345717625233855,"[-4.421556273555449, -0.4693506733743191]",12,5,60,10000
cpu,ptsans,2,grid_pollution,hot_return,1,94,draw_us,master,pool,406.8125,416.0,404.95799999999997,415.4585,6.625,"[1.8334999999999582, 11.708000000000027]",1.6399261902539486,"[0.4504996745671841, 2.899536689071225]",12,5,60,10000
cpu,ptsans,2,grid_pollution,hot_return,1,94,submit_us,master,pool,406.937,416.2915,405.16650000000004,415.625,6.6875,"[1.7500000000000284, 11.749500000000012]",1.6546187445611094,"[0.4299482293273371, 2.9088615540489915]",12,5,60,10000
cpu,ptsans,2,grid_pollution,hot_return,1,94,complete_us,master,pool,406.97900000000004,416.2915,405.1875,415.646,6.666999999999973,"[1.7709999999999866, 11.750000000000028]",1.6493892888050143,"[0.4351237960440235, 2.9088440999883947]",12,5,60,10000
cpu,ptsans,2,grid_pollution,hot_return,1,94,draw_us,current,final,427.875,396.583,429.4375,396.583,-28.93799999999996,"[-41.5625, -20.333999999999946]",-6.791630307419078,"[-9.662519817976905, -4.78540514971158]",12,5,60,10000
cpu,ptsans,2,grid_pollution,hot_return,1,94,submit_us,current,final,427.95849999999996,396.708,429.625,396.708,-28.93799999999996,"[-41.58349999999999, -20.458499999999987]",-6.78963826133262,"[-9.663153273794261, -4.811922102018701]",12,5,60,10000
cpu,ptsans,2,grid_pollution,hot_return,1,94,complete_us,current,final,427.979,396.72900000000004,429.64599999999996,396.72900000000004,-28.916999999999973,"[-41.58349999999999, -20.458499999999987]",-6.784750277625901,"[-9.663153273794261, -4.811446799851005]",12,5,60,10000
cpu,ptsans,2,grid_pollution,hot_return,1,94,draw_us,current,pool,427.875,416.0,429.4375,415.4585,-15.18799999999996,"[-17.18700000000004, -8.853999999999985]",-3.539469201132089,"[-4.010100196463462, -2.0713479334762033]",12,5,60,10000
cpu,ptsans,2,grid_pollution,hot_return,1,94,submit_us,current,pool,427.95849999999996,416.2915,429.625,415.625,-15.292000000000002,"[-17.167, -8.749500000000012]",-3.561672827266471,"[-3.9939777252131714, -2.0463349980104297]",12,5,60,10000
cpu,ptsans,2,grid_pollution,hot_return,1,94,complete_us,current,pool,427.979,416.2915,429.64599999999996,415.646,-15.271499999999975,"[-17.145999999999987, -8.791499999999985]",-3.5567673181706616,"[-3.9937648752375594, -2.0559612307875117]",12,5,60,10000
cpu,ptsans,2,grid_pollution,hot_return,1,94,draw_us,final,pool,396.583,416.0,396.583,415.4585,17.895999999999987,"[8.853999999999985, 23.958]",4.534675042454939,"[2.1539015246336057, 6.147516401953834]",12,5,60,10000
cpu,ptsans,2,grid_pollution,hot_return,1,94,submit_us,final,pool,396.708,416.2915,396.708,415.625,17.8955,"[8.832999999999998, 24.041999999999973]",4.5331535654768,"[2.1475106909882635, 6.161019408826851]",12,5,60,10000
cpu,ptsans,2,grid_pollution,hot_return,1,94,complete_us,final,pool,396.72900000000004,416.2915,396.72900000000004,415.646,17.895500000000027,"[8.791500000000013, 24.06249999999997]",4.532671321588754,"[2.137215538520798, 6.16647749849546]",12,5,60,10000
cpu,ptsans,2,grid_pollution,hot_second,1,94,draw_us,master,current,389.0,147.89600000000002,388.20799999999997,148.1045,-239.72899999999998,"[-251.72899999999998, -233.16600000000003]",-61.81423935485752,"[-63.41468084419179, -60.73685563425168]",12,5,60,10000
cpu,ptsans,2,grid_pollution,hot_second,1,94,submit_us,master,current,389.0625,147.95850000000002,388.271,148.188,-239.72899999999998,"[-251.83300000000003, -233.22899999999998]",-61.80093390649003,"[-63.4175565348567, -60.73341572814097]",12,5,60,10000
cpu,ptsans,2,grid_pollution,hot_second,1,94,complete_us,master,current,389.0835,147.9795,388.29150000000004,148.188,-239.7495,"[-251.7915, -233.22949999999997]",-61.8029646051052,"[-63.4070450839893, -60.730221733117155]",12,5,60,10000
cpu,ptsans,2,grid_pollution,hot_second,1,94,draw_us,master,final,389.0,147.312,388.20799999999997,147.91649999999998,-242.4375,"[-252.8955, -236.1035]",-62.36162144084666,"[-63.48880027264262, -61.156222646605]",12,5,60,10000
cpu,ptsans,2,grid_pollution,hot_second,1,94,submit_us,master,final,389.0625,147.39600000000002,388.271,147.97899999999998,-242.4375,"[-252.8955, -236.14550000000003]",-62.35780280575895,"[-63.475029011074206, -61.14640922943991]",12,5,60,10000
cpu,ptsans,2,grid_pollution,hot_second,1,94,complete_us,master,final,389.0835,147.39600000000002,388.29150000000004,147.97899999999998,-242.417,"[-252.89550000000003, -236.10350000000003]",-62.361824411789485,"[-63.46424892284443, -61.140980530233804]",12,5,60,10000
cpu,ptsans,2,grid_pollution,hot_second,1,94,draw_us,master,pool,389.0,143.8125,388.20799999999997,144.3125,-245.29200000000003,"[-254.08350000000002, -239.89550000000003]",-63.306417421386975,"[-64.05710540058904, -62.48971958303291]",12,5,60,10000
cpu,ptsans,2,grid_pollution,hot_second,1,94,submit_us,master,pool,389.0625,143.8755,388.271,144.375,-245.33350000000002,"[-254.08350000000002, -239.97949999999997]",-63.29863617580172,"[-64.04533989824829, -62.49115306615742]",12,5,60,10000
cpu,ptsans,2,grid_pollution,hot_second,1,94,complete_us,master,pool,389.0835,143.89600000000002,388.29150000000004,144.39600000000002,-245.31250000000003,"[-254.08350000000002, -239.95899999999997]",-63.29863617580172,"[-64.04533989824829, -62.48238824337534]",12,5,60,10000
cpu,ptsans,2,grid_pollution,hot_second,1,94,draw_us,current,final,147.89600000000002,147.312,148.1045,147.91649999999998,-1.4375,"[-5.542500000000004, 4.313000000000002]",-0.9346626904997213,"[-3.7628559474768952, 3.0305327011173167]",12,5,60,10000
cpu,ptsans,2,grid_pollution,hot_second,1,94,submit_us,current,final,147.95850000000002,147.39600000000002,148.188,147.97899999999998,-1.4585000000000008,"[-5.563000000000002, 4.333500000000001]",-0.9479206427606524,"[-3.7748566527252283, 3.0437671661452836]",12,5,60,10000
cpu,ptsans,2,grid_pollution,hot_second,1,94,complete_us,current,final,147.9795,147.39600000000002,148.188,147.97899999999998,-1.4164999999999992,"[-5.583500000000001, 4.313000000000002]",-0.9206257526095829,"[-3.7885601924039616, 3.028765262375399]",12,5,60,10000
cpu,ptsans,2,grid_pollution,hot_second,1,94,draw_us,current,pool,147.89600000000002,143.8125,148.1045,144.3125,-4.1875,"[-7.834000000000003, 0.3534999999999968]",-2.813051563062252,"[-5.326385746930801, 0.2541621915309489]",12,5,60,10000
cpu,ptsans,2,grid_pollution,hot_second,1,94,submit_us,current,pool,147.95850000000002,143.8755,148.188,144.375,-4.145499999999998,"[-7.854500000000002, 0.375]",-2.782970483534375,"[-5.337773419266339, 0.2691929959663719]",12,5,60,10000
cpu,ptsans,2,grid_pollution,hot_second,1,94,complete_us,current,pool,147.9795,143.89600000000002,148.188,144.39600000000002,-4.146000000000001,"[-7.833500000000001, 0.3545000000000016]",-2.7836703753277128,"[-5.323032376108311, 0.25470102205789047]",12,5,60,10000
cpu,ptsans,2,grid_pollution,hot_second,1,94,draw_us,final,pool,147.312,143.8125,147.91649999999998,144.3125,-3.8125,"[-7.626000000000005, 0.9164999999999992]",-2.456314562126166,"[-5.321890743184876, 0.6743864426800528]",12,5,60,10000
cpu,ptsans,2,grid_pollution,hot_second,1,94,submit_us,final,pool,147.39600000000002,143.8755,147.97899999999998,144.375,-3.8755000000000024,"[-7.604500000000002, 0.9170000000000016]",-2.4857306126138012,"[-5.3051294525116415, 0.6741537004761045]",12,5,60,10000
cpu,ptsans,2,grid_pollution,hot_second,1,94,complete_us,final,pool,147.39600000000002,143.89600000000002,147.97899999999998,144.39600000000002,-3.833500000000001,"[-7.604500000000002, 0.9164999999999992]",-2.46765167676104,"[-5.303575206940558, 0.6729277218691099]",12,5,60,10000
cpu,ptsans,2,grid_pollution,pollution,64,6016,draw_us,master,current,393.31929649999995,418.7984845,392.9921795,418.676742,24.39099250000001,"[22.785483999999997, 27.937812000000008]",6.179858276794414,"[5.761730490790573, 7.162705724238794]",12,5,60,10000
cpu,ptsans,2,grid_pollution,pollution,64,6016,submit_us,master,current,393.3795465,418.85799999999995,393.05439049999995,418.745086,24.391616999999997,"[22.791601999999983, 27.93653950000001]",6.179026721318149,"[5.762392087442658, 7.158955541244206]",12,5,60,10000
cpu,ptsans,2,grid_pollution,pollution,64,6016,complete_us,master,current,393.40205449999996,418.8775235,393.0739375,418.7629925,24.39060150000003,"[22.788718999999986, 27.931671499999993]",6.178453223117986,"[5.761337136915823, 7.157974136511758]",12,5,60,10000
cpu,ptsans,2,grid_pollution,pollution,64,6016,draw_us,master,final,393.31929649999995,379.4554065,392.9921795,380.056336,-13.290038999999979,"[-14.574265999999994, -10.612929500000007]",-3.3950987722006385,"[-3.6883699400654724, -2.705486024964526]",12,5,60,10000
cpu,ptsans,2,grid_pollution,pollution,64,6016,submit_us,master,final,393.3795465,379.516914,393.05439049999995,380.114891,-13.289704,"[-14.577765499999998, -10.61622650000001]",-3.3944509016192006,"[-3.6885627781141683, -2.705894181363261]",12,5,60,10000
cpu,ptsans,2,grid_pollution,pollution,64,6016,complete_us,master,final,393.40205449999996,379.535461,393.0739375,380.13610900000003,-13.28868749999998,"[-14.576477000000011, -10.61948449999997]",-3.3940085957993418,"[-3.68803842194752, -2.7065815878831554]",12,5,60,10000
cpu,ptsans,2,grid_pollution,pollution,64,6016,draw_us,master,pool,393.31929649999995,398.605164,392.9921795,398.875336,6.197594000000009,"[2.7516720000000134, 9.509077500000018]",1.5682719210499574,"[0.6986936810596478, 2.4349881828099718]",12,5,60,10000
cpu,ptsans,2,grid_pollution,pollution,64,6016,submit_us,master,pool,393.3795465,398.66668749999997,393.05439049999995,398.9365545,6.201531000000017,"[2.7518980000000113, 9.512093499999992]",1.5689412784791412,"[0.6986440803579019, 2.43538979908855]",12,5,60,10000
cpu,ptsans,2,grid_pollution,pollution,64,6016,complete_us,master,pool,393.40205449999996,398.68850050000003,393.0739375,398.96227350000004,6.202484000000027,"[2.754203500000017, 9.5091635]",1.5691009691447766,"[0.6991885408596299, 2.4345010383198695]",12,5,60,10000
cpu,ptsans,2,grid_pollution,pollution,64,6016,draw_us,current,final,418.7984845,379.4554065,418.676742,380.056336,-38.04333599999998,"[-41.260062500000004, -36.265968500000014]",-9.114045167972957,"[-9.856955292398478, -8.713040571627111]",12,5,60,10000
cpu,ptsans,2,grid_pollution,pollution,64,6016,submit_us,current,final,418.85799999999995,379.516914,418.745086,380.114891,-38.04688250000001,"[-41.26009350000001, -36.26014049999998]",-9.113532763049603,"[-9.855477548622122, -8.710431464019363]",12,5,60,10000
cpu,ptsans,2,grid_pollution,pollution,64,6016,complete_us,current,final,418.8775235,379.535461,418.7629925,380.13610900000003,-38.044805,"[-41.26011700000004, -36.25975]",-9.112599288561146,"[-9.854997007160026, -8.709880153970417]",12,5,60,10000
cpu,ptsans,2,grid_pollution,pollution,64,6016,draw_us,current,pool,418.7984845,398.605164,418.676742,398.875336,-19.435554999999994,"[-21.968116500000008, -15.960593499999987]",-4.657348363628549,"[-5.268191353505958, -3.803715876774272]",12,5,60,10000
cpu,ptsans,2,grid_pollution,pollution,64,6016,submit_us,current,pool,418.85799999999995,398.66668749999997,418.745086,398.9365545,-19.438836000000038,"[-21.968414499999994, -15.941039499999988]",-4.657430119419042,"[-5.267416283187631, -3.798531532615396]",12,5,60,10000
cpu,ptsans,2,grid_pollution,pollution,64,6016,complete_us,current,pool,418.8775235,398.68850050000003,418.7629925,398.96227350000004,-19.43523400000001,"[-21.96933599999997, -15.939757999999983]",-4.656372545710175,"[-5.267398492628578, -3.798045418150914]",12,5,60,10000
cpu,ptsans,2,grid_pollution,pollution,64,6016,draw_us,final,pool,379.4554065,398.605164,380.056336,398.875336,19.52505500000001,"[16.579430000000002, 22.728210999999988]",5.156264499094975,"[4.347173935566784, 6.038973172771611]",12,5,60,10000
cpu,ptsans,2,grid_pollution,pollution,64,6016,submit_us,final,pool,379.516914,398.66668749999997,380.114891,398.9365545,19.527382499999987,"[16.58377299999998, 22.72494549999996]",5.156064193523191,"[4.347621030292248, 6.037007445879238]",12,5,60,10000
cpu,ptsans,2,grid_pollution,pollution,64,6016,complete_us,final,pool,379.535461,398.68850050000003,380.13610900000003,398.96227350000004,19.526085499999994,"[16.582359499999995, 22.728859]",5.155407173327264,"[4.347005076629895, 6.037697066979087]",12,5,60,10000
cpu,ptsans,2,grid_singleton,once,1,94,draw_us,master,current,478.8125,501.22900000000004,479.8125,498.41650000000004,22.5205,"[15.521000000000015, 23.979000000000013]",4.704434916092226,"[3.199309478918011, 5.066715744494655]",12,5,60,10000
cpu,ptsans,2,grid_singleton,once,1,94,submit_us,master,current,478.9375,501.3125,479.979,498.5625,22.478999999999985,"[15.478999999999985, 23.979000000000013]",4.694546693386847,"[3.1896129930540695, 5.065377854637543]",12,5,60,10000
cpu,ptsans,2,grid_singleton,once,1,94,complete_us,master,current,478.9375,501.3545,479.979,498.5625,22.50049999999996,"[15.479000000000013, 24.0]",4.6988315804672105,"[3.189341760417752, 5.069825829220543]",12,5,60,10000
cpu,ptsans,2,grid_singleton,once,1,94,draw_us,master,final,478.8125,419.625,479.8125,421.60400000000004,-59.4795,"[-64.89550000000003, -51.667]",-12.361472286571818,"[-13.493313878080421, -10.870883611713623]",12,5,60,10000
cpu,ptsans,2,grid_singleton,once,1,94,submit_us,master,final,478.9375,419.77099999999996,479.979,421.75,-59.458500000000015,"[-64.89599999999999, -51.62500000000003]",-12.353915803231974,"[-13.488750904894186, -10.859188090314065]",12,5,60,10000
cpu,ptsans,2,grid_singleton,once,1,94,complete_us,master,final,478.9375,419.8125,479.979,421.77049999999997,-59.43800000000002,"[-64.91650000000001, -51.62450000000001]",-12.349637911377082,"[-13.49242509962637, -10.858601932335876]",12,5,60,10000
cpu,ptsans,2,grid_singleton,once,1,94,draw_us,master,pool,478.8125,434.6665,479.8125,433.271,-45.68699999999998,"[-50.87450000000001, -39.021499999999975]",-9.516274717514122,"[-10.513317784615989, -8.190979804099912]",12,5,60,10000
cpu,ptsans,2,grid_singleton,once,1,94,submit_us,master,pool,478.9375,434.7915,479.979,433.4375,-45.6875,"[-50.93700000000004, -39.021499999999975]",-9.508895995427812,"[-10.523015932655472, -8.188831128498347]",12,5,60,10000
cpu,ptsans,2,grid_singleton,once,1,94,complete_us,master,pool,478.9375,434.8125,479.979,433.45849999999996,-45.666,"[-50.93700000000001, -39.04199999999997]",-9.504522517033841,"[-10.522469171319376, -8.192768365500008]",12,5,60,10000
cpu,ptsans,2,grid_singleton,once,1,94,draw_us,current,final,501.22900000000004,419.625,498.41650000000004,421.60400000000004,-77.70849999999999,"[-80.68700000000004, -74.33300000000003]",-15.513160670739873,"[-16.229265822573723, -15.001206904310898]",12,5,60,10000
cpu,ptsans,2,grid_singleton,once,1,94,submit_us,current,final,501.3125,419.77099999999996,498.5625,421.75,-77.68799999999996,"[-80.666, -74.33300000000003]",-15.505200832078899,"[-16.219613989144918, -14.989016973617069]",12,5,60,10000
cpu,ptsans,2,grid_singleton,once,1,94,complete_us,current,final,501.3545,419.8125,498.5625,421.77049999999997,-77.70849999999999,"[-80.66650000000001, -74.333]",-15.508637300197098,"[-16.21901762490205, -14.991989619134738]",12,5,60,10000
cpu,ptsans,2,grid_singleton,once,1,94,draw_us,current,pool,501.22900000000004,434.6665,498.41650000000004,433.271,-65.792,"[-71.5205, -62.416499999999985]",-13.267152811234356,"[-14.230191811582804, -12.495877454044619]",12,5,60,10000
cpu,ptsans,2,grid_singleton,once,1,94,submit_us,current,pool,501.3125,434.7915,498.5625,433.4375,-65.79199999999997,"[-71.47900000000001, -62.416499999999985]",-13.26806437219885,"[-14.21958325269178, -12.492753208264867]",12,5,60,10000
cpu,ptsans,2,grid_singleton,once,1,94,complete_us,current,pool,501.3545,434.8125,498.5625,433.45849999999996,-65.81299999999996,"[-71.458, -62.45849999999999]",-13.271585939133379,"[-14.21481507423481, -12.496431717102745]",12,5,60,10000
cpu,ptsans,2,grid_singleton,once,1,94,draw_us,final,pool,419.625,434.6665,421.60400000000004,433.271,12.12450000000004,"[6.875, 17.229000000000042]",2.9179036510670553,"[1.6274757946313057, 4.141088619362776]",12,5,60,10000
cpu,ptsans,2,grid_singleton,once,1,94,submit_us,final,pool,419.77099999999996,434.7915,421.75,433.4375,12.104000000000042,"[6.854000000000013, 17.229000000000013]",2.9120568759443577,"[1.6219485175867576, 4.139426166964166]",12,5,60,10000
cpu,ptsans,2,grid_singleton,once,1,94,complete_us,final,pool,419.8125,434.8125,421.77049999999997,433.45849999999996,12.08250000000001,"[6.85450000000003, 17.25]",2.9066379778832308,"[1.6219831146985775, 4.144475251276658]",12,5,60,10000
cpu,ptsans,2,grid_two_phases,first,1,94,draw_us,master,current,429.02099999999996,452.02099999999996,429.1875,452.1035,25.125499999999988,"[18.5625, 27.521000000000015]",5.827430404993694,"[4.364917842586403, 6.412351310847708]",12,5,60,10000
cpu,ptsans,2,grid_two_phases,first,1,94,submit_us,master,current,429.16700000000003,452.125,429.3335,452.2495,25.125500000000017,"[18.562999999999988, 27.5]",5.82576246744112,"[4.36409040019845, 6.405277555210754]",12,5,60,10000
cpu,ptsans,2,grid_two_phases,first,1,94,complete_us,master,current,429.188,452.125,429.35450000000003,452.2495,25.125499999999988,"[18.5625, 27.479000000000013]",5.825462629954858,"[4.363635045387316, 6.400848013008242]",12,5,60,10000
cpu,ptsans,2,grid_two_phases,first,1,94,draw_us,master,final,429.02099999999996,372.75,429.1875,374.542,-54.10400000000001,"[-59.20849999999999, -47.45800000000003]",-12.525555736884153,"[-14.018619957806589, -11.084592200472054]",12,5,60,10000
cpu,ptsans,2,grid_two_phases,first,1,94,submit_us,master,final,429.16700000000003,372.875,429.3335,374.667,-54.10400000000001,"[-59.16650000000001, -47.41650000000001]",-12.521931932326485,"[-14.005922540838789, -11.07224873821256]",12,5,60,10000
cpu,ptsans,2,grid_two_phases,first,1,94,complete_us,master,final,429.188,372.89599999999996,429.35450000000003,374.688,-54.10400000000001,"[-59.1875, -47.41700000000003]",-12.520714804595002,"[-14.009524198764012, -11.071777377591307]",12,5,60,10000
cpu,ptsans,2,grid_two_phases,first,1,94,draw_us,master,pool,429.02099999999996,389.85400000000004,429.1875,390.16650000000004,-36.8125,"[-40.333500000000015, -33.978999999999985]",-8.798287305371755,"[-9.354322270382927, -7.963117567902428]",12,5,60,10000
cpu,ptsans,2,grid_two_phases,first,1,94,submit_us,master,pool,429.16700000000003,389.97900000000004,429.3335,390.29150000000004,-36.792,"[-40.37499999999997, -33.95849999999999]",-8.791148664543364,"[-9.361206177464082, -7.955891063518211]",12,5,60,10000
cpu,ptsans,2,grid_two_phases,first,1,94,complete_us,master,pool,429.188,390.0,429.35450000000003,390.3125,-36.77099999999999,"[-40.3545, -33.93799999999999]",-8.785744584329574,"[-9.356011383697366, -7.950728127828233]",12,5,60,10000
cpu,ptsans,2,grid_two_phases,first,1,94,draw_us,current,final,452.02099999999996,372.75,452.1035,374.542,-78.95850000000002,"[-82.60400000000001, -74.22850000000003]",-17.637306725300927,"[-18.06654799487416, -16.451314569567828]",12,5,60,10000
cpu,ptsans,2,grid_two_phases,first,1,94,submit_us,current,final,452.125,372.875,452.2495,374.667,-78.95850000000002,"[-82.60450000000003, -74.167]",-17.632385387175603,"[-18.057191347219074, -16.43836426754639]",12,5,60,10000
cpu,ptsans,2,grid_two_phases,first,1,94,complete_us,current,final,452.125,372.89599999999996,452.2495,374.688,-78.93800000000002,"[-82.60450000000003, -74.14599999999999]",-17.627789778826475,"[-18.056337072353816, -16.433034289714982]",12,5,60,10000
cpu,ptsans,2,grid_two_phases,first,1,94,draw_us,current,pool,452.02099999999996,389.85400000000004,452.1035,390.16650000000004,-64.1035,"[-69.72900000000001, -55.02050000000003]",-14.238387127848178,"[-15.29225458808972, -12.454733238193954]",12,5,60,10000
cpu,ptsans,2,grid_two_phases,first,1,94,submit_us,current,pool,452.125,389.97900000000004,452.2495,390.29150000000004,-64.10399999999998,"[-69.75, -55.0]",-14.238951460430116,"[-15.288794324502636, -12.446600184872386]",12,5,60,10000
cpu,ptsans,2,grid_two_phases,first,1,94,complete_us,current,pool,452.125,390.0,452.2495,390.3125,-64.06200000000001,"[-69.72900000000001, -54.97900000000001]",-14.229791598884622,"[-15.279467654480744, -12.441251264115628]",12,5,60,10000
cpu,ptsans,2,grid_two_phases,first,1,94,draw_us,final,pool,372.75,389.85400000000004,374.542,390.16650000000004,16.625,"[7.583000000000027, 24.666500000000013]",4.568556594351946,"[2.000874747365111, 6.636298938611118]",12,5,60,10000
cpu,ptsans,2,grid_two_phases,first,1,94,submit_us,final,pool,372.875,389.97900000000004,374.667,390.29150000000004,16.604000000000013,"[7.583500000000015, 24.6045]",4.561264405944366,"[2.000237630858348, 6.617112318280305]",12,5,60,10000
cpu,ptsans,2,grid_two_phases,first,1,94,complete_us,final,pool,372.89599999999996,390.0,374.688,390.3125,16.62549999999996,"[7.583499999999987, 24.6045]",4.567004277959885,"[2.000126813135472, 6.616377922008631]",12,5,60,10000
cpu,ptsans,2,grid_two_phases,second,1,94,draw_us,master,current,380.8125,143.29149999999998,380.72950000000003,143.83350000000002,-236.66649999999998,"[-240.5215, -232.4375]",-62.31881192629433,"[-62.98838167886707, -61.05056379938397]",12,5,60,10000
cpu,ptsans,2,grid_two_phases,second,1,94,submit_us,master,current,380.896,143.3745,380.834,143.91649999999998,-236.66650000000004,"[-240.52100000000002, -232.459]",-62.307229576251274,"[-62.97470843524894, -61.03945551079998]",12,5,60,10000
cpu,ptsans,2,grid_two_phases,second,1,94,complete_us,master,current,380.896,143.3955,380.834,143.91649999999998,-236.6665,"[-240.5005, -232.459]",-62.30374796333581,"[-62.97119431735475, -61.03945551079998]",12,5,60,10000
cpu,ptsans,2,grid_two_phases,second,1,94,draw_us,master,final,380.8125,145.5625,380.72950000000003,144.60399999999998,-235.792,"[-242.8335, -234.625]",-62.0892398114176,"[-63.607585384236984, -61.6150101515075]",12,5,60,10000
cpu,ptsans,2,grid_two_phases,second,1,94,submit_us,master,final,380.896,145.64600000000002,380.834,144.7295,-235.813,"[-242.896, -234.6665]",-62.07788578736693,"[-63.5884923885359, -61.60907959370037]",12,5,60,10000
cpu,ptsans,2,grid_two_phases,second,1,94,complete_us,master,final,380.896,145.667,380.834,144.75,-235.771,"[-242.85399999999998, -234.625]",-62.07441720177219,"[-63.577705988734124, -61.598184252265305]",12,5,60,10000
cpu,ptsans,2,grid_two_phases,second,1,94,draw_us,master,pool,380.8125,143.77100000000002,380.72950000000003,142.70850000000002,-239.08350000000002,"[-240.85449999999997, -233.5625]",-62.32467392283556,"[-63.23755373539838, -61.462558871665394]",12,5,60,10000
cpu,ptsans,2,grid_two_phases,second,1,94,submit_us,master,pool,380.896,143.85399999999998,380.834,142.77100000000002,-239.08350000000002,"[-240.91750000000002, -233.604]",-62.316569626935376,"[-63.23122377995954, -61.45141018501667]",12,5,60,10000
cpu,ptsans,2,grid_two_phases,second,1,94,complete_us,master,pool,380.896,143.85399999999998,380.834,142.792,-239.0625,"[-240.9175, -233.6045]",-62.31310709709427,"[-63.225859632872016, -61.44605070789249]",12,5,60,10000
cpu,ptsans,2,grid_two_phases,second,1,94,draw_us,current,final,143.29149999999998,145.5625,143.83350000000002,144.60399999999998,0.8119999999999976,"[-5.978999999999999, 3.0625]",0.5848071077461214,"[-4.057891662545909, 2.137520636680945]",12,5,60,10000
cpu,ptsans,2,grid_two_phases,second,1,94,submit_us,current,final,143.3745,145.64600000000002,143.91649999999998,144.7295,0.8335000000000008,"[-5.958500000000001, 3.0625]",0.5989497847824821,"[-4.0427763412339495, 2.136283045829568]",12,5,60,10000
cpu,ptsans,2,grid_two_phases,second,1,94,complete_us,current,final,143.3955,145.667,143.91649999999998,144.75,0.8534999999999968,"[-5.979500000000002, 3.083500000000001]",0.6126546602840843,"[-4.055950070320074, 2.150493783333407]",12,5,60,10000
cpu,ptsans,2,grid_two_phases,second,1,94,draw_us,current,pool,143.29149999999998,143.77100000000002,143.83350000000002,142.70850000000002,-2.396000000000001,"[-6.228999999999999, 4.020499999999998]",-1.6405539253444068,"[-4.164488806614253, 2.842650773218547]",12,5,60,10000
cpu,ptsans,2,grid_two_phases,second,1,94,submit_us,current,pool,143.3745,143.85399999999998,143.91649999999998,142.77100000000002,-2.396000000000001,"[-6.228499999999997, 4.0]",-1.6396219244352472,"[-4.162614036501494, 2.826747010463382]",12,5,60,10000
cpu,ptsans,2,grid_two_phases,second,1,94,complete_us,current,pool,143.3955,143.85399999999998,143.91649999999998,142.792,-2.375,"[-6.228499999999997, 3.9994999999999976]",-1.6248781627038467,"[-4.161842322142534, 2.825461084273162]",12,5,60,10000
cpu,ptsans,2,grid_two_phases,second,1,94,draw_us,final,pool,145.5625,143.77100000000002,144.60399999999998,142.70850000000002,1.7085000000000008,"[-4.833500000000001, 4.499499999999998]",1.185089881465784,"[-3.3068378897141093, 3.2947148936195325]",12,5,60,10000
cpu,ptsans,2,grid_two_phases,second,1,94,submit_us,final,pool,145.64600000000002,143.85399999999998,144.7295,142.77100000000002,1.6880000000000024,"[-4.834000000000003, 4.478999999999999]",1.1704147174640522,"[-3.3057943687207714, 3.2783136953634884]",12,5,60,10000
cpu,ptsans,2,grid_two_phases,second,1,94,complete_us,final,pool,145.667,143.85399999999998,144.75,142.792,1.6875,"[-4.854500000000002, 4.5]",1.1699512456352368,"[-3.3188856443178647, 3.2930649396595846]",12,5,60,10000
cpu,ptsans,2,grid_unique_sizes,sweep,32,3008,draw_us,master,current,377.74020299999995,403.341875,377.9062655,403.57421899999997,25.605437999999992,"[23.352171999999996, 27.109484500000008]",6.768281843364332,"[6.117050665410573, 7.18388386641341]",12,5,60,10000
cpu,ptsans,2,grid_unique_sizes,sweep,32,3008,submit_us,master,current,377.80076599999995,403.411469,377.9700625,403.637297,25.594265499999977,"[23.358577999999994, 27.110109499999993]",6.7641053253177486,"[6.117688794358534, 7.181799650371589]",12,5,60,10000
cpu,ptsans,2,grid_unique_sizes,sweep,32,3008,complete_us,master,current,377.818375,403.433609,377.99025,403.658187,25.597609500000033,"[23.35611, 27.113374499999992]",6.764603655476642,"[6.116680565427746, 7.182329617653216]",12,5,60,10000
cpu,ptsans,2,grid_unique_sizes,sweep,32,3008,draw_us,master,final,377.74020299999995,366.85356249999995,377.9062655,366.843141,-11.110749499999969,"[-12.48760949999999, -9.918000499999977]",-2.9415627438189706,"[-3.3000407813257917, -2.6432670520114945]",12,5,60,10000
cpu,ptsans,2,grid_unique_sizes,sweep,32,3008,submit_us,master,final,377.80076599999995,366.91803100000004,377.9700625,366.9108435,-11.120484499999975,"[-12.48695349999997, -9.926468499999999]",-2.943596470958143,"[-3.299331441706016, -2.645078333491396]",12,5,60,10000
cpu,ptsans,2,grid_unique_sizes,sweep,32,3008,complete_us,master,final,377.818375,366.9387655,377.99025,366.9329685,-11.119843500000002,"[-12.488859500000018, -9.92053150000001]",-2.943263273181307,"[-3.299641595097358, -2.6433852389425807]",12,5,60,10000
cpu,ptsans,2,grid_unique_sizes,sweep,32,3008,draw_us,master,pool,377.74020299999995,385.081375,377.9062655,385.5644375,7.020937500000002,"[5.96292200000002, 8.298078500000003]",1.8478233040676306,"[1.5725828422945898, 2.193358161839809]",12,5,60,10000
cpu,ptsans,2,grid_unique_sizes,sweep,32,3008,submit_us,master,pool,377.80076599999995,385.1412815,377.9700625,385.624375,7.01515599999999,"[5.953156000000007, 8.289687499999985]",1.8426823735037123,"[1.5697366999467333, 2.1907438971850657]",12,5,60,10000
cpu,ptsans,2,grid_unique_sizes,sweep,32,3008,complete_us,master,pool,377.818375,385.164766,377.99025,385.648469,7.017656499999987,"[5.958422000000013, 8.289687500000014]",1.8436148341227754,"[1.5710451138877812, 2.190620118669051]",12,5,60,10000
cpu,ptsans,2,grid_unique_sizes,sweep,32,3008,draw_us,current,final,403.341875,366.85356249999995,403.57421899999997,366.843141,-36.97143749999998,"[-38.32231300000001, -35.79098400000001]",-9.16100489315806,"[-9.471453515270301, -8.855470592623131]",12,5,60,10000
cpu,ptsans,2,grid_unique_sizes,sweep,32,3008,submit_us,current,final,403.411469,366.91803100000004,403.637297,366.9108435,-36.97459399999997,"[-38.32757800000002, -35.801327999999955]",-9.160354937253596,"[-9.471223287796743, -8.856266811725089]",12,5,60,10000
cpu,ptsans,2,grid_unique_sizes,sweep,32,3008,complete_us,current,final,403.433609,366.9387655,403.658187,366.9329685,-36.9740305,"[-38.32946849999999, -35.79817200000002]",-9.15974122789603,"[-9.470660402093017, -8.855431804069891]",12,5,60,10000
cpu,ptsans,2,grid_unique_sizes,sweep,32,3008,draw_us,current,pool,403.341875,385.081375,403.57421899999997,385.5644375,-18.949843500000014,"[-20.324952999999994, -16.39064049999999]",-4.679446226410266,"[-5.024219418554804, -4.038463039741286]",12,5,60,10000
cpu,ptsans,2,grid_unique_sizes,sweep,32,3008,submit_us,current,pool,403.411469,385.1412815,403.637297,385.624375,-18.962890499999986,"[-20.33268799999999, -16.394390500000014]",-4.6817915450441845,"[-5.025318691094599, -4.0387366554582025]",12,5,60,10000
cpu,ptsans,2,grid_unique_sizes,sweep,32,3008,complete_us,current,pool,403.433609,385.164766,403.658187,385.648469,-18.96873450000004,"[-20.32879649999998, -16.39707850000002]",-4.6829641873797625,"[-5.024096148202167, -4.039188146235567]",12,5,60,10000
cpu,ptsans,2,grid_unique_sizes,sweep,32,3008,draw_us,final,pool,366.85356249999995,385.081375,366.843141,385.5644375,18.285812499999963,"[16.774749999999983, 19.30801599999998]",5.014834712956928,"[4.594972217687365, 5.2527765291956685]",12,5,60,10000
cpu,ptsans,2,grid_unique_sizes,sweep,32,3008,submit_us,final,pool,366.91803100000004,385.1412815,366.9108435,385.624375,18.285202999999996,"[16.7707815, 19.311874499999988]",5.013829288355165,"[4.593091930256188, 5.253025765284125]",12,5,60,10000
cpu,ptsans,2,grid_unique_sizes,sweep,32,3008,complete_us,final,pool,366.9387655,385.164766,366.9329685,385.648469,18.283875000000023,"[16.769484500000004, 19.31059349999998]",5.01316047654774,"[4.592455187344957, 5.252356070619657]",12,5,60,10000
cpu,ptsans,2,grid_unique_variations,sweep,32,3008,draw_us,master,current,248.32032800000002,273.324891,248.1211095,274.382828,25.516952500000002,"[24.197999999999993, 27.587249999999997]",10.294226441973542,"[9.644744815063632, 11.12582592670518]",12,5,60,10000
cpu,ptsans,2,grid_unique_variations,sweep,32,3008,submit_us,master,current,248.386125,273.38534400000003,248.190078,274.453078,25.509718999999976,"[24.195328000000003, 27.576749500000005]",10.286023092717166,"[9.643243449268969, 11.118343891677085]",12,5,60,10000
cpu,ptsans,2,grid_unique_variations,sweep,32,3008,complete_us,master,current,248.41082799999998,273.40820299999996,248.212844,274.4706405,25.5071875,"[24.190796499999976, 27.576109500000015]",10.284650537414697,"[9.639939958755694, 11.117149852540898]",12,5,60,10000
cpu,ptsans,2,grid_unique_variations,sweep,32,3008,draw_us,master,final,248.32032800000002,173.2857655,248.1211095,172.50593750000002,-74.6385625,"[-76.8867345, -73.02340650000001]",-30.314528278166833,"[-30.70730521608066, -29.527194240730616]",12,5,60,10000
cpu,ptsans,2,grid_unique_variations,sweep,32,3008,submit_us,master,final,248.386125,173.347625,248.190078,172.5678125,-74.63143749999999,"[-76.893234, -73.026703]",-30.30313004607254,"[-30.701548711576947, -29.51926115730788]",12,5,60,10000
cpu,ptsans,2,grid_unique_variations,sweep,32,3008,complete_us,master,final,248.41082799999998,173.36975,248.212844,172.592469,-74.63589050000002,"[-76.8938905, -73.02281249999999]",-30.30228989884572,"[-30.698928877114394, -29.51726506955221]",12,5,60,10000
cpu,ptsans,2,grid_unique_variations,sweep,32,3008,draw_us,master,pool,248.32032800000002,189.4811405,248.1211095,189.8359375,-58.576124500000006,"[-60.71285949999999, -55.585297]",-23.657834367497543,"[-24.368070233057402, -22.462713515525593]",12,5,60,10000
cpu,ptsans,2,grid_unique_variations,sweep,32,3008,submit_us,master,pool,248.386125,189.542375,248.190078,189.89653149999998,-58.58989050000001,"[-60.724406, -55.59565649999999]",-23.65815312350965,"[-24.365710207547586, -22.457774567704426]",12,5,60,10000
cpu,ptsans,2,grid_unique_variations,sweep,32,3008,complete_us,master,pool,248.41082799999998,189.56118750000002,248.212844,189.919297,-58.59239099999999,"[-60.7225155, -55.502577999999986]",-23.6552560412931,"[-24.36271398110138, -22.417554204543272]",12,5,60,10000
cpu,ptsans,2,grid_unique_variations,sweep,32,3008,draw_us,current,final,273.324891,173.2857655,274.382828,172.50593750000002,-100.556,"[-102.70762450000001, -98.91275000000002]",-36.80250005128853,"[-37.25844548807885, -36.34231365234304]",12,5,60,10000
cpu,ptsans,2,grid_unique_variations,sweep,32,3008,submit_us,current,final,273.38534400000003,173.347625,274.453078,172.5678125,-100.55521850000002,"[-102.71210949999998, -98.91268699999998]",-36.79468189251551,"[-37.24914855687507, -36.334530635284636]",12,5,60,10000
cpu,ptsans,2,grid_unique_variations,sweep,32,3008,complete_us,current,final,273.40820299999996,173.36975,274.4706405,172.592469,-100.66260950000002,"[-102.70831199999999, -98.9068595]",-36.79044699590159,"[-37.24458178821429, -36.330779799698405]",12,5,60,10000
cpu,ptsans,2,grid_unique_variations,sweep,32,3008,draw_us,current,pool,273.324891,189.4811405,274.382828,189.8359375,-84.265656,"[-85.43751499999999, -82.08339050000002]",-30.58487965254844,"[-31.28598934887001, -29.88548320942642]",12,5,60,10000
cpu,ptsans,2,grid_unique_variations,sweep,32,3008,submit_us,current,pool,273.38534400000003,189.542375,274.453078,189.89653149999998,-84.2727185,"[-85.447891, -82.09106249999999]",-30.580043504170916,"[-31.28111936904068, -29.88064220792181]",12,5,60,10000
cpu,ptsans,2,grid_unique_variations,sweep,32,3008,complete_us,current,pool,273.40820299999996,189.56118750000002,274.4706405,189.919297,-84.268172,"[-85.442719, -82.08451550000001]",-30.576125303113578,"[-31.277177301270033, -29.8759747098974]",12,5,60,10000
cpu,ptsans,2,grid_unique_variations,sweep,32,3008,draw_us,final,pool,173.2857655,189.4811405,172.50593750000002,189.8359375,16.027328499999996,"[15.388641000000007, 18.636687499999994]",9.198359798009637,"[8.959978091379039, 10.784840675992625]",12,5,60,10000
cpu,ptsans,2,grid_unique_variations,sweep,32,3008,submit_us,final,pool,173.347625,189.542375,172.5678125,189.89653149999998,16.026749499999994,"[15.378796499999993, 18.6296095]",9.190262859338972,"[8.954565638461764, 10.776644297096494]",12,5,60,10000
cpu,ptsans,2,grid_unique_variations,sweep,32,3008,complete_us,final,pool,173.36975,189.56118750000002,172.592469,189.919297,16.028641000000007,"[15.377577499999987, 18.633483999999996]",9.241396867658558,"[8.954451121734019, 10.777658031882677]",12,5,60,10000
cpu,ptsans,2,text,first_paint,1,1253,draw_us,master,current,9249.5415,8603.916,9252.541,8590.021,-675.0415000000003,"[-729.5414999999994, -599.9165000000003]",-7.294316488985947,"[-7.804292197240914, -6.475325298797935]",12,5,60,10000
cpu,ptsans,2,text,first_paint,1,1253,submit_us,master,current,9252.125,8606.583,9255.145499999999,8594.2085,-675.125,"[-729.9165000000003, -599.375]",-7.293214369565049,"[-7.80603495223105, -6.467717041236942]",12,5,60,10000
cpu,ptsans,2,text,first_paint,1,1253,complete_us,master,current,9252.146,8606.604,9255.145499999999,8594.2085,-675.1459999999997,"[-729.9170000000004, -599.3744999999999]",-7.293424819700589,"[-7.806024792335132, -6.4676826642365235]",12,5,60,10000
cpu,ptsans,2,text,first_paint,1,1253,draw_us,master,final,9249.5415,8371.6665,9252.541,8345.187,-884.5834999999997,"[-965.7705000000005, -854.5414999999994]",-9.57474374317192,"[-10.411706981851708, -9.23481781296437]",12,5,60,10000
cpu,ptsans,2,text,first_paint,1,1253,submit_us,master,final,9252.125,8374.0835,9255.145499999999,8347.458,-884.9170000000004,"[-965.0209999999997, -854.6040000000003]",-9.574742880652042,"[-10.401054089419498, -9.23307445142677]",12,5,60,10000
cpu,ptsans,2,text,first_paint,1,1253,complete_us,master,final,9252.146,8374.0835,9255.145499999999,8347.479,-884.9165000000003,"[-965.0209999999997, -854.625]",-9.57491825037105,"[-10.40100700612529, -9.233260625859096]",12,5,60,10000
cpu,ptsans,2,text,first_paint,1,1253,draw_us,master,pool,9249.5415,8523.9375,9252.541,8520.417000000001,-704.5409999999993,"[-806.375500000001, -628.5624999999991]",-7.5634807226347185,"[-8.680890867955826, -6.869558758144145]",12,5,60,10000
cpu,ptsans,2,text,first_paint,1,1253,submit_us,master,pool,9252.125,8526.3755,9255.145499999999,8523.2295,-704.8959999999997,"[-806.0210000000006, -628.6040000000003]",-7.564898562993456,"[-8.67484669847872, -6.867865632389658]",12,5,60,10000
cpu,ptsans,2,text,first_paint,1,1253,complete_us,master,pool,9252.146,8526.4165,9255.145499999999,8523.271,-704.875,"[-806.0630000000001, -628.6039999999994]",-7.564658430044929,"[-8.675259567010512, -6.867834535703842]",12,5,60,10000
cpu,ptsans,2,text,first_paint,1,1253,draw_us,current,final,8603.916,8371.6665,8590.021,8345.187,-261.89549999999963,"[-295.10450000000037, -196.39549999999963]",-3.0480950542706333,"[-3.424693334955642, -2.2895212538850016]",12,5,60,10000
cpu,ptsans,2,text,first_paint,1,1253,submit_us,current,final,8606.583,8374.0835,8594.2085,8347.458,-261.66650000000027,"[-294.64599999999973, -198.125]",-3.0445565526628746,"[-3.418409256078181, -2.3085232870498853]",12,5,60,10000
cpu,ptsans,2,text,first_paint,1,1253,complete_us,current,final,8606.604,8374.0835,8594.2085,8347.479,-261.6875,"[-294.625, -198.10400000000027]",-3.0447934545411,"[-3.4181565393205604, -2.3082789459320017]",12,5,60,10000
cpu,ptsans,2,text,first_paint,1,1253,draw_us,current,pool,8603.916,8523.9375,8590.021,8520.417000000001,-80.8744999999999,"[-104.79250000000047, 6.313000000000102]",-0.9473056057499207,"[-1.2204103990030635, 0.07287922013825554]",12,5,60,10000
cpu,ptsans,2,text,first_paint,1,1253,submit_us,current,pool,8606.583,8526.3755,8594.2085,8523.2295,-80.93700000000081,"[-104.4380000000001, 6.250500000001011]",-0.9481409914404049,"[-1.2159462906263074, 0.07213781229324367]",12,5,60,10000
cpu,ptsans,2,text,first_paint,1,1253,complete_us,current,pool,8606.604,8526.4165,8594.2085,8523.271,-80.9375,"[-104.4380000000001, 6.271500000000742]",-0.9481409914404049,"[-1.2159462906263074, 0.07237976401284207]",12,5,60,10000
cpu,ptsans,2,text,first_paint,1,1253,draw_us,final,pool,8371.6665,8523.9375,8345.187,8520.417000000001,201.18850000000066,"[172.39549999999963, 220.60400000000027]",2.4343121400747902,"[2.0694182014600937, 2.6335588741456695]",12,5,60,10000
cpu,ptsans,2,text,first_paint,1,1253,submit_us,final,pool,8374.0835,8526.3755,8347.458,8523.2295,201.2505000000001,"[172.125, 220.4994999999999]",2.434366844285929,"[2.0655114796919727, 2.631373559040906]",12,5,60,10000
cpu,ptsans,2,text,first_paint,1,1253,complete_us,final,pool,8374.0835,8526.4165,8347.479,8523.271,201.25,"[172.14550000000054, 220.52100000000064]",2.4343548753551048,"[2.065756818494102, 2.631625905535162]",12,5,60,10000
cpu,ptsans,2,text,reflow,3,1,draw_us,master,current,2060.6668335,2060.9373335,2055.9446664999996,2059.8125,-4.249833000000081,"[-9.632166999999981, 12.666500000000042]",-0.20790508864526047,"[-0.4676072173366852, 0.61660575635335]",12,5,60,10000
cpu,ptsans,2,text,reflow,3,1,submit_us,master,current,2061.1670000000004,2061.472167,2056.437667,2060.4238335,-4.236333000000172,"[-9.66000049999991, 12.888833499999919]",-0.2071877416365886,"[-0.4688966099414438, 0.627314005445545]",12,5,60,10000
cpu,ptsans,2,text,reflow,3,1,complete_us,master,current,2061.1808334999996,2061.479167,2056.458667,2060.437667,-4.2431660000000875,"[-9.659834000000046, 12.916833499999939]",-0.20752103283021572,"[-0.4688855131141423, 0.6286738770216016]",12,5,60,10000
cpu,ptsans,2,text,reflow,3,1,draw_us,master,final,2060.6668335,2061.9443334999996,2055.9446664999996,2060.9998335,6.5625,"[-11.520832999999925, 16.13850050000019]",0.31919334589219917,"[-0.5584420282811919, 0.7903184608053615]",12,5,60,10000
cpu,ptsans,2,text,reflow,3,1,submit_us,master,final,2061.1670000000004,2062.479167,2056.437667,2061.534667,6.576333499999919,"[-11.527500499999974, 16.117999499999996]",0.31977435634105156,"[-0.5586219555164029, 0.7891366305551983]",12,5,60,10000
cpu,ptsans,2,text,reflow,3,1,complete_us,master,final,2061.1808334999996,2062.5071669999998,2056.458667,2061.562667,6.611166999999796,"[-11.513666999999941, 16.124999500000058]",0.3214649526351532,"[-0.5579500566614548, 0.7894712047284758]",12,5,60,10000
cpu,ptsans,2,text,reflow,3,1,draw_us,master,pool,2060.6668335,2065.187167,2055.9446664999996,2059.306,10.37516699999992,"[-20.979000000000042, 19.33316650000006]",0.5050291629885684,"[-1.0172531601047197, 0.9506354918446536]",12,5,60,10000
cpu,ptsans,2,text,reflow,3,1,submit_us,master,pool,2061.1670000000004,2065.7013335,2056.437667,2059.8543335,10.40949999999998,"[-21.028000500000076, 19.333500000000072]",0.5065687933275553,"[-1.0193733146057704, 0.95042594746787]",12,5,60,10000
cpu,ptsans,2,text,reflow,3,1,complete_us,master,pool,2061.1808334999996,2065.7219999999998,2056.458667,2059.8681665,10.423166499999752,"[-21.020833499999867, 19.347332999999935]",0.5072320796517982,"[-1.0190276631379336, 0.9510971069454977]",12,5,60,10000
cpu,ptsans,2,text,reflow,3,1,draw_us,current,final,2060.9373335,2061.9443334999996,2059.8125,2060.9998335,4.368333000000121,"[-15.520666500000175, 17.506832999999915]",0.21353273778675907,"[-0.7523021978093458, 0.8524961736067871]",12,5,60,10000
cpu,ptsans,2,text,reflow,3,1,submit_us,current,final,2061.472167,2062.479167,2060.4238335,2061.534667,4.458333499999981,"[-15.59016650000001, 17.54166699999996]",0.21783336610420867,"[-0.7554597408041708, 0.8539787073225891]",12,5,60,10000
cpu,ptsans,2,text,reflow,3,1,complete_us,current,final,2061.479167,2062.5071669999998,2060.437667,2061.562667,4.472333499999877,"[-15.583333500000208, 17.534999999999854]",0.21851147209173138,"[-0.7551214879083834, 0.8536397796100825]",12,5,60,10000
cpu,ptsans,2,text,reflow,3,1,draw_us,current,pool,2060.9373335,2065.187167,2059.8125,2059.306,7.597500500000024,"[-6.375167000000147, 11.618499500000098]",0.3692612952368557,"[-0.3124505514932874, 0.5653525870946918]",12,5,60,10000
cpu,ptsans,2,text,reflow,3,1,submit_us,current,pool,2061.472167,2065.7013335,2060.4238335,2059.8543335,7.576500000000124,"[-6.437667000000147, 11.590333500000042]",0.3681354048925889,"[-0.31543883257647565, 0.5638438533946633]",12,5,60,10000
cpu,ptsans,2,text,reflow,3,1,complete_us,current,pool,2061.479167,2065.7219999999998,2060.437667,2059.8681665,7.5694999999998345,"[-6.437500499999942, 11.590332999999873]",0.36778975731401875,"[-0.31542621709339524, 0.5638420909756636]",12,5,60,10000
cpu,ptsans,2,text,reflow,3,1,draw_us,final,pool,2061.9443334999996,2065.187167,2060.9998335,2059.306,-4.604000000000042,"[-19.291500000000042, 19.44416650000005]",-0.22516146333188547,"[-0.9379724430405745, 0.948331727464613]",12,5,60,10000
cpu,ptsans,2,text,reflow,3,1,submit_us,final,pool,2062.479167,2065.7013335,2061.534667,2059.8543335,-4.590166999999951,"[-19.333667000000105, 19.46500000000026]",-0.22441884344152618,"[-0.9397916555791919, 0.9491190144984452]",12,5,60,10000
cpu,ptsans,2,text,reflow,3,1,complete_us,final,pool,2062.5071669999998,2065.7219999999998,2061.562667,2059.8681665,-4.603833499999951,"[-19.333666499999936, 19.4511665]",-0.2250827133946698,"[-0.939785358894546, 0.9484366389253651]",12,5,60,10000
cpu,ptsans,2,text,size_advance,12,5246,draw_us,master,current,5526.9010419999995,5039.5832085,5518.859417,5045.276041499999,-495.73254199999974,"[-523.5486669999996, -450.8732920000002]",-8.971661269505393,"[-9.486337449377519, -8.186469913915955]",12,5,60,10000
cpu,ptsans,2,text,size_advance,12,5246,submit_us,master,current,5527.51225,5040.328041999999,5519.501749999999,5045.8975835,-495.6058754999999,"[-523.5486249999999, -450.9009584999999]",-8.968421320171977,"[-9.485234168177136, -8.185774009937528]",12,5,60,10000
cpu,ptsans,2,text,size_advance,12,5246,complete_us,master,current,5527.534750000001,5040.347,5519.5242915,5045.923667,-495.6093335000005,"[-523.5520415000005, -450.9097499999998]",-8.968453491885743,"[-9.485257136927, -8.185889521680135]",12,5,60,10000
cpu,ptsans,2,text,size_advance,12,5246,draw_us,master,final,5526.9010419999995,5004.657875,5518.859417,5012.708125,-520.5763750000001,"[-552.7396250000002, -481.96341699999994]",-9.432429795231611,"[-10.016241078342986, -8.711469516515802]",12,5,60,10000
cpu,ptsans,2,text,size_advance,12,5246,submit_us,master,final,5527.51225,5005.275958,5519.501749999999,5013.359208,-520.5435000000002,"[-552.7673749999999, -481.8768335]",-9.431551384901372,"[-10.015576307067219, -8.708931646470925]",12,5,60,10000
cpu,ptsans,2,text,size_advance,12,5246,complete_us,master,final,5527.534750000001,5005.2933335,5519.5242915,5013.378333500001,-520.5486664999999,"[-552.7639164999996, -481.8785419999999]",-9.431570583694016,"[-10.015472641106786, -8.708927597040429]",12,5,60,10000
cpu,ptsans,2,text,size_advance,12,5246,draw_us,master,pool,5526.9010419999995,5033.401167,5518.859417,5041.093667,-502.54862550000007,"[-516.0972505, -479.6459584999998]",-8.99895458245345,"[-9.384320398705697, -8.701616262172173]",12,5,60,10000
cpu,ptsans,2,text,size_advance,12,5246,submit_us,master,pool,5527.51225,5034.2865,5519.501749999999,5041.701499999999,-502.5764170000002,"[-516.0816664999998, -479.6910829999997]",-8.998116705344833,"[-9.382990437865, -8.700061245956363]",12,5,60,10000
cpu,ptsans,2,text,size_advance,12,5246,complete_us,master,pool,5527.534750000001,5034.3072915,5519.5242915,5041.7222085,-502.57983349999995,"[-516.088542, -479.69112499999983]",-8.99814415045056,"[-9.383074962606408, -8.700148842184941]",12,5,60,10000
cpu,ptsans,2,text,size_advance,12,5246,draw_us,current,final,5039.5832085,5004.657875,5045.276041499999,5012.708125,-31.807332999999744,"[-43.13716699999986, 5.520749499999965]",-0.6313652163228101,"[-0.8529210831121459, 0.10888081077422562]",12,5,60,10000
cpu,ptsans,2,text,size_advance,12,5246,submit_us,current,final,5040.328041999999,5005.275958,5045.8975835,5013.359208,-31.845458500000404,"[-43.29516700000022, 5.592083500000172]",-0.6320496991513325,"[-0.8559045863944681, 0.11027266091556132]",12,5,60,10000
cpu,ptsans,2,text,size_advance,12,5246,complete_us,current,final,5040.347,5005.2933335,5045.923667,5013.378333500001,-31.84179200000017,"[-43.30024999999978, 5.597208500000306]",-0.6319734496818052,"[-0.8560015544693989, 0.11037383791691058]",12,5,60,10000
cpu,ptsans,2,text,size_advance,12,5246,draw_us,current,pool,5039.5832085,5033.401167,5045.276041499999,5041.093667,8.14929149999989,"[-43.83179149999978, 30.34887499999968]",0.1614116275089339,"[-0.8652822845075903, 0.6065300880975455]",12,5,60,10000
cpu,ptsans,2,text,size_advance,12,5246,submit_us,current,pool,5040.328041999999,5034.2865,5045.8975835,5041.701499999999,8.274208499999986,"[-44.03850000000011, 30.329875000000357]",0.16386348310396537,"[-0.8692215498135591, 0.6060704091709779]",12,5,60,10000
cpu,ptsans,2,text,size_advance,12,5246,complete_us,current,pool,5040.347,5034.3072915,5045.923667,5041.7222085,8.272375000000011,"[-44.036625000000186, 30.333416500000567]",0.16382651287401018,"[-0.8691810857285764, 0.6061398947544205]",12,5,60,10000
cpu,ptsans,2,text,size_advance,12,5246,draw_us,final,pool,5004.657875,5033.401167,5012.708125,5041.093667,10.501874999999927,"[-6.797083499999644, 45.001624999999876]",0.21111838031270258,"[-0.1358736467984345, 0.9045091483175671]",12,5,60,10000
cpu,ptsans,2,text,size_advance,12,5246,submit_us,final,pool,5005.275958,5034.2865,5013.359208,5041.701499999999,10.559166999999889,"[-6.821249500000249, 44.97908349999989]",0.21224416557665826,"[-0.13633931090651918, 0.903948218604278]",12,5,60,10000
cpu,ptsans,2,text,size_advance,12,5246,complete_us,final,pool,5005.2933335,5034.3072915,5013.378333500001,5041.7222085,10.553916500000469,"[-6.8109159999999065, 44.980833000000075]",0.2121365875925818,"[-0.13613274894865857, 0.9039789314203239]",12,5,60,10000
cpu,ptsans,2,text,size_return,12,0,draw_us,master,current,265.4687915,264.341875,265.05741650000004,263.999958,-1.406416500000006,"[-3.9912919999999588, 2.401207999999997]",-0.5355137380920416,"[-1.491894735353505, 0.9214734511182265]",12,5,60,10000
cpu,ptsans,2,text,size_return,12,0,submit_us,master,current,265.866333,264.72391700000003,265.453125,264.3905835,-1.4011245000000088,"[-3.998208500000004, 2.38900000000001]",-0.5326714924869691,"[-1.492199437746522, 0.9153559041220616]",12,5,60,10000
cpu,ptsans,2,text,size_return,12,0,complete_us,master,current,265.8819165,264.746417,265.47058300000003,264.414917,-1.3925410000000227,"[-3.9965415000000064, 2.3872080000000153]",-0.5293916749814942,"[-1.4914308918689168, 0.9146126423638878]",12,5,60,10000
cpu,ptsans,2,text,size_return,12,0,draw_us,master,final,265.4687915,264.3176665,265.05741650000004,263.78475000000003,0.4217920000000106,"[-2.9012080000000253, 3.762208500000014]",0.16205618412937772,"[-1.085610068261994, 1.417751644178944]",12,5,60,10000
cpu,ptsans,2,text,size_return,12,0,submit_us,master,final,265.866333,264.692625,265.453125,264.15804149999997,0.38883349999997563,"[-2.9322915000000194, 3.758708000000013]",0.14924087071868097,"[-1.0955500862625867, 1.4142773348344795]",12,5,60,10000
cpu,ptsans,2,text,size_return,12,0,complete_us,master,final,265.8819165,264.71695850000003,265.47058300000003,264.1839585,0.39904200000000856,"[-2.9376249999999686, 3.743041500000004]",0.15312456572338373,"[-1.097450105806702, 1.4082120616892069]",12,5,60,10000
cpu,ptsans,2,text,size_return,12,0,draw_us,master,pool,265.4687915,267.3522915,265.05741650000004,267.19275,0.8749580000000208,"[-0.4670835000000295, 4.062542000000008]",0.3270618581858509,"[-0.17360711487622305, 1.5483476692791154]",12,5,60,10000
cpu,ptsans,2,text,size_return,12,0,submit_us,master,pool,265.866333,267.74649999999997,265.453125,267.5868335,0.8474585000000161,"[-0.49133299999999736, 4.0556250000000205]",0.31630382471846685,"[-0.18233990467783623, 1.5434025335593904]",12,5,60,10000
cpu,ptsans,2,text,size_return,12,0,complete_us,master,pool,265.8819165,267.76375,265.47058300000003,267.6112085,0.8472500000000025,"[-0.49649949999999876, 4.065999500000004]",0.31619848498438685,"[-0.18424942562492164, 1.5472593777759558]",12,5,60,10000
cpu,ptsans,2,text,size_return,12,0,draw_us,current,final,264.341875,264.3176665,263.999958,263.78475000000003,0.727541500000001,"[0.05725000000001046, 2.3125420000000076]",0.2732180287825625,"[0.0214265145110748, 0.8836197189074135]",12,5,60,10000
cpu,ptsans,2,text,size_return,12,0,submit_us,current,final,264.72391700000003,264.692625,264.3905835,264.15804149999997,0.7083749999999895,"[0.059082999999986896, 2.288208499999996]",0.265641587303711,"[0.022052899305929907, 0.8728949091869498]",12,5,60,10000
cpu,ptsans,2,text,size_return,12,0,complete_us,current,final,264.746417,264.71695850000003,264.414917,264.1839585,0.7119165000000294,"[0.058917000000036523, 2.2899585000000116]",0.2669590587144888,"[0.022011474151156785, 0.8734961018045162]",12,5,60,10000
cpu,ptsans,2,text,size_return,12,0,draw_us,current,pool,264.341875,267.3522915,263.999958,267.19275,3.6128334999999936,"[1.409957999999989, 4.737749999999977]",1.3651580138969832,"[0.5294744911067073, 1.8036133837351365]",12,5,60,10000
cpu,ptsans,2,text,size_return,12,0,submit_us,current,pool,264.72391700000003,267.74649999999997,264.3905835,267.5868335,3.593624499999976,"[1.4098754999999983, 4.727375500000022]",1.355898210364348,"[0.5287189586609897, 1.7969325380409518]",12,5,60,10000
cpu,ptsans,2,text,size_return,12,0,complete_us,current,pool,264.746417,267.76375,264.414917,267.6112085,3.6007079999999974,"[1.4082505000000083, 4.729208499999999]",1.3584722849706576,"[0.528043100563802, 1.797462249212689]",12,5,60,10000
cpu,ptsans,2,text,size_return,12,0,draw_us,final,pool,264.3176665,267.3522915,263.78475000000003,267.19275,1.9757494999999778,"[-0.5362915000000044, 3.3767500000000155]",0.7479233872592417,"[-0.19981694989486543, 1.2878935111778622]",12,5,60,10000
cpu,ptsans,2,text,size_return,12,0,submit_us,final,pool,264.692625,267.74649999999997,264.15804149999997,267.5868335,1.9861250000000155,"[-0.5309994999999788, 3.3768750000000125]",0.7508547400950971,"[-0.1975683773882908, 1.2860752053761915]",12,5,60,10000
cpu,ptsans,2,text,size_return,12,0,complete_us,final,pool,264.71695850000003,267.76375,264.1839585,267.6112085,1.9897084999999777,"[-0.5206665000000044, 3.3820005000000037]",0.7521663885708629,"[-0.1937103423246711, 1.2879517303804544]",12,5,60,10000
cpu,ptsans,2,text,warm,30,0,draw_us,master,current,250.3187665,248.695167,250.2659,248.43885,-2.2124834999999905,"[-3.2756664999999856, -1.3951160000000016]",-0.8887464117709243,"[-1.3061748297599651, -0.5553716370525263]",12,5,60,10000
cpu,ptsans,2,text,warm,30,0,submit_us,master,current,250.633983,248.99661650000002,250.57075,248.7312,-2.234749999999991,"[-3.294399999999996, -1.4082335000000086]",-0.8965793533276756,"[-1.3120781479604104, -0.5599164278052071]",12,5,60,10000
cpu,ptsans,2,text,warm,30,0,complete_us,master,current,250.6541335,249.01745,250.590183,248.756217,-2.2347500000000053,"[-3.297083000000015, -1.403382999999991]",-0.8965068422520539,"[-1.313000887016491, -0.5579410622762848]",12,5,60,10000
cpu,ptsans,2,text,warm,30,0,draw_us,master,final,250.3187665,250.471617,250.2659,250.8950835,-1.0147165000000058,"[-2.544416499999997, -0.15769949999999255]",-0.4027259584667875,"[-1.0168577069343931, -0.06355918003841388]",12,5,60,10000
cpu,ptsans,2,text,warm,30,0,submit_us,master,final,250.633983,250.778567,250.57075,251.2492835,-0.9667499999999905,"[-2.553450000000012, -0.1605169999999987]",-0.3832451021851424,"[-1.0192323235844125, -0.0646118532029838]",12,5,60,10000
cpu,ptsans,2,text,warm,30,0,complete_us,master,final,250.6541335,250.798,250.590183,251.2702,-0.9658830000000052,"[-2.549249500000002, -0.16323400000000277]",-0.38287411129254156,"[-1.0174745747144942, -0.06569694632159173]",12,5,60,10000
cpu,ptsans,2,text,warm,30,0,draw_us,master,pool,250.3187665,251.50633299999998,250.2659,250.89375,1.2096165000000099,"[-0.7860005000000001, 3.480633499999996]",0.48398533465523474,"[-0.3123025129464607, 1.391087519834333]",12,5,60,10000
cpu,ptsans,2,text,warm,30,0,submit_us,master,pool,250.633983,251.80349999999999,250.57075,251.2007835,1.210983000000013,"[-0.7846329999999995, 3.484116499999999]",0.4839267083502685,"[-0.3113735364979775, 1.3908445241798684]",12,5,60,10000
cpu,ptsans,2,text,warm,30,0,complete_us,master,pool,250.6541335,251.82435,250.590183,251.22165,1.2089334999999863,"[-0.7867329999999981, 3.479299499999982]",0.4830597080647814,"[-0.3121861686538163, 1.3887958025065261]",12,5,60,10000
cpu,ptsans,2,text,warm,30,0,draw_us,current,final,248.695167,250.471617,248.43885,250.8950835,1.2700834999999984,"[-0.7173664999999971, 2.4430169999999976]",0.5075496853954031,"[-0.2889010471055997, 0.9769298487388167]",12,5,60,10000
cpu,ptsans,2,text,warm,30,0,submit_us,current,final,248.99661650000002,250.778567,248.7312,251.2492835,1.321383499999996,"[-0.7139000000000095, 2.4548170000000056]",0.5274451750023501,"[-0.2871786550553923, 0.9804923660559184]",12,5,60,10000
cpu,ptsans,2,text,warm,30,0,complete_us,current,final,249.01745,250.798,248.756217,251.2702,1.3194165000000027,"[-0.7152835000000124, 2.454083499999996]",0.5266079664290935,"[-0.28770336181739853, 0.9801113935544947]",12,5,60,10000
cpu,ptsans,2,text,warm,30,0,draw_us,current,pool,248.695167,251.50633299999998,248.43885,250.89375,4.295133000000007,"[1.7458499999999901, 5.1666495000000054]",1.7340348073218714,"[0.7026300014893239, 2.0735084379602697]",12,5,60,10000
cpu,ptsans,2,text,warm,30,0,submit_us,current,pool,248.99661650000002,251.80349999999999,248.7312,251.2007835,4.308317000000002,"[1.7598334999999992, 5.189599999999999]",1.737352949746107,"[0.7074358093364874, 2.0804043464519584]",12,5,60,10000
cpu,ptsans,2,text,warm,30,0,complete_us,current,pool,249.01745,251.82435,248.756217,251.22165,4.3076665000000105,"[1.755616499999988, 5.188182999999995]",1.7369243789806976,"[0.7056705073852809, 2.079657446171068]",12,5,60,10000
cpu,ptsans,2,text,warm,30,0,draw_us,final,pool,250.471617,251.50633299999998,250.8950835,250.89375,2.511766499999993,"[-0.6320669999999922, 5.477765999999988]",1.0049810249997848,"[-0.2512946201995492, 2.233197922385144]",12,5,60,10000
cpu,ptsans,2,text,warm,30,0,submit_us,final,pool,250.778567,251.80349999999999,251.2492835,251.2007835,2.521500000000003,"[-0.6228665000000007, 5.4721835]",1.007754495481883,"[-0.24734413632618857, 2.228246495183217]",12,5,60,10000
cpu,ptsans,2,text,warm,30,0,complete_us,final,pool,250.798,251.82435,251.2702,251.22165,2.515949500000019,"[-0.6199664999999897, 5.471600000000009]",1.0054252576169542,"[-0.24617519545643285, 2.2277619937698723]",12,5,60,10000
cpu,ptsans,2,text,x_advance,10,614,draw_us,master,current,424.22294999999997,355.00625,423.74155,353.9311,-67.27919999999997,"[-70.92085, -66.10424999999998]",-15.862809346449863,"[-16.818878140093645, -15.547604972486123]",12,5,60,10000
cpu,ptsans,2,text,x_advance,10,614,submit_us,master,current,424.58755,355.39374999999995,424.11035,354.3062,-67.25209999999998,"[-70.8895, -66.07079999999999]",-15.84519066854891,"[-16.796605001670212, -15.525879085810645]",12,5,60,10000
cpu,ptsans,2,text,x_advance,10,614,complete_us,master,current,424.60625000000005,355.4146,424.13120000000004,354.33119999999997,-67.25,"[-70.88944999999998, -66.0687]",-15.844555902306828,"[-16.795917106535356, -15.525040957370738]",12,5,60,10000
cpu,ptsans,2,text,x_advance,10,614,draw_us,master,final,424.22294999999997,357.09175,423.74155,357.33325,-66.43949999999998,"[-68.55425, -63.724950000000035]",-15.65810239380016,"[-16.19406073714437, -15.039782480739621]",12,5,60,10000
cpu,ptsans,2,text,x_advance,10,614,submit_us,master,final,424.58755,357.4499,424.11035,357.704,-66.43104999999997,"[-68.56479999999999, -63.71864999999997]",-15.645381509532868,"[-16.182702234008197, -15.025666190359166]",12,5,60,10000
cpu,ptsans,2,text,x_advance,10,614,complete_us,master,final,424.60625000000005,357.47709999999995,424.13120000000004,357.71025,-66.42695,"[-68.56890000000001, -63.70615000000004]",-15.64438907959017,"[-16.18310189448762, -15.022200603656428]",12,5,60,10000
cpu,ptsans,2,text,x_advance,10,614,draw_us,master,pool,424.22294999999997,356.70619999999997,423.74155,356.63964999999996,-66.49164999999999,"[-68.6541, -63.51675000000003]",-15.76018632697429,"[-16.188951169629682, -15.089214950128216]",12,5,60,10000
cpu,ptsans,2,text,x_advance,10,614,submit_us,master,pool,424.58755,357.06045,424.11035,357.01035,-66.50825,"[-68.6771, -63.51674999999997]",-15.74724859820344,"[-16.180162526108802, -15.076602453703492]",12,5,60,10000
cpu,ptsans,2,text,x_advance,10,614,complete_us,master,pool,424.60625000000005,357.07925,424.13120000000004,357.0313,-66.51239999999999,"[-68.67294999999999, -63.50840000000002]",-15.746431404845252,"[-16.1784684556575, -15.074250633797092]",12,5,60,10000
cpu,ptsans,2,text,x_advance,10,614,draw_us,current,final,355.00625,357.09175,353.9311,357.33325,1.447999999999979,"[-3.0039500000000032, 5.550000000000011]",0.40864767670696356,"[-0.8382778498871646, 1.5724646077300841]",12,5,60,10000
cpu,ptsans,2,text,x_advance,10,614,submit_us,current,final,355.39374999999995,357.4499,354.3062,357.704,1.425100000000043,"[-3.054149999999993, 5.520800000000008]",0.4017906576026742,"[-0.8513219010769013, 1.5624334128529704]",12,5,60,10000
cpu,ptsans,2,text,x_advance,10,614,complete_us,current,final,355.4146,357.47709999999995,354.33119999999997,357.71025,1.416749999999979,"[-3.0562500000000057, 5.518750000000011]",0.3993987685013134,"[-0.8518440808055361, 1.561781969307252]",12,5,60,10000
cpu,ptsans,2,text,x_advance,10,614,draw_us,current,pool,355.00625,356.70619999999997,353.9311,356.63964999999996,0.9748999999999626,"[-0.28745000000000687, 3.5166499999999985]",0.2730467033859041,"[-0.08090959179322121, 0.9949850025987361]",12,5,60,10000
cpu,ptsans,2,text,x_advance,10,614,submit_us,current,pool,355.39374999999995,357.06045,354.3062,357.01035,0.9333500000000186,"[-0.23544999999998595, 3.4874000000000365]",0.261194942802101,"[-0.06638624860737519, 0.9856262000008442]",12,5,60,10000
cpu,ptsans,2,text,x_advance,10,614,complete_us,current,pool,355.4146,357.07925,354.33119999999997,357.0313,0.9332499999999868,"[-0.24164999999999281, 3.4935999999999865]",0.2611284682285109,"[-0.06813272312884422, 0.9873373351262704]",12,5,60,10000
cpu,ptsans,2,text,x_advance,10,614,draw_us,final,pool,357.09175,356.70619999999997,357.33325,356.63964999999996,0.16670000000002005,"[-4.089449999999999, 4.137400000000014]",0.048434669878072434,"[-1.1391443980832583, 1.1585414409653216]",12,5,60,10000
cpu,ptsans,2,text,x_advance,10,614,submit_us,final,pool,357.4499,357.06045,357.704,357.01035,0.16474999999999795,"[-4.083349999999996, 4.147899999999993]",0.04782915054044046,"[-1.1363619723852247, 1.1658077591781613]",12,5,60,10000
cpu,ptsans,2,text,x_advance,10,614,complete_us,final,pool,357.47709999999995,357.07925,357.71025,357.0313,0.16880000000003292,"[-4.0937000000000126, 4.154149999999987]",0.04893226831002018,"[-1.1391635519105658, 1.1675027172980967]",12,5,60,10000
cpu,ptsans,2,text,x_return,10,0,draw_us,master,current,255.67284999999998,254.30215,256.2853,254.8315,0.04999999999998295,"[-4.952150000000003, 1.7770500000000027]",0.019703614401805902,"[-1.9189947205948132, 0.6983370419645807]",12,5,60,10000
cpu,ptsans,2,text,x_return,10,0,submit_us,master,current,256.02495,254.64165,256.63105,255.196,-0.03149999999996567,"[-4.972949999999997, 1.7500500000000017]",-0.011722450857859501,"[-1.9244281321771417, 0.6866726275396973]",12,5,60,10000
cpu,ptsans,2,text,x_return,10,0,complete_us,master,current,256.03950000000003,254.6605,256.6561,255.21685000000002,-0.025100000000009004,"[-4.966649999999987, 1.7520499999999828]",-0.009249997512039698,"[-1.9218418808014393, 0.6874117615406239]",12,5,60,10000
cpu,ptsans,2,text,x_return,10,0,draw_us,master,final,255.67284999999998,256.1501,256.2853,256.13965,0.7875500000000244,"[-1.1894000000000062, 2.460399999999993]",0.3079654784089225,"[-0.47023632675353144, 0.9728783313232348]",12,5,60,10000
cpu,ptsans,2,text,x_return,10,0,submit_us,master,final,256.02495,256.48325,256.63105,256.52075,0.7563999999999993,"[-1.1768000000000143, 2.4311000000000007]",0.29892230339343406,"[-0.4584177978182946, 0.9601334650917726]",12,5,60,10000
cpu,ptsans,2,text,x_return,10,0,complete_us,master,final,256.03950000000003,256.5146,256.6561,256.53745000000004,0.7688999999999879,"[-1.189249999999987, 2.435249999999982]",0.303771916845752,"[-0.46322544385843933, 0.9616920271548257]",12,5,60,10000
cpu,ptsans,2,text,x_return,10,0,draw_us,master,pool,255.67284999999998,255.18965,256.2853,255.0312,0.03530000000002076,"[-2.5146999999999906, 1.2271499999999946]",0.01420206060498419,"[-0.975704610114908, 0.48410924492107155]",12,5,60,10000
cpu,ptsans,2,text,x_return,10,0,submit_us,master,pool,256.02495,255.53750000000002,256.63105,255.36875,0.01659999999999684,"[-2.6167999999999836, 1.2002999999999986]",0.006770436472375296,"[-1.0134540583200125, 0.4728581285340261]",12,5,60,10000
cpu,ptsans,2,text,x_return,10,0,complete_us,master,pool,256.03950000000003,255.56054999999998,256.6561,255.38965000000002,0.03119999999996992,"[-2.61460000000001, 1.2023499999999956]",0.012500043430679897,"[-1.0125173900712603, 0.4736070304973472]",12,5,60,10000
cpu,ptsans,2,text,x_return,10,0,draw_us,current,final,254.30215,256.1501,254.8315,256.13965,0.45625000000001137,"[-0.6561999999999983, 4.195949999999996]",0.17698578184655034,"[-0.2606789748431926, 1.673691770315422]",12,5,60,10000
cpu,ptsans,2,text,x_return,10,0,submit_us,current,final,254.64165,256.48325,255.196,256.52075,0.5103999999999758,"[-0.6643499999999989, 4.304299999999998]",0.197711947140633,"[-0.26352703143414646, 1.7147669480547134]",12,5,60,10000
cpu,ptsans,2,text,x_return,10,0,complete_us,current,final,254.6605,256.5146,255.21685000000002,256.53745000000004,0.5063999999999851,"[-0.6728000000000094, 4.298099999999991]",0.1961335960431354,"[-0.2668824212784304, 1.7122015326293982]",12,5,60,10000
cpu,ptsans,2,text,x_return,10,0,draw_us,current,pool,254.30215,255.18965,254.8315,255.0312,0.44369999999999266,"[-2.229299999999995, 2.058399999999992]",0.17402997631391637,"[-0.868642989633206, 0.8150425308143583]",12,5,60,10000
cpu,ptsans,2,text,x_return,10,0,submit_us,current,pool,254.64165,255.53750000000002,255.196,255.36875,0.397900000000007,"[-2.222850000000008, 2.062749999999994]",0.15593079381442387,"[-0.8650148701647042, 0.8157252982137875]",12,5,60,10000
cpu,ptsans,2,text,x_return,10,0,complete_us,current,pool,254.6605,255.56054999999998,255.21685000000002,255.38965000000002,0.397900000000007,"[-2.2228000000000208, 2.060600000000008]",0.15591213433501228,"[-0.864865625532707, 0.8147578738075811]",12,5,60,10000
cpu,ptsans,2,text,x_return,10,0,draw_us,final,pool,256.1501,255.18965,256.13965,255.0312,-2.7772000000000077,"[-3.497950000000003, 1.941599999999994]",-1.0769721951394584,"[-1.3630527702471307, 0.7622152577535624]",12,5,60,10000
cpu,ptsans,2,text,x_return,10,0,submit_us,final,pool,256.48325,255.53750000000002,256.52075,255.36875,-2.849950000000007,"[-3.589649999999992, 1.9251500000000163]",-1.101201109942479,"[-1.3968240156465639, 0.7547761089465421]",12,5,60,10000
cpu,ptsans,2,text,x_return,10,0,complete_us,final,pool,256.5146,255.56054999999998,256.53745000000004,255.38965000000002,-2.8436499999999967,"[-3.583449999999985, 1.937599999999975]",-1.098672795239336,"[-1.3943035743126275, 0.759599555508017]",12,5,60,10000
cpu,ptsans,2,text,y_advance,10,0,draw_us,master,current,251.35195,248.57704999999999,251.1333,249.0541,-0.6292999999999864,"[-4.414600000000007, 2.2604999999999933]",-0.25393510205485303,"[-1.7341893707159273, 0.9135991076577477]",12,5,60,10000
cpu,ptsans,2,text,y_advance,10,0,submit_us,master,current,251.6541,248.88125000000002,251.4436,249.3561,-0.6415500000000094,"[-4.393799999999985, 2.256600000000006]",-0.2584423329920593,"[-1.7239768859736493, 0.9109239517356316]",12,5,60,10000
cpu,ptsans,2,text,y_advance,10,0,complete_us,master,current,251.67714999999998,248.91055,251.47084999999998,249.3854,-0.6415000000000077,"[-4.383399999999995, 2.2542999999999864]",-0.25841567412726585,"[-1.7197568756757708, 0.9099019255864427]",12,5,60,10000
cpu,ptsans,2,text,y_advance,10,0,draw_us,master,final,251.35195,250.34154999999998,251.1333,250.2145,0.8646500000000117,"[-1.2125999999999948, 2.956400000000002]",0.345215578108482,"[-0.4806958619347157, 1.1914176668061605]",12,5,60,10000
cpu,ptsans,2,text,y_advance,10,0,submit_us,master,final,251.6541,250.6499,251.4436,250.5187,0.8793999999999897,"[-1.2146000000000043, 2.952300000000008]",0.3507824171313012,"[-0.48088209904049717, 1.1873360436541969]",12,5,60,10000
cpu,ptsans,2,text,y_advance,10,0,complete_us,master,final,251.67714999999998,250.66865,251.47084999999998,250.54579999999999,0.875,"[-1.2104999999999961, 2.962450000000004]",0.3489901574805887,"[-0.47922295914740176, 1.192328337422388]",12,5,60,10000
cpu,ptsans,2,text,y_advance,10,0,draw_us,master,pool,251.35195,251.36045000000001,251.1333,250.923,1.1541500000000156,"[-2.2479999999999905, 5.950000000000003]",0.4623556696614073,"[-0.8853600270008644, 2.3758948543065594]",12,5,60,10000
cpu,ptsans,2,text,y_advance,10,0,submit_us,master,pool,251.6541,251.6687,251.4436,251.2312,1.1749500000000097,"[-2.252200000000002, 5.972899999999996]",0.47013376597607737,"[-0.8858810833395347, 2.3821001397725694]",12,5,60,10000
cpu,ptsans,2,text,y_advance,10,0,complete_us,master,pool,251.67714999999998,251.69585,251.47084999999998,251.25619999999998,1.170899999999989,"[-2.2458000000000027, 5.9750000000000085]",0.46849293524869884,"[-0.8833275373297977, 2.3827674920848585]",12,5,60,10000
cpu,ptsans,2,text,y_advance,10,0,draw_us,current,final,248.57704999999999,250.34154999999998,249.0541,250.2145,1.6832999999999885,"[-1.6311000000000035, 4.24145]",0.6810502115065398,"[-0.6475724739770927, 1.7078411639133817]",12,5,60,10000
cpu,ptsans,2,text,y_advance,10,0,submit_us,current,final,248.88125000000002,250.6499,249.3561,250.5187,1.7001000000000062,"[-1.6727499999999935, 4.262349999999998]",0.6870236615516556,"[-0.663132908634223, 1.7142561736403827]",12,5,60,10000
cpu,ptsans,2,text,y_advance,10,0,complete_us,current,final,248.91055,250.66865,249.3854,250.54579999999999,1.6979000000000042,"[-1.6747500000000173, 4.249949999999998]",0.686074519860802,"[-0.6638589742382406, 1.7090557245253324]",12,5,60,10000
cpu,ptsans,2,text,y_advance,10,0,draw_us,current,pool,248.57704999999999,251.36045000000001,249.0541,250.923,2.8770999999999987,"[1.5042500000000132, 4.291599999999988]",1.1521797063738348,"[0.5988243154209982, 1.7374118900505553]",12,5,60,10000
cpu,ptsans,2,text,y_advance,10,0,submit_us,current,pool,248.88125000000002,251.6687,249.3561,251.2312,2.891599999999997,"[1.4582499999999925, 4.287450000000007]",1.1565830706834923,"[0.5797519975136445, 1.733649593525588]",12,5,60,10000
cpu,ptsans,2,text,y_advance,10,0,complete_us,current,pool,248.91055,251.69585,249.3854,251.25619999999998,2.891599999999997,"[1.4605499999999836, 4.2875000000000085]",1.1564774023378632,"[0.5805984605411374, 1.7335269795721864]",12,5,60,10000
cpu,ptsans,2,text,y_advance,10,0,draw_us,final,pool,250.34154999999998,251.36045000000001,250.2145,250.923,0.09809999999998809,"[-1.3146500000000003, 3.308150000000012]",0.038771817664884356,"[-0.5220449816828676, 1.3291206116778143]",12,5,60,10000
cpu,ptsans,2,text,y_advance,10,0,submit_us,final,pool,250.6499,251.6687,250.5187,251.2312,0.09569999999999368,"[-1.32289999999999, 3.2830999999999904]",0.03776843539264885,"[-0.5246372059742099, 1.3173028283441135]",12,5,60,10000
cpu,ptsans,2,text,y_advance,10,0,complete_us,final,pool,250.66865,251.69585,250.54579999999999,251.25619999999998,0.09569999999999368,"[-1.3248999999999995, 3.293750000000003]",0.03776559924572043,"[-0.5253837702715314, 1.3214790595078574]",12,5,60,10000
cpu,stock,2,demo,first_paint,1,262,draw_us,master,current,1463.0,1457.5205,1462.25,1452.792,-7.66700000000003,"[-19.125, 5.021499999999946]",-0.5232983004034963,"[-1.3095397059801783, 0.34585884416692414]",12,5,60,10000
cpu,stock,2,demo,first_paint,1,262,submit_us,master,current,1465.0415,1459.521,1464.229,1454.979,-7.5629999999998745,"[-19.249999999999886, 4.770999999999958]",-0.5154711510960086,"[-1.3135137616757109, 0.3279620925994653]",12,5,60,10000
cpu,stock,2,demo,first_paint,1,262,complete_us,master,current,1465.0415,1459.521,1464.229,1455.0,-7.541999999999916,"[-19.270999999999958, 4.770999999999958]",-0.5140347625871178,"[-1.3135137616757109, 0.32795904462125103]",12,5,60,10000
cpu,stock,2,demo,first_paint,1,262,draw_us,master,final,1463.0,1402.3335,1462.25,1402.3335,-70.41700000000003,"[-81.66699999999992, -53.770500000000084]",-4.80762137904715,"[-5.490957337779523, -3.681876560130648]",12,5,60,10000
cpu,stock,2,demo,first_paint,1,262,submit_us,master,final,1465.0415,1404.2085,1464.229,1404.2085,-70.52099999999996,"[-81.97950000000003, -53.74950000000001]",-4.80786198845427,"[-5.503838951506351, -3.675186251870488]",12,5,60,10000
cpu,stock,2,demo,first_paint,1,262,complete_us,master,final,1465.0415,1404.229,1464.229,1404.229,-70.52099999999996,"[-81.95899999999995, -53.749500000000126]",-4.80786198845427,"[-5.502373864303883, -3.6751318131279467]",12,5,60,10000
cpu,stock,2,demo,first_paint,1,262,draw_us,master,pool,1463.0,1420.7085000000002,1462.25,1425.1460000000002,-38.52099999999996,"[-58.54149999999993, -20.333500000000072]",-2.652830026444708,"[-3.9823486662070193, -1.3746651236415997]",12,5,60,10000
cpu,stock,2,demo,first_paint,1,262,submit_us,master,pool,1465.0415,1422.9375,1464.229,1427.167,-38.83299999999997,"[-58.54149999999993, -20.479000000000042]",-2.670361305411051,"[-3.9770824870792474, -1.3823569909609257]",12,5,60,10000
cpu,stock,2,demo,first_paint,1,262,complete_us,master,pool,1465.0415,1422.9375,1464.229,1427.1875,-38.81299999999999,"[-58.541000000000054, -20.479500000000144]",-2.6689630410452523,"[-3.9769368142427095, -1.3823253948134995]",12,5,60,10000
cpu,stock,2,demo,first_paint,1,262,draw_us,current,final,1457.5205,1402.3335,1452.792,1402.3335,-61.87450000000001,"[-80.83350000000007, -45.20850000000007]",-4.300818327592731,"[-5.445701082006105, -3.1207443708424876]",12,5,60,10000
cpu,stock,2,demo,first_paint,1,262,submit_us,current,final,1459.521,1404.2085,1454.979,1404.2085,-61.8744999999999,"[-80.87599999999998, -45.375]",-4.295035148230858,"[-5.441124399682595, -3.127571373722221]",12,5,60,10000
cpu,stock,2,demo,first_paint,1,262,complete_us,current,final,1459.521,1404.229,1455.0,1404.229,-61.895000000000095,"[-80.87549999999999, -45.33349999999996]",-4.296334302809407,"[-5.44099201326107, -3.1247100455462693]",12,5,60,10000
cpu,stock,2,demo,first_paint,1,262,draw_us,current,pool,1457.5205,1420.7085000000002,1452.792,1425.1460000000002,-37.43700000000001,"[-46.25, -23.895999999999958]",-2.5861617285460103,"[-3.1867953340625754, -1.6324228550163522]",12,5,60,10000
cpu,stock,2,demo,first_paint,1,262,submit_us,current,pool,1459.521,1422.9375,1454.979,1427.167,-37.583000000000084,"[-46.228500000000054, -24.103500000000054]",-2.592322087456261,"[-3.1740669719896086, -1.6442264401316686]",12,5,60,10000
cpu,stock,2,demo,first_paint,1,262,complete_us,current,pool,1459.521,1422.9375,1455.0,1427.1875,-37.58299999999997,"[-46.229000000000156, -24.08299999999997]",-2.5922786220567873,"[-3.1753855648937677, -1.6428261267346922]",12,5,60,10000
cpu,stock,2,demo,first_paint,1,262,draw_us,final,pool,1402.3335,1420.7085000000002,1402.3335,1425.1460000000002,30.333500000000072,"[14.270000000000095, 45.02099999999996]",2.182721938422738,"[1.0261318316181378, 3.2056527231808962]",12,5,60,10000
cpu,stock,2,demo,first_paint,1,262,submit_us,final,pool,1404.2085,1422.9375,1404.2085,1427.167,30.291999999999916,"[14.187000000000012, 45.39599999999996]",2.176698795487275,"[1.0216986519954396, 3.227692756702827]",12,5,60,10000
cpu,stock,2,demo,first_paint,1,262,complete_us,final,pool,1404.229,1422.9375,1404.229,1427.1875,30.312500000000114,"[14.207499999999982, 45.39599999999996]",2.1781258912274004,"[1.0231349517630162, 3.227692756702827]",12,5,60,10000
cpu,stock,2,demo,pan,10,0,draw_us,master,current,219.4291,220.81465,219.623,220.5667,1.404200000000003,"[0.13145000000000095, 2.570849999999993]",0.6362342629904871,"[0.06018499655655596, 1.1663927101147387]",12,5,60,10000
cpu,stock,2,demo,pan,10,0,submit_us,master,current,221.0938,222.39165,221.31465,222.2124,1.3541999999999916,"[0.01680000000000348, 2.6083500000000015]",0.608869761150399,"[0.007607919106050742, 1.1741107955591912]",12,5,60,10000
cpu,stock,2,demo,pan,10,0,complete_us,master,current,221.1187,222.4146,221.33965,222.23115,1.3479499999999973,"[0.018900000000016348, 2.606200000000001]",0.6059913075161294,"[0.008565424363787821, 1.173015637450181]",12,5,60,10000
cpu,stock,2,demo,pan,10,0,draw_us,master,final,219.4291,218.67295000000001,219.623,218.1751,-0.9396500000000003,"[-2.3710499999999826, 1.0981000000000023]",-0.4298930207829399,"[-1.073785208019834, 0.49871266883944054]",12,5,60,10000
cpu,stock,2,demo,pan,10,0,submit_us,master,final,221.0938,220.398,221.31465,219.8688,-0.9544999999999959,"[-2.3252000000000095, 1.08359999999999]",-0.43334516275039814,"[-1.0448285456500062, 0.48836012241537663]",12,5,60,10000
cpu,stock,2,demo,pan,10,0,complete_us,master,final,221.1187,220.41255,221.33965,219.89794999999998,-0.9438500000000118,"[-2.3334500000000133, 1.0875499999999931]",-0.4284825626008293,"[-1.048424803226644, 0.4900920526350716]",12,5,60,10000
cpu,stock,2,demo,pan,10,0,draw_us,master,pool,219.4291,218.28134999999997,219.623,218.8836,-0.3917500000000018,"[-2.6189500000000123, 0.1795500000000061]",-0.17871357865684723,"[-1.1981160622617837, 0.08237978955262792]",12,5,60,10000
cpu,stock,2,demo,pan,10,0,submit_us,master,pool,221.0938,219.88344999999998,221.31465,220.5815,-0.4792499999999933,"[-2.5587000000000018, 0.23160000000000025]",-0.217007669989705,"[-1.161603689227464, 0.10515896424484472]",12,5,60,10000
cpu,stock,2,demo,pan,10,0,complete_us,master,pool,221.1187,219.9105,221.33965,220.60855,-0.4731000000000023,"[-2.556449999999998, 0.23140000000000782]",-0.21417772364030196,"[-1.1605054406844562, 0.10505655556140026]",12,5,60,10000
cpu,stock,2,demo,pan,10,0,draw_us,current,final,220.81465,218.67295000000001,220.5667,218.1751,-2.0374999999999943,"[-4.175049999999985, -0.475049999999996]",-0.9225924742880698,"[-1.8768056048490744, -0.21731450620556814]",12,5,60,10000
cpu,stock,2,demo,pan,10,0,submit_us,current,final,222.39165,220.398,222.2124,219.8688,-2.0518,"[-4.156350000000003, -0.5835500000000025]",-0.921822528386762,"[-1.8539952012388894, -0.2648810949716751]",12,5,60,10000
cpu,stock,2,demo,pan,10,0,complete_us,current,final,222.4146,220.41255,222.23115,219.89794999999998,-2.041399999999996,"[-4.164650000000009, -0.5794000000000068]",-0.9170592062527738,"[-1.8574897017344272, -0.26297869617162295]",12,5,60,10000
cpu,stock,2,demo,pan,10,0,draw_us,current,pool,220.81465,218.28134999999997,220.5667,218.8836,-2.029299999999992,"[-2.9189500000000095, -0.7832499999999953]",-0.9161485273806114,"[-1.3219426162101977, -0.35675615658208315]",12,5,60,10000
cpu,stock,2,demo,pan,10,0,submit_us,current,pool,222.39165,219.88344999999998,222.2124,220.5815,-2.0708000000000055,"[-2.8438500000000033, -0.7955499999999915]",-0.9280169494313428,"[-1.278006860239822, -0.35902393662997634]",12,5,60,10000
cpu,stock,2,demo,pan,10,0,complete_us,current,pool,222.4146,219.9105,222.23115,220.60855,-2.0666999999999973,"[-2.83959999999999, -0.7893499999999989]",-0.9260757952736232,"[-1.275998209064999, -0.3562484938068433]",12,5,60,10000
cpu,stock,2,demo,pan,10,0,draw_us,final,pool,218.67295000000001,218.28134999999997,218.1751,218.8836,-0.25415000000000987,"[-1.8936499999999938, 1.8312999999999988]",-0.11524449634397471,"[-0.8644888397256745, 0.8319976623841763]",12,5,60,10000
cpu,stock,2,demo,pan,10,0,submit_us,final,pool,220.398,219.88344999999998,219.8688,220.5815,-0.216700000000003,"[-1.7956499999999949, 1.7979500000000002]",-0.09697459496031402,"[-0.8135726012616085, 0.810483552125274]",12,5,60,10000
cpu,stock,2,demo,pan,10,0,complete_us,final,pool,220.41255,219.9105,219.89794999999998,220.60855,-0.22704999999999131,"[-1.7958499999999873, 1.8062500000000057]",-0.10171736656972574,"[-0.8136063269064797, 0.8141690655152578]",12,5,60,10000
cpu,stock,2,demo,warm,30,0,draw_us,master,current,217.3757,216.88885,216.765267,216.3554665,-0.9187664999999896,"[-1.2562664999999953, 0.20695000000000618]",-0.42052690944058835,"[-0.5792759156600269, 0.0959023284039684]",12,5,60,10000
cpu,stock,2,demo,warm,30,0,submit_us,master,current,218.97084999999998,218.4715,218.3792335,217.9728835,-0.9911164999999897,"[-1.2980664999999902, 0.11943300000000079]",-0.4468064867430621,"[-0.5938875843121361, 0.054963710012528866]",12,5,60,10000
cpu,stock,2,demo,warm,30,0,complete_us,master,current,218.9945,218.4923335,218.40075,217.99439999999998,-0.9910829999999891,"[-1.3001000000000005, 0.11388350000000003]",-0.4467537862562043,"[-0.5947608367455226, 0.05240989614028191]",12,5,60,10000
cpu,stock,2,demo,warm,30,0,draw_us,master,final,217.3757,215.7278,216.765267,215.254183,-1.5464999999999947,"[-4.325766999999999, 0.045250000000010004]",-0.7159554040030824,"[-1.9645942174554953, 0.020900756147312904]",12,5,60,10000
cpu,stock,2,demo,warm,30,0,submit_us,master,final,218.97084999999998,217.29795000000001,218.3792335,216.8486335,-1.5741999999999905,"[-4.366, -0.001966500000008864]",-0.7232959800497429,"[-1.968451340614913, -0.0009189207206272698]",12,5,60,10000
cpu,stock,2,demo,warm,30,0,complete_us,master,final,218.9945,217.3202,218.40075,216.8653165,-1.5728164999999876,"[-4.3687334999999905, -0.006833499999999049]",-0.7225899225500765,"[-1.9695082881655057, -0.003166571614077185]",12,5,60,10000
cpu,stock,2,demo,warm,30,0,draw_us,master,pool,217.3757,217.25906650000002,216.765267,216.694483,-0.8020669999999939,"[-1.4408994999999862, 0.8770499999999828]",-0.36573721362187506,"[-0.6557228013650329, 0.40401290430223114]",12,5,60,10000
cpu,stock,2,demo,warm,30,0,submit_us,master,pool,218.97084999999998,218.8813335,218.3792335,218.3444665,-0.8507165000000043,"[-1.4916499999999928, 0.804133500000006]",-0.3894444630494487,"[-0.6735422979751271, 0.3674957461677897]",12,5,60,10000
cpu,stock,2,demo,warm,30,0,complete_us,master,pool,218.9945,218.9042835,218.40075,218.369467,-0.8499659999999949,"[-1.4910004999999984, 0.8035165000000148]",-0.38907169942414277,"[-0.6731436940450697, 0.36717787390764256]",12,5,60,10000
cpu,stock,2,demo,warm,30,0,draw_us,current,final,216.88885,215.7278,216.3554665,215.254183,-1.777800499999998,"[-3.0797335000000174, -0.019399500000005787]",-0.8205227904966306,"[-1.4195185774440622, -0.009959089327798987]",12,5,60,10000
cpu,stock,2,demo,warm,30,0,submit_us,current,final,218.4715,217.29795000000001,217.9728835,216.8486335,-1.715899499999992,"[-3.0665670000000063, -0.009766999999982318]",-0.7861749904785609,"[-1.4033221288870967, -0.0022791176805092572]",12,5,60,10000
cpu,stock,2,demo,warm,30,0,complete_us,current,final,218.4923335,217.3202,217.99439999999998,216.8653165,-1.7152334999999965,"[-3.0693669999999855, -0.014583500000014737]",-0.7857921540852852,"[-1.404488426601641, -0.004456296175614494]",12,5,60,10000
cpu,stock,2,demo,warm,30,0,draw_us,current,pool,216.88885,217.25906650000002,216.3554665,216.694483,0.23818299999999226,"[-1.4123500000000035, 2.548016500000003]",0.11040965109653245,"[-0.6476186836899711, 1.172149061730221]",12,5,60,10000
cpu,stock,2,demo,warm,30,0,submit_us,current,pool,218.4715,218.8813335,217.9728835,218.3444665,0.2867664999999988,"[-1.421350000000018, 2.5973995000000087]",0.13189500436450174,"[-0.6473863077459674, 1.1857233213598994]",12,5,60,10000
cpu,stock,2,demo,warm,30,0,complete_us,current,pool,218.4923335,218.9042835,217.99439999999998,218.369467,0.2889499999999998,"[-1.415166499999998, 2.5938329999999894]",0.1328872306556761,"[-0.6445261901764643, 1.1839774746116083]",12,5,60,10000
cpu,stock,2,demo,warm,30,0,draw_us,final,pool,215.7278,217.25906650000002,215.254183,216.694483,1.5409999999999968,"[-1.1354500000000058, 3.66321649999999]",0.717493821266546,"[-0.5200274932465998, 1.710783841625585]",12,5,60,10000
cpu,stock,2,demo,warm,30,0,submit_us,final,pool,217.29795000000001,218.8813335,216.8486335,218.3444665,1.5513999999999868,"[-0.9361999999999995, 3.7201664999999906]",0.7168950473271596,"[-0.42574305221656505, 1.6998794089963742]",12,5,60,10000
cpu,stock,2,demo,warm,30,0,complete_us,final,pool,217.3202,218.9042835,216.8653165,218.369467,1.5583334999999892,"[-0.9347329999999943, 3.7242835000000127]",0.7200200111362576,"[-0.42506000861977644, 1.7016414676589875]",12,5,60,10000
cpu,stock,2,demo,zoom_in,12,2865,draw_us,master,current,1326.883792,1315.722125,1330.5850420000002,1314.3125415,-12.796791500000154,"[-22.841875000000073, -3.857582999999863]",-0.9677122565978913,"[-1.7066374832350906, -0.2916982844696048]",12,5,60,10000
cpu,stock,2,demo,zoom_in,12,2865,submit_us,master,current,1328.047,1316.90625,1331.75175,1315.487875,-12.770958499999892,"[-22.76374999999996, -3.909666500000071]",-0.9662122501170101,"[-1.6993402584689787, -0.2953690136352216]",12,5,60,10000
cpu,stock,2,demo,zoom_in,12,2865,complete_us,master,current,1328.067833,1316.92875,1331.7708750000002,1315.50525,-12.7692495,"[-22.7637504999999, -3.9060835000000225]",-0.9660639143825589,"[-1.6993162252786687, -0.2950938951919502]",12,5,60,10000
cpu,stock,2,demo,zoom_in,12,2865,draw_us,master,final,1326.883792,1274.6927500000002,1330.5850420000002,1275.748208,-47.49300000000005,"[-62.70658299999991, -41.23958349999998]",-3.5775156244813644,"[-4.712180198745392, -3.115436185436027]",12,5,60,10000
cpu,stock,2,demo,zoom_in,12,2865,submit_us,master,final,1328.047,1275.8905,1331.75175,1276.9339585,-47.463499999999954,"[-62.689166, -41.203166500000066]",-3.5726156552368495,"[-4.706817214798081, -3.1099641021759328]",12,5,60,10000
cpu,stock,2,demo,zoom_in,12,2865,complete_us,master,final,1328.067833,1275.904375,1331.7708750000002,1276.9495835,-47.46183300000007,"[-62.687417000000096, -41.20666700000004]",-3.5734852823945786,"[-4.706613263770798, -3.1101812624009684]",12,5,60,10000
cpu,stock,2,demo,zoom_in,12,2865,draw_us,master,pool,1326.883792,1297.88375,1330.5850420000002,1291.9184585,-34.444416499999875,"[-41.01041650000002, -25.3021665]",-2.586809577763738,"[-3.0747442273048375, -1.9153884543694266]",12,5,60,10000
cpu,stock,2,demo,zoom_in,12,2865,submit_us,master,pool,1328.047,1299.0799165,1331.75175,1293.0694585,-34.45479149999994,"[-40.991166999999905, -25.300333000000137]",-2.585390429373513,"[-3.0706642351875257, -1.9135569803654995]",12,5,60,10000
cpu,stock,2,demo,zoom_in,12,2865,complete_us,master,pool,1328.067833,1299.1024165,1331.7708750000002,1293.0885,-34.45312549999994,"[-40.98950000000002, -25.295083500000032]",-2.5852240415365655,"[-3.070494743737301, -1.9131383733066498]",12,5,60,10000
cpu,stock,2,demo,zoom_in,12,2865,draw_us,current,final,1315.722125,1274.6927500000002,1314.3125415,1275.748208,-40.375125000000025,"[-49.35062549999998, -33.05379199999993]",-3.06345973278927,"[-3.7508340315197177, -2.5285971999533974]",12,5,60,10000
cpu,stock,2,demo,zoom_in,12,2865,submit_us,current,final,1316.90625,1275.8905,1315.487875,1276.9339585,-40.357708,"[-49.32620849999989, -33.067750000000046]",-3.05936211531197,"[-3.7456928419535798, -2.5273335414472853]",12,5,60,10000
cpu,stock,2,demo,zoom_in,12,2865,complete_us,current,final,1316.92875,1275.904375,1315.50525,1276.9495835,-40.36829200000011,"[-49.33325000000002, -33.07295850000003]",-3.060100556776985,"[-3.746168629309743, -2.5276988050521587]",12,5,60,10000
cpu,stock,2,demo,zoom_in,12,2865,draw_us,current,pool,1315.722125,1297.88375,1314.3125415,1291.9184585,-23.463499999999954,"[-27.154541499999937, -14.225624999999923]",-1.7837607006925105,"[-2.0383075395371932, -1.0857834968982294]",12,5,60,10000
cpu,stock,2,demo,zoom_in,12,2865,submit_us,current,pool,1316.90625,1299.0799165,1315.487875,1293.0694585,-23.512124500000027,"[-27.20825000000002, -14.255166500000087]",-1.7858286901148823,"[-2.0404061683442443, -1.087081837400572]",12,5,60,10000
cpu,stock,2,demo,zoom_in,12,2865,complete_us,current,pool,1316.92875,1299.1024165,1315.50525,1293.0885,-23.519166999999925,"[-27.208417000000054, -14.260458500000027]",-1.786327810574767,"[-2.0403804229365328, -1.0874680187205499]",12,5,60,10000
cpu,stock,2,demo,zoom_in,12,2865,draw_us,final,pool,1274.6927500000002,1297.88375,1275.748208,1291.9184585,20.52779200000009,"[14.770875000000046, 31.566082999999935]",1.6195729980834295,"[1.159161167921785, 2.484568144131405]",12,5,60,10000
cpu,stock,2,demo,zoom_in,12,2865,submit_us,final,pool,1275.8905,1299.0799165,1276.9339585,1293.0694585,20.48262499999987,"[14.725791500000128, 31.52095799999995]",1.6144877413249215,"[1.1545466556753592, 2.483223986809646]",12,5,60,10000
cpu,stock,2,demo,zoom_in,12,2865,complete_us,final,pool,1275.904375,1299.1024165,1276.9495835,1293.0885,20.48783350000008,"[14.727458500000012, 31.524417000000085]",1.6148843190316509,"[1.1546597434533235, 2.483330065625633]",12,5,60,10000
cpu,stock,2,demo,zoom_out,12,1927,draw_us,master,current,870.5938335000001,863.4479165,869.736042,864.3195415,-2.9513334999999756,"[-11.399333500000068, -0.7586665000000039]",-0.33989710319750066,"[-1.3067410252200373, -0.08720329020040496]",12,5,60,10000
cpu,stock,2,demo,zoom_out,12,1927,submit_us,master,current,872.0556665,864.72925,871.107625,865.6372915,-2.97554150000002,"[-11.411291500000004, -0.730916499999978]",-0.34216138690468245,"[-1.306176666751696, -0.08386228367718296]",12,5,60,10000
cpu,stock,2,demo,zoom_out,12,1927,complete_us,master,current,872.0799165000001,864.750083,871.1285,865.6632915,-2.963291999999967,"[-11.407875499999989, -0.7239170000000286]",-0.3407469347875114,"[-1.3057558322904006, -0.08305866609163992]",12,5,60,10000
cpu,stock,2,demo,zoom_out,12,1927,draw_us,master,final,870.5938335000001,838.8227919999999,869.736042,835.2014165,-33.20129199999997,"[-37.626791500000024, -26.676958000000013]",-3.8230566170747435,"[-4.311497804922543, -3.075761778037578]",12,5,60,10000
cpu,stock,2,demo,zoom_out,12,1927,submit_us,master,final,872.0556665,840.1579585,871.107625,836.5070415,-33.18037499999997,"[-37.597207999999966, -26.694416999999987]",-3.814832863632267,"[-4.301723228092364, -3.0732063929492623]",12,5,60,10000
cpu,stock,2,demo,zoom_out,12,1927,complete_us,master,final,872.0799165000001,840.1753335000001,871.1285,836.5277914999999,-33.17170850000002,"[-37.59366649999998, -26.68595849999997]",-3.8137828386217434,"[-4.301222122106552, -3.0721788848608265]",12,5,60,10000
cpu,stock,2,demo,zoom_out,12,1927,draw_us,master,pool,870.5938335000001,852.8210835,869.736042,852.557375,-17.652917000000002,"[-20.84020849999996, -14.638875000000041]",-2.022572555493646,"[-2.3933990888973797, -1.6979457243466223]",12,5,60,10000
cpu,stock,2,demo,zoom_out,12,1927,submit_us,master,pool,872.0556665,854.1613335,871.107625,853.8282085,-17.616333499999996,"[-20.8610415, -14.635416999999961]",-2.0151872812466722,"[-2.3922067892022003, -1.6950991732567755]",12,5,60,10000
cpu,stock,2,demo,zoom_out,12,1927,complete_us,master,pool,872.0799165000001,854.177,871.1285,853.849042,-17.614708500000063,"[-20.859249999999975, -14.637125499999968]",-2.014960902180202,"[-2.3919485166675356, -1.6952530877607452]",12,5,60,10000
cpu,stock,2,demo,zoom_out,12,1927,draw_us,current,final,863.4479165,838.8227919999999,864.3195415,835.2014165,-28.246458500000017,"[-31.13191649999999, -21.67708300000004]",-3.2466116248694887,"[-3.5935770734779604, -2.5173165071311177]",12,5,60,10000
cpu,stock,2,demo,zoom_out,12,1927,submit_us,current,final,864.72925,840.1579585,865.6372915,836.5070415,-28.24670850000001,"[-31.107749999999953, -21.742999999999995]",-3.240882116462357,"[-3.585423319609249, -2.5205222642382563]",12,5,60,10000
cpu,stock,2,demo,zoom_out,12,1927,complete_us,current,final,864.750083,840.1753335000001,865.6632915,836.5277914999999,-28.24845799999997,"[-31.111166500000024, -21.739499499999965]",-3.2410064517043145,"[-3.585710783675772, -2.5200535517536204]",12,5,60,10000
cpu,stock,2,demo,zoom_out,12,1927,draw_us,current,pool,863.4479165,852.8210835,864.3195415,852.557375,-12.800250000000062,"[-16.411374999999964, -8.784791499999926]",-1.4832262736464763,"[-1.883545883534421, -1.0199536234577256]",12,5,60,10000
cpu,stock,2,demo,zoom_out,12,1927,submit_us,current,pool,864.72925,854.1613335,865.6372915,853.8282085,-12.784791999999982,"[-16.404541999999992, -8.751791499999968]",-1.4793301061263808,"[-1.8799380920085873, -1.014616412703756]",12,5,60,10000
cpu,stock,2,demo,zoom_out,12,1927,complete_us,current,pool,864.750083,854.177,865.6632915,853.849042,-12.784791999999982,"[-16.41149949999999, -8.753583000000049]",-1.4792975211183668,"[-1.8806811999737327, -1.0148005132460447]",12,5,60,10000
cpu,stock,2,demo,zoom_out,12,1927,draw_us,final,pool,838.8227919999999,852.8210835,835.2014165,852.557375,14.597167000000013,"[10.942541500000004, 17.355958499999986]",1.7619564473930316,"[1.3027701840761408, 2.078112532493015]",12,5,60,10000
cpu,stock,2,demo,zoom_out,12,1927,submit_us,final,pool,840.1579585,854.1613335,836.5070415,853.8282085,14.607583000000034,"[10.960000000000036, 17.321166999999946]",1.7498939437256777,"[1.3028758021410014, 2.0707094598335307]",12,5,60,10000
cpu,stock,2,demo,zoom_out,12,1927,complete_us,final,pool,840.1753335000001,854.177,836.5277914999999,853.849042,14.603957999999977,"[10.949791500000003, 17.32125050000002]",1.748983652913294,"[1.3016248849840761, 2.0706697195434054]",12,5,60,10000
cpu,stock,2,font_variations,first_paint,1,263,draw_us,master,current,1016.9375,1035.729,1015.187,1034.5625,22.353999999999985,"[11.521500000000003, 30.166999999999973]",2.197320736331798,"[1.1293526098806073, 2.998749587299676]",12,5,60,10000
cpu,stock,2,font_variations,first_paint,1,263,submit_us,master,current,1017.1875,1035.979,1015.4375,1034.7915,22.291499999999928,"[11.478999999999928, 30.145500000000027]",2.190605283899383,"[1.1249326024685424, 2.9959496289465593]",12,5,60,10000
cpu,stock,2,font_variations,first_paint,1,263,complete_us,master,current,1017.2085,1035.9995,1015.4375,1034.833,22.3125,"[11.500500000000045, 30.146000000000015]",2.192639347331027,"[1.1270184752550927, 2.995936785640574]",12,5,60,10000
cpu,stock,2,font_variations,first_paint,1,263,draw_us,master,final,1016.9375,980.896,1015.187,979.1455000000001,-33.12450000000001,"[-39.4785, -24.333500000000015]",-3.2710343667335384,"[-3.9095624785974, -2.3826437353064502]",12,5,60,10000
cpu,stock,2,font_variations,first_paint,1,263,submit_us,master,final,1017.1875,981.0830000000001,1015.4375,979.3955000000001,-33.27099999999996,"[-39.43700000000001, -24.291999999999973]",-3.2862691630713483,"[-3.904487035421095, -2.378038003156674]",12,5,60,10000
cpu,stock,2,font_variations,first_paint,1,263,complete_us,master,final,1017.2085,981.104,1015.4375,979.3955000000001,-33.31249999999994,"[-39.43700000000001, -24.249999999999943]",-3.288321142861533,"[-3.904487035421095, -2.3739252980494454]",12,5,60,10000
cpu,stock,2,font_variations,first_paint,1,263,draw_us,master,pool,1016.9375,1004.688,1015.187,1004.1044999999999,-6.291500000000042,"[-16.687000000000012, -2.853999999999985]",-0.617902897619077,"[-1.6512252648167192, -0.27899654344484826]",12,5,60,10000
cpu,stock,2,font_variations,first_paint,1,263,submit_us,master,pool,1017.1875,1004.896,1015.4375,1004.3335,-6.3125,"[-16.6875, -2.916499999999928]",-0.6198109568587518,"[-1.6509121843152674, -0.28500159375384193]",12,5,60,10000
cpu,stock,2,font_variations,first_paint,1,263,complete_us,master,pool,1017.2085,1004.938,1015.4375,1004.3755,-6.312000000000012,"[-16.70750000000004, -2.916499999999928]",-0.6197144986944347,"[-1.6528021750158217, -0.28500159375384193]",12,5,60,10000
cpu,stock,2,font_variations,first_paint,1,263,draw_us,current,final,1035.729,980.896,1034.5625,979.1455000000001,-59.93749999999994,"[-70.20800000000008, -33.54199999999997]",-5.782812477043842,"[-6.686662066235777, -3.255832688956428]",12,5,60,10000
cpu,stock,2,font_variations,first_paint,1,263,submit_us,current,final,1035.979,981.0830000000001,1034.7915,979.3955000000001,-59.89550000000003,"[-70.20800000000003, -33.45799999999997]",-5.777480625275083,"[-6.684891311543223, -3.247086316019127]",12,5,60,10000
cpu,stock,2,font_variations,first_paint,1,263,complete_us,current,final,1035.9995,981.104,1034.833,979.3955000000001,-59.916,"[-70.20800000000003, -33.45799999999997]",-5.779343485407933,"[-6.684891311543223, -3.246953967440014]",12,5,60,10000
cpu,stock,2,font_variations,first_paint,1,263,draw_us,current,pool,1035.729,1004.688,1034.5625,1004.1044999999999,-32.68700000000007,"[-42.18799999999999, -25.458500000000015]",-3.1631691392810968,"[-4.029078166889633, -2.462035690034531]",12,5,60,10000
cpu,stock,2,font_variations,first_paint,1,263,submit_us,current,pool,1035.979,1004.896,1034.7915,1004.3335,-32.666,"[-42.12450000000001, -25.458499999999958]",-3.16048151706258,"[-4.022147685906635, -2.461490565871838]",12,5,60,10000
cpu,stock,2,font_variations,first_paint,1,263,complete_us,current,pool,1035.9995,1004.938,1034.833,1004.3755,-32.645500000000084,"[-42.14549999999997, -25.5]",-3.1584405195243637,"[-4.024086953959177, -2.465404172445651]",12,5,60,10000
cpu,stock,2,font_variations,first_paint,1,263,draw_us,final,pool,980.896,1004.688,979.1455000000001,1004.1044999999999,22.980000000000018,"[15.083499999999958, 30.521000000000015]",2.3620727494815585,"[1.550062860498902, 3.072085394943569]",12,5,60,10000
cpu,stock,2,font_variations,first_paint,1,263,submit_us,final,pool,981.0830000000001,1004.896,979.3955000000001,1004.3335,22.979499999999973,"[15.0625, 30.521000000000015]",2.3615145600705656,"[1.5475798786717565, 3.071266115714988]",12,5,60,10000
cpu,stock,2,font_variations,first_paint,1,263,complete_us,final,pool,981.104,1004.938,979.3955000000001,1004.3755,22.97999999999996,"[15.0625, 30.521000000000015]",2.361516942362185,"[1.5475798786717565, 3.071207300390144]",12,5,60,10000
cpu,stock,2,font_variations,slant_advance,10,1158,draw_us,master,current,465.11244999999997,478.0854,462.38545,478.0854,14.877100000000013,"[10.708200000000005, 15.848049999999972]",3.235062629550911,"[2.2846377380884575, 3.4228063092544447]",12,5,60,10000
cpu,stock,2,font_variations,slant_advance,10,1158,submit_us,master,current,465.21865,478.18135,462.50825,478.18135,14.891900000000021,"[10.69980000000001, 15.820849999999979]",3.2375078333996443,"[2.2823193983864343, 3.4159400004216245]",12,5,60,10000
cpu,stock,2,font_variations,slant_advance,10,1158,complete_us,master,current,465.23955,478.2021,462.53335,478.2021,14.893900000000002,"[10.699950000000001, 15.825099999999992]",3.237800379236111,"[2.28222058330364, 3.4167502128690685]",12,5,60,10000
cpu,stock,2,font_variations,slant_advance,10,1158,draw_us,master,final,465.11244999999997,452.7937,462.38545,452.52930000000003,-8.243750000000006,"[-15.206249999999983, -7.650200000000012]",-1.7834694205916768,"[-3.266457524376798, -1.6574682540707597]",12,5,60,10000
cpu,stock,2,font_variations,slant_advance,10,1158,submit_us,master,final,465.21865,452.9145,462.50825,452.6417,-8.239749999999987,"[-15.193849999999998, -7.654300000000006]",-1.7817087516587227,"[-3.2630871853498498, -1.658377467850014]",12,5,60,10000
cpu,stock,2,font_variations,slant_advance,10,1158,complete_us,master,final,465.23955,452.93955,462.53335,452.65635,-8.239649999999983,"[-15.199949999999973, -7.650100000000037]",-1.7820824861694784,"[-3.264213142856182, -1.6551937204628553]",12,5,60,10000
cpu,stock,2,font_variations,slant_advance,10,1158,draw_us,master,pool,465.11244999999997,464.25625,462.38545,463.6479,-1.174850000000049,"[-2.560399999999987, 1.5000499999999874]",-0.2537319869407084,"[-0.5505653128715926, 0.3248902582122737]",12,5,60,10000
cpu,stock,2,font_variations,slant_advance,10,1158,submit_us,master,pool,465.21865,464.35855000000004,462.50825,463.74604999999997,-1.208200000000005,"[-2.55619999999999, 1.491800000000012]",-0.26086420027649493,"[-0.54953092731026, 0.32303254119075975]",12,5,60,10000
cpu,stock,2,font_variations,slant_advance,10,1158,complete_us,master,pool,465.23955,464.37715000000003,462.53335,463.77085,-1.1998500000000263,"[-2.562349999999981, 1.477150000000023]",-0.2590618059762628,"[-0.5508198956239774, 0.319838675835149]",12,5,60,10000
cpu,stock,2,font_variations,slant_advance,10,1158,draw_us,current,final,478.0854,452.7937,478.0854,452.52930000000003,-23.54159999999999,"[-28.68535, -21.02324999999999]",-4.979203387157149,"[-5.9934017609758135, -4.407232389486026]",12,5,60,10000
cpu,stock,2,font_variations,slant_advance,10,1158,submit_us,current,final,478.18135,452.9145,478.18135,452.6417,-23.522749999999974,"[-28.685450000000003, -21.02125000000001]",-4.974162885787331,"[-5.9920458316960135, -4.405754294658176]",12,5,60,10000
cpu,stock,2,font_variations,slant_advance,10,1158,complete_us,current,final,478.2021,452.93955,478.2021,452.65635,-23.52290000000002,"[-28.691599999999994, -21.02525]",-4.973928945243811,"[-5.99301120123969, -4.406344857342454]",12,5,60,10000
cpu,stock,2,font_variations,slant_advance,10,1158,draw_us,current,pool,478.0854,464.25625,478.0854,463.6479,-13.918700000000001,"[-17.02290000000002, -9.558499999999981]",-2.905191168199872,"[-3.5548622355295545, -2.0313459194333747]",12,5,60,10000
cpu,stock,2,font_variations,slant_advance,10,1158,submit_us,current,pool,478.18135,464.35855000000004,478.18135,463.74604999999997,-13.908150000000006,"[-17.029049999999984, -9.55834999999999]",-2.902433750558081,"[-3.55535539569527, -2.0308516131394727]",12,5,60,10000
cpu,stock,2,font_variations,slant_advance,10,1158,complete_us,current,pool,478.2021,464.37715000000003,478.2021,463.77085,-13.914450000000016,"[-17.02495000000002, -9.562550000000016]",-2.903606125721719,"[-3.5543681330113595, -2.0316326954331387]",12,5,60,10000
cpu,stock,2,font_variations,slant_advance,10,1158,draw_us,final,pool,452.7937,464.25625,452.52930000000003,463.6479,11.45829999999998,"[6.654349999999994, 13.660599999999988]",2.5354586393957934,"[1.468107143316122, 2.9898389164418115]",12,5,60,10000
cpu,stock,2,font_variations,slant_advance,10,1158,submit_us,final,pool,452.9145,464.35855000000004,452.6417,463.74604999999997,11.454300000000018,"[6.637699999999995, 13.664799999999985]",2.533965404028571,"[1.4640510793938466, 2.9900263298931917]",12,5,60,10000
cpu,stock,2,font_variations,slant_advance,10,1158,complete_us,final,pool,452.93955,464.37715000000003,452.65635,463.77085,11.450050000000005,"[6.650100000000009, 13.660499999999985]",2.5329053443304272,"[1.4667321049233295, 2.9889470044797917]",12,5,60,10000
cpu,stock,2,font_variations,slant_return,10,0,draw_us,master,current,39.089600000000004,39.09165,39.11875,39.068749999999994,-0.016549999999998732,"[-0.5519500000000015, 0.8667499999999961]",-0.040810341007091466,"[-1.395982362638487, 2.246609506682995]",12,5,60,10000
cpu,stock,2,font_variations,slant_return,10,0,submit_us,master,current,39.1874,39.171,39.212599999999995,39.1459,-0.01454999999999984,"[-0.5643000000000029, 0.8646999999999956]",-0.03599999428897105,"[-1.4239659462143395, 2.2363013925111974]",12,5,60,10000
cpu,stock,2,font_variations,slant_return,10,0,complete_us,master,current,39.210449999999994,39.189499999999995,39.23335,39.162499999999994,-0.020800000000004815,"[-0.5704999999999991, 0.8541999999999987]",-0.05131119174248133,"[-1.438870810102011, 2.2079434912312124]",12,5,60,10000
cpu,stock,2,font_variations,slant_return,10,0,draw_us,master,final,39.089600000000004,38.38745,39.11875,38.20845,-0.8541500000000006,"[-1.131300000000003, -0.4812000000000012]",-2.149542333788829,"[-2.877547880968395, -1.2385404882791717]",12,5,60,10000
cpu,stock,2,font_variations,slant_return,10,0,submit_us,master,final,39.1874,38.46235,39.212599999999995,38.28555,-0.8728500000000032,"[-1.1355000000000004, -0.4852500000000006]",-2.1914027735900623,"[-2.8826721860381155, -1.246551445196109]",12,5,60,10000
cpu,stock,2,font_variations,slant_return,10,0,complete_us,master,final,39.210449999999994,38.48525,39.23335,38.3064,-0.8812500000000014,"[-1.1396499999999996, -0.4853000000000023]",-2.211348700918342,"[-2.8908721850214816, -1.2456588818400005]",12,5,60,10000
cpu,stock,2,font_variations,slant_return,10,0,draw_us,master,pool,39.089600000000004,38.22495,39.11875,38.33325,-0.7917500000000004,"[-1.0334000000000039, -0.5603499999999997]",-2.010304028195109,"[-2.6267952388905282, -1.434039711571966]",12,5,60,10000
cpu,stock,2,font_variations,slant_return,10,0,submit_us,master,pool,39.1874,38.3019,39.212599999999995,38.41265,-0.7977499999999971,"[-1.0415000000000028, -0.5688499999999976]",-2.0214913118025146,"[-2.6408698060828737, -1.4526389486441693]",12,5,60,10000
cpu,stock,2,font_variations,slant_return,10,0,complete_us,master,pool,39.210449999999994,38.32065,39.23335,38.4313,-0.793600000000005,"[-1.047899999999995, -0.5686500000000017]",-2.009598685246683,"[-2.6553460482434508, -1.4513537235239515]",12,5,60,10000
cpu,stock,2,font_variations,slant_return,10,0,draw_us,current,final,39.09165,38.38745,39.068749999999994,38.20845,-0.7583500000000001,"[-1.4437499999999979, -0.32505000000000095]",-1.9394907055952537,"[-3.695049206970225, -0.8427218935018854]",12,5,60,10000
cpu,stock,2,font_variations,slant_return,10,0,submit_us,current,final,39.171,38.46235,39.1459,38.28555,-0.7665500000000023,"[-1.4499499999999976, -0.3251000000000026]",-1.9563481908886682,"[-3.703580717016408, -0.8413263534309989]",12,5,60,10000
cpu,stock,2,font_variations,slant_return,10,0,complete_us,current,final,39.189499999999995,38.48525,39.162499999999994,38.3064,-0.7520000000000024,"[-1.439599999999995, -0.3208999999999982]",-1.9184226018845285,"[-3.675577627934179, -0.8300244773468302]",12,5,60,10000
cpu,stock,2,font_variations,slant_return,10,0,draw_us,current,pool,39.09165,38.22495,39.068749999999994,38.33325,-0.7397500000000008,"[-1.0625, -0.45424999999999827]",-1.8861836310108626,"[-2.723479161803416, -1.1653031129874147]",12,5,60,10000
cpu,stock,2,font_variations,slant_return,10,0,submit_us,current,pool,39.171,38.3019,39.1459,38.41265,-0.7373999999999974,"[-1.062450000000002, -0.4623999999999988]",-1.8761764029239458,"[-2.718061762397844, -1.1837648543340962]",12,5,60,10000
cpu,stock,2,font_variations,slant_return,10,0,complete_us,current,pool,39.189499999999995,38.32065,39.162499999999994,38.4313,-0.7270499999999984,"[-1.058250000000001, -0.4623500000000007]",-1.849386147240989,"[-2.705959500812166, -1.183101784761842]",12,5,60,10000
cpu,stock,2,font_variations,slant_return,10,0,draw_us,final,pool,38.38745,38.22495,38.20845,38.33325,0.08954999999999913,"[-0.22305000000000064, 0.44790000000000063]",0.23560643333166986,"[-0.5856297025068458, 1.1805951349494581]",12,5,60,10000
cpu,stock,2,font_variations,slant_return,10,0,submit_us,final,pool,38.46235,38.3019,38.28555,38.41265,0.09765000000000157,"[-0.20835000000000292, 0.45840000000000103]",0.2561983971617998,"[-0.5459225316639726, 1.2060424219735744]",12,5,60,10000
cpu,stock,2,font_variations,slant_return,10,0,complete_us,final,pool,38.48525,38.32065,38.3064,38.4313,0.09569999999999723,"[-0.20224999999999937, 0.4522499999999994]",0.2507853932376958,"[-0.5298237836293462, 1.1888510040382272]",12,5,60,10000
cpu,stock,2,font_variations,warm,30,0,draw_us,master,current,36.986149999999995,36.6576165,36.986149999999995,36.677766500000004,-0.3083500000000008,"[-0.7013665000000024, -0.06391699999999645]",-0.8323977695798346,"[-1.888177203672231, -0.17382952602589263]",12,5,60,10000
cpu,stock,2,font_variations,warm,30,0,submit_us,master,current,37.0659335,36.729200000000006,37.0659335,36.7506665,-0.3158500000000011,"[-0.6832999999999991, -0.07781649999999729]",-0.8509260990997192,"[-1.8358697494522958, -0.21297116547405737]",12,5,60,10000
cpu,stock,2,font_variations,warm,30,0,complete_us,master,current,37.0889,36.7458835,37.0889,36.768017,-0.3132000000000019,"[-0.6853495000000009, -0.07988300000000237]",-0.8433071470608844,"[-1.8402565667695825, -0.22043051705030736]",12,5,60,10000
cpu,stock,2,font_variations,warm,30,0,draw_us,master,final,36.986149999999995,36.5111,36.986149999999995,36.4659335,-0.500033000000002,"[-0.9701165000000032, -0.24236650000000282]",-1.3358374357862635,"[-2.5962678655344904, -0.65549819956221]",12,5,60,10000
cpu,stock,2,font_variations,warm,30,0,submit_us,master,final,37.0659335,36.5777335,37.0659335,36.5326,-0.5166164999999978,"[-0.9896835000000017, -0.2598994999999995]",-1.3774172192924428,"[-2.6426481398042654, -0.7013877951300485]",12,5,60,10000
cpu,stock,2,font_variations,warm,30,0,complete_us,master,final,37.0889,36.593050000000005,37.0889,36.552017,-0.5131164999999989,"[-0.9875829999999972, -0.2577500000000015]",-1.3675187775461728,"[-2.63577390179921, -0.6952616033965964]",12,5,60,10000
cpu,stock,2,font_variations,warm,30,0,draw_us,master,pool,36.986149999999995,36.588867,36.986149999999995,36.6694335,-0.48601650000000163,"[-0.7395999999999994, -0.31104999999999805]",-1.3090108491769281,"[-1.9886031647185554, -0.8404006447564949]",12,5,60,10000
cpu,stock,2,font_variations,warm,30,0,submit_us,master,pool,37.0659335,36.6631835,37.0659335,36.74165,-0.4957504999999962,"[-0.7541830000000012, -0.3179830000000017]",-1.3324752463096556,"[-2.0235270152207274, -0.857423491143422]",12,5,60,10000
cpu,stock,2,font_variations,warm,30,0,complete_us,master,pool,37.0889,36.6826165,37.0889,36.76395,-0.49448300000000245,"[-0.750083, -0.3158999999999992]",-1.3283740884895756,"[-2.0115837046496052, -0.8512992324315627]",12,5,60,10000
cpu,stock,2,font_variations,warm,30,0,draw_us,current,final,36.6576165,36.5111,36.677766500000004,36.4659335,-0.20899999999999963,"[-0.3485330000000033, 0.1534835000000001]",-0.5709849478668039,"[-0.9552067958751742, 0.42432721663956396]",12,5,60,10000
cpu,stock,2,font_variations,warm,30,0,submit_us,current,final,36.729200000000006,36.5777335,36.7506665,36.5326,-0.2160999999999973,"[-0.35330000000000084, 0.1549164999999988]",-0.5832814296866107,"[-0.969993236429928, 0.4276097145822222]",12,5,60,10000
cpu,stock,2,font_variations,warm,30,0,complete_us,current,final,36.7458835,36.593050000000005,36.768017,36.552017,-0.21608300000000114,"[-0.3547004999999963, 0.14864999999999995]",-0.5829741700303148,"[-0.9697223147816014, 0.4099782542089869]",12,5,60,10000
cpu,stock,2,font_variations,warm,30,0,draw_us,current,pool,36.6576165,36.588867,36.677766500000004,36.6694335,-0.17568299999999581,"[-0.48193300000000505, 0.29100000000000037]",-0.4831346708198625,"[-1.299132866579733, 0.7975236974929412]",12,5,60,10000
cpu,stock,2,font_variations,warm,30,0,submit_us,current,pool,36.729200000000006,36.6631835,36.7506665,36.74165,-0.1716165000000025,"[-0.48140049999999945, 0.2875835000000002]",-0.4712752749182647,"[-1.295326657571838, 0.7864710279209874]",12,5,60,10000
cpu,stock,2,font_variations,warm,30,0,complete_us,current,pool,36.7458835,36.6826165,36.768017,36.76395,-0.17359999999999687,"[-0.47509999999999764, 0.28828299999999984]",-0.4762856891469325,"[-1.2777886523715865, 0.7879473635462486]",12,5,60,10000
cpu,stock,2,font_variations,warm,30,0,draw_us,final,pool,36.5111,36.588867,36.4659335,36.6694335,-0.07431649999999834,"[-0.28333350000000124, 0.5305165000000045]",-0.2033107917665089,"[-0.7628005066584176, 1.476010650120252]",12,5,60,10000
cpu,stock,2,font_variations,warm,30,0,submit_us,final,pool,36.5777335,36.6631835,36.5326,36.74165,-0.06601650000000348,"[-0.27481699999999876, 0.5303834999999992]",-0.18022042709122665,"[-0.7386230176913644, 1.4726668295267586]",12,5,60,10000
cpu,stock,2,font_variations,warm,30,0,complete_us,final,pool,36.593050000000005,36.6826165,36.552017,36.76395,-0.06608300000000256,"[-0.2748995000000001, 0.5353335000000001]",-0.18024176178776385,"[-0.7384073920789491, 1.4857302995128996]",12,5,60,10000
cpu,stock,2,font_variations,weight_advance,6,717,draw_us,master,current,504.26041699999996,519.2292500000001,503.87483299999997,519.2881665,16.569332999999943,"[13.760833500000018, 19.708416500000027]",3.3234033351408288,"[2.7595087094334336, 3.918864021382562]",12,5,60,10000
cpu,stock,2,font_variations,weight_advance,6,717,submit_us,master,current,504.41308349999997,519.3645835,504.03833299999997,519.427,16.559249999999963,"[13.750416999999999, 19.690833500000025]",3.3204237644352874,"[2.7564928852106485, 3.9141557609332134]",12,5,60,10000
cpu,stock,2,font_variations,weight_advance,6,717,complete_us,master,current,504.4270835,519.3784165,504.0589165,519.444333,16.555583000000013,"[13.753833499999985, 19.686916499999967]",3.319519435047058,"[2.757103271750805, 3.913157122850308]",12,5,60,10000
cpu,stock,2,font_variations,weight_advance,6,717,draw_us,master,final,504.26041699999996,491.9860835,503.87483299999997,491.9445835,-13.218666499999983,"[-14.67708349999998, -7.374999500000001]",-2.627812107084937,"[-2.8825570048005735, -1.4808763748367149]",12,5,60,10000
cpu,stock,2,font_variations,weight_advance,6,717,submit_us,master,final,504.41308349999997,492.1214165,504.03833299999997,492.13908349999997,-13.142333500000007,"[-14.697750000000013, -7.367999500000025]",-2.6118813001940353,"[-2.885624596220082, -1.4789599206334436]",12,5,60,10000
cpu,stock,2,font_variations,weight_advance,6,717,complete_us,master,final,504.4270835,492.142167,504.0589165,492.153,-13.152583499999992,"[-14.697749999999985, -7.36458300000001]",-2.6138073951240792,"[-2.88550794798636, -1.4782205538636073]",12,5,60,10000
cpu,stock,2,font_variations,weight_advance,6,717,draw_us,master,pool,504.26041699999996,506.968833,503.87483299999997,506.0069165,3.7120005000000162,"[0.013749999999987494, 4.923833499999972]",0.732595685028592,"[0.002583000171657579, 0.9847808542691627]",12,5,60,10000
cpu,stock,2,font_variations,weight_advance,6,717,submit_us,master,pool,504.41308349999997,507.11816699999997,504.03833299999997,506.13525,3.718999999999994,"[0.007000000000005002, 4.899250499999994]",0.7337534759208175,"[0.0012343548897286727, 0.979547308422779]",12,5,60,10000
cpu,stock,2,font_variations,weight_advance,6,717,complete_us,master,pool,504.4270835,507.1320835,504.0589165,506.15625,3.715333500000014,"[0.0035835000000190576, 4.913083499999999]",0.7329846929787998,"[0.0005420750748053038, 0.9822790513720148]",12,5,60,10000
cpu,stock,2,font_variations,weight_advance,6,717,draw_us,current,final,519.2292500000001,491.9860835,519.2881665,491.9445835,-28.88575000000003,"[-29.913333499999993, -25.145583500000015]",-5.5232924129366925,"[-5.782094059175103, -4.8681004419377665]",12,5,60,10000
cpu,stock,2,font_variations,weight_advance,6,717,submit_us,current,final,519.3645835,492.1214165,519.427,492.13908349999997,-28.816416999999973,"[-29.868333500000006, -25.138832999999977]",-5.506596841896727,"[-5.771999048821524, -4.865373194514766]",12,5,60,10000
cpu,stock,2,font_variations,weight_advance,6,717,complete_us,current,final,519.3784165,492.142167,519.444333,492.153,-28.833500000000015,"[-29.87500049999997, -25.15266650000001]",-5.510806713313398,"[-5.772980015655632, -4.867817752639725]",12,5,60,10000
cpu,stock,2,font_variations,weight_advance,6,717,draw_us,current,pool,519.2292500000001,506.968833,519.2881665,506.0069165,-14.232583000000005,"[-15.899083000000019, -8.333417000000026]",-2.721252332351037,"[-3.0812285009356732, -1.5923765883067764]",12,5,60,10000
cpu,stock,2,font_variations,weight_advance,6,717,submit_us,current,pool,519.3645835,507.11816699999997,519.427,506.13525,-14.242917000000006,"[-15.913000000000011, -8.347333500000019]",-2.722535410926208,"[-3.0830018316424903, -1.594585174165264]",12,5,60,10000
cpu,stock,2,font_variations,weight_advance,6,717,complete_us,current,pool,519.3784165,507.1320835,519.444333,506.15625,-14.259999999999962,"[-15.90266600000001, -8.343749999999972]",-2.725626404012255,"[-3.0809297709468497, -1.593787881356712]",12,5,60,10000
cpu,stock,2,font_variations,weight_advance,6,717,draw_us,final,pool,491.9860835,506.968833,491.9445835,506.0069165,14.163167000000016,"[12.649249999999995, 19.00725]",2.8632669922887377,"[2.5694371049430065, 3.895147996221582]",12,5,60,10000
cpu,stock,2,font_variations,weight_advance,6,717,submit_us,final,pool,492.1214165,507.11816699999997,492.13908349999997,506.13525,14.097250000000003,"[12.61783299999999, 19.01408349999997]",2.8486750415624096,"[2.5622795086825634, 3.8952411109981266]",12,5,60,10000
cpu,stock,2,font_variations,weight_advance,6,717,complete_us,final,pool,492.142167,507.1320835,492.153,506.15625,14.111250000000013,"[12.621250000000003, 19.031417000000033]",2.851451700215357,"[2.5628672121104645, 3.8986912286471442]",12,5,60,10000
cpu,stock,2,font_variations,weight_return,6,0,draw_us,master,current,38.5625835,37.8541665,38.78125,38.309,-0.6110829999999972,"[-1.2811664999999977, 0.5105834999999992]",-1.5668977933863903,"[-3.2536787481887988, 1.3250835106345948]",12,5,60,10000
cpu,stock,2,font_variations,weight_return,6,0,submit_us,master,current,38.638999999999996,37.937416999999996,38.861166499999996,38.375,-0.6182499999999997,"[-1.2952505000000016, 0.5175005000000006]",-1.5826241329218727,"[-3.2756741760491925, 1.3402692825983498]",12,5,60,10000
cpu,stock,2,font_variations,weight_return,6,0,complete_us,master,current,38.659833,37.947917000000004,38.899417,38.3993335,-0.6249999999999964,"[-1.2845829999999978, 0.4896669999999972]",-1.5986644067141509,"[-3.2541946522570475, 1.2668495999666018]",12,5,60,10000
cpu,stock,2,font_variations,weight_return,6,0,draw_us,master,final,38.5625835,38.2255835,38.78125,38.392416999999995,-0.4863330000000019,"[-2.1736664999999995, 0.39608349999999604]",-1.230876806493747,"[-5.639929673936978, 1.0579082092322611]",12,5,60,10000
cpu,stock,2,font_variations,weight_return,6,0,submit_us,master,final,38.638999999999996,38.2915835,38.861166499999996,38.4686665,-0.48641699999999943,"[-2.176750000000002, 0.3855000000000004]",-1.228302636859202,"[-5.636146262165265, 1.0277060543860905]",12,5,60,10000
cpu,stock,2,font_variations,weight_return,6,0,complete_us,master,final,38.659833,38.3159165,38.899417,38.4826665,-0.49674949999999995,"[-2.1977500000000028, 0.3995829999999998]",-1.2537186751377771,"[-5.6847332337295, 1.0638088915694621]",12,5,60,10000
cpu,stock,2,font_variations,weight_return,6,0,draw_us,master,pool,38.5625835,37.6111665,38.78125,38.0103335,-0.7118329999999986,"[-1.5350000000000001, -0.08333350000000195]",-1.8118261303533334,"[-4.023180229920609, -0.21498344877494135]",12,5,60,10000
cpu,stock,2,font_variations,weight_return,6,0,submit_us,master,pool,38.638999999999996,37.691083,38.861166499999996,38.0830835,-0.7120834999999985,"[-1.541583499999998, -0.0867500000000021]",-1.8089512732187119,"[-4.033159484787252, -0.22324397101582405]",12,5,60,10000
cpu,stock,2,font_variations,weight_return,6,0,complete_us,master,pool,38.659833,37.7153335,38.899417,38.1005835,-0.7223329999999955,"[-1.5484164999999983, -0.0833329999999961]",-1.8337332619678237,"[-4.046763872543435, -0.21440469536376794]",12,5,60,10000
cpu,stock,2,font_variations,weight_return,6,0,draw_us,current,final,37.8541665,38.2255835,38.309,38.392416999999995,-0.19425000000000026,"[-1.6078334999999981, 0.9339169999999974]",-0.5008375907880447,"[-4.200580534887038, 2.4773076845322706]",12,5,60,10000
cpu,stock,2,font_variations,weight_return,6,0,submit_us,current,final,37.937416999999996,38.2915835,38.375,38.4686665,-0.201416499999997,"[-1.610999999999997, 0.9303335000000033]",-0.5183078186716039,"[-4.200485137596011, 2.462827198134465]",12,5,60,10000
cpu,stock,2,font_variations,weight_return,6,0,complete_us,current,final,37.947917000000004,38.3159165,38.3993335,38.4826665,-0.2049170000000018,"[-1.6215834999999998, 0.9302504999999996]",-0.5270704468789411,"[-4.225691847159435, 2.461356004399351]",12,5,60,10000
cpu,stock,2,font_variations,weight_return,6,0,draw_us,current,pool,37.8541665,37.6111665,38.309,38.0103335,-0.632082999999998,"[-1.180500000000002, 0.3958334999999984]",-1.660212604732647,"[-3.06541377191622, 1.028105629604481]",12,5,60,10000
cpu,stock,2,font_variations,weight_return,6,0,submit_us,current,pool,37.937416999999996,37.691083,38.375,38.0830835,-0.6285835000000013,"[-1.1873334999999976, 0.40308350000000104]",-1.6165961985102673,"[-3.0769809730801345, 1.0450440260234672]",12,5,60,10000
cpu,stock,2,font_variations,weight_return,6,0,complete_us,current,pool,37.947917000000004,37.7153335,38.3993335,38.1005835,-0.6319170000000014,"[-1.1874164999999977, 0.3960005000000031]",-1.6158917105493553,"[-3.0756177657491666, 1.0261874167835083]",12,5,60,10000
cpu,stock,2,font_variations,weight_return,6,0,draw_us,final,pool,38.2255835,37.6111665,38.392416999999995,38.0103335,-0.03141700000000114,"[-1.3680834999999973, 1.5035834999999977]",-0.08059910384244917,"[-3.526385875253518, 4.0733054090951075]",12,5,60,10000
cpu,stock,2,font_variations,weight_return,6,0,submit_us,final,pool,38.2915835,37.691083,38.4686665,38.0830835,-0.03816650000000266,"[-1.3608334999999983, 1.5038329999999966]",-0.09782947746561077,"[-3.501784395290386, 4.065769771766026]",12,5,60,10000
cpu,stock,2,font_variations,weight_return,6,0,complete_us,final,pool,38.3159165,37.7153335,38.4826665,38.1005835,-0.038416499999996745,"[-1.3712499999999999, 1.5108335000000004]",-0.09823050598992134,"[-3.5258540433480423, 4.0838184712900905]",12,5,60,10000
cpu,stock,2,grid_pollution,hot_first,1,94,draw_us,master,current,221.687,240.41649999999998,222.4375,240.125,17.625,"[13.105000000000004, 28.811999999999998]",7.825535838966925,"[5.874677764143188, 13.499208399261352]",12,5,60,10000
cpu,stock,2,grid_pollution,hot_first,1,94,submit_us,master,current,221.8125,240.5005,222.5,240.20850000000002,17.624499999999998,"[13.104500000000002, 28.854]",7.8199594914939,"[5.872243440576563, 13.51485985721116]",12,5,60,10000
cpu,stock,2,grid_pollution,hot_first,1,94,complete_us,master,current,221.8125,240.5005,222.52100000000002,240.20850000000002,17.6455,"[13.084000000000003, 28.8335]",7.829203791942474,"[5.862522731504294, 13.503986288221581]",12,5,60,10000
cpu,stock,2,grid_pollution,hot_first,1,94,draw_us,master,final,221.687,166.72899999999998,222.4375,165.6875,-50.8535,"[-59.021, -47.7295]",-23.11822544791731,"[-26.44213077697035, -22.16555994723157]",12,5,60,10000
cpu,stock,2,grid_pollution,hot_first,1,94,submit_us,master,final,221.8125,166.89600000000002,222.5,165.79149999999998,-50.8125,"[-59.042, -47.625]",-23.090251462681895,"[-26.43676316289946, -22.111167150768313]",12,5,60,10000
cpu,stock,2,grid_pollution,hot_first,1,94,complete_us,master,final,221.8125,166.89600000000002,222.52100000000002,165.79149999999998,-50.8125,"[-59.063, -47.6455]",-23.088631375948808,"[-26.443664862418093, -22.125729885809868]",12,5,60,10000
cpu,stock,2,grid_pollution,hot_first,1,94,draw_us,master,pool,221.687,175.958,222.4375,176.3125,-43.479,"[-49.7505, -37.563]",-19.839167837439653,"[-22.284105670237697, -17.502276946607193]",12,5,60,10000
cpu,stock,2,grid_pollution,hot_first,1,94,submit_us,master,pool,221.8125,176.125,222.5,176.39600000000002,-43.480000000000004,"[-49.771, -37.5205]",-19.83358683528385,"[-22.283324197535983, -17.49553530245629]",12,5,60,10000
cpu,stock,2,grid_pollution,hot_first,1,94,complete_us,master,pool,221.8125,176.14600000000002,222.52100000000002,176.39600000000002,-43.479,"[-49.771, -37.5415]",-19.829420316112603,"[-22.290495487619722, -17.49425376221513]",12,5,60,10000
cpu,stock,2,grid_pollution,hot_first,1,94,draw_us,current,final,240.41649999999998,166.72899999999998,240.125,165.6875,-73.6045,"[-78.833, -69.6665]",-30.967337397495584,"[-32.24659245980094, -29.129704153619716]",12,5,60,10000
cpu,stock,2,grid_pollution,hot_first,1,94,submit_us,current,final,240.5005,166.89600000000002,240.20850000000002,165.79149999999998,-73.542,"[-78.7705, -69.667]",-30.932853183508698,"[-32.20728394261877, -29.11724051710901]",12,5,60,10000
cpu,stock,2,grid_pollution,hot_first,1,94,complete_us,current,final,240.5005,166.89600000000002,240.20850000000002,165.79149999999998,-73.542,"[-78.77, -69.688]",-30.930065293184484,"[-32.20433399056618, -29.123470798347086]",12,5,60,10000
cpu,stock,2,grid_pollution,hot_first,1,94,draw_us,current,pool,240.41649999999998,175.958,240.125,176.3125,-67.125,"[-69.646, -60.2915]",-27.612830098184205,"[-29.202400864029357, -25.200995534260002]",12,5,60,10000
cpu,stock,2,grid_pollution,hot_first,1,94,submit_us,current,pool,240.5005,176.125,240.20850000000002,176.39600000000002,-67.063,"[-69.625, -60.3125]",-27.577703918984838,"[-29.19195809284095, -25.201060564388495]",12,5,60,10000
cpu,stock,2,grid_pollution,hot_first,1,94,complete_us,current,pool,240.5005,176.14600000000002,240.20850000000002,176.39600000000002,-67.063,"[-69.6665, -60.2915]",-27.577703918984838,"[-29.204528348051184, -25.192255532941957]",12,5,60,10000
cpu,stock,2,grid_pollution,hot_first,1,94,draw_us,final,pool,166.72899999999998,175.958,165.6875,176.3125,9.1875,"[3.666499999999999, 12.563000000000002]",5.556253837498149,"[2.2316982375685246, 7.47791844427107]",12,5,60,10000
cpu,stock,2,grid_pollution,hot_first,1,94,submit_us,final,pool,166.89600000000002,176.125,165.79149999999998,176.39600000000002,9.188000000000002,"[3.582499999999996, 12.542000000000002]",5.552191461440847,"[2.178677619409153, 7.460905866656531]",12,5,60,10000
cpu,stock,2,grid_pollution,hot_first,1,94,complete_us,final,pool,166.89600000000002,176.14600000000002,165.79149999999998,176.39600000000002,9.167000000000002,"[3.582499999999996, 12.542500000000004]",5.538573376440603,"[2.17799802338815, 7.460296474995964]",12,5,60,10000
cpu,stock,2,grid_pollution,hot_return,1,94,draw_us,master,current,214.64600000000002,233.70850000000002,214.64600000000002,232.688,19.646,"[12.021, 21.7915]",9.453105655771598,"[5.488209489728146, 10.200910761780325]",12,5,60,10000
cpu,stock,2,grid_pollution,hot_return,1,94,submit_us,master,current,214.77100000000002,233.792,214.77100000000002,232.83350000000002,19.7085,"[12.021, 21.811499999999995]",9.478287770163163,"[5.484991988177246, 10.20249642933112]",12,5,60,10000
cpu,stock,2,grid_pollution,hot_return,1,94,complete_us,master,current,214.792,233.813,214.792,232.8545,19.708,"[12.000500000000002, 21.811499999999995]",9.47707972327323,"[5.474662328699598, 10.20249642933112]",12,5,60,10000
cpu,stock,2,grid_pollution,hot_return,1,94,draw_us,master,final,214.64600000000002,206.125,214.64600000000002,206.9375,-8.729500000000002,"[-14.354, -3.0005000000000024]",-4.041743017045518,"[-6.706100347060917, -1.4273219282857852]",12,5,60,10000
cpu,stock,2,grid_pollution,hot_return,1,94,submit_us,master,final,214.77100000000002,206.292,214.77100000000002,207.042,-8.688000000000002,"[-14.374499999999998, -3.0204999999999984]",-4.02057928264189,"[-6.7104175306020135, -1.435701785138832]",12,5,60,10000
cpu,stock,2,grid_pollution,hot_return,1,94,complete_us,master,final,214.792,206.3125,214.792,207.08350000000002,-8.709000000000003,"[-14.354, -3.0]",-4.029707671923571,"[-6.700890003018656, -1.425686113571123]",12,5,60,10000
cpu,stock,2,grid_pollution,hot_return,1,94,draw_us,master,pool,214.64600000000002,207.10399999999998,214.64600000000002,209.83350000000002,-5.728999999999999,"[-12.374499999999998, 3.603999999999999]",-2.643296204961848,"[-5.676668199444812, 1.7544601399039017]",12,5,60,10000
cpu,stock,2,grid_pollution,hot_return,1,94,submit_us,master,pool,214.77100000000002,207.22899999999998,214.77100000000002,209.9375,-5.75,"[-12.374499999999998, 3.625]",-2.650105665218244,"[-5.673833074168727, 1.7638355158577257]",12,5,60,10000
cpu,stock,2,grid_pollution,hot_return,1,94,complete_us,master,pool,214.792,207.25,214.792,209.95850000000002,-5.771000000000001,"[-12.354500000000002, 3.625]",-2.6593380953683745,"[-5.663888154909847, 1.763580013669419]",12,5,60,10000
cpu,stock,2,grid_pollution,hot_return,1,94,draw_us,current,final,233.70850000000002,206.125,232.688,206.9375,-28.417,"[-33.9585, -18.4375]",-12.2132103267088,"[-14.252159382528916, -7.988540378795911]",12,5,60,10000
cpu,stock,2,grid_pollution,hot_return,1,94,submit_us,current,final,233.792,206.292,232.83350000000002,207.042,-28.438000000000002,"[-34.062, -18.458]",-12.213506029549404,"[-14.278760530134676, -7.9941401786782995]",12,5,60,10000
cpu,stock,2,grid_pollution,hot_return,1,94,complete_us,current,final,233.813,206.3125,232.8545,207.08350000000002,-28.438000000000002,"[-34.0415, -18.4585]",-12.212423169787145,"[-14.27030402749666, -7.993187707089422]",12,5,60,10000
cpu,stock,2,grid_pollution,hot_return,1,94,draw_us,current,pool,233.70850000000002,207.10399999999998,232.688,209.83350000000002,-22.311999999999998,"[-29.333, -16.021]",-9.505114099336387,"[-12.524994273614427, -7.076258033770072]",12,5,60,10000
cpu,stock,2,grid_pollution,hot_return,1,94,submit_us,current,pool,233.792,207.22899999999998,232.83350000000002,209.9375,-22.2915,"[-29.353499999999997, -16.063000000000002]",-9.492133904997502,"[-12.523955139116815, -7.090197741653659]",12,5,60,10000
cpu,stock,2,grid_pollution,hot_return,1,94,complete_us,current,pool,233.813,207.25,232.8545,209.95850000000002,-22.292,"[-29.374499999999998, -16.0415]",-9.491503813977424,"[-12.531756790540765, -7.080224490377047]",12,5,60,10000
cpu,stock,2,grid_pollution,hot_return,1,94,draw_us,final,pool,206.125,207.10399999999998,206.9375,209.83350000000002,4.833500000000001,"[-3.228499999999997, 13.084000000000003]",2.315181487684659,"[-1.5277453709620858, 6.520378976925712]",12,5,60,10000
cpu,stock,2,grid_pollution,hot_return,1,94,submit_us,final,pool,206.292,207.22899999999998,207.042,209.9375,4.853999999999999,"[-3.2494999999999976, 13.104500000000002]",2.3237055441021726,"[-1.5368165335086892, 6.515307338240695]",12,5,60,10000
cpu,stock,2,grid_pollution,hot_return,1,94,complete_us,final,pool,206.3125,207.25,207.08350000000002,209.95850000000002,4.8125,"[-3.228999999999999, 13.104]",2.3033641651825087,"[-1.5270782907561564, 6.51370364575885]",12,5,60,10000
cpu,stock,2,grid_pollution,hot_second,1,94,draw_us,master,current,167.1255,133.10399999999998,164.75,132.79149999999998,-31.125,"[-41.1045, -25.957499999999996]",-18.70806370620164,"[-23.87836996357559, -15.948415560291263]",12,5,60,10000
cpu,stock,2,grid_pollution,hot_second,1,94,submit_us,master,current,167.20850000000002,133.188,164.813,132.833,-31.125500000000002,"[-41.104, -25.9375]",-18.701698026791306,"[-23.857697647008877, -15.91719566644314]",12,5,60,10000
cpu,stock,2,grid_pollution,hot_second,1,94,complete_us,master,current,167.2295,133.20850000000002,164.83350000000002,132.875,-31.125500000000002,"[-41.104, -25.9375]",-18.698980482832994,"[-23.867035766986604, -15.915156399132153]",12,5,60,10000
cpu,stock,2,grid_pollution,hot_second,1,94,draw_us,master,final,167.1255,130.6875,164.75,128.3545,-36.062,"[-38.667, -33.5415]",-21.674300503193738,"[-23.004032737226638, -19.97615512357136]",12,5,60,10000
cpu,stock,2,grid_pollution,hot_second,1,94,submit_us,master,final,167.20850000000002,130.75,164.813,128.438,-36.0415,"[-38.6465, -33.542500000000004]",-21.654131016578336,"[-22.9728517565745, -19.96800426805795]",12,5,60,10000
cpu,stock,2,grid_pollution,hot_second,1,94,complete_us,master,final,167.2295,130.77100000000002,164.83350000000002,128.438,-36.0625,"[-38.667, -33.542500000000004]",-21.6637351917892,"[-22.992526663982236, -19.96800426805795]",12,5,60,10000
cpu,stock,2,grid_pollution,hot_second,1,94,draw_us,master,pool,167.1255,130.208,164.75,128.4795,-34.354,"[-41.812, -32.7915]",-21.26335140005459,"[-24.577108392102886, -19.680890894585602]",12,5,60,10000
cpu,stock,2,grid_pollution,hot_second,1,94,submit_us,master,pool,167.20850000000002,130.2705,164.813,128.5625,-34.3545,"[-41.8125, -32.7495]",-21.255372542935213,"[-24.556070179545753, -19.67372117841462]",12,5,60,10000
cpu,stock,2,grid_pollution,hot_second,1,94,complete_us,master,pool,167.2295,130.29149999999998,164.83350000000002,128.58350000000002,-34.333,"[-41.8125, -32.7705]",-21.239593208790957,"[-24.565124431576695, -19.671085762667424]",12,5,60,10000
cpu,stock,2,grid_pollution,hot_second,1,94,draw_us,current,final,133.10399999999998,130.6875,132.79149999999998,128.3545,-4.895499999999998,"[-10.0415, 2.8744999999999976]",-3.731294359596843,"[-7.256162745140626, 2.242099095508765]",12,5,60,10000
cpu,stock,2,grid_pollution,hot_second,1,94,submit_us,current,final,133.188,130.75,132.833,128.438,-4.852999999999994,"[-10.063000000000002, 2.875]",-3.6977179505354565,"[-7.26737827682446, 2.241371493788391]",12,5,60,10000
cpu,stock,2,grid_pollution,hot_second,1,94,complete_us,current,final,133.20850000000002,130.77100000000002,132.875,128.438,-4.894999999999996,"[-10.042000000000002, 2.853999999999999]",-3.728544723767352,"[-7.252147089154465, 2.2242063441616833]",12,5,60,10000
cpu,stock,2,grid_pollution,hot_second,1,94,draw_us,current,pool,133.10399999999998,130.208,132.79149999999998,128.4795,-5.603999999999999,"[-7.375, -2.271500000000003]",-4.213061921980222,"[-5.409268227064839, -1.7007803631816032]",12,5,60,10000
cpu,stock,2,grid_pollution,hot_second,1,94,submit_us,current,pool,133.188,130.2705,132.833,128.5625,-5.625,"[-7.396000000000001, -2.25]",-4.226819515151748,"[-5.420194573631637, -1.683867940792766]",12,5,60,10000
cpu,stock,2,grid_pollution,hot_second,1,94,complete_us,current,pool,133.20850000000002,130.29149999999998,132.875,128.58350000000002,-5.625,"[-7.396000000000001, -2.271000000000001]",-4.225722665951798,"[-5.420159136454822, -1.6993610428620576]",12,5,60,10000
cpu,stock,2,grid_pollution,hot_second,1,94,draw_us,final,pool,130.6875,130.208,128.3545,128.4795,-1.9380000000000024,"[-4.332999999999998, 4.166499999999999]",-1.516942132440685,"[-3.2095491039955295, 3.3316608440068785]",12,5,60,10000
cpu,stock,2,grid_pollution,hot_second,1,94,submit_us,final,pool,130.75,130.2705,128.438,128.5625,-1.9590000000000032,"[-4.396000000000001, 4.166499999999999]",-1.5327561203607787,"[-3.2530119157637536, 3.3294511092620827]",12,5,60,10000
cpu,stock,2,grid_pollution,hot_second,1,94,complete_us,final,pool,130.77100000000002,130.29149999999998,128.438,128.58350000000002,-1.9380000000000024,"[-4.353999999999999, 4.208500000000001]",-1.5159506081527718,"[-3.2219390783889965, 3.363011911191538]",12,5,60,10000
cpu,stock,2,grid_pollution,pollution,64,6016,draw_us,master,current,199.143211,224.4094765,198.834297,224.55240650000002,24.436866999999992,"[23.83493750000001, 26.206125]",12.267205211930987,"[12.044931245359392, 13.10136123434945]",12,5,60,10000
cpu,stock,2,grid_pollution,pollution,64,6016,submit_us,master,current,199.20252349999998,224.470711,198.89808549999998,224.61075,24.442765499999993,"[23.83096900000001, 26.20932049999999]",12.264084505204186,"[12.041351619811802, 13.099027654753415]",12,5,60,10000
cpu,stock,2,grid_pollution,pollution,64,6016,complete_us,master,current,199.222711,224.490297,198.918297,224.6338045,24.443054499999988,"[23.829671500000003, 26.207984499999995]",12.262698674319271,"[12.039780264950895, 13.096948840925759]",12,5,60,10000
cpu,stock,2,grid_pollution,pollution,64,6016,draw_us,master,final,199.143211,188.6366875,198.834297,188.58138300000002,-10.278351500000014,"[-11.173796999999993, -9.708351500000006]",-5.1515969225947424,"[-5.646920451507281, -4.882795027937121]",12,5,60,10000
cpu,stock,2,grid_pollution,pollution,64,6016,submit_us,master,final,199.20252349999998,188.6933985,198.89808549999998,188.6406875,-10.287476499999997,"[-11.18417149999999, -9.715772999999999]",-5.154528550187393,"[-5.6503102676575985, -4.884962384679852]",12,5,60,10000
cpu,stock,2,grid_pollution,pollution,64,6016,complete_us,master,final,199.222711,188.7119375,198.918297,188.660164,-10.285492500000004,"[-11.178633000000005, -9.717101500000012]",-5.15301341381687,"[-5.647039984923646, -4.885132880194237]",12,5,60,10000
cpu,stock,2,grid_pollution,pollution,64,6016,draw_us,master,pool,199.143211,201.9743205,198.834297,201.87991399999999,4.182882499999991,"[1.8017574999999937, 4.937804499999999]",2.106168224913496,"[0.9088096612309027, 2.5039179927456523]",12,5,60,10000
cpu,stock,2,grid_pollution,pollution,64,6016,submit_us,master,pool,199.20252349999998,202.0315155,198.89808549999998,201.94269500000001,4.183828000000005,"[1.803687999999994, 4.943687499999996]",2.1034840069042327,"[0.9094981690216386, 2.50906720759706]",12,5,60,10000
cpu,stock,2,grid_pollution,pollution,64,6016,complete_us,master,pool,199.222711,202.053992,198.918297,201.9635,4.181906500000011,"[1.8007414999999867, 4.9443595000000045]",2.1049088718542164,"[0.9079144138020911, 2.50784442127977]",12,5,60,10000
cpu,stock,2,grid_pollution,pollution,64,6016,draw_us,current,final,224.4094765,188.6366875,224.55240650000002,188.58138300000002,-34.78968800000001,"[-35.622164, -34.40553899999999]",-15.55093767133482,"[-15.821452842619316, -15.334336731001326]",12,5,60,10000
cpu,stock,2,grid_pollution,pollution,64,6016,submit_us,current,final,224.470711,188.6933985,224.61075,188.6406875,-34.79409350000002,"[-35.62793749999999, -34.422538999999986]",-15.550348994529458,"[-15.819122472344999, -15.331853719381822]",12,5,60,10000
cpu,stock,2,grid_pollution,pollution,64,6016,complete_us,current,final,224.490297,188.7119375,224.6338045,188.660164,-34.79182,"[-35.629203000000004, -34.42478949999999]",-15.548519320480548,"[-15.816748189334456, -15.330282664174561]",12,5,60,10000
cpu,stock,2,grid_pollution,pollution,64,6016,draw_us,current,pool,224.4094765,201.9743205,224.55240650000002,201.87991399999999,-21.978921999999997,"[-24.623031499999996, -19.180062500000005]",-9.715014623060046,"[-10.988879907492489, -8.636898091949336]",12,5,60,10000
cpu,stock,2,grid_pollution,pollution,64,6016,submit_us,current,pool,224.470711,202.0315155,224.61075,201.94269500000001,-21.978210999999988,"[-24.62313300000001, -19.184242499999996]",-9.711991676718174,"[-10.985959958631152, -8.627361825231205]",12,5,60,10000
cpu,stock,2,grid_pollution,pollution,64,6016,complete_us,current,pool,224.490297,202.053992,224.6338045,201.9635,-21.9804685,"[-24.630249500000005, -19.183586000000005]",-9.71211633516036,"[-10.987973340994028, -8.626981558467184]",12,5,60,10000
cpu,stock,2,grid_pollution,pollution,64,6016,draw_us,final,pool,188.6366875,201.9743205,188.58138300000002,201.87991399999999,14.112648000000007,"[11.99252349999999, 14.797234500000002]",7.462471050734765,"[6.351596060945052, 7.953455882689131]",12,5,60,10000
cpu,stock,2,grid_pollution,pollution,64,6016,submit_us,final,pool,188.6933985,202.0315155,188.6406875,201.94269500000001,14.131843500000002,"[11.99995349999999, 14.802054500000011]",7.470418373820631,"[6.353736589286041, 7.953662698570252]",12,5,60,10000
cpu,stock,2,grid_pollution,pollution,64,6016,complete_us,final,pool,188.7119375,202.053992,188.660164,201.9635,14.131500000000003,"[11.996405999999993, 14.804320000000004]",7.469487869043667,"[6.351146283028319, 7.95399137086169]",12,5,60,10000
cpu,stock,2,grid_singleton,once,1,94,draw_us,master,current,238.042,259.35400000000004,237.125,260.5,19.937999999999988,"[12.770500000000013, 28.875499999999988]",8.399581450580229,"[5.242527411727238, 12.11174441605698]",12,5,60,10000
cpu,stock,2,grid_singleton,once,1,94,submit_us,master,current,238.125,259.52049999999997,237.27100000000002,260.625,19.917,"[12.770500000000013, 28.854499999999987]",8.386470990213311,"[5.239838548808029, 12.095405758640377]",12,5,60,10000
cpu,stock,2,grid_singleton,once,1,94,complete_us,master,current,238.167,259.5415,237.27100000000002,260.667,19.937999999999988,"[12.792000000000002, 28.874500000000012]",8.394752012633088,"[5.248186772663487, 12.102847036082053]",12,5,60,10000
cpu,stock,2,grid_singleton,once,1,94,draw_us,master,final,238.042,184.16649999999998,237.125,181.41649999999998,-57.1455,"[-61.0625, -50.0415]",-24.425427041431043,"[-25.269564567414747, -20.858701798420665]",12,5,60,10000
cpu,stock,2,grid_singleton,once,1,94,submit_us,master,final,238.125,184.33350000000002,237.27100000000002,181.58350000000002,-57.1245,"[-61.0205, -50.063]",-24.403533114403636,"[-25.241102744534725, -20.854934126123087]",12,5,60,10000
cpu,stock,2,grid_singleton,once,1,94,complete_us,master,final,238.167,184.3545,237.27100000000002,181.58350000000002,-57.1245,"[-61.021, -50.0415]",-24.401313347506854,"[-25.236710738867387, -20.84403912744404]",12,5,60,10000
cpu,stock,2,grid_singleton,once,1,94,draw_us,master,pool,238.042,194.75,237.125,196.0,-43.583,"[-45.666, -37.6665]",-18.185513497523736,"[-19.121200478928813, -16.11898634146003]",12,5,60,10000
cpu,stock,2,grid_singleton,once,1,94,submit_us,master,pool,238.125,194.875,237.27100000000002,196.125,-43.583,"[-45.667, -37.6875]",-18.176184801315372,"[-19.109502935152065, -16.110291164596983]",12,5,60,10000
cpu,stock,2,grid_singleton,once,1,94,complete_us,master,pool,238.167,194.875,237.27100000000002,196.14600000000002,-43.583,"[-45.6665, -37.708]",-18.165823584393344,"[-19.10784677423767, -16.10867221754869]",12,5,60,10000
cpu,stock,2,grid_singleton,once,1,94,draw_us,current,final,259.35400000000004,184.16649999999998,260.5,181.41649999999998,-79.0415,"[-85.72949999999999, -72.16700000000002]",-30.24823869238772,"[-32.05289509505438, -28.549291323086074]",12,5,60,10000
cpu,stock,2,grid_singleton,once,1,94,submit_us,current,final,259.52049999999997,184.33350000000002,260.625,181.58350000000002,-79.02099999999999,"[-85.6875, -72.14600000000002]",-30.237540135294424,"[-32.02521192253471, -28.527026749854844]",12,5,60,10000
cpu,stock,2,grid_singleton,once,1,94,complete_us,current,final,259.5415,184.3545,260.667,181.58350000000002,-79.0415,"[-85.68749999999999, -72.1665]",-30.232485763357523,"[-32.02266331320864, -28.53029132137901]",12,5,60,10000
cpu,stock,2,grid_singleton,once,1,94,draw_us,current,pool,259.35400000000004,194.75,260.5,196.0,-63.083500000000015,"[-75.35450000000002, -57.062500000000014]",-24.640743458556734,"[-28.226670150248864, -22.261213135596375]",12,5,60,10000
cpu,stock,2,grid_singleton,once,1,94,submit_us,current,pool,259.52049999999997,194.875,260.625,196.125,-63.1045,"[-75.3755, -57.062500000000014]",-24.63914963142087,"[-28.21906631078479, -22.250362501702078]",12,5,60,10000
cpu,stock,2,grid_singleton,once,1,94,complete_us,current,pool,259.5415,194.875,260.667,196.14600000000002,-63.124999999999986,"[-75.41699999999999, -57.0625]",-24.651588142443376,"[-28.23021635052357, -22.246719062523685]",12,5,60,10000
cpu,stock,2,grid_singleton,once,1,94,draw_us,final,pool,184.16649999999998,194.75,181.41649999999998,196.0,13.0415,"[7.269999999999996, 17.4585]",7.418527202960467,"[3.874103448758326, 9.623159007097614]",12,5,60,10000
cpu,stock,2,grid_singleton,once,1,94,submit_us,final,pool,184.33350000000002,194.875,181.58350000000002,196.125,13.0415,"[7.270499999999998, 17.4375]",7.413255685193643,"[3.871547799630859, 9.602879134721277]",12,5,60,10000
cpu,stock,2,grid_singleton,once,1,94,complete_us,final,pool,184.3545,194.875,181.58350000000002,196.14600000000002,12.999499999999998,"[7.249499999999998, 17.4585]",7.387609782215188,"[3.859368873556146, 9.61430770614985]",12,5,60,10000
cpu,stock,2,grid_two_phases,first,1,94,draw_us,master,current,200.75,220.5625,201.60399999999998,222.8125,22.875500000000002,"[15.1665, 26.9375]",11.518523020271289,"[7.650012039716902, 13.627535112149037]",12,5,60,10000
cpu,stock,2,grid_two_phases,first,1,94,submit_us,master,current,200.8545,220.6875,201.708,222.9375,22.875,"[15.124499999999998, 26.9585]",11.512976585178736,"[7.622308797241906, 13.618850629100487]",12,5,60,10000
cpu,stock,2,grid_two_phases,first,1,94,complete_us,master,current,200.89600000000002,220.6875,201.72899999999998,222.9375,22.896,"[15.104, 26.9375]",11.511412248032006,"[7.61085842090824, 13.60629081696342]",12,5,60,10000
cpu,stock,2,grid_two_phases,first,1,94,draw_us,master,final,200.75,146.04149999999998,201.60399999999998,146.833,-55.396,"[-59.6255, -51.791]",-27.928048210003695,"[-29.14258876901124, -26.508059378912442]",12,5,60,10000
cpu,stock,2,grid_two_phases,first,1,94,submit_us,master,final,200.8545,146.208,201.708,146.97899999999998,-55.417,"[-59.646, -51.791]",-27.918345504363373,"[-29.125058051151857, -26.49137026640725]",12,5,60,10000
cpu,stock,2,grid_two_phases,first,1,94,complete_us,master,final,200.89600000000002,146.208,201.72899999999998,146.97899999999998,-55.4165,"[-59.667, -51.769999999999996]",-27.915106831788677,"[-29.132285197394747, -26.481042380623837]",12,5,60,10000
cpu,stock,2,grid_two_phases,first,1,94,draw_us,master,pool,200.75,158.47899999999998,201.60399999999998,158.47899999999998,-41.2915,"[-44.0415, -36.6455]",-20.54245348700907,"[-21.78180115940317, -19.159213063304556]",12,5,60,10000
cpu,stock,2,grid_two_phases,first,1,94,submit_us,master,pool,200.8545,158.583,201.708,158.583,-41.3125,"[-44.0415, -36.6665]",-20.538261198761482,"[-21.780644141178314, -19.15720255286567]",12,5,60,10000
cpu,stock,2,grid_two_phases,first,1,94,complete_us,master,pool,200.89600000000002,158.60399999999998,201.72899999999998,158.60399999999998,-41.2915,"[-44.0205, -36.6665]",-20.546801894372656,"[-21.778548039704088, -19.15609013935982]",12,5,60,10000
cpu,stock,2,grid_two_phases,first,1,94,draw_us,current,final,220.5625,146.04149999999998,222.8125,146.833,-76.188,"[-80.8125, -71.8545]",-35.0195202919049,"[-35.71164153568496, -33.13873019781758]",12,5,60,10000
cpu,stock,2,grid_two_phases,first,1,94,submit_us,current,final,220.6875,146.208,222.9375,146.97899999999998,-76.188,"[-80.7705, -71.8545]",-34.99445336721706,"[-35.696926040812826, -33.120218805911065]",12,5,60,10000
cpu,stock,2,grid_two_phases,first,1,94,complete_us,current,final,220.6875,146.208,222.9375,146.97899999999998,-76.1465,"[-80.7705, -71.8545]",-34.991436484018585,"[-35.68713204126988, -33.1111713886177]",12,5,60,10000
cpu,stock,2,grid_two_phases,first,1,94,draw_us,current,pool,220.5625,158.47899999999998,222.8125,158.47899999999998,-64.3545,"[-66.479, -58.0625]",-28.598947059100176,"[-29.464230708743337, -27.550584644315713]",12,5,60,10000
cpu,stock,2,grid_two_phases,first,1,94,submit_us,current,pool,220.6875,158.583,222.9375,158.583,-64.354,"[-66.4785, -58.0415]",-28.576643570872314,"[-29.45705071889673, -27.52685203133098]",12,5,60,10000
cpu,stock,2,grid_two_phases,first,1,94,complete_us,current,pool,220.6875,158.60399999999998,222.9375,158.60399999999998,-64.3545,"[-66.4995, -58.0625]",-28.5804347944402,"[-29.447774700797186, -27.534251433560925]",12,5,60,10000
cpu,stock,2,grid_two_phases,first,1,94,draw_us,final,pool,146.04149999999998,158.47899999999998,146.833,158.47899999999998,14.625,"[8.332999999999998, 18.896]",10.319078444880358,"[5.580493598098279, 13.429143735592476]",12,5,60,10000
cpu,stock,2,grid_two_phases,first,1,94,submit_us,final,pool,146.208,158.583,146.97899999999998,158.583,14.625,"[8.2915, 18.917]",10.27889198300218,"[5.5480788067358455, 13.435773331123457]",12,5,60,10000
cpu,stock,2,grid_two_phases,first,1,94,complete_us,final,pool,146.208,158.60399999999998,146.97899999999998,158.60399999999998,14.604,"[8.311999999999998, 18.917]",10.294300077387764,"[5.5612040904911115, 13.43383536393472]",12,5,60,10000
cpu,stock,2,grid_two_phases,second,1,94,draw_us,master,current,167.9375,139.8125,166.72899999999998,139.33350000000002,-30.104,"[-35.3545, -25.0]",-18.357101025339134,"[-20.400445324308386, -15.020941582346943]",12,5,60,10000
cpu,stock,2,grid_two_phases,second,1,94,submit_us,master,current,168.02100000000002,139.8955,166.83350000000002,139.41649999999998,-30.1045,"[-35.354, -25.0625]",-18.350278882278182,"[-20.390383409359593, -15.022597527778643]",12,5,60,10000
cpu,stock,2,grid_two_phases,second,1,94,complete_us,master,current,168.04149999999998,139.8955,166.83350000000002,139.4375,-30.0835,"[-35.333, -25.021500000000003]",-18.347938247595835,"[-20.377684996661177, -14.998022121597948]",12,5,60,10000
cpu,stock,2,grid_two_phases,second,1,94,draw_us,master,final,167.9375,130.91649999999998,166.72899999999998,130.6875,-36.604,"[-45.0415, -31.0415]",-22.010171293757494,"[-25.588247591604258, -19.305129505451603]",12,5,60,10000
cpu,stock,2,grid_two_phases,second,1,94,submit_us,master,final,168.02100000000002,131.0,166.83350000000002,130.77100000000002,-36.5835,"[-45.042, -31.0835]",-21.989389586866494,"[-25.564745415022742, -19.31908348250192]",12,5,60,10000
cpu,stock,2,grid_two_phases,second,1,94,complete_us,master,final,168.04149999999998,131.0205,166.83350000000002,130.79149999999998,-36.563,"[-45.063, -31.042]",-21.977037138370182,"[-25.573615784236065, -19.29329692645868]",12,5,60,10000
cpu,stock,2,grid_two_phases,second,1,94,draw_us,master,pool,167.9375,132.5,166.72899999999998,131.8955,-34.4165,"[-43.292500000000004, -31.4165]",-20.831100189128364,"[-24.431613945525662, -19.022412203719192]",12,5,60,10000
cpu,stock,2,grid_two_phases,second,1,94,submit_us,master,pool,168.02100000000002,132.54149999999998,166.83350000000002,131.95850000000002,-34.4795,"[-43.3335, -31.396]",-20.832425565972393,"[-24.44332593938762, -19.025595922365817]",12,5,60,10000
cpu,stock,2,grid_two_phases,second,1,94,complete_us,master,pool,168.04149999999998,132.5625,166.83350000000002,131.97899999999998,-34.4585,"[-43.292500000000004, -31.417]",-20.8303739730898,"[-24.420169988219392, -19.025595922365817]",12,5,60,10000
cpu,stock,2,grid_two_phases,second,1,94,draw_us,current,final,139.8125,130.91649999999998,139.33350000000002,130.6875,-7.290999999999997,"[-12.0625, -1.0829999999999984]",-5.191481902365597,"[-8.628851807439613, -0.8148970242814801]",12,5,60,10000
cpu,stock,2,grid_two_phases,second,1,94,submit_us,current,final,139.8955,131.0,139.41649999999998,130.77100000000002,-7.25,"[-12.0625, -1.0619999999999976]",-5.159793298876347,"[-8.625320766482004, -0.7982865637224501]",12,5,60,10000
cpu,stock,2,grid_two_phases,second,1,94,complete_us,current,final,139.8955,131.0205,139.4375,130.79149999999998,-7.271000000000001,"[-12.0835, -1.0829999999999984]",-5.174435724988907,"[-8.637632494384206, -0.8143884394309686]",12,5,60,10000
cpu,stock,2,grid_two_phases,second,1,94,draw_us,current,pool,139.8125,132.5,139.33350000000002,131.8955,-5.874499999999998,"[-8.625, -2.146500000000003]",-4.1557369891936595,"[-6.228123137226199, -1.6357633888603895]",12,5,60,10000
cpu,stock,2,grid_two_phases,second,1,94,submit_us,current,pool,139.8955,132.54149999999998,139.41649999999998,131.95850000000002,-5.875,"[-8.646, -2.1244999999999976]",-4.1541876803046325,"[-6.240358930153356, -1.6187784815271333]",12,5,60,10000
cpu,stock,2,grid_two_phases,second,1,94,complete_us,current,pool,139.8955,132.5625,139.4375,131.97899999999998,-5.895499999999998,"[-8.625500000000002, -2.166499999999999]",-4.168018593910983,"[-6.224732522723514, -1.650159912098531]",12,5,60,10000
cpu,stock,2,grid_two_phases,second,1,94,draw_us,final,pool,130.91649999999998,132.5,130.6875,131.8955,0.4784999999999968,"[-1.2710000000000008, 5.0625]",0.354148948844335,"[-0.9665822398326918, 4.001475965758694]",12,5,60,10000
cpu,stock,2,grid_two_phases,second,1,94,submit_us,final,pool,131.0,132.54149999999998,130.77100000000002,131.95850000000002,0.4369999999999976,"[-1.2704999999999984, 5.042000000000002]",0.3231383133991961,"[-0.9655964780115711, 3.983253834664535]",12,5,60,10000
cpu,stock,2,grid_two_phases,second,1,94,complete_us,final,pool,131.0205,132.5625,130.79149999999998,131.97899999999998,0.457499999999996,"[-1.2914999999999992, 5.0625]",0.3383281117824155,"[-0.9812079311419253, 3.998852538207187]",12,5,60,10000
cpu,stock,2,grid_unique_sizes,sweep,32,3008,draw_us,master,current,183.0807345,207.8365625,182.520828,207.6862345,25.701766000000006,"[24.61842200000001, 26.80145250000001]",14.031345021339337,"[13.329404747671125, 14.825829139135582]",12,5,60,10000
cpu,stock,2,grid_unique_sizes,sweep,32,3008,submit_us,master,current,183.156922,207.8983595,182.581422,207.744813,25.69975000000001,"[24.618421999999995, 26.805281499999992]",14.025567949397143,"[13.325031212289417, 14.824012888657435]",12,5,60,10000
cpu,stock,2,grid_unique_sizes,sweep,32,3008,complete_us,master,current,183.17776550000002,207.9179375,182.60551600000002,207.7708435,25.694577499999994,"[24.617125500000014, 26.800124999999994]",14.020851083742691,"[13.322783068807688, 14.82119004577771]",12,5,60,10000
cpu,stock,2,grid_unique_sizes,sweep,32,3008,draw_us,master,final,183.0807345,171.5638595,182.520828,171.66210949999999,-10.574265499999996,"[-12.413296999999986, -9.066999499999994]",-5.894341570026912,"[-6.761731420707212, -4.909447551567247]",12,5,60,10000
cpu,stock,2,grid_unique_sizes,sweep,32,3008,submit_us,master,final,183.156922,171.62501550000002,182.581422,171.7232965,-10.571672000000007,"[-12.415265500000004, -9.061296499999997]",-5.891056386624221,"[-6.7605486457253114, -4.90469683696011]",12,5,60,10000
cpu,stock,2,grid_unique_sizes,sweep,32,3008,complete_us,master,final,183.17776550000002,171.6452035,182.60551600000002,171.7447655,-10.576156499999996,"[-12.420515500000008, -9.063187499999984]",-5.8927272004348055,"[-6.762618908810635, -4.905151333635699]",12,5,60,10000
cpu,stock,2,grid_unique_sizes,sweep,32,3008,draw_us,master,pool,183.0807345,187.311797,182.520828,187.3997345,5.036594000000008,"[4.016890500000002, 5.55200050000002]",2.752142020721682,"[2.1805295805273572, 3.0947956816554267]",12,5,60,10000
cpu,stock,2,grid_unique_sizes,sweep,32,3008,submit_us,master,pool,183.156922,187.3690935,182.581422,187.468078,5.026078499999997,"[4.014968499999995, 5.556609499999993]",2.748463462843309,"[2.1787731045013525, 3.0963980390637302]",12,5,60,10000
cpu,stock,2,grid_unique_sizes,sweep,32,3008,complete_us,master,pool,183.17776550000002,187.3931875,182.60551600000002,187.483734,5.0325785,"[4.011718499999986, 5.553469000000007]",2.749014392788318,"[2.1767484330905917, 3.094211641469702]",12,5,60,10000
cpu,stock,2,grid_unique_sizes,sweep,32,3008,draw_us,current,final,207.8365625,171.5638595,207.6862345,171.66210949999999,-35.852140000000006,"[-37.086, -34.748656]",-17.297605562191404,"[-17.95665695259406, -16.654198481760485]",12,5,60,10000
cpu,stock,2,grid_unique_sizes,sweep,32,3008,submit_us,current,final,207.8983595,171.62501550000002,207.744813,171.7232965,-35.854124999999996,"[-37.0866405, -34.748875]",-17.292118316114298,"[-17.951758840525663, -16.6491542260526]",12,5,60,10000
cpu,stock,2,grid_unique_sizes,sweep,32,3008,complete_us,current,final,207.9179375,171.6452035,207.7708435,171.7447655,-35.85029700000001,"[-37.095811999999995, -34.7514695]",-17.28968642795719,"[-17.953878819533138, -16.648883488841637]",12,5,60,10000
cpu,stock,2,grid_unique_sizes,sweep,32,3008,draw_us,current,pool,207.8365625,187.311797,207.6862345,187.3997345,-20.703734499999996,"[-21.628281, -20.12496850000001]",-9.891363914143508,"[-10.384035957229887, -9.684499987942557]",12,5,60,10000
cpu,stock,2,grid_unique_sizes,sweep,32,3008,submit_us,current,pool,207.8983595,187.3690935,207.744813,187.468078,-20.70503149999999,"[-21.639999500000002, -20.119828]",-9.887175769193675,"[-10.386318622377622, -9.683740148919822]",12,5,60,10000
cpu,stock,2,grid_unique_sizes,sweep,32,3008,complete_us,current,pool,207.9179375,187.3931875,207.7708435,187.483734,-20.70903100000001,"[-21.634187499999996, -20.125031500000006]",-9.885814981446678,"[-10.382544179245144, -9.681888505298474]",12,5,60,10000
cpu,stock,2,grid_unique_sizes,sweep,32,3008,draw_us,final,pool,171.5638595,187.311797,171.66210949999999,187.3997345,15.535703499999997,"[14.662109000000001, 16.249922000000012]",9.049227203390187,"[8.45897264761476, 9.552184950952425]",12,5,60,10000
cpu,stock,2,grid_unique_sizes,sweep,32,3008,submit_us,final,pool,171.62501550000002,187.3690935,171.7232965,187.468078,15.534500000000008,"[14.652406499999998, 16.253906499999985]",9.045337607406779,"[8.453294352933561, 9.550064011388649]",12,5,60,10000
cpu,stock,2,grid_unique_sizes,sweep,32,3008,complete_us,final,pool,171.6452035,187.3931875,171.7447655,187.483734,15.539062000000015,"[14.66081299999999, 16.250687499999998]",9.047120784678341,"[8.456227759130265, 9.549683924048857]",12,5,60,10000
cpu,stock,2,grid_unique_variations,sweep,32,3008,draw_us,master,current,243.311219,268.229828,244.47067149999998,268.048172,24.227843500000006,"[22.70056299999999, 26.221953499999984]",9.936248415463156,"[9.270403613773537, 10.747579433454767]",12,5,60,10000
cpu,stock,2,grid_unique_variations,sweep,32,3008,submit_us,master,current,243.377531,268.294875,244.53775000000002,268.10609350000004,24.226546999999997,"[22.696531499999963, 26.216250000000002]",9.932999466201164,"[9.266392310029948, 10.742297067608884]",12,5,60,10000
cpu,stock,2,grid_unique_variations,sweep,32,3008,complete_us,master,current,243.39515649999998,268.317672,244.5585625,268.12825050000004,24.22850050000001,"[22.6927345, 26.216843499999996]",9.933021505158358,"[9.263929818205398, 10.741650479586884]",12,5,60,10000
cpu,stock,2,grid_unique_variations,sweep,32,3008,draw_us,master,final,243.311219,170.13931250000002,244.47067149999998,170.1106405,-74.2233125,"[-74.75, -72.753922]",-30.403188986895497,"[-30.515237682334067, -30.019750775433117]",12,5,60,10000
cpu,stock,2,grid_unique_variations,sweep,32,3008,submit_us,master,final,243.377531,170.20443749999998,244.53775000000002,170.173172,-74.22521850000001,"[-74.747531, -72.75318800000001]",-30.394582992851397,"[-30.505480546049732, -30.012245220374282]",12,5,60,10000
cpu,stock,2,grid_unique_variations,sweep,32,3008,complete_us,master,final,243.39515649999998,170.22203100000002,244.5585625,170.19267200000002,-74.2239215,"[-74.74818699999999, -72.7564375]",-30.393106571476913,"[-30.50315809802462, -30.00943607596286]",12,5,60,10000
cpu,stock,2,grid_unique_variations,sweep,32,3008,draw_us,master,pool,243.311219,184.860703,244.47067149999998,184.81703149999998,-58.30465650000001,"[-59.665359499999994, -57.63737499999999]",-23.957385801714523,"[-24.4262175655633, -23.645051553670122]",12,5,60,10000
cpu,stock,2,grid_unique_variations,sweep,32,3008,submit_us,master,pool,243.377531,184.9238125,244.53775000000002,184.88476550000001,-58.30918750000001,"[-59.665313, -57.6353905]",-23.949298369251565,"[-24.420751116618675, -23.638325884505413]",12,5,60,10000
cpu,stock,2,grid_unique_variations,sweep,32,3008,complete_us,master,pool,243.39515649999998,184.94851599999998,244.5585625,184.90623449999998,-58.3085155,"[-59.666687499999995, -57.6385935]",-23.948571200472163,"[-24.41899694818625, -23.638420039030287]",12,5,60,10000
cpu,stock,2,grid_unique_variations,sweep,32,3008,draw_us,current,final,268.229828,170.13931250000002,268.048172,170.1106405,-98.2324065,"[-98.90495299999999, -97.3163595]",-36.60306175545614,"[-36.83742524835952, -36.46175640116095]",12,5,60,10000
cpu,stock,2,grid_unique_variations,sweep,32,3008,submit_us,current,final,268.294875,170.20443749999998,268.10609350000004,170.173172,-98.225938,"[-98.902406, -97.31053150000001]",-36.59068534019883,"[-36.826333317116045, -36.45206744080669]",12,5,60,10000
cpu,stock,2,grid_unique_variations,sweep,32,3008,complete_us,current,final,268.317672,170.22203100000002,268.12825050000004,170.19267200000002,-98.22725000000001,"[-98.90501549999998, -97.31179700000001]",-36.5891240868052,"[-36.82476613772799, -36.44970586500084]",12,5,60,10000
cpu,stock,2,grid_unique_variations,sweep,32,3008,draw_us,current,pool,268.229828,184.860703,268.048172,184.81703149999998,-83.350922,"[-83.992125, -82.33724999999998]",-31.158405970561418,"[-31.324899765470892, -30.818048123486108]",12,5,60,10000
cpu,stock,2,grid_unique_variations,sweep,32,3008,submit_us,current,pool,268.294875,184.9238125,268.10609350000004,184.88476550000001,-83.34182799999999,"[-83.98426599999999, -82.340485]",-31.15009524485199,"[-31.315923455809425, -30.809547781606]",12,5,60,10000
cpu,stock,2,grid_unique_variations,sweep,32,3008,complete_us,current,pool,268.317672,184.94851599999998,268.12825050000004,184.90623449999998,-83.34646850000001,"[-83.991485, -82.336531]",-31.14854051543217,"[-31.315525522194342, -30.80681358164477]",12,5,60,10000
cpu,stock,2,grid_unique_variations,sweep,32,3008,draw_us,final,pool,170.13931250000002,184.860703,170.1106405,184.81703149999998,15.086608999999996,"[14.374375, 16.12957800000001]",8.80406214399737,"[8.412830750218458, 9.553325143415837]",12,5,60,10000
cpu,stock,2,grid_unique_variations,sweep,32,3008,submit_us,final,pool,170.20443749999998,184.9238125,170.173172,184.88476550000001,15.087875000000011,"[14.371874999999989, 16.13412500000001]",8.801423214061245,"[8.407496983129025, 9.552460696395194]",12,5,60,10000
cpu,stock,2,grid_unique_variations,sweep,32,3008,complete_us,final,pool,170.22203100000002,184.94851599999998,170.19267200000002,184.90623449999998,15.089187499999994,"[14.371843499999997, 16.128937500000006]",8.801089963891206,"[8.404088891975782, 9.54823750086209]",12,5,60,10000
cpu,stock,2,text,first_paint,1,1344,draw_us,master,current,7561.333500000001,7497.208500000001,7556.5,7454.0,-15.66650000000027,"[-108.83349999999973, 29.60450000000037]",-0.2096012765322619,"[-1.4422973263362948, 0.38886858543951686]",12,5,60,10000
cpu,stock,2,text,first_paint,1,1344,submit_us,master,current,7563.853999999999,7499.7705,7559.125,7456.291499999999,-15.500000000000455,"[-108.97899999999981, 29.478999999999814]",-0.20735031197959275,"[-1.4437126417949364, 0.38708450436460984]",12,5,60,10000
cpu,stock,2,text,first_paint,1,1344,complete_us,master,current,7563.896000000001,7499.791499999999,7559.125,7456.3125,-15.458500000000186,"[-109.02099999999973, 29.4375]",-0.2067999121834474,"[-1.4442622300177066, 0.3865375550456074]",12,5,60,10000
cpu,stock,2,text,first_paint,1,1344,draw_us,master,final,7561.333500000001,7227.771000000001,7556.5,7202.708500000001,-322.6255000000001,"[-382.2710000000002, -282.6664999999998]",-4.288489917640725,"[-5.035208830804216, -3.736282505458904]",12,5,60,10000
cpu,stock,2,text,first_paint,1,1344,submit_us,master,final,7563.853999999999,7230.271000000001,7559.125,7204.958500000001,-322.7294999999999,"[-382.0625, -282.62550000000056]",-4.28840418999315,"[-5.030641604200865, -3.732255066563428]",12,5,60,10000
cpu,stock,2,text,first_paint,1,1344,complete_us,master,final,7563.896000000001,7230.271000000001,7559.125,7204.958500000001,-322.75049999999965,"[-382.0835000000002, -282.6460000000002]",-4.288673244797203,"[-5.03090492034225, -3.7327795731575186]",12,5,60,10000
cpu,stock,2,text,first_paint,1,1344,draw_us,master,pool,7561.333500000001,7363.083500000001,7556.5,7351.729,-168.33399999999983,"[-229.60449999999992, -117.5005000000001]",-2.250299646036286,"[-3.014533316281365, -1.5680748979924997]",12,5,60,10000
cpu,stock,2,text,first_paint,1,1344,submit_us,master,pool,7563.853999999999,7365.875,7559.125,7354.2085,-168.2715000000003,"[-229.20850000000019, -117.3125]",-2.248741214308753,"[-3.0082716067313218, -1.5650280165880937]",12,5,60,10000
cpu,stock,2,text,first_paint,1,1344,complete_us,master,pool,7563.896000000001,7365.8955000000005,7559.125,7354.228999999999,-168.29199999999992,"[-229.2090000000003, -117.33350000000019]",-2.249002967433805,"[-3.00826883968468, -1.5653035586241204]",12,5,60,10000
cpu,stock,2,text,first_paint,1,1344,draw_us,current,final,7497.208500000001,7227.771000000001,7454.0,7202.708500000001,-259.1044999999999,"[-356.04150000000027, -199.12550000000056]",-3.4954900953890977,"[-4.679748211491697, -2.6854012325743524]",12,5,60,10000
cpu,stock,2,text,first_paint,1,1344,submit_us,current,final,7499.7705,7230.271000000001,7456.291499999999,7204.958500000001,-259.7505000000001,"[-356.125, -198.39600000000019]",-3.5028061431384927,"[-4.6790777042269305, -2.6747737458900245]",12,5,60,10000
cpu,stock,2,text,first_paint,1,1344,complete_us,current,final,7499.791499999999,7230.271000000001,7456.3125,7204.958500000001,-259.75,"[-356.1460000000002, -198.41700000000037]",-3.5027878879625995,"[-4.67933952234837, -2.6750518617787487]",12,5,60,10000
cpu,stock,2,text,first_paint,1,1344,draw_us,current,pool,7497.208500000001,7363.083500000001,7454.0,7351.729,-102.83399999999983,"[-231.5625, -78.08400000000074]",-1.3861581270687928,"[-3.0572394767965028, -1.0544699502617438]",12,5,60,10000
cpu,stock,2,text,first_paint,1,1344,submit_us,current,pool,7499.7705,7365.875,7456.291499999999,7354.2085,-102.91750000000002,"[-231.95800000000008, -78.16649999999981]",-1.386763685266973,"[-3.061220435656237, -1.055259133583225]",12,5,60,10000
cpu,stock,2,text,first_paint,1,1344,complete_us,current,pool,7499.791499999999,7365.8955000000005,7456.3125,7354.228999999999,-102.9375,"[-231.9375, -78.16699999999992]",-1.3870245294794026,"[-3.060940203249285, -1.0552651496662957]",12,5,60,10000
cpu,stock,2,text,first_paint,1,1344,draw_us,final,pool,7227.771000000001,7363.083500000001,7202.708500000001,7351.729,134.1869999999999,"[83.14600000000019, 158.8125]",1.8566819357377917,"[1.1443328439904477, 2.2027968974194456]",12,5,60,10000
cpu,stock,2,text,first_paint,1,1344,submit_us,final,pool,7230.271000000001,7365.875,7204.958500000001,7354.2085,133.68699999999944,"[83.35450000000037, 158.29199999999992]",1.8491126023057136,"[1.146761511893768, 2.1946970528460397]",12,5,60,10000
cpu,stock,2,text,first_paint,1,1344,complete_us,final,pool,7230.271000000001,7365.8955000000005,7204.958500000001,7354.228999999999,133.70799999999963,"[83.35450000000037, 158.33300000000008]",1.8493999193121446,"[1.146761511893768, 2.195265516200251]",12,5,60,10000
cpu,stock,2,text,reflow,3,5,draw_us,master,current,2015.9305,1999.2571665,2020.145667,1995.6945,-10.50683349999997,"[-32.31233350000002, -0.23633299999994506]",-0.5200723008465469,"[-1.588416379273594, -0.00993638899756677]",12,5,60,10000
cpu,stock,2,text,reflow,3,5,submit_us,master,current,2016.4305,1999.75,2020.7289999999998,1996.2778335,-10.499832999999967,"[-32.229333, -0.3058329999998932]",-0.5195937374296467,"[-1.5839697775027917, -0.013419140130688234]",12,5,60,10000
cpu,stock,2,text,reflow,3,5,complete_us,master,current,2016.4373335,1999.7846665000002,2020.7498329999999,1996.2848335,-10.513999499999954,"[-32.24300000000005, -0.29200000000003]",-0.5202950181563748,"[-1.5846197802401318, -0.01272662312356565]",12,5,60,10000
cpu,stock,2,text,reflow,3,5,draw_us,master,final,2015.9305,1989.7775000000001,2020.145667,1995.222,-21.812333500000022,"[-40.78466700000001, -9.381999500000006]",-1.0761378481486061,"[-2.02010290510502, -0.46474451819451534]",12,5,60,10000
cpu,stock,2,text,reflow,3,5,submit_us,master,final,2016.4305,1990.2359999999999,2020.7289999999998,1995.694333,-21.81266650000009,"[-40.854166499999906, -9.389167000000043]",-1.0758926146871461,"[-2.022957233129141, -0.464981426297989]",12,5,60,10000
cpu,stock,2,text,reflow,3,5,complete_us,master,final,2016.4373335,1990.25,2020.7498329999999,1995.715333,-21.81266650000009,"[-40.86783300000002, -9.382000000000062]",-1.0758823566157871,"[-2.023612984272333, -0.4646219984925093]",12,5,60,10000
cpu,stock,2,text,reflow,3,5,draw_us,master,pool,2015.9305,2017.167,2020.145667,2015.7986664999999,-1.0831665000000612,"[-22.041667000000075, 13.097500500000137]",-0.051329661407778504,"[-1.0886451481129322, 0.6551555225719152]",12,5,60,10000
cpu,stock,2,text,reflow,3,5,submit_us,master,pool,2016.4305,2017.6878335000001,2020.7289999999998,2016.3056665,-1.0760005000000774,"[-22.097333500000104, 13.236500000000092]",-0.05096367469323293,"[-1.0910779864482412, 0.6618766455076086]",12,5,60,10000
cpu,stock,2,text,reflow,3,5,complete_us,master,pool,2016.4373335,2017.7018335,2020.7498329999999,2016.3196665,-1.0901665000000094,"[-22.104166499999906, 13.243333499999949]",-0.05166924927831329,"[-1.091403413546943, 0.6622171611814998]",12,5,60,10000
cpu,stock,2,text,reflow,3,5,draw_us,current,final,1999.2571665,1989.7775000000001,1995.6945,1995.222,-9.20133300000009,"[-18.09733349999999, 8.417166500000008]",-0.4570553567672553,"[-0.9068030298743479, 0.416295729252536]",12,5,60,10000
cpu,stock,2,text,reflow,3,5,submit_us,current,final,1999.75,1990.2359999999999,1996.2778335,1995.694333,-9.194333500000084,"[-18.17349999999999, 8.486667000000125]",-0.456591097943021,"[-0.9103560072680594, 0.4196839494647775]",12,5,60,10000
cpu,stock,2,text,reflow,3,5,complete_us,current,final,1999.7846665000002,1990.25,1996.2848335,1995.715333,-9.187167000000045,"[-18.159667000000127, 8.486667000000011]",-0.4562308878425514,"[-0.9096609346488094, 0.4196724892857273]",12,5,60,10000
cpu,stock,2,text,reflow,3,5,draw_us,current,pool,1999.2571665,2017.167,1995.6945,2015.7986664999999,16.27066650000006,"[1.8333334999999806, 30.104499999999916]",0.8121884413270775,"[0.09308140736802861, 1.510311212447435]",12,5,60,10000
cpu,stock,2,text,reflow,3,5,submit_us,current,pool,1999.75,2017.6878335000001,1996.2778335,2016.3056665,16.326500500000066,"[1.8056665000000294, 29.979499499999974]",0.814772497331584,"[0.09166549542014013, 1.50360140070106]",12,5,60,10000
cpu,stock,2,text,reflow,3,5,complete_us,current,pool,1999.7846665000002,2017.7018335,1996.2848335,2016.3196665,16.319667000000095,"[1.8128330000000688, 29.99316650000003]",0.8144306233742182,"[0.09202537779079978, 1.5042762795304476]",12,5,60,10000
cpu,stock,2,text,reflow,3,5,draw_us,final,pool,1989.7775000000001,2017.167,1995.222,2015.7986664999999,15.57650000000001,"[4.263666499999999, 30.049000000000092]",0.7820810610408846,"[0.21129147909985102, 1.5077165737808595]",12,5,60,10000
cpu,stock,2,text,reflow,3,5,submit_us,final,pool,1990.2359999999999,2017.6878335000001,1995.694333,2016.3056665,15.569666499999926,"[4.291666500000019, 30.160166499999946]",0.7815398435106258,"[0.21261201117083184, 1.5128543631202862]",12,5,60,10000
cpu,stock,2,text,reflow,3,5,complete_us,final,pool,1990.25,2017.7018335,1995.715333,2016.3196665,15.576499499999954,"[4.270833500000094, 30.15300000000002]",0.7818726932372067,"[0.21158407443810923, 1.5124805137593178]",12,5,60,10000
cpu,stock,2,text,size_advance,12,6066,draw_us,master,current,5008.8455835,4887.7117085,5003.1250414999995,4887.80725,-106.69458299999951,"[-134.00345849999985, -56.38025000000016]",-2.1401524492775548,"[-2.6682868344955923, -1.1396061731803464]",12,5,60,10000
cpu,stock,2,text,size_advance,12,6066,submit_us,master,current,5009.588625,4888.361000000001,5003.7657500000005,4888.4322085,-106.76749999999993,"[-134.02433299999984, -56.35416649999979]",-2.1413387653149374,"[-2.668357444351371, -1.1389416205679237]",12,5,60,10000
cpu,stock,2,text,size_advance,12,6066,complete_us,master,current,5009.605916500001,4888.3836665,5003.7900415,4888.449625,-106.77095800000006,"[-134.0295414999996, -56.35408350000034]",-2.141397848030291,"[-2.6684490472619005, -1.138934160090871]",12,5,60,10000
cpu,stock,2,text,size_advance,12,6066,draw_us,master,final,5008.8455835,4868.756875,5003.1250414999995,4869.508625,-124.23974950000002,"[-158.13895849999972, -94.08849950000013]",-2.4801003799592714,"[-3.149028881969257, -1.885955909065029]",12,5,60,10000
cpu,stock,2,text,size_advance,12,6066,submit_us,master,final,5009.588625,4869.390375,5003.7657500000005,4870.133542,-124.23624999999993,"[-158.1302915000001, -94.05733349999991]",-2.4797178267215223,"[-3.148450918540319, -1.8850767225605247]",12,5,60,10000
cpu,stock,2,text,size_advance,12,6066,complete_us,master,final,5009.605916500001,4869.4095,5003.7900415,4870.149166499999,-124.24312450000025,"[-158.12512500000003, -94.05041649999976]",-2.479842241857677,"[-3.148333682996202, -1.884929506167471]",12,5,60,10000
cpu,stock,2,text,size_advance,12,6066,draw_us,master,pool,5008.8455835,4897.159708,5003.1250414999995,4892.2639165,-82.09554149999985,"[-121.7187914999995, -70.22033349999992]",-1.6684611492457369,"[-2.4332467453833715, -1.4056741815872464]",12,5,60,10000
cpu,stock,2,text,size_advance,12,6066,submit_us,master,pool,5009.588625,4897.82625,5003.7657500000005,4893.050499999999,-82.09904149999966,"[-121.67041649999965, -70.02412499999991]",-1.6683018093256063,"[-2.4319786132845578, -1.4015487818542283]",12,5,60,10000
cpu,stock,2,text,size_advance,12,6066,complete_us,master,pool,5009.605916500001,4897.852417,5003.7900415,4893.06775,-82.08870849999948,"[-121.66845850000027, -70.01737450000019]",-1.6680850650656553,"[-2.4319293124592245, -1.4014082420954144]",12,5,60,10000
cpu,stock,2,text,size_advance,12,6066,draw_us,current,final,4887.7117085,4868.756875,4887.80725,4869.508625,-30.503625000000284,"[-52.34883350000018, -12.303750000000036]",-0.6224188490131455,"[-1.0580533728572927, -0.2519474831025881]",12,5,60,10000
cpu,stock,2,text,size_advance,12,6066,submit_us,current,final,4888.361000000001,4869.390375,4888.4322085,4870.133542,-30.4982500000001,"[-52.25154199999997, -12.418542000000343]",-0.6222273595543726,"[-1.0559467217868435, -0.2542674783288401]",12,5,60,10000
cpu,stock,2,text,size_advance,12,6066,complete_us,current,final,4888.3836665,4869.4095,4888.449625,4870.149166499999,-30.491292000000158,"[-52.253208500000255, -12.423791500000334]",-0.622082931501966,"[-1.0559761220342745, -0.2543740859696497]",12,5,60,10000
cpu,stock,2,text,size_advance,12,6066,draw_us,current,pool,4887.7117085,4897.159708,4887.80725,4892.2639165,-10.80200049999985,"[-26.197749999999814, 21.552166500000112]",-0.22228718340708276,"[-0.5284592134139676, 0.4438286451402207]",12,5,60,10000
cpu,stock,2,text,size_advance,12,6066,submit_us,current,pool,4888.361000000001,4897.82625,4888.4322085,4893.050499999999,-10.760166500000196,"[-26.15954150000016, 21.50866700000006]",-0.22139715346242705,"[-0.5276302233368446, 0.44287785089486276]",12,5,60,10000
cpu,stock,2,text,size_advance,12,6066,complete_us,current,pool,4888.3836665,4897.852417,4888.449625,4893.06775,-10.763750500000242,"[-26.16295850000006, 21.510458500000368]",-0.22146807521547518,"[-0.5276970138897719, 0.4429127982090941]",12,5,60,10000
cpu,stock,2,text,size_advance,12,6066,draw_us,final,pool,4868.756875,4897.159708,4869.508625,4892.2639165,24.559125000000222,"[11.485999999999876, 52.722374500000114]",0.5078310876661662,"[0.2359535222836162, 1.0769013445844355]",12,5,60,10000
cpu,stock,2,text,size_advance,12,6066,submit_us,final,pool,4869.390375,4897.82625,4870.133542,4893.050499999999,24.616292000000158,"[11.638958500000172, 52.71883400000024]",0.5089404940390563,"[0.23905705801919863, 1.0766820742715955]",12,5,60,10000
cpu,stock,2,text,size_advance,12,6066,complete_us,final,pool,4869.4095,4897.852417,4870.149166499999,4893.06775,24.626792000000478,"[11.640542000000096, 52.71704150000005]",0.5091557560231386,"[0.23908826831605667, 1.0766409033053592]",12,5,60,10000
cpu,stock,2,text,size_return,12,0,draw_us,master,current,276.9217915,273.6685835,277.084958,273.7065,-2.8141664999999705,"[-6.390707999999989, 0.7101250000000334]",-1.0156820442406733,"[-2.2893595939749325, 0.25786032341956755]",12,5,60,10000
cpu,stock,2,text,size_return,12,0,submit_us,master,current,277.32816649999995,274.085,277.4930415,274.12670849999995,-2.8003330000000233,"[-6.381874500000009, 0.7153334999999856]",-1.0091829778856476,"[-2.2880345719311856, 0.25937906988362514]",12,5,60,10000
cpu,stock,2,text,size_return,12,0,complete_us,master,current,277.355958,274.1024165,277.515583,274.1439585,-2.8038329999999974,"[-6.3819164999999884, 0.711749999999995]",-1.0103643105426552,"[-2.2847410690076506, 0.25805646426423356]",12,5,60,10000
cpu,stock,2,text,size_return,12,0,draw_us,master,final,276.9217915,274.3385835,277.084958,273.378417,-1.6580419999999947,"[-5.473957999999982, -0.25512449999996534]",-0.6013869689262819,"[-1.9610575005117148, -0.09469545048814698]",12,5,60,10000
cpu,stock,2,text,size_return,12,0,submit_us,master,final,277.32816649999995,274.7032915,277.4930415,273.748208,-1.6736255000000142,"[-5.534749999999974, -0.2707499999999925]",-0.6060490541824115,"[-1.9796912372157138, -0.10035856872294135]",12,5,60,10000
cpu,stock,2,text,size_return,12,0,complete_us,master,final,277.355958,274.722333,277.515583,273.767375,-1.675292000000013,"[-5.536500000000018, -0.27604150000001937]",-0.606592821584534,"[-1.9801127039468958, -0.10225369929590666]",12,5,60,10000
cpu,stock,2,text,size_return,12,0,draw_us,master,pool,276.9217915,275.604125,277.084958,275.604125,-1.782999999999987,"[-3.80216649999997, 0.001666499999998905]",-0.644494079012703,"[-1.3669120699675796, -0.0016468579630890545]",12,5,60,10000
cpu,stock,2,text,size_return,12,0,submit_us,master,pool,277.32816649999995,276.0069165,277.4930415,276.0069165,-1.7952080000000308,"[-3.8090415000000064, 0.006958499999996093]",-0.6479660881706484,"[-1.367435183742527, 0.0002838649448111408]",12,5,60,10000
cpu,stock,2,text,size_return,12,0,complete_us,master,pool,277.355958,276.03125,277.515583,276.03125,-1.7864999999999895,"[-3.8108330000000024, 0.0034589999999923293]",-0.6447968563549122,"[-1.3679650381390462, -0.0009604181529510036]",12,5,60,10000
cpu,stock,2,text,size_return,12,0,draw_us,current,final,273.6685835,274.3385835,273.7065,273.378417,1.1770415000000014,"[-2.3142910000000256, 5.100667000000016]",0.4298140063479394,"[-0.8394018984586304, 1.8508523249558984]",12,5,60,10000
cpu,stock,2,text,size_return,12,0,submit_us,current,final,274.085,274.7032915,274.12670849999995,273.748208,1.138708500000007,"[-2.3490004999999883, 5.135375500000009]",0.4151082787766991,"[-0.8507284927061987, 1.8609224976837813]",12,5,60,10000
cpu,stock,2,text,size_return,12,0,complete_us,current,final,274.1024165,274.722333,274.1439585,273.767375,1.1423750000000155,"[-2.350625000000008, 5.124957999999992]",0.4164174852811009,"[-0.8512431199880988, 1.8569034368846271]",12,5,60,10000
cpu,stock,2,text,size_return,12,0,draw_us,current,pool,273.6685835,275.604125,273.7065,275.604125,1.1283334999999965,"[-1.836749999999995, 3.829916499999996]",0.4124657857972225,"[-0.6578750396108723, 1.414616128496471]",12,5,60,10000
cpu,stock,2,text,size_return,12,0,submit_us,current,pool,274.085,276.0069165,274.12670849999995,276.0069165,1.1127079999999978,"[-1.873207999999977, 3.828083499999991]",0.4061212593143071,"[-0.6695378270502483, 1.4120091797570233]",12,5,60,10000
cpu,stock,2,text,size_return,12,0,complete_us,current,pool,274.1024165,276.03125,274.1439585,276.03125,1.118124999999992,"[-1.880042000000003, 3.8263330000000053]",0.40806571749658627,"[-0.6719293949170091, 1.4112003590319944]",12,5,60,10000
cpu,stock,2,text,size_return,12,0,draw_us,final,pool,274.3385835,275.604125,273.378417,275.604125,0.7032495000000267,"[-1.628541499999983, 3.8488334999999836]",0.2564942192646136,"[-0.5917828407982495, 1.3994647015872053]",12,5,60,10000
cpu,stock,2,text,size_return,12,0,submit_us,final,pool,274.7032915,276.0069165,273.748208,276.0069165,0.7413334999999677,"[-1.6232914999999934, 3.8801249999999925]",0.2700486966398574,"[-0.58902576844721, 1.4089474790211054]",12,5,60,10000
cpu,stock,2,text,size_return,12,0,complete_us,final,pool,274.722333,276.03125,273.767375,276.03125,0.7310415000000319,"[-1.6077914999999905, 3.867874999999998]",0.2662633820561311,"[-0.5833805692986693, 1.4043570925433513]",12,5,60,10000
cpu,stock,2,text,warm,30,0,draw_us,master,current,263.3395835,258.988967,263.618117,259.19021699999996,-3.572983499999964,"[-5.492350500000015, -1.8951499999999726]",-1.344639169997236,"[-2.0838674380753264, -0.7243901780826234]",12,5,60,10000
cpu,stock,2,text,warm,30,0,submit_us,master,current,263.65695,259.2890165,263.9271,259.49931649999996,-3.5915999999999997,"[-5.5049000000000206, -1.9041835000000162]",-1.3498933107703226,"[-2.086122990124073, -0.727016142585174]",12,5,60,10000
cpu,stock,2,text,warm,30,0,complete_us,master,current,263.6743165,259.3110835,263.94795,259.5222165,-3.5902335000000107,"[-5.498666499999985, -1.8978999999999928]",-1.3492715830127233,"[-2.0836298749809137, -0.7245539767764375]",12,5,60,10000
cpu,stock,2,text,warm,30,0,draw_us,master,final,263.3395835,260.6452165,263.618117,260.215333,-1.9006834999999853,"[-3.9097170000000006, -1.0506170000000168]",-0.7145461703968237,"[-1.4826151723394743, -0.4045921903165606]",12,5,60,10000
cpu,stock,2,text,warm,30,0,submit_us,master,final,263.65695,260.95483349999995,263.9271,260.5208,-1.9269165000000044,"[-3.916717000000034, -1.0575504999999907]",-0.7234679848566294,"[-1.4835322003113605, -0.40675556100993604]",12,5,60,10000
cpu,stock,2,text,warm,30,0,complete_us,master,final,263.6743165,260.9771165,263.94795,260.54021650000004,-1.9255999999999744,"[-3.9258000000000095, -1.0583504999999889]",-0.722913194065461,"[-1.4868450478608797, -0.40703071382954814]",12,5,60,10000
cpu,stock,2,text,warm,30,0,draw_us,master,pool,263.3395835,260.33475,263.618117,260.0653335,-2.502049999999997,"[-7.003450500000014, -0.38965000000000316]",-0.9488962643726229,"[-2.6576385593018506, -0.1537822057130822]",12,5,60,10000
cpu,stock,2,text,warm,30,0,submit_us,master,pool,263.65695,260.6402835,263.9271,260.3659335,-2.5048665000000483,"[-7.080566499999961, -0.41244999999997844]",-0.9488548950207898,"[-2.6831388834202716, -0.1622317639304316]",12,5,60,10000
cpu,stock,2,text,warm,30,0,complete_us,master,pool,263.6743165,260.66105,263.94795,260.388817,-2.5098000000000127,"[-7.075649999999996, -0.4131169999999855]",-0.9506406526981592,"[-2.6810889811632546, -0.16248341714665826]",12,5,60,10000
cpu,stock,2,text,warm,30,0,draw_us,current,final,258.988967,260.6452165,259.19021699999996,260.215333,1.0292329999999765,"[0.07096649999996885, 2.9194664999999986]",0.39822272065885844,"[0.027369081641720472, 1.123162273316325]",12,5,60,10000
cpu,stock,2,text,warm,30,0,submit_us,current,final,259.2890165,260.95483349999995,259.49931649999996,260.5208,1.0410500000000127,"[0.07711649999998826, 2.9277000000000157]",0.4023403378836665,"[0.029706781209742905, 1.1250206603990565]",12,5,60,10000
cpu,stock,2,text,warm,30,0,complete_us,current,final,259.3110835,260.9771165,259.5222165,260.54021650000004,1.0346830000000296,"[0.06941649999998845, 2.922216500000019]",0.39982671413820725,"[0.02674379979155095, 1.1228247473042186]",12,5,60,10000
cpu,stock,2,text,warm,30,0,draw_us,current,pool,258.988967,260.33475,259.19021699999996,260.0653335,-0.3485499999999888,"[-1.5943165000000192, 2.5083329999999933]",-0.13427283060181705,"[-0.6190316863865619, 0.9633969186114366]",12,5,60,10000
cpu,stock,2,text,warm,30,0,submit_us,current,pool,259.2890165,260.6402835,259.49931649999996,260.3659335,-0.3527829999999881,"[-1.6040829999999602, 2.5006340000000478]",-0.1361257569618579,"[-0.6220718555935201, 0.9592957319666584]",12,5,60,10000
cpu,stock,2,text,warm,30,0,complete_us,current,pool,259.3110835,260.66105,259.5222165,260.388817,-0.34931649999998626,"[-1.6048000000000116, 2.4944329999999866]",-0.13477412857511584,"[-0.622299201089832, 0.9568320377874473]",12,5,60,10000
cpu,stock,2,text,warm,30,0,draw_us,final,pool,260.6452165,260.33475,260.215333,260.0653335,-0.9701330000000041,"[-3.768783499999998, 1.7360664999999926]",-0.3702684739826101,"[-1.4543589543527247, 0.6672094494575953]",12,5,60,10000
cpu,stock,2,text,warm,30,0,submit_us,final,pool,260.95483349999995,260.6402835,260.5208,260.3659335,-0.9812499999999886,"[-3.777732999999998, 1.7472999999999956]",-0.37405201880617023,"[-1.456041106579603, 0.6707390250705547]",12,5,60,10000
cpu,stock,2,text,warm,30,0,complete_us,final,pool,260.9771165,260.66105,260.54021650000004,260.388817,-0.9812165000000164,"[-3.7762829999999923, 1.7520664999999838]",-0.37400555946474623,"[-1.455374160618772, 0.6725232851233165]",12,5,60,10000
cpu,stock,2,text,x_advance,10,666,draw_us,master,current,415.83765,375.80835,417.30404999999996,375.5938,-41.133399999999995,"[-43.71244999999999, -37.772999999999996]",-9.873907882134676,"[-10.471486895714305, -9.10424224711469]",12,5,60,10000
cpu,stock,2,text,x_advance,10,666,submit_us,master,current,416.2189,376.17495,417.6687,375.96665,-41.14184999999998,"[-43.756399999999985, -37.76894999999999]",-9.866987794212351,"[-10.472113289434688, -9.095457686329233]",12,5,60,10000
cpu,stock,2,text,x_advance,10,666,complete_us,master,current,416.2397,376.1979,417.69785,375.9855,-41.13555000000002,"[-43.75215, -37.762699999999995]",-9.86502925420325,"[-10.47074023903794, -9.093491258672348]",12,5,60,10000
cpu,stock,2,text,x_advance,10,666,draw_us,master,final,415.83765,378.4979,417.30404999999996,378.2231,-39.80194999999998,"[-41.70824999999999, -35.141700000000014]",-9.605622946623143,"[-9.963983701666923, -8.488808320529195]",12,5,60,10000
cpu,stock,2,text,x_advance,10,666,submit_us,master,final,416.2189,378.8625,417.6687,378.5855,-39.801950000000005,"[-41.706350000000015, -35.13964999999999]",-9.597694466830259,"[-9.95455399143741, -8.480944017134206]",12,5,60,10000
cpu,stock,2,text,x_advance,10,666,complete_us,master,final,416.2397,378.88335,417.69785,378.60635,-39.79785000000001,"[-41.71045000000001, -35.14179999999999]",-9.596266174809925,"[-9.954892858234999, -8.480991440243379]",12,5,60,10000
cpu,stock,2,text,x_advance,10,666,draw_us,master,pool,415.83765,379.82304999999997,417.30404999999996,380.8521,-39.39360000000002,"[-40.90835000000001, -33.98554999999999]",-9.493758769857617,"[-9.801335920293791, -8.146484700129296]",12,5,60,10000
cpu,stock,2,text,x_advance,10,666,submit_us,master,pool,416.2189,380.20005000000003,417.6687,381.21865,-39.383200000000016,"[-40.92515, -34.0042]",-9.483738858481777,"[-9.796810315108251, -8.143511906561217]",12,5,60,10000
cpu,stock,2,text,x_advance,10,666,complete_us,master,pool,416.2397,380.21675000000005,417.69785,381.24165000000005,-39.385249999999985,"[-40.92519999999999, -34.00020000000001]",-9.483754794998228,"[-9.796429742736574, -8.142074900369]",12,5,60,10000
cpu,stock,2,text,x_advance,10,666,draw_us,current,final,375.80835,378.4979,375.5938,378.2231,2.4128000000000043,"[0.4541499999999985, 5.633299999999991]",0.6473262544051339,"[0.12084572818807926, 1.502528558864169]",12,5,60,10000
cpu,stock,2,text,x_advance,10,666,submit_us,current,final,376.17495,378.8625,375.96665,378.5855,2.4189999999999543,"[0.4854999999999734, 5.631200000000007]",0.6484090877626691,"[0.12906162728130166, 1.5004595660750408]",12,5,60,10000
cpu,stock,2,text,x_advance,10,666,complete_us,current,final,376.1979,378.88335,375.9855,378.60635,2.4170000000000016,"[0.4813500000000204, 5.628950000000003]",0.6478353158072991,"[0.1279504319152136, 1.4997688836113965]",12,5,60,10000
cpu,stock,2,text,x_advance,10,666,draw_us,current,pool,375.80835,379.82304999999997,375.5938,380.8521,4.804200000000009,"[-0.27504999999999313, 6.666599999999988]",1.2759683784039577,"[-0.07243166803269085, 1.775106335012877]",12,5,60,10000
cpu,stock,2,text,x_advance,10,666,submit_us,current,pool,376.17495,380.20005000000003,375.96665,381.21865,4.808199999999971,"[-0.11674999999999613, 6.6498499999999865]",1.2748135590366694,"[-0.030845490788999896, 1.7688466991036988]",12,5,60,10000
cpu,stock,2,text,x_advance,10,666,complete_us,current,pool,376.1979,380.21675000000005,375.9855,381.24165000000005,4.808350000000047,"[-0.1104999999999734, 6.649700000000024]",1.2764013500482063,"[-0.029179199724471694, 1.7686937351692134]",12,5,60,10000
cpu,stock,2,text,x_advance,10,666,draw_us,final,pool,378.4979,379.82304999999997,378.2231,380.8521,-0.48755000000002724,"[-2.329250000000002, 4.58959999999999]",-0.12889779700037685,"[-0.6168689117881987, 1.2197714627300904]",12,5,60,10000
cpu,stock,2,text,x_advance,10,666,submit_us,final,pool,378.8625,380.20005000000003,378.5855,381.21865,-0.5107000000000141,"[-2.3103499999999997, 4.558199999999999]",-0.13492144577008092,"[-0.6112873476303349, 1.2101485837132553]",12,5,60,10000
cpu,stock,2,text,x_advance,10,666,complete_us,final,pool,378.88335,380.21675000000005,378.60635,381.24165000000005,-0.5188499999999863,"[-2.3125, 4.562400000000025]",-0.1370727184022813,"[-0.6118255629035896, 1.211203045733944]",12,5,60,10000
cpu,stock,2,text,x_return,10,0,draw_us,master,current,267.3064,263.352,267.77915,263.22915,-3.94795000000002,"[-4.856100000000026, -2.224899999999991]",-1.481915505880782,"[-1.8154047859013034, -0.8398728967587255]",12,5,60,10000
cpu,stock,2,text,x_return,10,0,submit_us,master,current,267.6521,263.6979,268.13745,263.5875,-3.947749999999985,"[-4.845650000000006, -2.2353999999999985]",-1.4799323183401214,"[-1.8122447609489278, -0.842722720405753]",12,5,60,10000
cpu,stock,2,text,x_return,10,0,complete_us,master,current,267.66465,263.71860000000004,268.1583,263.60615,-3.9416000000000224,"[-4.847849999999994, -2.2248500000000035]",-1.477501615032667,"[-1.813661087341556, -0.8386905456056859]",12,5,60,10000
cpu,stock,2,text,x_return,10,0,draw_us,master,final,267.3064,265.8916,267.77915,265.65195,-1.920800000000014,"[-2.3019000000000176, 0.6249500000000126]",-0.7206269424140044,"[-0.854629410535257, 0.2381130489486516]",12,5,60,10000
cpu,stock,2,text,x_return,10,0,submit_us,master,final,267.6521,266.23345,268.13745,265.98965,-1.9311500000000024,"[-2.3017499999999984, 0.6041500000000042]",-0.7235954365653996,"[-0.856466950796031, 0.22995062464311045]",12,5,60,10000
cpu,stock,2,text,x_return,10,0,complete_us,master,final,267.66465,266.2563,268.1583,266.01244999999994,-1.927000000000021,"[-2.3039500000000146, 0.606349999999992]",-0.7219898931402513,"[-0.8571896301256765, 0.23075057398451726]",12,5,60,10000
cpu,stock,2,text,x_return,10,0,draw_us,master,pool,267.3064,266.49585,267.77915,266.8357,-1.020700000000005,"[-1.9852500000000077, 1.3708500000000186]",-0.3807912151081616,"[-0.7375942044531292, 0.518540634074055]",12,5,60,10000
cpu,stock,2,text,x_return,10,0,submit_us,master,pool,267.6521,266.86255,268.13745,267.171,-1.0310999999999808,"[-1.9978000000000122, 1.3793000000000006]",-0.38418512500220103,"[-0.7413212477226427, 0.5210758670069648]",12,5,60,10000
cpu,stock,2,text,x_return,10,0,complete_us,master,pool,267.66465,266.88955,268.1583,267.20015,-1.033200000000022,"[-1.9874000000000365, 1.3813499999999692]",-0.3849331593577032,"[-0.7374063347102056, 0.5218069921083368]",12,5,60,10000
cpu,stock,2,text,x_return,10,0,draw_us,current,final,263.352,265.8916,263.22915,265.65195,2.7436500000000024,"[1.408299999999997, 4.831350000000015]",1.0409531721432441,"[0.5384119133023058, 1.8171722691407988]",12,5,60,10000
cpu,stock,2,text,x_return,10,0,submit_us,current,final,263.6979,266.23345,263.5875,265.98965,2.7333500000000015,"[1.37885, 4.8355999999999995]",1.0356805571771766,"[0.5264684126831565, 1.8163385795918807]",12,5,60,10000
cpu,stock,2,text,x_return,10,0,complete_us,current,final,263.71860000000004,266.2563,263.60615,266.01244999999994,2.7416999999999803,"[1.3811000000000035, 4.827250000000021]",1.0387711769432317,"[0.527286339020272, 1.8130600640537953]",12,5,60,10000
cpu,stock,2,text,x_return,10,0,draw_us,current,pool,263.352,266.49585,263.22915,266.8357,2.72290000000001,"[1.4998999999999967, 3.9646999999999935]",1.038790333412254,"[0.5731259689421342, 1.5078306709278122]",12,5,60,10000
cpu,stock,2,text,x_return,10,0,submit_us,current,pool,263.6979,266.86255,263.5875,267.171,2.6977999999999724,"[1.4959500000000219, 3.9480000000000075]",1.0278340671042607,"[0.5708606139656403, 1.4994669778511271]",12,5,60,10000
cpu,stock,2,text,x_return,10,0,complete_us,current,pool,263.71860000000004,266.88955,263.60615,267.20015,2.7041499999999985,"[1.4959000000000344, 3.9543499999999767]",1.0301367373877324,"[0.570782277323123, 1.5017835712920813]",12,5,60,10000
cpu,stock,2,text,x_return,10,0,draw_us,final,pool,265.8916,266.49585,265.65195,266.8357,0.6188999999999965,"[-1.9460499999999854, 1.7564999999999884]",0.235894410875781,"[-0.72406953469073, 0.6631083733708132]",12,5,60,10000
cpu,stock,2,text,x_return,10,0,submit_us,final,pool,266.23345,266.86255,265.98965,267.171,0.6085999999999672,"[-1.9521499999999605, 1.7668999999999926]",0.23169218941504477,"[-0.7253306848420404, 0.6662005567465878]",12,5,60,10000
cpu,stock,2,text,x_return,10,0,complete_us,final,pool,266.2563,266.88955,266.01244999999994,267.20015,0.6084999999999923,"[-1.9523000000000081, 1.771000000000015]",0.2315966516788448,"[-0.7253632662268028, 0.6676960005430721]",12,5,60,10000
cpu,stock,2,text,y_advance,10,0,draw_us,master,current,262.00215000000003,259.09794999999997,262.59995000000004,258.7084,-2.9311500000000166,"[-5.764899999999983, -0.591700000000003]",-1.1242701835643965,"[-2.1850845550173084, -0.22972091575096387]",12,5,60,10000
cpu,stock,2,text,y_advance,10,0,submit_us,master,current,262.3249,259.43745,262.9166,259.0312,-2.9373500000000234,"[-5.770849999999996, -0.5916499999999871]",-1.1251934969187916,"[-2.1846206329931395, -0.22942099483077572]",12,5,60,10000
cpu,stock,2,text,y_advance,10,0,complete_us,master,current,262.34159999999997,259.45625,262.93960000000004,259.0458,-2.926899999999989,"[-5.764750000000021, -0.5999999999999943]",-1.121189707453779,"[-2.1822108568971488, -0.23262244631405693]",12,5,60,10000
cpu,stock,2,text,y_advance,10,0,draw_us,master,final,262.00215000000003,259.93955,262.59995000000004,261.15409999999997,-2.6459000000000117,"[-3.84375, -1.277150000000006]",-1.0247197519312967,"[-1.4549140815652284, -0.4860842563524037]",12,5,60,10000
cpu,stock,2,text,y_advance,10,0,submit_us,master,final,262.3249,260.22695,262.9166,261.44575,-2.6604500000000257,"[-3.8686500000000024, -1.3271000000000015]",-1.0291183175684337,"[-1.4625500352001775, -0.50445275411658]",12,5,60,10000
cpu,stock,2,text,y_advance,10,0,complete_us,master,final,262.34159999999997,260.24580000000003,262.93960000000004,261.4688,-2.662549999999996,"[-3.8666500000000212, -1.310350000000028]",-1.029848481822826,"[-1.4617206916399894, -0.4980771233889014]",12,5,60,10000
cpu,stock,2,text,y_advance,10,0,draw_us,master,pool,262.00215000000003,259.4916,262.59995000000004,259.36670000000004,-2.7562999999999818,"[-5.058499999999981, -2.127200000000016]",-1.051797901135637,"[-1.9043547698056995, -0.8169172183017548]",12,5,60,10000
cpu,stock,2,text,y_advance,10,0,submit_us,master,pool,262.3249,259.7916,262.9166,259.6729,-2.787649999999985,"[-5.083300000000008, -2.1374000000000137]",-1.057833719246365,"[-1.9113086826276438, -0.8198760559229523]",12,5,60,10000
cpu,stock,2,text,y_advance,10,0,complete_us,master,pool,262.34159999999997,259.82489999999996,262.93960000000004,259.69595000000004,-2.771000000000015,"[-5.07480000000001, -2.137450000000001]",-1.0544259037041037,"[-1.908011068074822, -0.8198230909082782]",12,5,60,10000
cpu,stock,2,text,y_advance,10,0,draw_us,current,final,259.09794999999997,259.93955,258.7084,261.15409999999997,1.3103999999999871,"[-2.8061500000000166, 4.662700000000015]",0.5031772129613366,"[-1.0675606673824556, 1.8240823498552716]",12,5,60,10000
cpu,stock,2,text,y_advance,10,0,submit_us,current,final,259.43745,260.22695,259.0312,261.44575,1.2917500000000075,"[-2.833500000000015, 4.628950000000003]",0.495416288038808,"[-1.0758537127984635, 1.8086149536971075]",12,5,60,10000
cpu,stock,2,text,y_advance,10,0,complete_us,current,final,259.45625,260.24580000000003,259.0458,261.4688,1.2877499999999884,"[-2.8418000000000063, 4.639499999999984]",0.4938277295105764,"[-1.079633786020645, 1.8126337118416935]",12,5,60,10000
cpu,stock,2,text,y_advance,10,0,draw_us,current,pool,259.09794999999997,259.4916,258.7084,259.36670000000004,-0.16469999999998208,"[-1.2291999999999916, 1.9665999999999997]",-0.06398078959402032,"[-0.4744729404396242, 0.7647670255018335]",12,5,60,10000
cpu,stock,2,text,y_advance,10,0,submit_us,current,pool,259.43745,259.7916,259.0312,259.6729,-0.18975000000000364,"[-1.2624999999999886, 1.929050000000018]",-0.07356004894447099,"[-0.48671727592165537, 0.7492882822979441]",12,5,60,10000
cpu,stock,2,text,y_advance,10,0,complete_us,current,pool,259.45625,259.82489999999996,259.0458,259.69595000000004,-0.17935000000002788,"[-1.2583499999999788, 1.9353499999999997]",-0.06953678457364276,"[-0.48509263946738823, 0.751646537207662]",12,5,60,10000
cpu,stock,2,text,y_advance,10,0,draw_us,final,pool,259.93955,259.4916,261.15409999999997,259.36670000000004,-1.3062999999999931,"[-1.8793000000000006, 0.4934000000000083]",-0.49955135083978863,"[-0.7152527407521481, 0.1901937174331847]",12,5,60,10000
cpu,stock,2,text,y_advance,10,0,submit_us,final,pool,260.22695,259.7916,261.44575,259.6729,-1.2728999999999928,"[-1.8750500000000159, 0.5123000000000388]",-0.48623423666459,"[-0.7128548702545479, 0.19725224305533473]",12,5,60,10000
cpu,stock,2,text,y_advance,10,0,complete_us,final,pool,260.24580000000003,259.82489999999996,261.4688,259.69595000000004,-1.2793000000000063,"[-1.8687500000000057, 0.5124500000000296]",-0.4886304268424624,"[-0.7104041220874657, 0.1972982535792589]",12,5,60,10000
cpu,vollkorn,2,demo,first_paint,1,269,draw_us,master,current,6733.396,4557.6665,6721.667,4534.792,-2175.2084999999997,"[-2216.6045, -2133.7705]",-32.235302279568316,"[-32.86874177483274, -31.916895086465864]",12,5,60,10000
cpu,vollkorn,2,demo,first_paint,1,269,submit_us,master,current,6735.625,4560.271000000001,6724.1875,4537.1875,-2175.4795,"[-2216.4165, -2134.1034999999997]",-32.2271513527879,"[-32.85440216993791, -31.9046573308717]",12,5,60,10000
cpu,vollkorn,2,demo,first_paint,1,269,complete_us,master,current,6735.6669999999995,4560.271000000001,6724.208500000001,4537.2295,-2175.4379999999996,"[-2216.3954999999996, -2134.1034999999997]",-32.22673897542863,"[-32.8539897083292, -31.904558846884257]",12,5,60,10000
cpu,vollkorn,2,demo,first_paint,1,269,draw_us,master,final,6733.396,4544.9580000000005,6721.667,4521.125,-2202.5210000000006,"[-2236.166, -2158.7290000000003]",-32.81551345196111,"[-33.17292898879106, -32.14584860184706]",12,5,60,10000
cpu,vollkorn,2,demo,first_paint,1,269,submit_us,master,final,6735.625,4547.2294999999995,6724.1875,4523.458500000001,-2203.063,"[-2235.9165, -2158.6455]",-32.80197772426756,"[-33.16224494952255, -32.11566098317718]",12,5,60,10000
cpu,vollkorn,2,demo,first_paint,1,269,complete_us,master,final,6735.6669999999995,4547.25,6724.208500000001,4523.478999999999,-2203.0625,"[-2235.8954999999996, -2158.6455]",-32.801363293779175,"[-33.161931542039994, -32.1153555012974]",12,5,60,10000
cpu,vollkorn,2,demo,first_paint,1,269,draw_us,master,pool,6733.396,4575.291,6721.667,4565.4580000000005,-2179.3545000000004,"[-2232.2085, -2086.1034999999997]",-32.31969154446223,"[-33.03676301040256, -31.319818767548597]",12,5,60,10000
cpu,vollkorn,2,demo,first_paint,1,269,submit_us,master,pool,6735.625,4577.5830000000005,6724.1875,4567.8745,-2179.2715000000003,"[-2232.854, -2085.8335]",-32.31098177841857,"[-33.032778215125674, -31.304939620047904]",12,5,60,10000
cpu,vollkorn,2,demo,first_paint,1,269,complete_us,master,pool,6735.6669999999995,4577.6245,6724.208500000001,4567.8955000000005,-2179.2295000000004,"[-2232.8540000000003, -2085.833]",-32.31066937334881,"[-33.03267760118305, -31.304835356721746]",12,5,60,10000
cpu,vollkorn,2,demo,first_paint,1,269,draw_us,current,final,4557.6665,4544.9580000000005,4534.792,4521.125,-49.64499999999998,"[-75.66650000000027, 29.541499999999814]",-1.0874683941137941,"[-1.6684603470825676, 0.6544916743272622]",12,5,60,10000
cpu,vollkorn,2,demo,first_paint,1,269,submit_us,current,final,4560.271000000001,4547.2294999999995,4537.1875,4523.458500000001,-49.39549999999963,"[-75.70850000000019, 31.0625]",-1.08158442586197,"[-1.6685152953120452, 0.6876954862436557]",12,5,60,10000
cpu,vollkorn,2,demo,first_paint,1,269,complete_us,current,final,4560.271000000001,4547.25,4537.2295,4523.478999999999,-49.395500000000084,"[-75.68800000000056, 31.041499999999814]",-1.0815747885474403,"[-1.668068116118404, 0.6872222064250977]",12,5,60,10000
cpu,vollkorn,2,demo,first_paint,1,269,draw_us,current,pool,4557.6665,4575.291,4534.792,4565.4580000000005,20.04200000000037,"[-32.458000000000084, 69.41649999999981]",0.4423891738363661,"[-0.7121665041650238, 1.537679900105604]",12,5,60,10000
cpu,vollkorn,2,demo,first_paint,1,269,submit_us,current,pool,4560.271000000001,4577.5830000000005,4537.1875,4567.8745,19.770500000000084,"[-32.812499999999545, 69.41600000000017]",0.43615983314851947,"[-0.7195721086155071, 1.53690914164476]",12,5,60,10000
cpu,vollkorn,2,demo,first_paint,1,269,complete_us,current,pool,4560.271000000001,4577.6245,4537.2295,4567.8955000000005,19.771499999999833,"[-32.83349999999973, 69.39600000000019]",0.43617794617631933,"[-0.7200324484117449, 1.5364539471850236]",12,5,60,10000
cpu,vollkorn,2,demo,first_paint,1,269,draw_us,final,pool,4544.9580000000005,4575.291,4521.125,4565.4580000000005,37.125,"[-14.999999999999545, 109.77100000000019]",0.8164769133234717,"[-0.32731701454115636, 2.427648222488765]",12,5,60,10000
cpu,vollkorn,2,demo,first_paint,1,269,submit_us,final,pool,4547.2294999999995,4577.5830000000005,4523.458500000001,4567.8745,36.916499999999814,"[-15.08349999999973, 109.14550000000008]",0.8113903122997868,"[-0.32900538599087703, 2.4121904536993144]",12,5,60,10000
cpu,vollkorn,2,demo,first_paint,1,269,complete_us,final,pool,4547.25,4577.6245,4523.478999999999,4567.8955000000005,36.9375,"[-15.062500000000455, 109.125]",0.8118489441726218,"[-0.32854094357614994, 2.4117109812316073]",12,5,60,10000
cpu,vollkorn,2,demo,pan,10,0,draw_us,master,current,218.99565,221.82085,219.475,220.60410000000002,2.268650000000008,"[0.5938000000000017, 5.435450000000017]",1.036578283893752,"[0.2705207352810324, 2.529955008465423]",12,5,60,10000
cpu,vollkorn,2,demo,pan,10,0,submit_us,master,current,220.69979999999998,223.52280000000002,221.22905,222.22910000000002,2.3310499999999905,"[0.5958499999999987, 5.418849999999992]",1.057672398269205,"[0.2694702355617973, 2.5024789781320056]",12,5,60,10000
cpu,vollkorn,2,demo,pan,10,0,complete_us,master,current,220.72285,223.53955,221.252,222.2541,2.3291499999999985,"[0.5959000000000003, 5.4228999999999985]",1.0566812595355413,"[0.26945764140151596, 2.504152325019071]",12,5,60,10000
cpu,vollkorn,2,demo,pan,10,0,draw_us,master,final,218.99565,217.0729,219.475,217.5229,-1.118700000000004,"[-1.9018999999999977, 0.7708499999999958]",-0.5126785730036665,"[-0.8649000432699561, 0.3663075825792006]",12,5,60,10000
cpu,vollkorn,2,demo,pan,10,0,submit_us,master,final,220.69979999999998,218.75414999999998,221.22905,219.1916,-1.1354500000000058,"[-1.956150000000008, 0.745750000000001]",-0.5164056231205638,"[-0.8826728252682214, 0.35209203102176123]",12,5,60,10000
cpu,vollkorn,2,demo,pan,10,0,complete_us,master,final,220.72285,218.77904999999998,221.252,219.2104,-1.1332499999999897,"[-1.9603500000000054, 0.7415999999999912]",-0.515346594182825,"[-0.8844774160014224, 0.3502358356192725]",12,5,60,10000
cpu,vollkorn,2,demo,pan,10,0,draw_us,master,pool,218.99565,218.68135,219.475,219.14805,0.5021999999999878,"[-1.649850000000015, 2.7313000000000045]",0.2350642701491379,"[-0.749185514828743, 1.2416162172972478]",12,5,60,10000
cpu,vollkorn,2,demo,pan,10,0,submit_us,master,pool,220.69979999999998,220.33335,221.22905,220.79385,0.5813500000000005,"[-1.6499000000000024, 2.7685499999999905]",0.2685624635960171,"[-0.7435905020490075, 1.2572612513502945]",12,5,60,10000
cpu,vollkorn,2,demo,pan,10,0,complete_us,master,pool,220.72285,220.35625,221.252,220.82094999999998,0.5854999999999961,"[-1.6478500000000054, 2.764349999999993]",0.2704040976528155,"[-0.7426068101977268, 1.255223081520307]",12,5,60,10000
cpu,vollkorn,2,demo,pan,10,0,draw_us,current,final,221.82085,217.0729,220.60410000000002,217.5229,-2.9020500000000027,"[-4.429100000000005, -2.083449999999999]",-1.3233343992333113,"[-2.015838417820215, -0.948321815807418]",12,5,60,10000
cpu,vollkorn,2,demo,pan,10,0,submit_us,current,final,223.52280000000002,218.75414999999998,222.22910000000002,219.1916,-3.0022500000000036,"[-4.41879999999999, -2.0813500000000005]",-1.3667244950315016,"[-1.9959185361012377, -0.9402632964066349]",12,5,60,10000
cpu,vollkorn,2,demo,pan,10,0,complete_us,current,final,223.53955,218.77904999999998,222.2541,219.2104,-2.9876000000000005,"[-4.410399999999996, -2.0708999999999946]",-1.3599661337753643,"[-1.9919829334027916, -0.935499298508341]",12,5,60,10000
cpu,vollkorn,2,demo,pan,10,0,draw_us,current,pool,221.82085,218.68135,220.60410000000002,219.14805,-1.9228499999999968,"[-3.8645500000000084, 0.24799999999999045]",-0.8681916423771641,"[-1.7201428469132751, 0.11170574713040837]",12,5,60,10000
cpu,vollkorn,2,demo,pan,10,0,submit_us,current,pool,223.52280000000002,220.33335,222.22910000000002,220.79385,-1.9000500000000073,"[-3.914749999999998, 0.34184999999999377]",-0.8581441778637622,"[-1.7359736279875748, 0.15288546500475952]",12,5,60,10000
cpu,vollkorn,2,demo,pan,10,0,complete_us,current,pool,223.53955,220.35625,222.2541,220.82094999999998,-1.8916499999999985,"[-3.9146999999999963, 0.3438499999999891]",-0.854293887925095,"[-1.7359170938246349, 0.15380399700272163]",12,5,60,10000
cpu,vollkorn,2,demo,pan,10,0,draw_us,final,pool,217.0729,218.68135,217.5229,219.14805,2.3185999999999893,"[-1.5957500000000095, 3.706150000000008]",1.0740702662830781,"[-0.7351883564199191, 1.6925934557839972]",12,5,60,10000
cpu,vollkorn,2,demo,pan,10,0,submit_us,final,pool,218.75414999999998,220.33335,219.1916,220.79385,2.304249999999982,"[-1.6874999999999858, 3.774950000000004]",1.0592104505587119,"[-0.7712084053984491, 1.7109657868541017]",12,5,60,10000
cpu,vollkorn,2,demo,pan,10,0,complete_us,final,pool,218.77904999999998,220.35625,219.2104,220.82094999999998,2.306299999999993,"[-1.6832999999999885, 3.7791500000000013]",1.0600449642914955,"[-0.7691863862102966, 1.7127135298591445]",12,5,60,10000
cpu,vollkorn,2,demo,warm,30,0,draw_us,master,current,214.74095,214.57075,214.74095,214.82355,0.29723349999999016,"[-0.8637999999999977, 1.5630835000000047]",0.13657250728105197,"[-0.4018531483752641, 0.7306863034952427]",12,5,60,10000
cpu,vollkorn,2,demo,warm,30,0,submit_us,master,current,216.4486165,216.21730000000002,216.4486165,216.4457835,0.47216650000000016,"[-0.8625329999999991, 1.6061334999999985]",0.21628320601702056,"[-0.3987101167241047, 0.7453719295338557]",12,5,60,10000
cpu,vollkorn,2,demo,warm,30,0,complete_us,master,current,216.468733,216.2375,216.468733,216.4652665,0.47001649999999984,"[-0.8590329999999966, 1.6034165000000087]",0.21527725824145305,"[-0.3970510220464962, 0.7440179727178253]",12,5,60,10000
cpu,vollkorn,2,demo,warm,30,0,draw_us,master,final,214.74095,214.16395,214.74095,214.5132335,0.9222164999999904,"[-1.960983000000013, 1.6869500000000102]",0.4316299261501788,"[-0.9062182511598571, 0.7855353523767206]",12,5,60,10000
cpu,vollkorn,2,demo,warm,30,0,submit_us,master,final,216.4486165,215.7750335,216.4486165,216.174367,0.8707835000000017,"[-1.9991500000000002, 1.7313669999999917]",0.40480452835398584,"[-0.9173862206733219, 0.8002647022152143]",12,5,60,10000
cpu,vollkorn,2,demo,warm,30,0,complete_us,master,final,216.468733,215.7952,216.468733,216.195933,0.8750500000000017,"[-2.0061495000000065, 1.7362164999999976]",0.4067250487783336,"[-0.9204939536288259, 0.8024107921207779]",12,5,60,10000
cpu,vollkorn,2,demo,warm,30,0,draw_us,master,pool,214.74095,216.8791,214.74095,216.45,2.702149999999989,"[0.4825999999999908, 3.7638829999999928]",1.2669110339323164,"[0.22427751418711006, 1.7326984004476187]",12,5,60,10000
cpu,vollkorn,2,demo,warm,30,0,submit_us,master,pool,216.4486165,218.55485,216.4486165,218.2917,2.8786995000000104,"[0.4486334999999855, 3.848567000000017]",1.3318738141469,"[0.20681140405606202, 1.7589151962967287]",12,5,60,10000
cpu,vollkorn,2,demo,warm,30,0,complete_us,master,pool,216.468733,218.57639999999998,216.468733,218.313967,2.8785999999999916,"[0.4402999999999935, 3.8527169999999984]",1.332669995113922,"[0.20294180648721127, 1.7606546087980068]",12,5,60,10000
cpu,vollkorn,2,demo,warm,30,0,draw_us,current,final,214.57075,214.16395,214.82355,214.5132335,-0.3630670000000151,"[-2.333366499999997, 1.7479664999999898]",-0.16984554983609512,"[-1.073938060820756, 0.8186968984486231]",12,5,60,10000
cpu,vollkorn,2,demo,warm,30,0,submit_us,current,final,216.21730000000002,215.7750335,216.4457835,216.174367,-0.40748300000001336,"[-2.4819499999999977, 1.8660335000000003]",-0.18867823795559735,"[-1.133416904501744, 0.8671908036578357]",12,5,60,10000
cpu,vollkorn,2,demo,warm,30,0,complete_us,current,final,216.2375,215.7952,216.4652665,216.195933,-0.4123335000000026,"[-2.4826329999999928, 1.8693995]",-0.1909189648919174,"[-1.1336115723060203, 0.868682593727188]",12,5,60,10000
cpu,vollkorn,2,demo,warm,30,0,draw_us,current,pool,214.57075,216.8791,214.82355,216.45,1.7186999999999983,"[1.0013164999999873, 3.589516500000002]",0.8097693830606212,"[0.46099695376162764, 1.6595643225881807]",12,5,60,10000
cpu,vollkorn,2,demo,warm,30,0,submit_us,current,pool,216.21730000000002,218.55485,216.4457835,218.2917,1.590999999999994,"[1.099250000000012, 3.4715500000000077]",0.7436337020786721,"[0.5027222542828946, 1.5909339681045243]",12,5,60,10000
cpu,vollkorn,2,demo,warm,30,0,complete_us,current,pool,216.2375,218.57639999999998,216.4652665,218.313967,1.5833829999999978,"[1.1042005000000046, 3.4736500000000063]",0.7399999541807811,"[0.5049450567636393, 1.5917578148279876]",12,5,60,10000
cpu,vollkorn,2,demo,warm,30,0,draw_us,final,pool,214.16395,216.8791,214.5132335,216.45,2.114683499999998,"[1.61099999999999, 3.6867665000000045]",0.9853106547152435,"[0.7472895101309218, 1.7254326272756582]",12,5,60,10000
cpu,vollkorn,2,demo,warm,30,0,submit_us,final,pool,215.7750335,218.55485,216.174367,218.2917,2.1807500000000033,"[1.6436165000000074, 3.759633000000022]",1.0087410406357855,"[0.7565454547569961, 1.7434720772309342]",12,5,60,10000
cpu,vollkorn,2,demo,warm,30,0,complete_us,final,pool,215.7952,218.57639999999998,216.195933,218.313967,2.1784669999999977,"[1.6464169999999996, 3.764533499999999]",1.0075770028195263,"[0.7577714792887713, 1.7455838444264904]",12,5,60,10000
cpu,vollkorn,2,demo,zoom_in,12,2877,draw_us,master,current,6155.544958500001,4097.411333,6155.5433335,4104.25875,-2050.4826665,"[-2084.586792, -2013.860917]",-33.36614382297411,"[-33.77447465109568, -32.811034043174516]",12,5,60,10000
cpu,vollkorn,2,demo,zoom_in,12,2877,submit_us,master,current,6156.8591665,4098.618082999999,6156.821125,4105.6355,-2050.4653335000003,"[-2084.606, -2013.7758330000001]",-33.35917432793255,"[-33.76790382174008, -32.802780808041746]",12,5,60,10000
cpu,vollkorn,2,demo,zoom_in,12,2877,complete_us,master,current,6156.8765834999995,4098.640667,6156.845499999999,4105.656292,-2050.4652915,"[-2084.6216245000005, -2013.7829585]",-33.35918425603224,"[-33.767818547597, -32.80277550051164]",12,5,60,10000
cpu,vollkorn,2,demo,zoom_in,12,2877,draw_us,master,final,6155.544958500001,4054.8262919999997,6155.5433335,4057.4877500000002,-2097.3403755000004,"[-2118.9252915, -2066.774417]",-34.159568697002314,"[-34.383030386204936, -33.61089500876544]",12,5,60,10000
cpu,vollkorn,2,demo,zoom_in,12,2877,submit_us,master,final,6156.8591665,4056.154625,6156.821125,4058.946125,-2097.3213750000004,"[-2118.9097085000003, -2066.6528335000003]",-34.15396262712572,"[-34.377613506906656, -33.60199648565538]",12,5,60,10000
cpu,vollkorn,2,demo,zoom_in,12,2877,complete_us,master,final,6156.8765834999995,4056.17875,6156.845499999999,4058.966875,-2097.321209,"[-2118.9116249999997, -2066.6582495000002]",-34.15381613866502,"[-34.37761009697755, -33.601932133412866]",12,5,60,10000
cpu,vollkorn,2,demo,zoom_in,12,2877,draw_us,master,pool,6155.544958500001,4106.163125,6155.5433335,4107.722125,-2055.3523750000004,"[-2078.6545005, -2016.6475835]",-33.52039351566356,"[-33.592950143893205, -32.88116529951735]",12,5,60,10000
cpu,vollkorn,2,demo,zoom_in,12,2877,submit_us,master,pool,6156.8591665,4107.3524585,6156.821125,4108.9131665,-2055.3593335,"[-2078.6145000000006, -2016.7187085]",-33.51508582535769,"[-33.585885736210834, -32.87541736410819]",12,5,60,10000
cpu,vollkorn,2,demo,zoom_in,12,2877,complete_us,master,pool,6156.8765834999995,4107.3697915,6156.845499999999,4108.9356665,-2055.3610835,"[-2078.6181665, -2016.711917]",-33.515197588360635,"[-33.58575377278856, -32.87532683095654]",12,5,60,10000
cpu,vollkorn,2,demo,zoom_in,12,2877,draw_us,current,final,4097.411333,4054.8262919999997,4104.25875,4057.4877500000002,-44.08512500000006,"[-81.65449950000016, -18.119625000000042]",-1.064374826196235,"[-1.9815692298679022, -0.4458752232851304]",12,5,60,10000
cpu,vollkorn,2,demo,zoom_in,12,2877,submit_us,current,final,4098.618082999999,4056.154625,4105.6355,4058.946125,-44.102625499999704,"[-81.78483349999965, -17.977457999999842]",-1.0644612730417946,"[-1.9834442841206057, -0.4422540929913066]",12,5,60,10000
cpu,vollkorn,2,demo,zoom_in,12,2877,complete_us,current,final,4098.640667,4056.17875,4105.656292,4058.966875,-44.10583349999979,"[-81.78483350000033, -17.974083000000064]",-1.0645334338124868,"[-1.98339540805903, -0.4421685607708614]",12,5,60,10000
cpu,vollkorn,2,demo,zoom_in,12,2877,draw_us,current,pool,4097.411333,4106.163125,4104.25875,4107.722125,2.5850000000000364,"[-20.79862500000013, 19.14929100000063]",0.06327157330598965,"[-0.5075182354884078, 0.4653071184670621]",12,5,60,10000
cpu,vollkorn,2,demo,zoom_in,12,2877,submit_us,current,pool,4098.618082999999,4107.3524585,4105.6355,4108.9131665,2.4948745000003782,"[-20.826208499999893, 19.06920850000006]",0.06106033540337341,"[-0.5080280932688364, 0.4632107944964936]",12,5,60,10000
cpu,vollkorn,2,demo,zoom_in,12,2877,complete_us,current,pool,4098.640667,4107.3697915,4105.656292,4108.9356665,2.503499500000089,"[-20.817666500000314, 19.05883300000005]",0.061271516980571095,"[-0.5078166195982059, 0.46295726098358747]",12,5,60,10000
cpu,vollkorn,2,demo,zoom_in,12,2877,draw_us,final,pool,4054.8262919999997,4106.163125,4057.4877500000002,4107.722125,48.435791500000505,"[5.348916999999801, 71.41479099999992]",1.1899755917838761,"[0.13056078579300467, 1.7723925337952973]",12,5,60,10000
cpu,vollkorn,2,demo,zoom_in,12,2877,submit_us,final,pool,4056.154625,4107.3524585,4058.946125,4108.9131665,48.4548749999999,"[5.27274999999986, 71.40804150000008]",1.1900722053256763,"[0.1286557355640927, 1.7716796142620672]",12,5,60,10000
cpu,vollkorn,2,demo,zoom_in,12,2877,complete_us,final,pool,4056.17875,4107.3697915,4058.966875,4108.9356665,48.442541999999776,"[5.279583499999944, 71.4045000000001]",1.1897622671366404,"[0.12882192735302334, 1.7715821981067692]",12,5,60,10000
cpu,vollkorn,2,demo,zoom_out,12,1956,draw_us,master,current,4027.0922085,2602.3211665,4024.0868335,2598.7205,-1410.6631255,"[-1453.463583, -1403.4777084999998]",-35.19068329688162,"[-35.942073710084216, -34.92029149524228]",12,5,60,10000
cpu,vollkorn,2,demo,zoom_out,12,1956,submit_us,master,current,4028.50025,2603.6633335,4025.4670415,2600.10075,-1410.7219165,"[-1453.4894585000002, -1403.5679169999999]",-35.18032402634928,"[-35.929924353014826, -34.910998426454455]",12,5,60,10000
cpu,vollkorn,2,demo,zoom_out,12,1956,complete_us,master,current,4028.5210420000003,2603.6892085,4025.487917,2600.1215835000003,-1410.727292,"[-1453.4825415, -1403.5731250000001]",-35.18007288788935,"[-35.929614325223056, -34.910985849555516]",12,5,60,10000
cpu,vollkorn,2,demo,zoom_out,12,1956,draw_us,master,final,4027.0922085,2554.6197085000003,4024.0868335,2552.3696664999998,-1466.7864585,"[-1485.859542, -1446.4878749999998]",-36.46497496320538,"[-36.885859626247864, -36.09290424873346]",12,5,60,10000
cpu,vollkorn,2,demo,zoom_out,12,1956,submit_us,master,final,4028.50025,2556.6370415,4025.4670415,2553.701375,-1466.0140835000002,"[-1485.9499585, -1446.574625]",-36.455363412764456,"[-36.87421888748882, -36.082044374895865]",12,5,60,10000
cpu,vollkorn,2,demo,zoom_out,12,1956,complete_us,master,final,4028.5210420000003,2556.6561665,4025.487917,2553.72575,-1466.0193335,"[-1485.9550835, -1446.5902920000003]",-36.45531458999609,"[-36.87401033851518, -36.081871399602306]",12,5,60,10000
cpu,vollkorn,2,demo,zoom_out,12,1956,draw_us,master,pool,4027.0922085,2579.2657085,4024.0868335,2578.925375,-1442.1825834999997,"[-1469.2082500000001, -1416.6907919999999]",-35.91333576516243,"[-36.32746688619025, -35.472982316383074]",12,5,60,10000
cpu,vollkorn,2,demo,zoom_out,12,1956,submit_us,master,pool,4028.50025,2580.6371665,4025.4670415,2580.2776670000003,-1442.2990414999997,"[-1469.144, -1416.8072085000001]",-35.903489583538295,"[-36.31344298508417, -35.46311416727375]",12,5,60,10000
cpu,vollkorn,2,demo,zoom_out,12,1956,complete_us,master,pool,4028.5210420000003,2580.6649580000003,4025.487917,2580.3037915,-1442.3041670000002,"[-1469.1562084999998, -1416.8072080000002]",-35.90338467005851,"[-36.31349434295217, -35.46291323833215]",12,5,60,10000
cpu,vollkorn,2,demo,zoom_out,12,1956,draw_us,current,final,2602.3211665,2554.6197085000003,2598.7205,2552.3696664999998,-55.20158349999974,"[-64.83145800000011, -39.93920849999972]",-2.10845038831996,"[-2.492768436024612, -1.5467834459388263]",12,5,60,10000
cpu,vollkorn,2,demo,zoom_out,12,1956,submit_us,current,final,2603.6633335,2556.6370415,2600.10075,2553.701375,-55.210166500000014,"[-64.85233349999999, -39.890750000000025]",-2.108684651491882,"[-2.4946153501953616, -1.5441004059836505]",12,5,60,10000
cpu,vollkorn,2,demo,zoom_out,12,1956,complete_us,current,final,2603.6892085,2556.6561665,2600.1215835000003,2553.72575,-55.2207085,"[-64.84545849999995, -39.89404200000013]",-2.1087376764332975,"[-2.494730677699508, -1.5442158476217327]",12,5,60,10000
cpu,vollkorn,2,demo,zoom_out,12,1956,draw_us,current,pool,2602.3211665,2579.2657085,2598.7205,2578.925375,-28.38708349999979,"[-40.786541499999885, -12.501666999999998]",-1.0937585602807387,"[-1.5503610084899422, -0.48536814286773144]",12,5,60,10000
cpu,vollkorn,2,demo,zoom_out,12,1956,submit_us,current,pool,2603.6633335,2580.6371665,2600.10075,2580.2776670000003,-28.37349949999998,"[-40.79866650000008, -12.534833500000104]",-1.0926675860715107,"[-1.5500321274760143, -0.48638938772329054]",12,5,60,10000
cpu,vollkorn,2,demo,zoom_out,12,1956,complete_us,current,pool,2603.6892085,2580.6649580000003,2600.1215835000003,2580.3037915,-28.368125500000133,"[-40.79341700000009, -12.533041499999854]",-1.092453294898188,"[-1.5498223933397448, -0.48631750617058045]",12,5,60,10000
cpu,vollkorn,2,demo,zoom_out,12,1956,draw_us,final,pool,2554.6197085000003,2579.2657085,2552.3696664999998,2578.925375,25.27608299999997,"[17.692749999999933, 39.40991700000018]",0.9931092674716036,"[0.6944722914516754, 1.5573983564608151]",12,5,60,10000
cpu,vollkorn,2,demo,zoom_out,12,1956,submit_us,final,pool,2556.6370415,2580.6371665,2553.701375,2580.2776670000003,25.07291700000019,"[17.73783349999985, 39.40454150000005]",0.9845774113770855,"[0.6958745074562733, 1.5563968765300196]",12,5,60,10000
cpu,vollkorn,2,demo,zoom_out,12,1956,complete_us,final,pool,2556.6561665,2580.6649580000003,2553.72575,2580.3037915,25.07120850000001,"[17.739708500000006, 39.404583]",0.9845028209047202,"[0.6959414770835504, 1.5563836896341776]",12,5,60,10000
cpu,vollkorn,2,font_variations,first_paint,1,263,draw_us,master,current,1050.9375,1075.834,1053.6455,1075.0835000000002,24.521000000000072,"[9.937999999999988, 33.91650000000004]",2.3342136287503035,"[0.969708767878541, 3.261523858756221]",12,5,60,10000
cpu,vollkorn,2,font_variations,first_paint,1,263,submit_us,master,current,1051.1665,1076.209,1053.854,1075.3755,24.604999999999905,"[9.896499999999946, 33.937500000000114]",2.3417367619751106,"[0.965385721304074, 3.262876375384305]",12,5,60,10000
cpu,vollkorn,2,font_variations,first_paint,1,263,complete_us,master,current,1051.1875,1076.209,1053.8745,1075.3755,24.583999999999946,"[9.896499999999946, 33.91649999999993]",2.339687040952465,"[0.965385721304074, 3.260713591554254]",12,5,60,10000
cpu,vollkorn,2,font_variations,first_paint,1,263,draw_us,master,final,1050.9375,1018.562,1053.6455,1021.9165,-31.458000000000084,"[-44.70849999999996, -10.353999999999985]",-2.9757681455385656,"[-4.291170779985137, -0.9896229769217169]",12,5,60,10000
cpu,vollkorn,2,font_variations,first_paint,1,263,submit_us,master,final,1051.1665,1018.7915,1053.854,1022.1255000000001,-31.457500000000095,"[-44.70799999999997, -10.353499999999997]",-2.97500365379626,"[-4.290183323896446, -0.9894692488327916]",12,5,60,10000
cpu,vollkorn,2,font_variations,first_paint,1,263,complete_us,master,final,1051.1875,1018.812,1053.8745,1022.1665,-31.437000000000126,"[-44.72950000000003, -10.353499999999997]",-2.9750611750731624,"[-4.292089077216171, -0.9893848983569153]",12,5,60,10000
cpu,vollkorn,2,font_variations,first_paint,1,263,draw_us,master,pool,1050.9375,1040.3539999999998,1053.6455,1041.562,-7.833499999999958,"[-23.874500000000012, 4.4375]",-0.7442543591024087,"[-2.254072386308276, 0.42544488256026636]",12,5,60,10000
cpu,vollkorn,2,font_variations,first_paint,1,263,submit_us,master,pool,1051.1665,1040.5415,1053.854,1041.729,-7.8120000000001255,"[-23.895500000000084, 4.479499999999916]",-0.7420313778521037,"[-2.255547986618839, 0.42941031442276234]",12,5,60,10000
cpu,vollkorn,2,font_variations,first_paint,1,263,complete_us,master,pool,1051.1875,1040.5415,1053.8745,1041.7495,-7.8125,"[-23.895500000000084, 4.458499999999958]",-0.7420769058169518,"[-2.2555139975883263, 0.427386256351836]",12,5,60,10000
cpu,vollkorn,2,font_variations,first_paint,1,263,draw_us,current,final,1075.834,1018.562,1075.0835000000002,1021.9165,-45.375000000000114,"[-71.72900000000004, -32.272000000000105]",-4.232149924307016,"[-6.654582419674932, -2.9974275503148906]",12,5,60,10000
cpu,vollkorn,2,font_variations,first_paint,1,263,submit_us,current,final,1076.209,1018.7915,1075.3755,1022.1255000000001,-45.41650000000004,"[-71.83349999999996, -32.2715]",-4.234833979188613,"[-6.662200910718068, -2.9967336568696212]",12,5,60,10000
cpu,vollkorn,2,font_variations,first_paint,1,263,complete_us,current,final,1076.209,1018.812,1075.3755,1022.1665,-45.417000000000144,"[-71.81299999999999, -32.22999999999996]",-4.234801216694778,"[-6.660294451821331, -2.9928624346659327]",12,5,60,10000
cpu,vollkorn,2,font_variations,first_paint,1,263,draw_us,current,pool,1075.834,1040.3539999999998,1075.0835000000002,1041.562,-27.937999999999988,"[-44.95749999999998, -20.41700000000003]",-2.6005121763364225,"[-4.133894182819536, -1.915871565724736]",12,5,60,10000
cpu,vollkorn,2,font_variations,first_paint,1,263,submit_us,current,pool,1076.209,1040.5415,1075.3755,1041.729,-27.958499999999958,"[-45.062000000000126, -20.354000000000042]",-2.6019261586048392,"[-4.144005621065039, -1.9095375670697134]",12,5,60,10000
cpu,vollkorn,2,font_variations,first_paint,1,263,complete_us,current,pool,1076.209,1040.5415,1075.3755,1041.7495,-28.000499999999988,"[-45.06200000000001, -20.333500000000072]",-2.6057324483151123,"[-4.140269850197464, -1.907610875340393]",12,5,60,10000
cpu,vollkorn,2,font_variations,first_paint,1,263,draw_us,final,pool,1018.562,1040.3539999999998,1021.9165,1041.562,16.249500000000012,"[-1.4369999999998981, 37.2290000000001]",1.5848811105661387,"[-0.12725544858193105, 3.667608294738156]",12,5,60,10000
cpu,vollkorn,2,font_variations,first_paint,1,263,submit_us,final,pool,1018.7915,1040.5415,1022.1255000000001,1041.729,16.187000000000012,"[-1.4580000000000268, 37.249499999999955]",1.5784358452120673,"[-0.12920007230811104, 3.668876131708243]",12,5,60,10000
cpu,vollkorn,2,font_variations,first_paint,1,263,complete_us,final,pool,1018.812,1040.5415,1022.1665,1041.7495,16.166500000000042,"[-1.478999999999985, 37.228999999999985]",1.5763745273469354,"[-0.13125382258155627, 3.6667567152834812]",12,5,60,10000
cpu,vollkorn,2,font_variations,slant_advance,10,1158,draw_us,master,current,462.11865,481.82075,462.2875,480.73125000000005,15.210199999999986,"[13.831299999999999, 20.08345]",3.2962281159734763,"[3.0225724243833407, 4.345118582959584]",12,5,60,10000
cpu,vollkorn,2,font_variations,slant_advance,10,1158,submit_us,master,current,462.22900000000004,481.91435,462.39995,480.83534999999995,15.189449999999965,"[13.804200000000009, 20.079249999999973]",3.290852259714039,"[3.015878750228962, 4.343211509368839]",12,5,60,10000
cpu,vollkorn,2,font_variations,slant_advance,10,1158,complete_us,master,current,462.252,481.93730000000005,462.42920000000004,480.86245,15.191399999999987,"[13.810400000000016, 20.0625]",3.291157488220564,"[3.017108699122384, 4.3392948223242245]",12,5,60,10000
cpu,vollkorn,2,font_variations,slant_advance,10,1158,draw_us,master,final,462.11865,457.65009999999995,462.2875,457.3708,-5.847850000000022,"[-10.56065000000001, -0.23330000000001405]",-1.254623684589573,"[-2.271961824153512, -0.051110677112170544]",12,5,60,10000
cpu,vollkorn,2,font_variations,slant_advance,10,1158,submit_us,master,final,462.22900000000004,457.77305,462.39995,457.4854,-5.8458499999999844,"[-10.57095000000001, -0.22495000000000687]",-1.2538832355530938,"[-2.27356587870588, -0.049276712050555505]",12,5,60,10000
cpu,vollkorn,2,font_variations,slant_advance,10,1158,complete_us,master,final,462.252,457.798,462.42920000000004,457.50620000000004,-5.8396999999999935,"[-10.573049999999995, -0.2250999999999692]",-1.2525163686859464,"[-2.273934482638401, -0.04930662408292874]",12,5,60,10000
cpu,vollkorn,2,font_variations,slant_advance,10,1158,draw_us,master,pool,462.11865,466.36455,462.2875,466.36455,2.889649999999989,"[-0.6062499999999886, 7.7394999999999925]",0.6324199918379847,"[-0.1306832803839919, 1.6761176635760155]",12,5,60,10000
cpu,vollkorn,2,font_variations,slant_advance,10,1158,submit_us,master,pool,462.22900000000004,466.46875,462.39995,466.46875,2.8814000000000135,"[-0.6270500000000254, 7.7228999999999814]",0.6304669997561185,"[-0.13512225082069063, 1.6720960743096591]",12,5,60,10000
cpu,vollkorn,2,font_variations,slant_advance,10,1158,complete_us,master,pool,462.252,466.4959,462.42920000000004,466.4959,2.8812499999999943,"[-0.625, 7.724899999999991]",0.6304038154432257,"[-0.1346597294896945, 1.6724339370991936]",12,5,60,10000
cpu,vollkorn,2,font_variations,slant_advance,10,1158,draw_us,current,final,481.82075,457.65009999999995,480.73125000000005,457.3708,-24.860300000000024,"[-29.941700000000026, -17.106300000000005]",-5.173956065814938,"[-6.150597924740636, -3.5820090309434613]",12,5,60,10000
cpu,vollkorn,2,font_variations,slant_advance,10,1158,submit_us,current,final,481.91435,457.77305,480.83534999999995,457.4854,-24.8373,"[-29.91470000000001, -17.066599999999994]",-5.16816901241272,"[-6.143891544265312, -3.5730382982847084]",12,5,60,10000
cpu,vollkorn,2,font_variations,slant_advance,10,1158,complete_us,current,final,481.93730000000005,457.798,480.86245,457.50620000000004,-24.839550000000003,"[-29.912599999999998, -17.05619999999999]",-5.168410441089017,"[-6.143200825781447, -3.5720106549724573]",12,5,60,10000
cpu,vollkorn,2,font_variations,slant_advance,10,1158,draw_us,current,pool,481.82075,466.36455,480.73125000000005,466.36455,-13.429200000000009,"[-16.125, -10.500049999999987]",-2.784978812371486,"[-3.356202361173455, -2.1971457286844576]",12,5,60,10000
cpu,vollkorn,2,font_variations,slant_advance,10,1158,submit_us,current,pool,481.91435,466.46875,480.83534999999995,466.46875,-13.42100000000002,"[-16.127049999999997, -10.497800000000012]",-2.782739748933183,"[-3.3559871100723058, -2.197066003166909]",12,5,60,10000
cpu,vollkorn,2,font_variations,slant_advance,10,1158,complete_us,current,pool,481.93730000000005,466.4959,480.86245,466.4959,-13.41255000000001,"[-16.118749999999977, -10.491649999999993]",-2.78086950950025,"[-3.354103849950091, -2.1982814493987535]",12,5,60,10000
cpu,vollkorn,2,font_variations,slant_advance,10,1158,draw_us,final,pool,457.65009999999995,466.36455,457.3708,466.36455,9.604250000000036,"[5.481450000000024, 14.175049999999999]",2.094705497399807,"[1.1942332604747974, 3.143884062262925]",12,5,60,10000
cpu,vollkorn,2,font_variations,slant_advance,10,1158,submit_us,final,pool,457.77305,466.46875,457.4854,466.46875,9.585499999999996,"[5.4646999999999935, 14.162650000000014]",2.0900624836375115,"[1.1902985088545703, 3.1403817948903012]",12,5,60,10000
cpu,vollkorn,2,font_variations,slant_advance,10,1158,complete_us,final,pool,457.798,466.4959,457.50620000000004,466.4959,9.587500000000006,"[5.4585500000000025, 14.170899999999989]",2.0904340891712225,"[1.1888861081440272, 3.1420738500383627]",12,5,60,10000
cpu,vollkorn,2,font_variations,slant_return,10,0,draw_us,master,current,39.2438,38.7521,39.287499999999994,38.77295,-0.09570000000000078,"[-0.7062999999999988, 0.08745000000000047]",-0.2451113191373644,"[-1.8034691354033405, 0.22603456596003157]",12,5,60,10000
cpu,vollkorn,2,font_variations,slant_return,10,0,submit_us,master,current,39.333600000000004,38.83135,39.379099999999994,38.85615,-0.11240000000000094,"[-0.7269999999999968, 0.07079999999999842]",-0.28712657842380196,"[-1.8526711735127932, 0.18291158618530812]",12,5,60,10000
cpu,vollkorn,2,font_variations,slant_return,10,0,complete_us,master,current,39.354299999999995,38.84585,39.3979,38.870850000000004,-0.11234999999999928,"[-0.7270499999999984, 0.06654999999999944]",-0.28688885162899136,"[-1.8511838761162414, 0.17167054699128714]",12,5,60,10000
cpu,vollkorn,2,font_variations,slant_return,10,0,draw_us,master,final,39.2438,38.85835,39.287499999999994,38.947900000000004,-0.24384999999999835,"[-0.7019500000000001, 0.17914999999999637]",-0.6206689805323684,"[-1.8217471949936948, 0.44846121491116664]",12,5,60,10000
cpu,vollkorn,2,font_variations,slant_return,10,0,submit_us,master,final,39.333600000000004,38.93755,39.379099999999994,39.0293,-0.25824999999999676,"[-0.7209000000000003, 0.16054999999999708]",-0.6557945932916032,"[-1.8662896354995295, 0.400933396197245]",12,5,60,10000
cpu,vollkorn,2,font_variations,slant_return,10,0,complete_us,master,final,39.354299999999995,38.95845,39.3979,39.0522,-0.25409999999999755,"[-0.72485, 0.15624999999999645]",-0.6449413252364256,"[-1.8753757583838349, 0.3899631759957667]",12,5,60,10000
cpu,vollkorn,2,font_variations,slant_return,10,0,draw_us,master,pool,39.2438,38.35615,39.287499999999994,38.5082,-0.8000000000000007,"[-1.145900000000001, -0.062300000000000466]",-2.0242468156546014,"[-2.8881457600246687, -0.1517090295594936]",12,5,60,10000
cpu,vollkorn,2,font_variations,slant_return,10,0,submit_us,master,pool,39.333600000000004,38.4352,39.379099999999994,38.59145,-0.8125999999999962,"[-1.158249999999999, -0.08109999999999928]",-2.0511746915742313,"[-2.9130194707002066, -0.20456801308610384]",12,5,60,10000
cpu,vollkorn,2,font_variations,slant_return,10,0,complete_us,master,pool,39.354299999999995,38.451750000000004,39.3979,38.61435,-0.8105499999999992,"[-1.1646000000000036, -0.07275000000000276]",-2.0450920453849832,"[-2.9273106558744266, -0.177784265602976]",12,5,60,10000
cpu,vollkorn,2,font_variations,slant_return,10,0,draw_us,current,final,38.7521,38.85835,38.77295,38.947900000000004,-0.0707000000000022,"[-0.3813000000000031, 0.34795000000000087]",-0.1776044455912451,"[-0.9792401209475998, 0.8885827420269332]",12,5,60,10000
cpu,vollkorn,2,font_variations,slant_return,10,0,submit_us,current,final,38.83135,38.93755,38.85615,39.0293,-0.07489999999999952,"[-0.37904999999999944, 0.34589999999999677]",-0.1879244824913029,"[-0.957068652441545, 0.8817946823594158]",12,5,60,10000
cpu,vollkorn,2,font_variations,slant_return,10,0,complete_us,current,final,38.84585,38.95845,38.870850000000004,39.0522,-0.0747499999999981,"[-0.37915000000000276, 0.3501000000000012]",-0.18740512860812575,"[-0.9566587826076611, 0.892452139506339]",12,5,60,10000
cpu,vollkorn,2,font_variations,slant_return,10,0,draw_us,current,pool,38.7521,38.35615,38.77295,38.5082,-0.5145499999999998,"[-0.7707999999999977, 0.545849999999998]",-1.3043654989593145,"[-1.9831157605521899, 1.4301736032532153]",12,5,60,10000
cpu,vollkorn,2,font_variations,slant_return,10,0,submit_us,current,pool,38.83135,38.4352,38.85615,38.59145,-0.516650000000002,"[-0.7602499999999992, 0.5459500000000013]",-1.3070763624567827,"[-1.9525750867416591, 1.4280886433672646]",12,5,60,10000
cpu,vollkorn,2,font_variations,slant_return,10,0,complete_us,current,pool,38.84585,38.451750000000004,38.870850000000004,38.61435,-0.5104000000000042,"[-0.7642999999999986, 0.5501499999999986]",-1.2906612435912068,"[-1.9617010792901068, 1.4377689843696917]",12,5,60,10000
cpu,vollkorn,2,font_variations,slant_return,10,0,draw_us,final,pool,38.85835,38.35615,38.947900000000004,38.5082,-0.5646500000000003,"[-0.90625, -0.09380000000000166]",-1.4450237484750494,"[-2.290426216761726, -0.24404203161366156]",12,5,60,10000
cpu,vollkorn,2,font_variations,slant_return,10,0,submit_us,final,pool,38.93755,38.4352,39.0293,38.59145,-0.554199999999998,"[-0.8916499999999985, -0.09355000000000047]",-1.4156602759221704,"[-2.2495092235639835, -0.24281004721994348]",12,5,60,10000
cpu,vollkorn,2,font_variations,slant_return,10,0,complete_us,final,pool,38.95845,38.451750000000004,39.0522,38.61435,-0.5564499999999981,"[-0.8915000000000006, -0.08954999999999913]",-1.4204924471643954,"[-2.25697668828258, -0.23242896752583841]",12,5,60,10000
cpu,vollkorn,2,font_variations,warm,30,0,draw_us,master,current,36.8979,36.7757165,36.916700000000006,36.5868,-0.21248299999999887,"[-0.6958829999999985, 0.3159329999999976]",-0.5727858160496813,"[-1.8774167207384118, 0.8591864902590451]",12,5,60,10000
cpu,vollkorn,2,font_variations,warm,30,0,submit_us,master,current,36.965182999999996,36.836766499999996,36.988833,36.642416499999996,-0.22228349999999963,"[-0.7090999999999958, 0.30148300000000106]",-0.5976556663009114,"[-1.909042337392708, 0.81834632574177]",12,5,60,10000
cpu,vollkorn,2,font_variations,warm,30,0,complete_us,master,current,36.990217,36.8611,37.013166999999996,36.669399999999996,-0.22301649999999995,"[-0.7111664999999974, 0.3028334999999984]",-0.5994105191568455,"[-1.9136796915807996, 0.82149235809722]",12,5,60,10000
cpu,vollkorn,2,font_variations,warm,30,0,draw_us,master,final,36.8979,36.7799,36.916700000000006,37.0458165,-0.009016499999997762,"[-0.6111000000000004, 0.29443350000000024]",-0.0184606475107707,"[-1.6726109148625157, 0.7952044591918561]",12,5,60,10000
cpu,vollkorn,2,font_variations,warm,30,0,submit_us,master,final,36.965182999999996,36.8437665,36.988833,37.106899999999996,-0.020166499999998422,"[-0.6144500000000015, 0.28249999999999886]",-0.048335974873747745,"[-1.6786280554444033, 0.7615669736145803]",12,5,60,10000
cpu,vollkorn,2,font_variations,warm,30,0,complete_us,master,final,36.990217,36.868783,37.013166999999996,37.1326165,-0.024966500000001446,"[-0.6180669999999999, 0.2825330000000008]",-0.06125526683644633,"[-1.6873720221839694, 0.7610991535037415]",12,5,60,10000
cpu,vollkorn,2,font_variations,warm,30,0,draw_us,master,pool,36.8979,36.6152165,36.916700000000006,36.58540000000001,-0.17151649999999918,"[-0.6216170000000005, 0.04864999999999853]",-0.4686582909898429,"[-1.6743313282224837, 0.1294062608560742]",12,5,60,10000
cpu,vollkorn,2,font_variations,warm,30,0,submit_us,master,pool,36.965182999999996,36.6729835,36.988833,36.6451665,-0.18331699999999884,"[-0.6389500000000012, 0.029183999999997212]",-0.4999181516329887,"[-1.717431258496438, 0.07692770959538131]",12,5,60,10000
cpu,vollkorn,2,font_variations,warm,30,0,complete_us,master,pool,36.990217,36.699333499999995,37.013166999999996,36.6694835,-0.1819500000000005,"[-0.6340164999999978, 0.029266999999997267]",-0.49594973926251895,"[-1.7032921272352286, 0.07707746417652817]",12,5,60,10000
cpu,vollkorn,2,font_variations,warm,30,0,draw_us,current,final,36.7757165,36.7799,36.5868,37.0458165,0.04721699999999629,"[-0.2660164999999992, 0.663866500000001]",0.12849026453223833,"[-0.7251856853565719, 1.805066167160363]",12,5,60,10000
cpu,vollkorn,2,font_variations,warm,30,0,submit_us,current,final,36.836766499999996,36.8437665,36.642416499999996,37.106899999999996,0.04731699999999961,"[-0.25911649999999753, 0.6643670000000022]",0.12850717421484248,"[-0.705268616380128, 1.8033654487698336]",12,5,60,10000
cpu,vollkorn,2,font_variations,warm,30,0,complete_us,current,final,36.8611,36.868783,36.669399999999996,37.1326165,0.0466495000000009,"[-0.25831650000000295, 0.6631339999999994]",0.1266868592310677,"[-0.7025926129970939, 1.798824612843053]",12,5,60,10000
cpu,vollkorn,2,font_variations,warm,30,0,draw_us,current,pool,36.7757165,36.6152165,36.5868,36.58540000000001,-0.1333665000000046,"[-0.32498300000000313, 0.08953350000000171]",-0.3658843398591405,"[-0.8681636357623534, 0.2450781580365824]",12,5,60,10000
cpu,vollkorn,2,font_variations,warm,30,0,submit_us,current,pool,36.836766499999996,36.6729835,36.642416499999996,36.6451665,-0.13819999999999766,"[-0.32218300000000255, 0.08334999999999937]",-0.37850501249773183,"[-0.8592712154180893, 0.2277417583567476]",12,5,60,10000
cpu,vollkorn,2,font_variations,warm,30,0,complete_us,current,pool,36.8611,36.699333499999995,36.669399999999996,36.6694835,-0.13403299999999874,"[-0.3249335000000002, 0.09375]",-0.3668823744489291,"[-0.8661009778488382, 0.256042667362788]",12,5,60,10000
cpu,vollkorn,2,font_variations,warm,30,0,draw_us,final,pool,36.7799,36.6152165,37.0458165,36.58540000000001,-0.08681650000000118,"[-0.6944669999999995, 0.28064999999999785]",-0.23271744697404562,"[-1.8781903912517883, 0.7560730190968479]",12,5,60,10000
cpu,vollkorn,2,font_variations,warm,30,0,submit_us,final,pool,36.8437665,36.6729835,37.106899999999996,36.6451665,-0.08190000000000452,"[-0.6978664999999964, 0.28133300000000006]",-0.21903106227186275,"[-1.884074801626373, 0.7565782792047449]",12,5,60,10000
cpu,vollkorn,2,font_variations,warm,30,0,complete_us,final,pool,36.868783,36.699333499999995,37.1326165,36.6694835,-0.08674949999999981,"[-0.6930499999999995, 0.2840500000000006]",-0.2319794342761694,"[-1.870107917755831, 0.7634353806076466]",12,5,60,10000
cpu,vollkorn,2,font_variations,weight_advance,6,717,draw_us,master,current,506.43066699999997,522.5244164999999,506.374917,521.5661665,18.177250000000043,"[9.913166500000017, 21.79499949999996]",3.609027733654535,"[1.9491621508778478, 4.298449567971607]",12,5,60,10000
cpu,vollkorn,2,font_variations,weight_advance,6,717,submit_us,master,current,506.590417,522.663333,506.54158299999995,521.7050835,18.13541649999999,"[9.899249999999967, 21.777750000000054]",3.599452349964516,"[1.945862247124952, 4.293784710060999]",12,5,60,10000
cpu,vollkorn,2,font_variations,weight_advance,6,717,complete_us,master,current,506.61116649999997,522.684167,506.5625,521.7189165,18.142333500000007,"[9.892500000000013, 21.781166999999982]",3.600751875799346,"[1.94445870298533, 4.294281892705742]",12,5,60,10000
cpu,vollkorn,2,font_variations,weight_advance,6,717,draw_us,master,final,506.43066699999997,500.63875,506.374917,501.56241650000004,-3.937333499999994,"[-9.670249999999982, -0.08341649999999845]",-0.7797462043614978,"[-1.890520607025431, -0.017194784001905994]",12,5,60,10000
cpu,vollkorn,2,font_variations,weight_advance,6,717,submit_us,master,final,506.590417,500.7916665,506.54158299999995,501.71175,-3.930499999999995,"[-9.687667000000033, -0.07974999999999]",-0.7781457814230286,"[-1.8933171510118585, -0.016486202545812345]",12,5,60,10000
cpu,vollkorn,2,font_variations,weight_advance,6,717,complete_us,master,final,506.61116649999997,500.81600000000003,506.5625,501.7290835,-3.9270830000000103,"[-9.697916499999991, -0.0902499999999975]",-0.7774263213726151,"[-1.8952060205885524, -0.018568256135614858]",12,5,60,10000
cpu,vollkorn,2,font_variations,weight_advance,6,717,draw_us,master,pool,506.43066699999997,512.2915835,506.374917,513.2014999999999,7.215000000000003,"[2.145832999999982, 8.555749499999962]",1.4155365368837547,"[0.42584235563809525, 1.7010270979295194]",12,5,60,10000
cpu,vollkorn,2,font_variations,weight_advance,6,717,submit_us,master,pool,506.590417,512.4305,506.54158299999995,513.3194165,7.218332999999944,"[2.135249999999985, 8.486250000000013]",1.415791700685065,"[0.4236129631133845, 1.6865948712221912]",12,5,60,10000
cpu,vollkorn,2,font_variations,weight_advance,6,717,complete_us,master,pool,506.61116649999997,512.441,506.5625,513.3507500000001,7.211666499999978,"[2.1422500000000184, 8.493166500000001]",1.4144137550589075,"[0.4249895883096211, 1.6878856432805844]",12,5,60,10000
cpu,vollkorn,2,font_variations,weight_advance,6,717,draw_us,current,final,522.5244164999999,500.63875,521.5661665,501.56241650000004,-19.878500000000003,"[-25.70833350000001, -16.242916500000007]",-3.8170587862235648,"[-4.88939836770777, -3.105337161028393]",12,5,60,10000
cpu,vollkorn,2,font_variations,weight_advance,6,717,submit_us,current,final,522.663333,500.7916665,521.7050835,501.71175,-19.840333500000014,"[-25.67349949999999, -16.190750000000065]",-3.808815212404082,"[-4.881446284104363, -3.099379728791829]",12,5,60,10000
cpu,vollkorn,2,font_variations,weight_advance,6,717,complete_us,current,final,522.684167,500.81600000000003,521.7189165,501.7290835,-19.829833000000036,"[-25.670166999999992, -16.194166500000023]",-3.806672913938647,"[-4.880610954178588, -3.0992596144699567]",12,5,60,10000
cpu,vollkorn,2,font_variations,weight_advance,6,717,draw_us,current,pool,522.5244164999999,512.2915835,521.5661665,513.2014999999999,-11.666583500000002,"[-15.385250000000013, -7.795000000000044]",-2.2179365094891823,"[-2.9309933154125, -1.5093761138275041]",12,5,60,10000
cpu,vollkorn,2,font_variations,weight_advance,6,717,submit_us,current,pool,522.663333,512.4305,521.7050835,513.3194165,-11.68741650000004,"[-15.364583500000037, -7.791666499999991]",-2.221315702453791,"[-2.9263452642075363, -1.5083494692983535]",12,5,60,10000
cpu,vollkorn,2,font_variations,weight_advance,6,717,complete_us,current,pool,522.684167,512.441,521.7189165,513.3507500000001,-11.673500499999989,"[-15.371499999999997, -7.791667000000018]",-2.2185734212396833,"[-2.9275344882257635, -1.5082888060575894]",12,5,60,10000
cpu,vollkorn,2,font_variations,weight_advance,6,717,draw_us,final,pool,500.63875,512.2915835,501.56241650000004,513.2014999999999,12.37491700000001,"[4.5105829999999685, 14.604166499999963]",2.460007420577126,"[0.9020110863329878, 2.9397724078249587]",12,5,60,10000
cpu,vollkorn,2,font_variations,weight_advance,6,717,submit_us,final,pool,500.7916665,512.4305,501.71175,513.3194165,12.343749999999943,"[4.513834000000031, 14.572833000000003]",2.4529853933783596,"[0.9023777733239147, 2.9289490675710517]",12,5,60,10000
cpu,vollkorn,2,font_variations,weight_advance,6,717,complete_us,final,pool,500.81600000000003,512.441,501.7290835,513.3507500000001,12.354333500000024,"[4.510333000000003, 14.579916999999995]",2.455004300130159,"[0.9016363635630853, 2.9288127930821473]",12,5,60,10000
cpu,vollkorn,2,font_variations,weight_return,6,0,draw_us,master,current,38.2951665,37.72925,38.3576665,37.781333000000004,-0.4894999999999996,"[-0.9790835000000015, 0.4514169999999993]",-1.2863874709728662,"[-2.5259235714772843, 1.22366468032451]",12,5,60,10000
cpu,vollkorn,2,font_variations,weight_return,6,0,submit_us,master,current,38.381917,37.8090835,38.4443335,37.857583500000004,-0.4962500000000034,"[-0.9926669999999973, 0.4478330000000028]",-1.3015175159338144,"[-2.5557719538882417, 1.2120965721100219]",12,5,60,10000
cpu,vollkorn,2,font_variations,weight_return,6,0,complete_us,master,current,38.3993335,37.8265,38.472333500000005,37.882000000000005,-0.48600000000000065,"[-0.9859170000000006, 0.4444170000000014]",-1.2740443202685914,"[-2.5369713923967083, 1.201169905572852]",12,5,60,10000
cpu,vollkorn,2,font_variations,weight_return,6,0,draw_us,master,final,38.2951665,38.1423335,38.3576665,37.4028335,-0.2047499999999971,"[-1.5731665000000028, 0.27424999999999855]",-0.5433696940150168,"[-4.066581868188113, 0.7188583105556701]",12,5,60,10000
cpu,vollkorn,2,font_variations,weight_return,6,0,submit_us,master,final,38.381917,38.215,38.4443335,37.479333499999996,-0.19791700000000034,"[-1.5831665000000044, 0.26391650000000055]",-0.524396145457956,"[-4.082890263925809, 0.6900443714911497]",12,5,60,10000
cpu,vollkorn,2,font_variations,weight_return,6,0,complete_us,master,final,38.3993335,38.2289165,38.472333500000005,37.489667,-0.1979165000000016,"[-1.5901664999999952, 0.26366649999999936]",-0.5236569676491887,"[-4.098656972380277, 0.6893066057147013]",12,5,60,10000
cpu,vollkorn,2,font_variations,weight_return,6,0,draw_us,master,pool,38.2951665,37.7466665,38.3576665,37.916666500000005,-0.32316649999999925,"[-0.6910000000000025, 0.30891650000000226]",-0.8375515173866588,"[-1.7841325586808565, 0.8165570991119475]",12,5,60,10000
cpu,vollkorn,2,font_variations,weight_return,6,0,submit_us,master,pool,38.381917,37.833333499999995,38.4443335,37.986166499999996,-0.34383350000000235,"[-0.7048334999999994, 0.30916699999999864]",-0.8889625663441647,"[-1.8161817483970888, 0.8154232265428663]",12,5,60,10000
cpu,vollkorn,2,font_variations,weight_return,6,0,complete_us,master,pool,38.3993335,37.8403335,38.472333500000005,38.003583500000005,-0.34741699999999653,"[-0.711916500000001, 0.31258350000000235]",-0.8978033704759969,"[-1.8333194993213509, 0.8243662186418033]",12,5,60,10000
cpu,vollkorn,2,font_variations,weight_return,6,0,draw_us,current,final,37.72925,38.1423335,37.781333000000004,37.4028335,0.24316650000000095,"[-1.4133330000000015, 1.0937504999999987]",0.6741033826624554,"[-3.7107271482665793, 2.894453988341683]",12,5,60,10000
cpu,vollkorn,2,font_variations,weight_return,6,0,submit_us,current,final,37.8090835,38.215,37.857583500000004,37.479333499999996,0.2397500000000008,"[-1.4097500000000025, 1.0903334999999998]",0.6629128291790798,"[-3.6938304056253317, 2.8796420027944136]",12,5,60,10000
cpu,vollkorn,2,font_variations,weight_return,6,0,complete_us,current,final,37.8265,38.2289165,37.882000000000005,37.489667,0.24658349999999984,"[-1.4134164999999967, 1.0833334999999984]",0.66320008586222,"[-3.701437832122106, 2.8592793460108124]",12,5,60,10000
cpu,vollkorn,2,font_variations,weight_return,6,0,draw_us,current,pool,37.72925,37.7466665,37.781333000000004,37.916666500000005,0.2740005000000032,"[-0.4999165000000012, 0.729166499999998]",0.7236722349883262,"[-1.2952211311759998, 1.9556337100352539]",12,5,60,10000
cpu,vollkorn,2,font_variations,weight_return,6,0,submit_us,current,pool,37.8090835,37.833333499999995,37.857583500000004,37.986166499999996,0.2638329999999982,"[-0.5032500000000013, 0.7289169999999991]",0.695447460683507,"[-1.301918861429624, 1.951680560445379]",12,5,60,10000
cpu,vollkorn,2,font_variations,weight_return,6,0,complete_us,current,pool,37.8265,37.8403335,37.882000000000005,38.003583500000005,0.27083350000000195,"[-0.4963329999999999, 0.7255835000000026]",0.7192665250403629,"[-1.2831086778986034, 1.941392345080284]",12,5,60,10000
cpu,vollkorn,2,font_variations,weight_return,6,0,draw_us,final,pool,38.1423335,37.7466665,37.4028335,37.916666500000005,0.48608299999999716,"[-0.9584169999999972, 1.1144169999999995]",1.3082363065784697,"[-2.4623592597994017, 3.0131499660225214]",12,5,60,10000
cpu,vollkorn,2,font_variations,weight_return,6,0,submit_us,final,pool,38.215,37.833333499999995,37.479333499999996,37.986166499999996,0.4864999999999995,"[-0.9617505000000008, 1.1004170000000002]",1.3075285771517398,"[-2.4666042736262996, 2.9683910048207363]",12,5,60,10000
cpu,vollkorn,2,font_variations,weight_return,6,0,complete_us,final,pool,38.2289165,37.8403335,37.489667,38.003583500000005,0.48983300000000085,"[-0.9617499999999986, 1.114333000000002]",1.3150621168573795,"[-2.4652504650923057, 3.0048145472104992]",12,5,60,10000
cpu,vollkorn,2,grid_pollution,hot_first,1,94,draw_us,master,current,1588.6875,1612.6245,1591.0414999999998,1614.7705,28.769999999999982,"[13.979000000000042, 41.45799999999997]",1.821656106271341,"[0.8768949194755793, 2.6221258036007167]",12,5,60,10000
cpu,vollkorn,2,grid_pollution,hot_first,1,94,submit_us,master,current,1588.8125,1612.8745,1591.1875,1614.937,28.85349999999994,"[13.916000000000054, 41.49950000000001]",1.8266199747513423,"[0.8728436960866226, 2.624596409093738]",12,5,60,10000
cpu,vollkorn,2,grid_pollution,hot_first,1,94,complete_us,master,current,1588.833,1612.9165,1591.208,1614.958,28.874000000000024,"[13.91599999999994, 41.54150000000004]",1.8279308907811043,"[0.872830981865802, 2.6272481379078783]",12,5,60,10000
cpu,vollkorn,2,grid_pollution,hot_first,1,94,draw_us,master,final,1588.6875,1497.771,1591.0414999999998,1495.7915,-98.08349999999996,"[-105.54199999999992, -68.5625]",-6.087620809935062,"[-6.6198165240355324, -4.380690244774188]",12,5,60,10000
cpu,vollkorn,2,grid_pollution,hot_first,1,94,submit_us,master,final,1588.8125,1498.042,1591.1875,1496.125,-98.12549999999987,"[-105.52099999999996, -68.52049999999997]",-6.089610489011399,"[-6.6179765176085645, -4.377657121238338]",12,5,60,10000
cpu,vollkorn,2,grid_pollution,hot_first,1,94,complete_us,master,final,1588.833,1498.0835,1591.208,1496.146,-98.10400000000004,"[-105.52050000000008, -68.5]",-6.088205334357394,"[-6.617867635141922, -4.376348645121542]",12,5,60,10000
cpu,vollkorn,2,grid_pollution,hot_first,1,94,draw_us,master,pool,1588.6875,1535.271,1591.0414999999998,1534.0835,-55.87549999999999,"[-64.16650000000004, -34.604499999999916]",-3.508196516998341,"[-4.050857908053429, -2.176541362602463]",12,5,60,10000
cpu,vollkorn,2,grid_pollution,hot_first,1,94,submit_us,master,pool,1588.8125,1535.4585,1591.1875,1534.25,-55.854999999999905,"[-64.12549999999999, -34.5625]",-3.506490467351436,"[-4.047972123394556, -2.1736992943439617]",12,5,60,10000
cpu,vollkorn,2,grid_pollution,hot_first,1,94,complete_us,master,pool,1588.833,1535.5,1591.208,1534.2915,-55.85450000000003,"[-64.12549999999987, -34.5625]",-3.5064133166410216,"[-4.047949148671565, -2.1736992943439617]",12,5,60,10000
cpu,vollkorn,2,grid_pollution,hot_first,1,94,draw_us,current,final,1612.6245,1497.771,1614.7705,1495.7915,-117.99999999999989,"[-132.50049999999987, -109.0625]",-7.31622522776999,"[-8.113389748141593, -6.77454897127765]",12,5,60,10000
cpu,vollkorn,2,grid_pollution,hot_first,1,94,submit_us,current,final,1612.8745,1498.042,1614.937,1496.125,-117.93700000000001,"[-132.45849999999996, -109.0625]",-7.312038248430796,"[-8.107409088498123, -6.774022979440591]",12,5,60,10000
cpu,vollkorn,2,grid_pollution,hot_first,1,94,complete_us,current,final,1612.9165,1498.0835,1614.958,1496.146,-117.93700000000001,"[-132.4375, -109.04100000000005]",-7.311944717093699,"[-8.106024048586065, -6.772591921524256]",12,5,60,10000
cpu,vollkorn,2,grid_pollution,hot_first,1,94,draw_us,current,pool,1612.6245,1535.271,1614.7705,1534.0835,-85.06249999999989,"[-92.60399999999993, -63.333999999999946]",-5.259642810438486,"[-5.671179456881526, -3.9685643254044223]",12,5,60,10000
cpu,vollkorn,2,grid_pollution,hot_first,1,94,submit_us,current,pool,1612.8745,1535.4585,1614.937,1534.25,-85.12450000000001,"[-92.60449999999992, -63.104999999999905]",-5.262554267632563,"[-5.6707561666963615, -3.9539773558855016]",12,5,60,10000
cpu,vollkorn,2,grid_pollution,hot_first,1,94,complete_us,current,pool,1612.9165,1535.5,1614.958,1534.2915,-85.12499999999989,"[-92.60399999999993, -63.104499999999916]",-5.262515362168479,"[-5.670675287466698, -3.9538975031363446]",12,5,60,10000
cpu,vollkorn,2,grid_pollution,hot_first,1,94,draw_us,final,pool,1497.771,1535.271,1495.7915,1534.0835,37.999999999999886,"[27.000499999999988, 60.5625]",2.5404769945180705,"[1.7835689782839337, 4.0655654997613695]",12,5,60,10000
cpu,vollkorn,2,grid_pollution,hot_first,1,94,submit_us,final,pool,1498.042,1535.4585,1496.125,1534.25,37.97899999999993,"[27.0, 60.60400000000004]",2.538534896132527,"[1.7833976978270605, 4.067965023921339]",12,5,60,10000
cpu,vollkorn,2,grid_pollution,hot_first,1,94,complete_us,final,pool,1498.0835,1535.5,1496.146,1534.2915,37.999500000000126,"[26.979000000000042, 60.60400000000004]",2.5398716393301157,"[1.7819558053770113, 4.067905321669462]",12,5,60,10000
cpu,vollkorn,2,grid_pollution,hot_return,1,94,draw_us,master,current,1515.479,1540.4375,1515.25,1530.3335,17.271499999999946,"[9.187000000000126, 30.104499999999916]",1.142318474128201,"[0.597460811682915, 1.9853282543156325]",12,5,60,10000
cpu,vollkorn,2,grid_pollution,hot_return,1,94,submit_us,master,current,1516.0,1540.875,1515.5835,1530.6465,17.45900000000006,"[9.541500000000042, 30.166500000000042]",1.1546042196402873,"[0.6205335264725442, 1.9892237102774546]",12,5,60,10000
cpu,vollkorn,2,grid_pollution,hot_return,1,94,complete_us,master,current,1516.0,1540.896,1515.5835,1530.6875,17.47950000000003,"[9.541500000000042, 30.125]",1.1559605636250025,"[0.620516575876251, 1.9864349930251546]",12,5,60,10000
cpu,vollkorn,2,grid_pollution,hot_return,1,94,draw_us,master,final,1515.479,1498.3335,1515.25,1503.042,-15.666500000000042,"[-24.062000000000012, -2.27049999999997]",-1.0291664319813931,"[-1.5861278466644924, -0.1495986133333349]",12,5,60,10000
cpu,vollkorn,2,grid_pollution,hot_return,1,94,submit_us,master,final,1516.0,1499.021,1515.5835,1503.521,-15.583499999999958,"[-24.020999999999958, -2.083500000000072]",-1.0234364674199692,"[-1.573571020150366, -0.1372964819019884]",12,5,60,10000
cpu,vollkorn,2,grid_pollution,hot_return,1,94,complete_us,master,final,1516.0,1499.063,1515.5835,1503.542,-15.562000000000012,"[-24.041500000000042, -2.10450000000003]",-1.0220094624845022,"[-1.5763106549601613, -0.13869842204844995]",12,5,60,10000
cpu,vollkorn,2,grid_pollution,hot_return,1,94,draw_us,master,pool,1515.479,1509.3335,1515.25,1512.1455,-18.458499999999958,"[-29.249500000000012, 33.91700000000003]",-1.2196557489632665,"[-1.9094674543662427, 2.23730021023254]",12,5,60,10000
cpu,vollkorn,2,grid_pollution,hot_return,1,94,submit_us,master,pool,1516.0,1509.8965,1515.5835,1512.5835000000002,-18.146000000000072,"[-29.08299999999997, 34.0625]",-1.1989081067390273,"[-1.8984444525287136, 2.246335683123446]",12,5,60,10000
cpu,vollkorn,2,grid_pollution,hot_return,1,94,complete_us,master,pool,1516.0,1509.8965,1515.5835,1512.5835000000002,-18.166999999999916,"[-29.08299999999997, 34.10450000000003]",-1.2002686817194907,"[-1.898418463197471, 2.2491069008165554]",12,5,60,10000
cpu,vollkorn,2,grid_pollution,hot_return,1,94,draw_us,current,final,1540.4375,1498.3335,1530.3335,1503.042,-36.70850000000007,"[-53.02049999999997, -20.895500000000084]",-2.39116315106771,"[-3.4211598558376686, -1.3663922022704944]",12,5,60,10000
cpu,vollkorn,2,grid_pollution,hot_return,1,94,submit_us,current,final,1540.875,1499.021,1530.6465,1503.521,-36.41700000000003,"[-53.0625, -20.875000000000114]",-2.3718272238666236,"[-3.422889030786375, -1.364633849958502]",12,5,60,10000
cpu,vollkorn,2,grid_pollution,hot_return,1,94,complete_us,current,final,1540.896,1499.063,1530.6875,1503.542,-36.375,"[-53.08349999999996, -20.874500000000012]",-2.3690890348537663,"[-3.42418949954601, -1.364564358629361]",12,5,60,10000
cpu,vollkorn,2,grid_pollution,hot_return,1,94,draw_us,current,pool,1540.4375,1509.3335,1530.3335,1512.1455,-23.603999999999928,"[-46.83349999999996, -1.6879999999999882]",-1.5502361769668571,"[-3.0351258388680415, -0.11296872562510663]",12,5,60,10000
cpu,vollkorn,2,grid_pollution,hot_return,1,94,submit_us,current,pool,1540.875,1509.8965,1530.6465,1512.5835000000002,-23.85450000000003,"[-46.60400000000004, -1.6460000000000719]",-1.5661572003270063,"[-3.0199644706637274, -0.11010553203759654]",12,5,60,10000
cpu,vollkorn,2,grid_pollution,hot_return,1,94,complete_us,current,pool,1540.896,1509.8965,1530.6875,1512.5835000000002,-23.833499999999958,"[-46.62450000000001, -1.6665000000000418]",-1.5647503868665313,"[-3.0212617515465223, -0.11143126783114132]",12,5,60,10000
cpu,vollkorn,2,grid_pollution,hot_return,1,94,draw_us,final,pool,1498.3335,1509.3335,1503.042,1512.1455,4.124499999999898,"[-12.208499999999958, 40.08400000000006]",0.2739206425492191,"[-0.8015678675201976, 2.7360603178808285]",12,5,60,10000
cpu,vollkorn,2,grid_pollution,hot_return,1,94,submit_us,final,pool,1499.021,1509.8965,1503.521,1512.5835000000002,4.125,"[-12.146000000000072, 40.04300000000012]",0.2739355760743023,"[-0.7973569621560817, 2.732439302837275]",12,5,60,10000
cpu,vollkorn,2,grid_pollution,hot_return,1,94,complete_us,final,pool,1499.063,1509.8965,1503.542,1512.5835000000002,4.125,"[-12.146499999999833, 40.02200000000005]",0.2739355760743023,"[-0.7973676350840564, 2.7309996541042825]",12,5,60,10000
cpu,vollkorn,2,grid_pollution,hot_second,1,94,draw_us,master,current,1448.875,196.02100000000002,1450.2085,196.0,-1255.0835,"[-1267.812, -1242.0215]",-86.57792976855048,"[-86.72559705108452, -86.40607211794048]",12,5,60,10000
cpu,vollkorn,2,grid_pollution,hot_second,1,94,submit_us,master,current,1448.958,196.08350000000002,1450.3125,196.04149999999998,-1255.1459999999997,"[-1267.8335000000002, -1242.0]",-86.57437015927582,"[-86.71920985159662, -86.40130419201319]",12,5,60,10000
cpu,vollkorn,2,grid_pollution,hot_second,1,94,complete_us,master,current,1449.0,196.1255,1450.3335,196.08350000000002,-1255.1464999999998,"[-1267.833, -1242.0]",-86.57313124748077,"[-86.71792656613427, -86.40149818569016]",12,5,60,10000
cpu,vollkorn,2,grid_pollution,hot_second,1,94,draw_us,master,final,1448.875,190.5625,1450.2085,189.2705,-1262.8964999999998,"[-1271.0, -1248.563]",-86.91551380218108,"[-87.00135311314612, -86.71628215911488]",12,5,60,10000
cpu,vollkorn,2,grid_pollution,hot_second,1,94,submit_us,master,final,1448.958,190.625,1450.3125,189.333,-1262.9589999999998,"[-1271.042, -1248.5629999999999]",-86.91077495639004,"[-86.99779003793279, -86.71274664608958]",12,5,60,10000
cpu,vollkorn,2,grid_pollution,hot_second,1,94,complete_us,master,final,1449.0,190.6455,1450.3335,189.375,-1262.9589999999998,"[-1271.0835, -1248.563]",-86.90976938970073,"[-86.99523990714383, -86.71165688294937]",12,5,60,10000
cpu,vollkorn,2,grid_pollution,hot_second,1,94,draw_us,master,pool,1448.875,192.791,1450.2085,192.16649999999998,-1259.667,"[-1268.2705, -1243.7295]",-86.64863983229753,"[-87.01334957709044, -86.48947834974169]",12,5,60,10000
cpu,vollkorn,2,grid_pollution,hot_second,1,94,submit_us,master,pool,1448.958,192.875,1450.3125,192.25,-1259.646,"[-1268.2915, -1243.7505]",-86.64658409992305,"[-87.00996882073886, -86.48452671667974]",12,5,60,10000
cpu,vollkorn,2,grid_pollution,hot_second,1,94,complete_us,master,pool,1449.0,192.8955,1450.3335,192.29149999999998,-1259.6879999999999,"[-1268.2915, -1243.7505]",-86.64395747188337,"[-87.00871157267656, -86.48344346878538]",12,5,60,10000
cpu,vollkorn,2,grid_pollution,hot_second,1,94,draw_us,current,final,196.02100000000002,190.5625,196.0,189.2705,-5.582999999999998,"[-8.396500000000003, -2.146000000000001]",-2.8448560928858893,"[-4.291939975973447, -1.1010470458866828]",12,5,60,10000
cpu,vollkorn,2,grid_pollution,hot_second,1,94,submit_us,current,final,196.08350000000002,190.625,196.04149999999998,189.333,-5.625500000000002,"[-8.4375, -2.1875]",-2.865236099751922,"[-4.300506161193013, -1.1223296091172064]",12,5,60,10000
cpu,vollkorn,2,grid_pollution,hot_second,1,94,complete_us,current,final,196.1255,190.6455,196.08350000000002,189.375,-5.604500000000002,"[-8.395499999999998, -2.1670000000000016]",-2.854381086544988,"[-4.2791040764014685, -1.1118895859797417]",12,5,60,10000
cpu,vollkorn,2,grid_pollution,hot_second,1,94,draw_us,current,pool,196.02100000000002,192.791,196.0,192.16649999999998,-0.4585000000000008,"[-6.729500000000002, 2.041499999999999]",-0.22887515690772076,"[-3.4294751622018724, 1.0334314696897717]",12,5,60,10000
cpu,vollkorn,2,grid_pollution,hot_second,1,94,submit_us,current,pool,196.08350000000002,192.875,196.04149999999998,192.25,-0.4579999999999984,"[-6.709000000000003, 2.019999999999996]",-0.22852466868912846,"[-3.4237658383285074, 1.0223334093919734]",12,5,60,10000
cpu,vollkorn,2,grid_pollution,hot_second,1,94,complete_us,current,pool,196.1255,192.8955,196.08350000000002,192.29149999999998,-0.4585000000000008,"[-6.688000000000002, 2.041499999999999]",-0.22878036823194003,"[-3.4123267844859804, 1.0329974488460625]",12,5,60,10000
cpu,vollkorn,2,grid_pollution,hot_second,1,94,draw_us,final,pool,190.5625,192.791,189.2705,192.16649999999998,3.5420000000000016,"[0.06199999999999761, 7.520499999999998]",1.8107877144042384,"[0.06396509812022777, 4.100597864970757]",12,5,60,10000
cpu,vollkorn,2,grid_pollution,hot_second,1,94,submit_us,final,pool,190.625,192.875,189.333,192.25,3.540999999999997,"[0.0625, 7.541499999999999]",1.8099678521711127,"[0.0640870812421479, 4.110857524621636]",12,5,60,10000
cpu,vollkorn,2,grid_pollution,hot_second,1,94,complete_us,final,pool,190.6455,192.8955,189.375,192.29149999999998,3.541499999999999,"[0.06199999999999761, 7.540999999999997]",1.8100494036634052,"[0.0638125050634597, 4.11022118674148]",12,5,60,10000
cpu,vollkorn,2,grid_pollution,pollution,64,6016,draw_us,master,current,1507.9755315000002,1538.4544375,1509.8710705,1539.95218,34.185296499999936,"[22.162734, 44.32293699999991]",2.243251693636572,"[1.4545930759436776, 2.952109150236071]",12,5,60,10000
cpu,vollkorn,2,grid_pollution,pollution,64,6016,submit_us,master,current,1508.0530315,1538.525711,1509.9638909999999,1540.024789,34.19765650000011,"[22.195718500000112, 44.308992500000045]",2.2439380001070486,"[1.4566802824973801, 2.9510005426932384]",12,5,60,10000
cpu,vollkorn,2,grid_pollution,pollution,64,6016,complete_us,master,current,1508.073242,1538.544242,1509.9821405,1540.0462735,34.19759399999987,"[22.191773500000068, 44.31152350000002]",2.243903606569364,"[1.4563957689288198, 2.951128730948238]",12,5,60,10000
cpu,vollkorn,2,grid_pollution,pollution,64,6016,draw_us,master,final,1507.9755315000002,1494.4134295,1509.8710705,1490.7939295,-11.483687500000087,"[-22.314757999999983, -7.701445499999977]",-0.7650797791671882,"[-1.463733110802351, -0.5162384587611313]",12,5,60,10000
cpu,vollkorn,2,grid_pollution,pollution,64,6016,submit_us,master,final,1508.0530315,1494.497133,1509.9638909999999,1490.8707185,-11.500015999999846,"[-22.33660150000003, -7.7155705000000125]",-0.76612745597191,"[-1.4650714658068442, -0.5171552240974098]",12,5,60,10000
cpu,vollkorn,2,grid_pollution,pollution,64,6016,complete_us,master,final,1508.073242,1494.5169609999998,1509.9821405,1490.888,-11.500312500000064,"[-22.333311999999978, -7.71287499999994]",-0.7661352626488704,"[-1.46484027951439, -0.516967073025576]",12,5,60,10000
cpu,vollkorn,2,grid_pollution,pollution,64,6016,draw_us,master,pool,1507.9755315000002,1522.5192345,1509.8710705,1522.0462579999999,12.002312000000074,"[5.227836000000025, 14.10517149999987]",0.795980978734423,"[0.3447509867580689, 0.940442739257541]",12,5,60,10000
cpu,vollkorn,2,grid_pollution,pollution,64,6016,submit_us,master,pool,1508.0530315,1522.600344,1509.9638909999999,1522.1172190000002,12.007828000000018,"[5.226234500000032, 14.09632050000016]",0.7962783642775473,"[0.34462621367948865, 0.939803221397062]",12,5,60,10000
cpu,vollkorn,2,grid_pollution,pollution,64,6016,complete_us,master,pool,1508.073242,1522.6198669999999,1509.9821405,1522.1354215,12.008484500000009,"[5.221359000000007, 14.091397999999913]",0.7963132788320393,"[0.3443002408650031, 0.9394595032958586]",12,5,60,10000
cpu,vollkorn,2,grid_pollution,pollution,64,6016,draw_us,current,final,1538.4544375,1494.4134295,1539.95218,1490.7939295,-47.73246100000006,"[-54.03941449999991, -32.55958599999997]",-3.1061595050668855,"[-3.513153252523743, -2.108891548498443]",12,5,60,10000
cpu,vollkorn,2,grid_pollution,pollution,64,6016,submit_us,current,final,1538.525711,1494.497133,1540.024789,1490.8707185,-47.746718999999985,"[-54.04308600000002, -32.530960999999934]",-3.106917776461593,"[-3.513217801720081, -2.1069328311792255]",12,5,60,10000
cpu,vollkorn,2,grid_pollution,pollution,64,6016,complete_us,current,final,1538.544242,1494.5169609999998,1540.0462735,1490.888,-47.74507049999988,"[-54.0413984999999, -32.53349250000008]",-3.1067703441787833,"[-3.513056670574377, -2.107067541022223]",12,5,60,10000
cpu,vollkorn,2,grid_pollution,pollution,64,6016,draw_us,current,pool,1538.4544375,1522.5192345,1539.95218,1522.0462579999999,-20.110694999999964,"[-30.800492499999905, -12.507445500000017]",-1.3014279342369928,"[-1.992021307998021, -0.8142512656040934]",12,5,60,10000
cpu,vollkorn,2,grid_pollution,pollution,64,6016,submit_us,current,pool,1538.525711,1522.600344,1540.024789,1522.1172190000002,-20.129554999999982,"[-30.792773500000067, -12.510773500000028]",-1.3025740022573173,"[-1.9914211924487113, -0.8144145057703833]",12,5,60,10000
cpu,vollkorn,2,grid_pollution,pollution,64,6016,complete_us,current,pool,1538.544242,1522.6198669999999,1540.0462735,1522.1354215,-20.131492500000036,"[-30.799585500000035, -12.509812499999953]",-1.3026807822819897,"[-1.9918314293613848, -0.814340518554596]",12,5,60,10000
cpu,vollkorn,2,grid_pollution,pollution,64,6016,draw_us,final,pool,1494.4134295,1522.5192345,1490.7939295,1522.0462579999999,23.768898499999978,"[10.910460999999941, 34.879249999999956]",1.5953575284902266,"[0.7219108247950135, 2.3539442283807555]",12,5,60,10000
cpu,vollkorn,2,grid_pollution,pollution,64,6016,submit_us,final,pool,1494.497133,1522.600344,1490.8707185,1522.1172190000002,23.76042999999993,"[10.869124499999884, 34.88514899999984]",1.5947080247400103,"[0.7191294550762617, 2.3542172944915563]",12,5,60,10000
cpu,vollkorn,2,grid_pollution,pollution,64,6016,complete_us,final,pool,1494.5169609999998,1522.6198669999999,1490.888,1522.1354215,23.761405999999965,"[10.872413500000107, 34.8851095]",1.5947509240202273,"[0.7193378966098174, 2.3541827571087914]",12,5,60,10000
cpu,vollkorn,2,grid_singleton,once,1,94,draw_us,master,current,1595.396,1637.958,1595.8125,1631.292,49.54200000000003,"[34.395999999999844, 56.10400000000004]",3.0925470651749998,"[2.15501567378501, 3.5650781950155697]",12,5,60,10000
cpu,vollkorn,2,grid_singleton,once,1,94,submit_us,master,current,1595.625,1638.104,1596.021,1631.417,49.458000000000084,"[34.416999999999916, 56.0625]",3.086861365873883,"[2.156139388623113, 3.562027464655093]",12,5,60,10000
cpu,vollkorn,2,grid_singleton,once,1,94,complete_us,master,current,1595.625,1638.125,1596.0415,1631.4375,49.458000000000084,"[34.416999999999916, 56.0625]",3.086861365873883,"[2.156108962664982, 3.562027464655093]",12,5,60,10000
cpu,vollkorn,2,grid_singleton,once,1,94,draw_us,master,final,1595.396,1528.1875,1595.8125,1524.1455,-69.79149999999993,"[-83.75, -55.6875]",-4.355223226162231,"[-5.207081719611284, -3.5095999835559164]",12,5,60,10000
cpu,vollkorn,2,grid_singleton,once,1,94,submit_us,master,final,1595.625,1528.354,1596.021,1524.3125,-69.83300000000008,"[-83.74950000000013, -55.66650000000004]",-4.357291020694876,"[-5.2065813156116025, -3.5079839543518956]",12,5,60,10000
cpu,vollkorn,2,grid_singleton,once,1,94,complete_us,master,final,1595.625,1528.354,1596.0415,1524.3335,-69.81200000000013,"[-83.74950000000001, -55.66549999999995]",-4.355975608701579,"[-5.206511816753401, -3.507909742661053]",12,5,60,10000
cpu,vollkorn,2,grid_singleton,once,1,94,draw_us,master,pool,1595.396,1553.0625,1595.8125,1552.646,-35.85400000000004,"[-48.3125, -25.14549999999997]",-2.270210406068396,"[-3.0007014420794675, -1.581510655990892]",12,5,60,10000
cpu,vollkorn,2,grid_singleton,once,1,94,submit_us,master,pool,1595.625,1553.1875,1596.021,1552.771,-35.874500000000126,"[-48.375000000000114, -25.1875]",-2.2700307342856108,"[-3.0042645593690964, -1.5839356074830113]",12,5,60,10000
cpu,vollkorn,2,grid_singleton,once,1,94,complete_us,master,pool,1595.625,1553.2295,1596.0415,1552.8125,-35.87450000000001,"[-48.33350000000007, -25.187000000000012]",-2.269971808134741,"[-3.0016875468840523, -1.5839127691512078]",12,5,60,10000
cpu,vollkorn,2,grid_singleton,once,1,94,draw_us,current,final,1637.958,1528.1875,1631.292,1524.1455,-122.41699999999992,"[-124.4375, -94.99950000000001]",-7.409747995273475,"[-7.603372996410929, -5.89681989210079]",12,5,60,10000
cpu,vollkorn,2,grid_singleton,once,1,94,submit_us,current,final,1638.104,1528.354,1631.417,1524.3125,-122.41650000000004,"[-124.45799999999997, -94.9375]",-7.408976180115018,"[-7.603855862756204, -5.892587189498233]",12,5,60,10000
cpu,vollkorn,2,grid_singleton,once,1,94,complete_us,current,final,1638.125,1528.354,1631.4375,1524.3335,-122.37450000000001,"[-124.5, -94.91650000000004]",-7.408871917863707,"[-7.6037654773216605, -5.891281862271347]",12,5,60,10000
cpu,vollkorn,2,grid_singleton,once,1,94,draw_us,current,pool,1637.958,1553.0625,1631.292,1552.646,-77.9375,"[-87.49999999999989, -64.20799999999997]",-4.81063066111807,"[-5.33921682809575, -3.895293474760991]",12,5,60,10000
cpu,vollkorn,2,grid_singleton,once,1,94,submit_us,current,pool,1638.104,1553.1875,1631.417,1552.771,-77.91650000000004,"[-87.56200000000013, -64.22850000000005]",-4.808968633850085,"[-5.342382902982296, -3.896205113810475]",12,5,60,10000
cpu,vollkorn,2,grid_singleton,once,1,94,complete_us,current,pool,1638.125,1553.2295,1631.4375,1552.8125,-77.91600000000017,"[-87.58300000000008, -64.1875]",-4.808865617687708,"[-5.343608509439996, -3.8936924561790374]",12,5,60,10000
cpu,vollkorn,2,grid_singleton,once,1,94,draw_us,final,pool,1528.1875,1553.0625,1524.1455,1552.646,34.437999999999874,"[17.791999999999916, 44.874500000000126]",2.2577286362545523,"[1.1664106816204556, 2.944079790438925]",12,5,60,10000
cpu,vollkorn,2,grid_singleton,once,1,94,submit_us,final,pool,1528.354,1553.1875,1524.3125,1552.771,34.39599999999996,"[17.75, 44.874500000000126]",2.2547493118124873,"[1.1635309936347649, 2.9438383578268668]",12,5,60,10000
cpu,vollkorn,2,grid_singleton,once,1,94,complete_us,final,pool,1528.354,1553.2295,1524.3335,1552.8125,34.39599999999996,"[17.77049999999997, 44.89549999999997]",2.254696935503575,"[1.1648672030582508, 2.9451691374933087]",12,5,60,10000
cpu,vollkorn,2,grid_two_phases,first,1,94,draw_us,master,current,1534.271,1573.0,1533.9585,1573.9375,39.60400000000004,"[21.47950000000003, 48.62450000000001]",2.5819296549197457,"[1.4027876114557358, 3.1598884799025506]",12,5,60,10000
cpu,vollkorn,2,grid_two_phases,first,1,94,submit_us,master,current,1534.4165,1573.1045,1534.104,1574.0835,39.625,"[21.479000000000042, 48.60400000000004]",2.5830505114775137,"[1.4026564781832174, 3.158201439563957]",12,5,60,10000
cpu,vollkorn,2,grid_two_phases,first,1,94,complete_us,master,current,1534.458,1573.1045,1534.146,1574.0835,39.60450000000003,"[21.458500000000072, 48.625]",2.5816819603917462,"[1.4012820805770043, 3.159578676590391]",12,5,60,10000
cpu,vollkorn,2,grid_two_phases,first,1,94,draw_us,master,final,1534.271,1469.9785,1533.9585,1469.9785,-62.08299999999997,"[-81.7075000000001, -54.22900000000004]",-4.043630057571384,"[-5.320922020020813, -3.5467684159851465]",12,5,60,10000
cpu,vollkorn,2,grid_two_phases,first,1,94,submit_us,master,final,1534.4165,1470.1245,1534.104,1470.1245,-61.9375,"[-81.64499999999998, -54.166999999999916]",-4.033780182343788,"[-5.316567671358479, -3.5423383538918882]",12,5,60,10000
cpu,vollkorn,2,grid_two_phases,first,1,94,complete_us,master,final,1534.458,1470.1455,1534.146,1470.1455,-61.916000000000054,"[-81.66599999999994, -54.14599999999996]",-4.032323363465773,"[-5.31778553154259, -3.54096111686546]",12,5,60,10000
cpu,vollkorn,2,grid_two_phases,first,1,94,draw_us,master,pool,1534.271,1497.25,1533.9585,1497.417,-36.02099999999996,"[-46.416500000000156, -30.041000000000054]",-2.346096538815029,"[-2.9974285064679638, -1.9625255363911298]",12,5,60,10000
cpu,vollkorn,2,grid_two_phases,first,1,94,submit_us,master,pool,1534.4165,1497.375,1534.104,1497.521,-36.02100000000007,"[-46.416000000000054, -30.02049999999997]",-2.3458727853284955,"[-2.9971419740324023, -1.9610556048678784]",12,5,60,10000
cpu,vollkorn,2,grid_two_phases,first,1,94,complete_us,master,pool,1534.458,1497.396,1534.146,1497.5625,-36.02049999999997,"[-46.41650000000004, -30.04099999999994]",-2.3458095918204136,"[-2.9971349934935274, -1.9623387728912645]",12,5,60,10000
cpu,vollkorn,2,grid_two_phases,first,1,94,draw_us,current,final,1573.0,1469.9785,1573.9375,1469.9785,-103.50000000000011,"[-110.14549999999997, -94.77049999999997]",-6.524569938333908,"[-7.036256866808582, -6.021215931428498]",12,5,60,10000
cpu,vollkorn,2,grid_two_phases,first,1,94,submit_us,current,final,1573.1045,1470.1245,1574.0835,1470.1245,-103.52099999999996,"[-110.10400000000004, -94.54199999999992]",-6.525218951677781,"[-7.033104624570823, -6.006135335607176]",12,5,60,10000
cpu,vollkorn,2,grid_two_phases,first,1,94,complete_us,current,final,1573.1045,1470.1455,1574.0835,1470.1455,-103.5,"[-110.10400000000004, -94.52099999999996]",-6.523883073815185,"[-7.033104624570823, -6.004800130443371]",12,5,60,10000
cpu,vollkorn,2,grid_two_phases,first,1,94,draw_us,current,pool,1573.0,1497.25,1573.9375,1497.417,-73.47950000000003,"[-88.79150000000004, -62.66700000000003]",-4.6944156758638504,"[-5.581693398145582, -4.000601936848691]",12,5,60,10000
cpu,vollkorn,2,grid_two_phases,first,1,94,submit_us,current,pool,1573.1045,1497.375,1574.0835,1497.521,-73.47900000000004,"[-88.8125, -62.64599999999996]",-4.694007624265694,"[-5.582496052230168, -3.9989352630118047]",12,5,60,10000
cpu,vollkorn,2,grid_two_phases,first,1,94,complete_us,current,pool,1573.1045,1497.396,1574.0835,1497.5625,-73.45850000000007,"[-88.81299999999999, -62.624999999999886]",-4.692692326973219,"[-5.58245436436215, -3.997600057847989]",12,5,60,10000
cpu,vollkorn,2,grid_two_phases,first,1,94,draw_us,final,pool,1469.9785,1497.25,1469.9785,1497.417,32.47950000000003,"[16.020999999999958, 43.39599999999996]",2.2104155052296015,"[1.0798775992256315, 2.9778003674868825]",12,5,60,10000
cpu,vollkorn,2,grid_two_phases,first,1,94,submit_us,final,pool,1470.1245,1497.375,1470.1245,1497.521,32.50049999999999,"[15.833499999999844, 43.375000000000114]",2.2116576342625316,"[1.0669401616841045, 2.9760581222007754]",12,5,60,10000
cpu,vollkorn,2,grid_two_phases,first,1,94,complete_us,final,pool,1470.1455,1497.396,1470.1455,1497.5625,32.47950000000003,"[15.833499999999958, 43.354999999999905]",2.2101994002254988,"[1.0669181170575803, 2.974605601548219]",12,5,60,10000
cpu,vollkorn,2,grid_two_phases,second,1,94,draw_us,master,current,1444.896,192.95850000000002,1441.9164999999998,193.2705,-1251.0205,"[-1267.521, -1242.1255]",-86.71713465916253,"[-86.89235867549463, -86.44137810929874]",12,5,60,10000
cpu,vollkorn,2,grid_two_phases,second,1,94,submit_us,master,current,1445.042,193.042,1442.0414999999998,193.35399999999998,-1251.0625,"[-1267.5415, -1242.2295]",-86.71238952434831,"[-86.88776911870146, -86.43878249369163]",12,5,60,10000
cpu,vollkorn,2,grid_two_phases,second,1,94,complete_us,master,current,1445.042,193.0625,1442.0414999999998,193.3745,-1251.0625,"[-1267.542, -1242.188]",-86.70994476745369,"[-86.8865005060303, -86.435870874804]",12,5,60,10000
cpu,vollkorn,2,grid_two_phases,second,1,94,draw_us,master,final,1444.896,193.458,1441.9164999999998,191.792,-1249.1664999999998,"[-1270.104, -1243.646]",-86.77093621518603,"[-87.10488603074884, -86.5153513039898]",12,5,60,10000
cpu,vollkorn,2,grid_two_phases,second,1,94,submit_us,master,final,1445.042,193.5205,1442.0414999999998,191.8755,-1249.208,"[-1270.1245, -1243.7505]",-86.76689259502002,"[-87.10148492519247, -86.51071938695074]",12,5,60,10000
cpu,vollkorn,2,grid_two_phases,second,1,94,complete_us,master,final,1445.042,193.541,1442.0414999999998,191.8755,-1249.1875,"[-1270.1245, -1243.7715]",-86.76689259502002,"[-87.1004645744522, -86.50949359190743]",12,5,60,10000
cpu,vollkorn,2,grid_two_phases,second,1,94,draw_us,master,pool,1444.896,192.91649999999998,1441.9164999999998,189.89600000000002,-1248.6655,"[-1272.708, -1241.4165]",-86.85337061010924,"[-87.12194540089197, -86.5057893406427]",12,5,60,10000
cpu,vollkorn,2,grid_two_phases,second,1,94,submit_us,master,pool,1445.042,193.0,1442.0414999999998,190.0,-1248.7075,"[-1272.729, -1241.3335000000002]",-86.8485284990386,"[-87.11545539104239, -86.50029219372297]",12,5,60,10000
cpu,vollkorn,2,grid_two_phases,second,1,94,complete_us,master,pool,1445.042,193.04149999999998,1442.0414999999998,190.0,-1248.7075,"[-1272.729, -1241.375]",-86.84744765778669,"[-87.1141752021671, -86.49886270981548]",12,5,60,10000
cpu,vollkorn,2,grid_two_phases,second,1,94,draw_us,current,final,192.95850000000002,193.458,193.2705,191.792,-2.5829999999999984,"[-6.061999999999998, 3.8329999999999984]",-1.3124204225542557,"[-3.0762353334630674, 1.9888818243560813]",12,5,60,10000
cpu,vollkorn,2,grid_two_phases,second,1,94,submit_us,current,final,193.042,193.5205,193.35399999999998,191.8755,-2.5829999999999984,"[-6.061999999999998, 3.8545000000000016]",-1.3118641768070483,"[-3.0854283105384903, 1.9995328996608275]",12,5,60,10000
cpu,vollkorn,2,grid_two_phases,second,1,94,complete_us,current,final,193.0625,193.541,193.3745,191.8755,-2.582499999999996,"[-6.082999999999998, 3.8545000000000016]",-1.311671846149709,"[-3.0956150731178136, 1.9992105629153878]",12,5,60,10000
cpu,vollkorn,2,grid_two_phases,second,1,94,draw_us,current,pool,192.95850000000002,192.91649999999998,193.2705,189.89600000000002,-1.519999999999996,"[-5.771000000000001, 2.833500000000001]",-0.7919218738617673,"[-2.9853747880704216, 1.4835331714782796]",12,5,60,10000
cpu,vollkorn,2,grid_two_phases,second,1,94,submit_us,current,pool,193.042,193.0,193.35399999999998,190.0,-1.519999999999996,"[-5.75, 2.833500000000001]",-0.7910201192386668,"[-2.973167777707814, 1.4828450798311965]",12,5,60,10000
cpu,vollkorn,2,grid_two_phases,second,1,94,complete_us,current,pool,193.0625,193.04149999999998,193.3745,190.0,-1.519999999999996,"[-5.771000000000001, 2.8545000000000016]",-0.7914660985027966,"[-2.9836759005536004, 1.493816679170179]",12,5,60,10000
cpu,vollkorn,2,grid_two_phases,second,1,94,draw_us,final,pool,193.458,192.91649999999998,191.792,189.89600000000002,0.4789999999999992,"[-6.186999999999998, 3.8119999999999976]",0.25428589718967665,"[-3.2059339113485796, 2.0043743116203383]",12,5,60,10000
cpu,vollkorn,2,grid_two_phases,second,1,94,submit_us,final,pool,193.5205,193.0,191.8755,190.0,0.5409999999999968,"[-6.1875, 3.833500000000001]",0.28747608829997606,"[-3.2047588677018677, 2.014755845145133]",12,5,60,10000
cpu,vollkorn,2,grid_two_phases,second,1,94,complete_us,final,pool,193.541,193.04149999999998,191.8755,190.0,0.4994999999999976,"[-6.166499999999999, 3.853999999999999]",0.2652794426899363,"[-3.193908453577726, 2.025561926069497]",12,5,60,10000
cpu,vollkorn,2,grid_unique_sizes,sweep,32,3008,draw_us,master,current,1483.565078,1513.8177815,1481.2974844999999,1511.2688440000002,30.032671999999934,"[14.744844000000057, 43.70187449999992]",2.0183962063934024,"[0.9799753110658505, 2.971526761892951]",12,5,60,10000
cpu,vollkorn,2,grid_unique_sizes,sweep,32,3008,submit_us,master,current,1483.632797,1513.880875,1481.377578,1511.3435935,30.066453000000024,"[14.742203000000018, 43.69600049999997]",2.020511219429666,"[0.9797437135312004, 2.9706062409183165]",12,5,60,10000
cpu,vollkorn,2,grid_unique_sizes,sweep,32,3008,complete_us,master,current,1483.6497654999998,1513.9036405,1481.3990465,1511.3618434999998,30.067171500000086,"[14.738922000000116, 43.69215650000001]",2.0205337750516916,"[0.9795098015055403, 2.970526190853584]",12,5,60,10000
cpu,vollkorn,2,grid_unique_sizes,sweep,32,3008,draw_us,master,final,1483.565078,1465.2962655000001,1481.2974844999999,1464.4179215,-16.108000500000003,"[-25.97849999999994, -10.62440649999985]",-1.089864153717146,"[-1.7323814328595255, -0.7158505334429743]",12,5,60,10000
cpu,vollkorn,2,grid_unique_sizes,sweep,32,3008,submit_us,master,final,1483.632797,1465.419297,1481.377578,1464.5195625000001,-16.102108999999928,"[-25.99026499999991, -10.604140499999971]",-1.0893923648399528,"[-1.7330377345226966, -0.7144466622035939]",12,5,60,10000
cpu,vollkorn,2,grid_unique_sizes,sweep,32,3008,complete_us,master,final,1483.6497654999998,1465.4420785,1481.3990465,1464.5410315,-16.10604699999999,"[-25.99809349999998, -10.604687499999955]",-1.089642133878932,"[-1.7335332129974124, -0.7144707501600067]",12,5,60,10000
cpu,vollkorn,2,grid_unique_sizes,sweep,32,3008,draw_us,master,pool,1483.565078,1503.5741874999999,1481.2974844999999,1503.5741874999999,20.37242200000003,"[8.77807800000005, 25.718140500000004]",1.3784510013303275,"[0.5894808556840214, 1.748266699830714]",12,5,60,10000
cpu,vollkorn,2,grid_unique_sizes,sweep,32,3008,submit_us,master,pool,1483.632797,1503.651656,1481.377578,1503.651656,20.378343499999914,"[8.791016000000013, 25.71479750000003]",1.378784362207508,"[0.5903217215391665, 1.7479346758877967]",12,5,60,10000
cpu,vollkorn,2,grid_unique_sizes,sweep,32,3008,complete_us,master,pool,1483.6497654999998,1503.671828,1481.3990465,1503.671828,20.376421999999934,"[8.790562500000078, 25.71615650000001]",1.378634404312662,"[0.590281828005812, 1.7480041204612884]",12,5,60,10000
cpu,vollkorn,2,grid_unique_sizes,sweep,32,3008,draw_us,current,final,1513.8177815,1465.2962655000001,1511.2688440000002,1464.4179215,-45.39650000000006,"[-63.11653149999995, -31.295687999999927]",-2.9923111174302184,"[-4.145591016528965, -2.0838299139881666]",12,5,60,10000
cpu,vollkorn,2,grid_unique_sizes,sweep,32,3008,submit_us,current,final,1513.880875,1465.419297,1511.3435935,1464.5195625000001,-45.39392150000003,"[-63.09560899999997, -31.270297000000028]",-2.991952293963951,"[-4.1439860682014995, -2.082042748737617]",12,5,60,10000
cpu,vollkorn,2,grid_unique_sizes,sweep,32,3008,complete_us,current,final,1513.9036405,1465.4420785,1511.3618434999998,1464.5410315,-45.39517150000006,"[-63.097624999999994, -31.274827999999957]",-2.9919912016723837,"[-4.144068796866806, -2.0823073386183055]",12,5,60,10000
cpu,vollkorn,2,grid_unique_sizes,sweep,32,3008,draw_us,current,pool,1513.8177815,1503.5741874999999,1511.2688440000002,1503.5741874999999,-10.841171499999973,"[-12.854874499999937, -4.245328500000028]",-0.7224870784330317,"[-0.8430016069687907, -0.28238698604559076]",12,5,60,10000
cpu,vollkorn,2,grid_unique_sizes,sweep,32,3008,submit_us,current,pool,1513.880875,1503.651656,1511.3435935,1503.651656,-10.815781000000015,"[-12.850250000000074, -4.222609000000034]",-0.7207589268590331,"[-0.8426237030289274, -0.2808609255336658]",12,5,60,10000
cpu,vollkorn,2,grid_unique_sizes,sweep,32,3008,complete_us,current,pool,1513.9036405,1503.671828,1511.3618434999998,1503.671828,-10.822312500000066,"[-12.852234499999895, -4.215984000000049]",-0.7211811882723407,"[-0.8427431183222756, -0.28041729997707043]",12,5,60,10000
cpu,vollkorn,2,grid_unique_sizes,sweep,32,3008,draw_us,final,pool,1465.2962655000001,1503.5741874999999,1464.4179215,1503.5741874999999,35.10228149999989,"[25.67131299999994, 46.229202999999984]",2.3812922553055005,"[1.7460118400836833, 3.1787560023270545]",12,5,60,10000
cpu,vollkorn,2,grid_unique_sizes,sweep,32,3008,submit_us,final,pool,1465.419297,1503.651656,1464.5195625000001,1503.651656,35.09048400000006,"[25.651093999999944, 46.212265499999944]",2.38034205283405,"[1.7445249139763197, 3.177357814507098]",12,5,60,10000
cpu,vollkorn,2,grid_unique_sizes,sweep,32,3008,complete_us,final,pool,1465.4420785,1503.671828,1464.5410315,1503.671828,35.09637500000008,"[25.647874499999944, 46.216187500000046]",2.3807122530972835,"[1.74427931256953, 3.1775871749345486]",12,5,60,10000
cpu,vollkorn,2,grid_unique_variations,sweep,32,3008,draw_us,master,current,247.67776550000002,274.5618125,247.188781,274.47720300000003,26.129531500000013,"[25.09700000000001, 28.26181249999999]",10.522846950901364,"[10.128861088590234, 11.418269437843664]",12,5,60,10000
cpu,vollkorn,2,grid_unique_variations,sweep,32,3008,submit_us,master,current,247.750625,274.630203,247.25975,274.547469,26.121875000000003,"[25.093780999999993, 28.2566245]",10.516683969768646,"[10.124599640603606, 11.41275459390696]",12,5,60,10000
cpu,vollkorn,2,grid_unique_variations,sweep,32,3008,complete_us,master,current,247.7707815,274.6555155,247.2844845,274.56826550000005,26.115983999999997,"[25.08918700000001, 28.254046999999986]",10.513370695281765,"[10.121730356983305, 11.410751960048248]",12,5,60,10000
cpu,vollkorn,2,grid_unique_variations,sweep,32,3008,draw_us,master,final,247.67776550000002,173.9967345,247.188781,174.16210949999999,-74.139297,"[-75.0605935, -71.891281]",-29.99884387027152,"[-30.160422838277732, -29.04861949728191]",12,5,60,10000
cpu,vollkorn,2,grid_unique_variations,sweep,32,3008,submit_us,master,final,247.750625,174.0710315,247.25975,174.2398285,-74.1269535,"[-75.055062, -71.8853125]",-29.990723011616176,"[-30.146523153135853, -29.03666346719894]",12,5,60,10000
cpu,vollkorn,2,grid_unique_variations,sweep,32,3008,complete_us,master,final,247.7707815,174.087359,247.2844845,174.257406,-74.13806299999999,"[-75.060985, -71.88536]",-29.98910828526723,"[-30.148931239308375, -29.03439219998367]",12,5,60,10000
cpu,vollkorn,2,grid_unique_variations,sweep,32,3008,draw_us,master,pool,247.67776550000002,189.6295155,247.188781,189.2773285,-57.68035950000001,"[-59.41017149999999, -55.34450000000001]",-23.421609783075162,"[-23.85816812281837, -22.665155819352414]",12,5,60,10000
cpu,vollkorn,2,grid_unique_variations,sweep,32,3008,submit_us,master,pool,247.750625,189.68807850000002,247.25975,189.346266,-57.69543799999998,"[-59.418593499999986, -55.344281499999994]",-23.417409537623872,"[-23.85451460183983, -22.65750025867674]",12,5,60,10000
cpu,vollkorn,2,grid_unique_variations,sweep,32,3008,complete_us,master,pool,247.7707815,189.7121875,247.2844845,189.3683905,-57.690827999999996,"[-59.421828500000004, -55.35086]",-23.4139838524994,"[-23.85368622180824, -22.65802425037534]",12,5,60,10000
cpu,vollkorn,2,grid_unique_variations,sweep,32,3008,draw_us,current,final,274.5618125,173.9967345,274.47720300000003,174.16210949999999,-99.9400625,"[-101.92060950000003, -98.17443750000001]",-36.52381662978155,"[-36.81696922196817, -35.988970886862475]",12,5,60,10000
cpu,vollkorn,2,grid_unique_variations,sweep,32,3008,submit_us,current,final,274.630203,174.0710315,274.547469,174.2398285,-99.9360775,"[-101.92320250000002, -98.158828]",-36.51140986468348,"[-36.80810154013959, -35.97259123033979]",12,5,60,10000
cpu,vollkorn,2,grid_unique_variations,sweep,32,3008,complete_us,current,final,274.6555155,174.087359,274.56826550000005,174.257406,-99.9347815,"[-101.921797, -98.15629700000001]",-36.510395369399305,"[-36.80536236441055, -35.970837435421345]",12,5,60,10000
cpu,vollkorn,2,grid_unique_variations,sweep,32,3008,draw_us,current,pool,274.5618125,189.6295155,274.47720300000003,189.2773285,-85.35673450000002,"[-87.50193750000001, -81.27676550000002]",-31.0433149198661,"[-31.845581652097835, -30.13348938331919]",12,5,60,10000
cpu,vollkorn,2,grid_unique_variations,sweep,32,3008,submit_us,current,pool,274.630203,189.68807850000002,274.547469,189.346266,-85.36079599999998,"[-87.50515650000003, -81.2800465]",-31.036991144833983,"[-31.839197150383946, -30.127932989711535]",12,5,60,10000
cpu,vollkorn,2,grid_unique_variations,sweep,32,3008,complete_us,current,pool,274.6555155,189.7121875,274.56826550000005,189.3683905,-85.3626565,"[-87.4960465, -81.27749949999999]",-31.035318971601896,"[-31.834712430046647, -30.12473330317342]",12,5,60,10000
cpu,vollkorn,2,grid_unique_variations,sweep,32,3008,draw_us,final,pool,173.9967345,189.6295155,174.16210949999999,189.2773285,15.526687500000008,"[13.4570315, 16.5064845]",8.925274404800941,"[7.637003881282611, 9.573575999806682]",12,5,60,10000
cpu,vollkorn,2,grid_unique_variations,sweep,32,3008,submit_us,final,pool,174.0710315,189.68807850000002,174.2398285,189.346266,15.524625,"[13.4328905, 16.507359500000007]",8.92030862849662,"[7.619429413808976, 9.558119897163975]",12,5,60,10000
cpu,vollkorn,2,grid_unique_variations,sweep,32,3008,complete_us,final,pool,174.087359,189.7121875,174.257406,189.3683905,15.518687499999999,"[13.436938000000012, 16.50204699999999]",8.915765295809365,"[7.620914078243857, 9.557912085266663]",12,5,60,10000
cpu,vollkorn,2,text,first_paint,1,1278,draw_us,master,current,27107.9795,20832.0,27086.7295,20841.374499999998,-6316.2505,"[-6440.9580000000005, -6037.354500000001]",-23.381814620314856,"[-23.594639643562076, -22.311290713723757]",12,5,60,10000
cpu,vollkorn,2,text,first_paint,1,1278,submit_us,master,current,27111.271,20835.8535,27089.750500000002,20844.311999999998,-6315.3544999999995,"[-6441.020999999999, -6037.5625]",-23.376209341998035,"[-23.592723136595012, -22.309244805312524]",12,5,60,10000
cpu,vollkorn,2,text,first_paint,1,1278,complete_us,master,current,27111.271,20835.8535,27089.750500000002,20844.333,-6315.333499999999,"[-6441.0625, -6037.583500000001]",-23.376113969738007,"[-23.592840974693086, -22.309305229346734]",12,5,60,10000
cpu,vollkorn,2,text,first_paint,1,1278,draw_us,master,final,27107.9795,20673.0625,27086.7295,20603.2705,-6492.479000000001,"[-6552.1875, -6261.896000000001]",-23.99331511130343,"[-24.165795578600235, -23.050013822295398]",12,5,60,10000
cpu,vollkorn,2,text,first_paint,1,1278,submit_us,master,final,27111.271,20675.811999999998,27089.750500000002,20606.3955,-6492.854000000001,"[-6551.8125, -6261.978999999999]",-23.991675141503006,"[-24.164204859714843, -23.048024841570108]",12,5,60,10000
cpu,vollkorn,2,text,first_paint,1,1278,complete_us,master,final,27111.271,20675.833,27089.750500000002,20606.3955,-6492.854500000001,"[-6551.833500000001, -6262.0205000000005]",-23.99165831979957,"[-24.164204859714843, -23.048142375242705]",12,5,60,10000
cpu,vollkorn,2,text,first_paint,1,1278,draw_us,master,pool,27107.9795,28133.146,27086.7295,28111.458,992.9169999999995,"[900.9585000000006, 1105.1034999999974]",3.6512236306519674,"[3.3234266446093397, 4.126880134957666]",12,5,60,10000
cpu,vollkorn,2,text,first_paint,1,1278,submit_us,master,pool,27111.271,28136.0835,27089.750500000002,28114.5625,992.9585000000006,"[900.4795000000013, 1105.5415000000012]",3.6509267191795147,"[3.3212842771183526, 4.128110780599603]",12,5,60,10000
cpu,vollkorn,2,text,first_paint,1,1278,complete_us,master,pool,27111.271,28136.1045,27089.750500000002,28114.604,992.9580000000005,"[900.5, 1105.563000000002]",3.650922477379992,"[3.321357674552561, 4.128188478047711]",12,5,60,10000
cpu,vollkorn,2,text,first_paint,1,1278,draw_us,current,final,20832.0,20673.0625,20841.374499999998,20603.2705,-170.5,"[-332.35399999999936, 58.85449999999946]",-0.8226084501757325,"[-1.578764773500102, 0.28619271001780744]",12,5,60,10000
cpu,vollkorn,2,text,first_paint,1,1278,submit_us,current,final,20835.8535,20675.811999999998,20844.311999999998,20606.3955,-170.33349999999882,"[-332.9170000000013, 57.7505000000001]",-0.8216866456667749,"[-1.581164291306475, 0.280773567681325]",12,5,60,10000
cpu,vollkorn,2,text,first_paint,1,1278,complete_us,current,final,20835.8535,20675.833,20844.333,20606.3955,-170.29149999999936,"[-332.89600000000064, 57.72999999999956]",-0.8214840370967202,"[-1.5810644863633538, 0.2806743008966217]",12,5,60,10000
cpu,vollkorn,2,text,first_paint,1,1278,draw_us,current,pool,20832.0,28133.146,20841.374499999998,28111.458,7289.583500000001,"[7102.0, 7436.479499999998]",35.172688977357595,"[33.78643834804937, 35.79954399876658]",12,5,60,10000
cpu,vollkorn,2,text,first_paint,1,1278,submit_us,current,pool,20835.8535,28136.0835,20844.311999999998,28114.5625,7288.729500000001,"[7101.8955000000005, 7435.958499999999]",35.162591847257644,"[33.78448820422852, 35.791582744366195]",12,5,60,10000
cpu,vollkorn,2,text,first_paint,1,1278,complete_us,current,pool,20835.8535,28136.1045,20844.333,28114.604,7288.75,"[7101.937, 7435.959000000001]",35.16265494670977,"[33.78468966075112, 35.791513672234004]",12,5,60,10000
cpu,vollkorn,2,text,first_paint,1,1278,draw_us,final,pool,20673.0625,28133.146,20603.2705,28111.458,7450.874500000002,"[7313.438, 7499.2495]",36.00239490855358,"[35.10738318318815, 36.48274335224849]",12,5,60,10000
cpu,vollkorn,2,text,first_paint,1,1278,submit_us,final,pool,20675.811999999998,28136.0835,20606.3955,28114.5625,7451.1875,"[7313.229000000001, 7500.0830000000005]",35.99958708147465,"[35.10189038625691, 36.48078858702702]",12,5,60,10000
cpu,vollkorn,2,text,first_paint,1,1278,complete_us,final,pool,20675.833,28136.1045,20606.3955,28114.604,7451.187,"[7313.229000000001, 7500.1245]",35.99951162776465,"[35.10189038625691, 36.48089068406617]",12,5,60,10000
cpu,vollkorn,2,text,reflow,3,0,draw_us,master,current,2852.4165000000003,2860.0696665,2848.7013335,2859.9788335000003,11.333333000000039,"[-6.041666999999961, 33.02066650000006]",0.3990870785743006,"[-0.21142657112891428, 1.1523079859954155]",12,5,60,10000
cpu,vollkorn,2,text,reflow,3,0,submit_us,master,current,2852.868,2860.5420000000004,2849.1530000000002,2860.4235,11.264000500000066,"[-6.014167000000043, 33.02083300000004]",0.3965767917997409,"[-0.21043005071789134, 1.1521227584166516]",12,5,60,10000
cpu,vollkorn,2,text,reflow,3,0,complete_us,master,current,2852.882,2860.5626665,2849.16,2860.4375,11.271000500000127,"[-6.014167000000043, 33.03466649999996]",0.3968208395193962,"[-0.21042938203798545, 1.1526001556718901]",12,5,60,10000
cpu,vollkorn,2,text,reflow,3,0,draw_us,master,final,2852.4165000000003,2846.9583334999998,2848.7013335,2844.8123335,-5.333499999999731,"[-16.25, 16.631833500000084]",-0.18711942817186134,"[-0.5724828758871814, 0.5778711489936472]",12,5,60,10000
cpu,vollkorn,2,text,reflow,3,0,submit_us,master,final,2852.868,2847.402833,2849.1530000000002,2845.2706664999996,-5.430666000000201,"[-16.187333500000022, 16.757166499999812]",-0.1904863585047878,"[-0.5701663048337358, 0.5821005339786578]",12,5,60,10000
cpu,vollkorn,2,text,reflow,3,0,complete_us,master,final,2852.882,2847.4236665,2849.16,2845.2985,-5.451499499999954,"[-16.180333000000246, 16.743333500000062]",-0.19121675194836985,"[-0.5699185022867925, 0.5816196485673442]",12,5,60,10000
cpu,vollkorn,2,text,reflow,3,0,draw_us,master,pool,2852.4165000000003,2880.424,2848.7013335,2868.993,15.014166999999816,"[-14.201166499999772, 58.166833]",0.5232847531489004,"[-0.49830300008013584, 2.0415318563357765]",12,5,60,10000
cpu,vollkorn,2,text,reflow,3,0,submit_us,master,pool,2852.868,2880.8751665,2849.1530000000002,2869.4651665,14.944666500000267,"[-14.31233300000008, 58.18049999999994]",0.5207575784285878,"[-0.5021014935097656, 2.041685206933519]",12,5,60,10000
cpu,vollkorn,2,text,reflow,3,0,complete_us,master,pool,2852.882,2880.8891665,2849.16,2869.5001665,14.958500000000186,"[-14.312499999999773, 58.20116649999977]",0.5212412473697969,"[-0.5021017178251597, 2.042404384390406]",12,5,60,10000
cpu,vollkorn,2,text,reflow,3,0,draw_us,current,final,2860.0696665,2846.9583334999998,2859.9788335000003,2844.8123335,-6.96550000000002,"[-39.85416650000002, 19.60433349999994]",-0.24475702837057356,"[-1.3773046361822028, 0.6922135327418255]",12,5,60,10000
cpu,vollkorn,2,text,reflow,3,0,submit_us,current,final,2860.5420000000004,2847.402833,2860.4235,2845.2706664999996,-7.007500000000164,"[-39.78499950000014, 19.541666499999792]",-0.24619054480064517,"[-1.3747265870345748, 0.6898262576300218]",12,5,60,10000
cpu,vollkorn,2,text,reflow,3,0,complete_us,current,final,2860.5626665,2847.4236665,2860.4375,2845.2985,-7.014333500000248,"[-39.78500000000008, 19.555499999999938]",-0.2464288598214459,"[-1.3747117574771484, 0.6903152283041059]",12,5,60,10000
cpu,vollkorn,2,text,reflow,3,0,draw_us,current,pool,2860.0696665,2880.424,2859.9788335000003,2868.993,5.458333499999753,"[-21.37466600000016, 36.437666500000205]",0.19497211428562977,"[-0.7385098144947477, 1.268416452933352]",12,5,60,10000
cpu,vollkorn,2,text,reflow,3,0,submit_us,current,pool,2860.5420000000004,2880.8751665,2860.4235,2869.4651665,5.367833000000019,"[-21.416333499999837, 36.41666699999996]",0.19170056655625212,"[-0.7398364734013452, 1.2674602519147204]",12,5,60,10000
cpu,vollkorn,2,text,reflow,3,0,complete_us,current,pool,2860.5626665,2880.8891665,2860.4375,2869.5001665,5.381833000000142,"[-21.430333499999733, 36.45133349999992]",0.19219492376224,"[-0.7403085352565564, 1.268666809556962]",12,5,60,10000
cpu,vollkorn,2,text,reflow,3,0,draw_us,final,pool,2846.9583334999998,2880.424,2844.8123335,2868.993,6.902833999999984,"[-24.1875, 68.61166600000001]",0.24401786865371755,"[-0.8280632561311008, 2.4200761359859824]",12,5,60,10000
cpu,vollkorn,2,text,reflow,3,0,submit_us,final,pool,2847.402833,2880.8751665,2845.2706664999996,2869.4651665,7.0763335000003735,"[-24.222500000000082, 68.68116650000002]",0.2501003241047739,"[-0.8291035149123827, 2.422147661236984]",12,5,60,10000
cpu,vollkorn,2,text,reflow,3,0,complete_us,final,pool,2847.4236665,2880.8891665,2845.2985,2869.5001665,7.090333000000328,"[-24.201667000000043, 68.67416649999973]",0.250589246641425,"[-0.8283954844603314, 2.4218845330869376]",12,5,60,10000
cpu,vollkorn,2,text,size_advance,12,5319,draw_us,master,current,11367.3019585,7753.420125000001,11375.67525,7759.649125,-3616.2554165,"[-3643.8091665, -3584.0592919999995]",-31.834346315599205,"[-32.07513011447449, -31.566119633008398]",12,5,60,10000
cpu,vollkorn,2,text,size_advance,12,5319,submit_us,master,current,11368.376625,7754.3073335,11376.4443335,7760.31225,-3616.3421250000006,"[-3643.8353335000006, -3584.1705]",-31.832974802096626,"[-32.073133488638774, -31.564825253017993]",12,5,60,10000
cpu,vollkorn,2,text,size_advance,12,5319,complete_us,master,current,11368.402750000001,7754.326333499999,11376.472125,7760.3314585,-3616.3384995,"[-3643.828125, -3584.1668749999994]",-31.832858404214058,"[-32.07303781037051, -31.564744943888694]",12,5,60,10000
cpu,vollkorn,2,text,size_advance,12,5319,draw_us,master,final,11367.3019585,7740.236042,11375.67525,7733.401125,-3591.1077079999995,"[-3717.3020415, -3521.8924585]",-31.766782048269537,"[-32.50882488499287, -31.07506342394082]",12,5,60,10000
cpu,vollkorn,2,text,size_advance,12,5319,submit_us,master,final,11368.376625,7740.9599585,11376.4443335,7734.0574585,-3591.2085,"[-3717.4165420000004, -3521.8697915]",-31.765621503938533,"[-32.50775979517587, -31.073252554305896]",12,5,60,10000
cpu,vollkorn,2,text,size_advance,12,5319,complete_us,master,final,11368.402750000001,7740.982583,11376.472125,7734.0782085,-3591.2100834999997,"[-3717.4184164999997, -3521.8697089999996]",-31.765586954496904,"[-32.507621601614446, -31.07323692494152]",12,5,60,10000
cpu,vollkorn,2,text,size_advance,12,5319,draw_us,master,pool,11367.3019585,8387.039958,11375.67525,8390.216958,-2983.562583499999,"[-3052.7777085000007, -2941.921791999999]",-26.286163196921045,"[-26.729738747854114, -25.80216481628215]",12,5,60,10000
cpu,vollkorn,2,text,size_advance,12,5319,submit_us,master,pool,11368.376625,8387.895958000001,11376.4443335,8390.986125,-2983.611041500001,"[-3052.9217500000004, -2941.861]",-26.284544558118704,"[-26.72891304907607, -25.7995111484052]",12,5,60,10000
cpu,vollkorn,2,text,size_advance,12,5319,complete_us,master,pool,11368.402750000001,8387.913375,11376.472125,8391.007041500001,-2983.6057915,"[-3052.928833, -2941.8611254999996]",-26.284495331566077,"[-26.728827376782412, -25.799456934709035]",12,5,60,10000
cpu,vollkorn,2,text,size_advance,12,5319,draw_us,current,final,7753.420125000001,7740.236042,7759.649125,7733.401125,4.149209000000155,"[-80.30895850000024, 46.38549950000015]",0.05372530011140686,"[-1.0311876846442913, 0.6032986936566065]",12,5,60,10000
cpu,vollkorn,2,text,size_advance,12,5319,submit_us,current,final,7754.3073335,7740.9599585,7760.31225,7734.0574585,4.10254199999963,"[-80.3298749999999, 46.22758350000004]",0.05311700581352996,"[-1.0313704335202012, 0.6012039373568423]",12,5,60,10000
cpu,vollkorn,2,text,size_advance,12,5319,complete_us,current,final,7754.326333499999,7740.982583,7760.3314585,7734.0782085,4.097208000000137,"[-80.32116650000034, 46.22404150000011]",0.05304769135030529,"[-1.0312560398433646, 0.6011558152769658]",12,5,60,10000
cpu,vollkorn,2,text,size_advance,12,5319,draw_us,current,pool,7753.420125000001,8387.039958,7759.649125,8390.216958,616.2448749999994,"[554.1874994999994, 670.1633745000008]",7.944256352211765,"[7.107494791940338, 8.667496884899784]",12,5,60,10000
cpu,vollkorn,2,text,size_advance,12,5319,submit_us,current,pool,7754.3073335,8387.895958000001,7760.31225,8390.986125,616.2309585000003,"[554.1893334999995, 670.1650835]",7.9432630089384055,"[7.106897803570533, 8.666745422211896]",12,5,60,10000
cpu,vollkorn,2,text,size_advance,12,5319,complete_us,current,pool,7754.326333499999,8387.913375,7760.3314585,8391.007041500001,616.2275,"[554.1927915000001, 670.165]",7.9431912479639095,"[7.106929249074478, 8.666715202314755]",12,5,60,10000
cpu,vollkorn,2,text,size_advance,12,5319,draw_us,final,pool,7740.236042,8387.039958,7733.401125,8390.216958,653.4340829999996,"[540.5052915000006, 680.5607084999997]",8.455519554965251,"[6.926925893439462, 8.865981165664383]",12,5,60,10000
cpu,vollkorn,2,text,size_advance,12,5319,submit_us,final,pool,7740.9599585,8387.895958000001,7734.0574585,8390.986125,653.404458,"[540.3472499999998, 680.7292500000003]",8.454299769283269,"[6.924202071843133, 8.866756678343679]",12,5,60,10000
cpu,vollkorn,2,text,size_advance,12,5319,complete_us,final,pool,7740.982583,8387.913375,7734.0782085,8391.007041500001,653.3994165000004,"[540.3470419999999, 680.7327915000001]",8.454206047354717,"[6.924178501337586, 8.866781757055243]",12,5,60,10000
cpu,vollkorn,2,text,size_return,12,0,draw_us,master,current,267.0589585,265.4739585,267.1458335,265.519208,-1.5017505000000142,"[-4.711749499999996, 1.0452494999999828]",-0.565387700862563,"[-1.7508319785477344, 0.39095994005198254]",12,5,60,10000
cpu,vollkorn,2,text,size_return,12,0,submit_us,master,current,267.4582915,265.864625,267.54679150000004,265.91166699999997,-1.513833500000004,"[-4.724042000000026, 1.0297919999999863]",-0.5690877736407474,"[-1.7526742991526234, 0.3845613155483152]",12,5,60,10000
cpu,vollkorn,2,text,size_return,12,0,complete_us,master,current,267.47558300000003,265.888958,267.56595849999997,265.9325,-1.5207915000000014,"[-4.71875, 1.033208000000002]",-0.57164922692719,"[-1.7505881170392035, 0.3858036196701775]",12,5,60,10000
cpu,vollkorn,2,text,size_return,12,0,draw_us,master,final,267.0589585,266.244875,267.1458335,265.8055415,-1.6317914999999914,"[-5.387000000000029, 0.9773750000000234]",-0.6135254369527721,"[-1.9760121425563493, 0.3641182402349785]",12,5,60,10000
cpu,vollkorn,2,text,size_return,12,0,submit_us,master,final,267.4582915,266.6319165,267.54679150000004,266.185792,-1.6509169999999926,"[-5.404291499999999, 0.9724995000000263]",-0.6198037419183233,"[-1.9793852208722207, 0.36173594887448646]",12,5,60,10000
cpu,vollkorn,2,text,size_return,12,0,complete_us,master,final,267.47558300000003,266.651,267.56595849999997,266.20837500000005,-1.6631255000000067,"[-5.39908299999999, 0.9722500000000025]",-0.6243154311763421,"[-1.97734295952815, 0.3616116643620937]",12,5,60,10000
cpu,vollkorn,2,text,size_return,12,0,draw_us,master,pool,267.0589585,268.2012915,267.1458335,267.312375,-0.611166499999996,"[-3.071083499999986, 5.496750500000019]",-0.23053308039588938,"[-1.135908657943363, 2.0585659808855628]",12,5,60,10000
cpu,vollkorn,2,text,size_return,12,0,submit_us,master,pool,267.4582915,268.58325,267.54679150000004,267.684083,-0.6336670000000026,"[-3.093583499999994, 5.505374500000016]",-0.23868537082645802,"[-1.142457692296589, 2.0586356902579372]",12,5,60,10000
cpu,vollkorn,2,text,size_return,12,0,complete_us,master,pool,267.47558300000003,268.6110835,267.56595849999997,267.7100835,-0.6336670000000026,"[-3.0969994999999813, 5.507125000000002]",-0.238665198605037,"[-1.1436344467710524, 2.059127375292835]",12,5,60,10000
cpu,vollkorn,2,text,size_return,12,0,draw_us,current,final,265.4739585,266.244875,265.519208,265.8055415,1.2795840000000283,"[-4.394083499999994, 3.6840415000000064]",0.48331129829818353,"[-1.6389223122559526, 1.3969782324175672]",12,5,60,10000
cpu,vollkorn,2,text,size_return,12,0,submit_us,current,final,265.864625,266.6319165,265.91166699999997,266.185792,1.2762080000000253,"[-4.418457999999987, 3.6825830000000224]",0.48133574380556654,"[-1.645598660183445, 1.3941448185171956]",12,5,60,10000
cpu,vollkorn,2,text,size_return,12,0,complete_us,current,final,265.888958,266.651,265.9325,266.20837500000005,1.2795409999999947,"[-4.420125000000013, 3.6772080000000074]",0.4825620578256862,"[-1.6460487352915276, 1.3919580126635744]",12,5,60,10000
cpu,vollkorn,2,text,size_return,12,0,draw_us,current,pool,265.4739585,268.2012915,265.519208,267.312375,2.387209000000041,"[-1.762166499999978, 7.090333000000015]",0.8996056933567198,"[-0.6608839507361797, 2.691690169415506]",12,5,60,10000
cpu,vollkorn,2,text,size_return,12,0,submit_us,current,pool,265.864625,268.58325,265.91166699999997,267.684083,2.4184580000000153,"[-1.753499999999974, 7.097208499999994]",0.910075503037644,"[-0.656676132169709, 2.6902364952729463]",12,5,60,10000
cpu,vollkorn,2,text,size_return,12,0,complete_us,current,pool,265.888958,268.6110835,265.9325,267.7100835,2.4200830000000053,"[-1.7620829999999614, 7.097208499999994]",0.9106135574283747,"[-0.6598429944426554, 2.6900214639476006]",12,5,60,10000
cpu,vollkorn,2,text,size_return,12,0,draw_us,final,pool,266.244875,268.2012915,265.8055415,267.312375,1.0155835000000195,"[-0.38900000000001, 5.196124999999995]",0.3797335371472865,"[-0.14550117697641474, 1.9365873425620461]",12,5,60,10000
cpu,vollkorn,2,text,size_return,12,0,submit_us,final,pool,266.6319165,268.58325,266.185792,267.684083,1.0260410000000206,"[-0.3960415000000239, 5.194457999999997]",0.38306942582951864,"[-0.14801959600930226, 1.9330531289608155]",12,5,60,10000
cpu,vollkorn,2,text,size_return,12,0,complete_us,final,pool,266.651,268.6110835,266.20837500000005,267.7100835,1.0277915000000064,"[-0.39241649999999595, 5.206582999999995]",0.38369413285045395,"[-0.1466443987317323, 1.9374244801005136]",12,5,60,10000
cpu,vollkorn,2,text,warm,30,0,draw_us,master,current,249.3666,247.25065,248.46526649999998,247.031883,-2.256266999999994,"[-3.2125665000000083, 0.4812000000000012]",-0.9053000431836211,"[-1.2973096546598673, 0.19203153918925242]",12,5,60,10000
cpu,vollkorn,2,text,warm,30,0,submit_us,master,current,249.674933,247.563183,248.7707835,247.33339999999998,-2.2639330000000086,"[-3.250100500000002, 0.46601650000000916]",-0.9072820340505217,"[-1.3107276656124545, 0.18569108012876923]",12,5,60,10000
cpu,vollkorn,2,text,warm,30,0,complete_us,master,current,249.6944,247.5819665,248.7895165,247.35348349999998,-2.2792835000000053,"[-3.2479165000000165, 0.46183349999999734]",-0.9133362664832056,"[-1.309764249643225, 0.18399673113496662]",12,5,60,10000
cpu,vollkorn,2,text,warm,30,0,draw_us,master,final,249.3666,250.2208835,248.46526649999998,249.60425,0.5117500000000064,"[-0.615966499999999, 3.8264500000000226]",0.20436511488264308,"[-0.24819230786595758, 1.5425602174031439]",12,5,60,10000
cpu,vollkorn,2,text,warm,30,0,submit_us,master,final,249.674933,250.51185,248.7707835,249.9007665,0.5013330000000025,"[-0.4868330000000043, 3.8098665000000125]",0.19991876797114116,"[-0.19593901806798097, 1.5338385221033146]",12,5,60,10000
cpu,vollkorn,2,text,warm,30,0,complete_us,master,final,249.6944,250.52915000000002,248.7895165,249.91875,0.4937335000000047,"[-0.4909669999999977, 3.8069500000000005]",0.1968523289859414,"[-0.19757570010047187, 1.5325273130687878]",12,5,60,10000
cpu,vollkorn,2,text,warm,30,0,draw_us,master,pool,249.3666,253.22848349999998,248.46526649999998,252.88958350000001,3.868017000000009,"[1.4006504999999976, 6.459683499999997]",1.5515083859868772,"[0.5608306548301356, 2.58606977027257]",12,5,60,10000
cpu,vollkorn,2,text,warm,30,0,submit_us,master,pool,249.674933,253.5527165,248.7707835,253.18535,3.8681669999999997,"[1.397799500000005, 6.461116500000003]",1.5496711234484817,"[0.5590089144372978, 2.5834317087534586]",12,5,60,10000
cpu,vollkorn,2,text,warm,30,0,complete_us,master,pool,249.6944,253.5736165,248.7895165,253.205517,3.8633660000000134,"[1.3957339999999903, 6.461800499999995]",1.5475790913999754,"[0.5581475253937707, 2.583488634023323]",12,5,60,10000
cpu,vollkorn,2,text,warm,30,0,draw_us,current,final,247.25065,250.2208835,247.031883,249.60425,2.239633000000012,"[1.3757834999999972, 4.122134000000003]",0.9103299042495627,"[0.5595888309453678, 1.6581266606913059]",12,5,60,10000
cpu,vollkorn,2,text,warm,30,0,submit_us,current,final,247.563183,250.51185,247.33339999999998,249.9007665,2.233399999999989,"[1.4881500000000045, 4.117933500000007]",0.9067011715047979,"[0.6071703455896138, 1.6544201655042556]",12,5,60,10000
cpu,vollkorn,2,text,warm,30,0,complete_us,current,final,247.5819665,250.52915000000002,247.35348349999998,249.91875,2.2326334999999915,"[1.493716500000005, 4.115316000000007]",0.9063102105813625,"[0.6094045507138102, 1.653211197045723]",12,5,60,10000
cpu,vollkorn,2,text,warm,30,0,draw_us,current,pool,247.25065,253.22848349999998,247.031883,252.88958350000001,5.405484000000001,"[4.4604499999999945, 5.945833499999992]",2.1927014869483785,"[1.8086382165839465, 2.3891973540535405]",12,5,60,10000
cpu,vollkorn,2,text,warm,30,0,submit_us,current,pool,247.563183,253.5527165,247.33339999999998,253.18535,5.409733000000017,"[4.46875, 5.950683500000011]",2.1918147934996135,"[1.8069764420193701, 2.3882238402187728]",12,5,60,10000
cpu,vollkorn,2,text,warm,30,0,complete_us,current,pool,247.5819665,253.5736165,247.35348349999998,253.205517,5.4105165,"[4.470216999999991, 5.947900000000018]",2.191962579906881,"[1.8059819613544081, 2.3868940139055717]",12,5,60,10000
cpu,vollkorn,2,text,warm,30,0,draw_us,final,pool,250.2208835,253.22848349999998,249.60425,252.88958350000001,2.4340330000000137,"[1.6561834999999974, 3.857549999999975]",0.9744206216935614,"[0.6660674913802511, 1.541759117905972]",12,5,60,10000
cpu,vollkorn,2,text,warm,30,0,submit_us,final,pool,250.51185,253.5527165,249.9007665,253.18535,2.4361834999999985,"[1.6638164999999958, 3.7237499999999955]",0.9741799099764248,"[0.6683496373870779, 1.4849792829236153]",12,5,60,10000
cpu,vollkorn,2,text,warm,30,0,complete_us,final,pool,250.52915000000002,253.5736165,249.91875,253.205517,2.4320504999999883,"[1.6666830000000061, 3.723117000000016]",0.9724360820064781,"[0.6694483043620525, 1.4846135810467342]",12,5,60,10000
cpu,vollkorn,2,text,x_advance,10,654,draw_us,master,current,679.08335,375.1021,677.9583,374.8124,-303.2125500000001,"[-305.67265, -300.2895]",-44.71084636558977,"[-44.8381361568484, -44.52989639139946]",12,5,60,10000
cpu,vollkorn,2,text,x_advance,10,654,submit_us,master,current,679.748,375.4583,678.32925,375.1728,-303.2563,"[-305.67275000000006, -300.2166500000001]",-44.688839601554236,"[-44.81131222575091, -44.50005539646553]",12,5,60,10000
cpu,vollkorn,2,text,x_advance,10,654,complete_us,master,current,679.76675,375.47704999999996,678.3417,375.1957,-303.25435000000004,"[-305.67075, -300.20829999999995]",-44.68631646128712,"[-44.80996333215404, -44.49790003660322]",12,5,60,10000
cpu,vollkorn,2,text,x_advance,10,654,draw_us,master,final,679.08335,377.85204999999996,677.9583,377.3813,-300.80835,"[-306.18549999999993, -297.77055]",-44.416012496762114,"[-44.86473656352764, -44.027518325265895]",12,5,60,10000
cpu,vollkorn,2,text,x_advance,10,654,submit_us,master,final,679.748,378.2269,678.32925,377.73569999999995,-300.81870000000004,"[-306.198, -297.7642000000001]",-44.39283772587435,"[-44.84294138212013, -44.00441980188656]",12,5,60,10000
cpu,vollkorn,2,text,x_advance,10,654,complete_us,master,final,679.76675,378.2457,678.3417,377.76255000000003,-300.80845,"[-306.20225000000005, -297.76855]",-44.39105660973843,"[-44.84167591484113, -44.003297244570454]",12,5,60,10000
cpu,vollkorn,2,text,x_advance,10,654,draw_us,master,pool,679.08335,378.325,677.9583,377.4398,-301.2459,"[-304.35845, -297.65425000000005]",-44.38741469532614,"[-44.856041306679984, -43.91966962885286]",12,5,60,10000
cpu,vollkorn,2,text,x_advance,10,654,submit_us,master,pool,679.748,378.67525,678.32925,377.79184999999995,-301.2709,"[-304.37745, -297.60400000000004]",-44.35686641510267,"[-44.83661066943584, -43.89825168750953]",12,5,60,10000
cpu,vollkorn,2,text,x_advance,10,654,complete_us,master,pool,679.76675,378.69615,678.3417,377.81674999999996,-301.27520000000004,"[-304.3669, -297.6146]",-44.35490131633321,"[-44.83390900725176, -43.89690775589447]",12,5,60,10000
cpu,vollkorn,2,text,x_advance,10,654,draw_us,current,final,375.1021,377.85204999999996,374.8124,377.3813,2.0810000000000173,"[-0.954100000000011, 4.081249999999983]",0.5559501923859456,"[-0.2546300468737328, 1.0863144813246794]",12,5,60,10000
cpu,vollkorn,2,text,x_advance,10,654,submit_us,current,final,375.4583,378.2269,375.1728,377.73569999999995,2.0644499999999937,"[-0.9706999999999937, 4.002350000000007]",0.5509559735139336,"[-0.25880594716484184, 1.0640342017647852]",12,5,60,10000
cpu,vollkorn,2,text,x_advance,10,654,complete_us,current,final,375.47704999999996,378.2457,375.1957,377.76255000000003,2.064300000000003,"[-0.978999999999985, 4.0043500000000165]",0.5508851451579422,"[-0.2610028908436368, 1.0644987822235885]",12,5,60,10000
cpu,vollkorn,2,text,x_advance,10,654,draw_us,current,pool,375.1021,378.325,374.8124,377.4398,1.6353999999999758,"[-2.03540000000001, 5.07265000000001]",0.4361743144790098,"[-0.5435199269968605, 1.3529921685449975]",12,5,60,10000
cpu,vollkorn,2,text,x_advance,10,654,submit_us,current,pool,375.4583,378.67525,375.1728,377.79184999999995,1.623250000000013,"[-2.0541500000000212, 5.037299999999988]",0.43241264568664173,"[-0.5479746316812084, 1.3421797745450381]",12,5,60,10000
cpu,vollkorn,2,text,x_advance,10,654,complete_us,current,pool,375.47704999999996,378.69615,375.1957,377.81674999999996,1.623049999999978,"[-2.0625499999999874, 5.0353000000000065]",0.43232668766813864,"[-0.5501785822064842, 1.3415757455983779]",12,5,60,10000
cpu,vollkorn,2,text,x_advance,10,654,draw_us,final,pool,377.85204999999996,378.325,377.3813,377.4398,-0.01870000000002392,"[-2.781199999999984, 3.3687500000000057]",-0.0033497623007194832,"[-0.7286677092730565, 0.8947968196358125]",12,5,60,10000
cpu,vollkorn,2,text,x_advance,10,654,submit_us,final,pool,378.2269,378.67525,377.73569999999995,377.79184999999995,0.024850000000014916,"[-2.7853000000000065, 3.3437999999999874]",0.008125803486652705,"[-0.7290798008446842, 0.8872759216990822]",12,5,60,10000
cpu,vollkorn,2,text,x_advance,10,654,complete_us,final,pool,378.2457,378.69615,377.76255000000003,377.81674999999996,0.024999999999977263,"[-2.776950000000028, 3.337650000000025]",0.008171487292862878,"[-0.7268511492201479, 0.8855870537195498]",12,5,60,10000
cpu,vollkorn,2,text,x_return,10,0,draw_us,master,current,254.6168,253.5876,254.90825,253.83325,-1.1560999999999808,"[-2.9832999999999856, -0.31030000000001223]",-0.4507389083378832,"[-1.174287720772793, -0.12203269566316566]",12,5,60,10000
cpu,vollkorn,2,text,x_return,10,0,submit_us,master,current,254.97085,253.93965,255.26454999999999,254.1832,-1.1687499999999886,"[-2.9958500000000043, -0.306200000000004]",-0.455034510652752,"[-1.1775883252050146, -0.12031888205540908]",12,5,60,10000
cpu,vollkorn,2,text,x_return,10,0,complete_us,master,current,254.99804999999998,253.96044999999998,255.2874,254.2062,-1.1562000000000126,"[-2.9915500000000037, -0.29359999999999786]",-0.4501245396769271,"[-1.1758019951231824, -0.11538556960702939]",12,5,60,10000
cpu,vollkorn,2,text,x_return,10,0,draw_us,master,final,254.6168,255.3604,254.90825,254.4249,0.31245000000001255,"[-1.2125500000000073, 2.841699999999989]",0.1230351741719593,"[-0.47281440585532075, 1.1112359395811788]",12,5,60,10000
cpu,vollkorn,2,text,x_return,10,0,submit_us,master,final,254.97085,255.70835,255.26454999999999,254.76255,0.3020999999999958,"[-1.2229499999999973, 2.831149999999994]",0.11879208329979019,"[-0.47619681921559076, 1.1054518205304231]",12,5,60,10000
cpu,vollkorn,2,text,x_return,10,0,complete_us,master,final,254.99804999999998,255.73329999999999,255.2874,254.7833,0.30834999999999013,"[-1.216600000000014, 2.8227500000000134]",0.12124612144600588,"[-0.47369701648366513, 1.1021176159137336]",12,5,60,10000
cpu,vollkorn,2,text,x_return,10,0,draw_us,master,pool,254.6168,256.42920000000004,254.90825,256.3959,1.7608000000000033,"[-1.6478500000000054, 4.47290000000001]",0.6914250192971871,"[-0.6423752233642388, 1.765902267213959]",12,5,60,10000
cpu,vollkorn,2,text,x_return,10,0,submit_us,master,pool,254.97085,256.77504999999996,255.26454999999999,256.73535000000004,1.7190499999999957,"[-1.649950000000004, 4.422900000000013]",0.6740581107993027,"[-0.6423694162711047, 1.7432666836517674]",12,5,60,10000
cpu,vollkorn,2,text,x_return,10,0,complete_us,master,pool,254.99804999999998,256.8021,255.2874,256.75419999999997,1.7253499999999917,"[-1.6478000000000037, 4.420799999999986]",0.6764842323579101,"[-0.6415105619293093, 1.7422867216012827]",12,5,60,10000
cpu,vollkorn,2,text,x_return,10,0,draw_us,current,final,253.5876,255.3604,253.83325,254.4249,3.0667499999999848,"[0.22069999999999368, 4.254149999999996]",1.2198290262464662,"[0.08741528441514324, 1.6887054698792037]",12,5,60,10000
cpu,vollkorn,2,text,x_return,10,0,submit_us,current,final,253.93965,255.70835,254.1832,254.76255,3.0624500000000268,"[0.18534999999999968, 4.241849999999985]",1.2165092524260124,"[0.07348213376953128, 1.6814078137368016]",12,5,60,10000
cpu,vollkorn,2,text,x_return,10,0,complete_us,current,final,253.96044999999998,255.73329999999999,254.2062,254.7833,3.064549999999997,"[0.18729999999997915, 4.251999999999981]",1.2172367838539588,"[0.07423211014199183, 1.685279371185211]",12,5,60,10000
cpu,vollkorn,2,text,x_return,10,0,draw_us,current,pool,253.5876,256.42920000000004,253.83325,256.3959,4.112850000000009,"[1.2668000000000177, 5.204050000000009]",1.609489551532628,"[0.4987053438394229, 2.07980667329819]",12,5,60,10000
cpu,vollkorn,2,text,x_return,10,0,submit_us,current,pool,253.93965,256.77504999999996,254.1832,256.73535000000004,4.077349999999996,"[1.2479999999999905, 5.1936000000000035]",1.5933005957087354,"[0.49066995383721945, 2.0726555182550954]",12,5,60,10000
cpu,vollkorn,2,text,x_return,10,0,complete_us,current,pool,253.96044999999998,256.8021,254.2062,256.75419999999997,4.07529999999997,"[1.2480000000000047, 5.193599999999989]",1.5923693835618757,"[0.49061975698656557, 2.0725185151859282]",12,5,60,10000
cpu,vollkorn,2,text,x_return,10,0,draw_us,final,pool,255.3604,256.42920000000004,254.4249,256.3959,0.7500000000000142,"[-2.1998000000000104, 2.2042000000000144]",0.29200677320215807,"[-0.8526437269313902, 0.8647783819101473]",12,5,60,10000
cpu,vollkorn,2,text,x_return,10,0,submit_us,final,pool,255.70835,256.77504999999996,254.76255,256.73535000000004,0.7416999999999945,"[-2.1934499999999986, 2.210349999999991]",0.2907588017212581,"[-0.8490616714167676, 0.8660448109256591]",12,5,60,10000
cpu,vollkorn,2,text,x_return,10,0,complete_us,final,pool,255.73329999999999,256.8021,254.7833,256.75419999999997,0.7375499999999988,"[-2.2061499999999796, 2.198050000000009]",0.2874900490503096,"[-0.8538839126933928, 0.8611245931985589]",12,5,60,10000
cpu,vollkorn,2,text,y_advance,10,0,draw_us,master,current,248.90210000000002,248.99585000000002,248.90210000000002,248.66469999999998,-0.1980000000000075,"[-1.5127000000000095, 2.5334000000000003]",-0.07482937883320218,"[-0.6093417324496087, 1.0324959830439906]",12,5,60,10000
cpu,vollkorn,2,text,y_advance,10,0,submit_us,master,current,249.20405,249.3166,249.20405,248.9708,-0.19179999999998643,"[-1.5126999999999953, 2.5395500000000055]",-0.07142327812556526,"[-0.6085788867960407, 1.0337206773159968]",12,5,60,10000
cpu,vollkorn,2,text,y_advance,10,0,complete_us,master,current,249.22705000000002,249.33325000000002,249.22705000000002,248.98329999999999,-0.18354999999999677,"[-1.5273499999999984, 2.529200000000003]",-0.06805480711779,"[-0.6144181126012949, 1.029443141735853]",12,5,60,10000
cpu,vollkorn,2,text,y_advance,10,0,draw_us,master,final,248.90210000000002,251.4667,248.90210000000002,251.1105,2.7292499999999933,"[0.8731499999999954, 4.118549999999999]",1.1049255506894728,"[0.3484643725080061, 1.6581342138472621]",12,5,60,10000
cpu,vollkorn,2,text,y_advance,10,0,submit_us,master,final,249.20405,251.77495,249.20405,251.41250000000002,2.7291999999999916,"[0.8711500000000001, 4.13955]",1.1034342277539855,"[0.3472277807068158, 1.6644568095907974]",12,5,60,10000
cpu,vollkorn,2,text,y_advance,10,0,complete_us,master,final,249.22705000000002,251.79585,249.22705000000002,251.43535,2.73360000000001,"[0.873100000000008, 4.131199999999993]",1.1051433509253084,"[0.3479601849029845, 1.660932925832903]",12,5,60,10000
cpu,vollkorn,2,text,y_advance,10,0,draw_us,master,pool,248.90210000000002,253.0854,248.90210000000002,253.4852,3.5459499999999906,"[1.14585000000001, 6.429000000000016]",1.4199661399115326,"[0.46409879243138885, 2.5891388255513625]",12,5,60,10000
cpu,vollkorn,2,text,y_advance,10,0,submit_us,master,pool,249.20405,253.38524999999998,249.20405,253.7852,3.5269499999999994,"[1.1481500000000011, 6.4271499999999975]",1.410547507952531,"[0.46449222065622076, 2.5852008763317946]",12,5,60,10000
cpu,vollkorn,2,text,y_advance,10,0,complete_us,master,pool,249.22705000000002,253.40820000000002,249.22705000000002,253.8123,3.537300000000002,"[1.1479499999999945, 6.420949999999991]",1.4145701980457948,"[0.4644300613264263, 2.582476324127747]",12,5,60,10000
cpu,vollkorn,2,text,y_advance,10,0,draw_us,current,final,248.99585000000002,251.4667,248.66469999999998,251.1105,2.0230999999999995,"[-0.12270000000000891, 3.7250999999999976]",0.8120786869074137,"[-0.04815507281553666, 1.4975303066429912]",12,5,60,10000
cpu,vollkorn,2,text,y_advance,10,0,submit_us,current,final,249.3166,251.77495,248.9708,251.41250000000002,2.0398999999999887,"[-0.14350000000000307, 3.712549999999993]",0.8177109995619714,"[-0.056580091819269374, 1.4906361968367254]",12,5,60,10000
cpu,vollkorn,2,text,y_advance,10,0,complete_us,current,final,249.33325000000002,251.79585,248.98329999999999,251.43535,2.031199999999984,"[-0.13920000000000243, 3.7146999999999935]",0.8134458862683602,"[-0.05483169216685124, 1.4913568108447572]",12,5,60,10000
cpu,vollkorn,2,text,y_advance,10,0,draw_us,current,pool,248.99585000000002,253.0854,248.66469999999998,253.4852,4.525050000000007,"[0.1814499999999981, 5.437400000000011]",1.8113656416160806,"[0.07346048388852111, 2.191879970201771]",12,5,60,10000
cpu,vollkorn,2,text,y_advance,10,0,submit_us,current,pool,249.3166,253.38524999999998,248.9708,253.7852,4.522999999999982,"[0.17525000000000546, 5.437599999999989]",1.8082318218126892,"[0.0708592188934376, 2.1832805783377984]",12,5,60,10000
cpu,vollkorn,2,text,y_advance,10,0,complete_us,current,pool,249.33325000000002,253.40820000000002,248.98329999999999,253.8123,4.518799999999985,"[0.1729999999999876, 5.427199999999999]",1.8063891832853285,"[0.06993003244178952, 2.187350073500982]",12,5,60,10000
cpu,vollkorn,2,text,y_advance,10,0,draw_us,final,pool,251.4667,253.0854,251.1105,253.4852,2.0686999999999927,"[-0.2961000000000098, 3.1727500000000077]",0.8238557699339788,"[-0.12191685869575863, 1.270687728949338]",12,5,60,10000
cpu,vollkorn,2,text,y_advance,10,0,submit_us,final,pool,251.77495,253.38524999999998,251.41250000000002,253.7852,2.068550000000002,"[-0.3273499999999956, 3.149799999999999]",0.8227954340518595,"[-0.13419475450185958, 1.2599085994122627]",12,5,60,10000
cpu,vollkorn,2,text,y_advance,10,0,complete_us,final,pool,251.79585,253.40820000000002,251.43535,253.8123,2.0706500000000005,"[-0.3232500000000016, 3.160199999999989]",0.8235611545372445,"[-0.1325686806042392, 1.2640150990348098]",12,5,60,10000
gpu,ptsans,2,demo,first_paint,1,275,draw_us,master,current,2839.042,2557.8959999999997,2782.25,2530.7915000000003,-324.91650000000004,"[-431.64599999999996, -168.62450000000013]",-11.701106988280985,"[-14.710951802125855, -6.10018632033249]",12,3,36,10000
gpu,ptsans,2,demo,first_paint,1,275,submit_us,master,current,8406.375,8040.688,8378.25,7979.875,-329.8755000000001,"[-506.7494999999999, -128.58299999999963]",-3.9241099847658107,"[-6.042357866645014, -1.5594818443173342]",12,3,36,10000
gpu,ptsans,2,demo,first_paint,1,275,complete_us,master,current,11237.2715,11156.417000000001,10898.875,11156.417000000001,560.0420000000004,"[-789.4994999999999, 975.3964999999998]",5.115933642494475,"[-6.490873670799591, 9.629695895887924]",12,3,36,10000
gpu,ptsans,2,demo,first_paint,1,275,draw_us,master,final,2839.042,2534.833,2782.25,2513.708,-338.25,"[-430.375, -259.5830000000001]",-12.158319259225337,"[-14.260847256994685, -9.476537260249586]",12,3,36,10000
gpu,ptsans,2,demo,first_paint,1,275,submit_us,master,final,8406.375,8019.125,8378.25,7972.2080000000005,-336.2705000000001,"[-535.2925000000005, -151.06249999999955]",-4.014368292719794,"[-6.428258952239579, -1.695390728488344]",12,3,36,10000
gpu,ptsans,2,demo,first_paint,1,275,complete_us,master,final,11237.2715,10724.438,10898.875,10724.438,-416.3745000000008,"[-1003.875, 945.1045000000004]",-3.760742597524447,"[-8.762882547651563, 9.45426498070553]",12,3,36,10000
gpu,ptsans,2,demo,first_paint,1,275,draw_us,master,pool,2839.042,2552.458,2782.25,2539.3125,-224.64599999999996,"[-471.9995000000001, -190.60449999999992]",-8.08933123111278,"[-16.09092494796111, -6.877962175560587]",12,3,36,10000
gpu,ptsans,2,demo,first_paint,1,275,submit_us,master,pool,8406.375,8076.6669999999995,8378.25,8022.958500000001,-216.43750000000045,"[-481.8125, -137.97899999999981]",-2.639107068371971,"[-5.735412398879641, -1.6683641401252058]",12,3,36,10000
gpu,ptsans,2,demo,first_paint,1,275,complete_us,master,pool,11237.2715,11063.832999999999,10898.875,11040.354,361.2500000000009,"[-1160.500000000001, 1046.0]",3.3408735011447477,"[-10.16419055076146, 10.329640845479503]",12,3,36,10000
gpu,ptsans,2,demo,first_paint,1,275,draw_us,current,final,2557.8959999999997,2534.833,2530.7915000000003,2513.708,15.729499999999916,"[-77.77050000000008, 65.24950000000013]",0.6013950441954297,"[-3.090812413356503, 2.6641335937943267]",12,3,36,10000
gpu,ptsans,2,demo,first_paint,1,275,submit_us,current,final,8040.688,8019.125,7979.875,7972.2080000000005,-4.813000000000557,"[-242.66649999999981, 167.9159999999997]",-0.05691276764455133,"[-2.939168098383332, 2.1175157532496103]",12,3,36,10000
gpu,ptsans,2,demo,first_paint,1,275,complete_us,current,final,11156.417000000001,10724.438,11156.417000000001,10724.438,-483.10350000000017,"[-1603.8550000000005, 969.1875]",-4.315198224240596,"[-14.416618156002041, 9.526863460035873]",12,3,36,10000
gpu,ptsans,2,demo,first_paint,1,275,draw_us,current,pool,2557.8959999999997,2552.458,2530.7915000000003,2539.3125,-24.249500000000126,"[-73.47900000000004, 100.27050000000008]",-0.9493402433779219,"[-2.903703655275031, 4.091479671523168]",12,3,36,10000
gpu,ptsans,2,demo,first_paint,1,275,submit_us,current,pool,8040.688,8076.6669999999995,7979.875,8022.958500000001,2.3955000000000837,"[-94.95799999999963, 277.5210000000002]",0.029809237932482135,"[-1.1527801025640827, 3.533857983661759]",12,3,36,10000
gpu,ptsans,2,demo,first_paint,1,275,complete_us,current,pool,11156.417000000001,11063.832999999999,11156.417000000001,11040.354,-192.89599999999973,"[-1037.1045000000004, 455.97849999999926]",-1.7112763134105424,"[-8.979900400738911, 4.12486625850208]",12,3,36,10000
gpu,ptsans,2,demo,first_paint,1,275,draw_us,final,pool,2534.833,2552.458,2513.708,2539.3125,-5.1875,"[-79.77000000000021, 135.27099999999996]",-0.21022502679461375,"[-3.0967410915327456, 5.568685594589651]",12,3,36,10000
gpu,ptsans,2,demo,first_paint,1,275,submit_us,final,pool,8019.125,8076.6669999999995,7972.2080000000005,8022.958500000001,126.27149999999983,"[-195.10399999999981, 296.52100000000064]",1.5998993500332959,"[-2.4034807110753285, 3.80827853936333]",12,3,36,10000
gpu,ptsans,2,demo,first_paint,1,275,complete_us,final,pool,10724.438,11063.832999999999,10724.438,11040.354,247.311999999999,"[-443.1869999999999, 1066.4790000000003]",2.4881575683405766,"[-4.233258394838319, 10.404454417358512]",12,3,36,10000
gpu,ptsans,2,demo,pan,10,0,draw_us,master,current,214.23964999999998,213.11444999999998,214.01659999999998,213.4438,-1.372950000000003,"[-4.312399999999997, 2.0313500000000033]",-0.644172994408343,"[-1.962633024118876, 0.9567402713583473]",12,3,36,10000
gpu,ptsans,2,demo,pan,10,0,submit_us,master,current,557.7999500000001,560.49365,554.09375,560.4123,6.141599999999983,"[-5.154200000000003, 9.183299999999974]",1.112009412314674,"[-0.9129432608658783, 1.6470016710510849]",12,3,36,10000
gpu,ptsans,2,demo,pan,10,0,complete_us,master,current,895.2978,909.3874000000001,891.554,909.3874000000001,11.5668,"[-16.46864999999997, 23.160500000000013]",1.3008014003207613,"[-1.813836959065257, 2.615123210550274]",12,3,36,10000
gpu,ptsans,2,demo,pan,10,0,draw_us,master,final,214.23964999999998,212.8646,214.01659999999998,212.76255,-2.9710000000000036,"[-6.781099999999995, 1.504249999999999]",-1.3659784840655553,"[-3.1746980425711167, 0.7145734825650285]",12,3,36,10000
gpu,ptsans,2,demo,pan,10,0,submit_us,master,final,557.7999500000001,557.2146,554.09375,555.8376000000001,-0.2687499999999545,"[-6.191699999999969, 1.8499000000000478]",-0.04866781128799458,"[-1.1105977504807463, 0.3347538290338292]",12,3,36,10000
gpu,ptsans,2,demo,pan,10,0,complete_us,master,final,895.2978,894.7021,891.554,887.71245,-9.872700000000009,"[-20.293800000000033, 14.36669999999998]",-1.1155257127516527,"[-2.233540521517768, 1.6413044622215156]",12,3,36,10000
gpu,ptsans,2,demo,pan,10,0,draw_us,master,pool,214.23964999999998,215.20620000000002,214.01659999999998,215.30835000000002,3.272899999999993,"[-1.4685499999999934, 5.802199999999999]",1.5490368222178752,"[-0.6858078659537303, 2.7286913911745425]",12,3,36,10000
gpu,ptsans,2,demo,pan,10,0,submit_us,master,pool,557.7999500000001,562.0854,554.09375,562.6917000000001,8.706350000000043,"[-2.3165500000000065, 15.975099999999998]",1.5834539246544432,"[-0.40162757844399155, 2.8838917961512722]",12,3,36,10000
gpu,ptsans,2,demo,pan,10,0,complete_us,master,pool,895.2978,911.977,891.554,913.1602499999999,18.789750000000083,"[-2.3789500000000317, 28.00219999999996]",2.1224907835358686,"[-0.2691376003694623, 3.1567195750684562]",12,3,36,10000
gpu,ptsans,2,demo,pan,10,0,draw_us,current,final,213.11444999999998,212.8646,213.4438,212.76255,-1.7146999999999935,"[-5.862549999999985, 4.2355500000000035]",-0.7993718129833627,"[-2.739721719867738, 1.9987723267122393]",12,3,36,10000
gpu,ptsans,2,demo,pan,10,0,submit_us,current,final,560.49365,557.2146,560.4123,555.8376000000001,-4.8312499999999545,"[-18.98124999999999, 11.050000000000011]",-0.8626035637852136,"[-3.3375016944125706, 1.9717770526480827]",12,3,36,10000
gpu,ptsans,2,demo,pan,10,0,complete_us,current,final,909.3874000000001,894.7021,909.3874000000001,887.71245,-6.4582000000000335,"[-35.34185000000008, 13.577050000000042]",-0.7107150669063589,"[-3.871493349488298, 1.5355636957711805]",12,3,36,10000
gpu,ptsans,2,demo,pan,10,0,draw_us,current,pool,213.11444999999998,215.20620000000002,213.4438,215.30835000000002,2.4311500000000024,"[-0.9834500000000048, 6.024899999999988]",1.129937473054854,"[-0.45829381548326276, 2.833757176812768]",12,3,36,10000
gpu,ptsans,2,demo,pan,10,0,submit_us,current,pool,560.49365,562.0854,560.4123,562.6917000000001,3.36869999999999,"[-6.84559999999999, 14.35005000000001]",0.6043465888333377,"[-1.2174643355026216, 2.562093752789274]",12,3,36,10000
gpu,ptsans,2,demo,pan,10,0,complete_us,current,pool,909.3874000000001,911.977,909.3874000000001,913.1602499999999,9.179149999999936,"[-6.877250000000004, 34.33345000000003]",1.0068651485587332,"[-0.7429272076542426, 3.8398043820715544]",12,3,36,10000
gpu,ptsans,2,demo,pan,10,0,draw_us,final,pool,212.8646,215.20620000000002,212.76255,215.30835000000002,3.5019499999999937,"[0.11894999999999811, 5.606149999999985]",1.6184839403882156,"[0.05615756611844214, 2.712344094470298]",12,3,36,10000
gpu,ptsans,2,demo,pan,10,0,submit_us,final,pool,557.2146,562.0854,555.8376000000001,562.6917000000001,9.468799999999987,"[-3.1938499999999976, 17.737599999999986]",1.7170487138490786,"[-0.5637789885525268, 3.282464992615808]",12,3,36,10000
gpu,ptsans,2,demo,pan,10,0,complete_us,final,pool,894.7021,911.977,887.71245,913.1602499999999,25.358300000000042,"[-1.8666499999999928, 41.852100000000064]",2.8652179187960147,"[-0.20265472836663578, 4.6977642552409]",12,3,36,10000
gpu,ptsans,2,demo,warm,30,0,draw_us,master,current,208.61381649999998,208.5430165,208.09376650000002,208.6359835,-0.025666499999999814,"[-2.9228994999999998, 3.3583334999999863]",-0.012615972918267326,"[-1.3872949531244128, 1.6241796949733933]",12,3,36,10000
gpu,ptsans,2,demo,warm,30,0,submit_us,master,current,519.6778334999999,522.7541665,518.78615,523.9444834999999,4.109633499999973,"[-0.9694499999999948, 9.353433499999937]",0.7916452105303007,"[-0.18398470775581321, 1.8176925698343838]",12,3,36,10000
gpu,ptsans,2,demo,warm,30,0,complete_us,master,current,951.30065,925.1354335,955.091583,916.82165,-31.666766999999993,"[-69.34583349999997, 1.779799999999966]",-3.3351381957328563,"[-6.816648969173167, 0.16652722280149912]",12,3,36,10000
gpu,ptsans,2,demo,warm,30,0,draw_us,master,final,208.61381649999998,209.00625000000002,208.09376650000002,208.134717,1.3569669999999974,"[-2.339516500000002, 3.8569169999999957]",0.6529550869831313,"[-1.1165305462306874, 1.8431491481302187]",12,3,36,10000
gpu,ptsans,2,demo,warm,30,0,submit_us,master,final,519.6778334999999,518.8680664999999,518.78615,518.70695,5.260483499999992,"[-8.084049499999992, 14.750583499999948]",1.0306592958933547,"[-1.5559139505014974, 2.8542382373933584]",12,3,36,10000
gpu,ptsans,2,demo,warm,30,0,complete_us,master,final,951.30065,940.12715,955.091583,924.5541835,7.507566499999996,"[-70.47500000000002, 33.53748300000001]",0.8135000570402728,"[-6.967762283385637, 3.7461979383683786]",12,3,36,10000
gpu,ptsans,2,demo,warm,30,0,draw_us,master,pool,208.61381649999998,210.42785,208.09376650000002,209.837533,1.348533500000002,"[-1.432699999999997, 3.381300500000009]",0.6439582524126908,"[-0.6885148262502805, 1.6189215766956977]",12,3,36,10000
gpu,ptsans,2,demo,warm,30,0,submit_us,master,pool,519.6778334999999,519.8332335,518.78615,520.5972335,1.324916499999972,"[-4.958450000000028, 4.565899999999942]",0.253710968603893,"[-0.9512652269186517, 0.8882754211083088]",12,3,36,10000
gpu,ptsans,2,demo,warm,30,0,complete_us,master,pool,951.30065,912.345117,955.091583,916.1986665,-40.69458300000002,"[-115.52494999999999, 52.8270665]",-4.234691130315904,"[-11.442247548901424, 5.533569682037709]",12,3,36,10000
gpu,ptsans,2,demo,warm,30,0,draw_us,current,final,208.5430165,209.00625000000002,208.6359835,208.134717,-0.22776700000000005,"[-1.5916500000000013, 4.09306650000002]",-0.11018473414327601,"[-0.7590389698677646, 1.960199965234577]",12,3,36,10000
gpu,ptsans,2,demo,warm,30,0,submit_us,current,final,522.7541665,518.8680664999999,523.9444834999999,518.70695,-2.886133500000028,"[-9.338932999999997, 10.417966999999976]",-0.5565587706457209,"[-1.7698322716897474, 1.9972069090851585]",12,3,36,10000
gpu,ptsans,2,demo,warm,30,0,complete_us,current,final,925.1354335,940.12715,916.82165,924.5541835,27.533399999999972,"[-8.604199999999992, 51.40628350000003]",2.9752134211369796,"[-0.9101567814802869, 5.808900901331226]",12,3,36,10000
gpu,ptsans,2,demo,warm,30,0,draw_us,current,pool,208.5430165,210.42785,208.6359835,209.837533,0.24583300000000463,"[-3.14308299999999, 3.904200000000003]",0.11734899234705498,"[-1.4891807276829094, 1.874679635724219]",12,3,36,10000
gpu,ptsans,2,demo,warm,30,0,submit_us,current,pool,522.7541665,519.8332335,523.9444834999999,520.5972335,-1.9882165000000214,"[-9.792399499999988, 0.5909164999999916]",-0.38028810099504096,"[-1.8425261838673102, 0.11179407723304058]",12,3,36,10000
gpu,ptsans,2,demo,warm,30,0,complete_us,current,pool,925.1354335,912.345117,916.82165,916.1986665,-26.62509949999992,"[-85.67153350000001, 43.36455000000001]",-2.970875201613371,"[-8.583677543642299, 4.982984016829484]",12,3,36,10000
gpu,ptsans,2,demo,warm,30,0,draw_us,final,pool,209.00625000000002,210.42785,208.134717,209.837533,-0.7556170000000009,"[-2.829983499999983, 2.8681835000000007]",-0.36092262210091763,"[-1.3546386691297374, 1.3788746523840212]",12,3,36,10000
gpu,ptsans,2,demo,warm,30,0,submit_us,final,pool,518.8680664999999,519.8332335,518.70695,520.5972335,-2.762517000000031,"[-11.864599999999996, 8.513950500000021]",-0.5244736611067724,"[-2.2316880209011405, 1.6524761716724568]",12,3,36,10000
gpu,ptsans,2,demo,warm,30,0,complete_us,final,pool,940.12715,912.345117,924.5541835,916.1986665,-39.27580000000006,"[-72.22374950000005, 9.449299500000052]",-4.046243070371824,"[-7.6910553733324285, 1.0257555562046383]",12,3,36,10000
gpu,ptsans,2,demo,zoom_in,12,2924,draw_us,master,current,2531.456625,2250.5121664999997,2528.1909585000003,2257.2777085,-274.3160415,"[-318.2535415, -228.06262500000003]",-11.034701221313098,"[-12.310839124823808, -9.125762341348137]",12,3,36,10000
gpu,ptsans,2,demo,zoom_in,12,2924,submit_us,master,current,2762.541625,2477.8992915,2760.8420415,2488.5225,-277.68408350000004,"[-326.3924165000001, -220.82466649999992]",-10.204423775593968,"[-11.555329743492333, -8.093044354297618]",12,3,36,10000
gpu,ptsans,2,demo,zoom_in,12,2924,complete_us,master,current,4399.447958000001,4147.133625,4344.84725,4141.4756665,-184.32804099999976,"[-525.6787504999998, -133.28316700000005]",-4.227359744517145,"[-11.388903612125024, -3.091101234376359]",12,3,36,10000
gpu,ptsans,2,demo,zoom_in,12,2924,draw_us,master,final,2531.456625,2213.08675,2528.1909585000003,2201.59025,-303.3993335,"[-376.5485000000001, -259.00875050000013]",-12.14291636592814,"[-14.608249574105598, -10.299782997783403]",12,3,36,10000
gpu,ptsans,2,demo,zoom_in,12,2924,submit_us,master,final,2762.541625,2432.7587915,2760.8420415,2418.8245,-314.7048749999999,"[-390.59554100000014, -253.88024999999993]",-11.536143828834728,"[-13.857651503091478, -9.378834821112232]",12,3,36,10000
gpu,ptsans,2,demo,zoom_in,12,2924,complete_us,master,final,4399.447958000001,4005.956625,4344.84725,4014.192583,-276.4375419999999,"[-495.843709, -222.3229994999997]",-6.414744621255941,"[-10.724171371933089, -5.195374163256505]",12,3,36,10000
gpu,ptsans,2,demo,zoom_in,12,2924,draw_us,master,pool,2531.456625,2228.5832920000003,2528.1909585000003,2213.838625,-299.4028330000001,"[-346.68229199999996, -279.3803334999998]",-11.89993762794866,"[-13.675814640578587, -11.105869950181207]",12,3,36,10000
gpu,ptsans,2,demo,zoom_in,12,2924,submit_us,master,pool,2762.541625,2452.5417500000003,2760.8420415,2437.368125,-305.9617079999998,"[-356.921875, -278.6110835000002]",-11.123252730460036,"[-12.895449546639192, -10.147874344911322]",12,3,36,10000
gpu,ptsans,2,demo,zoom_in,12,2924,complete_us,master,pool,4399.447958000001,4103.0885835,4344.84725,4066.8870835,-337.72924999999987,"[-458.84720849999985, -150.03145849999964]",-7.825683709210063,"[-9.931369009030627, -3.4807040219327066]",12,3,36,10000
gpu,ptsans,2,demo,zoom_in,12,2924,draw_us,current,final,2250.5121664999997,2213.08675,2257.2777085,2201.59025,-52.574542000000065,"[-89.19454200000018, 19.442624499999965]",-2.296825806583447,"[-3.987296901305526, 0.8706014617664515]",12,3,36,10000
gpu,ptsans,2,demo,zoom_in,12,2924,submit_us,current,final,2477.8992915,2432.7587915,2488.5225,2418.8245,-62.692833000000064,"[-101.1147085, 25.12154200000009]",-2.48979507926434,"[-4.095727224843854, 1.033049319890722]",12,3,36,10000
gpu,ptsans,2,demo,zoom_in,12,2924,complete_us,current,final,4147.133625,4005.956625,4141.4756665,4014.192583,-45.83674999999994,"[-151.34558349999998, 66.44441700000016]",-1.1556626439186424,"[-3.655485731655289, 1.6404270253164155]",12,3,36,10000
gpu,ptsans,2,demo,zoom_in,12,2924,draw_us,current,pool,2250.5121664999997,2228.5832920000003,2257.2777085,2213.838625,-37.890625,"[-84.55383350000011, -6.626666499999828]",-1.6681780982588101,"[-3.724340780347113, -0.2973094905760809]",12,3,36,10000
gpu,ptsans,2,demo,zoom_in,12,2924,submit_us,current,pool,2477.8992915,2452.5417500000003,2488.5225,2437.368125,-39.53637499999991,"[-102.45645799999988, -11.3471669999999]",-1.5761966893029722,"[-4.081907375861854, -0.4653551361038011]",12,3,36,10000
gpu,ptsans,2,demo,zoom_in,12,2924,complete_us,current,pool,4147.133625,4103.0885835,4141.4756665,4066.8870835,-119.54150050000021,"[-189.4983749999999, 72.1580414999994]",-2.887218295651761,"[-4.6101012684922, 1.7223393313326896]",12,3,36,10000
gpu,ptsans,2,demo,zoom_in,12,2924,draw_us,final,pool,2213.08675,2228.5832920000003,2201.59025,2213.838625,4.6994170000000395,"[-39.08158300000014, 53.32816700000012]",0.21527478859489912,"[-1.7329650249333473, 2.454001512861581]",12,3,36,10000
gpu,ptsans,2,demo,zoom_in,12,2924,submit_us,final,pool,2432.7587915,2452.5417500000003,2418.8245,2437.368125,2.8106669999999667,"[-51.14929149999989, 55.50345799999991]",0.11671670540361334,"[-2.055301073838023, 2.307512648757748]",12,3,36,10000
gpu,ptsans,2,demo,zoom_in,12,2924,complete_us,final,pool,4005.956625,4103.0885835,4014.192583,4066.8870835,-19.6388750000001,"[-179.55916650000017, 178.15112499999964]",-0.5031211610020514,"[-4.302530100517976, 4.368125997846595]",12,3,36,10000
gpu,ptsans,2,demo,zoom_out,12,1952,draw_us,master,current,1631.2134999999998,1434.375,1632.883625,1433.7448749999999,-193.37524999999994,"[-216.696375, -170.84695849999991]",-11.70576735455523,"[-13.181133738314237, -10.63358713302824]",12,3,36,10000
gpu,ptsans,2,demo,zoom_out,12,1952,submit_us,master,current,1985.5449585,1786.9115419999998,1980.076417,1785.8715,-181.74658350000004,"[-223.10783300000003, -171.55370850000008]",-9.22129220614935,"[-11.153843339733456, -8.666188178442336]",12,3,36,10000
gpu,ptsans,2,demo,zoom_out,12,1952,complete_us,master,current,3121.1804585,2866.005333,3110.5295834999997,2867.980958,-212.25504149999983,"[-288.83862499999987, -147.34545799999978]",-6.883992674796957,"[-9.152122867653471, -4.835728265808304]",12,3,36,10000
gpu,ptsans,2,demo,zoom_out,12,1952,draw_us,master,final,1631.2134999999998,1421.3349585,1632.883625,1415.9392085,-205.45466649999992,"[-257.264083, -189.0432915]",-12.727395952450843,"[-15.241985896438598, -11.74422195797542]",12,3,36,10000
gpu,ptsans,2,demo,zoom_out,12,1952,submit_us,master,final,1985.5449585,1770.3541249999998,1980.076417,1767.6265835,-203.93050000000005,"[-276.16166650000014, -188.11975000000007]",-10.399386864429383,"[-13.412783312170912, -9.63278572893088]",12,3,36,10000
gpu,ptsans,2,demo,zoom_out,12,1952,complete_us,master,final,3121.1804585,2865.5884585000003,3110.5295834999997,2844.0330835000004,-267.0433334999998,"[-367.4635834999999, -173.61791649999986]",-8.605200668634044,"[-11.073767949902741, -5.7125181639960445]",12,3,36,10000
gpu,ptsans,2,demo,zoom_out,12,1952,draw_us,master,pool,1631.2134999999998,1436.7516249999999,1632.883625,1436.7516249999999,-191.5137914999999,"[-218.9724165, -172.5832499999999]",-11.783736265438332,"[-13.304020887110568, -10.72885449158137]",12,3,36,10000
gpu,ptsans,2,demo,zoom_out,12,1952,submit_us,master,pool,1985.5449585,1791.671875,1980.076417,1791.671875,-194.83837500000004,"[-223.45154200000002, -164.06937500000004]",-9.861455453354939,"[-11.168412849618448, -8.389111342040456]",12,3,36,10000
gpu,ptsans,2,demo,zoom_out,12,1952,complete_us,master,pool,3121.1804585,2863.5364165,3110.5295834999997,2863.8455415,-220.27599999999984,"[-279.7656254999997, -139.42520849999983]",-7.146247899812252,"[-8.989977697125239, -4.566998259450333]",12,3,36,10000
gpu,ptsans,2,demo,zoom_out,12,1952,draw_us,current,final,1434.375,1421.3349585,1433.7448749999999,1415.9392085,-14.975791500000014,"[-26.07112450000011, 17.59375]",-1.044345801690133,"[-1.82364885379237, 1.2530124975149048]",12,3,36,10000
gpu,ptsans,2,demo,zoom_out,12,1952,submit_us,current,final,1786.9115419999998,1770.3541249999998,1785.8715,1767.6265835,-16.43237499999998,"[-33.788083500000084, 17.456416499999932]",-0.9244610540062537,"[-1.9000355089574539, 1.0008034142441835]",12,3,36,10000
gpu,ptsans,2,demo,zoom_out,12,1952,complete_us,current,final,2866.005333,2865.5884585000003,2867.980958,2844.0330835000004,-12.355999999999767,"[-59.81437499999993, 34.165041499999916]",-0.43579023565091246,"[-2.071210083321179, 1.1991353749415623]",12,3,36,10000
gpu,ptsans,2,demo,zoom_out,12,1952,draw_us,current,pool,1434.375,1436.7516249999999,1433.7448749999999,1436.7516249999999,0.8489584999999806,"[-18.454958499999975, 14.59549949999996]",0.054957320927701,"[-1.2871873748549478, 1.028664972775939]",12,3,36,10000
gpu,ptsans,2,demo,zoom_out,12,1952,submit_us,current,pool,1786.9115419999998,1791.671875,1785.8715,1791.671875,4.728999499999986,"[-23.298457999999982, 18.961791500000004]",0.2673507189487112,"[-1.3038153752726767, 1.0724614887634765]",12,3,36,10000
gpu,ptsans,2,demo,zoom_out,12,1952,complete_us,current,pool,2866.005333,2863.5364165,2867.980958,2863.8455415,-15.1909169999999,"[-42.345417, 18.019166499999983]",-0.5235596146742016,"[-1.4739095388488443, 0.6349282374294996]",12,3,36,10000
gpu,ptsans,2,demo,zoom_out,12,1952,draw_us,final,pool,1421.3349585,1436.7516249999999,1415.9392085,1436.7516249999999,7.99125000000015,"[-27.399333499999898, 43.831458]",0.5624833522642647,"[-1.9025401913391027, 3.130435147798427]",12,3,36,10000
gpu,ptsans,2,demo,zoom_out,12,1952,submit_us,final,pool,1770.3541249999998,1791.671875,1767.6265835,1791.671875,14.229208499999913,"[-26.199666500000035, 55.643875000000094]",0.8049222993615768,"[-1.4654038426469895, 3.191364882184622]",12,3,36,10000
gpu,ptsans,2,demo,zoom_out,12,1952,complete_us,final,pool,2865.5884585000003,2863.5364165,2844.0330835000004,2863.8455415,31.338666500000045,"[-38.44620850000001, 52.48787500000003]",1.110490170982359,"[-1.3321348963427015, 1.8488578945078604]",12,3,36,10000
gpu,ptsans,2,font_variations,first_paint,1,263,draw_us,master,current,1701.7495,1735.1245,1713.4375,1737.3125,11.812999999999988,"[-24.70799999999997, 74.16599999999994]",0.6860025607900888,"[-1.4100475652358224, 4.446653496262265]",12,3,36,10000
gpu,ptsans,2,font_variations,first_paint,1,263,submit_us,master,current,3072.3540000000003,3113.3125,3081.625,3120.9375,23.062999999999874,"[-45.041999999999916, 110.8125]",0.7490020069068848,"[-1.436509754885551, 3.679051758359253]",12,3,36,10000
gpu,ptsans,2,font_variations,first_paint,1,263,complete_us,master,current,4512.312,4551.896000000001,4511.2705,4541.0625,-18.728999999999814,"[-364.89549999999963, 155.68800000000056]",-0.40249568472799924,"[-7.078367444338429, 3.4919809860038953]",12,3,36,10000
gpu,ptsans,2,font_variations,first_paint,1,263,draw_us,master,final,1701.7495,1676.2705,1713.4375,1674.6665,-30.583999999999946,"[-47.10500000000002, -11.583499999999958]",-1.8089770716339215,"[-2.7090399462111336, -0.6895234193380284]",12,3,36,10000
gpu,ptsans,2,font_variations,first_paint,1,263,submit_us,master,final,3072.3540000000003,3030.7290000000003,3081.625,3026.2290000000003,-24.72999999999979,"[-82.97900000000004, 3.770000000000209]",-0.8046733897329295,"[-2.6624598950166165, 0.12641092683535748]",12,3,36,10000
gpu,ptsans,2,font_variations,first_paint,1,263,complete_us,master,final,4512.312,4560.8745,4511.2705,4518.875,-28.186999999999443,"[-642.3755000000006, 165.29199999999946]",-0.6279555715560159,"[-11.52418675044019, 3.7810488341970427]",12,3,36,10000
gpu,ptsans,2,font_variations,first_paint,1,263,draw_us,master,pool,1701.7495,1719.1455,1713.4375,1725.8125,13.416999999999916,"[-22.45799999999997, 61.97900000000004]",0.7934551165098558,"[-1.3189805278495559, 3.7083320106131357]",12,3,36,10000
gpu,ptsans,2,font_variations,first_paint,1,263,submit_us,master,pool,3072.3540000000003,3099.5625,3081.625,3093.3540000000003,-0.7915000000000418,"[-60.20849999999996, 68.25]",-0.023772962617502058,"[-1.8853233578994544, 2.2532605520511173]",12,3,36,10000
gpu,ptsans,2,font_variations,first_paint,1,263,complete_us,master,pool,4512.312,4725.291499999999,4511.2705,4793.916499999999,66.5619999999999,"[-489.81300000000056, 1062.8960000000002]",1.4503558400402294,"[-9.242568090664117, 23.652834865692896]",12,3,36,10000
gpu,ptsans,2,font_variations,first_paint,1,263,draw_us,current,final,1735.1245,1676.2705,1737.3125,1674.6665,-48.542499999999905,"[-100.58299999999986, -33.62549999999999]",-2.8140614160425126,"[-5.7729792776337, -1.959343592393653]",12,3,36,10000
gpu,ptsans,2,font_variations,first_paint,1,263,submit_us,current,final,3113.3125,3030.7290000000003,3120.9375,3026.2290000000003,-74.1875,"[-112.5625, -54.416999999999916]",-2.3894835660630163,"[-3.602117082281797, -1.7400673978408832]",12,3,36,10000
gpu,ptsans,2,font_variations,first_paint,1,263,complete_us,current,final,4551.896000000001,4560.8745,4541.0625,4518.875,5.353499999999258,"[-90.70850000000019, 125.72899999999981]",0.12506087313611802,"[-1.9962275069943858, 2.9036173695808576]",12,3,36,10000
gpu,ptsans,2,font_variations,first_paint,1,263,draw_us,current,pool,1735.1245,1719.1455,1737.3125,1725.8125,-13.208499999999958,"[-53.020500000000084, 25.29200000000003]",-0.7598778379679538,"[-2.9670525155266745, 1.4715181133852617]",12,3,36,10000
gpu,ptsans,2,font_variations,first_paint,1,263,submit_us,current,pool,3113.3125,3099.5625,3120.9375,3093.3540000000003,-31.312000000000126,"[-73.5625, 6.0]",-1.005786939153619,"[-2.3524098573339423, 0.19843517249099607]",12,3,36,10000
gpu,ptsans,2,font_variations,first_paint,1,263,complete_us,current,pool,4551.896000000001,4725.291499999999,4541.0625,4793.916499999999,257.43699999999944,"[-139.52100000000019, 1007.7084999999997]",5.667686686465001,"[-3.1001319800530505, 21.99028343344942]",12,3,36,10000
gpu,ptsans,2,font_variations,first_paint,1,263,draw_us,final,pool,1676.2705,1719.1455,1674.6665,1725.8125,51.95849999999996,"[10.605000000000132, 102.83349999999984]",3.0762582452465215,"[0.6246368790139845, 6.2220998971716845]",12,3,36,10000
gpu,ptsans,2,font_variations,first_paint,1,263,submit_us,final,pool,3030.7290000000003,3099.5625,3026.2290000000003,3093.3540000000003,60.125499999999874,"[-15.708000000000084, 115.02099999999996]",1.9904040815097113,"[-0.5088366326876759, 3.811150371516836]",12,3,36,10000
gpu,ptsans,2,font_variations,first_paint,1,263,complete_us,final,pool,4560.8745,4725.291499999999,4518.875,4793.916499999999,263.1875,"[57.4375, 723.7919999999999]",5.816597786357436,"[1.300041416505282, 15.371339850782118]",12,3,36,10000
gpu,ptsans,2,font_variations,slant_advance,10,1158,draw_us,master,current,760.20015,782.87915,752.2083,781.91875,24.093700000000013,"[9.847800000000007, 35.66660000000002]",3.196540181428542,"[1.2584435912875613, 4.768490494880783]",12,3,36,10000
gpu,ptsans,2,font_variations,slant_advance,10,1158,submit_us,master,current,810.7959000000001,833.8375,800.63545,833.6125999999999,24.966849999999965,"[9.70210000000003, 38.75195000000002]",3.1058966434153623,"[1.162760259504414, 4.868762954698003]",12,3,36,10000
gpu,ptsans,2,font_variations,slant_advance,10,1158,complete_us,master,current,1249.43725,1280.89595,1245.44785,1280.06455,39.85179999999991,"[17.433449999999993, 49.637449999999944]",3.2231310258340695,"[1.398350557846384, 4.001332734754282]",12,3,36,10000
gpu,ptsans,2,font_variations,slant_advance,10,1158,draw_us,master,final,760.20015,761.85625,752.2083,758.4373,1.0686999999999784,"[-4.0373500000000035, 20.06650000000002]",0.14232256424332457,"[-0.5313926168836469, 2.619705561479624]",12,3,36,10000
gpu,ptsans,2,font_variations,slant_advance,10,1158,submit_us,master,final,810.7959000000001,812.50415,800.63545,809.4582,4.189550000000054,"[-2.043799999999976, 26.299849999999992]",0.5237627351281304,"[-0.255369381881404, 3.21694499807359]",12,3,36,10000
gpu,ptsans,2,font_variations,slant_advance,10,1158,complete_us,master,final,1249.43725,1255.6248500000002,1245.44785,1257.0416500000001,16.00619999999992,"[-9.755999999999972, 44.147899999999936]",1.2872341925624031,"[-0.7804502868852925, 3.6030685185446054]",12,3,36,10000
gpu,ptsans,2,font_variations,slant_advance,10,1158,draw_us,master,pool,760.20015,776.8000999999999,752.2083,776.5938000000001,16.258199999999988,"[-5.372799999999984, 30.420750000000055]",2.143363496184947,"[-0.6867437499006257, 4.0307162212039565]",12,3,36,10000
gpu,ptsans,2,font_variations,slant_advance,10,1158,submit_us,master,pool,810.7959000000001,827.00205,800.63545,826.3832500000001,17.38304999999997,"[-5.5957500000000095, 32.674999999999955]",2.1882732998487198,"[-0.6703451532700466, 4.064088973230062]",12,3,36,10000
gpu,ptsans,2,font_variations,slant_advance,10,1158,complete_us,master,pool,1249.43725,1277.7125999999998,1245.44785,1280.7626500000001,38.518949999999904,"[6.812399999999911, 51.552299999999946]",3.0676369229540756,"[0.5524044306560172, 4.146825365924133]",12,3,36,10000
gpu,ptsans,2,font_variations,slant_advance,10,1158,draw_us,current,final,782.87915,761.85625,781.91875,758.4373,-20.023100000000056,"[-38.88945000000001, -4.7541499999999814]",-2.575506797984378,"[-4.966318381735863, -0.6055255895986766]",12,3,36,10000
gpu,ptsans,2,font_variations,slant_advance,10,1158,submit_us,current,final,833.8375,812.50415,833.6125999999999,809.4582,-21.01460000000003,"[-38.76025000000004, -2.329249999999945]",-2.5211878893694752,"[-4.658198096846106, -0.2757687289211497]",12,3,36,10000
gpu,ptsans,2,font_variations,slant_advance,10,1158,complete_us,current,final,1280.89595,1255.6248500000002,1280.06455,1257.0416500000001,-25.850099999999998,"[-48.077049999999986, -0.3541500000000042]",-2.02872605607784,"[-3.711860316678212, -0.026248628169484034]",12,3,36,10000
gpu,ptsans,2,font_variations,slant_advance,10,1158,draw_us,current,pool,782.87915,776.8000999999999,781.91875,776.5938000000001,-0.7957999999999288,"[-18.895700000000033, 10.431399999999996]",-0.10172783627040993,"[-2.415751537099753, 1.3345100825950085]",12,3,36,10000
gpu,ptsans,2,font_variations,slant_advance,10,1158,submit_us,current,pool,833.8375,827.00205,833.6125999999999,826.3832500000001,-1.9458499999999503,"[-21.775000000000034, 11.23554999999999]",-0.232353685653508,"[-2.6131334732850178, 1.3533311082553845]",12,3,36,10000
gpu,ptsans,2,font_variations,slant_advance,10,1158,complete_us,current,pool,1280.89595,1277.7125999999998,1280.06455,1280.7626500000001,-13.61239999999998,"[-36.37715000000003, 24.454149999999913]",-1.0644728580917806,"[-2.805781944536989, 1.922143728665604]",12,3,36,10000
gpu,ptsans,2,font_variations,slant_advance,10,1158,draw_us,final,pool,761.85625,776.8000999999999,758.4373,776.5938000000001,6.247749999999996,"[-5.641599999999983, 34.696050000000014]",0.827743291121652,"[-0.7023578375191242, 4.575391056816414]",12,3,36,10000
gpu,ptsans,2,font_variations,slant_advance,10,1158,submit_us,final,pool,812.50415,827.00205,809.4582,826.3832500000001,4.206250000000011,"[-9.82695000000001, 37.1336]",0.5216435658007224,"[-1.1916122511184402, 4.594294939406673]",12,3,36,10000
gpu,ptsans,2,font_variations,slant_advance,10,1158,complete_us,final,pool,1255.6248500000002,1277.7125999999998,1257.0416500000001,1280.7626500000001,18.02080000000001,"[-15.127200000000016, 41.470899999999915]",1.4307072891074801,"[-1.1848679328272604, 3.328321762648967]",12,3,36,10000
gpu,ptsans,2,font_variations,slant_return,10,0,draw_us,master,current,42.941599999999994,41.79795,43.4563,41.8958,-1.6709999999999994,"[-2.3207500000000003, -0.827099999999998]",-3.857946224826864,"[-5.269274310287591, -1.9260917684576384]",12,3,36,10000
gpu,ptsans,2,font_variations,slant_return,10,0,submit_us,master,current,98.17505,96.9229,99.6292,96.9229,-3.175049999999999,"[-7.081150000000001, 2.8788999999999945]",-3.1519550376718497,"[-6.822731734946092, 3.01354644620746]",12,3,36,10000
gpu,ptsans,2,font_variations,slant_return,10,0,complete_us,master,current,287.1458,284.47305,286.84590000000003,283.92925,-4.916699999999992,"[-8.410349999999994, 3.7832999999999686]",-1.7113268073694454,"[-2.9227113661262125, 1.305447316110997]",12,3,36,10000
gpu,ptsans,2,font_variations,slant_return,10,0,draw_us,master,final,42.941599999999994,41.637550000000005,43.4563,41.75215,-1.2104,"[-2.9686999999999983, 0.375]",-2.859740642133579,"[-6.819755053838039, 0.9100979250526164]",12,3,36,10000
gpu,ptsans,2,font_variations,slant_return,10,0,submit_us,master,final,98.17505,97.59365,99.6292,97.1166,-1.8270000000000053,"[-4.258500000000005, 2.7124999999999986]",-1.8603324247682074,"[-4.129049348124081, 2.9229560031000412]",12,3,36,10000
gpu,ptsans,2,font_variations,slant_return,10,0,complete_us,master,final,287.1458,289.71450000000004,286.84590000000003,290.15,2.422799999999995,"[0.23945000000003347, 10.339499999999987]",0.8228146489315691,"[0.08388785384207953, 3.7289504161450826]",12,3,36,10000
gpu,ptsans,2,font_variations,slant_return,10,0,draw_us,master,pool,42.941599999999994,40.904300000000006,43.4563,40.950050000000005,-2.6625999999999976,"[-3.5313499999999998, -1.3626499999999986]",-6.06414632481217,"[-8.06684275497287, -3.148689098583662]",12,3,36,10000
gpu,ptsans,2,font_variations,slant_return,10,0,submit_us,master,pool,98.17505,96.10215,99.6292,96.25405,-2.3750500000000017,"[-8.43945, -0.35020000000000095]",-2.398336638508808,"[-8.16459239087187, -0.37716131263607067]",12,3,36,10000
gpu,ptsans,2,font_variations,slant_return,10,0,complete_us,master,pool,287.1458,288.93129999999996,286.84590000000003,289.51890000000003,0.6228999999999871,"[-7.181200000000018, 11.518699999999995]",0.21923469217647873,"[-2.4299822844791708, 4.157975378488487]",12,3,36,10000
gpu,ptsans,2,font_variations,slant_return,10,0,draw_us,current,final,41.79795,41.637550000000005,41.8958,41.75215,-0.1916000000000011,"[-1.3292000000000002, 1.4853500000000004]",-0.45688812320169303,"[-3.1694844154435797, 3.5795050521896465]",12,3,36,10000
gpu,ptsans,2,font_variations,slant_return,10,0,submit_us,current,final,96.9229,97.59365,96.9229,97.1166,0.40415000000000845,"[-1.7293999999999983, 4.70825]",0.4272595993908834,"[-1.7599575701252423, 4.849034157432952]",12,3,36,10000
gpu,ptsans,2,font_variations,slant_return,10,0,complete_us,current,final,284.47305,289.71450000000004,283.92925,290.15,7.329100000000011,"[2.879000000000019, 10.976850000000013]",2.5828456160966295,"[1.0153270927397373, 3.958047897795891]",12,3,36,10000
gpu,ptsans,2,font_variations,slant_return,10,0,draw_us,current,pool,41.79795,40.904300000000006,41.8958,40.950050000000005,-0.9289500000000004,"[-1.5748999999999995, -0.0773500000000027]",-2.187028028647342,"[-3.7731918746848336, -0.1978774188137078]",12,3,36,10000
gpu,ptsans,2,font_variations,slant_return,10,0,submit_us,current,pool,96.9229,96.10215,96.9229,96.25405,0.5436499999999995,"[-2.600049999999996, 1.868700000000004]",0.5720933123851912,"[-2.6548691728964013, 1.962643074355619]",12,3,36,10000
gpu,ptsans,2,font_variations,slant_return,10,0,complete_us,current,pool,284.47305,288.93129999999996,283.92925,289.51890000000003,3.4312000000000182,"[-7.760499999999979, 10.931049999999999]",1.204594050429919,"[-2.769137170795571, 3.889564063597417]",12,3,36,10000
gpu,ptsans,2,font_variations,slant_return,10,0,draw_us,final,pool,41.637550000000005,40.904300000000006,41.75215,40.950050000000005,-1.0543000000000013,"[-1.9437499999999943, 0.2771499999999989]",-2.5249268487575693,"[-4.5714057398581645, 0.6882037155657605]",12,3,36,10000
gpu,ptsans,2,font_variations,slant_return,10,0,submit_us,final,pool,97.59365,96.10215,97.1166,96.25405,-0.372799999999998,"[-7.183149999999998, 0.9206999999999965]",-0.3791327768628727,"[-7.092358622117473, 0.9656447477950136]",12,3,36,10000
gpu,ptsans,2,font_variations,slant_return,10,0,complete_us,final,pool,289.71450000000004,288.93129999999996,290.15,289.51890000000003,-3.974950000000007,"[-13.968550000000022, 1.6396500000000174]",-1.372717411756813,"[-4.7300926991230625, 0.5675466863532153]",12,3,36,10000
gpu,ptsans,2,font_variations,warm,30,0,draw_us,master,current,40.189567,40.4014665,39.7799165,40.4854665,0.6756329999999977,"[-0.35839950000000087, 1.2264165000000027]",1.7194758329450055,"[-0.8722991580706219, 3.11120629495093]",12,3,36,10000
gpu,ptsans,2,font_variations,warm,30,0,submit_us,master,current,87.279833,88.29855,87.53335,88.29855,-0.10983350000000058,"[-0.802083500000002, 3.1687999999999974]",-0.12708814236816468,"[-0.9118085619509109, 3.66435206527721]",12,3,36,10000
gpu,ptsans,2,font_variations,warm,30,0,complete_us,master,current,276.2861335,278.2644835,276.2861335,278.2644835,2.055583499999983,"[-2.0424664999999607, 8.426400000000001]",0.7516462928176093,"[-0.73609993650402, 3.0856624912588004]",12,3,36,10000
gpu,ptsans,2,font_variations,warm,30,0,draw_us,master,final,40.189567,39.81735,39.7799165,39.69515,-0.10276649999999776,"[-1.220117000000002, 0.7450999999999972]",-0.26236846573720607,"[-2.998405171950197, 1.887502780351069]",12,3,36,10000
gpu,ptsans,2,font_variations,warm,30,0,submit_us,master,final,87.279833,87.05283299999999,87.53335,87.12778349999999,-0.1360999999999919,"[-2.9102999999999994, 0.8659994999999938]",-0.1576942865561315,"[-3.2612850898234513, 1.0057240878779017]",12,3,36,10000
gpu,ptsans,2,font_variations,warm,30,0,complete_us,master,final,276.2861335,275.236,276.2861335,272.57993350000004,-2.661133499999977,"[-6.70618349999998, 5.871583500000014]",-0.9673063249510616,"[-2.407980320494696, 2.1466325510836604]",12,3,36,10000
gpu,ptsans,2,font_variations,warm,30,0,draw_us,master,pool,40.189567,39.890950000000004,39.7799165,40.28135,0.25683349999999905,"[-0.4723000000000006, 0.6173669999999944]",0.643476464765147,"[-1.1914498373735538, 1.5492875055510447]",12,3,36,10000
gpu,ptsans,2,font_variations,warm,30,0,submit_us,master,pool,87.279833,87.1563,87.53335,87.08535,0.26250000000000284,"[-1.4772329999999982, 3.2200995000000034]",0.312562316191356,"[-1.68552284459757, 3.7413680822195983]",12,3,36,10000
gpu,ptsans,2,font_variations,warm,30,0,complete_us,master,pool,276.2861335,275.7763,276.2861335,275.48065,-0.5138665000000344,"[-2.7500499999999874, 1.0314505000000338]",-0.18628229416944309,"[-0.9952995512096219, 0.3769904545066094]",12,3,36,10000
gpu,ptsans,2,font_variations,warm,30,0,draw_us,current,final,40.4014665,39.81735,40.4854665,39.69515,-0.483999500000003,"[-1.5084000000000017, 0.5840165000000006]",-1.1964269154247087,"[-3.705418256417181, 1.4423362579728094]",12,3,36,10000
gpu,ptsans,2,font_variations,warm,30,0,submit_us,current,final,88.29855,87.05283299999999,88.29855,87.12778349999999,-2.283950499999996,"[-4.598516500000002, 0.41395049999999856]",-2.5916064012429074,"[-5.065895897927646, 0.49478499529927444]",12,3,36,10000
gpu,ptsans,2,font_variations,warm,30,0,complete_us,current,final,278.2644835,275.236,278.2644835,272.57993350000004,-5.6845500000000015,"[-11.686782999999991, 3.1936165000000187]",-2.0427271170456454,"[-4.120514781616407, 1.1485118900369795]",12,3,36,10000
gpu,ptsans,2,font_variations,warm,30,0,draw_us,current,pool,40.4014665,39.890950000000004,40.4854665,40.28135,-0.33963300000000274,"[-1.4041169999999994, 0.19736699999999985]",-0.8461727977276956,"[-3.384770399014825, 0.49514815073843366]",12,3,36,10000
gpu,ptsans,2,font_variations,warm,30,0,submit_us,current,pool,88.29855,87.1563,88.29855,87.08535,-1.2215830000000025,"[-3.295799500000001, 2.1825660000000013]",-1.397417568538828,"[-3.6236293063375116, 2.54277824227771]",12,3,36,10000
gpu,ptsans,2,font_variations,warm,30,0,complete_us,current,pool,278.2644835,275.7763,278.2644835,275.48065,-0.26250000000001705,"[-9.217250000000007, 6.311233500000014]",-0.09734281292564373,"[-3.2820046032865093, 2.2680900403079574]",12,3,36,10000
gpu,ptsans,2,font_variations,warm,30,0,draw_us,final,pool,39.81735,39.890950000000004,39.69515,40.28135,0.13123350000000045,"[-0.1778000000000013, 1.1633330000000015]",0.32475791077367644,"[-0.45120869077471815, 2.97227367820847]",12,3,36,10000
gpu,ptsans,2,font_variations,warm,30,0,submit_us,final,pool,87.05283299999999,87.1563,87.12778349999999,87.08535,0.5319000000000003,"[-0.8160334999999961, 2.816616500000002]",0.60857185185903,"[-0.9341007436250659, 3.2490777146997107]",12,3,36,10000
gpu,ptsans,2,font_variations,warm,30,0,complete_us,final,pool,275.236,275.7763,272.57993350000004,275.48065,0.33256649999998444,"[-4.84013299999998, 11.181983499999973]",0.12155066138725412,"[-1.7245200586508858, 4.132880579199904]",12,3,36,10000
gpu,ptsans,2,font_variations,weight_advance,6,717,draw_us,master,current,853.677083,869.6840835,853.888833,868.41675,22.71883349999996,"[5.552083000000039, 34.496583499999986]",2.688537072212105,"[0.6589884328456752, 4.121252216810712]",12,3,36,10000
gpu,ptsans,2,font_variations,weight_advance,6,717,submit_us,master,current,897.968833,916.0103335,898.843833,914.9269165000001,25.544999500000017,"[8.951332999999977, 36.982583499999976]",2.876234943882805,"[1.0011728568778189, 4.189156160862851]",12,3,36,10000
gpu,ptsans,2,font_variations,weight_advance,6,717,complete_us,master,current,1349.3020835,1374.121583,1347.9165835,1377.2846665000002,21.37833349999994,"[5.2846664999999575, 52.19116650000001]",1.584426610713341,"[0.39423036224975894, 3.895597432682496]",12,3,36,10000
gpu,ptsans,2,font_variations,weight_advance,6,717,draw_us,master,final,853.677083,837.3055835,853.888833,844.1145,-13.32641650000005,"[-45.50325049999998, 24.031333000000075]",-1.5294427600401173,"[-5.311794721098667, 2.9006241712622782]",12,3,36,10000
gpu,ptsans,2,font_variations,weight_advance,6,717,submit_us,master,final,897.968833,880.3750835000001,898.843833,886.5105000000001,-17.274416499999973,"[-48.784666500000014, 24.298749999999984]",-1.8791174906109098,"[-5.406027710859057, 2.7889304727086617]",12,3,36,10000
gpu,ptsans,2,font_variations,weight_advance,6,717,complete_us,master,final,1349.3020835,1328.5035834999999,1347.9165835,1336.3680835,-30.048416499999917,"[-50.62499950000006, 20.18033349999996]",-2.2133623978305037,"[-3.644950933499014, 1.5263818329194767]",12,3,36,10000
gpu,ptsans,2,font_variations,weight_advance,6,717,draw_us,master,pool,853.677083,861.2431670000001,853.888833,860.958417,10.610917000000029,"[-10.524083000000076, 27.767250000000047]",1.2613784718226717,"[-1.2217814419308026, 3.3214611102583613]",12,3,36,10000
gpu,ptsans,2,font_variations,weight_advance,6,717,submit_us,master,pool,897.968833,905.5000835,898.843833,905.5000835,10.81608349999999,"[-13.024583500000006, 28.461666999999977]",1.2234677057023968,"[-1.4325287905609385, 3.237243345769625]",12,3,36,10000
gpu,ptsans,2,font_variations,weight_advance,6,717,complete_us,master,pool,1349.3020835,1355.9896665,1347.9165835,1355.9896665,13.73275000000001,"[-45.71849999999995, 40.183750499999974]",1.0206150103484357,"[-3.3320610613089774, 3.034380806605741]",12,3,36,10000
gpu,ptsans,2,font_variations,weight_advance,6,717,draw_us,current,final,869.6840835,837.3055835,868.41675,844.1145,-24.302249999999958,"[-52.2500005, -7.499916999999982]",-2.7975357614439256,"[-6.038630979901166, -0.8662214553293912]",12,3,36,10000
gpu,ptsans,2,font_variations,weight_advance,6,717,submit_us,current,final,916.0103335,880.3750835000001,914.9269165000001,886.5105000000001,-27.590082999999993,"[-56.39583349999998, -9.006832999999972]",-3.0177755140794185,"[-6.152746522106467, -0.9844511728520522]",12,3,36,10000
gpu,ptsans,2,font_variations,weight_advance,6,717,complete_us,current,final,1374.121583,1328.5035834999999,1377.2846665000002,1336.3680835,-45.21174950000011,"[-83.85074999999995, -4.659667000000013]",-3.2840711058062744,"[-5.981042477185716, -0.3441018853076905]",12,3,36,10000
gpu,ptsans,2,font_variations,weight_advance,6,717,draw_us,current,pool,869.6840835,861.2431670000001,868.41675,860.958417,-9.805583499999955,"[-34.52774950000003, 0.8886670000000549]",-1.1244450149954788,"[-3.9795093520530784, 0.10758525717467493]",12,3,36,10000
gpu,ptsans,2,font_variations,weight_advance,6,717,submit_us,current,pool,916.0103335,905.5000835,914.9269165000001,905.5000835,-13.53125,"[-36.843583499999966, 1.5939169999999763]",-1.4659032408934014,"[-3.9656856578824895, 0.17955780515820363]",12,3,36,10000
gpu,ptsans,2,font_variations,weight_advance,6,717,complete_us,current,pool,1374.121583,1355.9896665,1377.2846665000002,1355.9896665,-21.4511665,"[-45.54125050000005, 15.34375]",-1.5659667009967682,"[-3.249308437988596, 1.134005157243989]",12,3,36,10000
gpu,ptsans,2,font_variations,weight_advance,6,717,draw_us,final,pool,837.3055835,861.2431670000001,844.1145,860.958417,10.590250499999968,"[-7.0760834999999815, 40.836750499999994]",1.2461885960496355,"[-0.8247991219768824, 5.04139632573567]",12,3,36,10000
gpu,ptsans,2,font_variations,weight_advance,6,717,submit_us,final,pool,880.3750835000001,905.5000835,886.5105000000001,905.5000835,10.253416999999956,"[-7.468833500000017, 43.68066650000003]",1.1474157646642502,"[-0.8386088579107942, 5.132433755860399]",12,3,36,10000
gpu,ptsans,2,font_variations,weight_advance,6,717,complete_us,final,pool,1328.5035834999999,1355.9896665,1336.3680835,1355.9896665,11.482583500000032,"[-11.465083499999878, 52.00008300000002]",0.8528517197559871,"[-0.8522875428128018, 3.9704813242980252]",12,3,36,10000
gpu,ptsans,2,font_variations,weight_return,6,0,draw_us,master,current,41.086833,40.9165,40.9616665,40.9165,0.1631664999999991,"[-1.7706669999999995, 1.9513335000000005]",0.4006703504667586,"[-4.284986566595205, 4.857368356059255]",12,3,36,10000
gpu,ptsans,2,font_variations,weight_return,6,0,submit_us,master,current,89.500167,90.25,88.12858299999999,89.930667,1.9827505000000016,"[-0.625, 3.9375835000000023]",2.2552133974847344,"[-0.6946220719316554, 4.452133592168439]",12,3,36,10000
gpu,ptsans,2,font_variations,weight_return,6,0,complete_us,master,current,274.9374165,278.5520835,273.4201665,277.486,3.5935835000000225,"[-0.8094999999999857, 10.426916500000033]",1.3128779836916737,"[-0.2966926446608842, 3.811771416637766]",12,3,36,10000
gpu,ptsans,2,font_variations,weight_return,6,0,draw_us,master,final,41.086833,39.308916499999995,40.9616665,39.198,-1.2014999999999993,"[-2.6459170000000007, -0.8403334999999998]",-2.907328641955198,"[-6.470233454519702, -2.0577807419493057]",12,3,36,10000
gpu,ptsans,2,font_variations,weight_return,6,0,submit_us,master,final,89.500167,87.062667,88.12858299999999,86.718917,-0.9756659999999968,"[-5.454833499999992, 3.6563335000000023]",-1.1098270464770577,"[-6.129117629040848, 4.194769457556369]",12,3,36,10000
gpu,ptsans,2,font_variations,weight_return,6,0,complete_us,master,final,274.9374165,273.1041665,273.4201665,273.7811665,1.725416499999966,"[-10.389249999999976, 9.457750000000004]",0.6342025157835107,"[-3.7182520865869595, 3.538616337948741]",12,3,36,10000
gpu,ptsans,2,font_variations,weight_return,6,0,draw_us,master,pool,41.086833,40.3611665,40.9616665,40.652583,-0.2986664999999995,"[-1.5625829999999965, 0.697916499999998]",-0.7314565125779549,"[-3.7404019425392123, 1.7149690555626762]",12,3,36,10000
gpu,ptsans,2,font_variations,weight_return,6,0,submit_us,master,pool,89.500167,89.565833,88.12858299999999,90.12491650000001,0.07291650000000516,"[-2.572916499999998, 4.107500000000002]",0.09435330895313232,"[-2.8767996293832865, 4.681394800091243]",12,3,36,10000
gpu,ptsans,2,font_variations,weight_return,6,0,complete_us,master,pool,274.9374165,273.2258335,273.4201665,273.24658350000004,-3.555499999999995,"[-8.010666500000013, 8.635249500000015]",-1.3037914251536054,"[-2.895946808565281, 3.222754805118022]",12,3,36,10000
gpu,ptsans,2,font_variations,weight_return,6,0,draw_us,current,final,40.9165,39.308916499999995,40.9165,39.198,-2.173583499999996,"[-2.6421664999999983, 0.0345835000000001]",-5.231344506115898,"[-6.393906724816506, 0.07675671022751573]",12,3,36,10000
gpu,ptsans,2,font_variations,weight_return,6,0,submit_us,current,final,90.25,87.062667,89.930667,86.718917,-2.8818330000000003,"[-4.1146664999999985, 1.4931664999999938]",-3.21473098164905,"[-4.592682074190179, 1.7008543184733105]",12,3,36,10000
gpu,ptsans,2,font_variations,weight_return,6,0,complete_us,current,final,278.5520835,273.1041665,277.486,273.7811665,-4.1355000000000075,"[-8.249999499999973, 2.8369169999999713]",-1.4997590352430756,"[-2.8070887221731344, 1.0439389485118578]",12,3,36,10000
gpu,ptsans,2,font_variations,weight_return,6,0,draw_us,current,pool,40.9165,40.3611665,40.9165,40.652583,-0.7881665000000027,"[-2.1354170000000003, 2.496417000000001]",-1.9292072185814302,"[-5.131802033392502, 6.37572715757454]",12,3,36,10000
gpu,ptsans,2,font_variations,weight_return,6,0,submit_us,current,pool,90.25,89.565833,89.930667,90.12491650000001,-1.947916499999998,"[-3.3784999999999954, 4.833166499999997]",-2.1988877456965095,"[-3.637038234949219, 5.595295370185271]",12,3,36,10000
gpu,ptsans,2,font_variations,weight_return,6,0,complete_us,current,pool,278.5520835,273.2258335,277.486,273.24658350000004,-3.5969165000000203,"[-11.187250000000006, 4.829667000000001]",-1.3087426657283574,"[-4.036426197966253, 1.670820173385662]",12,3,36,10000
gpu,ptsans,2,font_variations,weight_return,6,0,draw_us,final,pool,39.308916499999995,40.3611665,39.198,40.652583,1.0765834999999981,"[-0.4684165, 2.399167000000002]",2.708858641250267,"[-1.1206620452160254, 6.1981080375357545]",12,3,36,10000
gpu,ptsans,2,font_variations,weight_return,6,0,submit_us,final,pool,87.062667,89.565833,86.718917,90.12491650000001,0.8853330000000028,"[-1.7152505000000033, 6.6630005000000025]",0.9757725754979352,"[-1.87816688689727, 7.902949812094896]",12,3,36,10000
gpu,ptsans,2,font_variations,weight_return,6,0,complete_us,final,pool,273.1041665,273.2258335,273.7811665,273.24658350000004,-0.9197500000000218,"[-11.225666499999988, 6.166666499999991]",-0.33418165560910595,"[-4.022491944900636, 2.338952392346627]",12,3,36,10000
gpu,ptsans,2,grid_pollution,hot_first,1,94,draw_us,master,current,743.125,771.125,742.896,771.479,29.666499999999985,"[10.833999999999946, 55.31200000000001]",4.009719771559627,"[1.462948391592167, 7.431258829941334]",12,3,36,10000
gpu,ptsans,2,grid_pollution,hot_first,1,94,submit_us,master,current,2011.0835,2059.333,2005.0415,2062.2290000000003,40.72900000000004,"[23.375, 97.56299999999999]",2.015993387247328,"[1.1717377098133808, 4.923837293322409]",12,3,36,10000
gpu,ptsans,2,grid_pollution,hot_first,1,94,complete_us,master,current,3007.0625,3052.5209999999997,3007.0625,3052.5209999999997,64.27099999999996,"[-48.8125, 125.52149999999983]",2.166449466774345,"[-1.6230399646162685, 4.297591466497408]",12,3,36,10000
gpu,ptsans,2,grid_pollution,hot_first,1,94,draw_us,master,final,743.125,687.5205000000001,742.896,685.5830000000001,-54.91699999999997,"[-70.91750000000002, -33.74950000000007]",-7.357468955493458,"[-9.464536536858503, -4.680627448092384]",12,3,36,10000
gpu,ptsans,2,grid_pollution,hot_first,1,94,submit_us,master,final,2011.0835,1968.7295,2005.0415,1966.3125,-65.7075000000001,"[-117.89649999999983, -0.75]",-3.2975510822850773,"[-5.525375241367719, -0.03722846298714333]",12,3,36,10000
gpu,ptsans,2,grid_pollution,hot_first,1,94,complete_us,master,final,3007.0625,2960.75,3007.0625,2951.4795,-92.25,"[-132.04150000000004, -22.9375]",-3.0588241477991884,"[-4.246121583860546, -0.7758821589803677]",12,3,36,10000
gpu,ptsans,2,grid_pollution,hot_first,1,94,draw_us,master,pool,743.125,701.2705000000001,742.896,700.4585,-46.35400000000004,"[-53.375, -20.770500000000027]",-6.286609331361376,"[-7.111384814238264, -2.8599074873133015]",12,3,36,10000
gpu,ptsans,2,grid_pollution,hot_first,1,94,submit_us,master,pool,2011.0835,1980.146,2005.0415,1985.6875,-9.875,"[-110.85449999999992, 35.729499999999916]",-0.5087378853519675,"[-5.4814796566376724, 1.8033824362169826]",12,3,36,10000
gpu,ptsans,2,grid_pollution,hot_first,1,94,complete_us,master,pool,3007.0625,2982.208,3007.0625,2982.208,-8.6875,"[-96.22900000000004, 76.83300000000008]",-0.2854123069847614,"[-3.093552112145015, 2.611088729402633]",12,3,36,10000
gpu,ptsans,2,grid_pollution,hot_first,1,94,draw_us,current,final,771.125,687.5205000000001,771.479,685.5830000000001,-92.125,"[-110.85399999999998, -48.833500000000015]",-11.913618656021402,"[-13.964494215573097, -6.439060115260969]",12,3,36,10000
gpu,ptsans,2,grid_pollution,hot_first,1,94,submit_us,current,final,2059.333,1968.7295,2062.2290000000003,1966.3125,-128.1875,"[-150.125, -63.1875]",-6.151181926294674,"[-7.272684974194993, -3.1059266912960184]",12,3,36,10000
gpu,ptsans,2,grid_pollution,hot_first,1,94,complete_us,current,final,3052.5209999999997,2960.75,3052.5209999999997,2951.4795,-111.58349999999996,"[-205.02050000000008, -67.56299999999987]",-3.6412567261498605,"[-6.643058841686239, -2.2537786490326503]",12,3,36,10000
gpu,ptsans,2,grid_pollution,hot_first,1,94,draw_us,current,pool,771.125,701.2705000000001,771.479,700.4585,-78.85450000000003,"[-95.77050000000003, -46.291499999999985]",-10.192373609103356,"[-12.335153605062406, -6.094012573401114]",12,3,36,10000
gpu,ptsans,2,grid_pollution,hot_first,1,94,submit_us,current,pool,2059.333,1980.146,2062.2290000000003,1985.6875,-91.8125,"[-157.18799999999987, 5.583499999999958]",-4.399235731282575,"[-7.5729490174260174, 0.288309820331234]",12,3,36,10000
gpu,ptsans,2,grid_pollution,hot_first,1,94,complete_us,current,pool,3052.5209999999997,2982.208,3052.5209999999997,2982.208,-98.39599999999996,"[-160.35449999999992, 64.22900000000004]",-3.1936237829394587,"[-5.2684259042368895, 2.1137809182198595]",12,3,36,10000
gpu,ptsans,2,grid_pollution,hot_first,1,94,draw_us,final,pool,687.5205000000001,701.2705000000001,685.5830000000001,700.4585,10.8125,"[-1.125, 23.312499999999943]",1.5633010307536388,"[-0.14623473311528024, 3.4471654296293175]",12,3,36,10000
gpu,ptsans,2,grid_pollution,hot_first,1,94,submit_us,final,pool,1968.7295,1980.146,1966.3125,1985.6875,35.04149999999993,"[-45.75, 72.89600000000007]",1.7638528247070462,"[-2.281574661938196, 3.800646776187566]",12,3,36,10000
gpu,ptsans,2,grid_pollution,hot_first,1,94,complete_us,final,pool,2960.75,2982.208,2951.4795,2982.208,52.145500000000084,"[-27.958000000000084, 277.3330000000001]",1.7628600898636049,"[-0.93288953255104, 9.820268264378862]",12,3,36,10000
gpu,ptsans,2,grid_pollution,hot_return,1,94,draw_us,master,current,670.5835,669.2085,673.354,668.604,-3.645500000000027,"[-15.541499999999985, 51.45800000000003]",-0.5101198006601915,"[-2.3021956231804475, 8.094541998245875]",12,3,36,10000
gpu,ptsans,2,grid_pollution,hot_return,1,94,submit_us,master,current,715.771,715.583,717.479,715.5415,-3.208000000000027,"[-17.33299999999997, 53.37500000000006]",-0.44653528614881366,"[-2.383239215825422, 7.858095637489759]",12,3,36,10000
gpu,ptsans,2,grid_pollution,hot_return,1,94,complete_us,master,current,1187.479,1179.2715,1222.167,1226.958,-28.937999999999988,"[-98.14599999999996, 264.8335000000001]",-2.3819027781056157,"[-8.003963757399912, 21.13558247622628]",12,3,36,10000
gpu,ptsans,2,grid_pollution,hot_return,1,94,draw_us,master,final,670.5835,640.6665,673.354,640.6665,-26.519999999999982,"[-40.64550000000003, -3.3125]",-3.8870644556564136,"[-6.023392509590875, -0.5238525490164403]",12,3,36,10000
gpu,ptsans,2,grid_pollution,hot_return,1,94,submit_us,master,final,715.771,684.979,717.479,683.9785,-30.52049999999997,"[-42.99999999999994, -3.91700000000003]",-4.233692314883125,"[-5.896457278545286, -0.575885434905371]",12,3,36,10000
gpu,ptsans,2,grid_pollution,hot_return,1,94,complete_us,master,final,1187.479,1151.6665,1222.167,1149.3955,-21.312999999999988,"[-177.10350000000005, 217.66650000000004]",-1.8958708295436777,"[-13.809879083903308, 18.045214531521093]",12,3,36,10000
gpu,ptsans,2,grid_pollution,hot_return,1,94,draw_us,master,pool,670.5835,670.1245,673.354,672.1245,-0.5009999999999764,"[-14.395999999999958, 29.353999999999985]",-0.03446467970582012,"[-2.1205038182358473, 4.597077565221019]",12,3,36,10000
gpu,ptsans,2,grid_pollution,hot_return,1,94,submit_us,master,pool,715.771,715.0005,717.479,716.479,0.20800000000002683,"[-20.478999999999985, 28.74950000000007]",0.0624240863104808,"[-2.845017374263276, 4.141245610943233]",12,3,36,10000
gpu,ptsans,2,grid_pollution,hot_return,1,94,complete_us,master,pool,1187.479,1174.437,1222.167,1172.2085000000002,-15.708500000000072,"[-103.79099999999994, 6.3125]",-1.307979001044457,"[-8.317388288100258, 0.5205105800792142]",12,3,36,10000
gpu,ptsans,2,grid_pollution,hot_return,1,94,draw_us,current,final,669.2085,640.6665,668.604,640.6665,-32.31299999999999,"[-47.16650000000004, -16.625499999999988]",-4.821404026517262,"[-6.989012435377906, -2.505848906319935]",12,3,36,10000
gpu,ptsans,2,grid_pollution,hot_return,1,94,submit_us,current,final,715.583,684.979,715.5415,683.9785,-31.896999999999935,"[-50.62450000000001, -15.937999999999988]",-4.466221398386017,"[-7.024208794798059, -2.254997989048102]",12,3,36,10000
gpu,ptsans,2,grid_pollution,hot_return,1,94,complete_us,current,final,1179.2715,1151.6665,1226.958,1149.3955,-52.187499999999886,"[-135.437, 58.08299999999997]",-4.034889265549168,"[-10.02452054636571, 5.072026007828367]",12,3,36,10000
gpu,ptsans,2,grid_pollution,hot_return,1,94,draw_us,current,pool,669.2085,670.1245,668.604,672.1245,3.2070000000001073,"[-19.39549999999997, 16.708499999999958]",0.48273516569351527,"[-2.8309939624976246, 2.479784202055346]",12,3,36,10000
gpu,ptsans,2,grid_pollution,hot_return,1,94,submit_us,current,pool,715.583,715.0005,715.5415,716.479,4.208000000000027,"[-21.5, 19.521000000000015]",0.5938151057845231,"[-2.947956426203435, 2.7295661310290154]",12,3,36,10000
gpu,ptsans,2,grid_pollution,hot_return,1,94,complete_us,current,pool,1179.2715,1174.437,1226.958,1172.2085000000002,-58.625000000000114,"[-288.58349999999996, 39.16650000000004]",-4.929388964935483,"[-18.515586167128028, 3.5010313841314256]",12,3,36,10000
gpu,ptsans,2,grid_pollution,hot_return,1,94,draw_us,final,pool,640.6665,670.1245,640.6665,672.1245,26.104000000000042,"[11.832499999999982, 60.95799999999997]",4.060880421822077,"[1.850927764927146, 9.64333237751276]",12,3,36,10000
gpu,ptsans,2,grid_pollution,hot_return,1,94,submit_us,final,pool,684.979,715.0005,683.9785,716.479,25.5625,"[10.041499999999985, 65.6875]",3.7267567159059545,"[1.44963674252927, 9.812626954312176]",12,3,36,10000
gpu,ptsans,2,grid_pollution,hot_return,1,94,complete_us,final,pool,1151.6665,1174.437,1149.3955,1172.2085000000002,37.416000000000054,"[-247.27049999999997, 131.02099999999996]",3.397210897312608,"[-17.324678527745956, 11.6697777353991]",12,3,36,10000
gpu,ptsans,2,grid_pollution,hot_second,1,94,draw_us,master,current,657.25,395.1455,656.3544999999999,395.896,-247.1245,"[-264.02099999999996, -240.81199999999998]",-37.91248418295946,"[-39.68092609904893, -37.544427416071336]",12,3,36,10000
gpu,ptsans,2,grid_pollution,hot_second,1,94,submit_us,master,current,692.5415,430.1875,692.5415,433.7505,-245.8535,"[-260.75, -241.583]",-36.1311644785454,"[-37.193290710184314, -35.42728767444183]",12,3,36,10000
gpu,ptsans,2,grid_pollution,hot_second,1,94,complete_us,master,current,1133.1455,866.125,1117.2705,861.3335,-257.10400000000004,"[-283.604, -235.0834999999999]",-23.130439053599293,"[-25.28828239518183, -21.11026892421122]",12,3,36,10000
gpu,ptsans,2,grid_pollution,hot_second,1,94,draw_us,master,final,657.25,395.688,656.3544999999999,397.79200000000003,-261.313,"[-274.1045, -240.60399999999998]",-40.355758250870934,"[-41.23535449626495, -37.357272061091905]",12,3,36,10000
gpu,ptsans,2,grid_pollution,hot_second,1,94,submit_us,master,final,692.5415,434.0215,692.5415,434.4375,-264.375,"[-277.021, -241.02050000000003]",-38.64212020842375,"[-39.49369964006465, -35.497089478931024]",12,3,36,10000
gpu,ptsans,2,grid_pollution,hot_second,1,94,complete_us,master,final,1133.1455,860.6465,1117.2705,861.125,-276.12549999999993,"[-291.47900000000004, -258.3545]",-24.760282654556683,"[-25.434054661741268, -22.90534216605739]",12,3,36,10000
gpu,ptsans,2,grid_pollution,hot_second,1,94,draw_us,master,pool,657.25,391.47900000000004,656.3544999999999,386.542,-268.5,"[-292.8545, -236.083]",-41.331330115046676,"[-43.378540212237, -37.32494762950414]",12,3,36,10000
gpu,ptsans,2,grid_pollution,hot_second,1,94,submit_us,master,pool,692.5415,426.47900000000004,692.5415,423.458,-269.64549999999997,"[-293.625, -240.77100000000002]",-39.41247083292928,"[-41.740543768359544, -35.92853982688863]",12,3,36,10000
gpu,ptsans,2,grid_pollution,hot_second,1,94,complete_us,master,pool,1133.1455,864.396,1117.2705,864.375,-258.31249999999994,"[-296.6245, -236.08350000000007]",-23.30463750857347,"[-25.828176860396667, -20.998165166559268]",12,3,36,10000
gpu,ptsans,2,grid_pollution,hot_second,1,94,draw_us,current,final,395.1455,395.688,395.896,397.79200000000003,-3.3954999999999984,"[-9.063499999999976, 10.729500000000002]",-0.8449188306315802,"[-2.281572793476261, 2.77211364137111]",12,3,36,10000
gpu,ptsans,2,grid_pollution,hot_second,1,94,submit_us,current,final,430.1875,434.0215,433.7505,434.4375,-5.333499999999987,"[-15.875499999999988, 15.353999999999985]",-1.2147959449121504,"[-3.662605879629799, 3.6735335646108425]",12,3,36,10000
gpu,ptsans,2,grid_pollution,hot_second,1,94,complete_us,current,final,866.125,860.6465,861.3335,861.125,-1.3129999999999882,"[-20.708000000000027, 4.396000000000015]",-0.15261751224885933,"[-2.3861542037562744, 0.5096849105752144]",12,3,36,10000
gpu,ptsans,2,grid_pollution,hot_second,1,94,draw_us,current,pool,395.1455,391.47900000000004,395.896,386.542,-2.3125000000000284,"[-18.43799999999996, 14.354499999999973]",-0.586224879084779,"[-4.593664781892365, 3.7608513146063394]",12,3,36,10000
gpu,ptsans,2,grid_pollution,hot_second,1,94,submit_us,current,pool,430.1875,426.47900000000004,433.7505,423.458,-3.375499999999988,"[-23.042, 12.790999999999997]",-0.7762737079684501,"[-5.267341730791147, 3.0703466888753694]",12,3,36,10000
gpu,ptsans,2,grid_pollution,hot_second,1,94,complete_us,current,pool,866.125,864.396,861.3335,864.375,6.166500000000042,"[-31.394999999999982, 40.83299999999997]",0.715056725264307,"[-3.584460220084218, 4.7938915476488315]",12,3,36,10000
gpu,ptsans,2,grid_pollution,hot_second,1,94,draw_us,final,pool,395.688,391.47900000000004,397.79200000000003,386.542,-4.1875,"[-12.104499999999973, 5.104499999999973]",-1.0431919291577607,"[-3.0610347604408505, 1.3312820025343286]",12,3,36,10000
gpu,ptsans,2,grid_pollution,hot_second,1,94,submit_us,final,pool,434.0215,426.47900000000004,434.4375,423.458,-5.333499999999987,"[-10.667499999999961, 4.874999999999972]",-1.237978663618594,"[-2.4611883996995934, 1.1500258458493229]",12,3,36,10000
gpu,ptsans,2,grid_pollution,hot_second,1,94,complete_us,final,pool,860.6465,864.396,861.125,864.375,16.603999999999985,"[-0.12499999999994316, 28.89549999999997]",1.9596205351793405,"[-0.01547175872406159, 3.444852155276168]",12,3,36,10000
gpu,ptsans,2,grid_pollution,pollution,64,6016,draw_us,master,current,671.4573515,706.620703,674.1624375,706.8967815,36.83462500000002,"[29.85247700000002, 47.48731200000003]",5.5114984620437735,"[4.433571802953851, 6.961382893515832]",12,3,36,10000
gpu,ptsans,2,grid_pollution,pollution,64,6016,submit_us,master,current,706.3681405,742.7489765,709.7653045,743.2864605,38.73080450000003,"[31.284562499999993, 49.84176550000001]",5.507508414294726,"[4.420766076156967, 6.9367631248877455]",12,3,36,10000
gpu,ptsans,2,grid_pollution,pollution,64,6016,complete_us,master,current,1270.152961,1314.0589375,1256.9186875,1327.029961,75.41789100000005,"[-23.897405999999933, 112.53147700000011]",6.089869031822969,"[-1.7628828140239083, 9.000773014086628]",12,3,36,10000
gpu,ptsans,2,grid_pollution,pollution,64,6016,draw_us,master,final,671.4573515,664.5162735,674.1624375,665.0703435,-9.176413999999966,"[-17.313101500000016, 3.2292580000000157]",-1.3582982008305489,"[-2.528474390178875, 0.48628021107308683]",12,3,36,10000
gpu,ptsans,2,grid_pollution,pollution,64,6016,submit_us,master,final,706.3681405,699.9163285,709.7653045,699.5651330000001,-8.648077999999998,"[-18.918570500000044, 4.400429999999972]",-1.2226604658758966,"[-2.6236293820451175, 0.6291190157985849]",12,3,36,10000
gpu,ptsans,2,grid_pollution,pollution,64,6016,complete_us,master,final,1270.152961,1227.468406,1256.9186875,1227.468406,-38.490179999999896,"[-63.29882049999992, 1.712202500000103]",-3.0143322677452176,"[-4.854942342165202, 0.1541180002362863]",12,3,36,10000
gpu,ptsans,2,grid_pollution,pollution,64,6016,draw_us,master,pool,671.4573515,684.2503200000001,674.1624375,682.702172,11.69406250000003,"[1.0705940000000282, 17.73017950000002]",1.7590267723612163,"[0.15946240845748916, 2.6570274026002094]",12,3,36,10000
gpu,ptsans,2,grid_pollution,pollution,64,6016,submit_us,master,pool,706.3681405,720.0383750000001,709.7653045,717.967789,11.87896900000004,"[0.6158755000000156, 17.833054999999945]",1.6970620303980222,"[0.08684762811201896, 2.536706049207227]",12,3,36,10000
gpu,ptsans,2,grid_pollution,pollution,64,6016,complete_us,master,pool,1270.152961,1250.3736875,1256.9186875,1244.338883,-31.26399200000003,"[-81.1022109999999, 63.953469000000155]",-2.534715000297938,"[-6.167818770214062, 5.083314863977928]",12,3,36,10000
gpu,ptsans,2,grid_pollution,pollution,64,6016,draw_us,current,final,706.620703,664.5162735,706.8967815,665.0703435,-48.560843999999975,"[-58.38249200000001, -35.367468500000086]",-6.864564738691847,"[-8.066723060631542, -5.041711090852047]",12,3,36,10000
gpu,ptsans,2,grid_pollution,pollution,64,6016,submit_us,current,final,742.7489765,699.9163285,743.2864605,699.5651330000001,-49.615522999999996,"[-61.18647600000003, -35.78509349999996]",-6.671179622048373,"[-7.856558812878517, -4.853190658719836]",12,3,36,10000
gpu,ptsans,2,grid_pollution,pollution,64,6016,complete_us,current,final,1314.0589375,1227.468406,1327.029961,1227.468406,-98.06765649999988,"[-146.39455499999997, -41.330719000000045]",-7.432522823922094,"[-10.905528209215316, -3.186997205479314]",12,3,36,10000
gpu,ptsans,2,grid_pollution,pollution,64,6016,draw_us,current,pool,706.620703,684.2503200000001,706.8967815,682.702172,-30.649726499999986,"[-36.791281500000025, -17.074820499999987]",-4.368141899240019,"[-5.111466904675293, -2.4241551135694372]",12,3,36,10000
gpu,ptsans,2,grid_pollution,pollution,64,6016,submit_us,current,pool,742.7489765,720.0383750000001,743.2864605,717.967789,-32.79033549999997,"[-39.50390550000003, -17.51374999999996]",-4.446349663386018,"[-5.258185267039228, -2.3675062163150242]",12,3,36,10000
gpu,ptsans,2,grid_pollution,pollution,64,6016,complete_us,current,pool,1314.0589375,1250.3736875,1327.029961,1244.338883,-79.10969499999999,"[-122.36026549999997, -28.48695299999997]",-6.1182101037989325,"[-9.091538366556978, -2.1081327805783143]",12,3,36,10000
gpu,ptsans,2,grid_pollution,pollution,64,6016,draw_us,final,pool,664.5162735,684.2503200000001,665.0703435,682.702172,15.664679500000034,"[7.983422000000019, 25.605437499999994]",2.3697509277460838,"[1.197241761433776, 3.85124042592766]",12,3,36,10000
gpu,ptsans,2,grid_pollution,pollution,64,6016,submit_us,final,pool,699.9163285,720.0383750000001,699.5651330000001,717.967789,15.376921999999979,"[6.2236800000000585, 25.50491450000004]",2.2083248865350957,"[0.8847888641641433, 3.638672509282026]",12,3,36,10000
gpu,ptsans,2,grid_pollution,pollution,64,6016,complete_us,final,pool,1227.468406,1250.3736875,1227.468406,1244.338883,-0.9416949999998678,"[-37.77897599999994, 90.00681299999997]",-0.010086407160525557,"[-3.025606159251182, 7.54348036211595]",12,3,36,10000
gpu,ptsans,2,grid_singleton,once,1,94,draw_us,master,current,755.2705000000001,778.6875,756.7080000000001,779.854,30.770500000000027,"[9.209000000000003, 45.208999999999946]",4.100350927897156,"[1.2112175688430038, 6.070961049914025]",12,3,36,10000
gpu,ptsans,2,grid_singleton,once,1,94,submit_us,master,current,2096.6035,2108.062,2097.7705,2108.062,38.20849999999996,"[-4.395500000000084, 55.750499999999874]",1.798950031868085,"[-0.20810614557559282, 2.7274192899819805]",12,3,36,10000
gpu,ptsans,2,grid_singleton,once,1,94,complete_us,master,current,3038.0415000000003,3065.833,3030.1245,3052.083,50.77099999999996,"[-77.14550000000008, 202.89550000000008]",1.7068710137515652,"[-2.500474590661411, 6.823871269005311]",12,3,36,10000
gpu,ptsans,2,grid_singleton,once,1,94,draw_us,master,final,755.2705000000001,718.4794999999999,756.7080000000001,720.521,-30.77049999999997,"[-59.125, -10.562999999999988]",-4.089482048680959,"[-7.738904253396894, -1.401965183820364]",12,3,36,10000
gpu,ptsans,2,grid_singleton,once,1,94,submit_us,master,final,2096.6035,2040.25,2097.7705,2042.125,-57.1875,"[-98.39599999999996, -32.83349999999996]",-2.7147650759750785,"[-4.646886885087554, -1.5985365380891514]",12,3,36,10000
gpu,ptsans,2,grid_singleton,once,1,94,complete_us,master,final,3038.0415000000003,3010.437,3030.1245,3011.0625,52.708000000000084,"[-140.4375, 144.25]",1.7437718141713021,"[-4.563369296158543, 5.009394666656119]",12,3,36,10000
gpu,ptsans,2,grid_singleton,once,1,94,draw_us,master,pool,755.2705000000001,719.875,756.7080000000001,719.208,-38.43700000000001,"[-68.47899999999998, 1.271000000000015]",-5.132354883506718,"[-8.882275119153043, 0.1936121024170956]",12,3,36,10000
gpu,ptsans,2,grid_singleton,once,1,94,submit_us,master,pool,2096.6035,2066.7084999999997,2097.7705,2078.2084999999997,-38.66650000000004,"[-62.395500000000084, -6.0625]",-1.8866880403336728,"[-2.921188425956056, -0.28530913940255087]",12,3,36,10000
gpu,ptsans,2,grid_singleton,once,1,94,complete_us,master,pool,3038.0415000000003,3029.3955,3030.1245,3012.4375,36.5625,"[-114.62450000000013, 137.8125]",1.2424875854380513,"[-3.7600131438541076, 4.7863413033629065]",12,3,36,10000
gpu,ptsans,2,grid_singleton,once,1,94,draw_us,current,final,778.6875,718.4794999999999,779.854,720.521,-47.10449999999997,"[-103.52100000000002, -27.79200000000003]",-6.12253095644682,"[-13.010537185168747, -3.5759926007299327]",12,3,36,10000
gpu,ptsans,2,grid_singleton,once,1,94,submit_us,current,final,2108.062,2040.25,2108.062,2042.125,-80.14599999999996,"[-123.50049999999987, -18.521499999999833]",-3.8355192413781607,"[-5.696839839809048, -0.8996260508381371]",12,3,36,10000
gpu,ptsans,2,grid_singleton,once,1,94,complete_us,current,final,3065.833,3010.437,3052.083,3011.0625,-9.625,"[-134.52050000000008, 113.16650000000004]",-0.3046819532630918,"[-4.331278484506257, 3.846428418528758]",12,3,36,10000
gpu,ptsans,2,grid_singleton,once,1,94,draw_us,current,pool,778.6875,719.875,779.854,719.208,-60.208500000000015,"[-89.54150000000004, -21.5625]",-7.805789294122595,"[-11.064273128926743, -2.796202691619065]",12,3,36,10000
gpu,ptsans,2,grid_singleton,once,1,94,submit_us,current,pool,2108.062,2066.7084999999997,2108.062,2078.2084999999997,-64.35400000000016,"[-104.70899999999983, 6.625]",-3.062292550365675,"[-4.862754151393228, 0.32917841730318864]",12,3,36,10000
gpu,ptsans,2,grid_singleton,once,1,94,complete_us,current,pool,3065.833,3029.3955,3052.083,3012.4375,15.375,"[-116.72850000000017, 57.70849999999996]",0.516155201150803,"[-3.823393330731267, 1.930551565420069]",12,3,36,10000
gpu,ptsans,2,grid_singleton,once,1,94,draw_us,final,pool,718.4794999999999,719.875,720.521,719.208,-12.145500000000027,"[-34.04199999999997, 22.937999999999988]",-1.702260692283536,"[-4.523312098062432, 3.1595592689315777]",12,3,36,10000
gpu,ptsans,2,grid_singleton,once,1,94,submit_us,final,pool,2040.25,2066.7084999999997,2042.125,2078.2084999999997,7.291999999999916,"[-22.583499999999958, 56.083000000000084]",0.3615525900485139,"[-1.0802332257523306, 2.7667020879198145]",12,3,36,10000
gpu,ptsans,2,grid_singleton,once,1,94,complete_us,final,pool,3010.437,3029.3955,3011.0625,3012.4375,-24.083499999999958,"[-97.0625, 165.22949999999992]",-0.8063910002009456,"[-3.1512179416427033, 5.810049638820935]",12,3,36,10000
gpu,ptsans,2,grid_two_phases,first,1,94,draw_us,master,current,729.3335,761.083,732.792,760.6669999999999,37.333500000000015,"[-2.8125, 58.93700000000001]",5.1093808597643005,"[-0.34801521826374193, 8.11852604810489]",12,3,36,10000
gpu,ptsans,2,grid_two_phases,first,1,94,submit_us,master,current,1930.896,1975.1455,1938.1665,1963.0,2.79200000000003,"[-55.20850000000007, 123.10400000000004]",0.14400558364379146,"[-2.787324943512026, 6.471582005436205]",12,3,36,10000
gpu,ptsans,2,grid_two_phases,first,1,94,complete_us,master,current,2882.166,2918.75,2878.458,2935.5205,55.08349999999996,"[-59.08349999999996, 208.33349999999996]",1.891952637124733,"[-2.0024265260094323, 7.625869903274762]",12,3,36,10000
gpu,ptsans,2,grid_two_phases,first,1,94,draw_us,master,final,729.3335,682.1455000000001,732.792,679.875,-53.103999999999985,"[-88.16649999999998, -31.978999999999985]",-7.353274041924468,"[-11.464885002626414, -4.29498046981886]",12,3,36,10000
gpu,ptsans,2,grid_two_phases,first,1,94,submit_us,master,final,1930.896,1907.375,1938.1665,1905.6255,-25.020500000000084,"[-89.14599999999996, 25.791500000000042]",-1.2475707306061679,"[-4.563153982391293, 1.3332886896776697]",12,3,36,10000
gpu,ptsans,2,grid_two_phases,first,1,94,complete_us,master,final,2882.166,2830.6875,2878.458,2840.8334999999997,-19.394500000000335,"[-235.77050000000008, 101.45849999999996]",-0.6715464543928962,"[-7.854462086521686, 3.618645338805848]",12,3,36,10000
gpu,ptsans,2,grid_two_phases,first,1,94,draw_us,master,pool,729.3335,702.25,732.792,698.5415,-27.583000000000027,"[-73.50050000000005, 6.875499999999988]",-3.8536011350132626,"[-9.528837467946172, 0.9437537011942332]",12,3,36,10000
gpu,ptsans,2,grid_two_phases,first,1,94,submit_us,master,pool,1930.896,1933.208,1938.1665,1930.104,-3.645999999999958,"[-77.70850000000007, 93.29250000000002]",-0.18859167722661274,"[-3.832998652220038, 4.98771973490173]",12,3,36,10000
gpu,ptsans,2,grid_two_phases,first,1,94,complete_us,master,pool,2882.166,2856.6665000000003,2878.458,2853.0625,32.916999999999916,"[-63.52000000000021, 182.89550000000008]",1.239914002761855,"[-2.2248471731021677, 6.511393048816649]",12,3,36,10000
gpu,ptsans,2,grid_two_phases,first,1,94,draw_us,current,final,761.083,682.1455000000001,760.6669999999999,679.875,-77.43750000000006,"[-111.9785, -43.10400000000004]",-10.335685643556813,"[-14.306545557170358, -5.829422818112057]",12,3,36,10000
gpu,ptsans,2,grid_two_phases,first,1,94,submit_us,current,final,1975.1455,1907.375,1963.0,1905.6255,-50.66650000000004,"[-116.97900000000004, -7.333500000000072]",-2.5830741999961826,"[-5.76942315715484, -0.381651097143465]",12,3,36,10000
gpu,ptsans,2,grid_two_phases,first,1,94,complete_us,current,final,2918.75,2830.6875,2935.5205,2840.8334999999997,-156.10350000000017,"[-364.4575000000002, 28.06349999999975]",-5.152319053041483,"[-12.099102872762941, 0.9874977605431323]",12,3,36,10000
gpu,ptsans,2,grid_two_phases,first,1,94,draw_us,current,pool,761.083,702.25,760.6669999999999,698.5415,-64.10450000000003,"[-89.72900000000004, -11.478500000000054]",-8.547020433522391,"[-11.538119231398175, -1.567728140932767]",12,3,36,10000
gpu,ptsans,2,grid_two_phases,first,1,94,submit_us,current,pool,1975.1455,1933.208,1963.0,1930.104,-8.70900000000006,"[-108.08300000000008, 72.9375]",-0.4498398163544248,"[-5.411611501734959, 3.8888795217771]",12,3,36,10000
gpu,ptsans,2,grid_two_phases,first,1,94,complete_us,current,pool,2918.75,2856.6665000000003,2935.5205,2853.0625,-35.95750000000021,"[-174.83349999999996, 33.3125]",-1.2717366560465904,"[-5.60389744233416, 1.0854964356237562]",12,3,36,10000
gpu,ptsans,2,grid_two_phases,first,1,94,draw_us,final,pool,682.1455000000001,702.25,679.875,698.5415,15.64549999999997,"[7.375, 45.08299999999997]",2.292702419696291,"[1.0852386670847092, 6.381027940277729]",12,3,36,10000
gpu,ptsans,2,grid_two_phases,first,1,94,submit_us,final,pool,1907.375,1933.208,1905.6255,1930.104,7.936999999999898,"[-22.562000000000126, 92.54200000000003]",0.4166451355423706,"[-1.1757800343462688, 4.89117929456836]",12,3,36,10000
gpu,ptsans,2,grid_two_phases,first,1,94,complete_us,final,pool,2830.6875,2856.6665000000003,2840.8334999999997,2853.0625,68.58349999999996,"[-55.229499999999916, 197.5825000000002]",2.4300362786270346,"[-1.927296067624179, 7.108048716903193]",12,3,36,10000
gpu,ptsans,2,grid_two_phases,second,1,94,draw_us,master,current,661.5835,394.0625,655.604,392.04200000000003,-266.521,"[-279.8125, -245.4795]",-40.36001751125872,"[-41.94432764297382, -37.99845179136038]",12,3,36,10000
gpu,ptsans,2,grid_two_phases,second,1,94,submit_us,master,current,695.771,431.08349999999996,692.583,431.08349999999996,-269.937,"[-284.125, -245.02050000000006]",-38.621201307845936,"[-40.307653156519535, -36.01666976417896]",12,3,36,10000
gpu,ptsans,2,grid_two_phases,second,1,94,complete_us,master,current,1131.333,869.9585,1130.312,868.7294999999999,-251.52050000000003,"[-288.625, -165.6864999999999]",-22.56293400381637,"[-25.24504163186915, -14.41300226765097]",12,3,36,10000
gpu,ptsans,2,grid_two_phases,second,1,94,draw_us,master,final,661.5835,398.688,655.604,398.4375,-265.2705000000001,"[-269.7085, -251.85400000000004]",-40.351631071226606,"[-40.696136941497635, -38.90869543678866]",12,3,36,10000
gpu,ptsans,2,grid_two_phases,second,1,94,submit_us,master,final,695.771,434.58349999999996,692.583,434.58349999999996,-264.58299999999997,"[-269.6245, -246.54150000000004]",-38.1175567133745,"[-38.715227835468674, -36.290147090310086]",12,3,36,10000
gpu,ptsans,2,grid_two_phases,second,1,94,complete_us,master,final,1131.333,862.25,1130.312,866.0,-277.4789999999999,"[-299.08349999999996, -238.2709999999999]",-24.407212939026266,"[-25.764092824366507, -21.24691040356302]",12,3,36,10000
gpu,ptsans,2,grid_two_phases,second,1,94,draw_us,master,pool,661.5835,390.7495,655.604,389.6665,-263.35400000000004,"[-282.0, -256.7495]",-40.22698955872097,"[-42.26154467528271, -39.132043067888205]",12,3,36,10000
gpu,ptsans,2,grid_two_phases,second,1,94,submit_us,master,pool,695.771,427.54150000000004,692.583,426.25,-263.4575,"[-284.458, -259.166]",-38.414921821186056,"[-40.540369823970586, -36.902206818190635]",12,3,36,10000
gpu,ptsans,2,grid_two_phases,second,1,94,complete_us,master,pool,1131.333,856.1665,1130.312,852.375,-268.52099999999996,"[-320.1664999999999, -216.97899999999993]",-23.90735050323064,"[-27.522262099726603, -19.573966842878242]",12,3,36,10000
gpu,ptsans,2,grid_two_phases,second,1,94,draw_us,current,final,394.0625,398.688,392.04200000000003,398.4375,1.4174999999999613,"[-7.457999999999998, 14.541499999999985]",0.3979140955692295,"[-1.8752573746149748, 3.7517620086315873]",12,3,36,10000
gpu,ptsans,2,grid_two_phases,second,1,94,submit_us,current,final,431.08349999999996,434.58349999999996,431.08349999999996,434.58349999999996,6.187000000000012,"[-2.9584999999999866, 9.395500000000027]",1.4410735627241045,"[-0.6671006055116779, 2.219573481598913]",12,3,36,10000
gpu,ptsans,2,grid_two_phases,second,1,94,complete_us,current,final,869.9585,862.25,868.7294999999999,866.0,-4.208000000000027,"[-130.29200000000003, 18.916500000000042]",-0.4912380406253414,"[-12.935510539452688, 2.1527635290183977]",12,3,36,10000
gpu,ptsans,2,grid_two_phases,second,1,94,draw_us,current,pool,394.0625,390.7495,392.04200000000003,389.6665,1.2284999999999968,"[-10.124500000000012, 2.6670000000000016]",0.31959849241971483,"[-2.4711141213688337, 0.6796222231452931]",12,3,36,10000
gpu,ptsans,2,grid_two_phases,second,1,94,submit_us,current,pool,431.08349999999996,427.54150000000004,431.08349999999996,426.25,-0.3334999999999866,"[-7.68700000000004, 6.354000000000013]",-0.06933316338788575,"[-1.7297175644025886, 1.507187026546708]",12,3,36,10000
gpu,ptsans,2,grid_two_phases,second,1,94,complete_us,current,pool,869.9585,856.1665,868.7294999999999,852.375,-12.416499999999985,"[-56.375, 0.7075000000000387]",-1.4355209275618286,"[-6.141491080472345, 0.08333103350429694]",12,3,36,10000
gpu,ptsans,2,grid_two_phases,second,1,94,draw_us,final,pool,398.688,390.7495,398.4375,389.6665,-1.7709999999999866,"[-18.375500000000017, 5.62450000000004]",-0.46138449256957204,"[-4.511571060661812, 1.4206006394087312]",12,3,36,10000
gpu,ptsans,2,grid_two_phases,second,1,94,submit_us,final,pool,434.58349999999996,427.54150000000004,434.58349999999996,426.25,-1.9375,"[-20.395500000000027, 5.937999999999988]",-0.45140343965909824,"[-4.657409453972495, 1.3767889458623284]",12,3,36,10000
gpu,ptsans,2,grid_two_phases,second,1,94,complete_us,final,pool,862.25,856.1665,866.0,852.375,-2.04200000000003,"[-26.458500000000015, 38.87500000000006]",-0.23602131499821932,"[-3.0168439422056883, 4.495747876287581]",12,3,36,10000
gpu,ptsans,2,grid_unique_sizes,sweep,32,3008,draw_us,master,current,659.2324060000001,691.190828,659.2324060000001,690.6191875,31.97404649999993,"[26.27732850000001, 40.14787549999994]",4.8624226199658445,"[3.9838862195614166, 6.0982713259296055]",12,3,36,10000
gpu,ptsans,2,grid_unique_sizes,sweep,32,3008,submit_us,master,current,732.394578,764.168656,732.7194215,760.874375,31.718889999999988,"[26.417890999999997, 45.360656000000006]",4.3535498642839565,"[3.6101935805028407, 6.1698083062507685]",12,3,36,10000
gpu,ptsans,2,grid_unique_sizes,sweep,32,3008,complete_us,master,current,1361.024078,1375.434922,1364.9785160000001,1381.410203,18.840999999999894,"[-34.78179699999987, 69.99743749999993]",1.3748637184263335,"[-2.5457024621820032, 5.300531102752004]",12,3,36,10000
gpu,ptsans,2,grid_unique_sizes,sweep,32,3008,draw_us,master,final,659.2324060000001,649.4199060000001,659.2324060000001,651.2005154999999,-4.074265499999967,"[-19.31564050000003, 0.6217185000000427]",-0.6171768655488241,"[-2.9368727038210807, 0.09826660055516356]",12,3,36,10000
gpu,ptsans,2,grid_unique_sizes,sweep,32,3008,submit_us,master,final,732.394578,722.4635785,732.7194215,726.384172,-2.9687190000000214,"[-18.241422, 1.1419534999999996]",-0.40467179458048563,"[-2.503715352097963, 0.1560170281931228]",12,3,36,10000
gpu,ptsans,2,grid_unique_sizes,sweep,32,3008,complete_us,master,final,1361.024078,1337.5872345,1364.9785160000001,1340.619203,-23.589202999999884,"[-58.7147195, 13.82487500000002]",-1.7159966082706923,"[-4.303080790557518, 1.014278606725827]",12,3,36,10000
gpu,ptsans,2,grid_unique_sizes,sweep,32,3008,draw_us,master,pool,659.2324060000001,672.4479065,659.2324060000001,669.9499065,16.599578000000008,"[5.237734499999988, 33.28514099999995]",2.53228505379568,"[0.7936835369004247, 5.101827220932154]",12,3,36,10000
gpu,ptsans,2,grid_unique_sizes,sweep,32,3008,submit_us,master,pool,732.394578,744.848281,732.7194215,742.6952965,17.72592199999997,"[6.167999500000008, 37.11137500000001]",2.4372430173078885,"[0.8415193669128906, 5.1976375460634605]",12,3,36,10000
gpu,ptsans,2,grid_unique_sizes,sweep,32,3008,complete_us,master,pool,1361.024078,1365.1958905,1364.9785160000001,1360.223297,-0.05346899999995003,"[-50.12370299999998, 51.630874999999946]",-0.0033661566627762873,"[-3.6731385959865914, 3.8981761931971004]",12,3,36,10000
gpu,ptsans,2,grid_unique_sizes,sweep,32,3008,draw_us,current,final,691.190828,649.4199060000001,690.6191875,651.2005154999999,-38.32098500000001,"[-51.99614049999997, -25.414733999999953]",-5.544092624153474,"[-7.443734689737636, -3.704629690703764]",12,3,36,10000
gpu,ptsans,2,grid_unique_sizes,sweep,32,3008,submit_us,current,final,764.168656,722.4635785,760.874375,726.384172,-35.910765500000025,"[-50.93424999999996, -26.01818750000001]",-4.737152418189671,"[-6.683031686939955, -3.4253329196905935]",12,3,36,10000
gpu,ptsans,2,grid_unique_sizes,sweep,32,3008,complete_us,current,final,1375.434922,1337.5872345,1381.410203,1340.619203,-39.764937999999916,"[-103.88339050000002, 0.8898594999999432]",-2.8941501503533473,"[-7.408526039987545, 0.06963883991699671]",12,3,36,10000
gpu,ptsans,2,grid_unique_sizes,sweep,32,3008,draw_us,current,pool,691.190828,672.4479065,690.6191875,669.9499065,-17.456406499999957,"[-21.97199949999998, -6.70643750000005]",-2.54417784985973,"[-3.1754943009993983, -0.9771563885420553]",12,3,36,10000
gpu,ptsans,2,grid_unique_sizes,sweep,32,3008,submit_us,current,pool,764.168656,744.848281,760.874375,742.6952965,-15.921875000000057,"[-23.33279699999997, -7.903030999999999]",-2.0695806620834367,"[-3.0603346390391586, -1.0459301712347935]",12,3,36,10000
gpu,ptsans,2,grid_unique_sizes,sweep,32,3008,complete_us,current,pool,1375.434922,1365.1958905,1381.410203,1360.223297,-15.7402965,"[-46.44073399999991, 6.065734499999962]",-1.1272368983641645,"[-3.3304333348316506, 0.44175693824088924]",12,3,36,10000
gpu,ptsans,2,grid_unique_sizes,sweep,32,3008,draw_us,final,pool,649.4199060000001,672.4479065,651.2005154999999,669.9499065,18.708296499999904,"[11.705046999999979, 23.744218999999987]",2.8322773763888143,"[1.7865224413846303, 3.674408740340529]",12,3,36,10000
gpu,ptsans,2,grid_unique_sizes,sweep,32,3008,submit_us,final,pool,722.4635785,744.848281,726.384172,742.6952965,17.510422500000004,"[9.136718500000029, 21.421093499999984]",2.387603994870724,"[1.2519455234550003, 2.9719183930208337]",12,3,36,10000
gpu,ptsans,2,grid_unique_sizes,sweep,32,3008,complete_us,final,pool,1337.5872345,1365.1958905,1340.619203,1360.223297,-1.6881875000000264,"[-18.06570249999993, 88.6816255]",-0.1197893451965415,"[-1.3068188695377958, 7.018655682793506]",12,3,36,10000
gpu,ptsans,2,grid_unique_variations,sweep,32,3008,draw_us,master,current,531.2402185000001,560.028625,529.507828,563.1276250000001,33.01160900000002,"[23.33079650000002, 39.45320349999997]",6.339890583702723,"[4.3714357940553565, 7.488840282956288]",12,3,36,10000
gpu,ptsans,2,grid_unique_variations,sweep,32,3008,submit_us,master,current,602.540375,634.052047,600.916641,637.4616095,35.07164050000006,"[22.370452999999998, 41.301984000000004]",5.863955974281055,"[3.6989727407820583, 6.894805578892049]",12,3,36,10000
gpu,ptsans,2,grid_unique_variations,sweep,32,3008,complete_us,master,current,1151.1991564999998,1260.6132659999998,1103.5338434999999,1259.99875,137.63725049999994,"[42.780672000000095, 219.41139099999998]",12.561998292536668,"[3.620168369103227, 20.856072453753338]",12,3,36,10000
gpu,ptsans,2,grid_unique_variations,sweep,32,3008,draw_us,master,final,531.2402185000001,446.914172,529.507828,446.914172,-80.55800000000005,"[-88.56970300000006, -77.30273400000004]",-15.18371328864399,"[-16.64696535668248, -14.735105944483463]",12,3,36,10000
gpu,ptsans,2,grid_unique_variations,sweep,32,3008,submit_us,master,final,602.540375,519.8021249999999,600.916641,519.8021249999999,-79.65159399999999,"[-93.61017199999998, -73.27337549999993]",-13.224570809453695,"[-15.42387431493561, -12.201694986607393]",12,3,36,10000
gpu,ptsans,2,grid_unique_variations,sweep,32,3008,complete_us,master,final,1151.1991564999998,980.1263125,1103.5338434999999,977.5117345,-125.88221849999996,"[-210.42382750000002, -72.96224999999998]",-11.3813811358755,"[-17.835710681287626, -6.982306744428296]",12,3,36,10000
gpu,ptsans,2,grid_unique_variations,sweep,32,3008,draw_us,master,pool,531.2402185000001,463.419953,529.507828,464.06385950000004,-67.13349999999997,"[-69.27339050000003, -57.03831200000005]",-12.707048374468027,"[-12.978192819268681, -10.754591418500986]",12,3,36,10000
gpu,ptsans,2,grid_unique_variations,sweep,32,3008,submit_us,master,pool,602.540375,538.1595315,600.916641,538.1595315,-64.44593750000001,"[-67.78575000000001, -56.050062500000024]",-10.739342050562517,"[-11.184840205305907, -9.443384024681322]",12,3,36,10000
gpu,ptsans,2,grid_unique_variations,sweep,32,3008,complete_us,master,pool,1151.1991564999998,1079.1887809999998,1103.5338434999999,1050.224641,-72.88943799999998,"[-111.3430315, -5.426452499999982]",-6.343698639562584,"[-9.546816919012835, -0.5131899511307714]",12,3,36,10000
gpu,ptsans,2,grid_unique_variations,sweep,32,3008,draw_us,current,final,560.028625,446.914172,563.1276250000001,446.914172,-120.2616715,"[-126.95378150000002, -106.14064050000002]",-21.290446275885206,"[-22.303833299028504, -19.068429999814697]",12,3,36,10000
gpu,ptsans,2,grid_unique_variations,sweep,32,3008,submit_us,current,final,634.052047,519.8021249999999,637.4616095,519.8021249999999,-119.18682800000005,"[-131.92842199999998, -106.53518749999995]",-18.651123294665545,"[-20.56296385737796, -16.88401795284511]",12,3,36,10000
gpu,ptsans,2,grid_unique_variations,sweep,32,3008,complete_us,current,final,1260.6132659999998,980.1263125,1259.99875,977.5117345,-277.0715624999999,"[-300.6738435000001, -222.60607749999997]",-21.787344806507907,"[-23.705653638312434, -18.16920485645473]",12,3,36,10000
gpu,ptsans,2,grid_unique_variations,sweep,32,3008,draw_us,current,pool,560.028625,463.419953,563.1276250000001,464.06385950000004,-98.57364049999998,"[-103.74362450000001, -85.359344]",-17.598911149846806,"[-18.440125032861623, -15.295916514308056]",12,3,36,10000
gpu,ptsans,2,grid_unique_variations,sweep,32,3008,submit_us,current,pool,634.052047,538.1595315,637.4616095,538.1595315,-97.79756250000003,"[-103.26170300000001, -82.30196799999999]",-15.446898549432397,"[-16.171832999705575, -12.981728184364737]",12,3,36,10000
gpu,ptsans,2,grid_unique_variations,sweep,32,3008,complete_us,current,pool,1260.6132659999998,1079.1887809999998,1259.99875,1050.224641,-175.69271849999996,"[-256.319203, -112.40371950000002]",-13.837764873760626,"[-20.439966863534984, -9.379510097154519]",12,3,36,10000
gpu,ptsans,2,grid_unique_variations,sweep,32,3008,draw_us,final,pool,446.914172,463.419953,446.914172,464.06385950000004,14.130735000000016,"[10.26168800000002, 22.852218499999992]",3.1739084063221124,"[2.2767241051722786, 5.143548935156971]",12,3,36,10000
gpu,ptsans,2,grid_unique_variations,sweep,32,3008,submit_us,final,pool,519.8021249999999,538.1595315,519.8021249999999,538.1595315,13.95764100000008,"[9.18493749999999, 24.83089099999995]",2.691290481209241,"[1.7499245030778154, 4.806968145010925]",12,3,36,10000
gpu,ptsans,2,grid_unique_variations,sweep,32,3008,complete_us,final,pool,980.1263125,1079.1887809999998,977.5117345,1050.224641,67.92578150000003,"[-0.9194370000000163, 200.44134399999996]",7.011507773945569,"[-0.06158522761850471, 20.517214140190198]",12,3,36,10000
gpu,ptsans,2,text,first_paint,1,1253,draw_us,master,current,13037.979,12363.2915,13037.979,12363.2915,-605.6040000000012,"[-874.4590000000007, -523.1034999999993]",-4.648139517462585,"[-6.647140453718386, -4.057230042489457]",12,3,36,10000
gpu,ptsans,2,text,first_paint,1,1253,submit_us,master,current,20003.292,19331.896,19966.7085,19331.896,-506.3125,"[-1009.3125, -106.72949999999946]",-2.5702990090906486,"[-5.01848526881431, -0.5307519061598542]",12,3,36,10000
gpu,ptsans,2,text,first_paint,1,1253,complete_us,master,current,31028.500500000002,30177.2705,31184.146,30174.2915,-1061.0,"[-1562.375, -204.87500000000182]",-3.3552924249638183,"[-4.910597802072497, -0.6953863489509382]",12,3,36,10000
gpu,ptsans,2,text,first_paint,1,1253,draw_us,master,final,13037.979,12153.957999999999,13037.979,12141.104,-904.125,"[-1154.5214999999998, -751.9369999999999]",-6.896297507013688,"[-8.719257168243649, -5.833047199857672]",12,3,36,10000
gpu,ptsans,2,text,first_paint,1,1253,submit_us,master,final,20003.292,19110.6875,19966.7085,19081.4585,-1013.1669999999995,"[-1309.2495, -653.0625]",-5.011765801819445,"[-6.559596080950208, -3.3049771120889195]",12,3,36,10000
gpu,ptsans,2,text,first_paint,1,1253,complete_us,master,final,31028.500500000002,30019.2705,31184.146,30019.2705,-1392.7914999999994,"[-1827.6255, 531.7914999999994]",-4.461022508684281,"[-5.855025557452182, 1.674286810676251]",12,3,36,10000
gpu,ptsans,2,text,first_paint,1,1253,draw_us,master,pool,13037.979,12342.832999999999,13037.979,12339.854,-723.3119999999999,"[-832.9169999999995, -579.8130000000001]",-5.564023643726873,"[-6.324464886458325, -4.470901877709515]",12,3,36,10000
gpu,ptsans,2,text,first_paint,1,1253,submit_us,master,pool,20003.292,19480.313000000002,19966.7085,19344.542,-493.89550000000054,"[-886.3334999999988, -143.45900000000256]",-2.4980061846443915,"[-4.40726228417117, -0.7237741889592086]",12,3,36,10000
gpu,ptsans,2,text,first_paint,1,1253,complete_us,master,pool,31028.500500000002,30617.438000000002,31184.146,30617.438000000002,-633.8744999999999,"[-1365.3955000000005, 179.2494999999999]",-2.0283927188048,"[-4.3792127495704385, 0.5772591544674022]",12,3,36,10000
gpu,ptsans,2,text,first_paint,1,1253,draw_us,current,final,12363.2915,12153.957999999999,12363.2915,12141.104,-276.8119999999999,"[-401.29150000000027, -107.39600000000064]",-2.2546495436528255,"[-3.1923902279559044, -0.8688112034647644]",12,3,36,10000
gpu,ptsans,2,text,first_paint,1,1253,submit_us,current,final,19331.896,19110.6875,19331.896,19081.4585,-277.625,"[-714.6455000000005, -21.5625]",-1.444573454899456,"[-3.606369312813451, -0.11169716774145355]",12,3,36,10000
gpu,ptsans,2,text,first_paint,1,1253,complete_us,current,final,30177.2705,30019.2705,30174.2915,30019.2705,-73.9375,"[-463.4170000000013, 2149.4170000000013]",-0.24906567520629475,"[-1.5128664610199516, 7.387528618566163]",12,3,36,10000
gpu,ptsans,2,text,first_paint,1,1253,draw_us,current,pool,12363.2915,12342.832999999999,12363.2915,12339.854,-10.790999999999258,"[-139.08399999999983, 96.27099999999973]",-0.08770807445445117,"[-1.1172818722403222, 0.7715805320494762]",12,3,36,10000
gpu,ptsans,2,text,first_paint,1,1253,submit_us,current,pool,19331.896,19480.313000000002,19331.896,19344.542,114.58400000000074,"[-212.27050000000054, 499.7709999999988]",0.599284720555926,"[-1.0752027182170387, 2.5592653571194]",12,3,36,10000
gpu,ptsans,2,text,first_paint,1,1253,complete_us,current,pool,30177.2705,30617.438000000002,30174.2915,30617.438000000002,578.6460000000006,"[-1243.8539999999994, 1904.25]",1.919458770873228,"[-4.02812966015238, 6.449063125825972]",12,3,36,10000
gpu,ptsans,2,text,first_paint,1,1253,draw_us,final,pool,12153.957999999999,12342.832999999999,12141.104,12339.854,259.97950000000037,"[122.20800000000054, 321.8750000000009]",2.1508964484157067,"[1.0056916417499173, 2.6459100729144702]",12,3,36,10000
gpu,ptsans,2,text,first_paint,1,1253,submit_us,final,pool,19110.6875,19480.313000000002,19081.4585,19344.542,388.8125000000018,"[118.58349999999882, 906.875]",2.0525985694527127,"[0.6177849800512836, 4.821440726601689]",12,3,36,10000
gpu,ptsans,2,text,first_paint,1,1253,complete_us,final,pool,30019.2705,30617.438000000002,30019.2705,30617.438000000002,8.520999999998821,"[-628.7289999999994, 1360.5209999999988]",0.025057232520558914,"[-2.0896543998359327, 4.630132632971451]",12,3,36,10000
gpu,ptsans,2,text,reflow,3,1,draw_us,master,current,2031.2224999999999,2028.507,2031.9653334999998,2028.507,-3.4026665000000094,"[-25.75666699999988, 28.97216650000007]",-0.16700773779330103,"[-1.260345021208914, 1.4331514869244888]",12,3,36,10000
gpu,ptsans,2,text,reflow,3,1,submit_us,master,current,2199.319333,2198.7084999999997,2208.083333,2199.0206665,-13.534666499999958,"[-33.374833499999795, 37.94466650000004]",-0.6077472819344398,"[-1.5044834215571123, 1.7410190551958138]",12,3,36,10000
gpu,ptsans,2,text,reflow,3,1,complete_us,master,current,2752.4791665,2748.5696669999998,2758.729,2755.0558334999996,10.013833500000146,"[-25.735833000000184, 33.444333500000084]",0.36309394867700684,"[-0.9320375013133542, 1.2144878552473037]",12,3,36,10000
gpu,ptsans,2,text,reflow,3,1,draw_us,master,final,2031.2224999999999,2019.104,2031.9653334999998,2020.8609999999999,-16.87466699999993,"[-39.67349999999999, 10.59050000000002]",-0.8311127649171468,"[-1.953585469059299, 0.5350707427324908]",12,3,36,10000
gpu,ptsans,2,text,reflow,3,1,submit_us,master,final,2199.319333,2188.1805,2208.083333,2190.1111665,-27.722333499999877,"[-36.930500000000166, 18.319666999999754]",-1.24956162857644,"[-1.6756499539472558, 0.8489961305477356]",12,3,36,10000
gpu,ptsans,2,text,reflow,3,1,complete_us,master,final,2752.4791665,2743.8680000000004,2758.729,2736.8125,12.055665999999974,"[-83.97866700000009, 48.243167000000085]",0.442325679777289,"[-2.9921459580361076, 1.763007738147715]",12,3,36,10000
gpu,ptsans,2,text,reflow,3,1,draw_us,master,pool,2031.2224999999999,2015.8056665,2031.9653334999998,2025.055833,-1.6598334999999906,"[-16.735833500000012, 12.930333000000132]",-0.08133493796710356,"[-0.8228479310347703, 0.6348457461394008]",12,3,36,10000
gpu,ptsans,2,text,reflow,3,1,submit_us,master,pool,2199.319333,2190.0485,2208.083333,2197.5694999999996,10.798833499999773,"[-23.249833500000022, 28.152500000000146]",0.4965394870650619,"[-1.0688150803318586, 1.2685951687762431]",12,3,36,10000
gpu,ptsans,2,text,reflow,3,1,complete_us,master,pool,2752.4791665,2719.791667,2758.729,2706.1180000000004,-24.83316700000023,"[-74.10433349999971, 44.048500000000104]",-0.9118556953626789,"[-2.663735773464704, 1.6437882756728306]",12,3,36,10000
gpu,ptsans,2,text,reflow,3,1,draw_us,current,final,2028.507,2019.104,2028.507,2020.8609999999999,-7.611166999999909,"[-48.756999500000006, 16.576333500000032]",-0.3738779534814274,"[-2.389508515000749, 0.8266704140099224]",12,3,36,10000
gpu,ptsans,2,text,reflow,3,1,submit_us,current,final,2198.7084999999997,2188.1805,2199.0206665,2190.1111665,-5.722000000000207,"[-56.88883299999998, 22.075999499999853]",-0.26017083751951886,"[-2.5742224034744297, 1.0099760393491142]",12,3,36,10000
gpu,ptsans,2,text,reflow,3,1,complete_us,current,final,2748.5696669999998,2743.8680000000004,2755.0558334999996,2736.8125,-9.090333999999984,"[-55.05533300000002, 37.618167000000085]",-0.330477568622789,"[-1.9836603455876178, 1.376544631326715]",12,3,36,10000
gpu,ptsans,2,text,reflow,3,1,draw_us,current,pool,2028.507,2015.8056665,2028.507,2025.055833,-14.180500499999994,"[-27.097334000000046, 47.03433299999995]",-0.6989903295041844,"[-1.321855687248974, 2.315492948876352]",12,3,36,10000
gpu,ptsans,2,text,reflow,3,1,submit_us,current,pool,2198.7084999999997,2190.0485,2199.0206665,2197.5694999999996,-11.465166500000123,"[-34.742833000000246, 61.52733349999994]",-0.5211606755634646,"[-1.5651351367361899, 2.8152067655095148]",12,3,36,10000
gpu,ptsans,2,text,reflow,3,1,complete_us,current,pool,2748.5696669999998,2719.791667,2755.0558334999996,2706.1180000000004,-49.47199999999998,"[-69.5486669999998, 23.534999999999854]",-1.8019025056986937,"[-2.513795137129188, 0.8601093242632141]",12,3,36,10000
gpu,ptsans,2,text,reflow,3,1,draw_us,final,pool,2019.104,2015.8056665,2020.8609999999999,2025.055833,15.881833000000029,"[-11.597500000000082, 37.047833500000024]",0.7909353069950664,"[-0.5670092473405275, 1.8265842194057136]",12,3,36,10000
gpu,ptsans,2,text,reflow,3,1,submit_us,final,pool,2188.1805,2190.0485,2190.1111665,2197.5694999999996,0.722332999999935,"[-15.722332999999935, 57.756999999999834]",0.036465512899042096,"[-0.7185666498603194, 2.660734231627815]",12,3,36,10000
gpu,ptsans,2,text,reflow,3,1,complete_us,final,pool,2743.8680000000004,2719.791667,2736.8125,2706.1180000000004,-16.381832999999915,"[-59.11783349999996, 28.208000000000084]",-0.5987480753926411,"[-2.143168555478864, 1.0293221725622081]",12,3,36,10000
gpu,ptsans,2,text,size_advance,12,5246,draw_us,master,current,6817.524292,6284.3576665,6817.524292,6287.9444165,-544.9758750000001,"[-590.6719579999999, -477.13887549999936]",-7.950115725234824,"[-8.685494292340984, -6.97395354023958]",12,3,36,10000
gpu,ptsans,2,text,size_advance,12,5246,submit_us,master,current,6996.552125,6459.564249999999,6996.552125,6461.382,-544.0365415000006,"[-589.6302910000004, -478.1110415000003]",-7.80437079810326,"[-8.4055718313716, -6.800733745273629]",12,3,36,10000
gpu,ptsans,2,text,size_advance,12,5246,complete_us,master,current,10245.21525,9537.819417,10242.904542,9583.4531665,-712.3454579999998,"[-863.0937500000009, -505.1109585000004]",-7.04588535022433,"[-8.307692370029557, -4.962580616675605]",12,3,36,10000
gpu,ptsans,2,text,size_advance,12,5246,draw_us,master,final,6817.524292,6207.677042,6817.524292,6196.925125,-563.8856249999999,"[-644.2934169999999, -514.1737084999995]",-8.34412161382917,"[-9.450230732090574, -7.533742169832913]",12,3,36,10000
gpu,ptsans,2,text,size_advance,12,5246,submit_us,master,final,6996.552125,6384.618042,6996.552125,6377.361124999999,-564.1110414999998,"[-642.5885415000002, -502.19791699999996]",-8.13252178127245,"[-9.21611550122451, -7.166433791733656]",12,3,36,10000
gpu,ptsans,2,text,size_advance,12,5246,complete_us,master,final,10245.21525,9543.717,10242.904542,9543.717,-731.7084584999993,"[-851.2101255000007, -506.22220800000105]",-7.113180026475485,"[-8.27664103230747, -4.881744333960131]",12,3,36,10000
gpu,ptsans,2,text,size_advance,12,5246,draw_us,master,pool,6817.524292,6240.27275,6817.524292,6230.022625,-566.1475004999998,"[-583.605834, -534.6060004999999]",-8.323557701482624,"[-8.54672770885086, -7.90536776396179]",12,3,36,10000
gpu,ptsans,2,text,size_advance,12,5246,submit_us,master,pool,6996.552125,6413.3748749999995,6996.552125,6408.9774165,-569.5433334999998,"[-591.3367914999999, -531.6631244999999]",-8.135813097477989,"[-8.424124947625595, -7.6704475577662965]",12,3,36,10000
gpu,ptsans,2,text,size_advance,12,5246,complete_us,master,pool,10245.21525,9566.305625,10242.904542,9566.305625,-725.1874160000007,"[-883.7795830000014, -477.30566699999963]",-7.0795521928713185,"[-8.61557828001191, -4.71251750897908]",12,3,36,10000
gpu,ptsans,2,text,size_advance,12,5246,draw_us,current,final,6284.3576665,6207.677042,6287.9444165,6196.925125,-43.39566650000006,"[-95.21362499999987, 59.25854200000049]",-0.6960387515131394,"[-1.5126196472361686, 0.9627029159056222]",12,3,36,10000
gpu,ptsans,2,text,size_advance,12,5246,submit_us,current,final,6459.564249999999,6384.618042,6461.382,6377.361124999999,-47.22562549999975,"[-98.35408350000034, 72.12320850000015]",-0.7357841533042253,"[-1.520532093871263, 1.1428929026769397]",12,3,36,10000
gpu,ptsans,2,text,size_advance,12,5246,complete_us,current,final,9537.819417,9543.717,9583.4531665,9543.717,26.10229150000032,"[-192.3837494999998, 205.2847499999998]",0.2746242169206714,"[-2.0267025466762343, 2.1268695836644147]",12,3,36,10000
gpu,ptsans,2,text,size_advance,12,5246,draw_us,current,pool,6284.3576665,6240.27275,6287.9444165,6230.022625,-26.357624999999643,"[-67.22583350000014, 43.24995850000005]",-0.4213551367085566,"[-1.063997675695172, 0.697389648596336]",12,3,36,10000
gpu,ptsans,2,text,size_advance,12,5246,submit_us,current,pool,6459.564249999999,6413.3748749999995,6461.382,6408.9774165,-36.2795000000001,"[-68.1840414999997, 43.703207999999904]",-0.5635978759741533,"[-1.0490156527819983, 0.6860276364791473]",12,3,36,10000
gpu,ptsans,2,text,size_advance,12,5246,complete_us,current,pool,9537.819417,9566.305625,9583.4531665,9566.305625,-7.59033350000027,"[-217.63708299999962, 177.47041650000028]",-0.07979500457599431,"[-2.2259844905647475, 1.9096788134665421]",12,3,36,10000
gpu,ptsans,2,text,size_advance,12,5246,draw_us,final,pool,6207.677042,6240.27275,6196.925125,6230.022625,22.112958499999877,"[-45.74150050000026, 55.85600000000022]",0.3575778888632031,"[-0.7063790472321696, 0.9049524589451963]",12,3,36,10000
gpu,ptsans,2,text,size_advance,12,5246,submit_us,final,pool,6384.618042,6413.3748749999995,6377.361124999999,6408.9774165,17.437374999999975,"[-52.85758299999998, 56.97045849999995]",0.2740273697643181,"[-0.7952613370178496, 0.8977112446362456]",12,3,36,10000
gpu,ptsans,2,text,size_advance,12,5246,complete_us,final,pool,9543.717,9566.305625,9543.717,9566.305625,-13.17358300000069,"[-109.19441700000061, 271.6440835000003]",-0.13824102391800097,"[-1.1464079693451312, 2.8581139487500185]",12,3,36,10000
gpu,ptsans,2,text,size_return,12,0,draw_us,master,current,263.38716650000003,264.203167,264.45662500000003,263.7882085,-2.7255830000000003,"[-7.986124999999987, 3.1320829999999944]",-1.0330738996891686,"[-2.9496069760647394, 1.2052859125759818]",12,3,36,10000
gpu,ptsans,2,text,size_return,12,0,submit_us,master,current,426.39575,423.0051665,426.7290835,424.1979585,-5.907875499999989,"[-12.791583000000003, 2.2430835000000116]",-1.3844741394787918,"[-2.9359895619014087, 0.5407928961019492]",12,3,36,10000
gpu,ptsans,2,text,size_return,12,0,complete_us,master,current,836.494875,845.0745415,823.2794584999999,842.203167,10.250083500000017,"[-47.47387549999996, 101.89933300000001]",1.2320897753088422,"[-5.596354598080827, 14.043452287197955]",12,3,36,10000
gpu,ptsans,2,text,size_return,12,0,draw_us,master,final,263.38716650000003,264.926875,264.45662500000003,264.248167,-2.9775829999999814,"[-8.81258299999999, 8.989749999999987]",-1.126859926565682,"[-3.1377708477936803, 3.455868172043297]",12,3,36,10000
gpu,ptsans,2,text,size_return,12,0,submit_us,master,final,426.39575,424.59191699999997,426.7290835,420.984333,-8.845541500000024,"[-15.062625500000024, 16.255291500000027]",-2.061333313362251,"[-3.490803428355027, 3.9108874703225327]",12,3,36,10000
gpu,ptsans,2,text,size_return,12,0,complete_us,master,final,836.494875,835.6875,823.2794584999999,839.954875,-34.06429200000002,"[-86.4896665, 45.512249999999995]",-4.350375620710867,"[-9.410649341696681, 6.288260110751143]",12,3,36,10000
gpu,ptsans,2,text,size_return,12,0,draw_us,master,pool,263.38716650000003,267.08695850000004,264.45662500000003,266.289958,-0.05549950000002468,"[-6.208332999999982, 7.812624999999997]",-0.02104369021674879,"[-2.2840960262354546, 2.983801083564619]",12,3,36,10000
gpu,ptsans,2,text,size_return,12,0,submit_us,master,pool,426.39575,428.35579199999995,426.7290835,427.2604585,-3.539791999999977,"[-15.048708000000005, 12.91829150000001]",-0.8298154359592358,"[-3.329786122699935, 3.1167176636294425]",12,3,36,10000
gpu,ptsans,2,text,size_return,12,0,complete_us,master,pool,836.494875,833.142375,823.2794584999999,823.9252915,11.237957999999992,"[-62.05391700000001, 67.98100050000005]",1.67732018534264,"[-6.787050642114373, 8.886295070931583]",12,3,36,10000
gpu,ptsans,2,text,size_return,12,0,draw_us,current,final,264.203167,264.926875,263.7882085,264.248167,-0.4117080000000044,"[-3.918500000000023, 13.453167000000008]",-0.15449931360759783,"[-1.4802344270090584, 5.175102480019566]",12,3,36,10000
gpu,ptsans,2,text,size_return,12,0,submit_us,current,final,423.0051665,424.59191699999997,424.1979585,420.984333,-4.283124999999984,"[-11.118208500000037, 16.60095850000002]",-1.0212961564400824,"[-2.614797001093078, 3.9736892334218954]",12,3,36,10000
gpu,ptsans,2,text,size_return,12,0,complete_us,current,final,845.0745415,835.6875,842.203167,839.954875,-11.609666000000004,"[-88.57983349999995, 10.552249500000016]",-1.349337207932283,"[-10.742221552662539, 1.2614021248809837]",12,3,36,10000
gpu,ptsans,2,text,size_return,12,0,draw_us,current,pool,264.203167,267.08695850000004,263.7882085,266.289958,3.5538749999999766,"[-0.5242914999999755, 7.303708499999999]",1.3540496355317733,"[-0.1971018348646325, 2.7984447935229473]",12,3,36,10000
gpu,ptsans,2,text,size_return,12,0,submit_us,current,pool,423.0051665,428.35579199999995,424.1979585,427.2604585,1.888833500000004,"[-4.713666500000045, 18.559083999999984]",0.4484909394291914,"[-1.0990252975934978, 4.412896201233618]",12,3,36,10000
gpu,ptsans,2,text,size_return,12,0,complete_us,current,pool,845.0745415,833.142375,842.203167,823.9252915,5.991291999999987,"[-52.71879150000001, 35.57462499999997]",0.7309939225854545,"[-6.143080755373043, 4.412258078871989]",12,3,36,10000
gpu,ptsans,2,text,size_return,12,0,draw_us,final,pool,264.926875,267.08695850000004,264.248167,266.289958,-0.36295850000001906,"[-7.5069585000000245, 6.7395835000000375]",-0.138176643822302,"[-2.729518432797773, 2.58976782963789]",12,3,36,10000
gpu,ptsans,2,text,size_return,12,0,submit_us,final,pool,424.59191699999997,428.35579199999995,420.984333,427.2604585,1.0745419999999797,"[-9.611208500000004, 12.76916700000001]",0.2588890071543615,"[-2.2096346176687485, 3.0922858725320856]",12,3,36,10000
gpu,ptsans,2,text,size_return,12,0,complete_us,final,pool,835.6875,833.142375,839.954875,823.9252915,30.02758349999999,"[-21.560791499999993, 45.302250000000015]",3.728731760306936,"[-2.5729820674078034, 6.263866413214458]",12,3,36,10000
gpu,ptsans,2,text,warm,30,0,draw_us,master,current,238.01601649999998,239.3597165,238.4035,239.1868835,1.4089169999999882,"[-1.4535334999999776, 4.6867830000000055]",0.5954150476471742,"[-0.6111670000247815, 1.9564677084811133]",12,3,36,10000
gpu,ptsans,2,text,warm,30,0,submit_us,master,current,357.31875,359.73125,357.31875,360.27785,3.545816500000001,"[-1.2937505000000158, 7.1792164999999954]",0.9941693142181962,"[-0.3622830343853689, 2.0153535874002815]",12,3,36,10000
gpu,ptsans,2,text,warm,30,0,complete_us,master,current,629.4826335,625.8549,629.4826335,628.075133,10.863183500000048,"[0.41604949999998553, 25.19368400000002]",1.719007476890022,"[0.07062016357528567, 3.9309740109559455]",12,3,36,10000
gpu,ptsans,2,text,warm,30,0,draw_us,master,final,238.01601649999998,244.7646,238.4035,244.36520000000002,6.240866499999996,"[4.352016500000005, 7.446467000000013]",2.6360018020799236,"[1.8197425433567838, 3.142675187837929]",12,3,36,10000
gpu,ptsans,2,text,warm,30,0,submit_us,master,final,357.31875,364.9715835,357.31875,364.9944835,8.391633499999983,"[0.14513349999998582, 10.1695]",2.351568153653927,"[0.04012861103829257, 2.855682353180955]",12,3,36,10000
gpu,ptsans,2,text,warm,30,0,complete_us,master,final,629.4826335,636.28755,629.4826335,634.5374670000001,9.042983500000048,"[-0.06811650000003056, 38.91108349999996]",1.4501304033488371,"[-0.013990307966010862, 6.0560396325676]",12,3,36,10000
gpu,ptsans,2,text,warm,30,0,draw_us,master,pool,238.01601649999998,246.2804665,238.4035,246.2804665,8.062450000000013,"[6.458315999999996, 10.1451]",3.37656603743971,"[2.715427818337557, 4.308678725421866]",12,3,36,10000
gpu,ptsans,2,text,warm,30,0,submit_us,master,pool,357.31875,367.1353835,357.31875,366.40481650000004,7.122150000000005,"[3.0853164999999763, 11.404183499999988]",1.9813492386707154,"[0.8598437555196403, 3.1974850225859552]",12,3,36,10000
gpu,ptsans,2,text,warm,30,0,complete_us,master,pool,629.4826335,629.319433,629.4826335,639.8819665,12.46871699999997,"[-8.22568350000006, 45.84026699999998]",2.020482878478813,"[-1.3060391736273935, 7.052337772592865]",12,3,36,10000
gpu,ptsans,2,text,warm,30,0,draw_us,current,final,239.3597165,244.7646,239.1868835,244.36520000000002,6.129733500000015,"[1.1110999999999933, 7.673599999999993]",2.563149039557988,"[0.46614206125130675, 3.248636018090012]",12,3,36,10000
gpu,ptsans,2,text,warm,30,0,submit_us,current,final,359.73125,364.9715835,360.27785,364.9944835,4.149316499999998,"[-2.11118350000001, 7.792283499999996]",1.1539038541968027,"[-0.5700299022888933, 2.1763783898448463]",12,3,36,10000
gpu,ptsans,2,text,warm,30,0,complete_us,current,final,625.8549,636.28755,628.075133,634.5374670000001,3.500550500000031,"[-34.37091700000002, 36.24374949999992]",0.5612583204668509,"[-5.171030651861713, 5.561350030030754]",12,3,36,10000
gpu,ptsans,2,text,warm,30,0,draw_us,current,pool,239.3597165,246.2804665,239.1868835,246.2804665,7.902733000000012,"[2.275749999999988, 9.99666649999999]",3.32969627824653,"[0.9447683599392298, 4.215440713099683]",12,3,36,10000
gpu,ptsans,2,text,warm,30,0,submit_us,current,pool,359.73125,367.1353835,360.27785,366.40481650000004,7.436866500000008,"[-5.2577335000000005, 10.513933500000007]",2.064410249600457,"[-1.432538156562635, 2.9325142607635635]",12,3,36,10000
gpu,ptsans,2,text,warm,30,0,complete_us,current,pool,625.8549,629.319433,628.075133,639.8819665,11.028433499999949,"[-37.24998350000004, 47.67781649999995]",1.6349351007177937,"[-5.624372534292643, 7.652003826613241]",12,3,36,10000
gpu,ptsans,2,text,warm,30,0,draw_us,final,pool,244.7646,246.2804665,244.36520000000002,246.2804665,1.4325330000000065,"[0.5805165000000017, 2.913966500000001]",0.586833361797634,"[0.2376157303289106, 1.1932272477422345]",12,3,36,10000
gpu,ptsans,2,text,warm,30,0,submit_us,final,pool,364.9715835,367.1353835,364.9944835,366.40481650000004,0.8853500000000167,"[-2.0881829999999866, 4.681150000000002]",0.2423895195597381,"[-0.5676567615582162, 1.2972789770750115]",12,3,36,10000
gpu,ptsans,2,text,warm,30,0,complete_us,final,pool,636.28755,629.319433,634.5374670000001,639.8819665,-1.6000000000000227,"[-13.539583499999992, 12.291683499999976]",-0.24278219439339277,"[-2.0314649529000697, 1.9390437806289795]",12,3,36,10000
gpu,ptsans,2,text,x_advance,10,614,draw_us,master,current,615.8789999999999,539.73765,615.0645999999999,538.1708,-77.75204999999994,"[-85.5002, -62.781199999999956]",-12.697772872159147,"[-13.852851154726874, -10.16425861991065]",12,3,36,10000
gpu,ptsans,2,text,x_advance,10,614,submit_us,master,current,785.82695,711.50215,785.5124000000001,710.7437500000001,-75.83319999999998,"[-86.25209999999993, -57.24180000000001]",-9.69432443357171,"[-10.959860057220844, -7.209934378649602]",12,3,36,10000
gpu,ptsans,2,text,x_advance,10,614,complete_us,master,current,1358.35825,1302.3040999999998,1355.4189000000001,1296.8229999999999,-68.5915,"[-176.84785, 8.123050000000148]",-5.184186649658945,"[-12.208632192738694, 0.6046102842524437]",12,3,36,10000
gpu,ptsans,2,text,x_advance,10,614,draw_us,master,final,615.8789999999999,538.53125,615.0645999999999,538.4626499999999,-77.87274999999994,"[-88.92904999999996, -70.83969999999994]",-12.533279933737179,"[-14.300818852568048, -11.541537695490334]",12,3,36,10000
gpu,ptsans,2,text,x_advance,10,614,submit_us,master,final,785.82695,706.15825,785.5124000000001,706.33525,-78.35400000000004,"[-96.59365000000003, -67.89165000000003]",-10.017261389924503,"[-12.153089636137775, -8.713162030435218]",12,3,36,10000
gpu,ptsans,2,text,x_advance,10,614,complete_us,master,final,1358.35825,1258.2583,1355.4189000000001,1259.2793000000001,-121.13340000000005,"[-259.08949999999993, -59.50004999999999]",-8.92085032170037,"[-18.291533757602192, -4.496509113272296]",12,3,36,10000
gpu,ptsans,2,text,x_advance,10,614,draw_us,master,pool,615.8789999999999,542.33325,615.0645999999999,540.73325,-75.42514999999997,"[-81.69404999999995, -60.575049999999976]",-12.256981457807058,"[-13.360239981692946, -9.868162863653135]",12,3,36,10000
gpu,ptsans,2,text,x_advance,10,614,submit_us,master,pool,785.82695,710.84175,785.5124000000001,713.1917000000001,-76.58140000000003,"[-80.38535000000002, -54.918650000000014]",-9.745528174028722,"[-10.310313832271646, -7.020591748134397]",12,3,36,10000
gpu,ptsans,2,text,x_advance,10,614,complete_us,master,pool,1358.35825,1264.73965,1355.4189000000001,1278.72515,-98.38549999999998,"[-244.86665000000005, -10.952049999999986]",-7.178132571215506,"[-17.32063867290269, -0.8070153799796587]",12,3,36,10000
gpu,ptsans,2,text,x_advance,10,614,draw_us,current,final,539.73765,538.53125,538.1708,538.4626499999999,-1.1938499999999976,"[-7.26864999999998, 5.506349999999998]",-0.22114436632731382,"[-1.3344946658038037, 1.034599489985688]",12,3,36,10000
gpu,ptsans,2,text,x_advance,10,614,submit_us,current,final,711.50215,706.15825,710.7437500000001,706.33525,-6.900199999999984,"[-14.735450000000071, 6.785399999999925]",-0.9619982329224064,"[-2.0489067634828384, 0.9749876418139181]",12,3,36,10000
gpu,ptsans,2,text,x_advance,10,614,complete_us,current,final,1302.3040999999998,1258.2583,1296.8229999999999,1259.2793000000001,-33.287399999999934,"[-144.6793, 23.021000000000072]",-2.6082818970966426,"[-9.94925794506254, 1.8395764465139908]",12,3,36,10000
gpu,ptsans,2,text,x_advance,10,614,draw_us,current,pool,539.73765,542.33325,538.1708,540.73325,0.7959500000000048,"[-6.652099999999962, 18.164350000000013]",0.148611544914784,"[-1.21509400023333, 3.396404901588146]",12,3,36,10000
gpu,ptsans,2,text,x_advance,10,614,submit_us,current,pool,711.50215,710.84175,710.7437500000001,713.1917000000001,3.535449999999969,"[-13.166499999999985, 22.287349999999947]",0.502785173168474,"[-1.8189167125158667, 3.1935705238149037]",12,3,36,10000
gpu,ptsans,2,text,x_advance,10,614,complete_us,current,pool,1302.3040999999998,1264.73965,1296.8229999999999,1278.72515,-49.32300000000009,"[-141.55420000000004, 47.422649999999976]",-3.7909774780867824,"[-10.623822620555785, 3.7080035792738775]",12,3,36,10000
gpu,ptsans,2,text,x_advance,10,614,draw_us,final,pool,538.53125,542.33325,538.4626499999999,540.73325,6.143750000000011,"[-6.091700000000003, 23.810200000000066]",1.1564177454297275,"[-1.1308182680434764, 4.501411047565962]",12,3,36,10000
gpu,ptsans,2,text,x_advance,10,614,submit_us,final,pool,706.15825,710.84175,706.33525,713.1917000000001,12.45840000000004,"[-7.6208500000000186, 26.30205000000001]",1.7896236701136048,"[-1.0757657711398472, 3.6825071487661454]",12,3,36,10000
gpu,ptsans,2,text,x_advance,10,614,complete_us,final,pool,1258.2583,1264.73965,1259.2793000000001,1278.72515,18.75019999999995,"[-18.943849999999884, 68.76464999999996]",1.483582655317045,"[-1.4881736597227746, 5.53379829647197]",12,3,36,10000
gpu,ptsans,2,text,x_return,10,0,draw_us,master,current,245.5291,242.92085,245.3853,242.46245,-2.625,"[-6.500100000000003, -0.335400000000007]",-1.0756770883002198,"[-2.6391338487626816, -0.13503945782954996]",12,3,36,10000
gpu,ptsans,2,text,x_return,10,0,submit_us,master,current,419.8333,414.70844999999997,418.14795000000004,413.9355,-4.572899999999976,"[-8.858450000000005, 1.354249999999979]",-1.0938036430367337,"[-2.091873924234239, 0.32423961980915794]",12,3,36,10000
gpu,ptsans,2,text,x_return,10,0,complete_us,master,current,700.5563999999999,697.2999,700.5563999999999,705.8208999999999,7.254000000000019,"[-38.737450000000024, 32.06880000000001]",1.0355265643208655,"[-5.296938789999101, 4.819955489962357]",12,3,36,10000
gpu,ptsans,2,text,x_return,10,0,draw_us,master,final,245.5291,243.8417,245.3853,243.35629999999998,-1.903950000000009,"[-3.9708499999999987, -0.6250999999999891]",-0.7778370691046532,"[-1.6068005041585065, -0.25390814380770177]",12,3,36,10000
gpu,ptsans,2,text,x_return,10,0,submit_us,master,final,419.8333,415.4479,418.14795000000004,415.23325,-5.7146999999999935,"[-6.968750000000028, -2.7790999999999997]",-1.3646129975447951,"[-1.6513197370700172, -0.6662627676228661]",12,3,36,10000
gpu,ptsans,2,text,x_return,10,0,complete_us,master,final,700.5563999999999,708.56675,700.5563999999999,704.9898499999999,0.4564999999999486,"[-20.519049999999993, 19.689549999999997]",0.06643091802874257,"[-2.873732666471729, 2.8331266621842044]",12,3,36,10000
gpu,ptsans,2,text,x_return,10,0,draw_us,master,pool,245.5291,248.4604,245.3853,249.6208,2.349900000000005,"[0.006249999999994316, 6.68559999999998]",0.9527868540491591,"[0.0019001766040194212, 2.707721493829396]",12,3,36,10000
gpu,ptsans,2,text,x_return,10,0,submit_us,master,pool,419.8333,419.67920000000004,418.14795000000004,419.67920000000004,0.9143499999999847,"[-3.662450000000007, 5.618700000000018]",0.21668439085070768,"[-0.8730152191616436, 1.335585051810373]",12,3,36,10000
gpu,ptsans,2,text,x_return,10,0,complete_us,master,pool,700.5563999999999,692.43535,700.5563999999999,684.7290499999999,-23.956500000000005,"[-50.706349999999986, 14.737500000000011]",-3.4196149310570023,"[-6.93529037929031, 2.142936028378206]",12,3,36,10000
gpu,ptsans,2,text,x_return,10,0,draw_us,current,final,242.92085,243.8417,242.46245,243.35629999999998,1.1333999999999946,"[-1.1187500000000057, 5.287599999999998]",0.46592886155855107,"[-0.4602026381071489, 2.1957802394745207]",12,3,36,10000
gpu,ptsans,2,text,x_return,10,0,submit_us,current,final,414.70844999999997,415.4479,413.9355,415.23325,1.4498999999999853,"[-2.754250000000013, 6.489649999999983]",0.34983958462514453,"[-0.6642737138873867, 1.5805416627490465]",12,3,36,10000
gpu,ptsans,2,text,x_return,10,0,complete_us,current,final,697.2999,708.56675,705.8208999999999,704.9898499999999,2.4435000000000286,"[-48.43560000000002, 19.39775000000003]",0.3368581447463326,"[-6.830665421602495, 2.793424681216672]",12,3,36,10000
gpu,ptsans,2,text,x_return,10,0,draw_us,current,pool,242.92085,248.4604,242.46245,249.6208,5.075000000000003,"[0.2042499999999876, 8.133349999999993]",2.073473269706805,"[0.0834046592655957, 3.370467106644004]",12,3,36,10000
gpu,ptsans,2,text,x_return,10,0,submit_us,current,pool,414.70844999999997,419.67920000000004,413.9355,419.67920000000004,0.7269500000000164,"[-1.731250000000017, 10.268699999999995]",0.17627483081654183,"[-0.41663614134216376, 2.4915571493183686]",12,3,36,10000
gpu,ptsans,2,text,x_return,10,0,complete_us,current,pool,697.2999,692.43535,705.8208999999999,684.7290499999999,-18.38749999999999,"[-32.198150000000055, 7.445750000000032]",-2.5959410111731698,"[-4.467911267306163, 1.0968764641536177]",12,3,36,10000
gpu,ptsans,2,text,x_return,10,0,draw_us,final,pool,243.8417,248.4604,243.35629999999998,249.6208,3.4479499999999916,"[1.3229999999999933, 7.449999999999989]",1.4113285996388503,"[0.5468134199472008, 3.0787833809288956]",12,3,36,10000
gpu,ptsans,2,text,x_return,10,0,submit_us,final,pool,415.4479,419.67920000000004,415.23325,419.67920000000004,4.601900000000029,"[-0.9376000000000033, 7.88330000000002]",1.1002875431338044,"[-0.2248708479126338, 1.9059919795892388]",12,3,36,10000
gpu,ptsans,2,text,x_return,10,0,complete_us,final,pool,708.56675,692.43535,704.9898499999999,684.7290499999999,-27.695699999999988,"[-40.027000000000044, 3.9292499999999677]",-3.866590787730101,"[-5.69209423823634, 0.5712261901289928]",12,3,36,10000
gpu,ptsans,2,text,y_advance,10,0,draw_us,master,current,239.34789999999998,239.05825,239.46665000000002,238.75414999999998,-0.6248000000000076,"[-1.9458000000000055, 1.6040999999999883]",-0.26056779151041876,"[-0.8091889150267706, 0.6764705004133842]",12,3,36,10000
gpu,ptsans,2,text,y_advance,10,0,submit_us,master,current,361.63329999999996,361.04994999999997,361.63329999999996,360.37300000000005,-1.7290000000000134,"[-3.3874499999999728, 2.712500000000034]",-0.4815320008401236,"[-0.9369511465150637, 0.7543456365655565]",12,3,36,10000
gpu,ptsans,2,text,y_advance,10,0,complete_us,master,current,632.7770499999999,630.1041,629.3272,634.296,28.904150000000016,"[-2.745900000000006, 53.85825]",4.671254135549585,"[-0.43427635341029003, 8.942004775846023]",12,3,36,10000
gpu,ptsans,2,text,y_advance,10,0,draw_us,master,final,239.34789999999998,242.71465,239.46665000000002,242.46455,2.458349999999996,"[0.5416500000000042, 10.743850000000009]",1.0263510114261853,"[0.22800590638520912, 4.4989914694886775]",12,3,36,10000
gpu,ptsans,2,text,y_advance,10,0,submit_us,master,final,361.63329999999996,361.52925,361.63329999999996,362.50205,-0.3874500000000012,"[-4.0458500000000015, 14.237600000000015]",-0.10622677767546107,"[-1.1150005947089092, 3.940769343236128]",12,3,36,10000
gpu,ptsans,2,text,y_advance,10,0,complete_us,master,final,632.7770499999999,640.36455,629.3272,636.1749500000001,7.7269000000000005,"[-37.752250000000004, 70.90190000000001]",1.3274281639604646,"[-5.813019936430774, 11.166845054377262]",12,3,36,10000
gpu,ptsans,2,text,y_advance,10,0,draw_us,master,pool,239.34789999999998,243.20195,239.46665000000002,243.34565,3.7895499999999913,"[1.341549999999998, 7.36645]",1.582235173447466,"[0.5551629987530227, 3.1046826042380515]",12,3,36,10000
gpu,ptsans,2,text,y_advance,10,0,submit_us,master,pool,361.63329999999996,364.30835,361.63329999999996,365.3251,1.5063000000000102,"[-2.4999500000000126, 4.083300000000008]",0.41482850454638287,"[-0.6901717504257665, 1.1325162795901123]",12,3,36,10000
gpu,ptsans,2,text,y_advance,10,0,complete_us,master,pool,632.7770499999999,644.2563,629.3272,633.48335,15.11239999999998,"[1.4832499999999982, 30.20410000000004]",2.412128911417155,"[0.25306578821552295, 4.819367229019955]",12,3,36,10000
gpu,ptsans,2,text,y_advance,10,0,draw_us,current,final,239.05825,242.71465,238.75414999999998,242.46455,3.0024000000000086,"[1.216450000000009, 9.825000000000017]",1.2506851348061732,"[0.509152342837349, 4.114710148794465]",12,3,36,10000
gpu,ptsans,2,text,y_advance,10,0,submit_us,current,final,361.04994999999997,361.52925,360.37300000000005,362.50205,4.328999999999979,"[-0.8230000000000075, 12.187400000000025]",1.2167717099940578,"[-0.22847698208545708, 3.3560284171018195]",12,3,36,10000
gpu,ptsans,2,text,y_advance,10,0,complete_us,current,final,630.1041,640.36455,634.296,636.1749500000001,-3.9959499999999935,"[-43.73535000000004, 53.37489999999997]",-0.6317304850617378,"[-6.638648331428304, 9.006204772416272]",12,3,36,10000
gpu,ptsans,2,text,y_advance,10,0,draw_us,current,pool,239.05825,243.20195,238.75414999999998,243.34565,5.433350000000004,"[2.704100000000011, 5.885100000000008]",2.2653050916972006,"[1.1292760080800268, 2.4832809064085137]",12,3,36,10000
gpu,ptsans,2,text,y_advance,10,0,submit_us,current,pool,361.04994999999997,364.30835,360.37300000000005,365.3251,4.9164499999999975,"[-1.5395500000000197, 8.651900000000012]",1.3820137442244862,"[-0.42565806666332584, 2.4150758715263954]",12,3,36,10000
gpu,ptsans,2,text,y_advance,10,0,complete_us,current,pool,630.1041,644.2563,634.296,633.48335,-0.6896499999999719,"[-44.58759999999995, 22.202099999999973]",-0.10685190745175488,"[-7.141695092156675, 3.5359123098202994]",12,3,36,10000
gpu,ptsans,2,text,y_advance,10,0,draw_us,final,pool,242.71465,243.20195,242.46455,243.34565,1.3311999999999955,"[-2.229050000000001, 3.085250000000002]",0.550228060941027,"[-0.8819654130624799, 1.2887810460270543]",12,3,36,10000
gpu,ptsans,2,text,y_advance,10,0,submit_us,final,pool,361.52925,364.30835,362.50205,365.3251,1.9458500000000072,"[-3.3750499999999874, 3.608149999999995]",0.5413696689043013,"[-0.8995039214679146, 0.9927747374794293]",12,3,36,10000
gpu,ptsans,2,text,y_advance,10,0,complete_us,final,pool,640.36455,644.2563,636.1749500000001,633.48335,-21.110400000000027,"[-44.812449999999956, 35.204200000000014]",-3.3831216753335616,"[-6.851365043607538, 5.5871121827468]",12,3,36,10000
gpu,stock,2,demo,first_paint,1,262,draw_us,master,current,2229.1459999999997,2186.1665000000003,2229.1459999999997,2186.1665000000003,-34.58349999999996,"[-111.58349999999996, -8.145500000000084]",-1.5709808718826324,"[-4.8479219324088385, -0.35188013987491606]",12,3,36,10000
gpu,stock,2,demo,first_paint,1,262,submit_us,master,current,7665.771,7809.25,7665.771,7809.25,160.60450000000037,"[9.208000000000084, 267.4784999999997]",2.1158106782058206,"[0.12294955347267877, 3.4629222345679667]",12,3,36,10000
gpu,stock,2,demo,first_paint,1,262,complete_us,master,current,10793.292,10847.792,10667.875,10561.791,-57.66749999999956,"[-430.77150000000074, 591.7290000000003]",-0.5603881538125133,"[-3.870956088035299, 6.093175410395002]",12,3,36,10000
gpu,stock,2,demo,first_paint,1,262,draw_us,master,final,2229.1459999999997,2156.708,2229.1459999999997,2127.6459999999997,-96.04150000000004,"[-147.33349999999996, -29.833000000000084]",-4.34045338450057,"[-6.43445115804393, -1.3832374330796482]",12,3,36,10000
gpu,stock,2,demo,first_paint,1,262,submit_us,master,final,7665.771,7592.2285,7665.771,7562.666,-106.04200000000037,"[-158.39649999999983, -2.458499999999731]",-1.3778713441920942,"[-2.064088537848602, -0.033537179816856]",12,3,36,10000
gpu,stock,2,demo,first_paint,1,262,complete_us,master,final,10793.292,10658.354500000001,10667.875,10658.354500000001,265.58299999999963,"[-234.875, 1175.8335000000006]",2.363163307192384,"[-2.1518138897559993, 12.604932617158704]",12,3,36,10000
gpu,stock,2,demo,first_paint,1,262,draw_us,master,pool,2229.1459999999997,2193.083,2229.1459999999997,2172.792,-59.312000000000126,"[-130.35350000000017, -8.75]",-2.6671737789826064,"[-5.6583553401529985, -0.39961377913940166]",12,3,36,10000
gpu,stock,2,demo,first_paint,1,262,submit_us,master,pool,7665.771,7690.4585,7665.771,7671.3544999999995,37.041499999999814,"[-112.5, 196.6659999999997]",0.48031914546421417,"[-1.4624928335195742, 2.5888348489647495]",12,3,36,10000
gpu,stock,2,demo,first_paint,1,262,complete_us,master,pool,10793.292,10625.583,10667.875,10579.958,-87.91699999999946,"[-385.89700000000084, 633.0625]",-0.8235306110283724,"[-3.3976728170836914, 6.588319807828812]",12,3,36,10000
gpu,stock,2,demo,first_paint,1,262,draw_us,current,final,2186.1665000000003,2156.708,2186.1665000000003,2127.6459999999997,-40.374500000000126,"[-73.8125, -2.25]",-1.875021567207752,"[-3.3719542428534366, -0.10284566534298767]",12,3,36,10000
gpu,stock,2,demo,first_paint,1,262,submit_us,current,final,7809.25,7592.2285,7809.25,7562.666,-163.6875,"[-269.08399999999983, -51.0625]",-2.1492066529744616,"[-3.4258032522948065, -0.6695083202660601]",12,3,36,10000
gpu,stock,2,demo,first_paint,1,262,complete_us,current,final,10847.792,10658.354500000001,10561.791,10658.354500000001,427.02100000000064,"[-786.9579999999996, 1345.8339999999998]",3.9311636268073604,"[-6.749742614526666, 14.729947841221291]",12,3,36,10000
gpu,stock,2,demo,first_paint,1,262,draw_us,current,pool,2186.1665000000003,2193.083,2186.1665000000003,2172.792,-9.5625,"[-63.66650000000004, 19.833499999999958]",-0.43742991289278943,"[-2.8602829198550337, 0.9151313041082743]",12,3,36,10000
gpu,stock,2,demo,first_paint,1,262,submit_us,current,pool,7809.25,7690.4585,7809.25,7671.3544999999995,-93.1875,"[-272.4580000000001, 27.6875]",-1.190163743974143,"[-3.5012893635642026, 0.35888691545608586]",12,3,36,10000
gpu,stock,2,demo,first_paint,1,262,complete_us,current,pool,10847.792,10625.583,10561.791,10579.958,-38.52049999999963,"[-244.75, 293.41700000000037]",-0.38514436060241297,"[-2.5256699845998543, 3.104477278976059]",12,3,36,10000
gpu,stock,2,demo,first_paint,1,262,draw_us,final,pool,2156.708,2193.083,2127.6459999999997,2172.792,12.458499999999958,"[-45.72800000000029, 58.20849999999996]",0.5733591737524302,"[-2.0348367119184916, 2.755066531915573]",12,3,36,10000
gpu,stock,2,demo,first_paint,1,262,submit_us,final,pool,7592.2285,7690.4585,7562.666,7671.3544999999995,79.37549999999965,"[-99.14550000000008, 116.10450000000037]",1.0455839498422437,"[-1.2848348435098633, 1.525813922822561]",12,3,36,10000
gpu,stock,2,demo,first_paint,1,262,complete_us,final,pool,10658.354500000001,10625.583,10658.354500000001,10579.958,-188.70849999999973,"[-1209.0835000000006, 624.5200000000004]",-1.7520794299178355,"[-10.998877296714355, 5.884988177173145]",12,3,36,10000
gpu,stock,2,demo,pan,10,0,draw_us,master,current,212.82085,215.9874,213.06875000000002,215.74785,2.5748499999999837,"[0.712450000000004, 7.862499999999983]",1.2161392455726783,"[0.334249699361866, 3.706911897228471]",12,3,36,10000
gpu,stock,2,demo,pan,10,0,submit_us,master,current,551.3584000000001,558.9083499999999,551.3584000000001,558.3312000000001,5.435349999999971,"[0.3686999999999898, 20.400000000000034]",0.996297262766177,"[0.06729669738748667, 3.7189154167976857]",12,3,36,10000
gpu,stock,2,demo,pan,10,0,complete_us,master,current,896.5064,897.6062,898.9103,897.07295,0.3856000000000108,"[-14.68119999999999, 8.058350000000019]",0.04224051988859223,"[-1.611148375313215, 0.8994448799354959]",12,3,36,10000
gpu,stock,2,demo,pan,10,0,draw_us,master,final,212.82085,213.8312,213.06875000000002,213.8312,1.6105499999999893,"[-1.9229500000000002, 4.918699999999987]",0.761743782531088,"[-0.9094727685860227, 2.306473247420615]",12,3,36,10000
gpu,stock,2,demo,pan,10,0,submit_us,master,final,551.3584000000001,553.4564,551.3584000000001,553.4564,3.0812499999999545,"[-5.247849999999971, 14.224850000000004]",0.5622669983812334,"[-0.9536960649408566, 2.585377347974549]",12,3,36,10000
gpu,stock,2,demo,pan,10,0,complete_us,master,final,896.5064,891.2207,898.9103,886.7646,-5.525199999999984,"[-27.851999999999975, 12.295749999999998]",-0.620305616865241,"[-3.0794007166491166, 1.366855712768944]",12,3,36,10000
gpu,stock,2,demo,pan,10,0,draw_us,master,pool,212.82085,214.70204999999999,213.06875000000002,213.32715000000002,0.9144500000000022,"[-0.7521000000000129, 8.804050000000004]",0.43100139160567874,"[-0.3520254950644175, 4.11521702950568]",12,3,36,10000
gpu,stock,2,demo,pan,10,0,submit_us,master,pool,551.3584000000001,554.0917,551.3584000000001,554.38945,2.285199999999975,"[-0.4792500000000359, 18.399950000000047]",0.4141263270861284,"[-0.08709690399252845, 3.3594507621430236]",12,3,36,10000
gpu,stock,2,demo,pan,10,0,complete_us,master,pool,896.5064,889.0457,898.9103,896.73125,1.075049999999976,"[-20.60215000000005, 15.53325000000001]",0.11828035579238283,"[-2.260645718376325, 1.7401741842343554]",12,3,36,10000
gpu,stock,2,demo,pan,10,0,draw_us,current,final,215.9874,213.8312,215.74785,213.8312,-2.03755000000001,"[-4.556150000000002, -0.13760000000000616]",-0.9474289788253931,"[-2.1342001432873015, -0.06228831513087063]",12,3,36,10000
gpu,stock,2,demo,pan,10,0,submit_us,current,final,558.9083499999999,553.4564,558.3312000000001,553.4564,-5.627049999999997,"[-10.568899999999985, 4.012650000000008]",-1.0098620405976644,"[-1.8826429972178427, 0.7390151354528418]",12,3,36,10000
gpu,stock,2,demo,pan,10,0,complete_us,current,final,897.6062,891.2207,897.07295,886.7646,3.3455999999999335,"[-28.95844999999997, 15.33744999999999]",0.37946605152291424,"[-3.1865579442106275, 1.7104845850943962]",12,3,36,10000
gpu,stock,2,demo,pan,10,0,draw_us,current,pool,215.9874,214.70204999999999,215.74785,213.32715000000002,-0.9396500000000003,"[-7.924900000000008, 7.112549999999999]",-0.4322161685351489,"[-3.6180788018048915, 3.2903931091496252]",12,3,36,10000
gpu,stock,2,demo,pan,10,0,submit_us,current,pool,558.9083499999999,554.0917,558.3312000000001,554.38945,-2.229249999999979,"[-16.714499999999987, 15.295900000000017]",-0.4034811853153186,"[-2.9539477966658954, 2.7505798174487395]",12,3,36,10000
gpu,stock,2,demo,pan,10,0,complete_us,current,pool,897.6062,889.0457,897.07295,896.73125,-0.31055000000003474,"[-8.510449999999992, 10.14794999999998]",-0.0346843699084165,"[-0.9586085118642895, 1.1335770773228337]",12,3,36,10000
gpu,stock,2,demo,pan,10,0,draw_us,final,pool,213.8312,214.70204999999999,213.8312,213.32715000000002,1.0372500000000002,"[-5.856250000000003, 9.896050000000002]",0.4971263422579697,"[-2.6867602265578383, 4.634700514962975]",12,3,36,10000
gpu,stock,2,demo,pan,10,0,submit_us,final,pool,553.4564,554.0917,553.4564,554.38945,4.274600000000021,"[-12.520850000000053, 22.906049999999993]",0.7852681400859707,"[-2.242808015629416, 4.147143783578311]",12,3,36,10000
gpu,stock,2,demo,pan,10,0,complete_us,final,pool,891.2207,889.0457,886.7646,896.73125,0.9084000000000287,"[-21.195949999999982, 12.379149999999925]",0.09668794606922382,"[-2.3363272843114737, 1.4108174919643446]",12,3,36,10000
gpu,stock,2,demo,warm,30,0,draw_us,master,current,210.075017,212.5132665,209.82155,212.2639335,1.7631000000000085,"[0.7124834999999905, 6.165749500000004]",0.8402849786269373,"[0.33655946762565225, 2.987717087097952]",12,3,36,10000
gpu,stock,2,demo,warm,30,0,submit_us,master,current,522.8118835,528.9236165,522.1487,528.8534835,5.114599999999996,"[1.37146649999994, 13.277700500000037]",0.9804981829152681,"[0.2603732209397136, 2.5653739981578716]",12,3,36,10000
gpu,stock,2,demo,warm,30,0,complete_us,master,current,944.0964665,957.9583165,938.0368000000001,962.26595,26.432666499999982,"[-36.432050000000004, 70.43271650000003]",2.921766232705192,"[-3.686524826168236, 8.06934666578104]",12,3,36,10000
gpu,stock,2,demo,warm,30,0,draw_us,master,final,210.075017,212.44646649999999,209.82155,213.02568300000001,1.0784665000000047,"[-0.8249670000000009, 8.452649999999991]",0.5111142904743682,"[-0.3943622305818739, 4.121638761506685]",12,3,36,10000
gpu,stock,2,demo,warm,30,0,submit_us,master,final,522.8118835,523.4693665,522.1487,523.4693665,1.579849999999965,"[-3.5562664999999924, 11.141616500000026]",0.3028904748591854,"[-0.6853023978048767, 2.1464561923264958]",12,3,36,10000
gpu,stock,2,demo,warm,30,0,complete_us,master,final,944.0964665,910.90345,938.0368000000001,914.734067,24.291667000000018,"[-76.92231700000002, 84.37858349999999]",2.5357005593273585,"[-7.728720722213501, 8.994750752466707]",12,3,36,10000
gpu,stock,2,demo,warm,30,0,draw_us,master,pool,210.075017,212.5193665,209.82155,211.8284165,1.2867834999999985,"[-0.9950839999999914, 6.202733500000008]",0.6069663599366559,"[-0.46866642614329934, 3.0005493995069688]",12,3,36,10000
gpu,stock,2,demo,warm,30,0,submit_us,master,pool,522.8118835,523.3389334999999,522.1487,522.2215335,-1.4229334999999992,"[-4.447299999999984, 9.347949999999997]",-0.27436932897791366,"[-0.848380229925616, 1.7994417999398715]",12,3,36,10000
gpu,stock,2,demo,warm,30,0,complete_us,master,pool,944.0964665,964.4062665,938.0368000000001,950.06105,10.25060000000002,"[-53.258433500000024, 136.222217]",1.189649443242452,"[-5.542535881334725, 15.012401437345046]",12,3,36,10000
gpu,stock,2,demo,warm,30,0,draw_us,current,final,212.5132665,212.44646649999999,212.2639335,213.02568300000001,-1.802083500000009,"[-4.1048495000000145, 2.362449500000011]",-0.8527124316585755,"[-1.9154196829829662, 1.1126302427478474]",12,3,36,10000
gpu,stock,2,demo,warm,30,0,submit_us,current,final,528.9236165,523.4693665,528.8534835,523.4693665,-7.129750000000058,"[-10.695082999999897, 2.3311835000000087]",-1.3438624170928781,"[-2.0213708704801157, 0.4392652349591297]",12,3,36,10000
gpu,stock,2,demo,warm,30,0,complete_us,current,final,957.9583165,910.90345,962.26595,914.734067,-11.531866500000035,"[-40.40203349999996, 49.004233500000055]",-1.2101176881806786,"[-4.231022639754584, 5.062085766242941]",12,3,36,10000
gpu,stock,2,demo,warm,30,0,draw_us,current,pool,212.5132665,212.5193665,212.2639335,211.8284165,-1.4742334999999969,"[-5.2936830000000015, 3.027000000000001]",-0.6965736628686603,"[-2.5007517469881115, 1.442141775700112]",12,3,36,10000
gpu,stock,2,demo,warm,30,0,submit_us,current,pool,528.9236165,523.3389334999999,528.8534835,522.2215335,-8.966700000000003,"[-17.506867, -0.5000329999999167]",-1.6900377987931925,"[-3.217760037105694, -0.09301181531045088]",12,3,36,10000
gpu,stock,2,demo,warm,30,0,complete_us,current,pool,957.9583165,964.4062665,962.26595,950.06105,-14.736734000000013,"[-53.11594999999994, 79.07780000000008]",-1.5410862917188906,"[-5.745882447642131, 8.302199505951368]",12,3,36,10000
gpu,stock,2,demo,warm,30,0,draw_us,final,pool,212.44646649999999,212.5193665,213.02568300000001,211.8284165,-1.6395499999999856,"[-5.479816999999997, 3.4097500000000025]",-0.7686887514051388,"[-2.586866804734256, 1.646999403734517]",12,3,36,10000
gpu,stock,2,demo,warm,30,0,submit_us,final,pool,523.4693665,523.3389334999999,523.4693665,522.2215335,-4.2715670000000046,"[-12.337533500000006, 5.7103835000000345]",-0.8202268881086494,"[-2.312751245502387, 1.089322482599464]",12,3,36,10000
gpu,stock,2,demo,warm,30,0,complete_us,final,pool,910.90345,964.4062665,914.734067,950.06105,13.970084000000043,"[-29.068116999999972, 53.92700000000002]",1.4312634814542036,"[-3.1267632043207647, 5.937652332867927]",12,3,36,10000
gpu,stock,2,demo,zoom_in,12,2865,draw_us,master,current,1961.3767914999999,1975.9757085,1962.6995835,1970.5052085,-1.3297919999999976,"[-50.11458349999998, 23.48795849999999]",-0.05738965302602428,"[-2.55233983940803, 1.179778810983445]",12,3,36,10000
gpu,stock,2,demo,zoom_in,12,2865,submit_us,master,current,2185.4825415,2204.1094165,2185.4825415,2199.75875,-2.2254994999998416,"[-52.1909169999999, 34.13024949999999]",-0.09765739430670495,"[-2.3867886744963873, 1.5563789416686236]",12,3,36,10000
gpu,stock,2,demo,zoom_in,12,2865,complete_us,master,current,3732.5053335000002,3706.2881669999997,3732.5053335000002,3718.0747085000003,-17.394083500000306,"[-119.55891650000012, 164.23104150000017]",-0.4953057654158488,"[-3.152543296805704, 4.438103757633771]",12,3,36,10000
gpu,stock,2,demo,zoom_in,12,2865,draw_us,master,final,1961.3767914999999,1918.9739585,1962.6995835,1924.2742915,-35.14583349999998,"[-78.8264999999999, 3.2691670000000386]",-1.774323360149238,"[-3.9378677413329455, 0.15447216505352634]",12,3,36,10000
gpu,stock,2,demo,zoom_in,12,2865,submit_us,master,final,2185.4825415,2145.192792,2185.4825415,2151.1944169999997,-28.11112449999996,"[-87.59195850000015, 5.966957999999977]",-1.2712569080959302,"[-3.9163506858661714, 0.25995704333582337]",12,3,36,10000
gpu,stock,2,demo,zoom_in,12,2865,complete_us,master,final,3732.5053335000002,3704.984292,3732.5053335000002,3704.984292,17.39908299999979,"[-59.343624999999975, 75.93045799999982]",0.472310746968041,"[-1.5796085047577069, 2.030353717326616]",12,3,36,10000
gpu,stock,2,demo,zoom_in,12,2865,draw_us,master,pool,1961.3767914999999,1960.449625,1962.6995835,1960.449625,-17.15795849999995,"[-68.11616700000002, 35.94629199999997]",-0.8525330852994173,"[-3.465847348869433, 1.8680725311946977]",12,3,36,10000
gpu,stock,2,demo,zoom_in,12,2865,submit_us,master,pool,2185.4825415,2188.581542,2185.4825415,2188.581542,-14.560749500000156,"[-70.20470849999992, 37.00000000000023]",-0.6474839106954067,"[-3.209014665575033, 1.7080345364657523]",12,3,36,10000
gpu,stock,2,demo,zoom_in,12,2865,complete_us,master,pool,3732.5053335000002,3708.4825835,3732.5053335000002,3708.4825835,-2.1233335000001716,"[-132.25345850000008, 174.10941700000012]",-0.05881197220194978,"[-3.482171491792557, 4.723315686620754]",12,3,36,10000
gpu,stock,2,demo,zoom_in,12,2865,draw_us,current,final,1975.9757085,1918.9739585,1970.5052085,1924.2742915,-25.46358299999997,"[-61.37854149999998, 15.210041499999988]",-1.3306232969047094,"[-3.139456550842384, 0.8005773900887525]",12,3,36,10000
gpu,stock,2,demo,zoom_in,12,2865,submit_us,current,final,2204.1094165,2145.192792,2199.75875,2151.1944169999997,-26.399250500000107,"[-66.1093330000001, 13.854291500000045]",-1.2357941646032766,"[-3.026055127598404, 0.6543985711525924]",12,3,36,10000
gpu,stock,2,demo,zoom_in,12,2865,complete_us,current,final,3706.2881669999997,3704.984292,3718.0747085000003,3704.984292,-57.36995849999994,"[-248.71720800000026, 226.171875]",-1.5429673508822406,"[-6.26731477842446, 6.287360448346401]",12,3,36,10000
gpu,stock,2,demo,zoom_in,12,2865,draw_us,current,pool,1975.9757085,1960.449625,1970.5052085,1960.449625,-13.401124999999865,"[-44.23075000000006, 24.892333500000063]",-0.6732698286228189,"[-2.2225077632230414, 1.3014884064591725]",12,3,36,10000
gpu,stock,2,demo,zoom_in,12,2865,submit_us,current,pool,2204.1094165,2188.581542,2199.75875,2188.581542,-9.364707999999837,"[-49.385166500000196, 27.810625000000073]",-0.4231365262415021,"[-2.214204218067406, 1.304215471783643]",12,3,36,10000
gpu,stock,2,demo,zoom_in,12,2865,complete_us,current,pool,3706.2881669999997,3708.4825835,3718.0747085000003,3708.4825835,-1.3715835000000425,"[-164.2222915000002, 79.78808300000014]",0.015974777967664444,"[-4.2925506841849534, 2.2003959896990333]",12,3,36,10000
gpu,stock,2,demo,zoom_in,12,2865,draw_us,final,pool,1918.9739585,1960.449625,1924.2742915,1960.449625,-1.7985830000000078,"[-16.388958000000002, 42.942874500000016]",-0.09226845662974048,"[-0.8420957125279738, 2.268387057218435]",12,3,36,10000
gpu,stock,2,demo,zoom_in,12,2865,submit_us,final,pool,2145.192792,2188.581542,2151.1944169999997,2188.581542,-3.225707999999713,"[-20.246625499999936, 47.38558400000011]",-0.1458555230121117,"[-0.9405420067362558, 2.2427901152075713]",12,3,36,10000
gpu,stock,2,demo,zoom_in,12,2865,complete_us,final,pool,3704.984292,3708.4825835,3704.984292,3708.4825835,-12.055499999999938,"[-136.8022085, 256.52070849999996]",-0.3255590151329313,"[-3.609453064974666, 7.106432209475667]",12,3,36,10000
gpu,stock,2,demo,zoom_out,12,1927,draw_us,master,current,1279.9530829999999,1297.019167,1279.43225,1298.0780829999999,9.94954150000001,"[-0.38370899999995345, 23.788125000000036]",0.776655357906364,"[-0.030081551185062727, 1.8488695513451558]",12,3,36,10000
gpu,stock,2,demo,zoom_out,12,1927,submit_us,master,current,1628.328208,1653.750083,1624.597083,1657.460083,15.460207999999966,"[1.4792500000000928, 41.68408349999993]",0.9459617927585762,"[0.09237439556719629, 2.5661270717070805]",12,3,36,10000
gpu,stock,2,demo,zoom_out,12,1927,complete_us,master,current,2706.9672085,2710.434083,2708.1615414999997,2714.177083,0.3089999999999691,"[-30.899417000000085, 39.30383299999994]",0.012895351731001536,"[-1.1277064129548486, 1.4819032153370548]",12,3,36,10000
gpu,stock,2,demo,zoom_out,12,1927,draw_us,master,final,1279.9530829999999,1252.539917,1279.43225,1251.076292,-26.119792000000075,"[-41.843875000000025, 1.0939584999999852]",-2.068568236944246,"[-3.294794380710969, 0.09331125953941366]",12,3,36,10000
gpu,stock,2,demo,zoom_out,12,1927,submit_us,master,final,1628.328208,1605.6891249999999,1624.597083,1609.102333,-27.453166500000066,"[-43.19437499999992, -3.0224165000000767]",-1.6970984054632265,"[-2.7047992191894075, -0.18230955541041483]",12,3,36,10000
gpu,stock,2,demo,zoom_out,12,1927,complete_us,master,final,2706.9672085,2679.9809585000003,2708.1615414999997,2670.1372085000003,-44.173541500000056,"[-67.965375, 12.312541499999952]",-1.626777848319244,"[-2.494943584688891, 0.4652747909485222]",12,3,36,10000
gpu,stock,2,demo,zoom_out,12,1927,draw_us,master,pool,1279.9530829999999,1266.842,1279.43225,1262.8402915000001,-25.13541650000002,"[-39.965124999999944, 7.4184585000000425]",-1.9284520088832302,"[-3.129165859954175, 0.5870687708434463]",12,3,36,10000
gpu,stock,2,demo,zoom_out,12,1927,submit_us,master,pool,1628.328208,1610.647583,1624.597083,1609.7067080000002,-24.711666500000092,"[-45.06245799999999, 14.42033349999997]",-1.5213031592705706,"[-2.7678844686101876, 0.8963591826633421]",12,3,36,10000
gpu,stock,2,demo,zoom_out,12,1927,complete_us,master,pool,2706.9672085,2687.7032085,2708.1615414999997,2678.6805835,-42.310708500000146,"[-105.04533349999997, 30.269249499999887]",-1.5579142798121781,"[-3.8327697165705112, 1.133057145220262]",12,3,36,10000
gpu,stock,2,demo,zoom_out,12,1927,draw_us,current,final,1297.019167,1252.539917,1298.0780829999999,1251.076292,-47.25533299999995,"[-61.03108299999997, 12.753458499999965]",-3.7022542029732874,"[-4.659570739699048, 0.9830067132853948]",12,3,36,10000
gpu,stock,2,demo,zoom_out,12,1927,submit_us,current,final,1653.750083,1605.6891249999999,1657.460083,1609.102333,-49.46720849999997,"[-67.94791650000002, 4.852625499999931]",-2.979735765342728,"[-4.061415264219148, 0.2886926347829111]",12,3,36,10000
gpu,stock,2,demo,zoom_out,12,1927,complete_us,current,final,2710.434083,2679.9809585000003,2714.177083,2670.1372085000003,-39.46854150000013,"[-58.203250000000025, -3.9045000000000982]",-1.4569912085701464,"[-2.1406478309238866, -0.14594986784621233]",12,3,36,10000
gpu,stock,2,demo,zoom_out,12,1927,draw_us,current,pool,1297.019167,1266.842,1298.0780829999999,1262.8402915000001,-30.050333000000023,"[-47.652791500000035, 5.109458500000073]",-2.3093034760072904,"[-3.665088787255999, 0.39644903967205325]",12,3,36,10000
gpu,stock,2,demo,zoom_out,12,1927,submit_us,current,pool,1653.750083,1610.647583,1657.460083,1609.7067080000002,-43.010332999999946,"[-66.39575000000002, 11.175375000000031]",-2.582466369439862,"[-3.985220961615127, 0.6796867820502261]",12,3,36,10000
gpu,stock,2,demo,zoom_out,12,1927,complete_us,current,pool,2710.434083,2687.7032085,2714.177083,2678.6805835,-30.215166500000123,"[-74.14591649999988, 5.923791499999879]",-1.1161344305856857,"[-2.7370919381988488, 0.21750032834919053]",12,3,36,10000
gpu,stock,2,demo,zoom_out,12,1927,draw_us,final,pool,1252.539917,1266.842,1251.076292,1262.8402915000001,-4.5555420000000595,"[-48.08508349999988, 49.076499999999896]",-0.36314558063645364,"[-3.687783727065802, 3.985341987100388]",12,3,36,10000
gpu,stock,2,demo,zoom_out,12,1927,submit_us,final,pool,1605.6891249999999,1610.647583,1609.102333,1609.7067080000002,-15.890582999999992,"[-55.19987549999996, 57.83520849999991]",-0.9836438276562554,"[-3.3285085720913155, 3.6676992100567407]",12,3,36,10000
gpu,stock,2,demo,zoom_out,12,1927,complete_us,final,pool,2679.9809585000003,2687.7032085,2670.1372085000003,2678.6805835,-7.710125000000062,"[-53.232499999999845, 62.5782499999998]",-0.29021154140128624,"[-1.969505257090809, 2.351848287003888]",12,3,36,10000
gpu,stock,2,font_variations,first_paint,1,263,draw_us,master,current,1707.5210000000002,1753.0205,1714.979,1749.083,38.145999999999844,"[2.8125, 51.85450000000003]",2.251112756395446,"[0.1645291221038403, 3.0241714168799394]",12,3,36,10000
gpu,stock,2,font_variations,first_paint,1,263,submit_us,master,current,3082.375,3132.7705,3082.375,3107.3125,-0.3330000000000837,"[-58.374500000000126, 68.60400000000004]",-0.0018344001863956905,"[-1.8193665061900843, 2.284185333601163]",12,3,36,10000
gpu,stock,2,font_variations,first_paint,1,263,complete_us,master,current,4652.0205000000005,4615.083500000001,4603.333500000001,4605.3545,150.0005000000001,"[-199.66750000000002, 552.7085000000002]",3.4150449814916217,"[-4.2556809207593975, 10.99867473335998]",12,3,36,10000
gpu,stock,2,font_variations,first_paint,1,263,draw_us,master,final,1707.5210000000002,1668.0,1714.979,1672.125,-22.603500000000054,"[-90.12450000000001, 24.645999999999958]",-1.3553415376084121,"[-5.080537645874033, 1.4878468623916508]",12,3,36,10000
gpu,stock,2,font_variations,first_paint,1,263,submit_us,master,final,3082.375,3040.625,3082.375,3031.917,-14.583000000000084,"[-127.75, 46.125]",-0.48021465169761357,"[-4.0328756366418865, 1.4578805096673086]",12,3,36,10000
gpu,stock,2,font_variations,first_paint,1,263,complete_us,master,final,4652.0205000000005,4525.0415,4603.333500000001,4582.4375,25.271499999999833,"[-177.60500000000047, 205.47900000000027]",0.5795075837397579,"[-3.304793646140031, 4.732404372438504]",12,3,36,10000
gpu,stock,2,font_variations,first_paint,1,263,draw_us,master,pool,1707.5210000000002,1728.833,1714.979,1736.0835,-0.875,"[-29.875000000000114, 42.89599999999996]",-0.05173028201072016,"[-1.6755726915692715, 2.4278365357009557]",12,3,36,10000
gpu,stock,2,font_variations,first_paint,1,263,submit_us,master,pool,3082.375,3120.875,3082.375,3129.5415000000003,38.66650000000004,"[-38.999500000000126, 76.97949999999992]",1.2594646051721892,"[-1.2690437604179428, 2.3893963124409723]",12,3,36,10000
gpu,stock,2,font_variations,first_paint,1,263,complete_us,master,pool,4652.0205000000005,4646.625,4603.333500000001,4612.0625,168.45800000000008,"[-355.4164999999998, 716.8135000000002]",3.5904165864106607,"[-7.300321548118516, 15.338283255397998]",12,3,36,10000
gpu,stock,2,font_variations,first_paint,1,263,draw_us,current,final,1753.0205,1668.0,1749.083,1672.125,-26.812499999999886,"[-113.5200000000001, -15.041999999999916]",-1.5896562633243294,"[-6.3410719305918235, -0.844860328311442]",12,3,36,10000
gpu,stock,2,font_variations,first_paint,1,263,submit_us,current,final,3132.7705,3040.625,3107.3125,3031.917,-19.645500000000084,"[-149.22900000000004, 56.458000000000084]",-0.638641903255821,"[-4.682786563822699, 1.8814325616129834]",12,3,36,10000
gpu,stock,2,font_variations,first_paint,1,263,complete_us,current,final,4615.083500000001,4525.0415,4605.3545,4582.4375,112.70849999999973,"[-653.3965000000003, 202.4375]",2.368602608356807,"[-11.972874761557822, 4.400450767938957]",12,3,36,10000
gpu,stock,2,font_variations,first_paint,1,263,draw_us,current,pool,1753.0205,1728.833,1749.083,1736.0835,-7.25,"[-61.08299999999997, 50.54150000000004]",-0.4241505628800546,"[-3.4764214708808474, 3.0022715844432724]",12,3,36,10000
gpu,stock,2,font_variations,first_paint,1,263,submit_us,current,pool,3132.7705,3120.875,3107.3125,3129.5415000000003,35.479499999999916,"[-72.89599999999996, 129.49950000000013]",1.171708233877089,"[-2.2840203020037197, 4.286386909520612]",12,3,36,10000
gpu,stock,2,font_variations,first_paint,1,263,complete_us,current,pool,4615.083500000001,4646.625,4605.3545,4612.0625,115.22949999999992,"[-588.9159999999997, 573.5209999999997]",2.604192968127339,"[-10.76194537210226, 12.363135539984238]",12,3,36,10000
gpu,stock,2,font_variations,first_paint,1,263,draw_us,final,pool,1668.0,1728.833,1672.125,1736.0835,31.208499999999958,"[1.8960000000000719, 81.06200000000001]",1.8283278283008575,"[0.11353020734215513, 4.825523548159794]",12,3,36,10000
gpu,stock,2,font_variations,first_paint,1,263,submit_us,final,pool,3040.625,3120.875,3031.917,3129.5415000000003,25.145999999999958,"[-47.395500000000084, 203.0424999999998]",0.8294257606520805,"[-1.5042738883092266, 6.687893394546096]",12,3,36,10000
gpu,stock,2,font_variations,first_paint,1,263,complete_us,final,pool,4525.0415,4646.625,4582.4375,4612.0625,56.3755000000001,"[-138.85400000000027, 658.0835000000002]",1.285230447094149,"[-2.594696962101961, 14.721693446963334]",12,3,36,10000
gpu,stock,2,font_variations,slant_advance,10,1158,draw_us,master,current,773.7602999999999,789.51675,771.12075,791.65635,19.13745,"[6.197799999999972, 33.78125]",2.4865592102830014,"[0.8020084347946599, 4.484973591443342]",12,3,36,10000
gpu,stock,2,font_variations,slant_advance,10,1158,submit_us,master,current,825.46455,842.01475,823.4457,843.4875999999999,18.466600000000028,"[4.4956999999999425, 33.523049999999955]",2.25938371779022,"[0.5452501173602409, 4.165690449924142]",12,3,36,10000
gpu,stock,2,font_variations,slant_advance,10,1158,complete_us,master,current,1286.6583,1293.01885,1278.76045,1293.7458499999998,14.864500000000021,"[-40.83364999999992, 28.908399999999915]",1.1733744990321315,"[-2.951788334732086, 2.2898584971659974]",12,3,36,10000
gpu,stock,2,font_variations,slant_advance,10,1158,draw_us,master,final,773.7602999999999,773.98755,771.12075,767.0833,-9.116499999999974,"[-29.85419999999999, 9.85820000000001]",-1.1873113531421342,"[-3.6538054836674885, 1.274885224337774]",12,3,36,10000
gpu,stock,2,font_variations,slant_advance,10,1158,submit_us,master,final,825.46455,826.5897,823.4457,818.1541500000001,-9.96244999999999,"[-33.285600000000045, 7.708199999999977]",-1.2150850142080782,"[-3.813595620290938, 0.944310069915888]",12,3,36,10000
gpu,stock,2,font_variations,slant_advance,10,1158,complete_us,master,final,1286.6583,1271.0228,1278.76045,1265.28745,-14.414649999999938,"[-65.18140000000005, 8.927099999999882]",-1.1398567500600365,"[-4.898142764823699, 0.7132310216310334]",12,3,36,10000
gpu,stock,2,font_variations,slant_advance,10,1158,draw_us,master,pool,773.7602999999999,777.75635,771.12075,780.2499,13.09575000000001,"[-4.608199999999954, 30.93330000000003]",1.7189056017463678,"[-0.589727564963477, 3.8122411484432073]",12,3,36,10000
gpu,stock,2,font_variations,slant_advance,10,1158,submit_us,master,pool,825.46455,828.975,823.4457,831.5164500000001,13.129199999999969,"[-7.806100000000015, 35.716549999999984]",1.614126148581796,"[-0.9313795494332644, 4.416704930945558]",12,3,36,10000
gpu,stock,2,font_variations,slant_advance,10,1158,complete_us,master,pool,1286.6583,1276.97085,1278.76045,1279.18535,-1.3189499999999725,"[-34.79559999999992, 87.14789999999994]",-0.10365000627118315,"[-2.570543804277464, 6.971927335517392]",12,3,36,10000
gpu,stock,2,font_variations,slant_advance,10,1158,draw_us,current,final,789.51675,773.98755,791.65635,767.0833,-30.63979999999998,"[-45.947900000000004, -7.8125499999999874]",-3.9215114957685984,"[-5.563262593014395, -0.989068821861322]",12,3,36,10000
gpu,stock,2,font_variations,slant_advance,10,1158,submit_us,current,final,842.01475,826.5897,843.4875999999999,818.1541500000001,-29.26249999999999,"[-45.68960000000004, -9.052050000000008]",-3.52365157495656,"[-5.186617968451945, -1.0658509701052643]",12,3,36,10000
gpu,stock,2,font_variations,slant_advance,10,1158,complete_us,current,final,1293.01885,1271.0228,1293.7458499999998,1265.28745,-19.84175000000016,"[-48.12724999999989, 2.787399999999934]",-1.5371113065951292,"[-3.721955817631528, 0.20510159918376014]",12,3,36,10000
gpu,stock,2,font_variations,slant_advance,10,1158,draw_us,current,pool,789.51675,777.75635,791.65635,780.2499,-6.831299999999999,"[-17.17089999999996, 5.595799999999997]",-0.8424057821161957,"[-2.1641750466130762, 0.736345961056839]",12,3,36,10000
gpu,stock,2,font_variations,slant_advance,10,1158,submit_us,current,pool,842.01475,828.975,843.4875999999999,831.5164500000001,-5.735400000000027,"[-18.454099999999983, 4.876950000000022]",-0.6675076627638776,"[-2.1776105485869115, 0.5973231117562872]",12,3,36,10000
gpu,stock,2,font_variations,slant_advance,10,1158,complete_us,current,pool,1293.01885,1276.97085,1293.7458499999998,1279.18535,0.8790000000000191,"[-27.07490000000007, 63.066599999999994]",0.07018845637621896,"[-2.0837872070047556, 4.926605256044714]",12,3,36,10000
gpu,stock,2,font_variations,slant_advance,10,1158,draw_us,final,pool,773.98755,777.75635,767.0833,780.2499,12.081200000000024,"[-1.2790500000000407, 31.687450000000013]",1.5641318981034602,"[-0.1385753608036444, 4.255058487111518]",12,3,36,10000
gpu,stock,2,font_variations,slant_advance,10,1158,submit_us,final,pool,826.5897,828.975,818.1541500000001,831.5164500000001,11.67285000000004,"[-1.0353000000000065, 31.964349999999968]",1.4141096690511223,"[-0.11619036998666288, 4.019518957182311]",12,3,36,10000
gpu,stock,2,font_variations,slant_advance,10,1158,complete_us,final,pool,1271.0228,1276.97085,1265.28745,1279.18535,26.937549999999987,"[-14.835249999999974, 137.99794999999995]",2.1653442007176893,"[-1.1463327397392364, 10.985898470178423]",12,3,36,10000
gpu,stock,2,font_variations,slant_return,10,0,draw_us,master,current,42.28335,43.6353,43.07495,41.71055,0.6292500000000025,"[-1.0018999999999991, 1.2166500000000013]",1.542707091110418,"[-2.333711855772286, 2.9058443110833054]",12,3,36,10000
gpu,stock,2,font_variations,slant_return,10,0,submit_us,master,current,98.58109999999999,100.09385,99.2062,100.40025,1.6667499999999933,"[-1.9706499999999991, 3.0374499999999927]",1.6642858301516683,"[-1.8303103726368841, 3.2760206230966427]",12,3,36,10000
gpu,stock,2,font_variations,slant_return,10,0,complete_us,master,current,286.8168,288.5062,285.43129999999996,289.14175,1.077050000000014,"[-8.014800000000008, 19.67500000000004]",0.3945325605663408,"[-2.6796276113278337, 7.001025989300514]",12,3,36,10000
gpu,stock,2,font_variations,slant_return,10,0,draw_us,master,final,42.28335,41.15205,43.07495,41.46665,-1.799900000000001,"[-3.493750000000002, -1.1916500000000028]",-4.4151199446348155,"[-7.8016627517148445, -2.81010832635451]",12,3,36,10000
gpu,stock,2,font_variations,slant_return,10,0,submit_us,master,final,98.58109999999999,96.8064,99.2062,96.8064,-1.2666500000000056,"[-8.200049999999997, 0.8520499999999984]",-1.3307513843911711,"[-8.019384718120726, 0.896507338022734]",12,3,36,10000
gpu,stock,2,font_variations,slant_return,10,0,complete_us,master,final,286.8168,285.9458,285.43129999999996,289.90825,-0.38349999999996953,"[-12.122649999999993, 6.270850000000024]",-0.13629390641280992,"[-3.9873701167856046, 2.227237485632394]",12,3,36,10000
gpu,stock,2,font_variations,slant_return,10,0,draw_us,master,pool,42.28335,41.320949999999996,43.07495,41.27505,-0.6311999999999998,"[-2.5167999999999964, 0.8105500000000028]",-1.5032991153136277,"[-5.777325124792249, 2.002995087816195]",12,3,36,10000
gpu,stock,2,font_variations,slant_return,10,0,submit_us,master,pool,98.58109999999999,99.221,99.2062,99.2772,2.0789999999999935,"[-3.404050000000005, 3.2418499999999923]",2.1032603409615436,"[-3.2961246420271317, 3.3600369309074396]",12,3,36,10000
gpu,stock,2,font_variations,slant_return,10,0,complete_us,master,pool,286.8168,292.54795,285.43129999999996,294.07090000000005,5.433500000000009,"[-1.7938499999999635, 21.318850000000026]",1.7260345185019732,"[-0.6326413562947775, 7.430762090363352]",12,3,36,10000
gpu,stock,2,font_variations,slant_return,10,0,draw_us,current,final,43.6353,41.15205,41.71055,41.46665,-2.4394500000000043,"[-3.3352499999999985, -1.5481000000000016]",-5.496711316197356,"[-7.674206645049708, -3.7165376595877264]",12,3,36,10000
gpu,stock,2,font_variations,slant_return,10,0,submit_us,current,final,100.09385,96.8064,100.40025,96.8064,-1.7728499999999983,"[-3.8936999999999955, 0.31024999999999636]",-1.8157714094688693,"[-3.922205000307227, 0.32072076095284174]",12,3,36,10000
gpu,stock,2,font_variations,slant_return,10,0,complete_us,current,final,288.5062,285.9458,289.14175,289.90825,-0.31254999999998745,"[-19.864400000000018, 8.651900000000012]",-0.11019769469738372,"[-6.313607201558313, 3.0321125591025178]",12,3,36,10000
gpu,stock,2,font_variations,slant_return,10,0,draw_us,current,pool,43.6353,41.320949999999996,41.71055,41.27505,-0.3478999999999992,"[-4.9959000000000024, 0.5687999999999995]",-0.8359505725800076,"[-10.617465066820891, 1.36678386940422]",12,3,36,10000
gpu,stock,2,font_variations,slant_return,10,0,submit_us,current,pool,100.09385,99.221,100.40025,99.2772,-0.3626000000000005,"[-5.389300000000006, 1.781250000000007]",-0.3854277032564135,"[-4.8575295609957045, 1.8441990139182463]",12,3,36,10000
gpu,stock,2,font_variations,slant_return,10,0,complete_us,current,pool,288.5062,292.54795,289.14175,294.07090000000005,-0.7476999999999521,"[-16.56035, 21.568900000000014]",-0.2594759026818716,"[-5.053073601699492, 7.347055950347858]",12,3,36,10000
gpu,stock,2,font_variations,slant_return,10,0,draw_us,final,pool,41.15205,41.320949999999996,41.46665,41.27505,1.4625500000000002,"[-0.6855999999999938, 2.7688500000000005]",3.7125056151162794,"[-1.6410921443821724, 7.087410549077944]",12,3,36,10000
gpu,stock,2,font_variations,slant_return,10,0,submit_us,final,pool,96.8064,99.221,96.8064,99.2772,2.154199999999996,"[-1.424900000000008, 7.770750000000007]",2.2283370134707603,"[-1.4596290036089088, 8.424144967302926]",12,3,36,10000
gpu,stock,2,font_variations,slant_return,10,0,complete_us,final,pool,285.9458,292.54795,289.90825,294.07090000000005,9.48350000000002,"[-5.6583499999999844, 26.225150000000014]",3.33494410756352,"[-1.9698995968415955, 8.731626842637263]",12,3,36,10000
gpu,stock,2,font_variations,warm,30,0,draw_us,master,current,41.0041,40.629833500000004,41.2083,40.406883,-0.3423829999999981,"[-1.2340665000000008, 1.186816499999999]",-0.809019565370539,"[-3.0002317544032655, 2.8498562993568233]",12,3,36,10000
gpu,stock,2,font_variations,warm,30,0,submit_us,master,current,88.903367,89.3243335,89.1311335,87.7736165,-0.8930000000000007,"[-2.7972004999999953, 1.7889165000000062]",-0.9375391386406473,"[-3.0193835936153715, 2.061709141255641]",12,3,36,10000
gpu,stock,2,font_variations,warm,30,0,complete_us,master,current,279.4499335,282.83745,277.85546650000003,285.51943300000005,1.4985830000000249,"[-8.097250500000001, 12.054833499999972]",0.5602407518735586,"[-2.8720963596172266, 4.337990800334623]",12,3,36,10000
gpu,stock,2,font_variations,warm,30,0,draw_us,master,final,41.0041,39.869383,41.2083,39.671549999999996,-1.1187329999999989,"[-1.868700000000004, 0.009050000000002001]",-2.7384554956933926,"[-4.414512224063804, 0.01720714416947322]",12,3,36,10000
gpu,stock,2,font_variations,warm,30,0,submit_us,master,final,88.903367,87.23753350000001,89.1311335,87.509,-2.281917,"[-3.2708999999999975, -0.7965164999999956]",-2.6257062346183577,"[-3.4751855052493896, -0.9100884249915453]",12,3,36,10000
gpu,stock,2,font_variations,warm,30,0,complete_us,master,final,279.4499335,276.1089835,277.85546650000003,276.5499335,-1.9611495000000048,"[-7.795100500000018, 2.363200000000006]",-0.7065335880698909,"[-2.6989237010607123, 0.8646619678040479]",12,3,36,10000
gpu,stock,2,font_variations,warm,30,0,draw_us,master,pool,41.0041,39.8881665,41.2083,40.0055165,-1.1881000000000022,"[-1.7937499999999957, 0.045833499999996974]",-2.8287585474143393,"[-4.315118721222522, 0.12152528154661946]",12,3,36,10000
gpu,stock,2,font_variations,warm,30,0,submit_us,master,pool,88.903367,88.31393349999999,89.1311335,88.532017,-1.5304840000000013,"[-3.0979329999999976, 0.3042665000000042]",-1.783082228749855,"[-3.3739431040185286, 0.3424890792871338]",12,3,36,10000
gpu,stock,2,font_variations,warm,30,0,complete_us,master,pool,279.4499335,281.85906650000004,277.85546650000003,282.95765,3.0027664999999786,"[-6.151433499999996, 6.800099999999986]",1.067461859590424,"[-2.2174892830245208, 2.424223877950671]",12,3,36,10000
gpu,stock,2,font_variations,warm,30,0,draw_us,current,final,40.629833500000004,39.869383,40.406883,39.671549999999996,-0.4131834999999988,"[-1.8923334999999994, 0.4304659999999991]",-1.0374780169414788,"[-4.6179410394014635, 1.0483358991618286]",12,3,36,10000
gpu,stock,2,font_variations,warm,30,0,submit_us,current,final,89.3243335,87.23753350000001,87.7736165,87.509,-0.6137500000000031,"[-5.436833499999999, 2.8603834999999975]",-0.7069561206196784,"[-6.019294827750205, 3.2571018186165035]",12,3,36,10000
gpu,stock,2,font_variations,warm,30,0,complete_us,current,final,282.83745,276.1089835,285.51943300000005,276.5499335,-6.02086700000001,"[-11.86949949999999, -0.8611165000000085]",-2.130449993577294,"[-4.1101302129350925, -0.30447845514560146]",12,3,36,10000
gpu,stock,2,font_variations,warm,30,0,draw_us,current,pool,40.629833500000004,39.8881665,40.406883,40.0055165,-0.7562670000000011,"[-1.686016500000001, -0.10065000000000168]",-1.8398735491970686,"[-4.150446182948119, -0.25339999999219875]",12,3,36,10000
gpu,stock,2,font_variations,warm,30,0,submit_us,current,pool,89.3243335,88.31393349999999,87.7736165,88.532017,-1.0901505,"[-2.552916500000002, 2.6409834999999973]",-1.2738511449015943,"[-2.8678994764308854, 2.9665200084054155]",12,3,36,10000
gpu,stock,2,font_variations,warm,30,0,complete_us,current,pool,282.83745,281.85906650000004,285.51943300000005,282.95765,1.3847999999999843,"[-11.54989999999998, 10.997983499999975]",0.5082649293385311,"[-3.914191193443839, 3.943508885135283]",12,3,36,10000
gpu,stock,2,font_variations,warm,30,0,draw_us,final,pool,39.869383,39.8881665,39.671549999999996,40.0055165,0.08129999999999882,"[-0.8166834999999963, 0.8332835000000003]",0.20723052228605043,"[-2.029769404366155, 2.112538145152998]",12,3,36,10000
gpu,stock,2,font_variations,warm,30,0,submit_us,final,pool,87.23753350000001,88.31393349999999,87.509,88.532017,1.1320495000000008,"[-2.386883499999996, 3.1202004999999957]",1.2962149913197996,"[-2.7411124871353607, 3.6809427680966733]",12,3,36,10000
gpu,stock,2,font_variations,warm,30,0,complete_us,final,pool,276.1089835,281.85906650000004,276.5499335,282.95765,7.436866500000008,"[-0.04856650000002105, 11.910349999999994]",2.7000051088151844,"[-0.01391579722351266, 4.254100756084888]",12,3,36,10000
gpu,stock,2,font_variations,weight_advance,6,717,draw_us,master,current,846.4895,861.5970835,843.97225,860.1525835,16.27774999999997,"[-2.7466665000000035, 26.086749499999996]",1.8654135233318603,"[-0.334724303793299, 3.0313542977231434]",12,3,36,10000
gpu,stock,2,font_variations,weight_advance,6,717,submit_us,master,current,889.698,905.88525,889.3715,904.7705834999999,11.642499999999984,"[-2.2119164999999725, 25.583082999999988]",1.207727974321171,"[-0.25954748342253975, 2.8087025539279664]",12,3,36,10000
gpu,stock,2,font_variations,weight_advance,6,717,complete_us,master,current,1340.791667,1367.2220835,1354.805667,1367.9616664999999,3.5864170000000968,"[-114.49641600000007, 33.8886665]",0.2703561279137512,"[-6.760511852450507, 2.5299155461036227]",12,3,36,10000
gpu,stock,2,font_variations,weight_advance,6,717,draw_us,master,final,846.4895,835.7743335,843.97225,838.454917,-2.6455835000000434,"[-29.45516650000002, 12.625]",-0.3167555155205726,"[-3.4223711027277446, 1.4698630438056304]",12,3,36,10000
gpu,stock,2,font_variations,weight_advance,6,717,submit_us,master,final,889.698,881.7326665,889.3715,883.8993330000001,-2.815832999999998,"[-29.715333499999986, 17.649416499999973]",-0.32112137643806604,"[-3.2744849466588954, 1.9660751227512985]",12,3,36,10000
gpu,stock,2,font_variations,weight_advance,6,717,complete_us,master,final,1340.791667,1336.78475,1354.805667,1328.1526669999998,-16.39291700000001,"[-118.71183399999995, 1.6007505000000037]",-1.2350101501729438,"[-7.403559135414223, 0.12417400524880051]",12,3,36,10000
gpu,stock,2,font_variations,weight_advance,6,717,draw_us,master,pool,846.4895,856.5485835,843.97225,852.8576665,8.156333500000017,"[-27.864666999999997, 18.642250000000047]",0.9621778895804733,"[-3.003970122565697, 2.1783291056846843]",12,3,36,10000
gpu,stock,2,font_variations,weight_advance,6,717,submit_us,master,pool,889.698,901.9025835,889.3715,897.684,9.77800000000002,"[-25.531333500000017, 21.91674999999998]",1.0985235851395103,"[-2.5834335285298216, 2.402255659211028]",12,3,36,10000
gpu,stock,2,font_variations,weight_advance,6,717,complete_us,master,pool,1340.791667,1355.2256670000002,1354.805667,1367.072917,-3.6004159999999956,"[-125.64924999999994, 32.94058299999995]",-0.2530516708648234,"[-7.893343442902428, 2.4541919227792253]",12,3,36,10000
gpu,stock,2,font_variations,weight_advance,6,717,draw_us,current,final,861.5970835,835.7743335,860.1525835,838.454917,-20.749666999999988,"[-43.520833500000094, -2.562250000000006]",-2.3972520977150245,"[-5.011151109796213, -0.289798524850976]",12,3,36,10000
gpu,stock,2,font_variations,weight_advance,6,717,submit_us,current,final,905.88525,881.7326665,904.7705834999999,883.8993330000001,-16.541833500000052,"[-39.926916500000004, 2.454917000000023]",-1.848013857159092,"[-4.377161716254613, 0.2928119667507112]",12,3,36,10000
gpu,stock,2,font_variations,weight_advance,6,717,complete_us,current,final,1367.2220835,1336.78475,1367.9616664999999,1328.1526669999998,-10.65625,"[-47.454750000000104, 16.750083500000073]",-0.7973945320784936,"[-3.498268052840098, 1.2384396237379525]",12,3,36,10000
gpu,stock,2,font_variations,weight_advance,6,717,draw_us,current,pool,861.5970835,856.5485835,860.1525835,852.8576665,-20.350500499999953,"[-50.19450000000006, 2.90300000000002]",-2.341803896303812,"[-5.383556587793476, 0.33686795231978595]",12,3,36,10000
gpu,stock,2,font_variations,weight_advance,6,717,submit_us,current,pool,905.88525,901.9025835,904.7705834999999,897.684,-16.548833000000002,"[-42.614499499999965, 2.3890835000000266]",-1.81360284583712,"[-4.273957025458053, 0.26248658156579063]",12,3,36,10000
gpu,stock,2,font_variations,weight_advance,6,717,complete_us,current,pool,1367.2220835,1355.2256670000002,1367.9616664999999,1367.072917,-2.8887505000000147,"[-29.87149999999997, 107.69799999999998]",-0.1903867208126908,"[-2.1696521090551038, 8.013347248979663]",12,3,36,10000
gpu,stock,2,font_variations,weight_advance,6,717,draw_us,final,pool,835.7743335,856.5485835,838.454917,852.8576665,6.03116650000004,"[-12.778000499999962, 48.097416500000065]",0.7178406289367167,"[-1.5242758152266278, 5.800645772927238]",12,3,36,10000
gpu,stock,2,font_variations,weight_advance,6,717,submit_us,final,pool,881.7326665,901.9025835,883.8993330000001,897.684,4.6248335000000225,"[-14.7050835, 49.9271665]",0.5274618890608873,"[-1.6282823583553374, 5.692830341355048]",12,3,36,10000
gpu,stock,2,font_variations,weight_advance,6,717,complete_us,final,pool,1336.78475,1355.2256670000002,1328.1526669999998,1367.072917,21.64933300000007,"[-11.56258349999996, 153.97216649999996]",1.651591216987991,"[-0.8566434612468199, 11.468718508500485]",12,3,36,10000
gpu,stock,2,font_variations,weight_return,6,0,draw_us,master,current,40.29875,40.847167,40.29875,41.2986665,0.3714999999999975,"[-0.9061665000000012, 1.9306664999999974]",0.9602280833824861,"[-2.280571756679012, 4.786584025808438]",12,3,36,10000
gpu,stock,2,font_variations,weight_return,6,0,submit_us,master,current,88.5556665,90.9305835,88.5556665,91.71875,0.6769170000000031,"[-2.850916500000004, 6.3819164999999956]",0.7948932709507639,"[-2.965747722936518, 6.638142540690883]",12,3,36,10000
gpu,stock,2,font_variations,weight_return,6,0,complete_us,master,current,279.819667,278.40625,278.54166699999996,279.26750000000004,0.5974160000000097,"[-8.086749999999995, 7.479084000000029]",0.214341956258135,"[-2.706583668121815, 2.7758311549172077]",12,3,36,10000
gpu,stock,2,font_variations,weight_return,6,0,draw_us,master,final,40.29875,40.079833,40.29875,40.079833,-0.28483400000000003,"[-1.9480834999999992, 2.2811664999999977]",-0.7127851533436258,"[-4.74076127775343, 5.75251787935983]",12,3,36,10000
gpu,stock,2,font_variations,weight_return,6,0,submit_us,master,final,88.5556665,90.7154165,88.5556665,90.6110835,-0.25358349999999774,"[-6.267416500000003, 5.482666999999999]",-0.2884090200179379,"[-6.545493846473932, 5.997795354587543]",12,3,36,10000
gpu,stock,2,font_variations,weight_return,6,0,complete_us,master,final,279.819667,273.3995,278.54166699999996,273.0416665,-6.493083499999983,"[-17.010249999999985, 1.6701664999999934]",-2.337916427722797,"[-5.525776894517609, 0.6019675342554098]",12,3,36,10000
gpu,stock,2,font_variations,weight_return,6,0,draw_us,master,pool,40.29875,40.1701665,40.29875,40.513999999999996,0.5449999999999982,"[-1.5763335000000005, 1.5832495000000009]",1.3082677575654844,"[-3.920433238781124, 3.7950425335593563]",12,3,36,10000
gpu,stock,2,font_variations,weight_return,6,0,submit_us,master,pool,88.5556665,89.0418335,88.5556665,90.5765,-0.21524949999999876,"[-2.350750000000005, 6.187583500000002]",-0.24022771886332284,"[-2.2671326260960134, 6.968531466312411]",12,3,36,10000
gpu,stock,2,font_variations,weight_return,6,0,complete_us,master,pool,279.819667,278.951583,278.54166699999996,278.187583,0.2155830000000094,"[-12.333333500000009, 6.690832999999998]",0.10948869985162868,"[-4.042667509909592, 2.417270794617321]",12,3,36,10000
gpu,stock,2,font_variations,weight_return,6,0,draw_us,current,final,40.847167,40.079833,41.2986665,40.079833,-0.1180835000000009,"[-2.6111664999999995, 1.003499999999999]",-0.26327990549678826,"[-6.234601499045095, 2.4988298933314557]",12,3,36,10000
gpu,stock,2,font_variations,weight_return,6,0,submit_us,current,final,90.9305835,90.7154165,91.71875,90.6110835,-3.517416499999996,"[-6.551833000000002, 2.399416500000001]",-3.7389805272609262,"[-6.922078623516592, 2.716845684396063]",12,3,36,10000
gpu,stock,2,font_variations,weight_return,6,0,complete_us,current,final,278.40625,273.3995,279.26750000000004,273.0416665,-7.5417500000000075,"[-14.652583499999992, 8.506666999999993]",-2.6999804906634117,"[-4.946644101540192, 3.192377508402866]",12,3,36,10000
gpu,stock,2,font_variations,weight_return,6,0,draw_us,current,pool,40.847167,40.1701665,41.2986665,40.513999999999996,-0.06933349999999905,"[-1.2605000000000004, 1.985999999999997]",-0.18038891647244037,"[-3.0689170863245856, 4.668171826384815]",12,3,36,10000
gpu,stock,2,font_variations,weight_return,6,0,submit_us,current,pool,90.9305835,89.0418335,91.71875,90.5765,0.4825000000000017,"[-3.437333500000001, 7.864667000000004]",0.5692545651740655,"[-3.6333671444863658, 7.970828252012607]",12,3,36,10000
gpu,stock,2,font_variations,weight_return,6,0,complete_us,current,pool,278.40625,278.951583,279.26750000000004,278.187583,-3.1978340000000287,"[-14.684000500000025, 13.635583500000024]",-1.1551371248007203,"[-4.96180719832685, 5.012174203730946]",12,3,36,10000
gpu,stock,2,font_variations,weight_return,6,0,draw_us,final,pool,40.079833,40.1701665,40.079833,40.513999999999996,-0.6077499999999993,"[-2.4237499999999983, 4.364667000000001]",-1.5387849673777487,"[-5.798291892512674, 10.987560157953713]",12,3,36,10000
gpu,stock,2,font_variations,weight_return,6,0,submit_us,final,pool,90.7154165,89.0418335,90.6110835,90.5765,0.1664999999999992,"[-6.260583500000003, 13.625]",0.3151506004318183,"[-6.735925110598817, 15.47228685037072]",12,3,36,10000
gpu,stock,2,font_variations,weight_return,6,0,complete_us,final,pool,273.3995,278.951583,273.0416665,278.187583,5.382166500000011,"[-9.558917000000008, 21.81925050000001]",1.9864078872866564,"[-3.2308034927776843, 8.098941780487356]",12,3,36,10000
gpu,stock,2,grid_pollution,hot_first,1,94,draw_us,master,current,498.917,523.2919999999999,497.667,523.2919999999999,22.853500000000054,"[3.8334999999999866, 30.042]",4.593659175125875,"[0.8028734204626631, 5.814447431245262]",12,3,36,10000
gpu,stock,2,grid_pollution,hot_first,1,94,submit_us,master,current,1792.5625,1831.4995,1783.5625,1846.583,37.75049999999999,"[-8.708500000000072, 70.89549999999997]",2.081540701999296,"[-0.45106559600887053, 3.9749286893518643]",12,3,36,10000
gpu,stock,2,grid_pollution,hot_first,1,94,complete_us,master,current,2705.2290000000003,2803.3540000000003,2695.2290000000003,2833.5834999999997,166.56299999999987,"[-110.89599999999996, 211.95800000000008]",6.251883726370577,"[-3.8577155152826617, 7.924827769271026]",12,3,36,10000
gpu,stock,2,grid_pollution,hot_first,1,94,draw_us,master,final,498.917,450.375,497.667,441.14549999999997,-55.97999999999999,"[-75.35499999999999, -38.22949999999997]",-11.1531620735559,"[-14.712008442762754, -7.709259527542445]",12,3,36,10000
gpu,stock,2,grid_pollution,hot_first,1,94,submit_us,master,final,1792.5625,1733.0,1783.5625,1752.3125,4.27049999999997,"[-71.08349999999996, 37.18700000000001]",0.2744132254779319,"[-3.995806722764156, 2.0177963579025238]",12,3,36,10000
gpu,stock,2,grid_pollution,hot_first,1,94,complete_us,master,final,2705.2290000000003,2690.6040000000003,2695.2290000000003,2680.7084999999997,-48.08349999999996,"[-231.25, 36.0625]",-1.829148048134499,"[-8.241596946647329, 1.3779719051995598]",12,3,36,10000
gpu,stock,2,grid_pollution,hot_first,1,94,draw_us,master,pool,498.917,454.41650000000004,497.667,458.1665,-44.50049999999996,"[-74.5625, -32.334]",-9.106063785542851,"[-14.425608553784297, -6.577678287121902]",12,3,36,10000
gpu,stock,2,grid_pollution,hot_first,1,94,submit_us,master,pool,1792.5625,1714.854,1783.5625,1707.25,-64.24950000000001,"[-102.95899999999995, -32.56299999999999]",-3.4920672688551093,"[-5.591472892285509, -1.8716617759472587]",12,3,36,10000
gpu,stock,2,grid_pollution,hot_first,1,94,complete_us,master,pool,2705.2290000000003,2697.75,2695.2290000000003,2722.0834999999997,69.4375,"[-199.77099999999996, 103.83399999999983]",2.620905957771602,"[-6.87415430310645, 3.9666918975179044]",12,3,36,10000
gpu,stock,2,grid_pollution,hot_first,1,94,draw_us,current,final,523.2919999999999,450.375,523.2919999999999,441.14549999999997,-78.97950000000003,"[-86.75099999999998, -54.35450000000003]",-15.202480619305636,"[-16.43823345551281, -10.374320175074287]",12,3,36,10000
gpu,stock,2,grid_pollution,hot_first,1,94,submit_us,current,final,1831.4995,1733.0,1846.583,1752.3125,-69.49999999999989,"[-92.60450000000003, 5.27049999999997]",-3.8428822289373716,"[-4.9787758463613105, 0.3029405996723522]",12,3,36,10000
gpu,stock,2,grid_pollution,hot_first,1,94,complete_us,current,final,2803.3540000000003,2690.6040000000003,2833.5834999999997,2680.7084999999997,-154.66650000000004,"[-242.6875, -68.45849999999996]",-5.3725891763215685,"[-8.470408557009346, -2.4933005772733994]",12,3,36,10000
gpu,stock,2,grid_pollution,hot_first,1,94,draw_us,current,pool,523.2919999999999,454.41650000000004,523.2919999999999,458.1665,-64.99999999999997,"[-83.16650000000004, -55.91650000000001]",-12.39912891747662,"[-15.908337068955497, -10.841339262345656]",12,3,36,10000
gpu,stock,2,grid_pollution,hot_first,1,94,submit_us,current,pool,1831.4995,1714.854,1846.583,1707.25,-92.14599999999996,"[-153.72949999999992, -19.708499999999958]",-5.054444243130368,"[-8.300164088040779, -1.1238212550805593]",12,3,36,10000
gpu,stock,2,grid_pollution,hot_first,1,94,complete_us,current,pool,2803.3540000000003,2697.75,2833.5834999999997,2722.0834999999997,-90.3125,"[-180.68700000000013, 26.895500000000084]",-3.223505777384733,"[-6.156434796644616, 0.9879411259102189]",12,3,36,10000
gpu,stock,2,grid_pollution,hot_first,1,94,draw_us,final,pool,450.375,454.41650000000004,441.14549999999997,458.1665,14.458499999999987,"[-28.812000000000012, 27.041499999999985]",3.2136958380282965,"[-6.167388485820941, 6.256079033505168]",12,3,36,10000
gpu,stock,2,grid_pollution,hot_first,1,94,submit_us,final,pool,1733.0,1714.854,1752.3125,1707.25,-58.1875,"[-127.37499999999989, 61.95849999999996]",-3.312043040909074,"[-6.858158837732031, 3.667259815391888]",12,3,36,10000
gpu,stock,2,grid_pollution,hot_first,1,94,complete_us,final,pool,2690.6040000000003,2697.75,2680.7084999999997,2722.0834999999997,38.791999999999916,"[-49.72900000000004, 226.64599999999996]",1.469753701712262,"[-1.8140680607591275, 9.14771949815214]",12,3,36,10000
gpu,stock,2,grid_pollution,hot_return,1,94,draw_us,master,current,459.7505,471.91650000000004,462.04200000000003,473.646,7.917000000000002,"[-3.4375, 29.3125]",1.7146823430841729,"[-0.7217384710086483, 6.563561808505036]",12,3,36,10000
gpu,stock,2,grid_pollution,hot_return,1,94,submit_us,master,current,505.1255,518.3335,507.29200000000003,518.7085,6.770499999999998,"[-4.87450000000004, 32.08300000000003]",1.3109576166523307,"[-0.9419124461784889, 6.515551999144886]",12,3,36,10000
gpu,stock,2,grid_pollution,hot_return,1,94,complete_us,master,current,927.75,935.8335,926.3545,942.5415,11.040999999999997,"[-11.249999999999943, 33.49950000000001]",1.1923542503929685,"[-1.1949989200443545, 3.6445723410167052]",12,3,36,10000
gpu,stock,2,grid_pollution,hot_return,1,94,draw_us,master,final,459.7505,448.6875,462.04200000000003,446.04150000000004,-20.8125,"[-28.624500000000012, 2.208000000000027]",-4.474386152781196,"[-5.876906858249686, 0.5062401152487239]",12,3,36,10000
gpu,stock,2,grid_pollution,hot_return,1,94,submit_us,master,final,505.1255,494.042,507.29200000000003,494.042,-21.104000000000013,"[-26.958500000000015, 3.4584999999999866]",-4.107549815109235,"[-5.065523300297964, 0.7129014780622556]",12,3,36,10000
gpu,stock,2,grid_pollution,hot_return,1,94,complete_us,master,final,927.75,922.3330000000001,926.3545,922.3330000000001,3.604000000000042,"[-25.52049999999997, 11.41700000000003]",0.3937854221444548,"[-2.672217573134006, 1.2410010106813307]",12,3,36,10000
gpu,stock,2,grid_pollution,hot_return,1,94,draw_us,master,pool,459.7505,465.125,462.04200000000003,465.54150000000004,3.499500000000012,"[-17.833499999999987, 14.146000000000015]",0.7575939741360505,"[-3.695607784815519, 3.1536279935950984]",12,3,36,10000
gpu,stock,2,grid_pollution,hot_return,1,94,submit_us,master,pool,505.1255,511.396,507.29200000000003,511.4995,2.311999999999955,"[-18.41650000000007, 17.8545]",0.450517913251014,"[-3.4827111102083306, 3.6324468407419763]",12,3,36,10000
gpu,stock,2,grid_pollution,hot_return,1,94,complete_us,master,pool,927.75,933.521,926.3545,942.25,7.02049999999997,"[-5.0625, 94.18700000000007]",0.7713841331183469,"[-0.5291778297496996, 10.218158278666357]",12,3,36,10000
gpu,stock,2,grid_pollution,hot_return,1,94,draw_us,current,final,471.91650000000004,448.6875,473.646,446.04150000000004,-23.5625,"[-37.64599999999999, -12.583000000000027]",-5.11431108069173,"[-7.83188494900739, -2.6720839649990333]",12,3,36,10000
gpu,stock,2,grid_pollution,hot_return,1,94,submit_us,current,final,518.3335,494.042,518.7085,494.042,-21.4375,"[-37.58300000000003, -9.333499999999987]",-4.182051876160253,"[-7.13983983348252, -1.8114484616623905]",12,3,36,10000
gpu,stock,2,grid_pollution,hot_return,1,94,complete_us,current,final,935.8335,922.3330000000001,942.5415,922.3330000000001,-17.396000000000015,"[-58.791499999999985, 36.375]",-1.84813546955237,"[-6.099486304815849, 4.047457785439912]",12,3,36,10000
gpu,stock,2,grid_pollution,hot_return,1,94,draw_us,current,pool,471.91650000000004,465.125,473.646,465.54150000000004,-10.645999999999987,"[-17.875, 6.125]",-2.236245942884263,"[-3.742223376229198, 1.3283801275167928]",12,3,36,10000
gpu,stock,2,grid_pollution,hot_return,1,94,submit_us,current,pool,518.3335,511.396,518.7085,511.4995,-7.896000000000015,"[-12.312499999999972, 10.124499999999983]",-1.5248641001443297,"[-2.3625327218387557, 1.9799558710918652]",12,3,36,10000
gpu,stock,2,grid_pollution,hot_return,1,94,complete_us,current,pool,935.8335,933.521,942.5415,942.25,-0.25,"[-19.541500000000042, 84.06200000000001]",-0.03528062876409499,"[-2.0590330916977315, 8.992871332348507]",12,3,36,10000
gpu,stock,2,grid_pollution,hot_return,1,94,draw_us,final,pool,448.6875,465.125,446.04150000000004,465.54150000000004,19.8125,"[6.520500000000027, 24.999500000000012]",4.442595543480965,"[1.424185399119804, 5.682617140308199]",12,3,36,10000
gpu,stock,2,grid_pollution,hot_return,1,94,submit_us,final,pool,494.042,511.396,494.042,511.4995,16.52000000000004,"[5.291999999999945, 26.729000000000013]",3.2824499146359876,"[1.0536949711835164, 5.453664731856078]",12,3,36,10000
gpu,stock,2,grid_pollution,hot_return,1,94,complete_us,final,pool,922.3330000000001,933.521,922.3330000000001,942.25,38.18700000000001,"[-1.8129999999999882, 112.14549999999997]",4.104616357124535,"[-0.19771732397336206, 12.243515396875736]",12,3,36,10000
gpu,stock,2,grid_pollution,hot_second,1,94,draw_us,master,current,432.1875,383.1875,429.1875,384.5205,-42.75050000000002,"[-63.18700000000001, -26.645999999999987]",-10.187671393031945,"[-14.33796414904759, -6.177608602499001]",12,3,36,10000
gpu,stock,2,grid_pollution,hot_second,1,94,submit_us,master,current,469.10400000000004,420.4375,466.47950000000003,421.8545,-43.31249999999997,"[-68.667, -23.208999999999975]",-9.503308489535689,"[-14.025076838476036, -4.9611854940073865]",12,3,36,10000
gpu,stock,2,grid_pollution,hot_second,1,94,complete_us,master,current,905.687,881.7085,905.687,881.7085,-26.458500000000015,"[-103.64599999999996, -1.2709999999999582]",-2.9267202608348586,"[-10.556562272297587, -0.13046138326017198]",12,3,36,10000
gpu,stock,2,grid_pollution,hot_second,1,94,draw_us,master,final,432.1875,393.64599999999996,429.1875,402.6875,-33.50050000000002,"[-45.228999999999985, -19.395999999999987]",-7.892041405888401,"[-10.601092338353379, -4.529933722463102]",12,3,36,10000
gpu,stock,2,grid_pollution,hot_second,1,94,submit_us,master,final,469.10400000000004,431.3955,466.47950000000003,439.70849999999996,-35.93799999999999,"[-45.978999999999985, -19.68700000000004]",-7.7079901797107215,"[-9.761821764609612, -4.086536101730548]",12,3,36,10000
gpu,stock,2,grid_pollution,hot_second,1,94,complete_us,master,final,905.687,865.688,905.687,869.875,-41.5,"[-54.33249999999998, -17.958000000000027]",-4.581477922055621,"[-6.026348917058955, -2.000797947895938]",12,3,36,10000
gpu,stock,2,grid_pollution,hot_second,1,94,draw_us,master,pool,432.1875,381.0625,429.1875,383.10450000000003,-43.083999999999975,"[-60.56200000000001, -36.208]",-10.100395555804798,"[-13.757982719743143, -8.608387874781254]",12,3,36,10000
gpu,stock,2,grid_pollution,hot_second,1,94,submit_us,master,pool,469.10400000000004,417.79150000000004,466.47950000000003,420.10400000000004,-42.70800000000003,"[-71.04150000000001, -32.77099999999999]",-9.354722173245161,"[-14.571542526606896, -7.09549395854075]",12,3,36,10000
gpu,stock,2,grid_pollution,hot_second,1,94,complete_us,master,pool,905.687,853.6245,905.687,846.125,-60.22949999999997,"[-125.16700000000003, -20.791999999999973]",-6.699945363715171,"[-12.720813172949502, -2.278368541741582]",12,3,36,10000
gpu,stock,2,grid_pollution,hot_second,1,94,draw_us,current,final,383.1875,393.64599999999996,384.5205,402.6875,6.832999999999998,"[-9.4375, 29.25]",1.759356149493141,"[-2.357367943161459, 7.778898482967655]",12,3,36,10000
gpu,stock,2,grid_pollution,hot_second,1,94,submit_us,current,final,420.4375,431.3955,421.8545,439.70849999999996,5.124499999999983,"[-11.479499999999973, 32.542]",1.2049500676330593,"[-2.639895522638258, 7.896082952197892]",12,3,36,10000
gpu,stock,2,grid_pollution,hot_second,1,94,complete_us,current,final,881.7085,865.688,881.7085,869.875,6.604499999999973,"[-40.22900000000004, 23.625000000000057]",0.7501943199567096,"[-4.444223170150463, 2.6469791269631116]",12,3,36,10000
gpu,stock,2,grid_pollution,hot_second,1,94,draw_us,current,pool,383.1875,381.0625,384.5205,383.10450000000003,-0.8950000000000387,"[-10.166999999999973, 6.667000000000002]",-0.22827809041700564,"[-2.5648016184251055, 1.7707489191241765]",12,3,36,10000
gpu,stock,2,grid_pollution,hot_second,1,94,submit_us,current,pool,420.4375,417.79150000000004,421.8545,420.10400000000004,-0.020499999999969987,"[-8.750499999999988, 7.146000000000015]",-0.006923534874669901,"[-2.0337135048124564, 1.7323597899291387]",12,3,36,10000
gpu,stock,2,grid_pollution,hot_second,1,94,complete_us,current,pool,881.7085,853.6245,881.7085,846.125,-20.833000000000084,"[-58.37450000000001, 0.728999999999985]",-2.420820345538366,"[-6.445174797190567, 0.08426001103838399]",12,3,36,10000
gpu,stock,2,grid_pollution,hot_second,1,94,draw_us,final,pool,393.64599999999996,381.0625,402.6875,383.10450000000003,-18.75,"[-28.978499999999997, 7.353999999999985]",-4.635816925097413,"[-7.105650332810215, 1.9435432387134188]",12,3,36,10000
gpu,stock,2,grid_pollution,hot_second,1,94,submit_us,final,pool,431.3955,417.79150000000004,439.70849999999996,420.10400000000004,-21.666499999999985,"[-32.97900000000001, 10.207999999999998]",-4.8729245807038355,"[-7.383618705325545, 2.438937915812367]",12,3,36,10000
gpu,stock,2,grid_pollution,hot_second,1,94,complete_us,final,pool,865.688,853.6245,869.875,846.125,-16.750499999999988,"[-50.41700000000003, 26.3125]",-1.9581652246085435,"[-5.699762652428092, 3.0775495026059363]",12,3,36,10000
gpu,stock,2,grid_pollution,pollution,64,6016,draw_us,master,current,471.666328,500.37921900000003,473.06542149999996,500.530953,28.890265999999997,"[24.673539000000005, 34.176063]",6.153484437200241,"[5.177496067343002, 7.236579788615948]",12,3,36,10000
gpu,stock,2,grid_pollution,pollution,64,6016,submit_us,master,current,506.863289,535.0876015,508.30208600000003,535.7116169999999,28.772453000000013,"[24.693742000000043, 34.90752350000005]",5.726674512602791,"[4.827855671572157, 6.873148141307361]",12,3,36,10000
gpu,stock,2,grid_pollution,pollution,64,6016,complete_us,master,current,967.996758,1033.3297499999999,962.7991485,1048.2086405,68.81603900000005,"[30.03648400000003, 115.39073450000001]",7.0608639200759775,"[3.1234029444889733, 12.053362762997855]",12,3,36,10000
gpu,stock,2,grid_pollution,pollution,64,6016,draw_us,master,final,471.666328,467.7196955,473.06542149999996,467.10256300000003,-5.937187499999993,"[-9.285156, -2.5172494999999913]",-1.2550458282441224,"[-1.952999677344469, -0.5340321806147241]",12,3,36,10000
gpu,stock,2,grid_pollution,pollution,64,6016,submit_us,master,final,506.863289,502.79002349999996,508.30208600000003,502.022156,-4.8105159999999785,"[-9.29070299999995, -1.9950315000000103]",-0.9617603175825329,"[-1.8190324438214334, -0.3941449713730838]",12,3,36,10000
gpu,stock,2,grid_pollution,pollution,64,6016,complete_us,master,final,967.996758,973.0016175000001,962.7991485,969.07525,-4.132140499999991,"[-25.369444999999985, 43.3492655]",-0.42195245949956384,"[-2.647037576083461, 4.474557391110001]",12,3,36,10000
gpu,stock,2,grid_pollution,pollution,64,6016,draw_us,master,pool,471.666328,484.55045299999995,473.06542149999996,484.670875,14.060828000000015,"[4.588203499999992, 23.533773999999994]",2.9891483257030615,"[0.9674193039525769, 5.00701074360308]",12,3,36,10000
gpu,stock,2,grid_pollution,pollution,64,6016,submit_us,master,pool,506.863289,519.370086,508.30208600000003,520.2610625,14.757163499999962,"[4.491538999999989, 24.90253899999999]",2.9209003009234125,"[0.8823410058736658, 4.928436658561441]",12,3,36,10000
gpu,stock,2,grid_pollution,pollution,64,6016,complete_us,master,pool,967.996758,1013.0487965,962.7991485,1000.1991715,37.455085499999996,"[4.339508499999965, 79.604445]",3.8732794219192512,"[0.45132524930038276, 8.361583988080346]",12,3,36,10000
gpu,stock,2,grid_pollution,pollution,64,6016,draw_us,current,final,500.37921900000003,467.7196955,500.530953,467.10256300000003,-34.69133600000001,"[-41.837547, -29.886428999999993]",-6.971277563844924,"[-8.25783203003927, -5.975636337393286]",12,3,36,10000
gpu,stock,2,grid_pollution,pollution,64,6016,submit_us,current,final,535.0876015,502.79002349999996,535.7116169999999,502.022156,-34.920563000000016,"[-43.336281499999984, -29.414101500000015]",-6.5556290128918775,"[-7.977273576539156, -5.493382591038337]",12,3,36,10000
gpu,stock,2,grid_pollution,pollution,64,6016,complete_us,current,final,1033.3297499999999,973.0016175000001,1048.2086405,969.07525,-73.48281250000002,"[-116.371445, -5.889327999999978]",-7.307330807344564,"[-10.859046614967106, -0.5582156633735125]",12,3,36,10000
gpu,stock,2,grid_pollution,pollution,64,6016,draw_us,current,pool,500.37921900000003,484.55045299999995,500.530953,484.670875,-16.95637450000001,"[-19.055374999999998, -8.199555000000004]",-3.361678897955178,"[-3.80786954744482, -1.6343159193039414]",12,3,36,10000
gpu,stock,2,grid_pollution,pollution,64,6016,submit_us,current,pool,535.0876015,519.370086,535.7116169999999,520.2610625,-16.347007500000018,"[-19.517882499999985, -7.117210499999999]",-3.022718458193868,"[-3.6474470362409805, -1.3239406796145547]",12,3,36,10000
gpu,stock,2,grid_pollution,pollution,64,6016,complete_us,current,pool,1033.3297499999999,1013.0487965,1048.2086405,1000.1991715,-37.22428150000002,"[-63.451250000000016, -16.04523400000005]",-3.639584636890497,"[-6.006598433903159, -1.4925517505179675]",12,3,36,10000
gpu,stock,2,grid_pollution,pollution,64,6016,draw_us,final,pool,467.7196955,484.55045299999995,467.10256300000003,484.670875,20.34507000000002,"[13.282312499999989, 31.345687499999997]",4.413248989726082,"[2.8396776373975974, 6.7240736386405375]",12,3,36,10000
gpu,stock,2,grid_pollution,pollution,64,6016,submit_us,final,pool,502.79002349999996,519.370086,502.022156,520.2610625,20.19591399999996,"[13.215875000000011, 33.472234499999985]",4.066981041130635,"[2.628344405033878, 6.676027093394355]",12,3,36,10000
gpu,stock,2,grid_pollution,pollution,64,6016,complete_us,final,pool,973.0016175000001,1013.0487965,969.07525,1000.1991715,15.14680450000003,"[-33.15203150000008, 82.097961]",1.5896513970751869,"[-3.1031836080373076, 8.589294993637475]",12,3,36,10000
gpu,stock,2,grid_singleton,once,1,94,draw_us,master,current,515.7705,548.25,514.5205,548.354,28.645999999999987,"[6.916499999999985, 48.04150000000007]",5.411938405047234,"[1.3394427660789798, 8.862363303147458]",12,3,36,10000
gpu,stock,2,grid_singleton,once,1,94,submit_us,master,current,1853.75,1894.6875,1845.9165,1885.521,-4.3745000000001255,"[-36.4375, 83.49999999999989]",-0.24524018552414817,"[-1.8857702264363452, 4.642018770642487]",12,3,36,10000
gpu,stock,2,grid_singleton,once,1,94,complete_us,master,current,2795.6040000000003,2876.8540000000003,2795.6040000000003,2892.063,38.958000000000084,"[-18.312000000000126, 151.91699999999992]",1.4192510084516385,"[-0.646912037568903, 5.548553570839509]",12,3,36,10000
gpu,stock,2,grid_singleton,once,1,94,draw_us,master,final,515.7705,473.313,514.5205,476.75,-41.74999999999997,"[-66.93749999999997, -34.56249999999997]",-8.25958703963367,"[-12.46826644591833, -6.870733865606815]",12,3,36,10000
gpu,stock,2,grid_singleton,once,1,94,submit_us,master,final,1853.75,1810.6875,1845.9165,1817.771,-26.019999999999982,"[-123.99950000000001, 14.124000000000024]",-1.4179762092023485,"[-6.460570318051295, 0.7618548626173505]",12,3,36,10000
gpu,stock,2,grid_singleton,once,1,94,complete_us,master,final,2795.6040000000003,2730.625,2795.6040000000003,2704.2290000000003,-120.18799999999987,"[-251.58349999999996, 9.375499999999874]",-4.249260568748397,"[-8.389465728867512, 0.36360448681036495]",12,3,36,10000
gpu,stock,2,grid_singleton,once,1,94,draw_us,master,pool,515.7705,485.85400000000004,514.5205,482.64599999999996,-29.895999999999958,"[-50.91749999999999, -11.354500000000002]",-5.2718803772783875,"[-9.610171303225407, -2.284729239546701]",12,3,36,10000
gpu,stock,2,grid_singleton,once,1,94,submit_us,master,pool,1853.75,1826.125,1845.9165,1816.916,-39.22950000000003,"[-141.08300000000008, 70.77150000000006]",-2.1264980734787664,"[-7.435176688175638, 3.9612479970721703]",12,3,36,10000
gpu,stock,2,grid_singleton,once,1,94,complete_us,master,pool,2795.6040000000003,2769.9795,2795.6040000000003,2780.6040000000003,59.52099999999996,"[-101.89649999999983, 83.625]",2.0547048849777205,"[-3.4629929810977345, 3.1193005323317924]",12,3,36,10000
gpu,stock,2,grid_singleton,once,1,94,draw_us,current,final,548.25,473.313,548.354,476.75,-72.97949999999997,"[-94.25, -65.68800000000002]",-13.564974756060893,"[-16.996281059789922, -11.984522273758303]",12,3,36,10000
gpu,stock,2,grid_singleton,once,1,94,submit_us,current,final,1894.6875,1810.6875,1885.521,1817.771,-78.27050000000008,"[-123.77099999999996, -18.999999999999886]",-4.189931362750326,"[-6.379359243678739, -1.0365782720694494]",12,3,36,10000
gpu,stock,2,grid_singleton,once,1,94,complete_us,current,final,2876.8540000000003,2730.625,2892.063,2704.2290000000003,-204.02050000000008,"[-361.7504999999999, -87.75049999999987]",-7.1923150694701565,"[-12.611460137523444, -3.0243820897515485]",12,3,36,10000
gpu,stock,2,grid_singleton,once,1,94,draw_us,current,pool,548.25,485.85400000000004,548.354,482.64599999999996,-72.68849999999998,"[-80.3545, -55.22900000000001]",-12.486907279659293,"[-14.332396341798887, -10.149917865160297]",12,3,36,10000
gpu,stock,2,grid_singleton,once,1,94,submit_us,current,pool,1894.6875,1826.125,1885.521,1816.916,-73.83350000000007,"[-136.45799999999997, 21.978500000000054]",-3.909786155455508,"[-7.2883089887194386, 1.1630271540816084]",12,3,36,10000
gpu,stock,2,grid_singleton,once,1,94,complete_us,current,pool,2876.8540000000003,2769.9795,2892.063,2780.6040000000003,-97.6875,"[-270.7504999999999, 64.97900000000004]",-3.4212764476026116,"[-9.183542474661817, 2.246804417754933]",12,3,36,10000
gpu,stock,2,grid_singleton,once,1,94,draw_us,final,pool,473.313,485.85400000000004,476.75,482.64599999999996,15.770999999999987,"[-3.1260000000000048, 39.22899999999996]",3.393185600995441,"[-0.6524437834412977, 8.433370025627497]",12,3,36,10000
gpu,stock,2,grid_singleton,once,1,94,submit_us,final,pool,1810.6875,1826.125,1817.771,1816.916,13.478500000000054,"[-26.625, 112.45800000000008]",0.7662673721414714,"[-1.4663145301672065, 6.136603757108472]",12,3,36,10000
gpu,stock,2,grid_singleton,once,1,94,complete_us,final,pool,2730.625,2769.9795,2704.2290000000003,2780.6040000000003,99.25,"[43.0625, 195.00049999999987]",3.67413657498461,"[1.5819571725313786, 7.148277482598752]",12,3,36,10000
gpu,stock,2,grid_two_phases,first,1,94,draw_us,master,current,508.79150000000004,533.625,504.10400000000004,539.25,31.103999999999985,"[0.8125, 50.353500000000054]",6.197505850362095,"[0.19282867594126452, 9.862566733319877]",12,3,36,10000
gpu,stock,2,grid_two_phases,first,1,94,submit_us,master,current,1716.1465,1738.9165,1705.292,1746.958,36.33299999999997,"[-30.667500000000018, 82.875]",2.1365529894454505,"[-1.80609503463936, 4.860648881985197]",12,3,36,10000
gpu,stock,2,grid_two_phases,first,1,94,complete_us,master,current,2645.2084999999997,2694.042,2652.0209999999997,2697.6045,32.39649999999983,"[-21.479499999999916, 79.04150000000004]",1.2030431982457568,"[-0.8059006140735125, 2.9932290752316626]",12,3,36,10000
gpu,stock,2,grid_two_phases,first,1,94,draw_us,master,final,508.79150000000004,450.75,504.10400000000004,450.75,-58.56299999999996,"[-65.85400000000001, -41.79150000000001]",-11.471999684572136,"[-13.010904043202924, -7.971890795755643]",12,3,36,10000
gpu,stock,2,grid_two_phases,first,1,94,submit_us,master,final,1716.1465,1631.146,1705.292,1622.6665,-103.16700000000003,"[-203.6255000000001, -38.35400000000004]",-5.849716031731155,"[-12.040572236917502, -2.2087620409173225]",12,3,36,10000
gpu,stock,2,grid_two_phases,first,1,94,complete_us,master,final,2645.2084999999997,2519.062,2652.0209999999997,2491.7290000000003,-287.08349999999996,"[-638.4370000000001, 19.874500000000126]",-9.955080086391082,"[-23.847357448030987, 0.7475872797608862]",12,3,36,10000
gpu,stock,2,grid_two_phases,first,1,94,draw_us,master,pool,508.79150000000004,465.35400000000004,504.10400000000004,465.5,-49.18700000000001,"[-66.22900000000001, -20.083499999999987]",-9.717517658463676,"[-12.315713254235156, -4.13551052107538]",12,3,36,10000
gpu,stock,2,grid_two_phases,first,1,94,submit_us,master,pool,1716.1465,1669.1045,1705.292,1664.9585,-27.833000000000084,"[-162.60450000000003, -5.624500000000012]",-1.6126782255211636,"[-8.872883225908218, -0.32348752948696546]",12,3,36,10000
gpu,stock,2,grid_two_phases,first,1,94,complete_us,master,pool,2645.2084999999997,2597.583,2652.0209999999997,2610.5415000000003,-84.97999999999979,"[-286.9379999999999, 65.18700000000013]",-3.2042292265623216,"[-10.486011707208615, 2.6634984244726323]",12,3,36,10000
gpu,stock,2,grid_two_phases,first,1,94,draw_us,current,final,533.625,450.75,539.25,450.75,-83.16650000000001,"[-98.95799999999997, -74.0205]",-15.828643417403715,"[-18.07272846938413, -14.199553254466952]",12,3,36,10000
gpu,stock,2,grid_two_phases,first,1,94,submit_us,current,final,1738.9165,1631.146,1746.958,1622.6665,-133.02099999999996,"[-152.688, -92.54149999999993]",-7.795453442085765,"[-8.41378177639705, -5.299352988972012]",12,3,36,10000
gpu,stock,2,grid_two_phases,first,1,94,complete_us,current,final,2694.042,2519.062,2697.6045,2491.7290000000003,-391.25,"[-673.8750000000001, -22.16749999999979]",-12.64304903618289,"[-25.144003035384493, -0.8176462529647155]",12,3,36,10000
gpu,stock,2,grid_two_phases,first,1,94,draw_us,current,pool,533.625,465.35400000000004,539.25,465.5,-62.70750000000004,"[-97.667, -37.39599999999999]",-12.083671684849566,"[-17.20669597609691, -6.901965356575934]",12,3,36,10000
gpu,stock,2,grid_two_phases,first,1,94,submit_us,current,pool,1738.9165,1669.1045,1746.958,1664.9585,-84.64550000000008,"[-117.58299999999997, 15.125]",-4.844072548791006,"[-6.979769425695832, 1.0754032356933063]",12,3,36,10000
gpu,stock,2,grid_two_phases,first,1,94,complete_us,current,pool,2694.042,2597.583,2697.6045,2610.5415000000003,-86.70849999999996,"[-569.6245000000001, 59.72900000000004]",-3.2560049082028977,"[-18.88160379550493, 2.249666251845328]",12,3,36,10000
gpu,stock,2,grid_two_phases,first,1,94,draw_us,final,pool,450.75,465.35400000000004,450.75,465.5,22.87499999999997,"[7.917000000000002, 51.228999999999985]",5.078633215955531,"[1.772467139292666, 11.315658120416895]",12,3,36,10000
gpu,stock,2,grid_two_phases,first,1,94,submit_us,final,pool,1631.146,1669.1045,1622.6665,1664.9585,57.937500000000114,"[23.187999999999988, 181.25]",3.6644148857761794,"[1.42792580128549, 12.204825335488023]",12,3,36,10000
gpu,stock,2,grid_two_phases,first,1,94,complete_us,final,pool,2519.062,2597.583,2491.7290000000003,2610.5415000000003,156.72949999999992,"[-54.1875, 649.4790000000002]",7.2056967934505884,"[-2.0229214773604234, 31.060366790451777]",12,3,36,10000
gpu,stock,2,grid_two_phases,second,1,94,draw_us,master,current,440.0415,394.396,437.77099999999996,385.375,-47.2715,"[-65.77100000000002, -34.08349999999999]",-11.140567993458621,"[-14.282501684280907, -7.919989990768073]",12,3,36,10000
gpu,stock,2,grid_two_phases,second,1,94,submit_us,master,current,477.39549999999997,431.45849999999996,477.0005,421.66700000000003,-46.81199999999998,"[-77.47900000000001, -32.042]",-10.070677971120507,"[-15.185183295788928, -6.960293839199072]",12,3,36,10000
gpu,stock,2,grid_two_phases,second,1,94,complete_us,master,current,903.063,870.7085,904.271,866.0,-27.937499999999943,"[-89.08300000000008, 34.12450000000001]",-3.143287805748762,"[-8.419431838743174, 3.8048020765771295]",12,3,36,10000
gpu,stock,2,grid_two_phases,second,1,94,draw_us,master,final,440.0415,394.3125,437.77099999999996,394.25,-39.12500000000003,"[-62.333500000000015, -26.562999999999988]",-8.804131582309711,"[-13.807062408393122, -6.292288624682318]",12,3,36,10000
gpu,stock,2,grid_two_phases,second,1,94,submit_us,master,final,477.39549999999997,434.4375,477.0005,434.4375,-47.8955,"[-65.792, -23.895500000000027]",-10.13724984824448,"[-13.610862122553291, -5.032290927221528]",12,3,36,10000
gpu,stock,2,grid_two_phases,second,1,94,complete_us,master,final,903.063,870.2705,904.271,863.437,-31.959000000000003,"[-66.47949999999997, 11.624499999999955]",-3.565180011209929,"[-7.351796337849386, 1.3124002189882966]",12,3,36,10000
gpu,stock,2,grid_two_phases,second,1,94,draw_us,master,pool,440.0415,388.6455,437.77099999999996,391.58349999999996,-50.18799999999999,"[-63.62549999999999, -36.04249999999999]",-11.284886609021994,"[-14.229931048367195, -8.484132086129453]",12,3,36,10000
gpu,stock,2,grid_two_phases,second,1,94,submit_us,master,pool,477.39549999999997,424.75,477.0005,426.8755,-50.625,"[-69.35400000000001, -36.209]",-10.846788108305288,"[-13.765909069410364, -7.818608424561968]",12,3,36,10000
gpu,stock,2,grid_two_phases,second,1,94,complete_us,master,pool,903.063,862.063,904.271,865.125,-35.458999999999946,"[-69.54199999999997, 34.41650000000004]",-3.968233172442798,"[-7.734958366108552, 3.7765103561894717]",12,3,36,10000
gpu,stock,2,grid_two_phases,second,1,94,draw_us,current,final,394.396,394.3125,385.375,394.25,10.10499999999999,"[-13.083500000000015, 17.958500000000015]",2.6759273009771767,"[-3.346472003311768, 4.745070388748928]",12,3,36,10000
gpu,stock,2,grid_two_phases,second,1,94,submit_us,current,final,431.45849999999996,434.4375,421.66700000000003,434.4375,5.0,"[-11.083500000000015, 21.0205]",1.123592743355184,"[-2.595381435170718, 5.0912843689297045]",12,3,36,10000
gpu,stock,2,grid_two_phases,second,1,94,complete_us,current,final,870.7085,870.2705,866.0,863.437,0.728999999999985,"[-82.43799999999999, 18.64549999999997]",0.08457952603729835,"[-8.821483021588461, 2.170887711503744]",12,3,36,10000
gpu,stock,2,grid_two_phases,second,1,94,draw_us,current,pool,394.396,388.6455,385.375,391.58349999999996,2.145500000000027,"[-10.437999999999988, 21.146500000000003]",0.534548750497188,"[-2.649930623707175, 5.615496276138188]",12,3,36,10000
gpu,stock,2,grid_two_phases,second,1,94,submit_us,current,pool,431.45849999999996,424.75,421.66700000000003,426.8755,3.187000000000012,"[-12.854500000000002, 21.334000000000003]",0.7705758084637138,"[-2.9745562377055665, 5.15759773783564]",12,3,36,10000
gpu,stock,2,grid_two_phases,second,1,94,complete_us,current,pool,870.7085,862.063,866.0,865.125,12.062999999999931,"[-89.89549999999997, 109.60400000000004]",1.4261889359026725,"[-9.432768674406688, 13.129265982202153]",12,3,36,10000
gpu,stock,2,grid_two_phases,second,1,94,draw_us,final,pool,394.3125,388.6455,394.25,391.58349999999996,-11.06299999999996,"[-16.875, 5.604000000000013]",-2.720082913884758,"[-4.266184817323315, 1.433561435849906]",12,3,36,10000
gpu,stock,2,grid_two_phases,second,1,94,submit_us,final,pool,434.4375,424.75,434.4375,426.8755,-5.770500000000027,"[-18.583999999999975, 2.9380000000000166]",-1.3828484210729075,"[-4.275004986905461, 0.6699767444746985]",12,3,36,10000
gpu,stock,2,grid_two_phases,second,1,94,complete_us,final,pool,870.2705,862.063,863.437,865.125,-5.686500000000024,"[-53.39599999999996, 76.04100000000005]",-0.6593096200815995,"[-5.944862911190735, 8.904709951658617]",12,3,36,10000
gpu,stock,2,grid_unique_sizes,sweep,32,3008,draw_us,master,current,448.504594,483.5689845,451.893844,483.643891,34.55209399999998,"[27.839781000000016, 38.25964049999999]",7.819483574035391,"[5.836469025042545, 8.473046649250593]",12,3,36,10000
gpu,stock,2,grid_unique_sizes,sweep,32,3008,submit_us,master,current,519.11075,554.9438905,519.548766,554.6738124999999,39.38885949999997,"[32.632124999999974, 43.65871849999999]",7.417030868619601,"[6.290621659751682, 8.587952404422438]",12,3,36,10000
gpu,stock,2,grid_unique_sizes,sweep,32,3008,complete_us,master,current,1082.940125,1139.5123435,1080.6197815,1172.9186095,61.30285950000007,"[23.22578150000004, 164.79087500000014]",5.386753931685018,"[2.342321909564893, 16.41092584201862]",12,3,36,10000
gpu,stock,2,grid_unique_sizes,sweep,32,3008,draw_us,master,final,448.504594,449.03975,451.893844,447.428406,-4.828171499999996,"[-11.858781000000022, 9.600906000000009]",-1.083612082462465,"[-2.6298185145266997, 2.13439478407097]",12,3,36,10000
gpu,stock,2,grid_unique_sizes,sweep,32,3008,submit_us,master,final,519.11075,519.273453,519.548766,517.5657655,0.3841564999999605,"[-13.22075000000001, 11.647124500000018]",0.07742734752269609,"[-2.5355212808333194, 2.228435064323797]",12,3,36,10000
gpu,stock,2,grid_unique_sizes,sweep,32,3008,complete_us,master,final,1082.940125,1141.9492030000001,1080.6197815,1149.5240469999999,82.01364049999995,"[-44.944046999999955, 178.07484349999993]",7.591596560952473,"[-3.8154553940523583, 18.03630949699656]",12,3,36,10000
gpu,stock,2,grid_unique_sizes,sweep,32,3008,draw_us,master,pool,448.504594,466.1484535,451.893844,466.1484535,18.542156499999976,"[7.072203000000002, 22.863359499999973]",4.178976990480376,"[1.546610718942587, 5.058796608202476]",12,3,36,10000
gpu,stock,2,grid_unique_sizes,sweep,32,3008,submit_us,master,pool,519.11075,540.966094,519.548766,540.966094,24.07618750000003,"[11.014890999999977, 33.613343499999985]",4.74829816843031,"[2.0789191966036347, 6.487862029821844]",12,3,36,10000
gpu,stock,2,grid_unique_sizes,sweep,32,3008,complete_us,master,pool,1082.940125,1192.687594,1080.6197815,1182.8138595,92.98368700000003,"[39.632124999999974, 158.7714215000001]",8.529945484860779,"[3.822954999181738, 15.681225862261904]",12,3,36,10000
gpu,stock,2,grid_unique_sizes,sweep,32,3008,draw_us,current,final,483.5689845,449.03975,483.643891,447.428406,-32.544359499999985,"[-47.19660950000002, -21.647140499999978]",-6.770643167585538,"[-9.765823554377167, -4.416644602832759]",12,3,36,10000
gpu,stock,2,grid_unique_sizes,sweep,32,3008,submit_us,current,final,554.9438905,519.273453,554.6738124999999,517.5657655,-34.534546999999975,"[-47.096203, -22.00709349999994]",-6.215580694038514,"[-8.53548661862764, -4.0269399723604495]",12,3,36,10000
gpu,stock,2,grid_unique_sizes,sweep,32,3008,complete_us,current,final,1139.5123435,1141.9492030000001,1172.9186095,1149.5240469999999,-44.59651550000001,"[-64.62632800000006, 48.43090650000005]",-3.702279661523505,"[-5.50007480373506, 4.922815728707009]",12,3,36,10000
gpu,stock,2,grid_unique_sizes,sweep,32,3008,draw_us,current,pool,483.5689845,466.1484535,483.643891,466.1484535,-14.615875499999987,"[-24.026640500000013, -10.431062499999996]",-3.004669012697414,"[-4.950440179895466, -2.191458967218912]",12,3,36,10000
gpu,stock,2,grid_unique_sizes,sweep,32,3008,submit_us,current,pool,554.9438905,540.966094,554.6738124999999,540.966094,-13.859265499999992,"[-17.932249999999954, -6.629436999999996]",-2.4921794272909636,"[-3.264965256695207, -1.2206590904843218]",12,3,36,10000
gpu,stock,2,grid_unique_sizes,sweep,32,3008,complete_us,current,pool,1139.5123435,1192.687594,1172.9186095,1182.8138595,7.043702499999881,"[-45.66471899999999, 84.43496900000002]",0.5961864558441832,"[-3.7281490378874462, 7.602569982086294]",12,3,36,10000
gpu,stock,2,grid_unique_sizes,sweep,32,3008,draw_us,final,pool,449.03975,466.1484535,447.428406,466.1484535,18.08662499999997,"[1.6120150000000137, 30.203844000000032]",4.021130098246584,"[0.3542337532519868, 6.931085742062226]",12,3,36,10000
gpu,stock,2,grid_unique_sizes,sweep,32,3008,submit_us,final,pool,519.273453,540.966094,517.5657655,540.966094,17.283327999999983,"[2.990906500000051, 38.00643749999995]",3.306831081959727,"[0.5630783806483741, 7.540196045163249]",12,3,36,10000
gpu,stock,2,grid_unique_sizes,sweep,32,3008,complete_us,final,pool,1141.9492030000001,1192.687594,1149.5240469999999,1182.8138595,48.7917655,"[-47.55345349999993, 161.30931299999997]",4.393299430930664,"[-3.6346455568325275, 15.622267355154795]",12,3,36,10000
gpu,stock,2,grid_unique_variations,sweep,32,3008,draw_us,master,current,525.534469,557.4082344999999,525.9133435,559.241594,34.70971949999998,"[25.449828000000025, 42.82948499999995]",6.67733725920574,"[4.740182964778428, 8.344869177224446]",12,3,36,10000
gpu,stock,2,grid_unique_variations,sweep,32,3008,submit_us,master,current,597.296203,631.0813595,596.011016,632.3450310000001,39.45843699999995,"[25.89054699999997, 43.40439049999998]",6.300540336672899,"[4.232522065895205, 7.440528016508374]",12,3,36,10000
gpu,stock,2,grid_unique_variations,sweep,32,3008,complete_us,master,current,1046.7395625,1118.7291719999998,1072.3372815,1117.3182345,50.000733999999966,"[-49.40634399999999, 66.01031249999994]",4.79736290170486,"[-4.333844561047445, 5.902954693586504]",12,3,36,10000
gpu,stock,2,grid_unique_variations,sweep,32,3008,draw_us,master,final,525.534469,444.4654375,525.9133435,445.92445299999997,-81.90624950000003,"[-86.79418749999999, -68.34117150000003]",-15.648752202330108,"[-16.60470649806659, -13.31349834666108]",12,3,36,10000
gpu,stock,2,grid_unique_variations,sweep,32,3008,submit_us,master,final,597.296203,518.1972499999999,596.011016,518.4323125000001,-80.47003200000003,"[-86.68362450000006, -68.66284350000001]",-13.635352210690039,"[-14.179117436109284, -11.50092551900197]",12,3,36,10000
gpu,stock,2,grid_unique_variations,sweep,32,3008,complete_us,master,final,1046.7395625,960.8222344999999,1072.3372815,960.398422,-82.29956250000009,"[-209.63548450000002, -59.34756249999998]",-7.93402051511935,"[-17.931207359431646, -5.79748578439222]",12,3,36,10000
gpu,stock,2,grid_unique_variations,sweep,32,3008,draw_us,master,pool,525.534469,459.632203,525.9133435,459.467453,-67.25787499999998,"[-74.5618125, -58.44139050000004]",-12.368197999324204,"[-13.920410116445403, -11.264867148154956]",12,3,36,10000
gpu,stock,2,grid_unique_variations,sweep,32,3008,submit_us,master,pool,597.296203,532.500719,596.011016,532.500719,-64.77878150000004,"[-70.00979700000005, -56.547515499999975]",-10.106229829059066,"[-11.715269753586638, -9.705275354856013]",12,3,36,10000
gpu,stock,2,grid_unique_variations,sweep,32,3008,complete_us,master,pool,1046.7395625,987.2506089999999,1072.3372815,994.472625,-54.56309399999992,"[-172.546172, -35.14387549999998]",-5.295041644852844,"[-14.9677847700048, -3.2544812973895336]",12,3,36,10000
gpu,stock,2,grid_unique_variations,sweep,32,3008,draw_us,current,final,557.4082344999999,444.4654375,559.241594,445.92445299999997,-117.24870349999998,"[-125.77414099999996, -110.843781]",-21.024346082903904,"[-22.490847074293274, -19.812254531143008]",12,3,36,10000
gpu,stock,2,grid_unique_variations,sweep,32,3008,submit_us,current,final,631.0813595,518.1972499999999,632.3450310000001,518.4323125000001,-118.88989049999998,"[-128.82306249999996, -108.721406]",-18.75270230596949,"[-20.124765351362953, -17.313809310726786]",12,3,36,10000
gpu,stock,2,grid_unique_variations,sweep,32,3008,complete_us,current,final,1118.7291719999998,960.8222344999999,1117.3182345,960.398422,-159.19595349999997,"[-233.82289049999997, -109.34829649999995]",-14.202794847150157,"[-19.664531367471604, -10.183278599161156]",12,3,36,10000
gpu,stock,2,grid_unique_variations,sweep,32,3008,draw_us,current,pool,557.4082344999999,459.632203,559.241594,459.467453,-106.2011565,"[-109.80398450000001, -88.75134399999999]",-18.134135221349254,"[-19.359746104158795, -15.940105669735882]",12,3,36,10000
gpu,stock,2,grid_unique_variations,sweep,32,3008,submit_us,current,pool,631.0813595,532.500719,632.3450310000001,532.500719,-105.02553099999994,"[-110.51365599999997, -84.34178150000002]",-15.889164368348858,"[-17.30506725681512, -13.384143799776988]",12,3,36,10000
gpu,stock,2,grid_unique_variations,sweep,32,3008,complete_us,current,pool,1118.7291719999998,987.2506089999999,1117.3182345,994.472625,-111.13207850000009,"[-179.93278149999998, -44.800078499999984]",-10.212111936450825,"[-14.806773900626263, -4.121245272640656]",12,3,36,10000
gpu,stock,2,grid_unique_variations,sweep,32,3008,draw_us,final,pool,444.4654375,459.632203,445.92445299999997,459.467453,12.957015499999983,"[5.804733999999996, 30.882859499999995]",2.8999321844795145,"[1.296671662265625, 7.133622572644405]",12,3,36,10000
gpu,stock,2,grid_unique_variations,sweep,32,3008,submit_us,final,pool,518.1972499999999,532.500719,518.4323125000001,532.500719,12.108702999999991,"[5.793594000000041, 35.326952499999976]",2.3467688978228485,"[1.1122102164210168, 6.999201750908291]",12,3,36,10000
gpu,stock,2,grid_unique_variations,sweep,32,3008,complete_us,final,pool,960.8222344999999,987.2506089999999,960.398422,994.472625,33.044312500000046,"[-2.834656499999994, 103.4597495000001]",3.453410245340083,"[-0.2900783243069749, 10.792525629948159]",12,3,36,10000
gpu,stock,2,text,first_paint,1,1344,draw_us,master,current,11534.3335,11509.332999999999,11530.4375,11461.5415,-107.66650000000027,"[-181.25, -16.8125]",-0.9302714720349492,"[-1.574288829028847, -0.14641004179376527]",12,3,36,10000
gpu,stock,2,text,first_paint,1,1344,submit_us,master,current,18482.083,18424.375,18463.8955,18329.2295,-136.35399999999936,"[-218.39600000000064, -22.5625]",-0.7428591260815964,"[-1.1819177775068912, -0.1214432998166759]",12,3,36,10000
gpu,stock,2,text,first_paint,1,1344,complete_us,master,current,29997.125500000002,30058.8955,30192.375,29857.311999999998,-1067.7295000000013,"[-1710.6455000000005, 1144.6874999999982]",-3.4535117811824114,"[-5.503210793192603, 3.9429576031342117]",12,3,36,10000
gpu,stock,2,text,first_paint,1,1344,draw_us,master,final,11534.3335,11238.270499999999,11530.4375,11238.270499999999,-334.6875,"[-547.9584999999997, -65.33349999999973]",-2.9149774720446,"[-4.759508527181078, -0.5638725240435905]",12,3,36,10000
gpu,stock,2,text,first_paint,1,1344,submit_us,master,final,18482.083,18749.749499999998,18463.8955,18611.4165,62.49999999999818,"[-573.0415000000012, 563.2084999999988]",0.3356501670665035,"[-3.1085851013942403, 3.0370150205338953]",12,3,36,10000
gpu,stock,2,text,first_paint,1,1344,complete_us,master,final,29997.125500000002,30324.624499999998,30192.375,30352.708,666.7080000000005,"[-1457.2715000000007, 1889.4584999999988]",2.209944650415274,"[-4.6642546851698, 6.58892844544563]",12,3,36,10000
gpu,stock,2,text,first_paint,1,1344,draw_us,master,pool,11534.3335,11384.5215,11530.4375,11359.0835,-229.0,"[-316.4999999999991, -33.81249999999909]",-1.980439468365336,"[-2.730682610312823, -0.295442015989561]",12,3,36,10000
gpu,stock,2,text,first_paint,1,1344,submit_us,master,pool,18482.083,18274.3125,18463.8955,18222.75,-203.10399999999936,"[-480.9790000000012, -40.56300000000192]",-1.1077537268290694,"[-2.5890699585832344, -0.22159334528207286]",12,3,36,10000
gpu,stock,2,text,first_paint,1,1344,complete_us,master,pool,29997.125500000002,29983.792,30192.375,29385.8955,-576.7500000000018,"[-2485.500000000002, 416.89650000000074]",-1.8997002732733526,"[-8.078610746782921, 1.3786286087024702]",12,3,36,10000
gpu,stock,2,text,first_paint,1,1344,draw_us,current,final,11509.332999999999,11238.270499999999,11461.5415,11238.270499999999,-283.6660000000011,"[-366.70849999999973, -181.875]",-2.4975702943341616,"[-3.2361670202443404, -1.5682228220817718]",12,3,36,10000
gpu,stock,2,text,first_paint,1,1344,submit_us,current,final,18424.375,18749.749499999998,18329.2295,18611.4165,61.0,"[-360.72899999999936, 573.3329999999987]",0.3227141291925695,"[-1.9810658436404782, 3.087715031467697]",12,3,36,10000
gpu,stock,2,text,first_paint,1,1344,complete_us,current,final,30058.8955,30324.624499999998,29857.311999999998,30352.708,195.47950000000128,"[-502.5834999999988, 1432.1864999999998]",0.6395682950759318,"[-1.6616946601223315, 4.885830733343366]",12,3,36,10000
gpu,stock,2,text,first_paint,1,1344,draw_us,current,pool,11509.332999999999,11384.5215,11461.5415,11359.0835,-172.1879999999992,"[-326.0204999999987, 81.83350000000064]",-1.500035156721774,"[-2.8410771298661763, 0.7184200532645346]",12,3,36,10000
gpu,stock,2,text,first_paint,1,1344,submit_us,current,pool,18424.375,18274.3125,18329.2295,18222.75,-145.35349999999926,"[-452.7505000000019, 112.27100000000064]",-0.8074360789240231,"[-2.4329266222303856, 0.6219929504058364]",12,3,36,10000
gpu,stock,2,text,first_paint,1,1344,complete_us,current,pool,30058.8955,29983.792,29857.311999999998,29385.8955,-456.0625,"[-2099.0205000000005, 666.1045000000013]",-1.4859058557830485,"[-6.8703928630158835, 2.2340024614116327]",12,3,36,10000
gpu,stock,2,text,first_paint,1,1344,draw_us,final,pool,11238.270499999999,11384.5215,11238.270499999999,11359.0835,16.91700000000037,"[-154.29099999999926, 457.95850000000064]",0.15970122878605775,"[-1.3430102682813472, 4.168612185397313]",12,3,36,10000
gpu,stock,2,text,first_paint,1,1344,submit_us,final,pool,18749.749499999998,18274.3125,18611.4165,18222.75,-388.66649999999936,"[-1026.0835000000006, 545.2295000000013]",-2.0711922433274688,"[-5.361379554562418, 3.061055890187292]",12,3,36,10000
gpu,stock,2,text,first_paint,1,1344,complete_us,final,pool,30324.624499999998,29983.792,30352.708,29385.8955,-600.9790000000012,"[-2870.353500000001, 370.95850000000064]",-2.022832922875234,"[-9.150867845934263, 1.216058463860703]",12,3,36,10000
gpu,stock,2,text,reflow,3,5,draw_us,master,current,1963.298667,1972.555667,1967.5765000000001,1963.938,8.465333499999929,"[-29.555500000000052, 32.34750050000014]",0.432626563088534,"[-1.4897833390041137, 1.6326746285595273]",12,3,36,10000
gpu,stock,2,text,reflow,3,5,submit_us,master,current,2141.7638335,2136.6113335,2143.8541665000002,2132.6461665,5.951667000000043,"[-27.895833499999753, 42.31966649999981]",0.2802847138975939,"[-1.2919999170047158, 2.0195584385235166]",12,3,36,10000
gpu,stock,2,text,reflow,3,5,complete_us,master,current,2703.5694999999996,2712.159833,2703.5694999999996,2706.2223329999997,14.513999999999896,"[-33.56950000000006, 49.5906665]",0.5436425374774956,"[-1.231109468082775, 1.837438582939288]",12,3,36,10000
gpu,stock,2,text,reflow,3,5,draw_us,master,final,1963.298667,1998.5140000000001,1967.5765000000001,1996.0345,25.507000000000062,"[-17.50016650000009, 84.79866599999991]",1.3232400464485594,"[-0.8987417542914156, 4.30878684724012]",12,3,36,10000
gpu,stock,2,text,reflow,3,5,submit_us,master,final,2141.7638335,2175.4445,2143.8541665000002,2164.4441665000004,24.527833499999815,"[-20.34699999999998, 96.8683329999999]",1.1693266807521474,"[-0.9441723940126157, 4.493514111262686]",12,3,36,10000
gpu,stock,2,text,reflow,3,5,complete_us,master,final,2703.5694999999996,2739.8471664999997,2703.5694999999996,2729.895833,10.034666499999958,"[-31.166999999999916, 75.27083350000021]",0.3727505509406037,"[-1.1532843927277547, 2.7993364034527235]",12,3,36,10000
gpu,stock,2,text,reflow,3,5,draw_us,master,pool,1963.298667,2022.979333,1967.5765000000001,2022.979333,51.49349999999981,"[21.354000000000042, 135.20816600000012]",2.5670514290643154,"[1.0735409359083126, 6.914567834896335]",12,3,36,10000
gpu,stock,2,text,reflow,3,5,submit_us,master,pool,2141.7638335,2196.25,2143.8541665000002,2195.0346664999997,50.909833500000104,"[29.743166499999916, 134.59733299999994]",2.3620791650493245,"[1.3921749984992182, 6.304874500692059]",12,3,36,10000
gpu,stock,2,text,reflow,3,5,complete_us,master,pool,2703.5694999999996,2734.757,2703.5694999999996,2736.6805,52.74316699999986,"[-4.367666999999983, 152.9029999999998]",1.9607522046289572,"[-0.16102897679313166, 5.820718688688797]",12,3,36,10000
gpu,stock,2,text,reflow,3,5,draw_us,current,final,1972.555667,1998.5140000000001,1963.938,1996.0345,12.867833499999847,"[-20.444667000000095, 67.45833300000004]",0.6351089903238627,"[-1.0351701626923004, 3.457856247552449]",12,3,36,10000
gpu,stock,2,text,reflow,3,5,submit_us,current,final,2136.6113335,2175.4445,2132.6461665,2164.4441665000004,-0.6665004999999837,"[-21.4375, 68.89566649999983]",-0.029871986115587168,"[-0.9991772573970659, 3.24823785821019]",12,3,36,10000
gpu,stock,2,text,reflow,3,5,complete_us,current,final,2712.159833,2739.8471664999997,2706.2223329999997,2729.895833,-17.910000000000082,"[-28.27083349999998, 41.97916650000002]",-0.6570013156328214,"[-1.0344967229525825, 1.5666851708990959]",12,3,36,10000
gpu,stock,2,text,reflow,3,5,draw_us,current,pool,1972.555667,2022.979333,1963.938,2022.979333,47.103999499999986,"[38.74316650000003, 77.39566649999995]",2.3306743742214975,"[1.995702442885483, 3.934070343257323]",12,3,36,10000
gpu,stock,2,text,reflow,3,5,submit_us,current,pool,2136.6113335,2196.25,2132.6461665,2195.0346664999997,46.29166650000002,"[29.548666499999854, 80.125]",2.159422806594069,"[1.3975783132146646, 3.7614022827367255]",12,3,36,10000
gpu,stock,2,text,reflow,3,5,complete_us,current,pool,2712.159833,2734.757,2706.2223329999997,2736.6805,29.444333500000084,"[-30.638833500000146, 90.5005000000001]",1.096189586055718,"[-1.1047589460874585, 3.380973269451293]",12,3,36,10000
gpu,stock,2,text,reflow,3,5,draw_us,final,pool,1998.5140000000001,2022.979333,1996.0345,2022.979333,26.958167000000117,"[-22.326000000000022, 70.50683300000003]",1.3649995198336762,"[-1.072831682709724, 3.5019557614930585]",12,3,36,10000
gpu,stock,2,text,reflow,3,5,submit_us,final,pool,2175.4445,2196.25,2164.4441665000004,2195.0346664999997,28.360999999999876,"[-17.166333500000064, 70.38899950000018]",1.3239559190542205,"[-0.784407946611021, 3.249504829548411]",12,3,36,10000
gpu,stock,2,text,reflow,3,5,complete_us,final,pool,2739.8471664999997,2734.757,2729.895833,2736.6805,16.12516649999975,"[-25.708500000000186, 74.88950050000017]",0.6057412047773214,"[-0.9344153646122788, 2.7766346522332896]",12,3,36,10000
gpu,stock,2,text,size_advance,12,6066,draw_us,master,current,6423.532875,6314.908,6425.0660415,6311.1199585,-94.42187449999983,"[-180.1701664999996, -63.378374500000064]",-1.485535664088028,"[-2.746943330702578, -0.9879540790298402]",12,3,36,10000
gpu,stock,2,text,size_advance,12,6066,submit_us,master,current,6597.9340835,6494.5884585,6602.171875,6489.5156664999995,-93.19091699999944,"[-184.62145800000008, -58.584958500000084]",-1.4331843674349753,"[-2.7380922056336185, -0.8885432819322858]",12,3,36,10000
gpu,stock,2,text,size_advance,12,6066,complete_us,master,current,9874.493083000001,9809.364458,9890.786625,9803.216875,-196.7552080000005,"[-358.7377505000004, 239.0035415000002]",-1.9581308760704963,"[-3.5495834419868033, 2.448143820132598]",12,3,36,10000
gpu,stock,2,text,size_advance,12,6066,draw_us,master,final,6423.532875,6342.6997085,6425.0660415,6325.116375,-95.6840830000001,"[-216.0262499999999, 35.68745850000005]",-1.5076189145737717,"[-3.3718515977684937, 0.5453009953053256]",12,3,36,10000
gpu,stock,2,text,size_advance,12,6066,submit_us,master,final,6597.9340835,6525.100833,6602.171875,6509.5226665,-89.70650049999995,"[-218.02270850000014, 43.14591700000028]",-1.3732971149168383,"[-3.314029112579442, 0.643133202107421]",12,3,36,10000
gpu,stock,2,text,size_advance,12,6066,complete_us,master,final,9874.493083000001,10021.814125,9890.786625,10085.49125,-34.90129199999956,"[-125.98450000000048, 204.18245800000022]",-0.35445519755943344,"[-1.2766784818409482, 2.0220618617161734]",12,3,36,10000
gpu,stock,2,text,size_advance,12,6066,draw_us,master,pool,6423.532875,6331.760375,6425.0660415,6316.9045415,-97.25700000000006,"[-120.99470849999989, -27.916458000000148]",-1.5281739612427514,"[-1.8514720291025744, -0.4361894810925193]",12,3,36,10000
gpu,stock,2,text,size_advance,12,6066,submit_us,master,pool,6597.9340835,6510.710125,6602.171875,6494.3195415,-96.64416699999992,"[-123.90966650000018, -21.26379199999974]",-1.4425440001735734,"[-1.873317708303246, -0.32576383601516934]",12,3,36,10000
gpu,stock,2,text,size_advance,12,6066,complete_us,master,pool,9874.493083000001,9763.6805415,9890.786625,9714.284542,-66.12324950000038,"[-384.91312500000004, 113.44974999999886]",-0.670635968115818,"[-3.8093173709558004, 1.1429417204697034]",12,3,36,10000
gpu,stock,2,text,size_advance,12,6066,draw_us,current,final,6314.908,6342.6997085,6311.1199585,6325.116375,10.749957999999879,"[-64.29504199999974, 103.47745850000001]",0.1719253728320158,"[-0.967941973129044, 1.645816737391148]",12,3,36,10000
gpu,stock,2,text,size_advance,12,6066,submit_us,current,final,6494.5884585,6525.100833,6489.5156664999995,6509.5226665,13.69787499999984,"[-60.706583500000306, 124.47404149999966]",0.21367995867067613,"[-0.8896668995210189, 1.9237807217387104]",12,3,36,10000
gpu,stock,2,text,size_advance,12,6066,complete_us,current,final,9809.364458,10021.814125,9803.216875,10085.49125,189.4685834999991,"[16.095624500000667, 371.42175000000043]",1.9675148204526982,"[0.1966990850036765, 3.78194147565184]",12,3,36,10000
gpu,stock,2,text,size_advance,12,6066,draw_us,current,pool,6314.908,6331.760375,6311.1199585,6316.9045415,8.810749499999929,"[-15.081499999999778, 56.336791000000176]",0.14114087070555836,"[-0.22925249697297034, 0.884851117170804]",12,3,36,10000
gpu,stock,2,text,size_advance,12,6066,submit_us,current,pool,6494.5884585,6510.710125,6489.5156664999995,6494.3195415,8.5,"[-23.84199949999993, 62.75499949999994]",0.13188538181646559,"[-0.3692366265055036, 0.9587980711659116]",12,3,36,10000
gpu,stock,2,text,size_advance,12,6066,complete_us,current,pool,9809.364458,9763.6805415,9803.216875,9714.284542,-2.8786249999993743,"[-309.89554150000004, 271.63183349999963]",-0.028749493596308406,"[-3.1377369385859666, 2.7949507644675853]",12,3,36,10000
gpu,stock,2,text,size_advance,12,6066,draw_us,final,pool,6342.6997085,6331.760375,6325.116375,6316.9045415,18.859541499999978,"[-155.93404199999986, 114.27624999999944]",0.3003911199876641,"[-2.3866876774061407, 1.8094160144584759]",12,3,36,10000
gpu,stock,2,text,size_advance,12,6066,submit_us,final,pool,6525.100833,6510.710125,6509.5226665,6494.3195415,17.779458500000146,"[-165.56087500000012, 116.56950000000006]",0.2773683833346974,"[-2.4670778913125915, 1.7940961877839778]",12,3,36,10000
gpu,stock,2,text,size_advance,12,6066,complete_us,final,pool,10021.814125,9763.6805415,10085.49125,9714.284542,-264.26716699999906,"[-498.3125829999999, 82.16325000000052]",-2.652033749264926,"[-4.840899707385354, 0.8140664800891706]",12,3,36,10000
gpu,stock,2,text,size_return,12,0,draw_us,master,current,274.17525,282.74125000000004,274.5104165,282.09716649999996,8.80374999999998,"[-6.805541500000004, 12.069250000000011]",3.2130616749794894,"[-2.420393781711616, 4.312783124647335]",12,3,36,10000
gpu,stock,2,text,size_return,12,0,submit_us,master,current,432.4860835,437.8540835,433.4235835,436.5242085,11.847208499999994,"[-5.217000000000041, 16.595541499999996]",2.755811400076935,"[-1.1656524826910541, 3.883505574256685]",12,3,36,10000
gpu,stock,2,text,size_return,12,0,complete_us,master,current,797.5000835000001,865.1858335,797.5000835000001,872.487792,32.80895850000002,"[-3.4585409999999683, 84.053875]",3.973404073379283,"[-0.37836479042935856, 11.15359980266305]",12,3,36,10000
gpu,stock,2,text,size_return,12,0,draw_us,master,final,274.17525,284.954792,274.5104165,283.9998335,6.708375500000017,"[-1.5955829999999764, 11.75683349999997]",2.4201063662151134,"[-0.5819198690064753, 4.3155955961872605]",12,3,36,10000
gpu,stock,2,text,size_return,12,0,submit_us,master,final,432.4860835,443.3054165,433.4235835,438.640625,11.331583500000022,"[1.1092494999999758, 23.16516649999997]",2.6683845466174527,"[0.2554840736224695, 5.172215313442885]",12,3,36,10000
gpu,stock,2,text,size_return,12,0,complete_us,master,final,797.5000835000001,852.3974585000001,797.5000835000001,871.1856665,76.18587500000001,"[-12.076582999999971, 118.63533299999995]",9.31920138567589,"[-1.4168023719228429, 15.82452236625993]",12,3,36,10000
gpu,stock,2,text,size_return,12,0,draw_us,master,pool,274.17525,289.517375,274.5104165,289.517375,9.49475000000001,"[-0.46875, 20.39583350000001]",3.364877468855787,"[-0.16045072301733576, 7.577527205132718]",12,3,36,10000
gpu,stock,2,text,size_return,12,0,submit_us,master,pool,432.4860835,448.6077085,433.4235835,448.8228335,16.61987449999998,"[-2.9097084999999936, 29.310541500000028]",3.70693471373551,"[-0.6779146097355138, 6.939053761193081]",12,3,36,10000
gpu,stock,2,text,size_return,12,0,complete_us,master,pool,797.5000835000001,849.894,797.5000835000001,849.894,42.871500500000025,"[-13.543499999999995, 63.37841649999996]",5.1198461930268335,"[-1.5373821773476681, 8.414980148152996]",12,3,36,10000
gpu,stock,2,text,size_return,12,0,draw_us,current,final,282.74125000000004,284.954792,282.09716649999996,283.9998335,3.8905420000000106,"[-7.170082999999977, 9.350750000000005]",1.4182926172411014,"[-2.5217379057601743, 3.189887710452577]",12,3,36,10000
gpu,stock,2,text,size_return,12,0,submit_us,current,final,437.8540835,443.3054165,436.5242085,438.640625,6.7552499999999895,"[-4.795083500000004, 13.850832999999994]",1.469035314752054,"[-1.0721607883370399, 3.1525587610160777]",12,3,36,10000
gpu,stock,2,text,size_return,12,0,complete_us,current,final,865.1858335,852.3974585000001,872.487792,871.1856665,1.6474995000000376,"[-30.920124999999985, 107.09020849999996]",0.14116748427647208,"[-3.536824300316338, 13.848834865500626]",12,3,36,10000
gpu,stock,2,text,size_return,12,0,draw_us,current,pool,282.74125000000004,289.517375,282.09716649999996,289.517375,4.9720834999999965,"[-2.190791499999989, 15.809041500000035]",1.8314518931945245,"[-0.7954363603368431, 5.782095293664058]",12,3,36,10000
gpu,stock,2,text,size_return,12,0,submit_us,current,pool,437.8540835,448.6077085,436.5242085,448.8228335,6.340208499999989,"[-5.768957999999998, 20.170000000000016]",1.473500861477628,"[-1.3048890636734256, 4.689142895389664]",12,3,36,10000
gpu,stock,2,text,size_return,12,0,complete_us,current,pool,865.1858335,849.894,872.487792,849.894,-16.66312499999998,"[-48.793542, 84.96179150000006]",-1.8738674186947915,"[-5.4327817374363825, 10.567284110704545]",12,3,36,10000
gpu,stock,2,text,size_return,12,0,draw_us,final,pool,284.954792,289.517375,283.9998335,289.517375,1.1579585000000066,"[-1.140583499999991, 17.378625]",0.4158654177901955,"[-0.41005431546419224, 6.198238922584508]",12,3,36,10000
gpu,stock,2,text,size_return,12,0,submit_us,final,pool,443.3054165,448.6077085,438.640625,448.8228335,-3.5730409999999893,"[-12.666708, 30.432333]",-0.8177151313728537,"[-2.775743480201748, 7.001027473575471]",12,3,36,10000
gpu,stock,2,text,size_return,12,0,complete_us,final,pool,852.3974585000001,849.894,871.1856665,849.894,-43.60941650000001,"[-67.49666649999995, 63.26720799999998]",-4.779631530298955,"[-7.515542141562526, 7.4099733318471195]",12,3,36,10000
gpu,stock,2,text,warm,30,0,draw_us,master,current,251.3736,250.15485,252.1923665,250.15685,-0.9111160000000069,"[-2.8180499999999995, 3.196549999999988]",-0.3633532277087792,"[-1.1149324555860596, 1.27716133729191]",12,3,36,10000
gpu,stock,2,text,warm,30,0,submit_us,master,current,375.3193835,373.493067,375.53815,373.493067,0.014566999999999553,"[-2.6118000000000166, 2.5590335000000266]",0.0038499947884740315,"[-0.6938976230065397, 0.6920609052325499]",12,3,36,10000
gpu,stock,2,text,warm,30,0,complete_us,master,current,644.0612335000001,649.6964835,643.6966,649.6964835,-1.2854999999999563,"[-11.870667000000026, 17.27843299999995]",-0.19082444570698853,"[-1.736869120720963, 2.718571287550031]",12,3,36,10000
gpu,stock,2,text,warm,30,0,draw_us,master,final,251.3736,252.5583665,252.1923665,252.6381835,1.5139500000000083,"[-0.7297999999999973, 5.7874835000000076]",0.6126666450439799,"[-0.28875205217429034, 2.2931471482271037]",12,3,36,10000
gpu,stock,2,text,warm,30,0,submit_us,master,final,375.3193835,377.143033,375.53815,377.1707665,3.779167000000001,"[-0.1008499999999799, 13.04298300000002]",1.019391639036371,"[-0.026524838849961707, 3.4708138561060142]",12,3,36,10000
gpu,stock,2,text,warm,30,0,complete_us,master,final,644.0612335000001,648.4819335,643.6966,654.1840669999999,-2.001350000000059,"[-18.87218299999995, 19.954766500000005]",-0.31102739749434005,"[-2.854370551456981, 3.1306357290636466]",12,3,36,10000
gpu,stock,2,text,warm,30,0,draw_us,master,pool,251.3736,252.9555835,252.1923665,252.1249335,1.661833999999999,"[-1.198049999999995, 4.897183500000011]",0.6567070251633056,"[-0.47450792962074884, 1.9596647213167784]",12,3,36,10000
gpu,stock,2,text,warm,30,0,submit_us,master,pool,375.3193835,377.1207665,375.53815,376.63965,1.4876830000000325,"[-2.90138349999998, 8.395933000000014]",0.4030418330554564,"[-0.7710025790911401, 2.2556726289003626]",12,3,36,10000
gpu,stock,2,text,warm,30,0,complete_us,master,pool,644.0612335000001,660.4062335,643.6966,669.3229,17.495233499999983,"[-6.706333500000085, 32.74925000000002]",2.6948778695954245,"[-1.0442430603579689, 4.9269062251961815]",12,3,36,10000
gpu,stock,2,text,warm,30,0,draw_us,current,final,250.15485,252.5583665,250.15685,252.6381835,1.8457334999999944,"[-0.7104164999999938, 2.772900000000007]",0.736613966986599,"[-0.2738712029851653, 1.1058757729720647]",12,3,36,10000
gpu,stock,2,text,warm,30,0,submit_us,current,final,373.493067,377.143033,373.493067,377.1707665,1.9846499999999594,"[0.5138829999999928, 10.362533000000013]",0.5325867905136339,"[0.13078839984645985, 2.7839865208184933]",12,3,36,10000
gpu,stock,2,text,warm,30,0,complete_us,current,final,649.6964835,648.4819335,649.6964835,654.1840669999999,-3.7248835000000327,"[-9.602033000000006, 22.20761699999997]",-0.5782971891725663,"[-1.4743783222615603, 3.4888435517012595]",12,3,36,10000
gpu,stock,2,text,warm,30,0,draw_us,current,pool,250.15485,252.9555835,250.15685,252.1249335,2.4915335000000027,"[-0.31459999999998445, 7.309050500000012]",0.9996193289136812,"[-0.12635399572473172, 2.921110520930137]",12,3,36,10000
gpu,stock,2,text,warm,30,0,submit_us,current,pool,373.493067,377.1207665,373.493067,376.63965,2.777950000000004,"[-0.5250000000000057, 7.928516500000029]",0.7442163992869122,"[-0.13995480198567, 2.1268579531150467]",12,3,36,10000
gpu,stock,2,text,warm,30,0,complete_us,current,pool,649.6964835,660.4062335,649.6964835,669.3229,19.405449999999973,"[-4.393150500000047, 31.979866500000014]",3.044218880899663,"[-0.6337201347827726, 4.969540020588914]",12,3,36,10000
gpu,stock,2,text,warm,30,0,draw_us,final,pool,252.5583665,252.9555835,252.6381835,252.1249335,0.926950000000005,"[-5.4306165000000135, 3.9458000000000055]",0.3751452112194187,"[-2.100472595024211, 1.5671966030435858]",12,3,36,10000
gpu,stock,2,text,warm,30,0,submit_us,final,pool,377.143033,377.1207665,377.1707665,376.63965,-0.3339834999999596,"[-12.464500000000015, 4.752083499999998]",-0.08831229861523959,"[-3.166110317689336, 1.2658515300668527]",12,3,36,10000
gpu,stock,2,text,warm,30,0,complete_us,final,pool,648.4819335,660.4062335,654.1840669999999,669.3229,13.468615999999997,"[-14.464716500000009, 49.966650000000016]",2.0701225912085897,"[-2.1684324761768625, 7.537904880176938]",12,3,36,10000
gpu,stock,2,text,x_advance,10,666,draw_us,master,current,626.6333999999999,581.18955,625.0083500000001,583.8333,-38.41250000000002,"[-53.57069999999999, -30.858499999999992]",-6.2299277071843235,"[-8.550225850051607, -4.893882748771505]",12,3,36,10000
gpu,stock,2,text,x_advance,10,666,submit_us,master,current,803.8520000000001,761.56445,801.1187500000001,767.0853500000001,-36.552250000000015,"[-51.126949999999965, -28.210450000000037]",-4.523593796019876,"[-6.381065104380667, -3.53488985037938]",12,3,36,10000
gpu,stock,2,text,x_advance,10,666,complete_us,master,current,1414.47095,1402.8979,1418.58975,1371.0790000000002,-38.15420000000006,"[-152.22309999999993, 15.570749999999975]",-2.763653381258208,"[-10.60014311753756, 1.1108258004702276]",12,3,36,10000
gpu,stock,2,text,x_advance,10,666,draw_us,master,final,626.6333999999999,589.27715,625.0083500000001,593.9791,-34.95835000000005,"[-47.95625000000001, -20.133399999999995]",-5.6455368065111475,"[-7.690288442997428, -3.0966331231977504]",12,3,36,10000
gpu,stock,2,text,x_advance,10,666,submit_us,master,final,803.8520000000001,769.1626,801.1187500000001,778.95835,-30.723099999999988,"[-47.93955, -9.683299999999974]",-3.843453879916842,"[-6.006617578216034, -1.1829468565985268]",12,3,36,10000
gpu,stock,2,text,x_advance,10,666,complete_us,master,final,1414.47095,1388.9333000000001,1418.58975,1380.4063,-10.59575000000018,"[-84.26459999999997, 12.237499999999955]",-0.7738423353749802,"[-5.912091539865743, 0.9001291923948163]",12,3,36,10000
gpu,stock,2,text,x_advance,10,666,draw_us,master,pool,626.6333999999999,593.4814,625.0083500000001,587.6834,-40.058250000000044,"[-52.4375, -32.69580000000002]",-6.4695149498808835,"[-8.391224118892643, -5.214814182225269]",12,3,36,10000
gpu,stock,2,text,x_advance,10,666,submit_us,master,pool,803.8520000000001,768.8001,801.1187500000001,762.97505,-45.52064999999999,"[-53.29605000000004, -27.581249999999955]",-5.667139109187136,"[-6.610718737308607, -3.441877761793161]",12,3,36,10000
gpu,stock,2,text,x_advance,10,666,complete_us,master,pool,1414.47095,1404.7145500000001,1418.58975,1406.09795,-29.97924999999998,"[-58.05630000000008, 24.989750000000072]",-2.135381201972547,"[-3.9985631049181682, 1.8501455408627632]",12,3,36,10000
gpu,stock,2,text,x_advance,10,666,draw_us,current,final,581.18955,589.27715,583.8333,593.9791,11.635499999999979,"[-1.360300000000052, 17.47720000000004]",2.010346434732868,"[-0.21200827339012962, 2.8728791236645623]",12,3,36,10000
gpu,stock,2,text,x_advance,10,666,submit_us,current,final,761.56445,769.1626,767.0853500000001,778.95835,11.695699999999988,"[-4.058299999999974, 18.17515000000003]",1.496208125158971,"[-0.5185149170241488, 2.354315618049152]",12,3,36,10000
gpu,stock,2,text,x_advance,10,666,complete_us,current,final,1402.8979,1388.9333000000001,1371.0790000000002,1380.4063,1.2773499999998421,"[-68.49150000000009, 103.97299999999996]",0.0935784116179228,"[-4.829678166925467, 7.854779676274659]",12,3,36,10000
gpu,stock,2,text,x_advance,10,666,draw_us,current,pool,581.18955,593.4814,583.8333,587.6834,2.414549999999963,"[-16.037300000000016, 11.704200000000014]",0.417479778083768,"[-2.713036234235883, 2.0081338950470706]",12,3,36,10000
gpu,stock,2,text,x_advance,10,666,submit_us,current,pool,761.56445,768.8001,767.0853500000001,762.97505,-3.7019500000000676,"[-23.6687, 8.51660000000004]",-0.48415240863309283,"[-3.0749212071954357, 1.1289063983043746]",12,3,36,10000
gpu,stock,2,text,x_advance,10,666,complete_us,current,pool,1402.8979,1404.7145500000001,1371.0790000000002,1406.09795,35.091800000000035,"[-65.36250000000007, 167.69179999999994]",2.742779453163302,"[-4.603154811673921, 12.550627503910894]",12,3,36,10000
gpu,stock,2,text,x_advance,10,666,draw_us,final,pool,589.27715,593.4814,593.9791,587.6834,-10.745849999999962,"[-19.441599999999994, 3.1083000000000425]",-1.8165351663607776,"[-3.1854175467989796, 0.5348190600444447]",12,3,36,10000
gpu,stock,2,text,x_advance,10,666,submit_us,final,pool,769.1626,768.8001,778.95835,762.97505,-12.735650000000021,"[-31.822850000000017, 3.2730000000000246]",-1.6493967252765418,"[-4.00059827027468, 0.43590049260915364]",12,3,36,10000
gpu,stock,2,text,x_advance,10,666,complete_us,final,pool,1388.9333000000001,1404.7145500000001,1380.4063,1406.09795,-3.0436999999999443,"[-67.61425000000008, 145.4769500000001]",-0.20277175305654094,"[-4.6513007502968495, 10.769706539703705]",12,3,36,10000
gpu,stock,2,text,x_return,10,0,draw_us,master,current,256.52295000000004,254.76875,257.62735,254.2064,-0.6853999999999871,"[-5.958100000000002, 1.9605999999999995]",-0.2593634111239196,"[-2.2964051911584624, 0.7789862091835076]",12,3,36,10000
gpu,stock,2,text,x_return,10,0,submit_us,master,current,437.22505,435.93330000000003,437.68545,434.07505000000003,0.5729499999999916,"[-7.6396000000000015, 8.031299999999987]",0.1264802516229624,"[-1.7302233300607706, 1.8560422070886928]",12,3,36,10000
gpu,stock,2,text,x_return,10,0,complete_us,master,current,728.0002,712.2709,731.2335499999999,708.23555,-6.068799999999953,"[-77.61444999999998, 18.05619999999999]",-0.8314202325620468,"[-10.453873457420283, 2.590441861512549]",12,3,36,10000
gpu,stock,2,text,x_return,10,0,draw_us,master,final,256.52295000000004,257.16055,257.62735,256.30629999999996,2.2145499999999885,"[-4.873149999999995, 5.664850000000001]",0.8764571413440447,"[-1.8681839772426878, 2.2431593897408786]",12,3,36,10000
gpu,stock,2,text,x_return,10,0,submit_us,master,final,437.22505,437.74375,437.68545,437.7562,1.9166999999999632,"[-6.073100000000011, 8.683399999999978]",0.4447790624712955,"[-1.3787636818776872, 2.011367785971907]",12,3,36,10000
gpu,stock,2,text,x_return,10,0,complete_us,master,final,728.0002,730.0749000000001,731.2335499999999,732.92085,-2.229150000000004,"[-18.64399999999995, 40.608299999999986]",-0.3157276403849607,"[-2.5102519602042186, 5.572834453357778]",12,3,36,10000
gpu,stock,2,text,x_return,10,0,draw_us,master,pool,256.52295000000004,258.2626,257.62735,258.2626,0.7604000000000184,"[-1.785449999999969, 6.05865]",0.3012268642921867,"[-0.68870960247705, 2.4032428278127127]",12,3,36,10000
gpu,stock,2,text,x_return,10,0,submit_us,master,pool,437.22505,439.38755000000003,437.68545,439.38755000000003,2.760400000000004,"[-0.8105500000000063, 12.893499999999989]",0.6380749802210817,"[-0.1842414549629301, 2.9553083877850272]",12,3,36,10000
gpu,stock,2,text,x_return,10,0,complete_us,master,pool,728.0002,729.2334,731.2335499999999,720.6124,-2.4312999999999647,"[-23.618749999999977, 55.47704999999996]",-0.3395346582466374,"[-3.1694203029757673, 8.085375668829066]",12,3,36,10000
gpu,stock,2,text,x_return,10,0,draw_us,current,final,254.76875,257.16055,254.2064,256.30629999999996,1.4105499999999864,"[-3.1085000000000207, 5.402149999999992]",0.5579076898417301,"[-1.1878885331404576, 2.110227817646526]",12,3,36,10000
gpu,stock,2,text,x_return,10,0,submit_us,current,final,435.93330000000003,437.74375,434.07505000000003,437.7562,0.5833499999999958,"[-5.131250000000023, 12.535449999999997]",0.13499243172515607,"[-1.133888199419364, 2.8919679069454807]",12,3,36,10000
gpu,stock,2,text,x_return,10,0,complete_us,current,final,712.2709,730.0749000000001,708.23555,732.92085,19.69169999999997,"[5.558350000000075, 72.64165000000003]",2.7071128827215296,"[0.7357983967539949, 10.720968325620493]",12,3,36,10000
gpu,stock,2,text,x_return,10,0,draw_us,current,pool,254.76875,258.2626,254.2064,258.2626,2.264650000000003,"[-0.5252500000000282, 5.029200000000017]",0.8969829438002508,"[-0.2002273299180124, 1.9894158932012629]",12,3,36,10000
gpu,stock,2,text,x_return,10,0,submit_us,current,pool,435.93330000000003,439.38755000000003,434.07505000000003,439.38755000000003,1.2209500000000162,"[-5.93334999999999, 10.776899999999983]",0.2815967250296203,"[-1.3261201421596924, 2.44940999716603]",12,3,36,10000
gpu,stock,2,text,x_return,10,0,complete_us,current,pool,712.2709,729.2334,708.23555,720.6124,57.89375000000001,"[8.864499999999964, 74.69585000000001]",8.764627784915568,"[1.252640839359398, 10.83406990832203]",12,3,36,10000
gpu,stock,2,text,x_return,10,0,draw_us,final,pool,257.16055,258.2626,256.30629999999996,258.2626,2.420800000000014,"[-0.9311500000000024, 3.65655000000001]",0.9443327112679922,"[-0.35864016600377635, 1.4406118460143724]",12,3,36,10000
gpu,stock,2,text,x_return,10,0,submit_us,final,pool,437.74375,439.38755000000003,437.7562,439.38755000000003,3.0978000000000065,"[-2.537499999999966, 10.337350000000015]",0.71422968913053,"[-0.5829496095820175, 2.3435106477541434]",12,3,36,10000
gpu,stock,2,text,x_return,10,0,complete_us,final,pool,730.0749000000001,729.2334,732.92085,720.6124,-4.456349999999986,"[-22.554200000000037, 39.75635]",-0.6177374119535117,"[-3.0338200495684475, 5.712330346069505]",12,3,36,10000
gpu,stock,2,text,y_advance,10,0,draw_us,master,current,251.42505,250.2625,252.25414999999998,249.75215,-1.975049999999996,"[-3.468599999999995, 0.8853499999999883]",-0.7871277365401386,"[-1.3756875040423, 0.3501652515209175]",12,3,36,10000
gpu,stock,2,text,y_advance,10,0,submit_us,master,current,376.1041,374.30195000000003,376.53125,373.24585,-2.9521000000000015,"[-6.483249999999998, 0.908299999999997]",-0.7871785633113804,"[-1.7155725630565721, 0.23901789101542503]",12,3,36,10000
gpu,stock,2,text,y_advance,10,0,complete_us,master,current,669.9958,655.9439,677.63975,663.79165,-4.779250000000047,"[-28.137500000000045, 10.591849999999965]",-0.7417343818900524,"[-4.033227756020858, 1.6419828464433794]",12,3,36,10000
gpu,stock,2,text,y_advance,10,0,draw_us,master,final,251.42505,254.48329999999999,252.25414999999998,253.31459999999998,2.8416500000000013,"[-3.2812000000000126, 9.122800000000012]",1.1376585984741894,"[-1.2936180797935515, 3.587446258293092]",12,3,36,10000
gpu,stock,2,text,y_advance,10,0,submit_us,master,final,376.1041,381.3646,376.53125,379.35204999999996,5.512399999999985,"[-4.895700000000005, 15.116650000000021]",1.474866232364891,"[-1.293447304318751, 4.03192746763521]",12,3,36,10000
gpu,stock,2,text,y_advance,10,0,complete_us,master,final,669.9958,670.2291,677.63975,663.92075,4.1936000000000035,"[-33.80010000000004, 34.39140000000003]",0.5773403774367636,"[-4.938206919076249, 5.628516802320016]",12,3,36,10000
gpu,stock,2,text,y_advance,10,0,draw_us,master,pool,251.42505,252.28775000000002,252.25414999999998,253.53334999999998,1.8896999999999906,"[-0.833200000000005, 5.929299999999998]",0.7593546131215767,"[-0.3320912630079387, 2.3109554323712866]",12,3,36,10000
gpu,stock,2,text,y_advance,10,0,submit_us,master,pool,376.1041,375.0146,376.53125,375.85220000000004,-2.0790500000000236,"[-6.608300000000014, 6.102049999999991]",-0.5499316113980468,"[-1.73929555879192, 1.6198505212983938]",12,3,36,10000
gpu,stock,2,text,y_advance,10,0,complete_us,master,pool,669.9958,654.45425,677.63975,653.69385,-6.6728500000000395,"[-60.562400000000025, 62.200000000000045]",-1.0097617223347233,"[-8.478603433950227, 9.315161480268907]",12,3,36,10000
gpu,stock,2,text,y_advance,10,0,draw_us,current,final,250.2625,254.48329999999999,249.75215,253.31459999999998,5.047750000000008,"[-0.30205000000000837, 10.604100000000003]",2.026320119780889,"[-0.12118412233987352, 4.2215309545929225]",12,3,36,10000
gpu,stock,2,text,y_advance,10,0,submit_us,current,final,374.30195000000003,381.3646,373.24585,379.35204999999996,5.979250000000036,"[-2.3540500000000293, 18.258400000000023]",1.6173415393936463,"[-0.6090643540321072, 4.915956297820578]",12,3,36,10000
gpu,stock,2,text,y_advance,10,0,complete_us,current,final,655.9439,670.2291,663.79165,663.92075,15.295750000000055,"[-3.0149500000000558, 38.16455000000002]",2.4132385544895163,"[-0.4384209622275592, 5.73756924290737]",12,3,36,10000
gpu,stock,2,text,y_advance,10,0,draw_us,current,pool,250.2625,252.28775000000002,249.75215,253.53334999999998,2.472750000000005,"[0.49800000000000466, 4.789749999999998]",0.9941408958344722,"[0.18944729923263126, 1.9247773858362627]",12,3,36,10000
gpu,stock,2,text,y_advance,10,0,submit_us,current,pool,374.30195000000003,375.0146,373.24585,375.85220000000004,-0.5144000000000233,"[-2.2831999999999937, 5.7479999999999905]",-0.13377607074367415,"[-0.6148741112633971, 1.5543256309514586]",12,3,36,10000
gpu,stock,2,text,y_advance,10,0,complete_us,current,pool,655.9439,654.45425,663.79165,653.69385,4.4103999999999814,"[-17.089699999999993, 60.13554999999997]",0.6845114306513855,"[-2.5360086587149775, 9.163381027390471]",12,3,36,10000
gpu,stock,2,text,y_advance,10,0,draw_us,final,pool,254.48329999999999,252.28775000000002,253.31459999999998,253.53334999999998,-2.1103499999999826,"[-8.035150000000016, 8.216550000000012]",-0.8058543044214661,"[-3.0908440826414307, 3.2760233946976802]",12,3,36,10000
gpu,stock,2,text,y_advance,10,0,submit_us,final,pool,381.3646,375.0146,379.35204999999996,375.85220000000004,-0.7561500000000194,"[-18.82710000000003, 5.489449999999977]",-0.22172103874855686,"[-4.826385332676031, 1.4744007928112812]",12,3,36,10000
gpu,stock,2,text,y_advance,10,0,complete_us,final,pool,670.2291,654.45425,663.92075,653.69385,-21.035199999999975,"[-52.77289999999999, 52.16284999999999]",-3.0800351036706917,"[-8.136081208183576, 7.714426155423004]",12,3,36,10000
gpu,vollkorn,2,demo,first_paint,1,269,draw_us,master,current,7697.9375,5379.2919999999995,7580.8125,5379.2919999999995,-2302.3125,"[-2516.9790000000003, -2048.8745]",-30.383668646871378,"[-32.235280939899916, -27.01390055745469]",12,3,36,10000
gpu,vollkorn,2,demo,first_paint,1,269,submit_us,master,current,13327.1255,11049.167000000001,13192.417000000001,11049.167000000001,-2454.2919999999995,"[-2807.812500000001, -1853.9784999999993]",-17.822195187571023,"[-20.450822925967074, -14.198035047198]",12,3,36,10000
gpu,vollkorn,2,demo,first_paint,1,269,complete_us,master,current,16644.124499999998,14201.812,16460.563,14135.75,-2608.938,"[-3949.2084999999997, -2092.437500000001]",-15.461430789012015,"[-22.777547417941612, -12.763567339809706]",12,3,36,10000
gpu,vollkorn,2,demo,first_paint,1,269,draw_us,master,final,7697.9375,5311.229,7580.8125,5296.4995,-2247.4375,"[-2471.6034999999997, -2172.5834999999997]",-29.720732660414896,"[-32.037705809094106, -28.767755251567735]",12,3,36,10000
gpu,vollkorn,2,demo,first_paint,1,269,submit_us,master,final,13327.1255,10911.0625,13192.417000000001,10853.5,-2243.7915000000003,"[-3042.375, -2069.125499999999]",-17.136502000524636,"[-21.901680007062517, -15.899112405412396]",12,3,36,10000
gpu,vollkorn,2,demo,first_paint,1,269,complete_us,master,final,16644.124499999998,14322.0835,16460.563,14077.041,-2315.4165000000003,"[-3985.4789999999994, -2050.8545000000004]",-14.12864704239259,"[-22.55267042699927, -12.656179206001244]",12,3,36,10000
gpu,vollkorn,2,demo,first_paint,1,269,draw_us,master,pool,7697.9375,5325.8544999999995,7580.8125,5305.3330000000005,-2248.9795,"[-2611.8955000000005, -2162.75]",-29.848759640383765,"[-33.09826497032671, -28.671712525241652]",12,3,36,10000
gpu,vollkorn,2,demo,first_paint,1,269,submit_us,master,pool,13327.1255,10991.395499999999,13192.417000000001,10977.9995,-2191.876000000001,"[-3385.062, -2064.5420000000004]",-16.614684827992747,"[-23.711812105214076, -15.83682134941833]",12,3,36,10000
gpu,vollkorn,2,demo,first_paint,1,269,complete_us,master,pool,16644.124499999998,14098.417,16460.563,14065.9165,-2504.5215,"[-3911.1875, -2063.751]",-15.314010339376782,"[-21.92756213892396, -12.712157398525614]",12,3,36,10000
gpu,vollkorn,2,demo,first_paint,1,269,draw_us,current,final,5379.2919999999995,5311.229,5379.2919999999995,5296.4995,5.686999999999898,"[-228.56249999999955, 199.02050000000008]",0.11138418215030366,"[-4.250453578346897, 3.6844391064568605]",12,3,36,10000
gpu,vollkorn,2,demo,first_paint,1,269,submit_us,current,final,11049.167000000001,10911.0625,11049.167000000001,10853.5,-62.0,"[-334.08350000000064, 254.9375]",-0.56910077556514,"[-3.003053231035513, 2.397631463292016]",12,3,36,10000
gpu,vollkorn,2,demo,first_paint,1,269,complete_us,current,final,14201.812,14322.0835,14135.75,14077.041,50.70799999999963,"[-658.4169999999995, 881.3329999999996]",0.3544755278470091,"[-4.45298290764205, 6.416679983633555]",12,3,36,10000
gpu,vollkorn,2,demo,first_paint,1,269,draw_us,current,pool,5379.2919999999995,5325.8544999999995,5379.2919999999995,5305.3330000000005,-85.9375,"[-182.8340000000003, 15.85400000000027]",-1.5871372291704933,"[-3.2987235774764425, 0.3003174624620575]",12,3,36,10000
gpu,vollkorn,2,demo,first_paint,1,269,submit_us,current,pool,11049.167000000001,10991.395499999999,11049.167000000001,10977.9995,-114.97949999999946,"[-317.41700000000037, 180.39549999999963]",-1.0354713018557116,"[-2.8036277415326047, 1.6681020239808109]",12,3,36,10000
gpu,vollkorn,2,demo,first_paint,1,269,complete_us,current,pool,14201.812,14098.417,14135.75,14065.9165,-68.3125,"[-447.3755000000001, 837.7290000000003]",-0.48049861589365417,"[-3.0351614813136143, 6.052250621031763]",12,3,36,10000
gpu,vollkorn,2,demo,first_paint,1,269,draw_us,final,pool,5311.229,5325.8544999999995,5296.4995,5305.3330000000005,41.02099999999973,"[-99.1255000000001, 93.33350000000019]",0.7749720801622839,"[-1.8422614065878695, 1.7641772452153037]",12,3,36,10000
gpu,vollkorn,2,demo,first_paint,1,269,submit_us,final,pool,10911.0625,10991.395499999999,10853.5,10977.9995,100.29149999999936,"[-30.97950000000037, 219.14600000000064]",0.9378034711092664,"[-0.2813987161237763, 2.0258024331767377]",12,3,36,10000
gpu,vollkorn,2,demo,first_paint,1,269,complete_us,final,pool,14322.0835,14098.417,14077.041,14065.9165,101.4380000000001,"[-666.1670000000004, 229.83299999999872]",0.7224304274807802,"[-4.589627154361848, 1.6594278159100195]",12,3,36,10000
gpu,vollkorn,2,demo,pan,10,0,draw_us,master,current,214.92085,216.9918,215.88535000000002,216.1876,0.643749999999983,"[-1.8728000000000122, 7.091700000000003]",0.30247359904111426,"[-0.8430044324675201, 3.270332581130575]",12,3,36,10000
gpu,vollkorn,2,demo,pan,10,0,submit_us,master,current,553.6646499999999,560.03105,553.0395000000001,558.8521,1.2894499999999312,"[-19.104049999999972, 25.98135000000002]",0.2333154184008257,"[-3.4015357713134575, 4.703434451062605]",12,3,36,10000
gpu,vollkorn,2,demo,pan,10,0,complete_us,master,current,1113.8373000000001,1056.82715,1102.81245,1044.377,-36.38759999999996,"[-116.88124999999997, 40.73959999999994]",-3.40470997768566,"[-10.25097862337489, 4.033001422108307]",12,3,36,10000
gpu,vollkorn,2,demo,pan,10,0,draw_us,master,final,214.92085,213.8042,215.88535000000002,214.02925,-0.9749000000000052,"[-2.414500000000004, 0.4748999999999768]",-0.4535286160728069,"[-1.1056382859454816, 0.22577936783174657]",12,3,36,10000
gpu,vollkorn,2,demo,pan,10,0,submit_us,master,final,553.6646499999999,550.175,553.0395000000001,549.77495,-5.4374500000000126,"[-13.54359999999997, 1.454150000000027]",-0.987126912967079,"[-2.4167802216391365, 0.2669309075153836]",12,3,36,10000
gpu,vollkorn,2,demo,pan,10,0,complete_us,master,final,1113.8373000000001,972.23315,1102.81245,958.70845,-108.60619999999994,"[-184.36455000000007, -40.64169999999996]",-9.42138614774779,"[-16.267224665007603, -3.5660614463207567]",12,3,36,10000
gpu,vollkorn,2,demo,pan,10,0,draw_us,master,pool,214.92085,213.3667,215.88535000000002,213.20395000000002,-1.047850000000011,"[-3.1728999999999985, 2.2748499999999865]",-0.49539953361305566,"[-1.4696689950226827, 1.0590350492380995]",12,3,36,10000
gpu,vollkorn,2,demo,pan,10,0,submit_us,master,pool,553.6646499999999,549.1314,553.0395000000001,548.3706999999999,-3.5833999999999833,"[-18.75415000000004, 5.054399999999987]",-0.6427344487412612,"[-3.3290951608942407, 0.9154760722423827]",12,3,36,10000
gpu,vollkorn,2,demo,pan,10,0,complete_us,master,pool,1113.8373000000001,1017.5833,1102.81245,1086.11455,-26.92095000000006,"[-73.91859999999991, 62.33750000000009]",-2.1028129487163927,"[-7.267565211661642, 5.554966956378116]",12,3,36,10000
gpu,vollkorn,2,demo,pan,10,0,draw_us,current,final,216.9918,213.8042,216.1876,214.02925,-2.408450000000002,"[-7.718749999999986, 0.9415500000000065]",-1.1024547709062582,"[-3.4848591775752724, 0.4372813704013323]",12,3,36,10000
gpu,vollkorn,2,demo,pan,10,0,submit_us,current,final,560.03105,550.175,558.8521,549.77495,-9.72079999999994,"[-14.88760000000002, 3.847849999999994]",-1.7367010475987876,"[-2.595397718327069, 0.7029726735074515]",12,3,36,10000
gpu,vollkorn,2,demo,pan,10,0,complete_us,current,final,1056.82715,972.23315,1044.377,958.70845,-74.04545000000002,"[-146.15825, 22.671049999999923]",-7.185396586907178,"[-12.91536217699863, 2.356529253205364]",12,3,36,10000
gpu,vollkorn,2,demo,pan,10,0,draw_us,current,pool,216.9918,213.3667,216.1876,213.20395000000002,-2.7543000000000006,"[-7.695899999999995, -1.6626499999999993]",-1.2822862722688455,"[-3.4363547857033936, -0.7738476071710687]",12,3,36,10000
gpu,vollkorn,2,demo,pan,10,0,submit_us,current,pool,560.03105,549.1314,558.8521,548.3706999999999,-9.935450000000003,"[-24.256250000000023, -3.3792499999998995]",-1.8030692772680434,"[-4.239218105583542, -0.6005941274120574]",12,3,36,10000
gpu,vollkorn,2,demo,pan,10,0,complete_us,current,pool,1056.82715,1017.5833,1044.377,1086.11455,-2.249900000000025,"[-77.49364999999995, 168.16855000000015]",-0.41588320434179926,"[-6.521360852600977, 16.495720613884767]",12,3,36,10000
gpu,vollkorn,2,demo,pan,10,0,draw_us,final,pool,213.8042,213.3667,214.02925,213.20395000000002,-0.9688499999999891,"[-2.5019000000000062, 2.0808999999999997]",-0.45191972127748836,"[-1.1661820185593808, 0.9831673766121041]",12,3,36,10000
gpu,vollkorn,2,demo,pan,10,0,submit_us,final,pool,550.175,549.1314,549.77495,548.3706999999999,-1.5167000000000144,"[-10.083300000000008, 4.27720000000005]",-0.27677893087439953,"[-1.8138913333123619, 0.7757605693954894]",12,3,36,10000
gpu,vollkorn,2,demo,pan,10,0,complete_us,final,pool,972.23315,1017.5833,958.70845,1086.11455,46.44159999999994,"[19.216799999999978, 170.4228999999999]",4.249527761157845,"[2.0007783717015615, 17.361439391387414]",12,3,36,10000
gpu,vollkorn,2,demo,warm,30,0,draw_us,master,current,208.9263665,209.7618665,208.9263665,211.80766649999998,1.1165994999999924,"[-1.7146664999999928, 5.435333]",0.5419037896571277,"[-0.8181402522325631, 2.603929953146966]",12,3,36,10000
gpu,vollkorn,2,demo,warm,30,0,submit_us,master,current,518.2048500000001,521.79375,519.83475,526.186117,1.3750170000000708,"[-6.913933500000013, 8.349149999999952]",0.2637285928099753,"[-1.3423405767455376, 1.596516043977636]",12,3,36,10000
gpu,vollkorn,2,demo,warm,30,0,complete_us,master,current,922.4487,910.015933,924.4313665,930.543133,-0.42710049999999455,"[-39.55345, 85.77364999999998]",-0.05422605790353918,"[-4.318375180513229, 9.449556978259277]",12,3,36,10000
gpu,vollkorn,2,demo,warm,30,0,draw_us,master,final,208.9263665,209.3132665,208.9263665,209.2389665,-0.171449999999993,"[-2.9527664999999956, 2.115233500000002]",-0.08107427762504837,"[-1.38802719057039, 1.0120132165717943]",12,3,36,10000
gpu,vollkorn,2,demo,warm,30,0,submit_us,master,final,518.2048500000001,520.5771835,519.83475,520.1153334999999,-2.329767000000004,"[-7.2451335000000086, 5.933866499999965]",-0.45213569870315995,"[-1.3817587843860113, 1.134007003445059]",12,3,36,10000
gpu,vollkorn,2,demo,warm,30,0,complete_us,master,final,922.4487,937.9138,924.4313665,925.180033,13.070082999999954,"[-39.22094999999996, 64.99789999999996]",1.4339188945316328,"[-3.9584530269194005, 7.280336848805269]",12,3,36,10000
gpu,vollkorn,2,demo,warm,30,0,draw_us,master,pool,208.9263665,209.82925,208.9263665,210.0514335,1.0792834999999883,"[-0.8700500000000062, 3.172816499999982]",0.5163551967465763,"[-0.4160706517857493, 1.529758565772632]",12,3,36,10000
gpu,vollkorn,2,demo,warm,30,0,submit_us,master,pool,518.2048500000001,518.637483,519.83475,518.372933,-3.1779165000000376,"[-7.313867000000016, 1.920150000000035]",-0.6088157161948271,"[-1.4129417799744415, 0.36937172257542894]",12,3,36,10000
gpu,vollkorn,2,demo,warm,30,0,complete_us,master,pool,922.4487,925.0590334999999,924.4313665,945.9312164999999,32.49298349999992,"[-37.80901699999998, 62.6542005]",3.520793807042555,"[-3.9802418361815803, 7.0178608728064695]",12,3,36,10000
gpu,vollkorn,2,demo,warm,30,0,draw_us,current,final,209.7618665,209.3132665,211.80766649999998,209.2389665,-1.734683000000004,"[-5.036833500000014, 0.21330000000000382]",-0.8210523325384855,"[-2.349950680684504, 0.10240459167780713]",12,3,36,10000
gpu,vollkorn,2,demo,warm,30,0,submit_us,current,final,521.79375,520.5771835,526.186117,520.1153334999999,-3.2853335000000357,"[-11.638900500000034, 4.672933500000056]",-0.6216526411002732,"[-2.180595505984406, 0.9204930404163925]",12,3,36,10000
gpu,vollkorn,2,demo,warm,30,0,complete_us,current,final,910.015933,937.9138,930.543133,925.180033,-11.044516999999985,"[-71.79013300000003, 81.34380000000004]",-1.09241080657127,"[-7.6027753762201895, 9.790549420947459]",12,3,36,10000
gpu,vollkorn,2,demo,warm,30,0,draw_us,current,pool,209.7618665,209.82925,211.80766649999998,210.0514335,-0.19436700000001395,"[-5.916583000000017, 3.0249840000000034]",-0.08476615392462583,"[-2.7559195645022685, 1.4514449427002973]",12,3,36,10000
gpu,vollkorn,2,demo,warm,30,0,submit_us,current,pool,521.79375,518.637483,526.186117,518.372933,-9.118017000000009,"[-13.113816499999984, 1.4542165000000011]",-1.7297449247326624,"[-2.456696091193816, 0.2847993980097496]",12,3,36,10000
gpu,vollkorn,2,demo,warm,30,0,complete_us,current,pool,910.015933,925.0590334999999,930.543133,945.9312164999999,-31.192300499999988,"[-81.93059950000003, 72.96595049999996]",-3.521411444573391,"[-7.966984848749137, 8.36005304939852]",12,3,36,10000
gpu,vollkorn,2,demo,warm,30,0,draw_us,final,pool,209.3132665,209.82925,209.2389665,210.0514335,2.353433999999993,"[-1.8255994999999956, 4.059699999999992]",1.1312951511214142,"[-0.8627060511256446, 1.9416419256176765]",12,3,36,10000
gpu,vollkorn,2,demo,warm,30,0,submit_us,final,pool,520.5771835,518.637483,520.1153334999999,518.372933,-2.4243169999999736,"[-10.166650000000004, 6.776983499999972]",-0.46750771433030636,"[-1.9104377561354802, 1.3219256673671964]",12,3,36,10000
gpu,vollkorn,2,demo,warm,30,0,complete_us,final,pool,937.9138,925.0590334999999,925.180033,945.9312164999999,5.116000000000042,"[-74.79996650000004, 57.50616699999995]",0.5216991219912925,"[-7.906318502619081, 6.272922597295993]",12,3,36,10000
gpu,vollkorn,2,demo,zoom_in,12,2877,draw_us,master,current,6904.4739580000005,4743.626625,6869.2117915,4756.66325,-2113.907917,"[-2292.7534164999997, -2072.0000830000004]",-30.968521233676157,"[-32.68806871062026, -30.25632535281087]",12,3,36,10000
gpu,vollkorn,2,demo,zoom_in,12,2877,submit_us,master,current,7155.951333499999,4986.539957999999,7113.4081665,5007.4653335,-2109.9532495000003,"[-2309.104167, -2061.4705415]",-29.811536461699717,"[-31.785854207792532, -29.136715753906543]",12,3,36,10000
gpu,vollkorn,2,demo,zoom_in,12,2877,complete_us,master,current,9537.110958,7111.1527085,9535.838375,7235.892374999999,-2395.9202084999997,"[-2603.2779585000003, -2163.9944999999993]",-25.264124926094773,"[-26.89225337505952, -22.69331959197264]",12,3,36,10000
gpu,vollkorn,2,demo,zoom_in,12,2877,draw_us,master,final,6904.4739580000005,4738.972208499999,6869.2117915,4755.701499999999,-2144.48275,"[-2272.029458, -2094.1908330000006]",-31.22679813466252,"[-32.58204885161436, -30.65332632701235]",12,3,36,10000
gpu,vollkorn,2,demo,zoom_in,12,2877,submit_us,master,final,7155.951333499999,4976.2083335,7113.4081665,4994.2830415,-2149.8559999999998,"[-2298.371625, -2100.005]",-30.12017645631258,"[-31.77303010972971, -29.65480480594463]",12,3,36,10000
gpu,vollkorn,2,demo,zoom_in,12,2877,complete_us,master,final,9537.110958,7127.269042,9535.838375,7102.958458,-2435.4062500000005,"[-2727.8523334999995, -2300.8140415]",-25.728881813919365,"[-28.1519403043392, -24.244514655739508]",12,3,36,10000
gpu,vollkorn,2,demo,zoom_in,12,2877,draw_us,master,pool,6904.4739580000005,4729.185792,6869.2117915,4729.185792,-2148.7169580000004,"[-2216.6388749999996, -2095.5762910000003]",-31.367279002023206,"[-31.641283011239544, -30.69186974232404]",12,3,36,10000
gpu,vollkorn,2,demo,zoom_in,12,2877,submit_us,master,pool,7155.951333499999,4969.682375,7113.4081665,4970.2448335,-2152.8767915,"[-2223.5295834999997, -2099.2534170000004]",-30.368112752363878,"[-30.649648509295083, -29.703716761999388]",12,3,36,10000
gpu,vollkorn,2,demo,zoom_in,12,2877,complete_us,master,pool,9537.110958,7123.6215835,9535.838375,7124.2447915,-2522.2759584999994,"[-2708.4582499999997, -2350.0816250000003]",-26.036324629661763,"[-28.482693448933382, -24.823974246790314]",12,3,36,10000
gpu,vollkorn,2,demo,zoom_in,12,2877,draw_us,current,final,4743.626625,4738.972208499999,4756.66325,4755.701499999999,-29.116375000000517,"[-94.96874950000029, 11.61816699999963]",-0.6110520926528862,"[-1.964459595380802, 0.2465527424277414]",12,3,36,10000
gpu,vollkorn,2,demo,zoom_in,12,2877,submit_us,current,final,4986.539957999999,4976.2083335,5007.4653335,4994.2830415,-39.86470850000023,"[-105.20312499999955, 5.970708500000001]",-0.795275066812906,"[-2.067455580536337, 0.12125863607482246]",12,3,36,10000
gpu,vollkorn,2,demo,zoom_in,12,2877,complete_us,current,final,7111.1527085,7127.269042,7235.892374999999,7102.958458,-68.54175000000032,"[-181.22558349999963, 83.56420800000024]",-0.9414000528194355,"[-2.48029148435418, 1.1622712327156393]",12,3,36,10000
gpu,vollkorn,2,demo,zoom_in,12,2877,draw_us,current,pool,4743.626625,4729.185792,4756.66325,4729.185792,-18.091915999999856,"[-96.888958, 35.73091699999986]",-0.3823748263010074,"[-1.9883560388560095, 0.7517844211413882]",12,3,36,10000
gpu,vollkorn,2,demo,zoom_in,12,2877,submit_us,current,pool,4986.539957999999,4969.682375,5007.4653335,4970.2448335,-25.831541500000185,"[-110.71170849999999, 29.383541499999865]",-0.5185845866915395,"[-2.1561876186126536, 0.5860671163887055]",12,3,36,10000
gpu,vollkorn,2,demo,zoom_in,12,2877,complete_us,current,pool,7111.1527085,7123.6215835,7235.892374999999,7124.2447915,-104.91854150000017,"[-263.72912449999967, 102.46545849999984]",-1.4625740656697417,"[-3.573989638922914, 1.42487541928904]",12,3,36,10000
gpu,vollkorn,2,demo,zoom_in,12,2877,draw_us,final,pool,4738.972208499999,4729.185792,4755.701499999999,4729.185792,-28.463500000000295,"[-45.640749499999856, 73.36108349999995]",-0.5993336782517567,"[-0.9543855494028419, 1.5684278499500603]",12,3,36,10000
gpu,vollkorn,2,demo,zoom_in,12,2877,submit_us,final,pool,4976.2083335,4969.682375,4994.2830415,4970.2448335,-33.02262500000006,"[-56.96879149999995, 79.94279149999966]",-0.6645625197944094,"[-1.1322990879165828, 1.6279863421702623]",12,3,36,10000
gpu,vollkorn,2,demo,zoom_in,12,2877,complete_us,final,pool,7127.269042,7123.6215835,7102.958458,7124.2447915,-18.680666499999916,"[-277.3542084999999, 186.72758300000032]",-0.26322171342341716,"[-3.909545591790081, 2.6748933108473483]",12,3,36,10000
gpu,vollkorn,2,demo,zoom_out,12,1956,draw_us,master,current,4474.541667,3021.2464579999996,4458.607625000001,3021.8852914999998,-1445.9254170000002,"[-1516.8210835000002, -1397.5779169999998]",-32.36490059648678,"[-33.64060078495364, -31.530617270020283]",12,3,36,10000
gpu,vollkorn,2,demo,zoom_out,12,1956,submit_us,master,current,4847.4895830000005,3383.895875,4821.510416499999,3378.7777085,-1453.7950835000001,"[-1531.708208, -1389.5260830000004]",-30.11056659124609,"[-31.37115141545655, -29.01739298730171]",12,3,36,10000
gpu,vollkorn,2,demo,zoom_out,12,1956,complete_us,master,current,6749.732667,4992.486,6782.6823335,4969.6319585,-1844.9516249999997,"[-1915.6355835000004, -1580.4530835]",-27.313878674020458,"[-27.842795147835346, -24.087451855703662]",12,3,36,10000
gpu,vollkorn,2,demo,zoom_out,12,1956,draw_us,master,final,4474.541667,2958.383667,4458.607625000001,2961.8437915000004,-1504.123333,"[-1568.355792, -1481.6580835]",-33.855024933842664,"[-34.74956037206863, -33.341553126647256]",12,3,36,10000
gpu,vollkorn,2,demo,zoom_out,12,1956,submit_us,master,final,4847.4895830000005,3319.1737085,4821.510416499999,3321.788208,-1514.6424164999999,"[-1594.4131255, -1483.3993329999998]",-31.516643136694746,"[-32.573178937207835, -30.877791462686382]",12,3,36,10000
gpu,vollkorn,2,demo,zoom_out,12,1956,complete_us,master,final,6749.732667,4905.996333499999,6782.6823335,4894.5344585,-1893.8871670000003,"[-2007.4637500000003, -1783.4341665000002]",-27.822390408380997,"[-29.335861978540212, -26.84689298208201]",12,3,36,10000
gpu,vollkorn,2,demo,zoom_out,12,1956,draw_us,master,pool,4474.541667,2985.6701665,4458.607625000001,2985.4877914999997,-1477.6146255000006,"[-1547.7133335, -1453.6284164999997]",-33.03710457392622,"[-34.16873037505684, -32.81279028561829]",12,3,36,10000
gpu,vollkorn,2,demo,zoom_out,12,1956,submit_us,master,pool,4847.4895830000005,3353.911583,4821.510416499999,3355.404583,-1482.8420414999998,"[-1574.881834, -1449.5712500000004]",-30.715144219689556,"[-32.07200735197527, -30.270615607558987]",12,3,36,10000
gpu,vollkorn,2,demo,zoom_out,12,1956,complete_us,master,pool,6749.732667,4901.173542,6782.6823335,4924.7535,-1830.3611255,"[-2022.4982919999998, -1735.4548335]",-27.189547205999325,"[-29.418053206657074, -26.016259632154398]",12,3,36,10000
gpu,vollkorn,2,demo,zoom_out,12,1956,draw_us,current,final,3021.2464579999996,2958.383667,3021.8852914999998,2961.8437915000004,-66.52954150000005,"[-96.3785835000001, -35.29858349999995]",-2.1915496152212,"[-3.1233164712427985, -1.1830907628185006]",12,3,36,10000
gpu,vollkorn,2,demo,zoom_out,12,1956,submit_us,current,final,3383.895875,3319.1737085,3378.7777085,3321.788208,-71.68237499999987,"[-92.44441649999999, -38.76204199999984]",-2.10922202620773,"[-2.6821480175955426, -1.1385648386624592]",12,3,36,10000
gpu,vollkorn,2,demo,zoom_out,12,1956,complete_us,current,final,4992.486,4905.996333499999,4969.6319585,4894.5344585,-49.74308350000001,"[-147.3055830000003, 16.466999999999643]",-1.0020485450611738,"[-2.9594429873714634, 0.33923657315301226]",12,3,36,10000
gpu,vollkorn,2,demo,zoom_out,12,1956,draw_us,current,pool,3021.2464579999996,2985.6701665,3021.8852914999998,2985.4877914999997,-51.22066649999988,"[-111.88708300000008, -5.33337500000016]",-1.6864536781328598,"[-3.6631107429731022, -0.17637017570126812]",12,3,36,10000
gpu,vollkorn,2,demo,zoom_out,12,1956,submit_us,current,pool,3383.895875,3353.911583,3378.7777085,3355.404583,-60.04516699999999,"[-131.54333299999985, 10.447916500000247]",-1.7643153082744778,"[-3.838444890549775, 0.31214979559874845]",12,3,36,10000
gpu,vollkorn,2,demo,zoom_out,12,1956,complete_us,current,pool,4992.486,4901.173542,4969.6319585,4924.7535,-83.17354149999983,"[-116.39241649999985, -19.84875000000011]",-1.658147024522022,"[-2.3270156489047675, -0.39993490294860656]",12,3,36,10000
gpu,vollkorn,2,demo,zoom_out,12,1956,draw_us,final,pool,2958.383667,2985.6701665,2961.8437915000004,2985.4877914999997,21.664999499999794,"[-8.093750000000227, 47.194375000000036]",0.7360786120227947,"[-0.2735605505031047, 1.6028076794178947]",12,3,36,10000
gpu,vollkorn,2,demo,zoom_out,12,1956,submit_us,final,pool,3319.1737085,3353.911583,3321.788208,3355.404583,20.038333499999908,"[-20.65274999999997, 69.02962450000018]",0.6036592569571564,"[-0.6197079547142714, 2.099393685752693]",12,3,36,10000
gpu,vollkorn,2,demo,zoom_out,12,1956,complete_us,final,pool,4905.996333499999,4901.173542,4894.5344585,4924.7535,27.47420850000026,"[-82.99133349999966, 100.560833]",0.5615035402498969,"[-1.6819787816514609, 2.078353543903988]",12,3,36,10000
gpu,vollkorn,2,font_variations,first_paint,1,263,draw_us,master,current,1730.771,1760.458,1727.0835,1760.458,34.77099999999996,"[5.520999999999958, 83.99950000000013]",2.025827341593134,"[0.31564558225818384, 4.835633500982938]",12,3,36,10000
gpu,vollkorn,2,font_variations,first_paint,1,263,submit_us,master,current,3108.4790000000003,3164.5625,3105.937,3188.416,64.52149999999983,"[12.3125, 120.29150000000004]",2.0897245980580292,"[0.38928402358593406, 3.915379242653705]",12,3,36,10000
gpu,vollkorn,2,font_variations,first_paint,1,263,complete_us,master,current,4650.6875,4823.4995,4634.8125,4758.9995,105.0005000000001,"[-240.93750000000045, 587.1244999999999]",2.335404315950107,"[-5.0904961671257025, 12.021032772647978]",12,3,36,10000
gpu,vollkorn,2,font_variations,first_paint,1,263,draw_us,master,final,1730.771,1701.771,1727.0835,1694.2085,-23.729000000000042,"[-60.45799999999997, 2.729000000000042]",-1.3834224408214912,"[-3.482041034683103, 0.162434354262192]",12,3,36,10000
gpu,vollkorn,2,font_variations,first_paint,1,263,submit_us,master,final,3108.4790000000003,3071.042,3105.937,3083.375,-34.812999999999874,"[-74.75, 61.979499999999916]",-1.1156464622740614,"[-2.406769229794387, 2.024210418590666]",12,3,36,10000
gpu,vollkorn,2,font_variations,first_paint,1,263,complete_us,master,final,4650.6875,4632.7080000000005,4634.8125,4830.125,-48.270500000000084,"[-243.66750000000002, 504.33349999999973]",-1.0108436340637628,"[-4.797271913169116, 10.809601890923883]",12,3,36,10000
gpu,vollkorn,2,font_variations,first_paint,1,263,draw_us,master,pool,1730.771,1722.0835,1727.0835,1715.5,-35.66650000000004,"[-46.56299999999999, 0.5834999999999582]",-2.0360176876466793,"[-2.716739543161406, 0.034777710404815254]",12,3,36,10000
gpu,vollkorn,2,font_variations,first_paint,1,263,submit_us,master,pool,3108.4790000000003,3089.7709999999997,3105.937,3085.9165000000003,-12.228500000000167,"[-86.6875, 15.041500000000042]",-0.39070748427632584,"[-2.7387634119756807, 0.490228479639776]",12,3,36,10000
gpu,vollkorn,2,font_variations,first_paint,1,263,complete_us,master,pool,4650.6875,4995.603999999999,4634.8125,5272.208,161.16699999999992,"[-181.14499999999998, 692.6874999999995]",3.5563280750419257,"[-3.561501434405284, 15.087327221924463]",12,3,36,10000
gpu,vollkorn,2,font_variations,first_paint,1,263,draw_us,current,final,1760.458,1701.771,1760.458,1694.2085,-68.99950000000001,"[-115.06200000000001, -21.291499999999928]",-3.9288633649339486,"[-6.394150089507927, -1.2408090754898848]",12,3,36,10000
gpu,vollkorn,2,font_variations,first_paint,1,263,submit_us,current,final,3164.5625,3071.042,3188.416,3083.375,-78.16650000000004,"[-128.8125, -18.916999999999916]",-2.4656545193046444,"[-4.011136493729673, -0.5910354844135823]",12,3,36,10000
gpu,vollkorn,2,font_variations,first_paint,1,263,complete_us,current,final,4823.4995,4632.7080000000005,4758.9995,4830.125,-172.68750000000045,"[-1072.875, 788.5625000000005]",-3.722948271441762,"[-18.530012271485433, 16.487834269791747]",12,3,36,10000
gpu,vollkorn,2,font_variations,first_paint,1,263,draw_us,current,pool,1760.458,1722.0835,1760.458,1715.5,-63.87450000000001,"[-98.24950000000001, -28.9375]",-3.62748367851613,"[-5.382982936779651, -1.662784408776763]",12,3,36,10000
gpu,vollkorn,2,font_variations,first_paint,1,263,submit_us,current,pool,3164.5625,3089.7709999999997,3188.416,3085.9165000000003,-87.58349999999996,"[-128.72900000000004, -39.000499999999874]",-2.7408337346791267,"[-4.103415175432596, -1.2326987655920496]",12,3,36,10000
gpu,vollkorn,2,font_variations,first_paint,1,263,complete_us,current,pool,4823.4995,4995.603999999999,4758.9995,5272.208,4.25,"[-192.16649999999981, 478.6664999999998]",0.09554568487168957,"[-3.2876867452857894, 9.952950479421318]",12,3,36,10000
gpu,vollkorn,2,font_variations,first_paint,1,263,draw_us,final,pool,1701.771,1722.0835,1694.2085,1715.5,18.249500000000012,"[-18.958500000000072, 37.937500000000114]",1.081352892716525,"[-1.1156769377315912, 2.216298004229955]",12,3,36,10000
gpu,vollkorn,2,font_variations,first_paint,1,263,submit_us,final,pool,3071.042,3089.7709999999997,3083.375,3085.9165000000003,18.6875,"[-75.62549999999987, 48.916999999999916]",0.6145587869374247,"[-2.381028462220786, 1.5907409577820775]",12,3,36,10000
gpu,vollkorn,2,font_variations,first_paint,1,263,complete_us,final,pool,4632.7080000000005,4995.603999999999,4830.125,5272.208,401.4794999999999,"[-393.41650000000027, 927.6875]",8.181209192771288,"[-7.089056939786175, 20.451734145999914]",12,3,36,10000
gpu,vollkorn,2,font_variations,slant_advance,10,1158,draw_us,master,current,770.17505,792.83125,772.698,792.90825,17.195699999999988,"[7.591700000000003, 36.92490000000004]",2.2220212699026187,"[0.9843983001204482, 4.829512043643125]",12,3,36,10000
gpu,vollkorn,2,font_variations,slant_advance,10,1158,submit_us,master,current,820.5498500000001,846.3250499999999,825.629,847.32495,18.06465000000003,"[5.952249999999992, 34.547799999999995]",2.1909752070644273,"[0.721639755415393, 4.2256394827252075]",12,3,36,10000
gpu,vollkorn,2,font_variations,slant_advance,10,1158,complete_us,master,current,1272.86255,1282.62705,1275.7417,1281.3334,15.618750000000091,"[-15.781200000000126, 33.10185000000001]",1.2460008080447005,"[-1.2087087543011632, 2.6076393883357474]",12,3,36,10000
gpu,vollkorn,2,font_variations,slant_advance,10,1158,draw_us,master,final,770.17505,769.1937499999999,772.698,767.54165,-8.641650000000027,"[-24.322799999999972, 13.855999999999995]",-1.11525282634376,"[-3.1188352511743678, 1.8236733537757566]",12,3,36,10000
gpu,vollkorn,2,font_variations,slant_advance,10,1158,submit_us,master,final,820.5498500000001,820.4561,825.629,818.09365,-8.053899999999999,"[-26.247950000000003, 20.37914999999998]",-0.974650938179844,"[-3.1757242658441207, 2.4936891590589982]",12,3,36,10000
gpu,vollkorn,2,font_variations,slant_advance,10,1158,complete_us,master,final,1272.86255,1258.5438,1275.7417,1255.8124,-13.785349999999994,"[-27.97309999999993, 1.362600000000043]",-1.0787709314254823,"[-2.2140902358836145, 0.10996605723253561]",12,3,36,10000
gpu,vollkorn,2,font_variations,slant_advance,10,1158,draw_us,master,pool,770.17505,774.09385,772.698,773.9124999999999,15.42900000000003,"[-23.262249999999995, 33.84994999999998]",1.9956405258707233,"[-2.942223969027058, 4.454925117370778]",12,3,36,10000
gpu,vollkorn,2,font_variations,slant_advance,10,1158,submit_us,master,pool,820.5498500000001,825.4375,825.629,824.8833500000001,15.318750000000023,"[-27.49784999999997, 38.78529999999995]",1.893901592831393,"[-3.261916582054786, 4.777308225302235]",12,3,36,10000
gpu,vollkorn,2,font_variations,slant_advance,10,1158,complete_us,master,pool,1272.86255,1270.5646499999998,1275.7417,1270.9019,14.085350000000062,"[-33.98770000000013, 32.743799999999965]",1.128022539309792,"[-2.6635727919511796, 2.5775626875893076]",12,3,36,10000
gpu,vollkorn,2,font_variations,slant_advance,10,1158,draw_us,current,final,792.83125,769.1937499999999,792.90825,767.54165,-24.25815,"[-41.00815, -9.072549999999978]",-3.0551724978942985,"[-5.1594537229167905, -1.1495740818902478]",12,3,36,10000
gpu,vollkorn,2,font_variations,slant_advance,10,1158,submit_us,current,final,846.3250499999999,820.4561,847.32495,818.09365,-26.398000000000025,"[-44.75389999999999, -2.4333500000000186]",-3.1704552194965374,"[-5.2416951871458615, -0.2866157059470742]",12,3,36,10000
gpu,vollkorn,2,font_variations,slant_advance,10,1158,complete_us,current,final,1282.62705,1258.5438,1281.3334,1255.8124,-26.701900000000023,"[-55.158350000000155, 8.939600000000155]",-2.081094934959138,"[-4.260509673633312, 0.7085338540735342]",12,3,36,10000
gpu,vollkorn,2,font_variations,slant_advance,10,1158,draw_us,current,pool,792.83125,774.09385,792.90825,773.9124999999999,-18.456000000000017,"[-32.89575000000002, 4.535449999999969]",-2.3294801637655183,"[-4.068952074065302, 0.5831944986845028]",12,3,36,10000
gpu,vollkorn,2,font_variations,slant_advance,10,1158,submit_us,current,pool,846.3250499999999,825.4375,847.32495,824.8833500000001,-20.03114999999997,"[-35.302099999999996, 8.23939999999999]",-2.370059967839583,"[-4.095500687390041, 1.010722952419807]",12,3,36,10000
gpu,vollkorn,2,font_variations,slant_advance,10,1158,complete_us,current,pool,1282.62705,1270.5646499999998,1281.3334,1270.9019,-7.462499999999864,"[-35.416650000000004, 15.770849999999882]",-0.5855215862323959,"[-2.7192388101989984, 1.254550741795224]",12,3,36,10000
gpu,vollkorn,2,font_variations,slant_advance,10,1158,draw_us,final,pool,769.1937499999999,774.09385,767.54165,773.9124999999999,9.404399999999953,"[-5.104350000000011, 27.32684999999998]",1.2231441155352463,"[-0.6725388753599126, 3.6015748295154415]",12,3,36,10000
gpu,vollkorn,2,font_variations,slant_advance,10,1158,submit_us,final,pool,820.4561,825.4375,818.09365,824.8833500000001,8.452249999999992,"[-6.258399999999938, 30.456050000000005]",1.0274067596554914,"[-0.7734673902854539, 3.7677340336086496]",12,3,36,10000
gpu,vollkorn,2,font_variations,slant_advance,10,1158,complete_us,final,pool,1258.5438,1270.5646499999998,1255.8124,1270.9019,11.668550000000096,"[-14.689750000000117, 44.08119999999997]",0.9311033258467161,"[-1.169258527993794, 3.5524487328092214]",12,3,36,10000
gpu,vollkorn,2,font_variations,slant_return,10,0,draw_us,master,current,42.4584,42.399950000000004,42.602050000000006,42.2021,-0.21690000000000254,"[-1.9768000000000008, 1.4167000000000023]",-0.492127326071351,"[-4.529506229835217, 3.4483146960802125]",12,3,36,10000
gpu,vollkorn,2,font_variations,slant_return,10,0,submit_us,master,current,97.6645,98.34185,97.73545,98.86869999999999,1.0352500000000049,"[-3.6373000000000104, 4.687449999999998]",1.060726836699416,"[-3.687876320696115, 4.923875296720093]",12,3,36,10000
gpu,vollkorn,2,font_variations,slant_return,10,0,complete_us,master,current,292.7916,287.49375,294.88739999999996,287.39785,-14.035449999999997,"[-21.65209999999999, 7.358400000000017]",-4.735675548241053,"[-7.091412792535401, 2.608378860581839]",12,3,36,10000
gpu,vollkorn,2,font_variations,slant_return,10,0,draw_us,master,final,42.4584,41.285399999999996,42.602050000000006,41.20225,-1.5101499999999994,"[-2.6000499999999995, 0.2726499999999987]",-3.4869827092433137,"[-6.02586678293065, 0.6609791467670822]",12,3,36,10000
gpu,vollkorn,2,font_variations,slant_return,10,0,submit_us,master,final,97.6645,95.4897,97.73545,95.3375,-0.8582500000000053,"[-2.6499999999999986, 1.656099999999995]",-0.865183383630963,"[-2.711333031254537, 1.753307033103324]",12,3,36,10000
gpu,vollkorn,2,font_variations,slant_return,10,0,complete_us,master,final,292.7916,284.40205000000003,294.88739999999996,284.30625,-6.195949999999982,"[-22.10004999999998, 0.5292499999999905]",-2.165216702459949,"[-7.357776843115376, 0.19320577218403523]",12,3,36,10000
gpu,vollkorn,2,font_variations,slant_return,10,0,draw_us,master,pool,42.4584,41.912549999999996,42.602050000000006,41.741749999999996,-1.1251500000000014,"[-2.09985, 0.06260000000000332]",-2.657441655368248,"[-4.820602310000533, 0.14991161928655794]",12,3,36,10000
gpu,vollkorn,2,font_variations,slant_return,10,0,submit_us,master,pool,97.6645,98.16245,97.73545,97.02494999999999,-0.779200000000003,"[-7.787500000000001, 2.0666999999999973]",-0.7761118824428814,"[-7.731348269661609, 2.1554495346840508]",12,3,36,10000
gpu,vollkorn,2,font_variations,slant_return,10,0,complete_us,master,pool,292.7916,285.42295,294.88739999999996,285.21875,-7.839549999999974,"[-23.67700000000002, 4.147899999999993]",-2.647002525527925,"[-7.9140536612742505, 1.4763240992544224]",12,3,36,10000
gpu,vollkorn,2,font_variations,slant_return,10,0,draw_us,current,final,42.399950000000004,41.285399999999996,42.2021,41.20225,-1.0667000000000009,"[-2.1686499999999995, 0.13124999999999787]",-2.5177466119315373,"[-5.056988599060613, 0.3219538089271168]",12,3,36,10000
gpu,vollkorn,2,font_variations,slant_return,10,0,submit_us,current,final,98.34185,95.4897,98.86869999999999,95.3375,-1.1167499999999961,"[-4.629049999999992, 3.1811500000000024]",-1.1595221768969766,"[-4.642701981625114, 3.309455825276031]",12,3,36,10000
gpu,vollkorn,2,font_variations,slant_return,10,0,complete_us,current,final,287.49375,284.40205000000003,287.39785,284.30625,-0.08964999999997758,"[-8.277000000000015, 9.566899999999976]",-0.026833493871553094,"[-2.9150807984584084, 3.3109084346249817]",12,3,36,10000
gpu,vollkorn,2,font_variations,slant_return,10,0,draw_us,current,pool,42.399950000000004,41.912549999999996,42.2021,41.741749999999996,-0.6895500000000006,"[-1.7123999999999988, -0.23964999999999748]",-1.6075276956316886,"[-4.102128510950342, -0.5815719613142423]",12,3,36,10000
gpu,vollkorn,2,font_variations,slant_return,10,0,submit_us,current,pool,98.34185,98.16245,98.86869999999999,97.02494999999999,-0.9270999999999958,"[-3.6121999999999943, 0.752049999999997]",-0.950548177683791,"[-3.7361895510628185, 0.760465969531321]",12,3,36,10000
gpu,vollkorn,2,font_variations,slant_return,10,0,complete_us,current,pool,287.49375,285.42295,287.39785,285.21875,-1.8790500000000065,"[-7.19380000000001, 3.0564500000000123]",-0.6481610503845214,"[-2.479628245997545, 1.087011041667818]",12,3,36,10000
gpu,vollkorn,2,font_variations,slant_return,10,0,draw_us,final,pool,41.285399999999996,41.912549999999996,41.20225,41.741749999999996,-0.3459000000000003,"[-0.9813499999999991, 1.1647500000000015]",-0.8241493589547955,"[-2.3927797640010464, 2.893178487203829]",12,3,36,10000
gpu,vollkorn,2,font_variations,slant_return,10,0,submit_us,final,pool,95.4897,98.16245,95.3375,97.02494999999999,-0.5103999999999971,"[-5.43954999999999, 1.7478999999999942]",-0.5000762918464241,"[-5.666852717276633, 1.8370039255282689]",12,3,36,10000
gpu,vollkorn,2,font_variations,slant_return,10,0,complete_us,final,pool,284.40205000000003,285.42295,284.30625,285.21875,-1.1041500000000042,"[-11.946100000000001, 8.006200000000007]",-0.3790308457223224,"[-3.6214315167506284, 2.8953892655311786]",12,3,36,10000
gpu,vollkorn,2,font_variations,warm,30,0,draw_us,master,current,40.279183,40.039567,40.49725,39.9792,-0.43610000000000326,"[-2.1769999999999996, 0.8339999999999996]",-1.0822448028343867,"[-5.316580450821906, 2.1331461291519638]",12,3,36,10000
gpu,vollkorn,2,font_variations,warm,30,0,submit_us,master,current,88.39519999999999,88.6583165,88.97573349999999,87.1819835,-2.8493669999999938,"[-4.4103335, 0.8639000000000081]",-3.0715657619377055,"[-4.872433066343401, 1.0601640495909836]",12,3,36,10000
gpu,vollkorn,2,font_variations,warm,30,0,complete_us,master,current,280.33264999999994,277.2708,281.5993165,277.4555335,-5.015266999999966,"[-11.37285, 1.7861830000000225]",-1.7588592178223061,"[-3.99753858841117, 0.6522012840957381]",12,3,36,10000
gpu,vollkorn,2,font_variations,warm,30,0,draw_us,master,final,40.279183,39.1611165,40.49725,39.106300000000005,-1.4035335000000018,"[-2.088800499999998, -0.4124164999999991]",-3.3465594977659494,"[-5.102519075892225, -1.0336361774151093]",12,3,36,10000
gpu,vollkorn,2,font_variations,warm,30,0,submit_us,master,final,88.39519999999999,85.6798335,88.97573349999999,85.6611,-2.8576334999999986,"[-6.326383499999999, -0.4201164999999918]",-3.2111676008751253,"[-6.934810517825218, -0.4681387672726911]",12,3,36,10000
gpu,vollkorn,2,font_variations,warm,30,0,complete_us,master,final,280.33264999999994,274.6340335,281.5993165,274.6340335,-5.660450000000026,"[-16.83605, -0.07634999999996239]",-2.003716049725374,"[-5.8293120495709285, -0.02810276126049005]",12,3,36,10000
gpu,vollkorn,2,font_variations,warm,30,0,draw_us,master,pool,40.279183,39.495149999999995,40.49725,39.341617,-1.202133,"[-2.580599999999997, 0.3535164999999978]",-2.9592723747488945,"[-6.187745322646871, 0.8853772788252778]",12,3,36,10000
gpu,vollkorn,2,font_variations,warm,30,0,submit_us,master,pool,88.39519999999999,85.56675,88.97573349999999,85.542383,-5.056099500000002,"[-6.668766500000004, 1.377783000000008]",-5.616219209400242,"[-7.291862499432428, 1.5712096355609884]",12,3,36,10000
gpu,vollkorn,2,font_variations,warm,30,0,complete_us,master,pool,280.33264999999994,273.08605,281.5993165,272.811067,-8.37851649999999,"[-15.788833000000011, -1.6403504999999825]",-2.93715718506527,"[-5.562720982872837, -0.5961522784769913]",12,3,36,10000
gpu,vollkorn,2,font_variations,warm,30,0,draw_us,current,final,40.039567,39.1611165,39.9792,39.106300000000005,-0.9819334999999967,"[-2.0340329999999973, 0.07564999999999955]",-2.458720216720983,"[-4.98211117081942, 0.18758997353527374]",12,3,36,10000
gpu,vollkorn,2,font_variations,warm,30,0,submit_us,current,final,88.6583165,85.6798335,87.1819835,85.6611,-0.9987335000000002,"[-3.105032999999999, 0.7493334999999988]",-1.1588860723675543,"[-3.485112944028368, 0.8865967888246007]",12,3,36,10000
gpu,vollkorn,2,font_variations,warm,30,0,complete_us,current,final,277.2708,274.6340335,277.4555335,274.6340335,-2.650766500000003,"[-8.6472665, 4.054050000000018]",-0.9364278388403147,"[-3.1152124205968965, 1.515712703195693]",12,3,36,10000
gpu,vollkorn,2,font_variations,warm,30,0,draw_us,current,pool,40.039567,39.495149999999995,39.9792,39.341617,-0.3278164999999973,"[-1.8743664999999972, 0.8367834999999992]",-0.8157895849759178,"[-4.561037160286563, 2.135215484456532]",12,3,36,10000
gpu,vollkorn,2,font_variations,warm,30,0,submit_us,current,pool,88.6583165,85.56675,87.1819835,85.542383,-2.174933000000003,"[-4.650750500000001, 0.6763164999999987]",-2.4945038537097175,"[-5.053412342200319, 0.8013322867629347]",12,3,36,10000
gpu,vollkorn,2,font_variations,warm,30,0,complete_us,current,pool,277.2708,273.08605,277.4555335,272.811067,-3.755450499999995,"[-6.409716500000002, -0.334083000000021]",-1.3497862312222386,"[-2.302117746197807, -0.11687066653356393]",12,3,36,10000
gpu,vollkorn,2,font_variations,warm,30,0,draw_us,final,pool,39.1611165,39.495149999999995,39.106300000000005,39.341617,0.36318350000000166,"[-0.16254999999999953, 1.1312839999999973]",0.9388447354350182,"[-0.4156637271288621, 2.8533791922838336]",12,3,36,10000
gpu,vollkorn,2,font_variations,warm,30,0,submit_us,final,pool,85.6798335,85.56675,85.6611,85.542383,0.3444160000000025,"[-1.3387834999999981, 1.9249999999999972]",0.40769525756600977,"[-1.5486659187153584, 2.2064471727066826]",12,3,36,10000
gpu,vollkorn,2,font_variations,warm,30,0,complete_us,final,pool,274.6340335,273.08605,274.6340335,272.811067,-1.7166500000000156,"[-6.701433500000007, 2.619433000000015]",-0.620229335959116,"[-2.4183497827593214, 0.9682321030513252]",12,3,36,10000
gpu,vollkorn,2,font_variations,weight_advance,6,717,draw_us,master,current,844.666583,868.3749165,844.666583,869.576333,22.850915999999984,"[10.79533349999997, 42.95474999999999]",2.7043078958786104,"[1.2605183331547254, 5.1946444584575975]",12,3,36,10000
gpu,vollkorn,2,font_variations,weight_advance,6,717,submit_us,master,current,887.5624164999999,913.1526670000001,886.947833,913.1526670000001,22.34375,"[8.982583000000034, 43.70483350000001]",2.522757836887324,"[0.9921293567437206, 5.024964763527429]",12,3,36,10000
gpu,vollkorn,2,font_variations,weight_advance,6,717,complete_us,master,current,1344.1319170000002,1376.7082500000001,1345.84025,1387.156167,42.59024999999997,"[10.541583500000002, 87.65958350000005]",3.1714083615308697,"[0.7874338006397474, 6.716616673420739]",12,3,36,10000
gpu,vollkorn,2,font_variations,weight_advance,6,717,draw_us,master,final,844.666583,835.83325,844.666583,835.83325,-6.087000000000046,"[-29.232583000000034, 7.85775000000001]",-0.7260773930662379,"[-3.4741487831230042, 0.9441921356362681]",12,3,36,10000
gpu,vollkorn,2,font_variations,weight_advance,6,717,submit_us,master,final,887.5624164999999,880.5,886.947833,880.5,-9.24675000000002,"[-29.534832999999992, 11.461917000000028]",-1.0544862689922663,"[-3.3220223270938263, 1.3110911774186995]",12,3,36,10000
gpu,vollkorn,2,font_variations,weight_advance,6,717,complete_us,master,final,1344.1319170000002,1345.6040830000002,1345.84025,1340.6389165,-28.600667000000044,"[-53.34400000000005, 2.7430835000000116]",-2.0626623612465087,"[-3.926995949314094, 0.2102358795524284]",12,3,36,10000
gpu,vollkorn,2,font_variations,weight_advance,6,717,draw_us,master,pool,844.666583,855.5729165,844.666583,860.697833,10.295083500000032,"[-7.103999999999985, 24.107500499999958]",1.250798414492682,"[-0.8465066911425456, 2.8522838781935733]",12,3,36,10000
gpu,vollkorn,2,font_variations,weight_advance,6,717,submit_us,master,pool,887.5624164999999,897.9304999999999,886.947833,902.8054999999999,9.670250499999952,"[-6.21875, 27.305583000000013]",1.1232436425261394,"[-0.7066650112161621, 3.0746582332766947]",12,3,36,10000
gpu,vollkorn,2,font_variations,weight_advance,6,717,complete_us,master,pool,1344.1319170000002,1348.7777500000002,1345.84025,1349.4407500000002,-10.354333499999939,"[-52.69825000000003, 12.826250500000015]",-0.7868097915102346,"[-3.7115960295176667, 0.9599869777102255]",12,3,36,10000
gpu,vollkorn,2,font_variations,weight_advance,6,717,draw_us,current,final,868.3749165,835.83325,869.576333,835.83325,-26.500000000000057,"[-67.35075, -6.850666500000045]",-3.0736723295123722,"[-7.575408664890893, -0.8053089335592178]",12,3,36,10000
gpu,vollkorn,2,font_variations,weight_advance,6,717,submit_us,current,final,913.1526670000001,880.5,913.1526670000001,880.5,-26.913166999999987,"[-67.94433299999997, -6.437499500000001]",-2.9472345041750723,"[-7.247013309932648, -0.7221716737666972]",12,3,36,10000
gpu,vollkorn,2,font_variations,weight_advance,6,717,complete_us,current,final,1376.7082500000001,1345.6040830000002,1387.156167,1340.6389165,-59.05908349999993,"[-104.40275000000008, -15.649083500000074]",-4.237882346827105,"[-7.586522121671713, -1.081839669193041]",12,3,36,10000
gpu,vollkorn,2,font_variations,weight_advance,6,717,draw_us,current,pool,868.3749165,855.5729165,869.576333,860.697833,-11.107916499999988,"[-32.42358300000001, -1.4721665000000712]",-1.2804156701103186,"[-3.6485979058461346, -0.17518344682954656]",12,3,36,10000
gpu,vollkorn,2,font_variations,weight_advance,6,717,submit_us,current,pool,913.1526670000001,897.9304999999999,913.1526670000001,902.8054999999999,-13.888999500000011,"[-34.36783300000002, 1.159749999999974]",-1.5479314180717019,"[-3.6905262127356453, 0.12292124532042314]",12,3,36,10000
gpu,vollkorn,2,font_variations,weight_advance,6,717,complete_us,current,pool,1376.7082500000001,1348.7777500000002,1387.156167,1349.4407500000002,-36.97941649999996,"[-62.600749999999834, -22.19791699999996]",-2.668332680549307,"[-4.479691510792372, -1.6229106111441793]",12,3,36,10000
gpu,vollkorn,2,font_variations,weight_advance,6,717,draw_us,final,pool,835.83325,855.5729165,835.83325,860.697833,18.999999999999943,"[8.593666499999983, 35.07633350000003]",2.2558755140564046,"[1.0339271571992215, 4.178633963634393]",12,3,36,10000
gpu,vollkorn,2,font_variations,weight_advance,6,717,submit_us,final,pool,880.5,897.9304999999999,880.5,902.8054999999999,13.861249999999984,"[6.395749500000022, 40.34024999999997]",1.5556007822844942,"[0.7306529469535805, 4.581572466595252]",12,3,36,10000
gpu,vollkorn,2,font_variations,weight_advance,6,717,complete_us,final,pool,1345.6040830000002,1348.7777500000002,1340.6389165,1349.4407500000002,9.392417000000023,"[-23.60783349999997, 31.343666999999982]",0.7083612507886361,"[-1.7559405950113793, 2.340908396664576]",12,3,36,10000
gpu,vollkorn,2,font_variations,weight_return,6,0,draw_us,master,current,40.21875,40.531333000000004,40.2188335,40.701583,0.42741649999999964,"[-1.7223334999999977, 1.9374164999999977]",1.0738358248222002,"[-4.048610938388214, 4.873126799581162]",12,3,36,10000
gpu,vollkorn,2,font_variations,weight_return,6,0,submit_us,master,current,88.2603335,89.8854165,88.57291649999999,90.184083,0.37483349999999405,"[-5.038249499999999, 4.288333500000007]",0.4335693926721229,"[-5.560040790703535, 4.958461152437987]",12,3,36,10000
gpu,vollkorn,2,font_variations,weight_return,6,0,complete_us,master,current,275.68399999999997,275.11766650000004,275.35075,273.1355,-0.19758300000000872,"[-7.895916500000027, 4.812249500000007]",-0.07278600735143859,"[-2.8849760929402555, 1.7977343351285757]",12,3,36,10000
gpu,vollkorn,2,font_variations,weight_return,6,0,draw_us,master,final,40.21875,39.826417,40.2188335,39.711749999999995,-0.9651664999999987,"[-1.916666499999998, -0.06574949999999902]",-2.448310168283757,"[-4.654405466782335, -0.1590397127146259]",12,3,36,10000
gpu,vollkorn,2,font_variations,weight_return,6,0,submit_us,master,final,88.2603335,87.74991650000001,88.57291649999999,87.4721665,-1.2464164999999952,"[-4.437416499999998, 1.4480835000000098]",-1.4291259032815584,"[-4.858899266643284, 1.6854831295379236]",12,3,36,10000
gpu,vollkorn,2,font_variations,weight_return,6,0,complete_us,master,final,275.68399999999997,274.503583,275.35075,275.2291665,-1.5171665000000303,"[-4.850750000000005, 2.100582999999972]",-0.5465911805647816,"[-1.7790477528279447, 0.7642546163557307]",12,3,36,10000
gpu,vollkorn,2,font_variations,weight_return,6,0,draw_us,master,pool,40.21875,39.774333,40.2188335,39.8646665,0.24650000000000105,"[-0.7671665000000019, 1.4411670000000036]",0.6213158947391939,"[-1.9310112057234041, 3.5161102328179816]",12,3,36,10000
gpu,vollkorn,2,font_variations,weight_return,6,0,submit_us,master,pool,88.2603335,88.3195,88.57291649999999,88.97925000000001,2.2152500000000046,"[-5.5834164999999985, 4.8090835]",2.541983740536913,"[-5.899998307915421, 5.43628746467949]",12,3,36,10000
gpu,vollkorn,2,font_variations,weight_return,6,0,complete_us,master,pool,275.68399999999997,274.22925,275.35075,275.58675,1.996500000000026,"[-7.7498335000000225, 11.871499499999999]",0.7243321786195522,"[-2.8076991451975175, 4.343161808985563]",12,3,36,10000
gpu,vollkorn,2,font_variations,weight_return,6,0,draw_us,current,final,40.531333000000004,39.826417,40.701583,39.711749999999995,-1.4305834999999973,"[-2.1599165000000013, 0.7468330000000023]",-3.5413171867026305,"[-5.216180220348788, 1.8713527335815106]",12,3,36,10000
gpu,vollkorn,2,font_variations,weight_return,6,0,submit_us,current,final,89.8854165,87.74991650000001,90.184083,87.4721665,-1.9792495000000017,"[-3.937499999999993, 1.6287500000000037]",-2.1899240433744582,"[-4.38479320854645, 1.881728822436668]",12,3,36,10000
gpu,vollkorn,2,font_variations,weight_return,6,0,complete_us,current,final,275.11766650000004,274.503583,273.1355,275.2291665,-0.80883350000002,"[-5.117999999999995, 12.052332999999976]",-0.2936643939787209,"[-1.8510411619492295, 4.460077424922848]",12,3,36,10000
gpu,vollkorn,2,font_variations,weight_return,6,0,draw_us,current,pool,40.531333000000004,39.774333,40.701583,39.8646665,-0.8921670000000042,"[-1.5553334999999997, 1.2638335000000005]",-2.184297234770588,"[-3.7844493166210524, 3.1252586316733666]",12,3,36,10000
gpu,vollkorn,2,font_variations,weight_return,6,0,submit_us,current,pool,89.8854165,88.3195,90.184083,88.97925000000001,-1.2325000000000017,"[-2.8019999999999996, 5.35425]",-1.3776820706279502,"[-3.0269254659582354, 6.037513107443138]",12,3,36,10000
gpu,vollkorn,2,font_variations,weight_return,6,0,complete_us,current,pool,275.11766650000004,274.22925,273.1355,275.58675,2.2220834999999965,"[-10.295249999999982, 7.9165835000000015]",0.8135949034227208,"[-3.452022769396257, 2.90587058505275]",12,3,36,10000
gpu,vollkorn,2,font_variations,weight_return,6,0,draw_us,final,pool,39.826417,39.774333,39.711749999999995,39.8646665,0.6769999999999996,"[-0.38883300000000176, 2.6769169999999995]",1.7252733498035022,"[-0.9813574280454207, 6.682925891428559]",12,3,36,10000
gpu,vollkorn,2,font_variations,weight_return,6,0,submit_us,final,pool,87.74991650000001,88.3195,87.4721665,88.97925000000001,2.513833499999997,"[-1.173666500000003, 4.350583]",2.7681913947381176,"[-1.36064779001428, 5.032903357636142]",12,3,36,10000
gpu,vollkorn,2,font_variations,weight_return,6,0,complete_us,final,pool,274.503583,274.22925,275.2291665,275.58675,-2.0,"[-11.177083500000009, 14.308833499999992]",-0.7199606584577023,"[-3.854550363609083, 5.28698480565315]",12,3,36,10000
gpu,vollkorn,2,grid_pollution,hot_first,1,94,draw_us,master,current,1830.5,1869.3125,1828.5415,1874.1465,22.229000000000042,"[11.833499999999844, 71.00049999999999]",1.206401358147291,"[0.6485922838025959, 3.9307998407911215]",12,3,36,10000
gpu,vollkorn,2,grid_pollution,hot_first,1,94,submit_us,master,current,3145.3955,3169.4165000000003,3137.4790000000003,3194.9995,54.02099999999996,"[-31.354499999999916, 142.16650000000004]",1.7484229118482464,"[-0.9981343175439472, 4.546496899050389]",12,3,36,10000
gpu,vollkorn,2,grid_pollution,hot_first,1,94,complete_us,master,current,4195.0,4197.5835,4201.1044999999995,4175.5419999999995,-44.95849999999996,"[-252.04199999999992, 124.16699999999992]",-1.0731305893984244,"[-5.863959433880705, 2.9760695699856177]",12,3,36,10000
gpu,vollkorn,2,grid_pollution,hot_first,1,94,draw_us,master,final,1830.5,1759.146,1828.5415,1754.042,-78.47900000000004,"[-87.81200000000001, -68.47900000000004]",-4.249073575607598,"[-4.814407756534572, -3.709419560284605]",12,3,36,10000
gpu,vollkorn,2,grid_pollution,hot_first,1,94,submit_us,master,final,3145.3955,3023.3545,3137.4790000000003,3010.834,-121.58300000000008,"[-180.89599999999996, -67.85400000000004]",-3.9178312173526684,"[-5.697079485169226, -2.2070354691705374]",12,3,36,10000
gpu,vollkorn,2,grid_pollution,hot_first,1,94,complete_us,master,final,4195.0,3990.9165000000003,4201.1044999999995,3989.4165000000003,-252.4375,"[-379.91650000000004, -108.87450000000013]",-6.006138929201815,"[-8.593724037258948, -2.6348764635249875]",12,3,36,10000
gpu,vollkorn,2,grid_pollution,hot_first,1,94,draw_us,master,pool,1830.5,1772.3125,1828.5415,1775.812,-62.95849999999996,"[-89.04200000000014, -39.85450000000003]",-3.4373922046970486,"[-4.7701009668007615, -2.194871122204345]",12,3,36,10000
gpu,vollkorn,2,grid_pollution,hot_first,1,94,submit_us,master,pool,3145.3955,3059.2915000000003,3137.4790000000003,3072.3959999999997,-79.39599999999996,"[-138.93700000000013, -25.25]",-2.5300578206285227,"[-4.2835328327924245, -0.8097706137772054]",12,3,36,10000
gpu,vollkorn,2,grid_pollution,hot_first,1,94,complete_us,master,pool,4195.0,4042.4165000000003,4201.1044999999995,4073.375,-226.70849999999996,"[-356.83349999999996, 10.333000000000084]",-5.243736628109663,"[-8.25277258415253, 0.2545989651869307]",12,3,36,10000
gpu,vollkorn,2,grid_pollution,hot_first,1,94,draw_us,current,final,1869.3125,1759.146,1874.1465,1754.042,-111.5,"[-140.91650000000016, -95.375]",-6.051321457677999,"[-7.435352609954837, -5.127143392870876]",12,3,36,10000
gpu,vollkorn,2,grid_pollution,hot_first,1,94,submit_us,current,final,3169.4165000000003,3023.3545,3194.9995,3010.834,-177.08300000000008,"[-218.99950000000013, -148.43799999999987]",-5.508575879539901,"[-6.825821431195516, -4.513195802576675]",12,3,36,10000
gpu,vollkorn,2,grid_pollution,hot_first,1,94,complete_us,current,final,4197.5835,3990.9165000000003,4175.5419999999995,3989.4165000000003,-139.91650000000004,"[-320.91650000000004, -43.520500000000084]",-3.339993539547903,"[-7.496499562049608, -1.0797057407466004]",12,3,36,10000
gpu,vollkorn,2,grid_pollution,hot_first,1,94,draw_us,current,pool,1869.3125,1772.3125,1874.1465,1775.812,-96.87549999999999,"[-132.1260000000001, -53.02099999999996]",-5.207673347617076,"[-7.035621294314587, -2.8982979513772933]",12,3,36,10000
gpu,vollkorn,2,grid_pollution,hot_first,1,94,submit_us,current,pool,3169.4165000000003,3059.2915000000003,3194.9995,3072.3959999999997,-130.64599999999996,"[-200.10400000000004, -95.24950000000013]",-4.056733860452033,"[-6.193882594263062, -3.0345030435273257]",12,3,36,10000
gpu,vollkorn,2,grid_pollution,hot_first,1,94,complete_us,current,pool,4197.5835,4042.4165000000003,4175.5419999999995,4073.375,-83.83349999999996,"[-250.54199999999992, 63.89599999999996]",-2.0462279312167153,"[-5.916827239677747, 1.5840841456637333]",12,3,36,10000
gpu,vollkorn,2,grid_pollution,hot_first,1,94,draw_us,final,pool,1759.146,1772.3125,1754.042,1775.812,10.02049999999997,"[-14.0, 55.166000000000054]",0.5818693264968644,"[-0.7852295724966762, 3.1774477877754004]",12,3,36,10000
gpu,vollkorn,2,grid_pollution,hot_first,1,94,submit_us,final,pool,3023.3545,3059.2915000000003,3010.834,3072.3959999999997,51.125,"[-12.4375, 66.95800000000008]",1.7181986294367735,"[-0.402727950850873, 2.2210277631507735]",12,3,36,10000
gpu,vollkorn,2,grid_pollution,hot_first,1,94,complete_us,final,pool,3990.9165000000003,4042.4165000000003,3989.4165000000003,4073.375,59.91599999999994,"[-43.83349999999996, 195.27100000000019]",1.4846256942973701,"[-1.0799981198493958, 4.864823561162557]",12,3,36,10000
gpu,vollkorn,2,grid_pollution,hot_return,1,94,draw_us,master,current,1745.1875,1775.0205,1756.0415,1785.0,5.000499999999988,"[-30.730000000000018, 107.04199999999992]",0.30006853199553984,"[-1.7136711634037016, 6.1886608385473885]",12,3,36,10000
gpu,vollkorn,2,grid_pollution,hot_return,1,94,submit_us,master,current,1797.4164999999998,1819.1875,1807.396,1828.7295,7.020999999999958,"[-38.81299999999999, 117.04149999999993]",0.40157399135100635,"[-2.09799353352485, 6.593340972520112]",12,3,36,10000
gpu,vollkorn,2,grid_pollution,hot_return,1,94,complete_us,master,current,2818.3125,2840.3955,2824.583,2889.5415000000003,8.687000000000126,"[-122.45849999999996, 190.60449999999992]",0.3297125783675414,"[-4.28852732826474, 6.938217064950114]",12,3,36,10000
gpu,vollkorn,2,grid_pollution,hot_return,1,94,draw_us,master,final,1745.1875,1717.854,1756.0415,1714.0835000000002,-37.021499999999946,"[-67.27150000000006, 0.12549999999998818]",-2.0723481147026215,"[-3.775039543854186, 0.007162817865047355]",12,3,36,10000
gpu,vollkorn,2,grid_pollution,hot_return,1,94,submit_us,master,final,1797.4164999999998,1764.687,1807.396,1761.9165,-34.89599999999996,"[-75.25049999999987, 1.7509999999999764]",-1.9047809724754727,"[-4.09072122167311, 0.09949091669141374]",12,3,36,10000
gpu,vollkorn,2,grid_pollution,hot_return,1,94,complete_us,master,final,2818.3125,2761.0,2824.583,2770.625,-54.499500000000126,"[-162.04150000000004, 152.89599999999996]",-1.9433739479461198,"[-5.6268312421610345, 5.630695742142566]",12,3,36,10000
gpu,vollkorn,2,grid_pollution,hot_return,1,94,draw_us,master,pool,1745.1875,1725.9585,1756.0415,1729.2914999999998,-28.145999999999958,"[-70.04199999999992, 2.3334999999998445]",-1.5672380511646933,"[-3.912098041443829, 0.13565608308729882]",12,3,36,10000
gpu,vollkorn,2,grid_pollution,hot_return,1,94,submit_us,master,pool,1797.4164999999998,1773.375,1807.396,1775.604,-34.79149999999993,"[-70.66700000000003, -1.3744999999998981]",-1.883870968673007,"[-3.9258417553422684, -0.07406901682015521]",12,3,36,10000
gpu,vollkorn,2,grid_pollution,hot_return,1,94,complete_us,master,pool,2818.3125,2779.4785,2824.583,2787.3955,-50.39599999999996,"[-174.93799999999987, 131.375]",-1.7935540379669157,"[-5.868554629905703, 4.833700373892191]",12,3,36,10000
gpu,vollkorn,2,grid_pollution,hot_return,1,94,draw_us,current,final,1775.0205,1717.854,1785.0,1714.0835000000002,-42.68799999999999,"[-95.375, -24.167500000000018]",-2.4418726111878177,"[-5.285781534802059, -1.363788299290869]",12,3,36,10000
gpu,vollkorn,2,grid_pollution,hot_return,1,94,submit_us,current,final,1819.1875,1764.687,1828.7295,1761.9165,-37.937499999999886,"[-95.85400000000004, -22.625]",-2.1077724122869625,"[-5.172128104411978, -1.2459995868064955]",12,3,36,10000
gpu,vollkorn,2,grid_pollution,hot_return,1,94,complete_us,current,final,2840.3955,2761.0,2889.5415000000003,2770.625,-32.875,"[-175.89599999999996, 22.4375]",-1.1376918686100357,"[-6.044123290793674, 0.7715197840087895]",12,3,36,10000
gpu,vollkorn,2,grid_pollution,hot_return,1,94,draw_us,current,pool,1775.0205,1725.9585,1785.0,1729.2914999999998,-56.58400000000006,"[-107.02099999999996, 3.5620000000001255]",-3.2130610423564905,"[-5.823492679926029, 0.20505975792296516]",12,3,36,10000
gpu,vollkorn,2,grid_pollution,hot_return,1,94,submit_us,current,pool,1819.1875,1773.375,1828.7295,1775.604,-58.479499999999916,"[-117.35400000000004, 3.7700000000000955]",-3.2347397846039625,"[-6.196748894462923, 0.21068715430308527]",12,3,36,10000
gpu,vollkorn,2,grid_pollution,hot_return,1,94,complete_us,current,pool,2840.3955,2779.4785,2889.5415000000003,2787.3955,-5.708499999999958,"[-223.91650000000004, 72.22900000000004]",-0.21578971600739183,"[-7.385746734855076, 2.6804071080834713]",12,3,36,10000
gpu,vollkorn,2,grid_pollution,hot_return,1,94,draw_us,final,pool,1717.854,1725.9585,1714.0835000000002,1729.2914999999998,7.958000000000084,"[-27.45799999999997, 43.70799999999997]",0.46493605075625943,"[-1.5764242967592768, 2.540269398979955]",12,3,36,10000
gpu,vollkorn,2,grid_pollution,hot_return,1,94,submit_us,final,pool,1764.687,1773.375,1761.9165,1775.604,2.478999999999928,"[-30.3125, 43.166000000000054]",0.14086338946792676,"[-1.696190137721998, 2.4211592940907134]",12,3,36,10000
gpu,vollkorn,2,grid_pollution,hot_return,1,94,complete_us,final,pool,2761.0,2779.4785,2770.625,2787.3955,47.41600000000017,"[-124.70849999999996, 97.72900000000004]",1.681056607784348,"[-4.121972558622644, 3.61379521663151]",12,3,36,10000
gpu,vollkorn,2,grid_pollution,hot_second,1,94,draw_us,master,current,1698.104,441.66700000000003,1692.8335,441.77049999999997,-1253.1665,"[-1268.271, -1246.1455]",-74.00349935063792,"[-74.63527572707807, -73.52864471581199]",12,3,36,10000
gpu,vollkorn,2,grid_pollution,hot_second,1,94,submit_us,master,current,1740.9375,478.14599999999996,1736.0835000000002,480.08349999999996,-1255.0835,"[-1273.9795000000001, -1241.8335]",-72.33198948721429,"[-73.03315124723883, -71.87836233249078]",12,3,36,10000
gpu,vollkorn,2,grid_pollution,hot_second,1,94,complete_us,master,current,2779.688,923.2294999999999,2779.688,921.875,-1852.0004999999999,"[-2007.875, -1779.3120000000001]",-67.18832947932768,"[-68.89686302689421, -65.29842253515534]",12,3,36,10000
gpu,vollkorn,2,grid_pollution,hot_second,1,94,draw_us,master,final,1698.104,440.4375,1692.8335,438.1255,-1255.708,"[-1276.292, -1244.021]",-74.4475163433313,"[-74.66059096375747, -73.66370821989864]",12,3,36,10000
gpu,vollkorn,2,grid_pollution,hot_second,1,94,submit_us,master,final,1740.9375,476.10400000000004,1736.0835000000002,474.64549999999997,-1260.625,"[-1285.3335, -1246.855]",-72.89769640932481,"[-73.16325117553527, -72.10628653479765]",12,3,36,10000
gpu,vollkorn,2,grid_pollution,hot_second,1,94,complete_us,master,final,2779.688,921.8330000000001,2779.688,914.562,-1857.4384999999997,"[-2131.458, -1777.0835]",-67.33262873389523,"[-70.00879444007651, -65.60728419811906]",12,3,36,10000
gpu,vollkorn,2,grid_pollution,hot_second,1,94,draw_us,master,pool,1698.104,441.08349999999996,1692.8335,441.08349999999996,-1258.1875,"[-1280.063, -1248.5625]",-74.08962305096757,"[-74.64386343831265, -73.96291808724106]",12,3,36,10000
gpu,vollkorn,2,grid_pollution,hot_second,1,94,submit_us,master,pool,1740.9375,478.188,1736.0835000000002,477.95849999999996,-1265.7705,"[-1284.229, -1253.5839999999998]",-72.6449870536681,"[-73.20711633321841, -72.46907940735477]",12,3,36,10000
gpu,vollkorn,2,grid_pollution,hot_second,1,94,complete_us,master,pool,2779.688,922.875,2779.688,921.0830000000001,-1860.6464999999998,"[-2006.9795, -1787.0625]",-67.05000603648932,"[-68.69702503636654, -66.20452666793261]",12,3,36,10000
gpu,vollkorn,2,grid_pollution,hot_second,1,94,draw_us,current,final,441.66700000000003,440.4375,441.77049999999997,438.1255,-1.0825000000000102,"[-11.020999999999987, 13.604500000000002]",-0.24505118184386943,"[-2.497715432160763, 3.172269621767887]",12,3,36,10000
gpu,vollkorn,2,grid_pollution,hot_second,1,94,submit_us,current,final,478.14599999999996,476.10400000000004,480.08349999999996,474.64549999999997,-2.5420000000000016,"[-19.812999999999988, 16.770500000000027]",-0.5259775970372249,"[-4.04837910809952, 3.5530843245187516]",12,3,36,10000
gpu,vollkorn,2,grid_pollution,hot_second,1,94,complete_us,current,final,923.2294999999999,921.8330000000001,921.875,914.562,-7.0,"[-27.0625, 44.56200000000001]",-0.7658837696400245,"[-2.9884028087633627, 4.894044241396578]",12,3,36,10000
gpu,vollkorn,2,grid_pollution,hot_second,1,94,draw_us,current,pool,441.66700000000003,441.08349999999996,441.77049999999997,441.08349999999996,0.9380000000000166,"[-16.583499999999987, 10.624500000000012]",0.1942463752275414,"[-3.6656420280994415, 2.425324400564177]",12,3,36,10000
gpu,vollkorn,2,grid_pollution,hot_second,1,94,submit_us,current,pool,478.14599999999996,478.188,480.08349999999996,477.95849999999996,-1.0,"[-24.417, 11.874500000000012]",-0.22649357019115524,"[-4.97028057024857, 2.48896724365939]",12,3,36,10000
gpu,vollkorn,2,grid_pollution,hot_second,1,94,complete_us,current,pool,923.2294999999999,922.875,921.875,921.0830000000001,-3.8339999999999463,"[-45.313000000000045, 49.64550000000003]",-0.4146878388262387,"[-4.712044379793729, 5.47820168247436]",12,3,36,10000
gpu,vollkorn,2,grid_pollution,hot_second,1,94,draw_us,final,pool,440.4375,441.08349999999996,438.1255,441.08349999999996,3.8745000000000402,"[-5.042000000000002, 7.541999999999973]",0.8788070746079679,"[-1.1287135929774594, 1.7484383608986742]",12,3,36,10000
gpu,vollkorn,2,grid_pollution,hot_second,1,94,submit_us,final,pool,476.10400000000004,478.188,474.64549999999997,477.95849999999996,2.3339999999999748,"[-5.812500000000028, 7.187999999999988]",0.503874150697925,"[-1.232939355306789, 1.513190068916359]",12,3,36,10000
gpu,vollkorn,2,grid_pollution,hot_second,1,94,complete_us,final,pool,921.8330000000001,922.875,914.562,921.0830000000001,3.1875,"[-56.83300000000003, 47.458500000000015]",0.35121729908976773,"[-5.801766911016104, 5.320713846266245]",12,3,36,10000
gpu,vollkorn,2,grid_pollution,pollution,64,6016,draw_us,master,current,1763.9267265,1810.7640155,1760.8945705,1815.7305000000001,36.932273500000065,"[20.963164000000006, 61.12302299999999]",2.1017481879343936,"[1.1844380574457913, 3.480385134535535]",12,3,36,10000
gpu,vollkorn,2,grid_pollution,pollution,64,6016,submit_us,master,current,1803.9827735,1850.221086,1800.349328,1856.30175,35.84894550000001,"[19.59371900000008, 65.24646100000007]",1.9951476297489834,"[1.0829234943232402, 3.63794530248287]",12,3,36,10000
gpu,vollkorn,2,grid_pollution,pollution,64,6016,complete_us,master,current,2817.801727,2870.898719,2815.5438985,2871.6494605,38.484687500000064,"[-5.149117500000102, 93.36859299999992]",1.3840888053896827,"[-0.17919960303457438, 3.322075518398604]",12,3,36,10000
gpu,vollkorn,2,grid_pollution,pollution,64,6016,draw_us,master,final,1763.9267265,1760.405633,1760.8945705,1759.5517345,-7.852234500000122,"[-26.200788999999986, 21.174187500000016]",-0.4476362026838321,"[-1.4720454722581655, 1.212995145870821]",12,3,36,10000
gpu,vollkorn,2,grid_pollution,pollution,64,6016,submit_us,master,final,1803.9827735,1801.724633,1800.349328,1798.837555,-6.878554500000064,"[-30.715093499999966, 23.597054500000013]",-0.3839928696807493,"[-1.6863178890750063, 1.3230125982612084]",12,3,36,10000
gpu,vollkorn,2,grid_pollution,pollution,64,6016,complete_us,master,final,2817.801727,2789.0058984999996,2815.5438985,2789.0058984999996,-16.655930000000126,"[-79.49378950000005, 45.4746869999999]",-0.5952858114940507,"[-2.8146105963004544, 1.636821286149881]",12,3,36,10000
gpu,vollkorn,2,grid_pollution,pollution,64,6016,draw_us,master,pool,1763.9267265,1778.745461,1760.8945705,1779.4176565,5.6412734999998975,"[-1.0094609999999875, 13.103828000000021]",0.32280283542338584,"[-0.05595841247229005, 0.7414031531517207]",12,3,36,10000
gpu,vollkorn,2,grid_pollution,pollution,64,6016,submit_us,master,pool,1803.9827735,1817.5846485000002,1800.349328,1818.2327500000001,6.181656500000031,"[-3.599601499999949, 11.575875500000052]",0.3435686129766413,"[-0.19486364480142404, 0.6359957790177839]",12,3,36,10000
gpu,vollkorn,2,grid_pollution,pollution,64,6016,complete_us,master,pool,2817.801727,2821.248086,2815.5438985,2830.7542654999997,-5.041937499999904,"[-36.695007499999974, 51.507515499999954]",-0.17900640213210361,"[-1.2893867708677176, 1.8414738862631674]",12,3,36,10000
gpu,vollkorn,2,grid_pollution,pollution,64,6016,draw_us,current,final,1810.7640155,1760.405633,1815.7305000000001,1759.5517345,-51.228812500000004,"[-68.365859, -20.742171999999982]",-2.836462922726779,"[-3.730236615254462, -1.155311488002092]",12,3,36,10000
gpu,vollkorn,2,grid_pollution,pollution,64,6016,submit_us,current,final,1850.221086,1801.724633,1856.30175,1798.837555,-52.24260149999998,"[-69.68039050000004, -19.467429499999866]",-2.8302255554260416,"[-3.7200944049676, -1.061542852514752]",12,3,36,10000
gpu,vollkorn,2,grid_pollution,pollution,64,6016,complete_us,current,final,2870.898719,2789.0058984999996,2871.6494605,2789.0058984999996,-66.45439100000021,"[-92.38099949999992, -17.137328000000025]",-2.313950195367548,"[-3.1723861511983587, -0.6130926060478825]",12,3,36,10000
gpu,vollkorn,2,grid_pollution,pollution,64,6016,draw_us,current,pool,1810.7640155,1778.745461,1815.7305000000001,1779.4176565,-34.37371099999996,"[-47.200164000000086, -25.77208600000006]",-1.8930402926921774,"[-2.6105627839952126, -1.430906679629207]",12,3,36,10000
gpu,vollkorn,2,grid_pollution,pollution,64,6016,submit_us,current,pool,1850.221086,1817.5846485000002,1856.30175,1818.2327500000001,-36.250625000000014,"[-50.00033600000006, -26.405265499999928]",-1.952840517264498,"[-2.7054352497071, -1.4355121660081516]",12,3,36,10000
gpu,vollkorn,2,grid_pollution,pollution,64,6016,complete_us,current,pool,2870.898719,2821.248086,2871.6494605,2830.7542654999997,-32.28528099999994,"[-65.20799250000005, -4.527016000000003]",-1.118867076219704,"[-2.2987911965992702, -0.16052544313208683]",12,3,36,10000
gpu,vollkorn,2,grid_pollution,pollution,64,6016,draw_us,final,pool,1760.405633,1778.745461,1759.5517345,1779.4176565,12.909867499999905,"[-4.933312499999943, 23.752624999999966]",0.7331429536596268,"[-0.27269676073119475, 1.3582895634641878]",12,3,36,10000
gpu,vollkorn,2,grid_pollution,pollution,64,6016,submit_us,final,pool,1801.724633,1817.5846485000002,1798.837555,1818.2327500000001,13.024187499999925,"[-9.083656000000019, 22.89546900000005]",0.7263943733514355,"[-0.49217503905369386, 1.2817465250369975]",12,3,36,10000
gpu,vollkorn,2,grid_pollution,pollution,64,6016,complete_us,final,pool,2789.0058984999996,2821.248086,2789.0058984999996,2830.7542654999997,32.88694600000008,"[-25.010430000000042, 51.57260150000002]",1.1903543522286286,"[-0.8989263794791036, 1.8555722665257401]",12,3,36,10000
gpu,vollkorn,2,grid_singleton,once,1,94,draw_us,master,current,1848.333,1900.125,1851.479,1905.104,40.52100000000007,"[14.166500000000042, 86.81299999999987]",2.1888094566349103,"[0.760827229988148, 4.7368490830784875]",12,3,36,10000
gpu,vollkorn,2,grid_singleton,once,1,94,submit_us,master,current,3193.2290000000003,3245.3125,3213.7290000000003,3257.4165000000003,47.5,"[-4.583499999999958, 99.16600000000017]",1.4899907791035338,"[-0.13362177894964966, 3.166105646671935]",12,3,36,10000
gpu,vollkorn,2,grid_singleton,once,1,94,complete_us,master,current,4133.9375,4196.853999999999,4136.271000000001,4183.5205000000005,44.104499999999916,"[-18.95849999999973, 155.72950000000014]",1.0805460017069168,"[-0.4613400520180111, 3.780470008816683]",12,3,36,10000
gpu,vollkorn,2,grid_singleton,once,1,94,draw_us,master,final,1848.333,1778.396,1851.479,1774.791,-81.47900000000004,"[-110.31200000000001, -41.708000000000084]",-4.405347072881955,"[-5.946551856154236, -2.2595309417709766]",12,3,36,10000
gpu,vollkorn,2,grid_singleton,once,1,94,submit_us,master,final,3193.2290000000003,3167.333,3213.7290000000003,3160.2705,-55.33349999999996,"[-91.58349999999996, 29.583499999999958]",-1.7324333078404808,"[-2.866749791909889, 0.9165327198654705]",12,3,36,10000
gpu,vollkorn,2,grid_singleton,once,1,94,complete_us,master,final,4133.9375,4047.5209999999997,4136.271000000001,4034.3125,-122.14600000000019,"[-194.70900000000006, 41.9375]",-2.9248717913449296,"[-4.829205700703837, 1.0060920824654929]",12,3,36,10000
gpu,vollkorn,2,grid_singleton,once,1,94,draw_us,master,pool,1848.333,1841.9375,1851.479,1840.5,-12.229499999999916,"[-20.104000000000042, 20.999999999999886]",-0.6489498432130758,"[-1.089758374004357, 1.1539279016199333]",12,3,36,10000
gpu,vollkorn,2,grid_singleton,once,1,94,submit_us,master,pool,3193.2290000000003,3210.875,3213.7290000000003,3193.0205,28.458000000000084,"[-60.85400000000004, 42.39649999999983]",0.8906485473240022,"[-1.8969848190654282, 1.3541258518179444]",12,3,36,10000
gpu,vollkorn,2,grid_singleton,once,1,94,complete_us,master,pool,4133.9375,4152.228999999999,4136.271000000001,4116.7919999999995,-32.166499999999814,"[-113.125, 97.3334999999995]",-0.7815825364554385,"[-2.682689162915952, 2.398143989132029]",12,3,36,10000
gpu,vollkorn,2,grid_singleton,once,1,94,draw_us,current,final,1900.125,1778.396,1905.104,1774.791,-115.91699999999992,"[-160.0005000000001, -101.18750000000011]",-6.231500355283187,"[-8.253665726704801, -5.298004730754535]",12,3,36,10000
gpu,vollkorn,2,grid_singleton,once,1,94,submit_us,current,final,3245.3125,3167.333,3257.4165000000003,3160.2705,-113.00049999999987,"[-187.27099999999996, 53.95849999999996]",-3.455600659626601,"[-5.517762469854831, 1.6823199185481807]",12,3,36,10000
gpu,vollkorn,2,grid_singleton,once,1,94,complete_us,current,final,4196.853999999999,4047.5209999999997,4183.5205000000005,4034.3125,-125.70800000000031,"[-454.7085000000002, 17.125]",-2.959408002512476,"[-10.842761993155236, 0.42287815868760625]",12,3,36,10000
gpu,vollkorn,2,grid_singleton,once,1,94,draw_us,current,pool,1900.125,1841.9375,1905.104,1840.5,-54.14600000000007,"[-71.5625, -29.45799999999997]",-2.9306745949912614,"[-3.753402774364151, -1.5629118324490265]",12,3,36,10000
gpu,vollkorn,2,grid_singleton,once,1,94,submit_us,current,pool,3245.3125,3210.875,3257.4165000000003,3193.0205,-24.854000000000042,"[-117.58349999999996, 14.791999999999916]",-0.7674738423716077,"[-3.5753515387937362, 0.4671421252631758]",12,3,36,10000
gpu,vollkorn,2,grid_singleton,once,1,94,complete_us,current,pool,4196.853999999999,4152.228999999999,4183.5205000000005,4116.7919999999995,-53.5,"[-215.39549999999986, 36.458000000000084]",-1.2852766453511244,"[-5.047591917976025, 0.8983863541827231]",12,3,36,10000
gpu,vollkorn,2,grid_singleton,once,1,94,draw_us,final,pool,1778.396,1841.9375,1774.791,1840.5,75.12549999999999,"[44.64549999999997, 108.68750000000011]",4.292835113343996,"[2.5198623531809794, 6.150476832440921]",12,3,36,10000
gpu,vollkorn,2,grid_singleton,once,1,94,submit_us,final,pool,3167.333,3210.875,3160.2705,3193.0205,37.64599999999996,"[-49.583000000000084, 120.37400000000025]",1.2333271018987402,"[-1.5167797465221844, 3.937043252059469]",12,3,36,10000
gpu,vollkorn,2,grid_singleton,once,1,94,complete_us,final,pool,4047.5209999999997,4152.228999999999,4034.3125,4116.7919999999995,50.895500000000084,"[-73.875, 247.81299999999965]",1.2659035238001826,"[-1.8120833882990628, 6.012332650152807]",12,3,36,10000
gpu,vollkorn,2,grid_two_phases,first,1,94,draw_us,master,current,1806.25,1844.7295,1806.25,1850.021,22.5625,"[-15.75, 74.16650000000004]",1.2437897972036205,"[-0.8605070274824544, 4.131069447597158]",12,3,36,10000
gpu,vollkorn,2,grid_two_phases,first,1,94,submit_us,master,current,3018.2290000000003,3101.5215,3029.2295,3089.875,26.291500000000042,"[-29.6875, 108.39599999999996]",0.8772559863841067,"[-0.9713297470505811, 3.5848501981219583]",12,3,36,10000
gpu,vollkorn,2,grid_two_phases,first,1,94,complete_us,master,current,4027.6459999999997,4044.25,4027.6459999999997,3984.583,-101.39550000000008,"[-176.95899999999983, 211.43750000000023]",-2.5195196105387394,"[-4.313936287657516, 5.502247519920056]",12,3,36,10000
gpu,vollkorn,2,grid_two_phases,first,1,94,draw_us,master,final,1806.25,1761.521,1806.25,1769.3539999999998,-60.47899999999993,"[-80.08349999999996, -28.958500000000072]",-3.3277061602105196,"[-4.398276054171679, -1.6077751312034816]",12,3,36,10000
gpu,vollkorn,2,grid_two_phases,first,1,94,submit_us,master,final,3018.2290000000003,2974.1035,3029.2295,2950.7295,-60.33399999999983,"[-190.47900000000004, 5.708499999999958]",-2.005663162639859,"[-6.116518675163796, 0.1851428593043769]",12,3,36,10000
gpu,vollkorn,2,grid_two_phases,first,1,94,complete_us,master,final,4027.6459999999997,3983.6665000000003,4027.6459999999997,3990.2290000000003,-61.500499999999874,"[-203.45849999999996, 213.02049999999986]",-1.4884085307453887,"[-5.072892749420127, 5.448001411359494]",12,3,36,10000
gpu,vollkorn,2,grid_two_phases,first,1,94,draw_us,master,pool,1806.25,1796.2705,1806.25,1798.4165,-15.10450000000003,"[-49.062500000000114, 19.520999999999958]",-0.8401182995096512,"[-2.7221979914116288, 1.089977676147813]",12,3,36,10000
gpu,vollkorn,2,grid_two_phases,first,1,94,submit_us,master,pool,3018.2290000000003,3020.375,3029.2295,3017.6040000000003,-3.604000000000042,"[-103.54150000000004, 68.70800000000008]",-0.12002759745028402,"[-3.322815352580988, 2.271645991800997]",12,3,36,10000
gpu,vollkorn,2,grid_two_phases,first,1,94,complete_us,master,pool,4027.6459999999997,3983.1459999999997,4027.6459999999997,3965.625,-28.645999999999958,"[-215.8125, 101.37549999999987]",-0.717812548862995,"[-5.298165074631756, 2.5497990879426835]",12,3,36,10000
gpu,vollkorn,2,grid_two_phases,first,1,94,draw_us,current,final,1844.7295,1761.521,1850.021,1769.3539999999998,-106.29149999999993,"[-123.29100000000005, -42.208000000000084]",-5.676217024782243,"[-6.5925415409487815, -2.3234810711735445]",12,3,36,10000
gpu,vollkorn,2,grid_two_phases,first,1,94,submit_us,current,final,3101.5215,2974.1035,3089.875,2950.7295,-150.97949999999992,"[-176.5, -104.91749999999979]",-4.88644831413964,"[-5.531944962101732, -3.400686726439389]",12,3,36,10000
gpu,vollkorn,2,grid_two_phases,first,1,94,complete_us,current,final,4044.25,3983.6665000000003,3984.583,3990.2290000000003,-39.35500000000002,"[-223.9375, 129.77099999999996]",-0.9343590277887004,"[-5.621908110989948, 3.1909587490275837]",12,3,36,10000
gpu,vollkorn,2,grid_two_phases,first,1,94,draw_us,current,pool,1844.7295,1796.2705,1850.021,1798.4165,-55.43799999999999,"[-91.0625, -37.353500000000054]",-3.0493230931628035,"[-4.812478072849225, -2.0400599842080758]",12,3,36,10000
gpu,vollkorn,2,grid_two_phases,first,1,94,submit_us,current,pool,3101.5215,3020.375,3089.875,3017.6040000000003,-60.375499999999874,"[-78.85449999999992, -24.625499999999874]",-1.9417418772372852,"[-2.6109867766441974, -0.8072106941949986]",12,3,36,10000
gpu,vollkorn,2,grid_two_phases,first,1,94,complete_us,current,pool,4044.25,3983.1459999999997,3984.583,3965.625,-59.3130000000001,"[-222.75000000000023, 136.89599999999996]",-1.4496508248863726,"[-5.2536983714989605, 3.4746480247760836]",12,3,36,10000
gpu,vollkorn,2,grid_two_phases,first,1,94,draw_us,final,pool,1761.521,1796.2705,1769.3539999999998,1798.4165,36.04150000000004,"[-10.395500000000084, 74.79150000000004]",2.0427627520487324,"[-0.5837147909987517, 4.271950382708589]",12,3,36,10000
gpu,vollkorn,2,grid_two_phases,first,1,94,submit_us,final,pool,2974.1035,3020.375,2950.7295,3017.6040000000003,85.41650000000004,"[25.5, 121.47900000000004]",2.986272003742829,"[0.8723157336438636, 4.145555501833664]",12,3,36,10000
gpu,vollkorn,2,grid_two_phases,first,1,94,complete_us,final,pool,3983.6665000000003,3983.1459999999997,3990.2290000000003,3965.625,-67.85400000000004,"[-269.1664999999996, 175.6044999999997]",-1.6909383319471505,"[-6.29933174519357, 4.594757119180004]",12,3,36,10000
gpu,vollkorn,2,grid_two_phases,second,1,94,draw_us,master,current,1702.9164999999998,444.8965,1706.8755,439.3335,-1267.6875,"[-1273.5005, -1238.5205]",-74.17102918112298,"[-74.48705055519557, -73.61684560100107]",12,3,36,10000
gpu,vollkorn,2,grid_two_phases,second,1,94,submit_us,master,current,1742.4375,481.8125,1745.313,481.20849999999996,-1267.8955,"[-1277.9795, -1238.0205]",-72.6717495445416,"[-72.99665048814589, -71.73139676117978]",12,3,36,10000
gpu,vollkorn,2,grid_two_phases,second,1,94,complete_us,master,current,2733.333,907.2080000000001,2728.5625,905.1875,-1814.521,"[-1981.75, -1644.854]",-67.13277769442813,"[-67.80019524971033, -63.92286606145376]",12,3,36,10000
gpu,vollkorn,2,grid_two_phases,second,1,94,draw_us,master,final,1702.9164999999998,442.75,1706.8755,442.75,-1263.792,"[-1275.0835, -1241.7295]",-74.11246825707872,"[-74.65375325684327, -73.1948955427896]",12,3,36,10000
gpu,vollkorn,2,grid_two_phases,second,1,94,submit_us,master,final,1742.4375,481.29150000000004,1745.313,481.29150000000004,-1263.8755,"[-1279.771, -1230.271]",-72.56153277652079,"[-73.15480492842747, -71.53885102268902]",12,3,36,10000
gpu,vollkorn,2,grid_two_phases,second,1,94,complete_us,master,final,2733.333,1300.5835,2728.5625,1300.5835,-1596.2289999999998,"[-1799.5620000000001, -1380.271]",-52.083661041426645,"[-66.75567351661078, -49.837770728148655]",12,3,36,10000
gpu,vollkorn,2,grid_two_phases,second,1,94,draw_us,master,pool,1702.9164999999998,441.0,1706.8755,439.937,-1256.771,"[-1272.73, -1242.562]",-73.83251979934946,"[-74.52420862174408, -72.91602770283004]",12,3,36,10000
gpu,vollkorn,2,grid_two_phases,second,1,94,submit_us,master,pool,1742.4375,477.521,1745.313,477.521,-1256.4785000000002,"[-1273.6464999999998, -1235.562]",-72.33704585272298,"[-72.88297076945207, -71.13463854464494]",12,3,36,10000
gpu,vollkorn,2,grid_two_phases,second,1,94,complete_us,master,pool,2733.333,936.7085,2728.5625,936.7085,-1800.0205,"[-1836.7709999999997, -1349.4589999999998]",-64.93452783326138,"[-67.01970505332463, -47.400800122699195]",12,3,36,10000
gpu,vollkorn,2,grid_two_phases,second,1,94,draw_us,current,final,444.8965,442.75,439.3335,442.75,3.9579999999999984,"[-19.645999999999987, 10.937499999999972]",0.9047311183469575,"[-4.4145566986668605, 2.5472966715128664]",12,3,36,10000
gpu,vollkorn,2,grid_two_phases,second,1,94,submit_us,current,final,481.8125,481.29150000000004,481.20849999999996,481.29150000000004,3.5,"[-16.563500000000005, 12.333000000000027]",0.7452243796257974,"[-3.464257616891808, 2.582531242310848]",12,3,36,10000
gpu,vollkorn,2,grid_two_phases,second,1,94,complete_us,current,final,907.2080000000001,1300.5835,905.1875,1300.5835,31.041500000000042,"[-10.208499999999958, 526.021]",3.5537191892280995,"[-0.7926307440256353, 55.46597756376765]",12,3,36,10000
gpu,vollkorn,2,grid_two_phases,second,1,94,draw_us,current,pool,444.8965,441.0,439.3335,439.937,1.2704999999999984,"[-18.125, 19.229499999999973]",0.2914900586393654,"[-3.9957521961914932, 4.338167131421478]",12,3,36,10000
gpu,vollkorn,2,grid_two_phases,second,1,94,submit_us,current,pool,481.8125,477.521,481.20849999999996,477.521,-0.416499999999985,"[-23.228999999999985, 20.1045]",-0.08259045941035326,"[-4.651434077640576, 4.262342818691955]",12,3,36,10000
gpu,vollkorn,2,grid_two_phases,second,1,94,complete_us,current,pool,907.2080000000001,936.7085,905.1875,936.7085,5.208499999999958,"[-47.06249999999994, 319.10350000000005]",0.5505211884596295,"[-4.088052276033793, 35.44638620150099]",12,3,36,10000
gpu,vollkorn,2,grid_two_phases,second,1,94,draw_us,final,pool,442.75,441.0,442.75,439.937,-2.8959999999999866,"[-13.18799999999996, 13.979499999999973]",-0.6539086747716083,"[-2.9212739382201534, 3.2130890051600525]",12,3,36,10000
gpu,vollkorn,2,grid_two_phases,second,1,94,submit_us,final,pool,481.29150000000004,477.521,481.29150000000004,477.521,-6.041999999999973,"[-23.18700000000004, 16.876000000000005]",-1.2603469062916428,"[-4.518074435789854, 3.5599465156978427]",12,3,36,10000
gpu,vollkorn,2,grid_two_phases,second,1,94,complete_us,final,pool,1300.5835,936.7085,1300.5835,936.7085,-24.75,"[-443.39549999999997, 20.771000000000015]",-1.9649556916679745,"[-30.38301076783157, 2.3207138948219574]",12,3,36,10000
gpu,vollkorn,2,grid_unique_sizes,sweep,32,3008,draw_us,master,current,1745.4296405,1786.3802185,1743.1667035,1789.754531,38.82804699999997,"[16.556547000000023, 46.69464049999999]",2.2398054806815226,"[0.9433483697728118, 2.691015960209431]",12,3,36,10000
gpu,vollkorn,2,grid_unique_sizes,sweep,32,3008,submit_us,master,current,1820.7778905,1862.1237190000002,1818.3431095,1869.1529369999998,38.1283595000001,"[17.257875000000013, 49.45243800000003]",2.106402054339074,"[0.9400627935797989, 2.7238114621095377]",12,3,36,10000
gpu,vollkorn,2,grid_unique_sizes,sweep,32,3008,complete_us,master,current,2900.9485935000002,2930.774703,2902.6842185,2936.4934839999996,20.841656000000057,"[-24.27290650000009, 63.520219]",0.7167810601615643,"[-0.8387223545564093, 2.237505675388629]",12,3,36,10000
gpu,vollkorn,2,grid_unique_sizes,sweep,32,3008,draw_us,master,final,1745.4296405,1729.3633125000001,1743.1667035,1731.8033905,-17.669938000000002,"[-34.253296999999975, 6.035703000000012]",-1.0134412184628183,"[-1.9619822210176163, 0.341642923428942]",12,3,36,10000
gpu,vollkorn,2,grid_unique_sizes,sweep,32,3008,submit_us,master,final,1820.7778905,1805.222766,1818.3431095,1805.222766,-14.008390499999905,"[-39.05929650000007, 6.747749499999941]",-0.7699175680980996,"[-2.1415801722547148, 0.37398182469984276]",12,3,36,10000
gpu,vollkorn,2,grid_unique_sizes,sweep,32,3008,complete_us,master,final,2900.9485935000002,2843.6250625000002,2902.6842185,2848.9394375,-60.98171900000011,"[-87.37376549999999, -14.458437500000173]",-2.1029576081633694,"[-2.958759029863789, -0.5019792719658855]",12,3,36,10000
gpu,vollkorn,2,grid_unique_sizes,sweep,32,3008,draw_us,master,pool,1745.4296405,1773.5494374999998,1743.1667035,1775.5553125000001,24.73226550000004,"[12.743484500000022, 32.282671999999934]",1.4087706395341737,"[0.7331840576718651, 1.8446067411048594]",12,3,36,10000
gpu,vollkorn,2,grid_unique_sizes,sweep,32,3008,submit_us,master,pool,1820.7778905,1850.1074064999998,1818.3431095,1852.9915465,24.789031499999965,"[12.167359499999975, 38.85878100000002]",1.2993239846032845,"[0.6707798079799931, 2.142238742216951]",12,3,36,10000
gpu,vollkorn,2,grid_unique_sizes,sweep,32,3008,complete_us,master,pool,2900.9485935000002,2903.9303124999997,2902.6842185,2900.7812814999997,-22.728484499999922,"[-60.013796500000126, 4.076250000000073]",-0.7873355039665297,"[-2.0571249834633267, 0.14021135643962346]",12,3,36,10000
gpu,vollkorn,2,grid_unique_sizes,sweep,32,3008,draw_us,current,final,1786.3802185,1729.3633125000001,1789.754531,1731.8033905,-67.69276550000006,"[-80.91490599999997, -28.769499999999994]",-3.776966448723612,"[-4.496306451434645, -1.6128093787207975]",12,3,36,10000
gpu,vollkorn,2,grid_unique_sizes,sweep,32,3008,submit_us,current,final,1862.1237190000002,1805.222766,1869.1529369999998,1805.222766,-66.65687449999996,"[-85.8979690000001, -29.38079700000003]",-3.5648839272696686,"[-4.587857357464897, -1.5816806553736462]",12,3,36,10000
gpu,vollkorn,2,grid_unique_sizes,sweep,32,3008,complete_us,current,final,2930.774703,2843.6250625000002,2936.4934839999996,2848.9394375,-70.17703150000011,"[-105.4407655, -55.77875049999989]",-2.413239270270884,"[-3.585773697875716, -1.898603766399437]",12,3,36,10000
gpu,vollkorn,2,grid_unique_sizes,sweep,32,3008,draw_us,current,pool,1786.3802185,1773.5494374999998,1789.754531,1775.5553125000001,-16.800110000000018,"[-32.564500000000066, -0.869265999999925]",-0.9583143462525479,"[-1.8070750738287678, -0.0505193197762599]",12,3,36,10000
gpu,vollkorn,2,grid_unique_sizes,sweep,32,3008,submit_us,current,pool,1862.1237190000002,1850.1074064999998,1869.1529369999998,1852.9915465,-14.913484499999981,"[-34.54620250000005, -3.2916870000000245]",-0.8175776385818179,"[-1.8568691208884103, -0.17503226394199878]",12,3,36,10000
gpu,vollkorn,2,grid_unique_sizes,sweep,32,3008,complete_us,current,pool,2930.774703,2903.9303124999997,2936.4934839999996,2900.7812814999997,-31.186655999999857,"[-69.3717029999998, -14.723953500000107]",-1.0616071618737788,"[-2.3216490661030873, -0.5068706920444865]",12,3,36,10000
gpu,vollkorn,2,grid_unique_sizes,sweep,32,3008,draw_us,final,pool,1729.3633125000001,1773.5494374999998,1731.8033905,1775.5553125000001,39.254609500000015,"[15.196546500000181, 60.179093999999964]",2.265512911318912,"[0.8827601365909987, 3.4845632190123377]",12,3,36,10000
gpu,vollkorn,2,grid_unique_sizes,sweep,32,3008,submit_us,final,pool,1805.222766,1850.1074064999998,1805.222766,1852.9915465,40.92703099999994,"[12.45506249999994, 70.126891]",2.268022748939813,"[0.6816608437360094, 3.890238872259122]",12,3,36,10000
gpu,vollkorn,2,grid_unique_sizes,sweep,32,3008,complete_us,final,pool,2843.6250625000002,2903.9303124999997,2848.9394375,2900.7812814999997,36.372421999999915,"[1.2097505000001547, 132.18367149999995]",1.2698361000055058,"[0.040621994229400604, 4.683374573420407]",12,3,36,10000
gpu,vollkorn,2,grid_unique_variations,sweep,32,3008,draw_us,master,current,525.0149845000001,565.4694059999999,524.5279845,567.3294530000001,36.88729699999999,"[19.28315650000002, 52.18951549999997]",7.116966935054226,"[3.4795793619969873, 9.948045025381912]",12,3,36,10000
gpu,vollkorn,2,grid_unique_variations,sweep,32,3008,submit_us,master,current,599.923172,640.225875,599.923172,642.4472655,38.70250000000004,"[19.90873399999998, 53.41614049999998]",6.508761434369259,"[3.141425621152061, 8.90041695579551]",12,3,36,10000
gpu,vollkorn,2,grid_unique_variations,sweep,32,3008,complete_us,master,current,1120.9010155,1239.8085624999999,1088.606734,1258.6796410000002,61.67843749999986,"[-41.715609499999914, 165.87565700000005]",5.744744163729754,"[-3.3335319892346673, 14.963404564660422]",12,3,36,10000
gpu,vollkorn,2,grid_unique_variations,sweep,32,3008,draw_us,master,final,525.0149845000001,448.6784375,524.5279845,447.8542655,-78.24932799999999,"[-83.38810949999998, -69.9779375]",-14.358573547872034,"[-15.934886495288675, -13.407463320633678]",12,3,36,10000
gpu,vollkorn,2,grid_unique_variations,sweep,32,3008,submit_us,master,final,599.923172,522.904359,599.923172,521.7688125,-74.83457800000008,"[-89.140031, -70.28898399999997]",-12.389059503464999,"[-14.864809494087144, -11.528216481351116]",12,3,36,10000
gpu,vollkorn,2,grid_unique_variations,sweep,32,3008,complete_us,master,final,1120.9010155,1046.4284375000002,1088.606734,1060.7174530000002,-75.92310950000001,"[-107.4922345, 34.69278099999997]",-6.424231288923437,"[-9.470704987468064, 3.2083082156718734]",12,3,36,10000
gpu,vollkorn,2,grid_unique_variations,sweep,32,3008,draw_us,master,pool,525.0149845000001,465.26881249999997,524.5279845,465.24807799999996,-60.36126549999997,"[-69.60032799999999, -56.196578500000015]",-11.491390093638977,"[-12.976933636995236, -10.768599146933255]",12,3,36,10000
gpu,vollkorn,2,grid_unique_variations,sweep,32,3008,submit_us,master,pool,599.923172,539.727078,599.923172,538.44075,-64.341703,"[-73.33851549999997, -55.86140649999999]",-10.698825671177236,"[-11.9288533814841, -9.359958884233126]",12,3,36,10000
gpu,vollkorn,2,grid_unique_variations,sweep,32,3008,complete_us,master,pool,1120.9010155,1062.0365000000002,1088.606734,1088.8958595,-55.47457849999995,"[-132.23246850000004, 15.36393750000002]",-4.987807504011626,"[-10.994260793501558, 1.5000179764232957]",12,3,36,10000
gpu,vollkorn,2,grid_unique_variations,sweep,32,3008,draw_us,current,final,565.4694059999999,448.6784375,567.3294530000001,447.8542655,-109.02993750000002,"[-128.5945155, -105.92964050000003]",-19.40138597856483,"[-22.368881098019706, -18.703003250411697]",12,3,36,10000
gpu,vollkorn,2,grid_unique_variations,sweep,32,3008,submit_us,current,final,640.225875,522.904359,642.4472655,521.7688125,-112.57350000000002,"[-132.73701549999993, -104.95570300000003]",-17.635242763646033,"[-20.34569782501262, -16.257557585086285]",12,3,36,10000
gpu,vollkorn,2,grid_unique_variations,sweep,32,3008,complete_us,current,final,1239.8085624999999,1046.4284375000002,1258.6796410000002,1060.7174530000002,-107.44656249999986,"[-268.781203, -37.57610999999997]",-9.550249233230762,"[-21.10852147664058, -3.327995275115353]",12,3,36,10000
gpu,vollkorn,2,grid_unique_variations,sweep,32,3008,draw_us,current,pool,565.4694059999999,465.26881249999997,567.3294530000001,465.24807799999996,-100.51165600000004,"[-116.91865650000003, -90.628297]",-17.771523719843934,"[-19.911646960438045, -16.161116743596082]",12,3,36,10000
gpu,vollkorn,2,grid_unique_variations,sweep,32,3008,submit_us,current,pool,640.225875,539.727078,642.4472655,538.44075,-101.07935950000001,"[-125.37110899999999, -86.93889050000001]",-15.820489124877334,"[-18.765158090287382, -13.684213885498835]",12,3,36,10000
gpu,vollkorn,2,grid_unique_variations,sweep,32,3008,complete_us,current,pool,1239.8085624999999,1062.0365000000002,1258.6796410000002,1088.8958595,-140.85089100000005,"[-183.69265599999994, -91.979219]",-11.538496827702883,"[-14.502137510136649, -7.95623231250125]",12,3,36,10000
gpu,vollkorn,2,grid_unique_variations,sweep,32,3008,draw_us,final,pool,448.6784375,465.26881249999997,447.8542655,465.24807799999996,19.014280999999983,"[9.665953500000029, 23.09442199999998]",4.214135591785528,"[2.1423659747296986, 5.204989638833501]",12,3,36,10000
gpu,vollkorn,2,grid_unique_variations,sweep,32,3008,submit_us,final,pool,522.904359,539.727078,521.7688125,538.44075,19.23371899999995,"[9.742719000000022, 23.946702999999957]",3.692965827701744,"[1.8517932961352512, 4.614758285111686]",12,3,36,10000
gpu,vollkorn,2,grid_unique_variations,sweep,32,3008,complete_us,final,pool,1046.4284375000002,1062.0365000000002,1060.7174530000002,1088.8958595,-7.005953500000032,"[-63.970124999999996, 53.03715649999998]",-0.6190718253337002,"[-5.655937067642403, 5.264172360882579]",12,3,36,10000
gpu,vollkorn,2,text,first_paint,1,1278,draw_us,master,current,31788.042,25233.0,31751.792,25195.1665,-6633.4375,"[-6958.9580000000005, -6328.708500000001]",-20.801751143006094,"[-21.771350873210736, -20.05209016625733]",12,3,36,10000
gpu,vollkorn,2,text,first_paint,1,1278,submit_us,master,current,38870.396,32282.229,38799.458,32119.6875,-6764.229500000001,"[-7601.332999999999, -6182.874499999998]",-17.43801053813401,"[-19.39805720009837, -15.989255218409854]",12,3,36,10000
gpu,vollkorn,2,text,first_paint,1,1278,complete_us,master,current,50526.9165,43741.104,50428.9375,43844.9585,-6619.5,"[-7447.521000000001, -5692.0]",-13.047243535305181,"[-14.623549079724285, -11.408074796449103]",12,3,36,10000
gpu,vollkorn,2,text,first_paint,1,1278,draw_us,master,final,31788.042,24982.979,31751.792,24959.9375,-6974.3125,"[-7078.312, -6514.2705000000005]",-21.84743718300232,"[-22.177942437200464, -20.654412860914846]",12,3,36,10000
gpu,vollkorn,2,text,first_paint,1,1278,submit_us,master,final,38870.396,32150.25,38799.458,31899.229,-6850.228999999999,"[-7520.915999999997, -6598.416500000001]",-17.762423112753854,"[-19.191374082738243, -17.02537779781244]",12,3,36,10000
gpu,vollkorn,2,text,first_paint,1,1278,complete_us,master,final,50526.9165,43664.146,50428.9375,43669.604,-6464.832999999999,"[-7480.6875, -5711.708500000001]",-12.736921109808186,"[-14.775542035388112, -11.452733701028649]",12,3,36,10000
gpu,vollkorn,2,text,first_paint,1,1278,draw_us,master,pool,31788.042,25083.125,31751.792,25066.5415,-6723.479500000001,"[-7045.916499999999, -6422.021000000001]",-21.174954969607768,"[-21.935565849921435, -20.377343302201055]",12,3,36,10000
gpu,vollkorn,2,text,first_paint,1,1278,submit_us,master,pool,38870.396,32065.688000000002,38799.458,31969.8335,-6863.021000000001,"[-7333.625, -6601.229000000001]",-17.713007705376356,"[-18.67746109326165, -17.030216619075986]",12,3,36,10000
gpu,vollkorn,2,text,first_paint,1,1278,complete_us,master,pool,50526.9165,43456.3965,50428.9375,43361.771,-7002.979500000001,"[-8289.290999999997, -6088.395499999999]",-13.877168092134546,"[-16.06791116345755, -12.265733460150646]",12,3,36,10000
gpu,vollkorn,2,text,first_paint,1,1278,draw_us,current,final,25233.0,24982.979,25195.1665,24959.9375,-275.77050000000054,"[-444.8744999999999, -6.166500000001179]",-1.100927931519241,"[-1.7589440903584164, -0.02433583385381133]",12,3,36,10000
gpu,vollkorn,2,text,first_paint,1,1278,submit_us,current,final,32282.229,32150.25,32119.6875,31899.229,-272.39650000000074,"[-730.6869999999981, 485.125]",-0.8510394207426719,"[-2.2565230594728423, 1.5443954521978887]",12,3,36,10000
gpu,vollkorn,2,text,first_paint,1,1278,complete_us,current,final,43741.104,43664.146,43844.9585,43669.604,-76.70900000000256,"[-463.04149999999936, 426.1880000000019]",-0.17436559870542268,"[-1.045957027338662, 0.9743805738407496]",12,3,36,10000
gpu,vollkorn,2,text,first_paint,1,1278,draw_us,current,pool,25233.0,25083.125,25195.1665,25066.5415,-50.1875,"[-334.8744999999981, 154.99999999999818]",-0.1997971245803032,"[-1.323487368897519, 0.6153248825675695]",12,3,36,10000
gpu,vollkorn,2,text,first_paint,1,1278,submit_us,current,pool,32282.229,32065.688000000002,32119.6875,31969.8335,-260.375,"[-522.1034999999993, 336.7500000000018]",-0.8111218002820608,"[-1.6046268150883392, 1.053252003012295]",12,3,36,10000
gpu,vollkorn,2,text,first_paint,1,1278,complete_us,current,pool,43741.104,43456.3965,43844.9585,43361.771,-244.89600000000064,"[-1459.875, -48.5625]",-0.5557953420183004,"[-3.2982338303508607, -0.11032793364900151]",12,3,36,10000
gpu,vollkorn,2,text,first_paint,1,1278,draw_us,final,pool,24982.979,25083.125,24959.9375,25066.5415,193.16600000000108,"[1.7915000000011787, 250.83350000000064]",0.7723504738450182,"[0.007524651757429002, 1.0101384084288956]",12,3,36,10000
gpu,vollkorn,2,text,first_paint,1,1278,submit_us,final,pool,32150.25,32065.688000000002,31899.229,31969.8335,128.04149999999936,"[-146.35399999999936, 338.79199999999946]",0.4020469258345205,"[-0.45571923140944604, 1.0618454543335099]",12,3,36,10000
gpu,vollkorn,2,text,first_paint,1,1278,complete_us,final,pool,43664.146,43456.3965,43669.604,43361.771,-547.0625,"[-1221.125, 295.5625]",-1.2420325203861937,"[-2.7762110943700513, 0.6809111172235927]",12,3,36,10000
gpu,vollkorn,2,text,reflow,3,0,draw_us,master,current,2816.0555000000004,2800.3816665,2826.381833,2822.34,-8.007166999999981,"[-70.88133299999981, 40.673333500000126]",-0.2819373926572999,"[-2.526642099948867, 1.457214135627205]",12,3,36,10000
gpu,vollkorn,2,text,reflow,3,0,submit_us,master,current,3004.3263335,2993.5485,3020.1873335,3002.520833,-9.271166999999878,"[-75.76366699999994, 49.284832999999935]",-0.306491241655954,"[-2.5239096440113187, 1.6620517522869416]",12,3,36,10000
gpu,vollkorn,2,text,reflow,3,0,complete_us,master,current,3609.6319999999996,3563.8819999999996,3609.6319999999996,3587.7153335000003,-44.13883299999998,"[-115.31283350000012, 37.50716650000004]",-1.2097807225297352,"[-3.170342247431346, 1.0538595550150798]",12,3,36,10000
gpu,vollkorn,2,text,reflow,3,0,draw_us,master,final,2816.0555000000004,2799.0831665,2826.381833,2797.791833,-30.027833999999757,"[-72.16666699999996, 12.041999999999916]",-1.063347135825743,"[-2.5364970733449566, 0.4316514289599449]",12,3,36,10000
gpu,vollkorn,2,text,reflow,3,0,submit_us,master,final,3004.3263335,2984.139,3020.1873335,2984.139,-31.354499499999974,"[-76.59750000000008, 13.979499499999974]",-1.0449106335402525,"[-2.529655087500371, 0.47147432363857655]",12,3,36,10000
gpu,vollkorn,2,text,reflow,3,0,complete_us,master,final,3609.6319999999996,3546.9791665000002,3609.6319999999996,3557.382,-40.50683349999986,"[-163.69483300000002, 17.117500000000064]",-1.1257950141098594,"[-4.487701769829167, 0.46926478737229216]",12,3,36,10000
gpu,vollkorn,2,text,reflow,3,0,draw_us,master,pool,2816.0555000000004,2788.951333,2826.381833,2798.5694999999996,-37.1460004999999,"[-60.65966649999973, 2.6943335000000843]",-1.303982183718505,"[-2.162705807417381, 0.09927835658830597]",12,3,36,10000
gpu,vollkorn,2,text,reflow,3,0,submit_us,master,pool,3004.3263335,2960.34,3020.1873335,2981.139,-30.44449950000012,"[-69.32650050000007, -2.8544999999999163]",-1.0054280457092502,"[-2.293863553415376, -0.09212254268132769]",12,3,36,10000
gpu,vollkorn,2,text,reflow,3,0,complete_us,master,pool,3609.6319999999996,3543.6873335,3609.6319999999996,3543.6873335,-74.41000000000008,"[-122.63900000000012, 6.590167000000292]",-2.0390558526334255,"[-3.3941609634333014, 0.18248912866631883]",12,3,36,10000
gpu,vollkorn,2,text,reflow,3,0,draw_us,current,final,2800.3816665,2799.0831665,2822.34,2797.791833,-6.735833500000126,"[-70.81899950000002, 50.2914995000001]",-0.23996632573345944,"[-2.5033857018558203, 1.8350500082671362]",12,3,36,10000
gpu,vollkorn,2,text,reflow,3,0,submit_us,current,final,2993.5485,2984.139,3002.520833,2984.139,-21.368166999999858,"[-68.1804995, 42.03466649999973]",-0.7057522058315779,"[-2.256088576511722, 1.4347687718435753]",12,3,36,10000
gpu,vollkorn,2,text,reflow,3,0,complete_us,current,final,3563.8819999999996,3546.9791665000002,3587.7153335000003,3557.382,-13.55549999999971,"[-88.13166649999994, 50.02783299999987]",-0.37997857233373344,"[-2.41084308745827, 1.384734794091813]",12,3,36,10000
gpu,vollkorn,2,text,reflow,3,0,draw_us,current,pool,2800.3816665,2788.951333,2822.34,2798.5694999999996,-3.1386670000001686,"[-54.853666500000145, 10.221666500000083]",-0.11196183934572557,"[-1.9332303651992178, 0.37381748668513515]",12,3,36,10000
gpu,vollkorn,2,text,reflow,3,0,submit_us,current,pool,2993.5485,2960.34,3002.520833,2981.139,-16.26433299999985,"[-60.05533350000019, 9.145333500000106]",-0.5430599815222537,"[-1.9929965998993104, 0.3119292036085741]",12,3,36,10000
gpu,vollkorn,2,text,reflow,3,0,complete_us,current,pool,3563.8819999999996,3543.6873335,3587.7153335000003,3543.6873335,-44.89583300000004,"[-109.38233349999996, 9.257166499999812]",-1.2761381105716008,"[-2.9667568395607913, 0.26612382665319734]",12,3,36,10000
gpu,vollkorn,2,text,reflow,3,0,draw_us,final,pool,2799.0831665,2788.951333,2797.791833,2798.5694999999996,5.430333000000019,"[-29.3266665000001, 35.12516699999992]",0.19331182537972724,"[-1.0449344210821165, 1.274738655863339]",12,3,36,10000
gpu,vollkorn,2,text,reflow,3,0,submit_us,final,pool,2984.139,2960.34,2984.139,2981.139,5.3748335000000225,"[-29.041999999999916, 30.63216699999998]",0.18038472110538661,"[-0.9743128938936974, 1.0299438574086328]",12,3,36,10000
gpu,vollkorn,2,text,reflow,3,0,complete_us,final,pool,3546.9791665000002,3543.6873335,3557.382,3543.6873335,-12.791833000000224,"[-65.83999999999992, 55.854333]",-0.3596981579901126,"[-1.8280324146428217, 1.5772118681374514]",12,3,36,10000
gpu,vollkorn,2,text,size_advance,12,5319,draw_us,master,current,12853.345583499999,9062.560833,12823.5311665,9058.654708,-3783.026083500001,"[-3868.952875, -3705.9563335000003]",-29.452249936766123,"[-30.035759413564456, -29.056278346596727]",12,3,36,10000
gpu,vollkorn,2,text,size_advance,12,5319,submit_us,master,current,13049.579833,9249.795125,13023.289917,9243.463541500001,-3787.3609584999995,"[-3883.8229165000002, -3715.934042]",-29.081403703619262,"[-29.668974495111517, -28.67771915332507]",12,3,36,10000
gpu,vollkorn,2,text,size_advance,12,5319,complete_us,master,current,17436.7900835,12910.914833499999,17418.4722085,12891.6527915,-4568.243042,"[-4729.9063755, -4287.649291500001]",-26.100919741586775,"[-27.229757514517, -24.623026368897566]",12,3,36,10000
gpu,vollkorn,2,text,size_advance,12,5319,draw_us,master,final,12853.345583499999,9038.284708,12823.5311665,9033.730958,-3814.6180835000005,"[-3847.6111665, -3737.1039164999993]",-29.80181557646671,"[-29.91410583283657, -29.281759793145348]",12,3,36,10000
gpu,vollkorn,2,text,size_advance,12,5319,submit_us,master,final,13049.579833,9223.24825,13023.289917,9224.072875000002,-3835.1247919999996,"[-3856.0538335, -3737.7066670000004]",-29.444393842940737,"[-29.56871406425039, -28.85245971787016]",12,3,36,10000
gpu,vollkorn,2,text,size_advance,12,5319,complete_us,master,final,17436.7900835,12992.302124999998,17418.4722085,12969.0139585,-4321.345375000002,"[-4633.2221665, -4085.934000000001]",-24.856674705033377,"[-26.641929620691073, -23.507536641084158]",12,3,36,10000
gpu,vollkorn,2,text,size_advance,12,5319,draw_us,master,pool,12853.345583499999,9022.3107915,12823.5311665,9027.022666500001,-3868.3957920000003,"[-3897.2395415, -3767.2291665000002]",-29.965940108151173,"[-30.329763103752377, -29.330122915256172]",12,3,36,10000
gpu,vollkorn,2,text,size_advance,12,5319,submit_us,master,pool,13049.579833,9210.3055,13023.289917,9216.277833,-3886.5849584999996,"[-3914.6734995000006, -3773.326458499999]",-29.60714426177156,"[-29.98399316595226, -28.939057108544816]",12,3,36,10000
gpu,vollkorn,2,text,size_advance,12,5319,complete_us,master,pool,17436.7900835,12948.4045415,17418.4722085,12963.7603335,-4362.819417000001,"[-4533.635166499999, -4195.434167]",-24.998911191353038,"[-26.101198825274032, -24.036286805917634]",12,3,36,10000
gpu,vollkorn,2,text,size_advance,12,5319,draw_us,current,final,9062.560833,9038.284708,9058.654708,9033.730958,-53.56775000000016,"[-107.21370799999931, 123.4444584999992]",-0.5919006142444061,"[-1.1769553540481148, 1.3680559291935568]",12,3,36,10000
gpu,vollkorn,2,text,size_advance,12,5319,submit_us,current,final,9249.795125,9223.24825,9243.463541500001,9224.072875000002,-57.454875000001266,"[-110.00354199999947, 144.75520849999975]",-0.6220514319916715,"[-1.1829390289127717, 1.5714431020895203]",12,3,36,10000
gpu,vollkorn,2,text,size_advance,12,5319,complete_us,current,final,12910.914833499999,12992.302124999998,12891.6527915,12969.0139585,-5.97387499999968,"[-232.7184995000007, 371.744833499999]",-0.04481945731522052,"[-1.8061394989491886, 2.9144517375424783]",12,3,36,10000
gpu,vollkorn,2,text,size_advance,12,5319,draw_us,current,pool,9062.560833,9022.3107915,9058.654708,9027.022666500001,-39.772500000000036,"[-105.71708300000046, -7.355999999999767]",-0.43688152895148824,"[-1.160795221963118, -0.08047493704126385]",12,3,36,10000
gpu,vollkorn,2,text,size_advance,12,5319,submit_us,current,pool,9249.795125,9210.3055,9243.463541500001,9216.277833,-40.82283349999943,"[-103.28650050000033, -6.562666999999237]",-0.4390910641206114,"[-1.1113481298827943, -0.07035647971307402]",12,3,36,10000
gpu,vollkorn,2,text,size_advance,12,5319,complete_us,current,pool,12910.914833499999,12948.4045415,12891.6527915,12963.7603335,79.39070800000081,"[-42.88541699999951, 283.31258349999916]",0.6139132157739091,"[-0.33290460990100246, 2.2241533847147887]",12,3,36,10000
gpu,vollkorn,2,text,size_advance,12,5319,draw_us,final,pool,9038.284708,9022.3107915,9033.730958,9027.022666500001,-34.19283350000023,"[-91.07629199999974, 27.28295849999995]",-0.3782078845950665,"[-0.9985268482716525, 0.30044314713389975]",12,3,36,10000
gpu,vollkorn,2,text,size_advance,12,5319,submit_us,final,pool,9223.24825,9210.3055,9224.072875000002,9216.277833,-36.09729150000021,"[-105.99649950000094, 28.411415999999917]",-0.3905414682108088,"[-1.136781011376986, 0.30628411528028643]",12,3,36,10000
gpu,vollkorn,2,text,size_advance,12,5319,complete_us,final,pool,12992.302124999998,12948.4045415,12969.0139585,12963.7603335,-24.880167000000256,"[-144.42183299999942, 240.76041650000025]",-0.1897092511775389,"[-1.0942886962397536, 1.915573373881052]",12,3,36,10000
gpu,vollkorn,2,text,size_return,12,0,draw_us,master,current,272.270708,270.1771665,270.8157915,270.9149165,2.9601250000000334,"[-4.553667000000019, 6.803833499999968]",1.1181886550593934,"[-1.6525190189871475, 2.49406681517802]",12,3,36,10000
gpu,vollkorn,2,text,size_return,12,0,submit_us,master,current,442.7674165,441.76566649999995,440.2291665,441.8802915,-0.47212500000000546,"[-18.860916500000002, 11.677083500000009]",-0.11209120312281051,"[-4.083569353750132, 2.64540752131337]",12,3,36,10000
gpu,vollkorn,2,text,size_return,12,0,complete_us,master,current,939.800375,926.6562085,947.3941665,926.6562085,-31.423666500000024,"[-85.13345799999996, 19.609458000000018]",-3.279709193365432,"[-8.572277018711338, 2.3263213153914775]",12,3,36,10000
gpu,vollkorn,2,text,size_return,12,0,draw_us,master,final,272.270708,270.06245850000005,270.8157915,271.090125,0.8456670000000202,"[-6.324583500000017, 5.106000000000023]",0.31924211201863617,"[-2.3037613404865542, 1.9297875958486088]",12,3,36,10000
gpu,vollkorn,2,text,size_return,12,0,submit_us,master,final,442.7674165,438.198,440.2291665,438.198,3.375000500000027,"[-23.14741649999999, 7.2241664999999955]",0.7784463441155354,"[-5.012103093844333, 1.6715810433686196]",12,3,36,10000
gpu,vollkorn,2,text,size_return,12,0,complete_us,master,final,939.800375,942.769,947.3941665,939.576375,-3.1596665000000144,"[-77.29891649999996, 47.951374999999985]",-0.3817482573493236,"[-7.646709506992838, 5.2101986591598815]",12,3,36,10000
gpu,vollkorn,2,text,size_return,12,0,draw_us,master,pool,272.270708,273.126625,270.8157915,274.241167,6.571249999999992,"[-4.692584000000011, 14.383916999999997]",2.401877490728188,"[-1.7200489569232258, 5.453995966410908]",12,3,36,10000
gpu,vollkorn,2,text,size_return,12,0,submit_us,master,pool,442.7674165,439.35429150000004,440.2291665,444.715375,3.354375000000033,"[-13.540125000000018, 11.89745849999997]",0.7535823280810927,"[-2.9668985057202835, 2.746449794223571]",12,3,36,10000
gpu,vollkorn,2,text,size_return,12,0,complete_us,master,pool,939.800375,949.600792,947.3941665,947.045167,-18.316083500000047,"[-69.19941649999998, 29.74645849999996]",-2.218729135819414,"[-6.681499361911259, 3.113105431176555]",12,3,36,10000
gpu,vollkorn,2,text,size_return,12,0,draw_us,current,final,270.1771665,270.06245850000005,270.9149165,271.090125,1.1094584999999881,"[-5.782957999999979, 10.154374999999987]",0.4219583215589684,"[-2.0732602626277687, 3.876133843553864]",12,3,36,10000
gpu,vollkorn,2,text,size_return,12,0,submit_us,current,final,441.76566649999995,438.198,441.8802915,438.198,0.06604149999998299,"[-8.887167000000005, 8.614541500000001]",0.01728225693133356,"[-1.966288868317656, 2.016844928488226]",12,3,36,10000
gpu,vollkorn,2,text,size_return,12,0,complete_us,current,final,926.6562085,942.769,926.6562085,939.576375,21.38704150000001,"[-63.71537450000005, 84.55550000000005]",2.5443699082338123,"[-6.601838763168089, 9.1988680247727]",12,3,36,10000
gpu,vollkorn,2,text,size_return,12,0,draw_us,current,pool,270.1771665,273.126625,270.9149165,274.241167,6.038083,"[-2.1979165000000194, 13.166458500000005]",2.192735628686271,"[-0.8101211891391069, 4.943823243280576]",12,3,36,10000
gpu,vollkorn,2,text,size_return,12,0,submit_us,current,pool,441.76566649999995,439.35429150000004,441.8802915,444.715375,6.734375,"[-2.590458500000011, 17.883625000000023]",1.5605346828555744,"[-0.5857503207145287, 4.079074126194671]",12,3,36,10000
gpu,vollkorn,2,text,size_return,12,0,complete_us,current,pool,926.6562085,949.600792,926.6562085,947.045167,11.272458500000027,"[-42.326250000000016, 74.49987449999998]",1.1774276063199918,"[-4.4499079419149155, 8.107075492770111]",12,3,36,10000
gpu,vollkorn,2,text,size_return,12,0,draw_us,final,pool,270.06245850000005,273.126625,271.090125,274.241167,-0.4322080000000028,"[-4.529583000000031, 10.748166499999968]",-0.15705679256597938,"[-1.652053447863644, 4.053212778760118]",12,3,36,10000
gpu,vollkorn,2,text,size_return,12,0,submit_us,final,pool,438.198,439.35429150000004,438.198,444.715375,3.0401250000000175,"[-6.165124999999989, 12.531207999999964]",0.6883453567729347,"[-1.4101144926280895, 2.9090980451369486]",12,3,36,10000
gpu,vollkorn,2,text,size_return,12,0,complete_us,final,pool,942.769,949.600792,939.576375,947.045167,9.399541499999998,"[-45.09733349999999, 48.96716649999996]",0.9983413258047302,"[-4.702351190269521, 5.344752683592214]",12,3,36,10000
gpu,vollkorn,2,text,warm,30,0,draw_us,master,current,240.1006,239.44588299999998,239.376317,239.72288350000002,-1.1992499999999922,"[-2.896517000000003, 2.531150499999981]",-0.49914559079645704,"[-1.211409060574492, 1.0697666590089305]",12,3,36,10000
gpu,vollkorn,2,text,warm,30,0,submit_us,master,current,364.6506835,364.709733,363.3874665,365.07705,-0.047250000000019554,"[-6.743150000000014, 5.669516999999985]",-0.012575188287711203,"[-1.8583062738363798, 1.5747814337585764]",12,3,36,10000
gpu,vollkorn,2,text,warm,30,0,complete_us,master,current,633.731867,636.8624665,633.577,645.4494500000001,8.203433000000018,"[-49.704749499999934, 27.199233500000048]",1.3698439081938796,"[-7.279832117325386, 4.347044989331139]",12,3,36,10000
gpu,vollkorn,2,text,warm,30,0,draw_us,master,final,240.1006,245.02921650000002,239.376317,244.50975,7.4957669999999865,"[3.2660000000000053, 10.230666]",3.159538861772826,"[1.3580979737966903, 4.266670435071518]",12,3,36,10000
gpu,vollkorn,2,text,warm,30,0,submit_us,master,final,364.6506835,369.4758835,363.3874665,368.8209,5.956116500000007,"[1.9735500000000172, 13.435449999999975]",1.6471250373905288,"[0.5419135802589792, 3.6917600366184966]",12,3,36,10000
gpu,vollkorn,2,text,warm,30,0,complete_us,master,final,633.731867,640.673633,633.577,640.673633,0.7119494999999461,"[-25.025616000000014, 18.577083500000015]",0.11042117462295442,"[-3.712718152838157, 3.00154158923458]",12,3,36,10000
gpu,vollkorn,2,text,warm,30,0,draw_us,master,pool,240.1006,245.30285,239.376317,244.8819165,6.284716500000002,"[4.297282999999993, 6.779699999999977]",2.6275380193334974,"[1.7970108769263526, 2.875744965168936]",12,3,36,10000
gpu,vollkorn,2,text,warm,30,0,submit_us,master,pool,364.6506835,369.6617665,363.3874665,369.96735,5.756249999999994,"[2.3840664999999888, 7.663199999999989]",1.598510507756512,"[0.6563014560198921, 2.10654269963354]",12,3,36,10000
gpu,vollkorn,2,text,warm,30,0,complete_us,master,pool,633.731867,639.513117,633.577,634.5409999999999,3.2998999999999796,"[-24.110383000000013, 11.220783499999982]",0.5274647111402242,"[-3.524966978938676, 1.7638712347511243]",12,3,36,10000
gpu,vollkorn,2,text,warm,30,0,draw_us,current,final,239.44588299999998,245.02921650000002,239.72288350000002,244.50975,6.242350000000002,"[4.0951835000000045, 10.044416500000011]",2.621849345189664,"[1.705539847521409, 4.199273642937806]",12,3,36,10000
gpu,vollkorn,2,text,warm,30,0,submit_us,current,final,364.709733,369.4758835,365.07705,368.8209,4.814133499999997,"[2.0138500000000192, 13.403483500000021]",1.3202399726159664,"[0.551228002686599, 3.722007418283446]",12,3,36,10000
gpu,vollkorn,2,text,warm,30,0,complete_us,current,final,636.8624665,640.673633,645.4494500000001,640.673633,5.486099500000023,"[-9.27981699999998, 27.781916999999964]",0.8567801174603318,"[-1.4555747982271883, 4.427393562081394]",12,3,36,10000
gpu,vollkorn,2,text,warm,30,0,draw_us,current,pool,239.44588299999998,245.30285,239.72288350000002,244.8819165,7.193799999999996,"[3.706249999999997, 9.179866500000003]",3.0368519615598832,"[1.5383928473592268, 3.8254205318764334]",12,3,36,10000
gpu,vollkorn,2,text,warm,30,0,submit_us,current,pool,364.709733,369.6617665,365.07705,369.96735,6.530666999999994,"[0.2353999999999985, 11.47713300000001]",1.7921185185851396,"[0.06454743925871642, 3.218496104787527]",12,3,36,10000
gpu,vollkorn,2,text,warm,30,0,complete_us,current,pool,636.8624665,639.513117,645.4494500000001,634.5409999999999,-3.0666664999999966,"[-17.978516500000012, 28.697149999999965]",-0.3985616711053186,"[-2.773836765764459, 4.719827717578862]",12,3,36,10000
gpu,vollkorn,2,text,warm,30,0,draw_us,final,pool,245.02921650000002,245.30285,244.50975,244.8819165,-0.9694670000000087,"[-4.2847494999999896, 2.9757834999999915]",-0.39651059865649096,"[-1.709688417428601, 1.2259700613128088]",12,3,36,10000
gpu,vollkorn,2,text,warm,30,0,submit_us,final,pool,369.4758835,369.6617665,368.8209,369.96735,-1.6021834999999953,"[-6.402216999999979, 4.174367000000018]",-0.4351503494311737,"[-1.69505850491653, 1.138240101697019]",12,3,36,10000
gpu,vollkorn,2,text,warm,30,0,complete_us,final,pool,640.673633,639.513117,640.673633,634.5409999999999,-1.6999829999999747,"[-17.768049500000018, 6.922066500000028]",-0.25701937187629365,"[-2.7460948222276684, 1.1077758102480906]",12,3,36,10000
gpu,vollkorn,2,text,x_advance,10,654,draw_us,master,current,867.64595,572.46045,870.2728999999999,575.4458999999999,-290.75205,"[-303.40619999999996, -286.46464999999995]",-33.45092232884525,"[-34.94336125344376, -32.964961110663005]",12,3,36,10000
gpu,vollkorn,2,text,x_advance,10,654,submit_us,master,current,1045.8604500000001,750.49585,1046.2791000000002,755.24585,-291.55830000000003,"[-308.48525, -281.57084999999995]",-27.72490457942972,"[-29.346797728001484, -27.088351819800835]",12,3,36,10000
gpu,vollkorn,2,text,x_advance,10,654,complete_us,master,current,1729.96445,1382.1668,1758.92495,1369.7855,-389.279,"[-449.7290499999999, -299.10429999999997]",-22.283774281223614,"[-25.342278750098313, -17.589157934046703]",12,3,36,10000
gpu,vollkorn,2,text,x_advance,10,654,draw_us,master,final,867.64595,573.4874500000001,870.2728999999999,573.4874500000001,-294.14604999999995,"[-303.7978, -289.15419999999995]",-34.04324748189657,"[-34.72889712486418, -33.55099181509]",12,3,36,10000
gpu,vollkorn,2,text,x_advance,10,654,submit_us,master,final,1045.8604500000001,751.0251499999999,1046.2791000000002,750.6855499999999,-295.90620000000007,"[-305.4333500000001, -284.18945]",-28.233047347532178,"[-28.992507781654346, -27.435045276306532]",12,3,36,10000
gpu,vollkorn,2,text,x_advance,10,654,complete_us,master,final,1729.96445,1354.43755,1758.92495,1347.3792,-385.58304999999984,"[-446.44179999999994, -234.18959999999993]",-22.393056403574963,"[-24.879413475218797, -14.367913577655973]",12,3,36,10000
gpu,vollkorn,2,text,x_advance,10,654,draw_us,master,pool,867.64595,574.57685,870.2728999999999,572.73515,-296.25434999999993,"[-303.40209999999996, -286.65619999999996]",-34.1197492463383,"[-34.85235853093873, -33.07355482098059]",12,3,36,10000
gpu,vollkorn,2,text,x_advance,10,654,submit_us,master,pool,1045.8604500000001,751.5791999999999,1046.2791000000002,750.5998500000001,-296.97505,"[-304.9146, -284.01875]",-28.456802512514635,"[-29.034734663186313, -26.962832948819205]",12,3,36,10000
gpu,vollkorn,2,text,x_advance,10,654,complete_us,master,pool,1729.96445,1358.6853500000002,1758.92495,1358.6853500000002,-376.05179999999984,"[-445.53330000000005, -279.21485000000007]",-21.885677388648247,"[-24.600452380327106, -17.1103253306445]",12,3,36,10000
gpu,vollkorn,2,text,x_advance,10,654,draw_us,current,final,572.46045,573.4874500000001,575.4458999999999,573.4874500000001,1.7813000000000443,"[-14.47724999999997, 14.741649999999993]",0.31682663408574285,"[-2.4846286861285094, 2.6246983722303496]",12,3,36,10000
gpu,vollkorn,2,text,x_advance,10,654,submit_us,current,final,750.49585,751.0251499999999,755.24585,750.6855499999999,0.9041499999999587,"[-18.758350000000007, 17.57699999999994]",0.12158301797756121,"[-2.431481149770426, 2.396467441144612]",12,3,36,10000
gpu,vollkorn,2,text,x_advance,10,654,complete_us,current,final,1382.1668,1354.43755,1369.7855,1347.3792,10.631250000000023,"[-81.80235000000005, 80.9249000000001]",0.7946701554847335,"[-5.820882546436145, 5.326401824049576]",12,3,36,10000
gpu,vollkorn,2,text,x_advance,10,654,draw_us,current,pool,572.46045,574.57685,575.4458999999999,572.73515,-1.8334999999999582,"[-8.987400000000036, 4.32510000000002]",-0.3158052411055101,"[-1.5261964368828207, 0.7681314437734565]",12,3,36,10000
gpu,vollkorn,2,text,x_advance,10,654,submit_us,current,pool,750.49585,751.5791999999999,755.24585,750.5998500000001,-1.158550000000048,"[-13.750049999999987, 4.152150000000006]",-0.1520471157640313,"[-1.7873576284264892, 0.5543671137400841]",12,3,36,10000
gpu,vollkorn,2,text,x_advance,10,654,complete_us,current,pool,1382.1668,1358.6853500000002,1369.7855,1358.6853500000002,-14.916750000000093,"[-87.91875000000005, 18.312450000000126]",-1.0709700749639894,"[-6.130925378184204, 1.4028619693348676]",12,3,36,10000
gpu,vollkorn,2,text,x_advance,10,654,draw_us,final,pool,573.4874500000001,574.57685,573.4874500000001,572.73515,-2.8376499999999965,"[-8.122799999999984, 11.27924999999999]",-0.49534941449596026,"[-1.4184620333158648, 1.9844530522298842]",12,3,36,10000
gpu,vollkorn,2,text,x_advance,10,654,submit_us,final,pool,751.0251499999999,751.5791999999999,750.6855499999999,750.5998500000001,-2.898049999999955,"[-10.430949999999996, 13.77294999999998]",-0.3847354723022556,"[-1.3924951498928917, 1.8424240762768163]",12,3,36,10000
gpu,vollkorn,2,text,x_advance,10,654,complete_us,final,pool,1354.43755,1358.6853500000002,1347.3792,1358.6853500000002,0.7167500000000473,"[-53.97085000000004, 42.85634999999991]",0.05012790163287373,"[-3.9004636642696324, 3.1583363154534916]",12,3,36,10000
gpu,vollkorn,2,text,x_return,10,0,draw_us,master,current,243.19164999999998,243.18965,242.6354,242.29585,-1.7000500000000045,"[-5.960250000000002, 3.795900000000003]",-0.6980091610404859,"[-2.406419024725942, 1.5839117917879952]",12,3,36,10000
gpu,vollkorn,2,text,x_return,10,0,submit_us,master,current,425.52914999999996,425.31870000000004,424.3895,425.45835,0.46450000000001523,"[-13.006200000000007, 8.73320000000001]",0.10941858049380304,"[-3.006767241263031, 2.0796283248350145]",12,3,36,10000
gpu,vollkorn,2,text,x_return,10,0,complete_us,master,current,714.62905,702.3667,697.7354,699.74785,12.558249999999987,"[-42.00835000000001, 28.310450000000003]",1.714206362459536,"[-5.8603627755867524, 4.200908337813425]",12,3,36,10000
gpu,vollkorn,2,text,x_return,10,0,draw_us,master,final,243.19164999999998,245.02695,242.6354,244.85829999999999,2.375099999999989,"[-1.6311999999999927, 3.69165000000001]",0.9838634134874069,"[-0.6560987797915474, 1.5309986763306416]",12,3,36,10000
gpu,vollkorn,2,text,x_return,10,0,submit_us,master,final,425.52914999999996,425.1146,424.3895,425.04364999999996,0.054000000000002046,"[-5.151949999999999, 4.102049999999991]",0.013226894568374448,"[-1.1852813278325103, 0.9711638425164426]",12,3,36,10000
gpu,vollkorn,2,text,x_return,10,0,complete_us,master,final,714.62905,709.00425,697.7354,710.5478499999999,-4.2604500000000485,"[-13.520850000000053, 46.00004999999999]",-0.5838846512546736,"[-1.9334299064106386, 6.925026881827112]",12,3,36,10000
gpu,vollkorn,2,text,x_return,10,0,draw_us,master,pool,243.19164999999998,245.63324999999998,242.6354,246.05205,0.8000499999999988,"[-2.5623999999999967, 7.591899999999995]",0.32629624185294137,"[-1.035410989544533, 3.1604590980144565]",12,3,36,10000
gpu,vollkorn,2,text,x_return,10,0,submit_us,master,pool,425.52914999999996,424.58754999999996,424.3895,424.6,-0.037599999999997635,"[-8.889600000000002, 7.533450000000016]",-0.006946239992766667,"[-2.054949250895821, 1.794788204695208]",12,3,36,10000
gpu,vollkorn,2,text,x_return,10,0,complete_us,master,pool,714.62905,712.67695,697.7354,715.49795,0.595799999999997,"[-32.36645000000004, 61.387549999999976]",0.06962536508798856,"[-4.449274549295251, 9.241946162947]",12,3,36,10000
gpu,vollkorn,2,text,x_return,10,0,draw_us,current,final,243.18965,245.02695,242.29585,244.85829999999999,2.2123499999999865,"[-2.6459000000000117, 5.252200000000016]",0.9138559614853992,"[-1.0701240468240836, 2.1891106138901995]",12,3,36,10000
gpu,vollkorn,2,text,x_return,10,0,submit_us,current,final,425.31870000000004,425.1146,425.45835,425.04364999999996,-0.4105000000000132,"[-9.83544999999998, 9.373099999999994]",-0.09599780494660703,"[-2.2605178224339104, 2.2344973152039205]",12,3,36,10000
gpu,vollkorn,2,text,x_return,10,0,complete_us,current,final,702.3667,709.00425,699.74785,710.5478499999999,14.033349999999928,"[-28.285300000000007, 39.65224999999998]",2.0293471725190138,"[-3.8789917404943477, 5.968051936069996]",12,3,36,10000
gpu,vollkorn,2,text,x_return,10,0,draw_us,current,pool,243.18965,245.63324999999998,242.29585,246.05205,2.2540499999999923,"[1.5499499999999955, 4.61460000000001]",0.9334256082050296,"[0.6308094948106024, 1.9228508954689083]",12,3,36,10000
gpu,vollkorn,2,text,x_return,10,0,submit_us,current,pool,425.31870000000004,424.58754999999996,425.45835,424.6,-0.7040499999999668,"[-6.668599999999969, 4.116600000000005]",-0.16581287491566066,"[-1.526982897265966, 0.9865675873593327]",12,3,36,10000
gpu,vollkorn,2,text,x_return,10,0,complete_us,current,pool,702.3667,712.67695,699.74785,715.49795,13.966549999999984,"[-9.864550000000008, 40.520849999999996]",2.086318414842947,"[-1.3485437889508956, 5.869060596461995]",12,3,36,10000
gpu,vollkorn,2,text,x_return,10,0,draw_us,final,pool,245.02695,245.63324999999998,244.85829999999999,246.05205,0.7438000000000073,"[-1.912549999999996, 3.475200000000015]",0.30435911107054014,"[-0.7805507858084149, 1.429655707795785]",12,3,36,10000
gpu,vollkorn,2,text,x_return,10,0,submit_us,final,pool,425.1146,424.58754999999996,425.04364999999996,424.6,-0.42505000000002724,"[-3.4729999999999848, 4.214800000000025]",-0.10034002602770653,"[-0.8098370709487102, 1.0042689061824817]",12,3,36,10000
gpu,vollkorn,2,text,x_return,10,0,complete_us,final,pool,709.00425,712.67695,710.5478499999999,715.49795,9.46890000000002,"[-28.791549999999972, 20.572850000000017]",1.3260764410832016,"[-4.061983663779644, 2.935486276627697]",12,3,36,10000
gpu,vollkorn,2,text,y_advance,10,0,draw_us,master,current,238.27715,240.3354,238.2374,241.01245,2.785350000000008,"[-2.533399999999986, 6.664600000000007]",1.1727493392456156,"[-1.059314129248884, 2.788489965064178]",12,3,36,10000
gpu,vollkorn,2,text,y_advance,10,0,submit_us,master,current,363.60434999999995,367.20415,364.875,368.50395000000003,5.20010000000002,"[-7.214500000000015, 11.524799999999999]",1.4405544462500197,"[-1.9831162710376826, 3.1707828183620057]",12,3,36,10000
gpu,vollkorn,2,text,y_advance,10,0,complete_us,master,current,667.4331999999999,634.13555,670.38945,632.8313499999999,-41.19995000000006,"[-75.03950000000003, 0.32109999999994443]",-6.182832317480569,"[-10.943680468013302, 0.008948569278338647]",12,3,36,10000
gpu,vollkorn,2,text,y_advance,10,0,draw_us,master,final,238.27715,241.0311,238.2374,240.69795,2.7397499999999866,"[1.0374499999999927, 4.875]",1.1543160856960721,"[0.4336595360114992, 2.065366043889294]",12,3,36,10000
gpu,vollkorn,2,text,y_advance,10,0,submit_us,master,final,363.60434999999995,364.58754999999996,364.875,364.81885,-1.0229499999999803,"[-2.7437500000000057, 6.2541499999999814]",-0.2811632918482354,"[-0.7468554842609665, 1.7390362956250405]",12,3,36,10000
gpu,vollkorn,2,text,y_advance,10,0,complete_us,master,final,667.4331999999999,641.3648499999999,670.38945,639.5169,-36.48505000000006,"[-67.34379999999999, 8.870900000000006]",-5.429198323078078,"[-9.973982216013955, 1.355670951717336]",12,3,36,10000
gpu,vollkorn,2,text,y_advance,10,0,draw_us,master,pool,238.27715,242.09994999999998,238.2374,241.9687,2.6997500000000088,"[1.123100000000008, 5.199999999999989]",1.1325352228956365,"[0.467972807930217, 2.182964881644034]",12,3,36,10000
gpu,vollkorn,2,text,y_advance,10,0,submit_us,master,pool,363.60434999999995,365.94984999999997,364.875,365.90615,0.6375500000000045,"[-2.681149999999974, 3.599950000000007]",0.17556832326339755,"[-0.7371224363824869, 0.9966793033083787]",12,3,36,10000
gpu,vollkorn,2,text,y_advance,10,0,complete_us,master,pool,667.4331999999999,644.58105,670.38945,645.0749000000001,-22.266650000000027,"[-75.72095000000002, 6.808400000000006]",-3.303490197957798,"[-11.074472774887628, 1.0334809125676636]",12,3,36,10000
gpu,vollkorn,2,text,y_advance,10,0,draw_us,current,final,240.3354,241.0311,241.01245,240.69795,0.46875,"[-3.6335499999999854, 3.4936500000000024]",0.19500133622744054,"[-1.481728855964054, 1.4784867757919873]",12,3,36,10000
gpu,vollkorn,2,text,y_advance,10,0,submit_us,current,final,367.20415,364.58754999999996,368.50395000000003,364.81885,-6.331050000000005,"[-9.735550000000018, 5.118850000000009]",-1.7252902475322962,"[-2.5955218721307904, 1.4275324306349146]",12,3,36,10000
gpu,vollkorn,2,text,y_advance,10,0,complete_us,current,final,634.13555,641.3648499999999,632.8313499999999,639.5169,-9.064649999999972,"[-19.381100000000004, 28.935450000000003]",-1.40619188037307,"[-2.948598899913496, 4.705573127364826]",12,3,36,10000
gpu,vollkorn,2,text,y_advance,10,0,draw_us,current,pool,240.3354,242.09994999999998,241.01245,241.9687,0.950000000000017,"[-2.710499999999996, 3.8001000000000005]",0.38581090114477856,"[-1.1045443524357712, 1.5972768577268925]",12,3,36,10000
gpu,vollkorn,2,text,y_advance,10,0,submit_us,current,pool,367.20415,365.94984999999997,368.50395000000003,365.90615,-3.237450000000024,"[-11.214700000000022, 4.968750000000028]",-0.8780124127544808,"[-2.988070119308661, 1.383320491123452]",12,3,36,10000
gpu,vollkorn,2,text,y_advance,10,0,complete_us,current,pool,634.13555,644.58105,632.8313499999999,645.0749000000001,4.706650000000025,"[-26.837549999999965, 29.585050000000024]",0.7220972355601041,"[-4.223117553875771, 4.7138792143164965]",12,3,36,10000
gpu,vollkorn,2,text,y_advance,10,0,draw_us,final,pool,241.0311,242.09994999999998,240.69795,241.9687,0.9230499999999893,"[-0.5230499999999836, 2.9622499999999974]",0.38273451450003826,"[-0.21662422009690596, 1.2344220475751233]",12,3,36,10000
gpu,vollkorn,2,text,y_advance,10,0,submit_us,final,pool,364.58754999999996,365.94984999999997,364.81885,365.90615,2.3019499999999766,"[-3.1373999999999853, 4.818700000000007]",0.6308741855757138,"[-0.8573512009659279, 1.3286140540068603]",12,3,36,10000
gpu,vollkorn,2,text,y_advance,10,0,complete_us,final,pool,641.3648499999999,644.58105,639.5169,645.0749000000001,5.854250000000036,"[-3.5229499999999803, 16.701999999999998]",0.9283088192011957,"[-0.5505345979625098, 2.638361139186496]",12,3,36,10000
