backend,font,dpi,scene,phase,metric,frames,reference_version,candidate_version,block,reference_process_median_us,candidate_process_median_us,paired_savings_us
cpu,BabelStoneHan,2,demo,first_paint,complete_us,1,master,final,1,1953.458,1934.042,19.416000000000167
cpu,BabelStoneHan,2,demo,first_paint,complete_us,1,master,final,2,1895.25,1871.291,23.95900000000006
cpu,BabelStoneHan,2,demo,first_paint,complete_us,1,master,final,3,1900.417,1879.625,20.791999999999916
cpu,BabelStoneHan,2,demo,first_paint,complete_us,1,master,final,4,1879.791,1869.916,9.875
cpu,BabelStoneHan,2,demo,first_paint,complete_us,1,master,final,5,1908.542,1879.625,28.916999999999916
cpu,BabelStoneHan,2,demo,first_paint,complete_us,1,master,final,6,1891.708,1876.625,15.083000000000084
cpu,BabelStoneHan,2,demo,first_paint,complete_us,1,master,final,7,1869.334,1843.459,25.875
cpu,BabelStoneHan,2,demo,first_paint,complete_us,1,master,final,8,1841.042,1857.416,-16.374000000000024
cpu,BabelStoneHan,2,demo,first_paint,complete_us,1,master,final,9,1818.25,1883.125,-64.875
cpu,BabelStoneHan,2,demo,first_paint,complete_us,1,master,final,10,1848.958,1842.333,6.625
cpu,BabelStoneHan,2,demo,first_paint,complete_us,1,master,final,11,2047.584,2044.667,2.9170000000001437
cpu,BabelStoneHan,2,demo,first_paint,complete_us,1,master,final,12,1935.25,1997.958,-62.708000000000084
cpu,BabelStoneHan,2,demo,first_paint,draw_us,1,master,final,1,1950.75,1930.834,19.91599999999994
cpu,BabelStoneHan,2,demo,first_paint,draw_us,1,master,final,2,1892.125,1868.958,23.166999999999916
cpu,BabelStoneHan,2,demo,first_paint,draw_us,1,master,final,3,1898.083,1877.042,21.041000000000167
cpu,BabelStoneHan,2,demo,first_paint,draw_us,1,master,final,4,1877.5,1867.458,10.041999999999916
cpu,BabelStoneHan,2,demo,first_paint,draw_us,1,master,final,5,1904.792,1877.0,27.791999999999916
cpu,BabelStoneHan,2,demo,first_paint,draw_us,1,master,final,6,1889.166,1874.042,15.124000000000024
cpu,BabelStoneHan,2,demo,first_paint,draw_us,1,master,final,7,1866.5,1841.167,25.333000000000084
cpu,BabelStoneHan,2,demo,first_paint,draw_us,1,master,final,8,1838.834,1854.625,-15.79099999999994
cpu,BabelStoneHan,2,demo,first_paint,draw_us,1,master,final,9,1815.542,1880.5,-64.95800000000008
cpu,BabelStoneHan,2,demo,first_paint,draw_us,1,master,final,10,1846.125,1839.917,6.208000000000084
cpu,BabelStoneHan,2,demo,first_paint,draw_us,1,master,final,11,2044.459,2041.083,3.3759999999999764
cpu,BabelStoneHan,2,demo,first_paint,draw_us,1,master,final,12,1932.167,1994.792,-62.625
cpu,BabelStoneHan,2,demo,first_paint,submit_us,1,master,final,1,1953.458,1934.042,19.416000000000167
cpu,BabelStoneHan,2,demo,first_paint,submit_us,1,master,final,2,1895.25,1871.25,24.0
cpu,BabelStoneHan,2,demo,first_paint,submit_us,1,master,final,3,1900.375,1879.583,20.791999999999916
cpu,BabelStoneHan,2,demo,first_paint,submit_us,1,master,final,4,1879.75,1869.875,9.875
cpu,BabelStoneHan,2,demo,first_paint,submit_us,1,master,final,5,1908.5,1879.625,28.875
cpu,BabelStoneHan,2,demo,first_paint,submit_us,1,master,final,6,1891.666,1876.625,15.04099999999994
cpu,BabelStoneHan,2,demo,first_paint,submit_us,1,master,final,7,1869.292,1843.417,25.875
cpu,BabelStoneHan,2,demo,first_paint,submit_us,1,master,final,8,1841.042,1857.375,-16.333000000000084
cpu,BabelStoneHan,2,demo,first_paint,submit_us,1,master,final,9,1818.209,1883.083,-64.87400000000002
cpu,BabelStoneHan,2,demo,first_paint,submit_us,1,master,final,10,1848.958,1842.333,6.625
cpu,BabelStoneHan,2,demo,first_paint,submit_us,1,master,final,11,2047.584,2044.667,2.9170000000001437
cpu,BabelStoneHan,2,demo,first_paint,submit_us,1,master,final,12,1935.208,1997.917,-62.70899999999983
cpu,BabelStoneHan,2,demo,pan,complete_us,10,master,final,1,217.0084,216.2417,0.766699999999986
cpu,BabelStoneHan,2,demo,pan,complete_us,10,master,final,2,209.8543,213.4667,-3.612400000000008
cpu,BabelStoneHan,2,demo,pan,complete_us,10,master,final,3,211.4874,210.4875,0.9998999999999967
cpu,BabelStoneHan,2,demo,pan,complete_us,10,master,final,4,208.0,209.046,-1.0459999999999923
cpu,BabelStoneHan,2,demo,pan,complete_us,10,master,final,5,210.6667,217.3708,-6.704100000000011
cpu,BabelStoneHan,2,demo,pan,complete_us,10,master,final,6,207.8042,213.4083,-5.604099999999988
cpu,BabelStoneHan,2,demo,pan,complete_us,10,master,final,7,207.875,210.8001,-2.9250999999999863
cpu,BabelStoneHan,2,demo,pan,complete_us,10,master,final,8,207.2959,209.15,-1.8541000000000167
cpu,BabelStoneHan,2,demo,pan,complete_us,10,master,final,9,207.3,208.9792,-1.6791999999999803
cpu,BabelStoneHan,2,demo,pan,complete_us,10,master,final,10,207.6833,209.4376,-1.7543000000000006
cpu,BabelStoneHan,2,demo,pan,complete_us,10,master,final,11,222.3292,220.4624,1.8667999999999836
cpu,BabelStoneHan,2,demo,pan,complete_us,10,master,final,12,214.2459,221.4709,-7.224999999999994
cpu,BabelStoneHan,2,demo,pan,draw_us,10,master,final,1,215.1792,214.3291,0.8500999999999976
cpu,BabelStoneHan,2,demo,pan,draw_us,10,master,final,2,208.1002,211.7208,-3.620599999999996
cpu,BabelStoneHan,2,demo,pan,draw_us,10,master,final,3,209.7833,208.7124,1.0708999999999946
cpu,BabelStoneHan,2,demo,pan,draw_us,10,master,final,4,206.2377,207.3959,-1.158200000000022
cpu,BabelStoneHan,2,demo,pan,draw_us,10,master,final,5,208.8793,215.6292,-6.749899999999997
cpu,BabelStoneHan,2,demo,pan,draw_us,10,master,final,6,206.0584,211.6041,-5.545699999999982
cpu,BabelStoneHan,2,demo,pan,draw_us,10,master,final,7,206.1709,209.0542,-2.8833000000000197
cpu,BabelStoneHan,2,demo,pan,draw_us,10,master,final,8,205.6082,207.4833,-1.8751000000000033
cpu,BabelStoneHan,2,demo,pan,draw_us,10,master,final,9,205.6292,207.2082,-1.5790000000000077
cpu,BabelStoneHan,2,demo,pan,draw_us,10,master,final,10,205.9543,207.7125,-1.7582000000000164
cpu,BabelStoneHan,2,demo,pan,draw_us,10,master,final,11,220.2958,218.5455,1.75030000000001
cpu,BabelStoneHan,2,demo,pan,draw_us,10,master,final,12,212.5043,219.7002,-7.195899999999995
cpu,BabelStoneHan,2,demo,pan,submit_us,10,master,final,1,216.9959,216.2209,0.7750000000000057
cpu,BabelStoneHan,2,demo,pan,submit_us,10,master,final,2,209.8336,213.45,-3.6163999999999987
cpu,BabelStoneHan,2,demo,pan,submit_us,10,master,final,3,211.4624,210.4666,0.9958000000000027
cpu,BabelStoneHan,2,demo,pan,submit_us,10,master,final,4,207.9791,209.025,-1.0459000000000174
cpu,BabelStoneHan,2,demo,pan,submit_us,10,master,final,5,210.6458,217.3584,-6.712599999999981
cpu,BabelStoneHan,2,demo,pan,submit_us,10,master,final,6,207.7792,213.3835,-5.604299999999995
cpu,BabelStoneHan,2,demo,pan,submit_us,10,master,final,7,207.8499,210.7834,-2.9335000000000093
cpu,BabelStoneHan,2,demo,pan,submit_us,10,master,final,8,207.271,209.1208,-1.849800000000016
cpu,BabelStoneHan,2,demo,pan,submit_us,10,master,final,9,207.2874,208.9624,-1.6750000000000114
cpu,BabelStoneHan,2,demo,pan,submit_us,10,master,final,10,207.6709,209.4168,-1.745900000000006
cpu,BabelStoneHan,2,demo,pan,submit_us,10,master,final,11,222.2916,220.4457,1.8459000000000003
cpu,BabelStoneHan,2,demo,pan,submit_us,10,master,final,12,214.2334,221.4501,-7.216700000000003
cpu,BabelStoneHan,2,demo,reported_sequence,complete_us,65,master,final,1,46252.290014,45619.750014,632.5400000000009
cpu,BabelStoneHan,2,demo,reported_sequence,complete_us,65,master,final,2,46876.501006,45284.622992000004,1591.8780139999944
cpu,BabelStoneHan,2,demo,reported_sequence,complete_us,65,master,final,3,45893.628008,44787.243014,1106.384994
cpu,BabelStoneHan,2,demo,reported_sequence,complete_us,65,master,final,4,44552.287996,44222.330986,329.95700999999826
cpu,BabelStoneHan,2,demo,reported_sequence,complete_us,65,master,final,5,46558.332996,45581.956990000006,976.3760059999913
cpu,BabelStoneHan,2,demo,reported_sequence,complete_us,65,master,final,6,44553.95299,44714.70599,-160.75300000000425
cpu,BabelStoneHan,2,demo,reported_sequence,complete_us,65,master,final,7,44629.423006000005,44423.416006,206.00700000000506
cpu,BabelStoneHan,2,demo,reported_sequence,complete_us,65,master,final,8,43887.749986,44260.626,-372.87601399999403
cpu,BabelStoneHan,2,demo,reported_sequence,complete_us,65,master,final,9,44360.999986,44392.921982,-31.921995999997307
cpu,BabelStoneHan,2,demo,reported_sequence,complete_us,65,master,final,10,44477.32901,43952.91401,524.4150000000009
cpu,BabelStoneHan,2,demo,reported_sequence,complete_us,65,master,final,11,65883.12099,48339.96,17543.160989999997
cpu,BabelStoneHan,2,demo,reported_sequence,complete_us,65,master,final,12,46188.459001999996,47158.375006,-969.9160040000061
cpu,BabelStoneHan,2,demo,reported_sequence,draw_us,65,master,final,1,46147.789996,45515.915992,631.8740039999975
cpu,BabelStoneHan,2,demo,reported_sequence,draw_us,65,master,final,2,46760.667996000004,45181.620994,1579.0470020000066
cpu,BabelStoneHan,2,demo,reported_sequence,draw_us,65,master,final,3,45789.53901,44687.245004000004,1102.2940059999964
cpu,BabelStoneHan,2,demo,reported_sequence,draw_us,65,master,final,4,44447.917010000005,44118.62401,329.2930000000051
cpu,BabelStoneHan,2,demo,reported_sequence,draw_us,65,master,final,5,46437.08799,45484.791986,952.2960040000034
cpu,BabelStoneHan,2,demo,reported_sequence,draw_us,65,master,final,6,44455.16501,44615.41301,-160.2479999999996
cpu,BabelStoneHan,2,demo,reported_sequence,draw_us,65,master,final,7,44527.626008,44320.500004,207.12600399999792
cpu,BabelStoneHan,2,demo,reported_sequence,draw_us,65,master,final,8,43786.872996,44164.666,-377.7930039999992
cpu,BabelStoneHan,2,demo,reported_sequence,draw_us,65,master,final,9,44257.74799,44287.414004,-29.666013999994902
cpu,BabelStoneHan,2,demo,reported_sequence,draw_us,65,master,final,10,44380.080006,43858.167018,521.9129879999964
cpu,BabelStoneHan,2,demo,reported_sequence,draw_us,65,master,final,11,65673.95500999999,48205.377002,17468.57800799999
cpu,BabelStoneHan,2,demo,reported_sequence,draw_us,65,master,final,12,46082.79501,47044.83401,-962.038999999997
cpu,BabelStoneHan,2,demo,reported_sequence,submit_us,65,master,final,1,46251.037986,45618.329004,632.7089820000037
cpu,BabelStoneHan,2,demo,reported_sequence,submit_us,65,master,final,2,46874.95801,45283.413014,1591.5449960000042
cpu,BabelStoneHan,2,demo,reported_sequence,submit_us,65,master,final,3,45892.328989999995,44785.783006,1106.5459839999967
cpu,BabelStoneHan,2,demo,reported_sequence,submit_us,65,master,final,4,44550.911009999996,44220.917994,329.9930159999931
cpu,BabelStoneHan,2,demo,reported_sequence,submit_us,65,master,final,5,46556.79199,45580.622,976.1699899999949
cpu,BabelStoneHan,2,demo,reported_sequence,submit_us,65,master,final,6,44552.70199,44713.32299,-160.62099999999919
cpu,BabelStoneHan,2,demo,reported_sequence,submit_us,65,master,final,7,44627.710004,44422.041008,205.66899600000033
cpu,BabelStoneHan,2,demo,reported_sequence,submit_us,65,master,final,8,43886.166986000004,44259.210006,-373.04301999999734
cpu,BabelStoneHan,2,demo,reported_sequence,submit_us,65,master,final,9,44359.831002,44391.417008000004,-31.586006000005
cpu,BabelStoneHan,2,demo,reported_sequence,submit_us,65,master,final,10,44475.99400200001,43951.66699,524.3270120000088
cpu,BabelStoneHan,2,demo,reported_sequence,submit_us,65,master,final,11,65881.412,48338.583982000004,17542.828017999993
cpu,BabelStoneHan,2,demo,reported_sequence,submit_us,65,master,final,12,46186.873002,47156.91601,-970.0430080000006
cpu,BabelStoneHan,2,demo,warm,complete_us,30,master,final,1,214.1668,212.606867,1.559933000000001
cpu,BabelStoneHan,2,demo,warm,complete_us,30,master,final,2,212.389,207.1542,5.234800000000007
cpu,BabelStoneHan,2,demo,warm,complete_us,30,master,final,3,208.7667,213.068067,-4.3013670000000275
cpu,BabelStoneHan,2,demo,warm,complete_us,30,master,final,4,206.7666,207.9112,-1.144599999999997
cpu,BabelStoneHan,2,demo,warm,complete_us,30,master,final,5,219.8875,212.265333,7.62216699999999
cpu,BabelStoneHan,2,demo,warm,complete_us,30,master,final,6,204.849933,208.112533,-3.2626000000000204
cpu,BabelStoneHan,2,demo,warm,complete_us,30,master,final,7,206.233367,209.723567,-3.4902000000000157
cpu,BabelStoneHan,2,demo,warm,complete_us,30,master,final,8,205.068033,205.4903,-0.42226699999997663
cpu,BabelStoneHan,2,demo,warm,complete_us,30,master,final,9,206.4987,208.498633,-1.9999329999999986
cpu,BabelStoneHan,2,demo,warm,complete_us,30,master,final,10,204.781833,205.916833,-1.134999999999991
cpu,BabelStoneHan,2,demo,warm,complete_us,30,master,final,11,223.140267,221.834667,1.3055999999999983
cpu,BabelStoneHan,2,demo,warm,complete_us,30,master,final,12,211.3833,219.619367,-8.23606700000002
cpu,BabelStoneHan,2,demo,warm,draw_us,30,master,final,1,212.4641,210.9194,1.544700000000006
cpu,BabelStoneHan,2,demo,warm,draw_us,30,master,final,2,210.740367,205.492933,5.247433999999998
cpu,BabelStoneHan,2,demo,warm,draw_us,30,master,final,3,207.151267,211.447233,-4.295966000000021
cpu,BabelStoneHan,2,demo,warm,draw_us,30,master,final,4,205.061067,206.175033,-1.113966000000005
cpu,BabelStoneHan,2,demo,warm,draw_us,30,master,final,5,218.176367,210.695833,7.480534000000006
cpu,BabelStoneHan,2,demo,warm,draw_us,30,master,final,6,203.249967,206.508367,-3.2583999999999946
cpu,BabelStoneHan,2,demo,warm,draw_us,30,master,final,7,204.6417,207.9944,-3.352700000000027
cpu,BabelStoneHan,2,demo,warm,draw_us,30,master,final,8,203.4069,203.8028,-0.39589999999998327
cpu,BabelStoneHan,2,demo,warm,draw_us,30,master,final,9,204.811133,206.8222,-2.011066999999997
cpu,BabelStoneHan,2,demo,warm,draw_us,30,master,final,10,203.209667,204.338933,-1.1292660000000012
cpu,BabelStoneHan,2,demo,warm,draw_us,30,master,final,11,221.331933,219.7972,1.5347329999999886
cpu,BabelStoneHan,2,demo,warm,draw_us,30,master,final,12,209.7236,217.8069,-8.083300000000008
cpu,BabelStoneHan,2,demo,warm,submit_us,30,master,final,1,214.148833,212.5846,1.5642330000000015
cpu,BabelStoneHan,2,demo,warm,submit_us,30,master,final,2,212.3668,207.130467,5.236333000000002
cpu,BabelStoneHan,2,demo,warm,submit_us,30,master,final,3,208.747133,213.055533,-4.308400000000006
cpu,BabelStoneHan,2,demo,warm,submit_us,30,master,final,4,206.748467,207.888933,-1.1404660000000035
cpu,BabelStoneHan,2,demo,warm,submit_us,30,master,final,5,219.858333,212.2403,7.618032999999997
cpu,BabelStoneHan,2,demo,warm,submit_us,30,master,final,6,204.829033,208.090133,-3.261099999999999
cpu,BabelStoneHan,2,demo,warm,submit_us,30,master,final,7,206.213967,209.695767,-3.4817999999999927
cpu,BabelStoneHan,2,demo,warm,submit_us,30,master,final,8,205.049933,205.465233,-0.415300000000002
cpu,BabelStoneHan,2,demo,warm,submit_us,30,master,final,9,206.475033,208.4708,-1.9957670000000007
cpu,BabelStoneHan,2,demo,warm,submit_us,30,master,final,10,204.761,205.891733,-1.1307329999999922
cpu,BabelStoneHan,2,demo,warm,submit_us,30,master,final,11,223.1264,221.815233,1.3111669999999833
cpu,BabelStoneHan,2,demo,warm,submit_us,30,master,final,12,211.3583,219.602667,-8.244366999999983
cpu,BabelStoneHan,2,demo,zoom_in,complete_us,12,master,final,1,1804.076167,1783.604167,20.47199999999998
cpu,BabelStoneHan,2,demo,zoom_in,complete_us,12,master,final,2,1841.39225,1796.850583,44.54166700000019
cpu,BabelStoneHan,2,demo,zoom_in,complete_us,12,master,final,3,1800.323167,1759.31575,41.00741700000003
cpu,BabelStoneHan,2,demo,zoom_in,complete_us,12,master,final,4,1753.29175,1730.302167,22.98958300000004
cpu,BabelStoneHan,2,demo,zoom_in,complete_us,12,master,final,5,1862.729,1785.9445,76.78449999999998
cpu,BabelStoneHan,2,demo,zoom_in,complete_us,12,master,final,6,1757.163083,1760.20475,-3.0416670000001886
cpu,BabelStoneHan,2,demo,zoom_in,complete_us,12,master,final,7,1753.277583,1736.41325,16.864332999999988
cpu,BabelStoneHan,2,demo,zoom_in,complete_us,12,master,final,8,1730.48975,1726.034667,4.455083000000059
cpu,BabelStoneHan,2,demo,zoom_in,complete_us,12,master,final,9,1742.271167,1747.941083,-5.66991599999983
cpu,BabelStoneHan,2,demo,zoom_in,complete_us,12,master,final,10,1747.149167,1732.920167,14.229000000000042
cpu,BabelStoneHan,2,demo,zoom_in,complete_us,12,master,final,11,2008.4755,1885.350667,123.12483300000008
cpu,BabelStoneHan,2,demo,zoom_in,complete_us,12,master,final,12,1822.697833,1849.309,-26.611167000000023
cpu,BabelStoneHan,2,demo,zoom_in,draw_us,12,master,final,1,1802.819333,1782.329833,20.489499999999907
cpu,BabelStoneHan,2,demo,zoom_in,draw_us,12,master,final,2,1839.892333,1795.541667,44.35066600000005
cpu,BabelStoneHan,2,demo,zoom_in,draw_us,12,master,final,3,1798.896,1758.08325,40.81275000000005
cpu,BabelStoneHan,2,demo,zoom_in,draw_us,12,master,final,4,1752.069417,1729.100667,22.96875
cpu,BabelStoneHan,2,demo,zoom_in,draw_us,12,master,final,5,1860.204917,1784.753417,75.45150000000012
cpu,BabelStoneHan,2,demo,zoom_in,draw_us,12,master,final,6,1755.996417,1759.01025,-3.013832999999977
cpu,BabelStoneHan,2,demo,zoom_in,draw_us,12,master,final,7,1752.048417,1735.173667,16.87474999999995
cpu,BabelStoneHan,2,demo,zoom_in,draw_us,12,master,final,8,1729.23275,1724.861167,4.371582999999873
cpu,BabelStoneHan,2,demo,zoom_in,draw_us,12,master,final,9,1741.069583,1746.6805,-5.610916999999972
cpu,BabelStoneHan,2,demo,zoom_in,draw_us,12,master,final,10,1745.944333,1731.760417,14.183915999999954
cpu,BabelStoneHan,2,demo,zoom_in,draw_us,12,master,final,11,2006.388833,1883.451333,122.9375
cpu,BabelStoneHan,2,demo,zoom_in,draw_us,12,master,final,12,1821.302083,1847.232583,-25.930499999999938
cpu,BabelStoneHan,2,demo,zoom_in,submit_us,12,master,final,1,1804.052083,1783.58325,20.46883300000013
cpu,BabelStoneHan,2,demo,zoom_in,submit_us,12,master,final,2,1841.381833,1796.840167,44.54166599999985
cpu,BabelStoneHan,2,demo,zoom_in,submit_us,12,master,final,3,1800.30925,1759.294833,41.014417000000094
cpu,BabelStoneHan,2,demo,zoom_in,submit_us,12,master,final,4,1753.28125,1730.281417,22.99983300000008
cpu,BabelStoneHan,2,demo,zoom_in,submit_us,12,master,final,5,1862.71175,1785.9305,76.78125
cpu,BabelStoneHan,2,demo,zoom_in,submit_us,12,master,final,6,1757.138833,1760.18375,-3.0449169999999413
cpu,BabelStoneHan,2,demo,zoom_in,submit_us,12,master,final,7,1753.24625,1736.392417,16.853832999999895
cpu,BabelStoneHan,2,demo,zoom_in,submit_us,12,master,final,8,1730.458583,1726.02425,4.4343330000001515
cpu,BabelStoneHan,2,demo,zoom_in,submit_us,12,master,final,9,1742.250167,1747.923667,-5.673500000000104
cpu,BabelStoneHan,2,demo,zoom_in,submit_us,12,master,final,10,1747.124833,1732.89925,14.225583000000142
cpu,BabelStoneHan,2,demo,zoom_in,submit_us,12,master,final,11,2008.454667,1885.326333,123.128334
cpu,BabelStoneHan,2,demo,zoom_in,submit_us,12,master,final,12,1822.670083,1849.288083,-26.617999999999938
cpu,BabelStoneHan,2,demo,zoom_out,complete_us,12,master,final,1,1140.250167,1162.3925,-22.142333000000008
cpu,BabelStoneHan,2,demo,zoom_out,complete_us,12,master,final,2,1171.701333,1124.249833,47.451499999999896
cpu,BabelStoneHan,2,demo,zoom_out,complete_us,12,master,final,3,1162.142167,1114.2815,47.86066699999992
cpu,BabelStoneHan,2,demo,zoom_out,complete_us,12,master,final,4,1113.725583,1102.47575,11.249832999999853
cpu,BabelStoneHan,2,demo,zoom_out,complete_us,12,master,final,5,1131.805583,1137.07625,-5.270667000000003
cpu,BabelStoneHan,2,demo,zoom_out,complete_us,12,master,final,6,1122.795,1113.625,9.170000000000073
cpu,BabelStoneHan,2,demo,zoom_out,complete_us,12,master,final,7,1115.76375,1104.778167,10.985583000000133
cpu,BabelStoneHan,2,demo,zoom_out,complete_us,12,master,final,8,1095.656417,1098.218917,-2.5625
cpu,BabelStoneHan,2,demo,zoom_out,complete_us,12,master,final,9,1102.722083,1100.521083,2.201000000000022
cpu,BabelStoneHan,2,demo,zoom_out,complete_us,12,master,final,10,1108.045083,1093.201333,14.84375
cpu,BabelStoneHan,2,demo,zoom_out,complete_us,12,master,final,11,1230.045083,1207.725667,22.319416000000047
cpu,BabelStoneHan,2,demo,zoom_out,complete_us,12,master,final,12,1164.055583,1189.190833,-25.135250000000042
cpu,BabelStoneHan,2,demo,zoom_out,draw_us,12,master,final,1,1138.92025,1160.868083,-21.947833000000173
cpu,BabelStoneHan,2,demo,zoom_out,draw_us,12,master,final,2,1170.326417,1122.8715,47.45491700000002
cpu,BabelStoneHan,2,demo,zoom_out,draw_us,12,master,final,3,1160.70825,1112.871583,47.83666699999981
cpu,BabelStoneHan,2,demo,zoom_out,draw_us,12,master,final,4,1112.361083,1101.121667,11.23941600000012
cpu,BabelStoneHan,2,demo,zoom_out,draw_us,12,master,final,5,1130.315833,1135.72925,-5.413416999999981
cpu,BabelStoneHan,2,demo,zoom_out,draw_us,12,master,final,6,1121.434083,1112.24625,9.187833000000182
cpu,BabelStoneHan,2,demo,zoom_out,draw_us,12,master,final,7,1114.326167,1103.42375,10.902417000000014
cpu,BabelStoneHan,2,demo,zoom_out,draw_us,12,master,final,8,1094.218833,1096.746667,-2.5278339999999844
cpu,BabelStoneHan,2,demo,zoom_out,draw_us,12,master,final,9,1101.336667,1099.191083,2.145584000000099
cpu,BabelStoneHan,2,demo,zoom_out,draw_us,12,master,final,10,1106.736083,1091.867917,14.868165999999974
cpu,BabelStoneHan,2,demo,zoom_out,draw_us,12,master,final,11,1228.125,1206.0035,22.12149999999997
cpu,BabelStoneHan,2,demo,zoom_out,draw_us,12,master,final,12,1162.684,1187.5695,-24.885500000000093
cpu,BabelStoneHan,2,demo,zoom_out,submit_us,12,master,final,1,1140.222333,1162.368167,-22.14583400000015
cpu,BabelStoneHan,2,demo,zoom_out,submit_us,12,master,final,2,1171.680417,1124.22925,47.45116699999994
cpu,BabelStoneHan,2,demo,zoom_out,submit_us,12,master,final,3,1162.12125,1114.267583,47.85366699999986
cpu,BabelStoneHan,2,demo,zoom_out,submit_us,12,master,final,4,1113.701333,1102.46875,11.232582999999977
cpu,BabelStoneHan,2,demo,zoom_out,submit_us,12,master,final,5,1131.78475,1137.058833,-5.274083000000019
cpu,BabelStoneHan,2,demo,zoom_out,submit_us,12,master,final,6,1122.770667,1113.6075,9.16316699999993
cpu,BabelStoneHan,2,demo,zoom_out,submit_us,12,master,final,7,1115.735917,1104.76075,10.975167000000056
cpu,BabelStoneHan,2,demo,zoom_out,submit_us,12,master,final,8,1095.632,1098.205,-2.5729999999998654
cpu,BabelStoneHan,2,demo,zoom_out,submit_us,12,master,final,9,1102.708083,1100.507167,2.2009160000000065
cpu,BabelStoneHan,2,demo,zoom_out,submit_us,12,master,final,10,1108.027583,1093.1805,14.847083000000111
cpu,BabelStoneHan,2,demo,zoom_out,submit_us,12,master,final,11,1230.013833,1207.6875,22.326332999999977
cpu,BabelStoneHan,2,demo,zoom_out,submit_us,12,master,final,12,1164.04875,1189.166667,-25.117917000000034
cpu,BabelStoneHan,2,font_variations,first_paint,complete_us,1,master,final,1,1076.416,1057.792,18.624000000000024
cpu,BabelStoneHan,2,font_variations,first_paint,complete_us,1,master,final,2,1079.708,1060.625,19.083000000000084
cpu,BabelStoneHan,2,font_variations,first_paint,complete_us,1,master,final,3,1090.584,1037.583,53.000999999999976
cpu,BabelStoneHan,2,font_variations,first_paint,complete_us,1,master,final,4,1102.042,1029.709,72.33299999999986
cpu,BabelStoneHan,2,font_variations,first_paint,complete_us,1,master,final,5,1082.416,1041.041,41.375
cpu,BabelStoneHan,2,font_variations,first_paint,complete_us,1,master,final,6,1086.209,1044.833,41.375999999999976
cpu,BabelStoneHan,2,font_variations,first_paint,complete_us,1,master,final,7,1078.625,1030.834,47.79099999999994
cpu,BabelStoneHan,2,font_variations,first_paint,complete_us,1,master,final,8,1061.833,1029.208,32.625
cpu,BabelStoneHan,2,font_variations,first_paint,complete_us,1,master,final,9,1076.0,1045.125,30.875
cpu,BabelStoneHan,2,font_variations,first_paint,complete_us,1,master,final,10,1075.25,994.875,80.375
cpu,BabelStoneHan,2,font_variations,first_paint,complete_us,1,master,final,11,1202.417,1128.542,73.875
cpu,BabelStoneHan,2,font_variations,first_paint,complete_us,1,master,final,12,1123.333,1088.583,34.75
cpu,BabelStoneHan,2,font_variations,first_paint,draw_us,1,master,final,1,1076.208,1057.583,18.625
cpu,BabelStoneHan,2,font_variations,first_paint,draw_us,1,master,final,2,1079.333,1060.334,18.999000000000024
cpu,BabelStoneHan,2,font_variations,first_paint,draw_us,1,master,final,3,1090.334,1037.417,52.917000000000144
cpu,BabelStoneHan,2,font_variations,first_paint,draw_us,1,master,final,4,1101.75,1029.459,72.29099999999994
cpu,BabelStoneHan,2,font_variations,first_paint,draw_us,1,master,final,5,1082.041,1040.833,41.207999999999856
cpu,BabelStoneHan,2,font_variations,first_paint,draw_us,1,master,final,6,1085.917,1044.625,41.291999999999916
cpu,BabelStoneHan,2,font_variations,first_paint,draw_us,1,master,final,7,1078.375,1030.542,47.833000000000084
cpu,BabelStoneHan,2,font_variations,first_paint,draw_us,1,master,final,8,1061.666,1028.958,32.707999999999856
cpu,BabelStoneHan,2,font_variations,first_paint,draw_us,1,master,final,9,1075.625,1044.917,30.708000000000084
cpu,BabelStoneHan,2,font_variations,first_paint,draw_us,1,master,final,10,1075.041,994.625,80.41599999999994
cpu,BabelStoneHan,2,font_variations,first_paint,draw_us,1,master,final,11,1201.542,1127.75,73.79199999999992
cpu,BabelStoneHan,2,font_variations,first_paint,draw_us,1,master,final,12,1122.916,1088.291,34.625
cpu,BabelStoneHan,2,font_variations,first_paint,submit_us,1,master,final,1,1076.375,1057.792,18.583000000000084
cpu,BabelStoneHan,2,font_variations,first_paint,submit_us,1,master,final,2,1079.666,1060.625,19.04099999999994
cpu,BabelStoneHan,2,font_variations,first_paint,submit_us,1,master,final,3,1090.542,1037.542,53.0
cpu,BabelStoneHan,2,font_variations,first_paint,submit_us,1,master,final,4,1102.0,1029.709,72.29099999999994
cpu,BabelStoneHan,2,font_variations,first_paint,submit_us,1,master,final,5,1082.416,1041.041,41.375
cpu,BabelStoneHan,2,font_variations,first_paint,submit_us,1,master,final,6,1086.209,1044.833,41.375999999999976
cpu,BabelStoneHan,2,font_variations,first_paint,submit_us,1,master,final,7,1078.625,1030.792,47.833000000000084
cpu,BabelStoneHan,2,font_variations,first_paint,submit_us,1,master,final,8,1061.833,1029.167,32.66600000000017
cpu,BabelStoneHan,2,font_variations,first_paint,submit_us,1,master,final,9,1076.0,1045.125,30.875
cpu,BabelStoneHan,2,font_variations,first_paint,submit_us,1,master,final,10,1075.25,994.833,80.41700000000003
cpu,BabelStoneHan,2,font_variations,first_paint,submit_us,1,master,final,11,1202.375,1128.5,73.875
cpu,BabelStoneHan,2,font_variations,first_paint,submit_us,1,master,final,12,1123.333,1088.541,34.792000000000144
cpu,BabelStoneHan,2,font_variations,reported_sequence,complete_us,63,master,final,1,10793.460002,10610.667986,182.79201599999942
cpu,BabelStoneHan,2,font_variations,reported_sequence,complete_us,63,master,final,2,11042.339,10534.58301,507.75598999999966
cpu,BabelStoneHan,2,font_variations,reported_sequence,complete_us,63,master,final,3,10743.668002,10385.749007999999,357.9189940000015
cpu,BabelStoneHan,2,font_variations,reported_sequence,complete_us,63,master,final,4,10646.666994,10429.500992,217.16600199999993
cpu,BabelStoneHan,2,font_variations,reported_sequence,complete_us,63,master,final,5,10898.037008000001,10581.878986,316.15802200000144
cpu,BabelStoneHan,2,font_variations,reported_sequence,complete_us,63,master,final,6,10639.207005999999,10585.953988000001,53.25301799999761
cpu,BabelStoneHan,2,font_variations,reported_sequence,complete_us,63,master,final,7,10683.167012,10382.62401,300.54300200000034
cpu,BabelStoneHan,2,font_variations,reported_sequence,complete_us,63,master,final,8,10593.499992,10353.546008,239.95398399999976
cpu,BabelStoneHan,2,font_variations,reported_sequence,complete_us,63,master,final,9,10642.745002,10556.040012,86.70499000000018
cpu,BabelStoneHan,2,font_variations,reported_sequence,complete_us,63,master,final,10,10619.57901,10265.58101,353.9979999999996
cpu,BabelStoneHan,2,font_variations,reported_sequence,complete_us,63,master,final,11,15969.999014,11414.043010000001,4555.956004
cpu,BabelStoneHan,2,font_variations,reported_sequence,complete_us,63,master,final,12,10952.204988,11143.668008,-191.46302000000105
cpu,BabelStoneHan,2,font_variations,reported_sequence,draw_us,63,master,final,1,10786.294,10604.17201,182.12198999999964
cpu,BabelStoneHan,2,font_variations,reported_sequence,draw_us,63,master,final,2,11034.791996,10527.794992,506.99700400000074
cpu,BabelStoneHan,2,font_variations,reported_sequence,draw_us,63,master,final,3,10736.54501,10379.204004,357.34100600000056
cpu,BabelStoneHan,2,font_variations,reported_sequence,draw_us,63,master,final,4,10639.49899,10423.419004000001,216.07998599999883
cpu,BabelStoneHan,2,font_variations,reported_sequence,draw_us,63,master,final,5,10889.668008,10575.211,314.4570080000012
cpu,BabelStoneHan,2,font_variations,reported_sequence,draw_us,63,master,final,6,10632.127014,10579.41799,52.70902399999977
cpu,BabelStoneHan,2,font_variations,reported_sequence,draw_us,63,master,final,7,10675.873991999999,10375.998010000001,299.87598199999775
cpu,BabelStoneHan,2,font_variations,reported_sequence,draw_us,63,master,final,8,10586.87199,10347.12401,239.7479800000001
cpu,BabelStoneHan,2,font_variations,reported_sequence,draw_us,63,master,final,9,10635.706996,10549.32999,86.37700600000062
cpu,BabelStoneHan,2,font_variations,reported_sequence,draw_us,63,master,final,10,10612.915012,10259.168992,353.7460199999987
cpu,BabelStoneHan,2,font_variations,reported_sequence,draw_us,63,master,final,11,15952.873996,11404.99899,4547.875006
cpu,BabelStoneHan,2,font_variations,reported_sequence,draw_us,63,master,final,12,10944.666986,11136.792998,-192.12601200000063
cpu,BabelStoneHan,2,font_variations,reported_sequence,submit_us,63,master,final,1,10792.207989999999,10609.586988000001,182.62100199999804
cpu,BabelStoneHan,2,font_variations,reported_sequence,submit_us,63,master,final,2,11041.127002,10533.336998,507.7900039999986
cpu,BabelStoneHan,2,font_variations,reported_sequence,submit_us,63,master,final,3,10742.291012,10384.455994,357.83501799999976
cpu,BabelStoneHan,2,font_variations,reported_sequence,submit_us,63,master,final,4,10645.582004,10428.417004,217.16499999999905
cpu,BabelStoneHan,2,font_variations,reported_sequence,submit_us,63,master,final,5,10896.37401,10580.587996,315.78601399999934
cpu,BabelStoneHan,2,font_variations,reported_sequence,submit_us,63,master,final,6,10637.836986,10584.581986000001,53.2549999999992
cpu,BabelStoneHan,2,font_variations,reported_sequence,submit_us,63,master,final,7,10681.543994,10381.247998,300.2959959999989
cpu,BabelStoneHan,2,font_variations,reported_sequence,submit_us,63,master,final,8,10592.33499,10352.33301,240.0019799999991
cpu,BabelStoneHan,2,font_variations,reported_sequence,submit_us,63,master,final,9,10641.621000000001,10554.332004,87.28899600000113
cpu,BabelStoneHan,2,font_variations,reported_sequence,submit_us,63,master,final,10,10618.203,10264.248012,353.9549879999995
cpu,BabelStoneHan,2,font_variations,reported_sequence,submit_us,63,master,final,11,15968.663999999999,11412.587988000001,4556.076011999998
cpu,BabelStoneHan,2,font_variations,reported_sequence,submit_us,63,master,final,12,10951.040012000001,11142.334004,-191.29399199999898
cpu,BabelStoneHan,2,font_variations,slant_advance,complete_us,10,master,final,1,478.396,468.5917,9.804300000000012
cpu,BabelStoneHan,2,font_variations,slant_advance,complete_us,10,master,final,2,496.6999,462.2166,34.483299999999986
cpu,BabelStoneHan,2,font_variations,slant_advance,complete_us,10,master,final,3,478.4252,460.0209,18.404300000000035
cpu,BabelStoneHan,2,font_variations,slant_advance,complete_us,10,master,final,4,472.1708,461.4378,10.733000000000004
cpu,BabelStoneHan,2,font_variations,slant_advance,complete_us,10,master,final,5,486.5416,465.2291,21.3125
cpu,BabelStoneHan,2,font_variations,slant_advance,complete_us,10,master,final,6,468.5335,464.3498,4.1836999999999875
cpu,BabelStoneHan,2,font_variations,slant_advance,complete_us,10,master,final,7,474.4792,459.058,15.421199999999999
cpu,BabelStoneHan,2,font_variations,slant_advance,complete_us,10,master,final,8,471.8917,457.2584,14.63330000000002
cpu,BabelStoneHan,2,font_variations,slant_advance,complete_us,10,master,final,9,471.2209,465.1457,6.075199999999995
cpu,BabelStoneHan,2,font_variations,slant_advance,complete_us,10,master,final,10,469.6707,456.6501,13.020600000000002
cpu,BabelStoneHan,2,font_variations,slant_advance,complete_us,10,master,final,11,940.4376,501.0752,439.3624
cpu,BabelStoneHan,2,font_variations,slant_advance,complete_us,10,master,final,12,487.5918,493.5626,-5.970799999999997
cpu,BabelStoneHan,2,font_variations,slant_advance,draw_us,10,master,final,1,478.2543,468.4667,9.787599999999998
cpu,BabelStoneHan,2,font_variations,slant_advance,draw_us,10,master,final,2,496.4959,462.0958,34.40010000000001
cpu,BabelStoneHan,2,font_variations,slant_advance,draw_us,10,master,final,3,478.2835,459.9083,18.375200000000007
cpu,BabelStoneHan,2,font_variations,slant_advance,draw_us,10,master,final,4,472.025,461.3252,10.699799999999982
cpu,BabelStoneHan,2,font_variations,slant_advance,draw_us,10,master,final,5,486.3958,465.0999,21.295900000000017
cpu,BabelStoneHan,2,font_variations,slant_advance,draw_us,10,master,final,6,468.4085,464.2208,4.187700000000007
cpu,BabelStoneHan,2,font_variations,slant_advance,draw_us,10,master,final,7,474.3584,458.9331,15.425299999999993
cpu,BabelStoneHan,2,font_variations,slant_advance,draw_us,10,master,final,8,471.7542,457.1374,14.616800000000012
cpu,BabelStoneHan,2,font_variations,slant_advance,draw_us,10,master,final,9,471.0751,465.0039,6.071200000000033
cpu,BabelStoneHan,2,font_variations,slant_advance,draw_us,10,master,final,10,469.5373,456.5207,13.01660000000004
cpu,BabelStoneHan,2,font_variations,slant_advance,draw_us,10,master,final,11,939.5544,500.9127,438.6417
cpu,BabelStoneHan,2,font_variations,slant_advance,draw_us,10,master,final,12,487.4375,493.4376,-6.000099999999975
cpu,BabelStoneHan,2,font_variations,slant_advance,submit_us,10,master,final,1,478.3794,468.5752,9.80419999999998
cpu,BabelStoneHan,2,font_variations,slant_advance,submit_us,10,master,final,2,496.6626,462.1959,34.4667
cpu,BabelStoneHan,2,font_variations,slant_advance,submit_us,10,master,final,3,478.4126,460.0,18.412599999999998
cpu,BabelStoneHan,2,font_variations,slant_advance,submit_us,10,master,final,4,472.15,461.4211,10.728899999999953
cpu,BabelStoneHan,2,font_variations,slant_advance,submit_us,10,master,final,5,486.5249,465.2125,21.312400000000025
cpu,BabelStoneHan,2,font_variations,slant_advance,submit_us,10,master,final,6,468.5126,464.3208,4.191800000000001
cpu,BabelStoneHan,2,font_variations,slant_advance,submit_us,10,master,final,7,474.4666,459.0372,15.429400000000044
cpu,BabelStoneHan,2,font_variations,slant_advance,submit_us,10,master,final,8,471.8624,457.2375,14.624899999999968
cpu,BabelStoneHan,2,font_variations,slant_advance,submit_us,10,master,final,9,471.1959,465.1124,6.083500000000015
cpu,BabelStoneHan,2,font_variations,slant_advance,submit_us,10,master,final,10,469.6499,456.6292,13.020699999999977
cpu,BabelStoneHan,2,font_variations,slant_advance,submit_us,10,master,final,11,940.4086,501.0502,439.35839999999996
cpu,BabelStoneHan,2,font_variations,slant_advance,submit_us,10,master,final,12,487.5752,493.5417,-5.966499999999996
cpu,BabelStoneHan,2,font_variations,slant_return,complete_us,10,master,final,1,39.6333,39.9543,-0.32100000000000506
cpu,BabelStoneHan,2,font_variations,slant_return,complete_us,10,master,final,2,40.2708,39.4167,0.8541000000000025
cpu,BabelStoneHan,2,font_variations,slant_return,complete_us,10,master,final,3,39.8709,39.6707,0.20020000000000238
cpu,BabelStoneHan,2,font_variations,slant_return,complete_us,10,master,final,4,39.6292,39.0668,0.5623999999999967
cpu,BabelStoneHan,2,font_variations,slant_return,complete_us,10,master,final,5,39.1542,41.1875,-2.033299999999997
cpu,BabelStoneHan,2,font_variations,slant_return,complete_us,10,master,final,6,38.9668,40.1711,-1.2043000000000035
cpu,BabelStoneHan,2,font_variations,slant_return,complete_us,10,master,final,7,41.125,39.2583,1.8667000000000016
cpu,BabelStoneHan,2,font_variations,slant_return,complete_us,10,master,final,8,39.4706,38.6792,0.7913999999999959
cpu,BabelStoneHan,2,font_variations,slant_return,complete_us,10,master,final,9,40.1082,40.8875,-0.7793000000000063
cpu,BabelStoneHan,2,font_variations,slant_return,complete_us,10,master,final,10,39.4376,38.7459,0.6917000000000044
cpu,BabelStoneHan,2,font_variations,slant_return,complete_us,10,master,final,11,47.0541,42.45,4.604099999999995
cpu,BabelStoneHan,2,font_variations,slant_return,complete_us,10,master,final,12,41.1165,41.0623,0.05420000000000158
cpu,BabelStoneHan,2,font_variations,slant_return,draw_us,10,master,final,1,39.5251,39.8625,-0.33739999999999526
cpu,BabelStoneHan,2,font_variations,slant_return,draw_us,10,master,final,2,40.175,39.325,0.8499999999999943
cpu,BabelStoneHan,2,font_variations,slant_return,draw_us,10,master,final,3,39.7668,39.5749,0.19190000000000396
cpu,BabelStoneHan,2,font_variations,slant_return,draw_us,10,master,final,4,39.5042,38.9751,0.5290999999999997
cpu,BabelStoneHan,2,font_variations,slant_return,draw_us,10,master,final,5,39.0457,41.0833,-2.0376000000000047
cpu,BabelStoneHan,2,font_variations,slant_return,draw_us,10,master,final,6,38.8708,40.0668,-1.195999999999998
cpu,BabelStoneHan,2,font_variations,slant_return,draw_us,10,master,final,7,41.0334,39.1582,1.8751999999999995
cpu,BabelStoneHan,2,font_variations,slant_return,draw_us,10,master,final,8,39.3666,38.5876,0.7789999999999964
cpu,BabelStoneHan,2,font_variations,slant_return,draw_us,10,master,final,9,39.9999,40.7999,-0.8000000000000043
cpu,BabelStoneHan,2,font_variations,slant_return,draw_us,10,master,final,10,39.3375,38.65,0.6875
cpu,BabelStoneHan,2,font_variations,slant_return,draw_us,10,master,final,11,46.9541,42.3415,4.612599999999993
cpu,BabelStoneHan,2,font_variations,slant_return,draw_us,10,master,final,12,41.0083,40.9666,0.04169999999999874
cpu,BabelStoneHan,2,font_variations,slant_return,submit_us,10,master,final,1,39.6208,39.9334,-0.3125999999999962
cpu,BabelStoneHan,2,font_variations,slant_return,submit_us,10,master,final,2,40.2541,39.3958,0.8582999999999998
cpu,BabelStoneHan,2,font_variations,slant_return,submit_us,10,master,final,3,39.8499,39.6624,0.1875
cpu,BabelStoneHan,2,font_variations,slant_return,submit_us,10,master,final,4,39.5998,39.0459,0.5538999999999987
cpu,BabelStoneHan,2,font_variations,slant_return,submit_us,10,master,final,5,39.1291,41.1667,-2.0375999999999976
cpu,BabelStoneHan,2,font_variations,slant_return,submit_us,10,master,final,6,38.9543,40.1543,-1.1999999999999957
cpu,BabelStoneHan,2,font_variations,slant_return,submit_us,10,master,final,7,41.1042,39.2376,1.8665999999999983
cpu,BabelStoneHan,2,font_variations,slant_return,submit_us,10,master,final,8,39.4498,38.6708,0.7790000000000035
cpu,BabelStoneHan,2,font_variations,slant_return,submit_us,10,master,final,9,40.0789,40.8624,-0.7835000000000036
cpu,BabelStoneHan,2,font_variations,slant_return,submit_us,10,master,final,10,39.4209,38.725,0.6959000000000017
cpu,BabelStoneHan,2,font_variations,slant_return,submit_us,10,master,final,11,47.0415,42.4251,4.616399999999999
cpu,BabelStoneHan,2,font_variations,slant_return,submit_us,10,master,final,12,41.0956,41.0457,0.049900000000000944
cpu,BabelStoneHan,2,font_variations,warm,complete_us,30,master,final,1,37.188867,39.476533,-2.2876660000000015
cpu,BabelStoneHan,2,font_variations,warm,complete_us,30,master,final,2,37.833367,37.818133,0.015233999999999526
cpu,BabelStoneHan,2,font_variations,warm,complete_us,30,master,final,3,37.483233,37.134767,0.34846600000000194
cpu,BabelStoneHan,2,font_variations,warm,complete_us,30,master,final,4,37.907,38.011,-0.10400000000000631
cpu,BabelStoneHan,2,font_variations,warm,complete_us,30,master,final,5,38.294367,38.570867,-0.27649999999999864
cpu,BabelStoneHan,2,font_variations,warm,complete_us,30,master,final,6,37.8444,37.9598,-0.11540000000000106
cpu,BabelStoneHan,2,font_variations,warm,complete_us,30,master,final,7,36.931967,37.316667,-0.38470000000000226
cpu,BabelStoneHan,2,font_variations,warm,complete_us,30,master,final,8,37.067933,37.163967,-0.09603400000000306
cpu,BabelStoneHan,2,font_variations,warm,complete_us,30,master,final,9,37.462467,37.861133,-0.39866600000000574
cpu,BabelStoneHan,2,font_variations,warm,complete_us,30,master,final,10,37.733267,36.854067,0.8791999999999973
cpu,BabelStoneHan,2,font_variations,warm,complete_us,30,master,final,11,40.006967,39.7389,0.26806700000000205
cpu,BabelStoneHan,2,font_variations,warm,complete_us,30,master,final,12,38.0654,38.8792,-0.8138000000000005
cpu,BabelStoneHan,2,font_variations,warm,draw_us,30,master,final,1,37.098633,39.3904,-2.291767
cpu,BabelStoneHan,2,font_variations,warm,draw_us,30,master,final,2,37.740233,37.727767,0.012466000000003419
cpu,BabelStoneHan,2,font_variations,warm,draw_us,30,master,final,3,37.3875,37.051333,0.3361670000000032
cpu,BabelStoneHan,2,font_variations,warm,draw_us,30,master,final,4,37.808367,37.926367,-0.1180000000000021
cpu,BabelStoneHan,2,font_variations,warm,draw_us,30,master,final,5,38.1958,38.477833,-0.2820329999999984
cpu,BabelStoneHan,2,font_variations,warm,draw_us,30,master,final,6,37.757,37.873633,-0.11663300000000021
cpu,BabelStoneHan,2,font_variations,warm,draw_us,30,master,final,7,36.845833,37.229167,-0.38333399999999784
cpu,BabelStoneHan,2,font_variations,warm,draw_us,30,master,final,8,36.973567,37.079067,-0.10549999999999926
cpu,BabelStoneHan,2,font_variations,warm,draw_us,30,master,final,9,37.3792,37.776367,-0.39716700000000316
cpu,BabelStoneHan,2,font_variations,warm,draw_us,30,master,final,10,37.644367,36.770833,0.8735339999999994
cpu,BabelStoneHan,2,font_variations,warm,draw_us,30,master,final,11,39.9125,39.654167,0.25833300000000037
cpu,BabelStoneHan,2,font_variations,warm,draw_us,30,master,final,12,37.9736,38.791667,-0.8180669999999992
cpu,BabelStoneHan,2,font_variations,warm,submit_us,30,master,final,1,37.1722,39.4556,-2.2834000000000003
cpu,BabelStoneHan,2,font_variations,warm,submit_us,30,master,final,2,37.805667,37.796,0.009667000000000314
cpu,BabelStoneHan,2,font_variations,warm,submit_us,30,master,final,3,37.4596,37.1111,0.34850000000000136
cpu,BabelStoneHan,2,font_variations,warm,submit_us,30,master,final,4,37.8806,37.990167,-0.10956699999999842
cpu,BabelStoneHan,2,font_variations,warm,submit_us,30,master,final,5,38.2694,38.552867,-0.2834670000000017
cpu,BabelStoneHan,2,font_variations,warm,submit_us,30,master,final,6,37.820833,37.9403,-0.11946700000000021
cpu,BabelStoneHan,2,font_variations,warm,submit_us,30,master,final,7,36.9153,37.2944,-0.3791000000000011
cpu,BabelStoneHan,2,font_variations,warm,submit_us,30,master,final,8,37.051267,37.140267,-0.08899999999999864
cpu,BabelStoneHan,2,font_variations,warm,submit_us,30,master,final,9,37.437467,37.844433,-0.40696600000000416
cpu,BabelStoneHan,2,font_variations,warm,submit_us,30,master,final,10,37.7179,36.833167,0.8847329999999971
cpu,BabelStoneHan,2,font_variations,warm,submit_us,30,master,final,11,39.9847,39.719533,0.26516699999999815
cpu,BabelStoneHan,2,font_variations,warm,submit_us,30,master,final,12,38.047333,38.852967,-0.8056339999999977
cpu,BabelStoneHan,2,font_variations,weight_advance,complete_us,6,master,final,1,533.562667,509.777833,23.784834000000046
cpu,BabelStoneHan,2,font_variations,weight_advance,complete_us,6,master,final,2,537.757,504.840333,32.91666699999996
cpu,BabelStoneHan,2,font_variations,weight_advance,complete_us,6,master,final,3,519.395667,499.5765,19.819166999999993
cpu,BabelStoneHan,2,font_variations,weight_advance,complete_us,6,master,final,4,517.402833,503.0345,14.368333000000007
cpu,BabelStoneHan,2,font_variations,weight_advance,complete_us,6,master,final,5,519.326333,511.131833,8.194500000000005
cpu,BabelStoneHan,2,font_variations,weight_advance,complete_us,6,master,final,6,518.284833,520.229333,-1.9444999999999482
cpu,BabelStoneHan,2,font_variations,weight_advance,complete_us,6,master,final,7,521.604,502.708167,18.89583300000004
cpu,BabelStoneHan,2,font_variations,weight_advance,complete_us,6,master,final,8,509.291833,506.076333,3.21550000000002
cpu,BabelStoneHan,2,font_variations,weight_advance,complete_us,6,master,final,9,513.389,507.270833,6.118167000000028
cpu,BabelStoneHan,2,font_variations,weight_advance,complete_us,6,master,final,10,516.666667,494.895667,21.770999999999958
cpu,BabelStoneHan,2,font_variations,weight_advance,complete_us,6,master,final,11,603.715333,563.722333,39.99299999999994
cpu,BabelStoneHan,2,font_variations,weight_advance,complete_us,6,master,final,12,526.354667,534.854167,-8.499500000000012
cpu,BabelStoneHan,2,font_variations,weight_advance,draw_us,6,master,final,1,533.402833,509.618167,23.78466599999996
cpu,BabelStoneHan,2,font_variations,weight_advance,draw_us,6,master,final,2,537.513833,504.687667,32.826166
cpu,BabelStoneHan,2,font_variations,weight_advance,draw_us,6,master,final,3,519.236167,499.430667,19.805499999999995
cpu,BabelStoneHan,2,font_variations,weight_advance,draw_us,6,master,final,4,517.229167,502.909667,14.319499999999948
cpu,BabelStoneHan,2,font_variations,weight_advance,draw_us,6,master,final,5,519.146,510.979333,8.166666999999961
cpu,BabelStoneHan,2,font_variations,weight_advance,draw_us,6,master,final,6,518.097167,520.062667,-1.96550000000002
cpu,BabelStoneHan,2,font_variations,weight_advance,draw_us,6,master,final,7,521.4235,502.555333,18.86816699999997
cpu,BabelStoneHan,2,font_variations,weight_advance,draw_us,6,master,final,8,509.132,505.916667,3.215332999999987
cpu,BabelStoneHan,2,font_variations,weight_advance,draw_us,6,master,final,9,513.2015,507.0975,6.103999999999985
cpu,BabelStoneHan,2,font_variations,weight_advance,draw_us,6,master,final,10,516.507,494.715167,21.79183299999994
cpu,BabelStoneHan,2,font_variations,weight_advance,draw_us,6,master,final,11,603.270833,563.416833,39.85400000000004
cpu,BabelStoneHan,2,font_variations,weight_advance,draw_us,6,master,final,12,526.153,534.555333,-8.402332999999999
cpu,BabelStoneHan,2,font_variations,weight_advance,submit_us,6,master,final,1,533.541667,509.756833,23.78483399999999
cpu,BabelStoneHan,2,font_variations,weight_advance,submit_us,6,master,final,2,537.75,504.8335,32.916499999999985
cpu,BabelStoneHan,2,font_variations,weight_advance,submit_us,6,master,final,3,519.368167,499.5625,19.80566699999997
cpu,BabelStoneHan,2,font_variations,weight_advance,submit_us,6,master,final,4,517.382,503.013667,14.36833299999995
cpu,BabelStoneHan,2,font_variations,weight_advance,submit_us,6,master,final,5,519.305833,511.104333,8.20150000000001
cpu,BabelStoneHan,2,font_variations,weight_advance,submit_us,6,master,final,6,518.270833,520.215333,-1.9444999999999482
cpu,BabelStoneHan,2,font_variations,weight_advance,submit_us,6,master,final,7,521.59,502.687333,18.902667000000008
cpu,BabelStoneHan,2,font_variations,weight_advance,submit_us,6,master,final,8,509.264,506.0555,3.208500000000015
cpu,BabelStoneHan,2,font_variations,weight_advance,submit_us,6,master,final,9,513.361167,507.250167,6.111000000000047
cpu,BabelStoneHan,2,font_variations,weight_advance,submit_us,6,master,final,10,516.652833,494.867833,21.784999999999968
cpu,BabelStoneHan,2,font_variations,weight_advance,submit_us,6,master,final,11,603.701333,563.7015,39.99983299999997
cpu,BabelStoneHan,2,font_variations,weight_advance,submit_us,6,master,final,12,526.319667,534.847333,-8.527666000000067
cpu,BabelStoneHan,2,font_variations,weight_return,complete_us,6,master,final,1,38.840167,39.5835,-0.7433329999999998
cpu,BabelStoneHan,2,font_variations,weight_return,complete_us,6,master,final,2,38.868,39.208333,-0.3403330000000011
cpu,BabelStoneHan,2,font_variations,weight_return,complete_us,6,master,final,3,38.2845,39.055333,-0.7708329999999961
cpu,BabelStoneHan,2,font_variations,weight_return,complete_us,6,master,final,4,37.861167,39.243,-1.3818330000000003
cpu,BabelStoneHan,2,font_variations,weight_return,complete_us,6,master,final,5,39.347,39.6875,-0.3404999999999987
cpu,BabelStoneHan,2,font_variations,weight_return,complete_us,6,master,final,6,37.888833,40.124833,-2.236000000000004
cpu,BabelStoneHan,2,font_variations,weight_return,complete_us,6,master,final,7,38.999667,39.687667,-0.6879999999999953
cpu,BabelStoneHan,2,font_variations,weight_return,complete_us,6,master,final,8,39.291833,37.271,2.020832999999996
cpu,BabelStoneHan,2,font_variations,weight_return,complete_us,6,master,final,9,37.388667,39.965333,-2.576666000000003
cpu,BabelStoneHan,2,font_variations,weight_return,complete_us,6,master,final,10,39.291333,37.993333,1.2980000000000018
cpu,BabelStoneHan,2,font_variations,weight_return,complete_us,6,master,final,11,44.902833,41.882,3.020833000000003
cpu,BabelStoneHan,2,font_variations,weight_return,complete_us,6,master,final,12,39.860833,40.556,-0.6951669999999979
cpu,BabelStoneHan,2,font_variations,weight_return,draw_us,6,master,final,1,38.729167,39.486167,-0.757000000000005
cpu,BabelStoneHan,2,font_variations,weight_return,draw_us,6,master,final,2,38.75,39.118,-0.3680000000000021
cpu,BabelStoneHan,2,font_variations,weight_return,draw_us,6,master,final,3,38.1875,38.965167,-0.777667000000001
cpu,BabelStoneHan,2,font_variations,weight_return,draw_us,6,master,final,4,37.763833,39.145833,-1.382000000000005
cpu,BabelStoneHan,2,font_variations,weight_return,draw_us,6,master,final,5,39.236,39.583333,-0.3473330000000061
cpu,BabelStoneHan,2,font_variations,weight_return,draw_us,6,master,final,6,37.777667,40.041833,-2.264165999999996
cpu,BabelStoneHan,2,font_variations,weight_return,draw_us,6,master,final,7,38.895667,39.590167,-0.6944999999999979
cpu,BabelStoneHan,2,font_variations,weight_return,draw_us,6,master,final,8,39.1945,37.173833,2.020666999999996
cpu,BabelStoneHan,2,font_variations,weight_return,draw_us,6,master,final,9,37.2985,39.882,-2.583500000000001
cpu,BabelStoneHan,2,font_variations,weight_return,draw_us,6,master,final,10,39.201333,37.903,1.2983329999999995
cpu,BabelStoneHan,2,font_variations,weight_return,draw_us,6,master,final,11,44.784667,41.777833,3.006833999999998
cpu,BabelStoneHan,2,font_variations,weight_return,draw_us,6,master,final,12,39.770833,40.458333,-0.6875
cpu,BabelStoneHan,2,font_variations,weight_return,submit_us,6,master,final,1,38.798667,39.548667,-0.75
cpu,BabelStoneHan,2,font_variations,weight_return,submit_us,6,master,final,2,38.847,39.1945,-0.3474999999999966
cpu,BabelStoneHan,2,font_variations,weight_return,submit_us,6,master,final,3,38.270667,39.034667,-0.7639999999999958
cpu,BabelStoneHan,2,font_variations,weight_return,submit_us,6,master,final,4,37.840167,39.215333,-1.375166
cpu,BabelStoneHan,2,font_variations,weight_return,submit_us,6,master,final,5,39.333333,39.666667,-0.3333339999999936
cpu,BabelStoneHan,2,font_variations,weight_return,submit_us,6,master,final,6,37.854333,40.111,-2.256667
cpu,BabelStoneHan,2,font_variations,weight_return,submit_us,6,master,final,7,38.972167,39.666667,-0.6944999999999979
cpu,BabelStoneHan,2,font_variations,weight_return,submit_us,6,master,final,8,39.271167,37.257,2.0141670000000005
cpu,BabelStoneHan,2,font_variations,weight_return,submit_us,6,master,final,9,37.375,39.944333,-2.5693330000000003
cpu,BabelStoneHan,2,font_variations,weight_return,submit_us,6,master,final,10,39.2775,37.9655,1.3120000000000047
cpu,BabelStoneHan,2,font_variations,weight_return,submit_us,6,master,final,11,44.868167,41.868,3.0001669999999976
cpu,BabelStoneHan,2,font_variations,weight_return,submit_us,6,master,final,12,39.854,40.521167,-0.6671669999999992
cpu,BabelStoneHan,2,grid_pollution,hot_first,complete_us,1,master,final,1,301.542,232.417,69.12499999999997
cpu,BabelStoneHan,2,grid_pollution,hot_first,complete_us,1,master,final,2,304.75,238.125,66.625
cpu,BabelStoneHan,2,grid_pollution,hot_first,complete_us,1,master,final,3,323.792,236.75,87.04199999999997
cpu,BabelStoneHan,2,grid_pollution,hot_first,complete_us,1,master,final,4,298.417,232.292,66.12499999999997
cpu,BabelStoneHan,2,grid_pollution,hot_first,complete_us,1,master,final,5,310.208,242.125,68.08300000000003
cpu,BabelStoneHan,2,grid_pollution,hot_first,complete_us,1,master,final,6,293.958,241.292,52.666000000000025
cpu,BabelStoneHan,2,grid_pollution,hot_first,complete_us,1,master,final,7,305.625,241.208,64.417
cpu,BabelStoneHan,2,grid_pollution,hot_first,complete_us,1,master,final,8,297.083,231.042,66.04100000000003
cpu,BabelStoneHan,2,grid_pollution,hot_first,complete_us,1,master,final,9,291.875,233.042,58.833
cpu,BabelStoneHan,2,grid_pollution,hot_first,complete_us,1,master,final,10,308.917,228.541,80.37599999999998
cpu,BabelStoneHan,2,grid_pollution,hot_first,complete_us,1,master,final,11,333.083,265.208,67.875
cpu,BabelStoneHan,2,grid_pollution,hot_first,complete_us,1,master,final,12,313.125,245.667,67.458
cpu,BabelStoneHan,2,grid_pollution,hot_first,draw_us,1,master,final,1,300.208,231.792,68.41600000000003
cpu,BabelStoneHan,2,grid_pollution,hot_first,draw_us,1,master,final,2,304.042,237.417,66.62499999999997
cpu,BabelStoneHan,2,grid_pollution,hot_first,draw_us,1,master,final,3,322.875,236.167,86.708
cpu,BabelStoneHan,2,grid_pollution,hot_first,draw_us,1,master,final,4,297.083,232.0,65.08300000000003
cpu,BabelStoneHan,2,grid_pollution,hot_first,draw_us,1,master,final,5,309.75,241.625,68.125
cpu,BabelStoneHan,2,grid_pollution,hot_first,draw_us,1,master,final,6,293.458,240.625,52.83300000000003
cpu,BabelStoneHan,2,grid_pollution,hot_first,draw_us,1,master,final,7,305.292,240.25,65.04199999999997
cpu,BabelStoneHan,2,grid_pollution,hot_first,draw_us,1,master,final,8,296.416,230.334,66.082
cpu,BabelStoneHan,2,grid_pollution,hot_first,draw_us,1,master,final,9,291.084,232.083,59.001000000000005
cpu,BabelStoneHan,2,grid_pollution,hot_first,draw_us,1,master,final,10,308.333,228.041,80.29200000000003
cpu,BabelStoneHan,2,grid_pollution,hot_first,draw_us,1,master,final,11,332.25,264.417,67.83300000000003
cpu,BabelStoneHan,2,grid_pollution,hot_first,draw_us,1,master,final,12,312.416,245.0,67.416
cpu,BabelStoneHan,2,grid_pollution,hot_first,submit_us,1,master,final,1,301.542,232.375,69.16699999999997
cpu,BabelStoneHan,2,grid_pollution,hot_first,submit_us,1,master,final,2,304.75,238.083,66.667
cpu,BabelStoneHan,2,grid_pollution,hot_first,submit_us,1,master,final,3,323.75,236.709,87.041
cpu,BabelStoneHan,2,grid_pollution,hot_first,submit_us,1,master,final,4,298.375,232.292,66.083
cpu,BabelStoneHan,2,grid_pollution,hot_first,submit_us,1,master,final,5,310.208,242.125,68.08300000000003
cpu,BabelStoneHan,2,grid_pollution,hot_first,submit_us,1,master,final,6,293.916,241.25,52.666
cpu,BabelStoneHan,2,grid_pollution,hot_first,submit_us,1,master,final,7,305.584,241.167,64.417
cpu,BabelStoneHan,2,grid_pollution,hot_first,submit_us,1,master,final,8,297.041,231.0,66.041
cpu,BabelStoneHan,2,grid_pollution,hot_first,submit_us,1,master,final,9,291.834,233.042,58.792
cpu,BabelStoneHan,2,grid_pollution,hot_first,submit_us,1,master,final,10,308.917,228.5,80.41699999999997
cpu,BabelStoneHan,2,grid_pollution,hot_first,submit_us,1,master,final,11,333.083,265.208,67.875
cpu,BabelStoneHan,2,grid_pollution,hot_first,submit_us,1,master,final,12,313.083,245.667,67.41600000000003
cpu,BabelStoneHan,2,grid_pollution,hot_return,complete_us,1,master,final,1,243.292,223.25,20.042
cpu,BabelStoneHan,2,grid_pollution,hot_return,complete_us,1,master,final,2,240.458,232.75,7.707999999999998
cpu,BabelStoneHan,2,grid_pollution,hot_return,complete_us,1,master,final,3,241.375,220.709,20.665999999999997
cpu,BabelStoneHan,2,grid_pollution,hot_return,complete_us,1,master,final,4,224.417,221.25,3.1670000000000016
cpu,BabelStoneHan,2,grid_pollution,hot_return,complete_us,1,master,final,5,232.792,227.0,5.792000000000002
cpu,BabelStoneHan,2,grid_pollution,hot_return,complete_us,1,master,final,6,226.792,227.916,-1.1239999999999952
cpu,BabelStoneHan,2,grid_pollution,hot_return,complete_us,1,master,final,7,238.709,216.0,22.709000000000003
cpu,BabelStoneHan,2,grid_pollution,hot_return,complete_us,1,master,final,8,229.459,220.666,8.793000000000006
cpu,BabelStoneHan,2,grid_pollution,hot_return,complete_us,1,master,final,9,232.125,219.667,12.457999999999998
cpu,BabelStoneHan,2,grid_pollution,hot_return,complete_us,1,master,final,10,223.125,210.75,12.375
cpu,BabelStoneHan,2,grid_pollution,hot_return,complete_us,1,master,final,11,262.667,256.25,6.416999999999973
cpu,BabelStoneHan,2,grid_pollution,hot_return,complete_us,1,master,final,12,240.5,236.667,3.8329999999999984
cpu,BabelStoneHan,2,grid_pollution,hot_return,draw_us,1,master,final,1,243.042,223.166,19.876000000000005
cpu,BabelStoneHan,2,grid_pollution,hot_return,draw_us,1,master,final,2,240.167,232.5,7.667000000000002
cpu,BabelStoneHan,2,grid_pollution,hot_return,draw_us,1,master,final,3,241.083,220.584,20.498999999999995
cpu,BabelStoneHan,2,grid_pollution,hot_return,draw_us,1,master,final,4,224.292,221.125,3.1670000000000016
cpu,BabelStoneHan,2,grid_pollution,hot_return,draw_us,1,master,final,5,232.625,226.916,5.709000000000003
cpu,BabelStoneHan,2,grid_pollution,hot_return,draw_us,1,master,final,6,226.708,227.708,-1.0
cpu,BabelStoneHan,2,grid_pollution,hot_return,draw_us,1,master,final,7,238.584,215.833,22.751000000000005
cpu,BabelStoneHan,2,grid_pollution,hot_return,draw_us,1,master,final,8,229.125,220.5,8.625
cpu,BabelStoneHan,2,grid_pollution,hot_return,draw_us,1,master,final,9,231.958,219.459,12.498999999999995
cpu,BabelStoneHan,2,grid_pollution,hot_return,draw_us,1,master,final,10,222.958,210.625,12.332999999999998
cpu,BabelStoneHan,2,grid_pollution,hot_return,draw_us,1,master,final,11,261.792,255.917,5.874999999999972
cpu,BabelStoneHan,2,grid_pollution,hot_return,draw_us,1,master,final,12,240.083,236.417,3.665999999999997
cpu,BabelStoneHan,2,grid_pollution,hot_return,submit_us,1,master,final,1,243.25,223.25,20.0
cpu,BabelStoneHan,2,grid_pollution,hot_return,submit_us,1,master,final,2,240.417,232.75,7.667000000000002
cpu,BabelStoneHan,2,grid_pollution,hot_return,submit_us,1,master,final,3,241.333,220.709,20.623999999999995
cpu,BabelStoneHan,2,grid_pollution,hot_return,submit_us,1,master,final,4,224.375,221.208,3.1670000000000016
cpu,BabelStoneHan,2,grid_pollution,hot_return,submit_us,1,master,final,5,232.792,227.0,5.792000000000002
cpu,BabelStoneHan,2,grid_pollution,hot_return,submit_us,1,master,final,6,226.792,227.875,-1.0829999999999984
cpu,BabelStoneHan,2,grid_pollution,hot_return,submit_us,1,master,final,7,238.667,215.958,22.709000000000003
cpu,BabelStoneHan,2,grid_pollution,hot_return,submit_us,1,master,final,8,229.417,220.625,8.792000000000002
cpu,BabelStoneHan,2,grid_pollution,hot_return,submit_us,1,master,final,9,232.083,219.667,12.415999999999997
cpu,BabelStoneHan,2,grid_pollution,hot_return,submit_us,1,master,final,10,223.083,210.708,12.375
cpu,BabelStoneHan,2,grid_pollution,hot_return,submit_us,1,master,final,11,262.625,256.208,6.416999999999973
cpu,BabelStoneHan,2,grid_pollution,hot_return,submit_us,1,master,final,12,240.458,236.625,3.8329999999999984
cpu,BabelStoneHan,2,grid_pollution,hot_second,complete_us,1,master,final,1,210.542,154.0,56.542
cpu,BabelStoneHan,2,grid_pollution,hot_second,complete_us,1,master,final,2,210.209,156.25,53.959
cpu,BabelStoneHan,2,grid_pollution,hot_second,complete_us,1,master,final,3,208.375,156.916,51.459
cpu,BabelStoneHan,2,grid_pollution,hot_second,complete_us,1,master,final,4,207.25,156.833,50.417
cpu,BabelStoneHan,2,grid_pollution,hot_second,complete_us,1,master,final,5,200.417,157.0,43.417
cpu,BabelStoneHan,2,grid_pollution,hot_second,complete_us,1,master,final,6,208.125,166.625,41.5
cpu,BabelStoneHan,2,grid_pollution,hot_second,complete_us,1,master,final,7,202.834,159.541,43.293000000000006
cpu,BabelStoneHan,2,grid_pollution,hot_second,complete_us,1,master,final,8,201.083,154.0,47.083
cpu,BabelStoneHan,2,grid_pollution,hot_second,complete_us,1,master,final,9,203.042,155.041,48.001000000000005
cpu,BabelStoneHan,2,grid_pollution,hot_second,complete_us,1,master,final,10,198.625,161.417,37.208
cpu,BabelStoneHan,2,grid_pollution,hot_second,complete_us,1,master,final,11,232.041,185.083,46.958
cpu,BabelStoneHan,2,grid_pollution,hot_second,complete_us,1,master,final,12,216.417,169.834,46.583
cpu,BabelStoneHan,2,grid_pollution,hot_second,draw_us,1,master,final,1,210.417,153.917,56.5
cpu,BabelStoneHan,2,grid_pollution,hot_second,draw_us,1,master,final,2,210.042,156.125,53.917
cpu,BabelStoneHan,2,grid_pollution,hot_second,draw_us,1,master,final,3,208.25,156.833,51.417
cpu,BabelStoneHan,2,grid_pollution,hot_second,draw_us,1,master,final,4,207.167,156.708,50.459
cpu,BabelStoneHan,2,grid_pollution,hot_second,draw_us,1,master,final,5,200.292,156.917,43.375
cpu,BabelStoneHan,2,grid_pollution,hot_second,draw_us,1,master,final,6,208.041,166.542,41.498999999999995
cpu,BabelStoneHan,2,grid_pollution,hot_second,draw_us,1,master,final,7,202.75,159.458,43.292
cpu,BabelStoneHan,2,grid_pollution,hot_second,draw_us,1,master,final,8,201.0,153.875,47.125
cpu,BabelStoneHan,2,grid_pollution,hot_second,draw_us,1,master,final,9,202.959,154.916,48.043000000000006
cpu,BabelStoneHan,2,grid_pollution,hot_second,draw_us,1,master,final,10,198.583,161.333,37.25
cpu,BabelStoneHan,2,grid_pollution,hot_second,draw_us,1,master,final,11,231.708,184.958,46.75
cpu,BabelStoneHan,2,grid_pollution,hot_second,draw_us,1,master,final,12,216.292,169.709,46.583
cpu,BabelStoneHan,2,grid_pollution,hot_second,submit_us,1,master,final,1,210.5,154.0,56.5
cpu,BabelStoneHan,2,grid_pollution,hot_second,submit_us,1,master,final,2,210.167,156.208,53.959
cpu,BabelStoneHan,2,grid_pollution,hot_second,submit_us,1,master,final,3,208.333,156.875,51.458
cpu,BabelStoneHan,2,grid_pollution,hot_second,submit_us,1,master,final,4,207.25,156.792,50.458
cpu,BabelStoneHan,2,grid_pollution,hot_second,submit_us,1,master,final,5,200.375,157.0,43.375
cpu,BabelStoneHan,2,grid_pollution,hot_second,submit_us,1,master,final,6,208.083,166.625,41.458
cpu,BabelStoneHan,2,grid_pollution,hot_second,submit_us,1,master,final,7,202.834,159.541,43.293000000000006
cpu,BabelStoneHan,2,grid_pollution,hot_second,submit_us,1,master,final,8,201.083,154.0,47.083
cpu,BabelStoneHan,2,grid_pollution,hot_second,submit_us,1,master,final,9,203.042,155.041,48.001000000000005
cpu,BabelStoneHan,2,grid_pollution,hot_second,submit_us,1,master,final,10,198.625,161.375,37.25
cpu,BabelStoneHan,2,grid_pollution,hot_second,submit_us,1,master,final,11,232.0,185.083,46.917
cpu,BabelStoneHan,2,grid_pollution,hot_second,submit_us,1,master,final,12,216.417,169.792,46.625
cpu,BabelStoneHan,2,grid_pollution,pollution,complete_us,64,master,final,1,235.666016,232.368516,3.2975000000000136
cpu,BabelStoneHan,2,grid_pollution,pollution,complete_us,64,master,final,2,245.274078,230.201203,15.07287500000001
cpu,BabelStoneHan,2,grid_pollution,pollution,complete_us,64,master,final,3,244.391953,226.12625,18.265703000000002
cpu,BabelStoneHan,2,grid_pollution,pollution,complete_us,64,master,final,4,233.955719,226.163391,7.792327999999998
cpu,BabelStoneHan,2,grid_pollution,pollution,complete_us,64,master,final,5,235.469391,229.335266,6.134125000000012
cpu,BabelStoneHan,2,grid_pollution,pollution,complete_us,64,master,final,6,235.662125,222.690094,12.972031000000015
cpu,BabelStoneHan,2,grid_pollution,pollution,complete_us,64,master,final,7,233.712969,225.287125,8.425843999999984
cpu,BabelStoneHan,2,grid_pollution,pollution,complete_us,64,master,final,8,233.949891,225.792891,8.15700000000001
cpu,BabelStoneHan,2,grid_pollution,pollution,complete_us,64,master,final,9,234.385484,224.663391,9.722093000000001
cpu,BabelStoneHan,2,grid_pollution,pollution,complete_us,64,master,final,10,232.185578,224.591766,7.593811999999986
cpu,BabelStoneHan,2,grid_pollution,pollution,complete_us,64,master,final,11,254.661453,247.430313,7.231139999999982
cpu,BabelStoneHan,2,grid_pollution,pollution,complete_us,64,master,final,12,244.169234,239.971344,4.197890000000001
cpu,BabelStoneHan,2,grid_pollution,pollution,draw_us,64,master,final,1,235.578766,232.29175,3.287015999999994
cpu,BabelStoneHan,2,grid_pollution,pollution,draw_us,64,master,final,2,245.182297,230.114594,15.067702999999995
cpu,BabelStoneHan,2,grid_pollution,pollution,draw_us,64,master,final,3,244.31375,226.050813,18.262936999999994
cpu,BabelStoneHan,2,grid_pollution,pollution,draw_us,64,master,final,4,233.872328,226.084625,7.787703000000022
cpu,BabelStoneHan,2,grid_pollution,pollution,draw_us,64,master,final,5,235.378344,229.250641,6.127702999999997
cpu,BabelStoneHan,2,grid_pollution,pollution,draw_us,64,master,final,6,235.578172,222.606812,12.971360000000004
cpu,BabelStoneHan,2,grid_pollution,pollution,draw_us,64,master,final,7,233.633484,225.208344,8.425139999999999
cpu,BabelStoneHan,2,grid_pollution,pollution,draw_us,64,master,final,8,233.869781,225.714156,8.155624999999986
cpu,BabelStoneHan,2,grid_pollution,pollution,draw_us,64,master,final,9,234.302719,224.586563,9.716155999999984
cpu,BabelStoneHan,2,grid_pollution,pollution,draw_us,64,master,final,10,232.098937,224.514937,7.584000000000003
cpu,BabelStoneHan,2,grid_pollution,pollution,draw_us,64,master,final,11,254.548812,247.294219,7.254593
cpu,BabelStoneHan,2,grid_pollution,pollution,draw_us,64,master,final,12,244.083969,239.887359,4.196609999999993
cpu,BabelStoneHan,2,grid_pollution,pollution,submit_us,64,master,final,1,235.643891,232.346406,3.2974849999999947
cpu,BabelStoneHan,2,grid_pollution,pollution,submit_us,64,master,final,2,245.257156,230.177141,15.080015000000003
cpu,BabelStoneHan,2,grid_pollution,pollution,submit_us,64,master,final,3,244.372406,226.108031,18.264375
cpu,BabelStoneHan,2,grid_pollution,pollution,submit_us,64,master,final,4,233.931609,226.142531,7.789078000000018
cpu,BabelStoneHan,2,grid_pollution,pollution,submit_us,64,master,final,5,235.453828,229.310437,6.14339099999998
cpu,BabelStoneHan,2,grid_pollution,pollution,submit_us,64,master,final,6,235.640687,222.671187,12.96950000000001
cpu,BabelStoneHan,2,grid_pollution,pollution,submit_us,64,master,final,7,233.692125,225.264375,8.427750000000003
cpu,BabelStoneHan,2,grid_pollution,pollution,submit_us,64,master,final,8,233.927687,225.771375,8.156311999999986
cpu,BabelStoneHan,2,grid_pollution,pollution,submit_us,64,master,final,9,234.364594,224.639344,9.725250000000017
cpu,BabelStoneHan,2,grid_pollution,pollution,submit_us,64,master,final,10,232.160812,224.569047,7.591764999999981
cpu,BabelStoneHan,2,grid_pollution,pollution,submit_us,64,master,final,11,254.639969,247.409406,7.230563000000018
cpu,BabelStoneHan,2,grid_pollution,pollution,submit_us,64,master,final,12,244.146438,239.955047,4.191390999999982
cpu,BabelStoneHan,2,grid_singleton,once,complete_us,1,master,final,1,323.416,247.042,76.374
cpu,BabelStoneHan,2,grid_singleton,once,complete_us,1,master,final,2,304.917,252.417,52.49999999999997
cpu,BabelStoneHan,2,grid_singleton,once,complete_us,1,master,final,3,304.667,248.333,56.333999999999975
cpu,BabelStoneHan,2,grid_singleton,once,complete_us,1,master,final,4,301.083,241.875,59.20800000000003
cpu,BabelStoneHan,2,grid_singleton,once,complete_us,1,master,final,5,317.083,236.666,80.41700000000003
cpu,BabelStoneHan,2,grid_singleton,once,complete_us,1,master,final,6,313.041,240.416,72.625
cpu,BabelStoneHan,2,grid_singleton,once,complete_us,1,master,final,7,315.375,244.583,70.792
cpu,BabelStoneHan,2,grid_singleton,once,complete_us,1,master,final,8,297.208,234.125,63.08300000000003
cpu,BabelStoneHan,2,grid_singleton,once,complete_us,1,master,final,9,309.125,250.958,58.167
cpu,BabelStoneHan,2,grid_singleton,once,complete_us,1,master,final,10,311.542,246.75,64.79199999999997
cpu,BabelStoneHan,2,grid_singleton,once,complete_us,1,master,final,11,333.917,265.167,68.75
cpu,BabelStoneHan,2,grid_singleton,once,complete_us,1,master,final,12,320.459,259.584,60.875
cpu,BabelStoneHan,2,grid_singleton,once,draw_us,1,master,final,1,322.625,246.333,76.292
cpu,BabelStoneHan,2,grid_singleton,once,draw_us,1,master,final,2,304.125,251.667,52.458
cpu,BabelStoneHan,2,grid_singleton,once,draw_us,1,master,final,3,303.833,247.5,56.33300000000003
cpu,BabelStoneHan,2,grid_singleton,once,draw_us,1,master,final,4,300.542,241.291,59.250999999999976
cpu,BabelStoneHan,2,grid_singleton,once,draw_us,1,master,final,5,316.208,236.0,80.20800000000003
cpu,BabelStoneHan,2,grid_singleton,once,draw_us,1,master,final,6,312.5,239.75,72.75
cpu,BabelStoneHan,2,grid_singleton,once,draw_us,1,master,final,7,314.958,243.917,71.04100000000003
cpu,BabelStoneHan,2,grid_singleton,once,draw_us,1,master,final,8,296.625,233.083,63.542
cpu,BabelStoneHan,2,grid_singleton,once,draw_us,1,master,final,9,307.875,249.5,58.375
cpu,BabelStoneHan,2,grid_singleton,once,draw_us,1,master,final,10,310.875,245.958,64.917
cpu,BabelStoneHan,2,grid_singleton,once,draw_us,1,master,final,11,332.75,263.5,69.25
cpu,BabelStoneHan,2,grid_singleton,once,draw_us,1,master,final,12,319.625,258.834,60.791
cpu,BabelStoneHan,2,grid_singleton,once,submit_us,1,master,final,1,323.416,247.042,76.374
cpu,BabelStoneHan,2,grid_singleton,once,submit_us,1,master,final,2,304.875,252.375,52.5
cpu,BabelStoneHan,2,grid_singleton,once,submit_us,1,master,final,3,304.625,248.291,56.334
cpu,BabelStoneHan,2,grid_singleton,once,submit_us,1,master,final,4,301.083,241.875,59.20800000000003
cpu,BabelStoneHan,2,grid_singleton,once,submit_us,1,master,final,5,317.041,236.666,80.375
cpu,BabelStoneHan,2,grid_singleton,once,submit_us,1,master,final,6,313.041,240.375,72.666
cpu,BabelStoneHan,2,grid_singleton,once,submit_us,1,master,final,7,315.375,244.542,70.833
cpu,BabelStoneHan,2,grid_singleton,once,submit_us,1,master,final,8,297.208,234.083,63.12500000000003
cpu,BabelStoneHan,2,grid_singleton,once,submit_us,1,master,final,9,309.125,250.958,58.167
cpu,BabelStoneHan,2,grid_singleton,once,submit_us,1,master,final,10,311.5,246.708,64.792
cpu,BabelStoneHan,2,grid_singleton,once,submit_us,1,master,final,11,333.917,265.167,68.75
cpu,BabelStoneHan,2,grid_singleton,once,submit_us,1,master,final,12,320.459,259.584,60.875
cpu,BabelStoneHan,2,grid_two_phases,first,complete_us,1,master,final,1,275.75,207.75,68.0
cpu,BabelStoneHan,2,grid_two_phases,first,complete_us,1,master,final,2,262.541,204.292,58.248999999999995
cpu,BabelStoneHan,2,grid_two_phases,first,complete_us,1,master,final,3,291.833,204.542,87.29100000000003
cpu,BabelStoneHan,2,grid_two_phases,first,complete_us,1,master,final,4,268.625,196.417,72.208
cpu,BabelStoneHan,2,grid_two_phases,first,complete_us,1,master,final,5,277.291,205.792,71.499
cpu,BabelStoneHan,2,grid_two_phases,first,complete_us,1,master,final,6,288.584,204.875,83.709
cpu,BabelStoneHan,2,grid_two_phases,first,complete_us,1,master,final,7,258.5,189.958,68.542
cpu,BabelStoneHan,2,grid_two_phases,first,complete_us,1,master,final,8,260.875,201.25,59.625
cpu,BabelStoneHan,2,grid_two_phases,first,complete_us,1,master,final,9,268.583,203.708,64.87500000000003
cpu,BabelStoneHan,2,grid_two_phases,first,complete_us,1,master,final,10,269.75,195.75,74.0
cpu,BabelStoneHan,2,grid_two_phases,first,complete_us,1,master,final,11,347.375,218.459,128.916
cpu,BabelStoneHan,2,grid_two_phases,first,complete_us,1,master,final,12,270.5,210.875,59.625
cpu,BabelStoneHan,2,grid_two_phases,first,draw_us,1,master,final,1,275.125,206.792,68.333
cpu,BabelStoneHan,2,grid_two_phases,first,draw_us,1,master,final,2,261.25,203.75,57.5
cpu,BabelStoneHan,2,grid_two_phases,first,draw_us,1,master,final,3,290.917,203.459,87.45799999999997
cpu,BabelStoneHan,2,grid_two_phases,first,draw_us,1,master,final,4,267.75,195.75,72.0
cpu,BabelStoneHan,2,grid_two_phases,first,draw_us,1,master,final,5,276.541,205.125,71.416
cpu,BabelStoneHan,2,grid_two_phases,first,draw_us,1,master,final,6,288.042,204.125,83.91699999999997
cpu,BabelStoneHan,2,grid_two_phases,first,draw_us,1,master,final,7,257.667,189.291,68.37599999999998
cpu,BabelStoneHan,2,grid_two_phases,first,draw_us,1,master,final,8,260.416,200.125,60.291
cpu,BabelStoneHan,2,grid_two_phases,first,draw_us,1,master,final,9,267.792,202.875,64.91699999999997
cpu,BabelStoneHan,2,grid_two_phases,first,draw_us,1,master,final,10,268.958,194.875,74.08300000000003
cpu,BabelStoneHan,2,grid_two_phases,first,draw_us,1,master,final,11,345.791,217.667,128.124
cpu,BabelStoneHan,2,grid_two_phases,first,draw_us,1,master,final,12,269.75,210.25,59.5
cpu,BabelStoneHan,2,grid_two_phases,first,submit_us,1,master,final,1,275.709,207.708,68.001
cpu,BabelStoneHan,2,grid_two_phases,first,submit_us,1,master,final,2,262.5,204.25,58.25
cpu,BabelStoneHan,2,grid_two_phases,first,submit_us,1,master,final,3,291.792,204.5,87.29199999999997
cpu,BabelStoneHan,2,grid_two_phases,first,submit_us,1,master,final,4,268.583,196.375,72.20800000000003
cpu,BabelStoneHan,2,grid_two_phases,first,submit_us,1,master,final,5,277.25,205.75,71.5
cpu,BabelStoneHan,2,grid_two_phases,first,submit_us,1,master,final,6,288.584,204.833,83.751
cpu,BabelStoneHan,2,grid_two_phases,first,submit_us,1,master,final,7,258.459,189.958,68.501
cpu,BabelStoneHan,2,grid_two_phases,first,submit_us,1,master,final,8,260.875,201.25,59.625
cpu,BabelStoneHan,2,grid_two_phases,first,submit_us,1,master,final,9,268.542,203.708,64.83399999999997
cpu,BabelStoneHan,2,grid_two_phases,first,submit_us,1,master,final,10,269.708,195.75,73.95800000000003
cpu,BabelStoneHan,2,grid_two_phases,first,submit_us,1,master,final,11,347.333,218.459,128.87400000000002
cpu,BabelStoneHan,2,grid_two_phases,first,submit_us,1,master,final,12,270.459,210.833,59.626000000000005
cpu,BabelStoneHan,2,grid_two_phases,second,complete_us,1,master,final,1,203.208,158.083,45.125
cpu,BabelStoneHan,2,grid_two_phases,second,complete_us,1,master,final,2,207.25,157.0,50.25
cpu,BabelStoneHan,2,grid_two_phases,second,complete_us,1,master,final,3,210.459,158.167,52.292
cpu,BabelStoneHan,2,grid_two_phases,second,complete_us,1,master,final,4,211.167,163.209,47.958
cpu,BabelStoneHan,2,grid_two_phases,second,complete_us,1,master,final,5,211.541,150.0,61.541
cpu,BabelStoneHan,2,grid_two_phases,second,complete_us,1,master,final,6,197.417,165.833,31.584000000000003
cpu,BabelStoneHan,2,grid_two_phases,second,complete_us,1,master,final,7,201.167,160.083,41.084
cpu,BabelStoneHan,2,grid_two_phases,second,complete_us,1,master,final,8,194.584,150.625,43.959
cpu,BabelStoneHan,2,grid_two_phases,second,complete_us,1,master,final,9,205.166,158.875,46.291
cpu,BabelStoneHan,2,grid_two_phases,second,complete_us,1,master,final,10,200.75,150.667,50.083
cpu,BabelStoneHan,2,grid_two_phases,second,complete_us,1,master,final,11,236.583,173.625,62.958
cpu,BabelStoneHan,2,grid_two_phases,second,complete_us,1,master,final,12,210.042,173.167,36.875
cpu,BabelStoneHan,2,grid_two_phases,second,draw_us,1,master,final,1,203.083,158.0,45.083
cpu,BabelStoneHan,2,grid_two_phases,second,draw_us,1,master,final,2,207.125,156.875,50.25
cpu,BabelStoneHan,2,grid_two_phases,second,draw_us,1,master,final,3,210.209,158.042,52.167
cpu,BabelStoneHan,2,grid_two_phases,second,draw_us,1,master,final,4,211.042,163.084,47.958
cpu,BabelStoneHan,2,grid_two_phases,second,draw_us,1,master,final,5,211.333,149.833,61.5
cpu,BabelStoneHan,2,grid_two_phases,second,draw_us,1,master,final,6,197.292,165.667,31.625
cpu,BabelStoneHan,2,grid_two_phases,second,draw_us,1,master,final,7,201.042,159.958,41.084
cpu,BabelStoneHan,2,grid_two_phases,second,draw_us,1,master,final,8,194.5,150.5,44.0
cpu,BabelStoneHan,2,grid_two_phases,second,draw_us,1,master,final,9,205.0,158.75,46.25
cpu,BabelStoneHan,2,grid_two_phases,second,draw_us,1,master,final,10,200.625,150.542,50.083
cpu,BabelStoneHan,2,grid_two_phases,second,draw_us,1,master,final,11,236.25,173.458,62.792
cpu,BabelStoneHan,2,grid_two_phases,second,draw_us,1,master,final,12,209.917,173.042,36.875
cpu,BabelStoneHan,2,grid_two_phases,second,submit_us,1,master,final,1,203.208,158.083,45.125
cpu,BabelStoneHan,2,grid_two_phases,second,submit_us,1,master,final,2,207.208,156.958,50.25
cpu,BabelStoneHan,2,grid_two_phases,second,submit_us,1,master,final,3,210.417,158.125,52.292
cpu,BabelStoneHan,2,grid_two_phases,second,submit_us,1,master,final,4,211.167,163.167,48.0
cpu,BabelStoneHan,2,grid_two_phases,second,submit_us,1,master,final,5,211.541,149.958,61.583
cpu,BabelStoneHan,2,grid_two_phases,second,submit_us,1,master,final,6,197.417,165.792,31.625
cpu,BabelStoneHan,2,grid_two_phases,second,submit_us,1,master,final,7,201.167,160.041,41.126000000000005
cpu,BabelStoneHan,2,grid_two_phases,second,submit_us,1,master,final,8,194.584,150.584,44.0
cpu,BabelStoneHan,2,grid_two_phases,second,submit_us,1,master,final,9,205.166,158.875,46.291
cpu,BabelStoneHan,2,grid_two_phases,second,submit_us,1,master,final,10,200.708,150.625,50.083
cpu,BabelStoneHan,2,grid_two_phases,second,submit_us,1,master,final,11,236.583,173.583,63.0
cpu,BabelStoneHan,2,grid_two_phases,second,submit_us,1,master,final,12,210.0,173.167,36.833
cpu,BabelStoneHan,2,grid_unique_sizes,sweep,complete_us,32,master,final,1,220.24475,211.220094,9.024656000000022
cpu,BabelStoneHan,2,grid_unique_sizes,sweep,complete_us,32,master,final,2,223.963469,211.326844,12.63662500000001
cpu,BabelStoneHan,2,grid_unique_sizes,sweep,complete_us,32,master,final,3,224.184812,213.299438,10.885373999999985
cpu,BabelStoneHan,2,grid_unique_sizes,sweep,complete_us,32,master,final,4,218.110688,208.334594,9.776094
cpu,BabelStoneHan,2,grid_unique_sizes,sweep,complete_us,32,master,final,5,219.545688,212.682219,6.863469000000009
cpu,BabelStoneHan,2,grid_unique_sizes,sweep,complete_us,32,master,final,6,219.752656,211.244719,8.507936999999998
cpu,BabelStoneHan,2,grid_unique_sizes,sweep,complete_us,32,master,final,7,216.776125,208.983125,7.793000000000006
cpu,BabelStoneHan,2,grid_unique_sizes,sweep,complete_us,32,master,final,8,214.88025,206.811188,8.069062000000002
cpu,BabelStoneHan,2,grid_unique_sizes,sweep,complete_us,32,master,final,9,218.006437,206.3815,11.624937000000017
cpu,BabelStoneHan,2,grid_unique_sizes,sweep,complete_us,32,master,final,10,215.359312,206.533687,8.825625000000002
cpu,BabelStoneHan,2,grid_unique_sizes,sweep,complete_us,32,master,final,11,379.635406,227.02725,152.60815599999998
cpu,BabelStoneHan,2,grid_unique_sizes,sweep,complete_us,32,master,final,12,226.830781,224.169313,2.6614680000000135
cpu,BabelStoneHan,2,grid_unique_sizes,sweep,draw_us,32,master,final,1,220.138,211.117219,9.020781
cpu,BabelStoneHan,2,grid_unique_sizes,sweep,draw_us,32,master,final,2,223.847594,211.233094,12.614499999999992
cpu,BabelStoneHan,2,grid_unique_sizes,sweep,draw_us,32,master,final,3,224.072906,213.201812,10.871094
cpu,BabelStoneHan,2,grid_unique_sizes,sweep,draw_us,32,master,final,4,218.007812,208.25125,9.756562000000002
cpu,BabelStoneHan,2,grid_unique_sizes,sweep,draw_us,32,master,final,5,219.446625,212.579344,6.86728100000002
cpu,BabelStoneHan,2,grid_unique_sizes,sweep,draw_us,32,master,final,6,219.652344,211.141906,8.510437999999994
cpu,BabelStoneHan,2,grid_unique_sizes,sweep,draw_us,32,master,final,7,216.671906,208.88025,7.7916560000000175
cpu,BabelStoneHan,2,grid_unique_sizes,sweep,draw_us,32,master,final,8,214.786531,206.716187,8.070344000000006
cpu,BabelStoneHan,2,grid_unique_sizes,sweep,draw_us,32,master,final,9,217.895844,206.2825,11.613344000000012
cpu,BabelStoneHan,2,grid_unique_sizes,sweep,draw_us,32,master,final,10,215.259125,206.429656,8.829469000000017
cpu,BabelStoneHan,2,grid_unique_sizes,sweep,draw_us,32,master,final,11,379.197937,226.877625,152.32031200000003
cpu,BabelStoneHan,2,grid_unique_sizes,sweep,draw_us,32,master,final,12,226.738281,224.061188,2.6770930000000135
cpu,BabelStoneHan,2,grid_unique_sizes,sweep,submit_us,32,master,final,1,220.218656,211.195344,9.023312000000004
cpu,BabelStoneHan,2,grid_unique_sizes,sweep,submit_us,32,master,final,2,223.943906,211.302063,12.641842999999994
cpu,BabelStoneHan,2,grid_unique_sizes,sweep,submit_us,32,master,final,3,224.164,213.279938,10.884062
cpu,BabelStoneHan,2,grid_unique_sizes,sweep,submit_us,32,master,final,4,218.087187,208.311062,9.776125000000008
cpu,BabelStoneHan,2,grid_unique_sizes,sweep,submit_us,32,master,final,5,219.533969,212.660062,6.873907000000003
cpu,BabelStoneHan,2,grid_unique_sizes,sweep,submit_us,32,master,final,6,219.7305,211.22125,8.509250000000009
cpu,BabelStoneHan,2,grid_unique_sizes,sweep,submit_us,32,master,final,7,216.759187,208.960938,7.798248999999998
cpu,BabelStoneHan,2,grid_unique_sizes,sweep,submit_us,32,master,final,8,214.850281,206.78125,8.069030999999995
cpu,BabelStoneHan,2,grid_unique_sizes,sweep,submit_us,32,master,final,9,217.983,206.360813,11.622186999999997
cpu,BabelStoneHan,2,grid_unique_sizes,sweep,submit_us,32,master,final,10,215.337219,206.515406,8.821812999999992
cpu,BabelStoneHan,2,grid_unique_sizes,sweep,submit_us,32,master,final,11,379.610688,227.009031,152.601657
cpu,BabelStoneHan,2,grid_unique_sizes,sweep,submit_us,32,master,final,12,226.809938,224.147188,2.6627499999999884
cpu,BabelStoneHan,2,grid_unique_variations,sweep,complete_us,32,master,final,1,257.441375,182.812406,74.62896899999998
cpu,BabelStoneHan,2,grid_unique_variations,sweep,complete_us,32,master,final,2,256.928406,181.130219,75.79818699999998
cpu,BabelStoneHan,2,grid_unique_variations,sweep,complete_us,32,master,final,3,257.674469,177.872344,79.80212499999999
cpu,BabelStoneHan,2,grid_unique_variations,sweep,complete_us,32,master,final,4,253.385375,177.753969,75.631406
cpu,BabelStoneHan,2,grid_unique_variations,sweep,complete_us,32,master,final,5,254.089844,178.987,75.102844
cpu,BabelStoneHan,2,grid_unique_variations,sweep,complete_us,32,master,final,6,252.468594,179.920531,72.54806299999998
cpu,BabelStoneHan,2,grid_unique_variations,sweep,complete_us,32,master,final,7,250.528562,175.688813,74.83974899999998
cpu,BabelStoneHan,2,grid_unique_variations,sweep,complete_us,32,master,final,8,246.489469,176.333375,70.15609400000002
cpu,BabelStoneHan,2,grid_unique_variations,sweep,complete_us,32,master,final,9,249.587187,176.51425,73.072937
cpu,BabelStoneHan,2,grid_unique_variations,sweep,complete_us,32,master,final,10,249.303438,176.600281,72.703157
cpu,BabelStoneHan,2,grid_unique_variations,sweep,complete_us,32,master,final,11,282.420563,193.5885,88.832063
cpu,BabelStoneHan,2,grid_unique_variations,sweep,complete_us,32,master,final,12,255.75,188.737094,67.01290599999999
cpu,BabelStoneHan,2,grid_unique_variations,sweep,draw_us,32,master,final,1,257.335906,182.7135,74.62240600000001
cpu,BabelStoneHan,2,grid_unique_variations,sweep,draw_us,32,master,final,2,256.808594,181.0495,75.75909400000003
cpu,BabelStoneHan,2,grid_unique_variations,sweep,draw_us,32,master,final,3,257.572906,177.783813,79.78909299999998
cpu,BabelStoneHan,2,grid_unique_variations,sweep,draw_us,32,master,final,4,253.296875,177.666719,75.630156
cpu,BabelStoneHan,2,grid_unique_variations,sweep,draw_us,32,master,final,5,253.998719,178.90625,75.092469
cpu,BabelStoneHan,2,grid_unique_variations,sweep,draw_us,32,master,final,6,252.361906,179.83725,72.524656
cpu,BabelStoneHan,2,grid_unique_variations,sweep,draw_us,32,master,final,7,250.427031,175.604156,74.82287500000001
cpu,BabelStoneHan,2,grid_unique_variations,sweep,draw_us,32,master,final,8,246.404969,176.249969,70.155
cpu,BabelStoneHan,2,grid_unique_variations,sweep,draw_us,32,master,final,9,249.494812,176.428406,73.066406
cpu,BabelStoneHan,2,grid_unique_variations,sweep,draw_us,32,master,final,10,249.21225,176.510375,72.701875
cpu,BabelStoneHan,2,grid_unique_variations,sweep,draw_us,32,master,final,11,282.29425,193.466156,88.82809399999996
cpu,BabelStoneHan,2,grid_unique_variations,sweep,draw_us,32,master,final,12,255.660094,188.640594,67.0195
cpu,BabelStoneHan,2,grid_unique_variations,sweep,submit_us,32,master,final,1,257.417844,182.792844,74.625
cpu,BabelStoneHan,2,grid_unique_variations,sweep,submit_us,32,master,final,2,256.908781,181.112031,75.79674999999997
cpu,BabelStoneHan,2,grid_unique_variations,sweep,submit_us,32,master,final,3,257.651,177.848875,79.80212500000002
cpu,BabelStoneHan,2,grid_unique_variations,sweep,submit_us,32,master,final,4,253.368437,177.731781,75.63665599999999
cpu,BabelStoneHan,2,grid_unique_variations,sweep,submit_us,32,master,final,5,254.065156,178.967375,75.097781
cpu,BabelStoneHan,2,grid_unique_variations,sweep,submit_us,32,master,final,6,252.441313,179.901063,72.54025000000001
cpu,BabelStoneHan,2,grid_unique_variations,sweep,submit_us,32,master,final,7,250.51425,175.664094,74.850156
cpu,BabelStoneHan,2,grid_unique_variations,sweep,submit_us,32,master,final,8,246.471344,176.311187,70.160157
cpu,BabelStoneHan,2,grid_unique_variations,sweep,submit_us,32,master,final,9,249.562375,176.493406,73.06896900000001
cpu,BabelStoneHan,2,grid_unique_variations,sweep,submit_us,32,master,final,10,249.285094,176.578094,72.707
cpu,BabelStoneHan,2,grid_unique_variations,sweep,submit_us,32,master,final,11,282.398438,193.572969,88.825469
cpu,BabelStoneHan,2,grid_unique_variations,sweep,submit_us,32,master,final,12,255.729062,188.716188,67.01287400000001
cpu,BabelStoneHan,2,text,first_paint,complete_us,1,master,final,1,6489.375,6337.333,152.04200000000037
cpu,BabelStoneHan,2,text,first_paint,complete_us,1,master,final,2,6520.459,6291.25,229.20899999999983
cpu,BabelStoneHan,2,text,first_paint,complete_us,1,master,final,3,6447.084,6166.916,280.16799999999967
cpu,BabelStoneHan,2,text,first_paint,complete_us,1,master,final,4,6353.958,6172.084,181.8739999999998
cpu,BabelStoneHan,2,text,first_paint,complete_us,1,master,final,5,6368.25,6241.208,127.04200000000037
cpu,BabelStoneHan,2,text,first_paint,complete_us,1,master,final,6,6368.167,6202.417,165.75
cpu,BabelStoneHan,2,text,first_paint,complete_us,1,master,final,7,6213.125,6189.625,23.5
cpu,BabelStoneHan,2,text,first_paint,complete_us,1,master,final,8,6216.0,6159.125,56.875
cpu,BabelStoneHan,2,text,first_paint,complete_us,1,master,final,9,6252.458,6221.375,31.08299999999963
cpu,BabelStoneHan,2,text,first_paint,complete_us,1,master,final,10,6242.958,6108.584,134.3739999999998
cpu,BabelStoneHan,2,text,first_paint,complete_us,1,master,final,11,6857.25,6404.375,452.875
cpu,BabelStoneHan,2,text,first_paint,complete_us,1,master,final,12,6431.375,6482.5,-51.125
cpu,BabelStoneHan,2,text,first_paint,draw_us,1,master,final,1,6485.833,6334.583,151.25
cpu,BabelStoneHan,2,text,first_paint,draw_us,1,master,final,2,6516.334,6288.541,227.79299999999967
cpu,BabelStoneHan,2,text,first_paint,draw_us,1,master,final,3,6444.042,6163.958,280.08400000000074
cpu,BabelStoneHan,2,text,first_paint,draw_us,1,master,final,4,6351.708,6170.042,181.66599999999926
cpu,BabelStoneHan,2,text,first_paint,draw_us,1,master,final,5,6365.333,6238.0,127.33299999999963
cpu,BabelStoneHan,2,text,first_paint,draw_us,1,master,final,6,6365.875,6195.458,170.41700000000037
cpu,BabelStoneHan,2,text,first_paint,draw_us,1,master,final,7,6210.792,6187.041,23.751000000000204
cpu,BabelStoneHan,2,text,first_paint,draw_us,1,master,final,8,6213.666,6156.833,56.83300000000054
cpu,BabelStoneHan,2,text,first_paint,draw_us,1,master,final,9,6250.208,6218.416,31.79199999999946
cpu,BabelStoneHan,2,text,first_paint,draw_us,1,master,final,10,6240.625,6106.334,134.29100000000017
cpu,BabelStoneHan,2,text,first_paint,draw_us,1,master,final,11,6852.167,6401.083,451.08400000000074
cpu,BabelStoneHan,2,text,first_paint,draw_us,1,master,final,12,6428.584,6478.792,-50.20800000000054
cpu,BabelStoneHan,2,text,first_paint,submit_us,1,master,final,1,6489.333,6337.333,152.0
cpu,BabelStoneHan,2,text,first_paint,submit_us,1,master,final,2,6520.459,6291.25,229.20899999999983
cpu,BabelStoneHan,2,text,first_paint,submit_us,1,master,final,3,6447.042,6166.875,280.16700000000037
cpu,BabelStoneHan,2,text,first_paint,submit_us,1,master,final,4,6353.916,6172.042,181.8739999999998
cpu,BabelStoneHan,2,text,first_paint,submit_us,1,master,final,5,6368.208,6241.208,127.0
cpu,BabelStoneHan,2,text,first_paint,submit_us,1,master,final,6,6368.167,6202.375,165.79200000000037
cpu,BabelStoneHan,2,text,first_paint,submit_us,1,master,final,7,6213.083,6189.583,23.5
cpu,BabelStoneHan,2,text,first_paint,submit_us,1,master,final,8,6216.0,6159.125,56.875
cpu,BabelStoneHan,2,text,first_paint,submit_us,1,master,final,9,6252.458,6221.333,31.125
cpu,BabelStoneHan,2,text,first_paint,submit_us,1,master,final,10,6242.958,6108.542,134.41599999999926
cpu,BabelStoneHan,2,text,first_paint,submit_us,1,master,final,11,6857.208,6404.375,452.83299999999963
cpu,BabelStoneHan,2,text,first_paint,submit_us,1,master,final,12,6431.375,6482.459,-51.08399999999983
cpu,BabelStoneHan,2,text,reflow,complete_us,3,master,final,1,1901.236,1866.236,35.0
cpu,BabelStoneHan,2,text,reflow,complete_us,3,master,final,2,1939.903,1879.208333,60.69466699999998
cpu,BabelStoneHan,2,text,reflow,complete_us,3,master,final,3,1879.139,1871.777667,7.361332999999831
cpu,BabelStoneHan,2,text,reflow,complete_us,3,master,final,4,1864.888667,1845.694333,19.194334000000026
cpu,BabelStoneHan,2,text,reflow,complete_us,3,master,final,5,1910.778,1861.694333,49.083667000000105
cpu,BabelStoneHan,2,text,reflow,complete_us,3,master,final,6,1852.569667,1900.180333,-47.61066600000004
cpu,BabelStoneHan,2,text,reflow,complete_us,3,master,final,7,1848.014,1873.875,-25.861000000000104
cpu,BabelStoneHan,2,text,reflow,complete_us,3,master,final,8,1846.028,1849.305667,-3.277667000000065
cpu,BabelStoneHan,2,text,reflow,complete_us,3,master,final,9,1845.166667,1855.916333,-10.749665999999934
cpu,BabelStoneHan,2,text,reflow,complete_us,3,master,final,10,1849.124667,1839.722333,9.40233400000011
cpu,BabelStoneHan,2,text,reflow,complete_us,3,master,final,11,2109.847333,2094.139,15.708333000000039
cpu,BabelStoneHan,2,text,reflow,complete_us,3,master,final,12,1927.5,2007.792,-80.29199999999992
cpu,BabelStoneHan,2,text,reflow,draw_us,3,master,final,1,1900.750333,1865.75,35.000332999999955
cpu,BabelStoneHan,2,text,reflow,draw_us,3,master,final,2,1938.819667,1878.528,60.29166699999996
cpu,BabelStoneHan,2,text,reflow,draw_us,3,master,final,3,1878.680667,1871.249667,7.43100000000004
cpu,BabelStoneHan,2,text,reflow,draw_us,3,master,final,4,1864.416,1845.152667,19.263332999999875
cpu,BabelStoneHan,2,text,reflow,draw_us,3,master,final,5,1910.319667,1861.222333,49.097334000000046
cpu,BabelStoneHan,2,text,reflow,draw_us,3,master,final,6,1852.125333,1899.583333,-47.458000000000084
cpu,BabelStoneHan,2,text,reflow,draw_us,3,master,final,7,1847.5,1873.264,-25.763999999999896
cpu,BabelStoneHan,2,text,reflow,draw_us,3,master,final,8,1845.569667,1848.805333,-3.2356660000000375
cpu,BabelStoneHan,2,text,reflow,draw_us,3,master,final,9,1844.611,1855.347333,-10.736332999999831
cpu,BabelStoneHan,2,text,reflow,draw_us,3,master,final,10,1848.625,1839.25,9.375
cpu,BabelStoneHan,2,text,reflow,draw_us,3,master,final,11,2108.680333,2092.777667,15.902665999999954
cpu,BabelStoneHan,2,text,reflow,draw_us,3,master,final,12,1926.986,2006.917,-79.93099999999981
cpu,BabelStoneHan,2,text,reflow,submit_us,3,master,final,1,1901.222333,1866.194333,35.02800000000002
cpu,BabelStoneHan,2,text,reflow,submit_us,3,master,final,2,1939.889,1879.166667,60.722332999999935
cpu,BabelStoneHan,2,text,reflow,submit_us,3,master,final,3,1879.125,1871.749667,7.375332999999955
cpu,BabelStoneHan,2,text,reflow,submit_us,3,master,final,4,1864.874667,1845.639,19.23566700000015
cpu,BabelStoneHan,2,text,reflow,submit_us,3,master,final,5,1910.764333,1861.666667,49.09766600000012
cpu,BabelStoneHan,2,text,reflow,submit_us,3,master,final,6,1852.528333,1900.152333,-47.624000000000024
cpu,BabelStoneHan,2,text,reflow,submit_us,3,master,final,7,1847.986333,1873.847333,-25.860999999999876
cpu,BabelStoneHan,2,text,reflow,submit_us,3,master,final,8,1846.014,1849.305667,-3.2916670000001886
cpu,BabelStoneHan,2,text,reflow,submit_us,3,master,final,9,1845.124667,1855.889,-10.764332999999851
cpu,BabelStoneHan,2,text,reflow,submit_us,3,master,final,10,1849.111,1839.708333,9.402667000000065
cpu,BabelStoneHan,2,text,reflow,submit_us,3,master,final,11,2109.833333,2094.111333,15.722000000000207
cpu,BabelStoneHan,2,text,reflow,submit_us,3,master,final,12,1927.458333,2007.778333,-80.31999999999994
cpu,BabelStoneHan,2,text,reported_sequence,complete_us,88,master,final,1,85432.001989,83520.653994,1911.3479950000037
cpu,BabelStoneHan,2,text,reported_sequence,complete_us,88,master,final,2,85908.970005,83821.536987,2087.433017999996
cpu,BabelStoneHan,2,text,reported_sequence,complete_us,88,master,final,3,85166.625013,82165.043992,3001.581020999991
cpu,BabelStoneHan,2,text,reported_sequence,complete_us,88,master,final,4,83373.917005,81905.916989,1468.0000159999909
cpu,BabelStoneHan,2,text,reported_sequence,complete_us,88,master,final,5,85697.630003,83139.919007,2557.7109959999943
cpu,BabelStoneHan,2,text,reported_sequence,complete_us,88,master,final,6,83022.952991,83414.038989,-391.085997999995
cpu,BabelStoneHan,2,text,reported_sequence,complete_us,88,master,final,7,82635.66699,83363.07800499999,-727.4110149999906
cpu,BabelStoneHan,2,text,reported_sequence,complete_us,88,master,final,8,81742.709,81685.494008,57.21499200000835
cpu,BabelStoneHan,2,text,reported_sequence,complete_us,88,master,final,9,82388.368992,82734.708999,-346.3400069999916
cpu,BabelStoneHan,2,text,reported_sequence,complete_us,88,master,final,10,82843.335,81788.38099699999,1054.9540030000207
cpu,BabelStoneHan,2,text,reported_sequence,complete_us,88,master,final,11,126900.661994,91305.749998,35594.911995999995
cpu,BabelStoneHan,2,text,reported_sequence,complete_us,88,master,final,12,85983.374981,87430.668001,-1447.2930199999973
cpu,BabelStoneHan,2,text,reported_sequence,draw_us,88,master,final,1,85381.957993,83481.91301,1900.0449829999998
cpu,BabelStoneHan,2,text,reported_sequence,draw_us,88,master,final,2,85862.505,83782.25499300001,2080.250006999995
cpu,BabelStoneHan,2,text,reported_sequence,draw_us,88,master,final,3,85109.62799000001,82126.37599700001,2983.251992999998
cpu,BabelStoneHan,2,text,reported_sequence,draw_us,88,master,final,4,83337.54301,81869.542001,1468.0010089999996
cpu,BabelStoneHan,2,text,reported_sequence,draw_us,88,master,final,5,85657.253997,83103.45801,2553.795987000005
cpu,BabelStoneHan,2,text,reported_sequence,draw_us,88,master,final,6,82984.918007,83374.462985,-389.54497800000536
cpu,BabelStoneHan,2,text,reported_sequence,draw_us,88,master,final,7,82596.838994,83325.661018,-728.8220239999937
cpu,BabelStoneHan,2,text,reported_sequence,draw_us,88,master,final,8,81705.41601900001,81648.12300200001,57.2930170000036
cpu,BabelStoneHan,2,text,reported_sequence,draw_us,88,master,final,9,82351.039005,82694.24699300001,-343.2079880000092
cpu,BabelStoneHan,2,text,reported_sequence,draw_us,88,master,final,10,82806.21299600002,81753.500996,1052.712000000014
cpu,BabelStoneHan,2,text,reported_sequence,draw_us,88,master,final,11,126821.001999,91244.207986,35576.794013000006
cpu,BabelStoneHan,2,text,reported_sequence,draw_us,88,master,final,12,85943.080997,87387.044985,-1443.9639880000032
cpu,BabelStoneHan,2,text,reported_sequence,submit_us,88,master,final,1,85429.918018,83518.242009,1911.6760090000025
cpu,BabelStoneHan,2,text,reported_sequence,submit_us,88,master,final,2,85907.177991,83819.62198899999,2087.556002000012
cpu,BabelStoneHan,2,text,reported_sequence,submit_us,88,master,final,3,85164.882009,82163.425,3001.4570089999906
cpu,BabelStoneHan,2,text,reported_sequence,submit_us,88,master,final,4,83372.001009,81903.83101000001,1468.1699989999906
cpu,BabelStoneHan,2,text,reported_sequence,submit_us,88,master,final,5,85695.376003,83138.376006,2556.9999969999917
cpu,BabelStoneHan,2,text,reported_sequence,submit_us,88,master,final,6,83021.29001099999,83412.082999,-390.7929880000156
cpu,BabelStoneHan,2,text,reported_sequence,submit_us,88,master,final,7,82633.665001,83360.785011,-727.1200099999987
cpu,BabelStoneHan,2,text,reported_sequence,submit_us,88,master,final,8,81741.08299,81683.57901300001,57.50397699998575
cpu,BabelStoneHan,2,text,reported_sequence,submit_us,88,master,final,9,82386.82901,82732.74999200001,-345.92098200001055
cpu,BabelStoneHan,2,text,reported_sequence,submit_us,88,master,final,10,82841.70999,81786.669005,1055.0409849999996
cpu,BabelStoneHan,2,text,reported_sequence,submit_us,88,master,final,11,126898.541996,91303.74901,35594.792986
cpu,BabelStoneHan,2,text,reported_sequence,submit_us,88,master,final,12,85981.626013,87428.58799900001,-1446.9619860000093
cpu,BabelStoneHan,2,text,size_advance,complete_us,12,master,final,1,4346.604083,4269.757083,76.84699999999975
cpu,BabelStoneHan,2,text,size_advance,complete_us,12,master,final,2,4389.343833,4266.78475,122.5590830000001
cpu,BabelStoneHan,2,text,size_advance,complete_us,12,master,final,3,4373.125,4208.139,164.98599999999988
cpu,BabelStoneHan,2,text,size_advance,complete_us,12,master,final,4,4259.090167,4171.270917,87.81925000000047
cpu,BabelStoneHan,2,text,size_advance,complete_us,12,master,final,5,4406.895917,4229.8855,177.0104169999995
cpu,BabelStoneHan,2,text,size_advance,complete_us,12,master,final,6,4257.843583,4217.59725,40.24633300000005
cpu,BabelStoneHan,2,text,size_advance,complete_us,12,master,final,7,4219.9895,4250.100583,-30.11108300000069
cpu,BabelStoneHan,2,text,size_advance,complete_us,12,master,final,8,4182.2255,4155.222167,27.003332999999657
cpu,BabelStoneHan,2,text,size_advance,complete_us,12,master,final,9,4229.433833,4172.78475,56.649083000000246
cpu,BabelStoneHan,2,text,size_advance,complete_us,12,master,final,10,4244.684083,4175.868167,68.81591600000047
cpu,BabelStoneHan,2,text,size_advance,complete_us,12,master,final,11,6406.930583,4667.756917,1739.1736660000006
cpu,BabelStoneHan,2,text,size_advance,complete_us,12,master,final,12,4392.642417,4435.166583,-42.52416600000015
cpu,BabelStoneHan,2,text,size_advance,draw_us,12,master,final,1,4345.569417,4268.7535,76.8159169999999
cpu,BabelStoneHan,2,text,size_advance,draw_us,12,master,final,2,4388.44775,4265.89575,122.55200000000059
cpu,BabelStoneHan,2,text,size_advance,draw_us,12,master,final,3,4372.4755,4207.500167,164.9753329999994
cpu,BabelStoneHan,2,text,size_advance,draw_us,12,master,final,4,4258.496583,4170.680583,87.8159999999998
cpu,BabelStoneHan,2,text,size_advance,draw_us,12,master,final,5,4406.201417,4229.177083,177.02433400000064
cpu,BabelStoneHan,2,text,size_advance,draw_us,12,master,final,6,4257.201417,4217.000083,40.201334000000315
cpu,BabelStoneHan,2,text,size_advance,draw_us,12,master,final,7,4219.3715,4249.451333,-30.07983299999978
cpu,BabelStoneHan,2,text,size_advance,draw_us,12,master,final,8,4181.631917,4154.621583,27.010333999999602
cpu,BabelStoneHan,2,text,size_advance,draw_us,12,master,final,9,4228.8055,4171.996667,56.80883300000005
cpu,BabelStoneHan,2,text,size_advance,draw_us,12,master,final,10,4244.038083,4175.277833,68.76025000000027
cpu,BabelStoneHan,2,text,size_advance,draw_us,12,master,final,11,6404.24675,4666.177083,1738.0696670000007
cpu,BabelStoneHan,2,text,size_advance,draw_us,12,master,final,12,4391.85075,4434.28125,-42.43050000000039
cpu,BabelStoneHan,2,text,size_advance,submit_us,12,master,final,1,4346.57975,4269.73275,76.84699999999975
cpu,BabelStoneHan,2,text,size_advance,submit_us,12,master,final,2,4389.316,4266.763833,122.55216699999983
cpu,BabelStoneHan,2,text,size_advance,submit_us,12,master,final,3,4373.10425,4208.125167,164.97908300000017
cpu,BabelStoneHan,2,text,size_advance,submit_us,12,master,final,4,4259.069417,4171.250083,87.8193339999998
cpu,BabelStoneHan,2,text,size_advance,submit_us,12,master,final,5,4406.86125,4229.85075,177.01050000000032
cpu,BabelStoneHan,2,text,size_advance,submit_us,12,master,final,6,4257.82975,4217.576333,40.2534169999999
cpu,BabelStoneHan,2,text,size_advance,submit_us,12,master,final,7,4219.968583,4250.08325,-30.114666999999827
cpu,BabelStoneHan,2,text,size_advance,submit_us,12,master,final,8,4182.204667,4155.198,27.006666999999652
cpu,BabelStoneHan,2,text,size_advance,submit_us,12,master,final,9,4229.413083,4172.760583,56.652500000000146
cpu,BabelStoneHan,2,text,size_advance,submit_us,12,master,final,10,4244.670083,4175.85425,68.81583299999966
cpu,BabelStoneHan,2,text,size_advance,submit_us,12,master,final,11,6406.906417,4667.729167,1739.1772499999997
cpu,BabelStoneHan,2,text,size_advance,submit_us,12,master,final,12,4392.625083,4435.14925,-42.52416700000049
cpu,BabelStoneHan,2,text,size_return,complete_us,12,master,final,1,278.076583,291.496417,-13.41983399999998
cpu,BabelStoneHan,2,text,size_return,complete_us,12,master,final,2,286.2535,291.198083,-4.944583000000023
cpu,BabelStoneHan,2,text,size_return,complete_us,12,master,final,3,274.40975,280.708417,-6.298667000000023
cpu,BabelStoneHan,2,text,size_return,complete_us,12,master,final,4,268.861167,280.149333,-11.28816599999999
cpu,BabelStoneHan,2,text,size_return,complete_us,12,master,final,5,278.816,280.73975,-1.923750000000041
cpu,BabelStoneHan,2,text,size_return,complete_us,12,master,final,6,267.402917,282.059,-14.656083000000024
cpu,BabelStoneHan,2,text,size_return,complete_us,12,master,final,7,271.48275,280.791583,-9.308832999999993
cpu,BabelStoneHan,2,text,size_return,complete_us,12,master,final,8,266.618167,276.986167,-10.367999999999995
cpu,BabelStoneHan,2,text,size_return,complete_us,12,master,final,9,270.399,277.10425,-6.705249999999978
cpu,BabelStoneHan,2,text,size_return,complete_us,12,master,final,10,272.927083,276.763833,-3.836749999999995
cpu,BabelStoneHan,2,text,size_return,complete_us,12,master,final,11,312.003333,307.156167,4.847166000000016
cpu,BabelStoneHan,2,text,size_return,complete_us,12,master,final,12,288.624917,304.666667,-16.041750000000036
cpu,BabelStoneHan,2,text,size_return,draw_us,12,master,final,1,277.645833,291.069333,-13.42349999999999
cpu,BabelStoneHan,2,text,size_return,draw_us,12,master,final,2,285.798667,290.757083,-4.958416
cpu,BabelStoneHan,2,text,size_return,draw_us,12,master,final,3,273.9825,280.302083,-6.319582999999966
cpu,BabelStoneHan,2,text,size_return,draw_us,12,master,final,4,268.448,279.742917,-11.294916999999998
cpu,BabelStoneHan,2,text,size_return,draw_us,12,master,final,5,278.378417,280.29525,-1.916832999999997
cpu,BabelStoneHan,2,text,size_return,draw_us,12,master,final,6,267.000167,281.670167,-14.670000000000016
cpu,BabelStoneHan,2,text,size_return,draw_us,12,master,final,7,271.083417,280.364417,-9.281000000000006
cpu,BabelStoneHan,2,text,size_return,draw_us,12,master,final,8,266.194417,276.552083,-10.357665999999995
cpu,BabelStoneHan,2,text,size_return,draw_us,12,master,final,9,270.003167,276.684,-6.680833000000007
cpu,BabelStoneHan,2,text,size_return,draw_us,12,master,final,10,272.513917,276.34025,-3.8263330000000337
cpu,BabelStoneHan,2,text,size_return,draw_us,12,master,final,11,311.437417,306.63525,4.802166999999997
cpu,BabelStoneHan,2,text,size_return,draw_us,12,master,final,12,288.15275,304.204833,-16.052082999999982
cpu,BabelStoneHan,2,text,size_return,submit_us,12,master,final,1,278.055583,291.475667,-13.420083999999974
cpu,BabelStoneHan,2,text,size_return,submit_us,12,master,final,2,286.225667,291.16675,-4.941082999999992
cpu,BabelStoneHan,2,text,size_return,submit_us,12,master,final,3,274.385333,280.68775,-6.302416999999991
cpu,BabelStoneHan,2,text,size_return,submit_us,12,master,final,4,268.829833,280.121417,-11.291584
cpu,BabelStoneHan,2,text,size_return,submit_us,12,master,final,5,278.795167,280.722333,-1.9271659999999997
cpu,BabelStoneHan,2,text,size_return,submit_us,12,master,final,6,267.378583,282.048667,-14.670084000000031
cpu,BabelStoneHan,2,text,size_return,submit_us,12,master,final,7,271.462083,280.770667,-9.308583999999996
cpu,BabelStoneHan,2,text,size_return,submit_us,12,master,final,8,266.597167,276.975667,-10.378499999999974
cpu,BabelStoneHan,2,text,size_return,submit_us,12,master,final,9,270.392083,277.079833,-6.687749999999994
cpu,BabelStoneHan,2,text,size_return,submit_us,12,master,final,10,272.906333,276.736083,-3.82974999999999
cpu,BabelStoneHan,2,text,size_return,submit_us,12,master,final,11,311.975583,307.135333,4.840249999999969
cpu,BabelStoneHan,2,text,size_return,submit_us,12,master,final,12,288.59725,304.638667,-16.041417000000024
cpu,BabelStoneHan,2,text,warm,complete_us,30,master,final,1,251.947333,260.438833,-8.491500000000002
cpu,BabelStoneHan,2,text,warm,complete_us,30,master,final,2,256.294533,259.6902,-3.395667000000003
cpu,BabelStoneHan,2,text,warm,complete_us,30,master,final,3,250.065267,256.104167,-6.038900000000012
cpu,BabelStoneHan,2,text,warm,complete_us,30,master,final,4,248.006867,255.0361,-7.029233000000005
cpu,BabelStoneHan,2,text,warm,complete_us,30,master,final,5,257.7528,260.041567,-2.288767000000007
cpu,BabelStoneHan,2,text,warm,complete_us,30,master,final,6,248.6626,255.9516,-7.289000000000016
cpu,BabelStoneHan,2,text,warm,complete_us,30,master,final,7,246.8167,259.2041,-12.387399999999985
cpu,BabelStoneHan,2,text,warm,complete_us,30,master,final,8,246.3416,255.3444,-9.002800000000008
cpu,BabelStoneHan,2,text,warm,complete_us,30,master,final,9,246.5721,256.1556,-9.583499999999987
cpu,BabelStoneHan,2,text,warm,complete_us,30,master,final,10,246.673567,255.802833,-9.129266000000001
cpu,BabelStoneHan,2,text,warm,complete_us,30,master,final,11,286.2918,274.705533,11.58626700000002
cpu,BabelStoneHan,2,text,warm,complete_us,30,master,final,12,255.966533,273.670733,-17.704199999999986
cpu,BabelStoneHan,2,text,warm,draw_us,30,master,final,1,251.624967,260.112533,-8.487565999999987
cpu,BabelStoneHan,2,text,warm,draw_us,30,master,final,2,255.950033,259.362467,-3.4124339999999904
cpu,BabelStoneHan,2,text,warm,draw_us,30,master,final,3,249.722267,255.770767,-6.048500000000018
cpu,BabelStoneHan,2,text,warm,draw_us,30,master,final,4,247.6819,254.718067,-7.036166999999978
cpu,BabelStoneHan,2,text,warm,draw_us,30,master,final,5,257.402833,259.710967,-2.3081339999999955
cpu,BabelStoneHan,2,text,warm,draw_us,30,master,final,6,248.2959,255.603,-7.30710000000002
cpu,BabelStoneHan,2,text,warm,draw_us,30,master,final,7,246.490267,258.879167,-12.388900000000007
cpu,BabelStoneHan,2,text,warm,draw_us,30,master,final,8,246.0125,255.016667,-9.004167000000024
cpu,BabelStoneHan,2,text,warm,draw_us,30,master,final,9,246.2417,255.844433,-9.602733
cpu,BabelStoneHan,2,text,warm,draw_us,30,master,final,10,246.333333,255.472267,-9.138933999999978
cpu,BabelStoneHan,2,text,warm,draw_us,30,master,final,11,285.783433,274.337533,11.445899999999995
cpu,BabelStoneHan,2,text,warm,draw_us,30,master,final,12,255.6139,273.322167,-17.708266999999978
cpu,BabelStoneHan,2,text,warm,submit_us,30,master,final,1,251.925067,260.415133,-8.490066000000013
cpu,BabelStoneHan,2,text,warm,submit_us,30,master,final,2,256.272267,259.673567,-3.401299999999992
cpu,BabelStoneHan,2,text,warm,submit_us,30,master,final,3,250.042967,256.072133,-6.029166000000004
cpu,BabelStoneHan,2,text,warm,submit_us,30,master,final,4,247.980467,255.0167,-7.0362329999999815
cpu,BabelStoneHan,2,text,warm,submit_us,30,master,final,5,257.7291,260.023467,-2.2943669999999656
cpu,BabelStoneHan,2,text,warm,submit_us,30,master,final,6,248.645867,255.935,-7.2891329999999925
cpu,BabelStoneHan,2,text,warm,submit_us,30,master,final,7,246.791767,259.181867,-12.390100000000018
cpu,BabelStoneHan,2,text,warm,submit_us,30,master,final,8,246.324933,255.319467,-8.994534000000016
cpu,BabelStoneHan,2,text,warm,submit_us,30,master,final,9,246.548533,256.1375,-9.588966999999997
cpu,BabelStoneHan,2,text,warm,submit_us,30,master,final,10,246.6473,255.787567,-9.140266999999994
cpu,BabelStoneHan,2,text,warm,submit_us,30,master,final,11,286.265367,274.684667,11.580700000000036
cpu,BabelStoneHan,2,text,warm,submit_us,30,master,final,12,255.9444,273.648567,-17.704167000000012
cpu,BabelStoneHan,2,text,x_advance,complete_us,10,master,final,1,445.8083,416.5791,29.22919999999999
cpu,BabelStoneHan,2,text,x_advance,complete_us,10,master,final,2,452.1208,418.0665,34.054299999999955
cpu,BabelStoneHan,2,text,x_advance,complete_us,10,master,final,3,463.7668,401.6581,62.1087
cpu,BabelStoneHan,2,text,x_advance,complete_us,10,master,final,4,437.5414,402.6916,34.849800000000016
cpu,BabelStoneHan,2,text,x_advance,complete_us,10,master,final,5,452.9372,408.2919,44.64530000000002
cpu,BabelStoneHan,2,text,x_advance,complete_us,10,master,final,6,428.3585,403.0626,25.295900000000017
cpu,BabelStoneHan,2,text,x_advance,complete_us,10,master,final,7,436.0833,405.1416,30.941700000000026
cpu,BabelStoneHan,2,text,x_advance,complete_us,10,master,final,8,433.1248,400.5708,32.553999999999974
cpu,BabelStoneHan,2,text,x_advance,complete_us,10,master,final,9,431.9918,400.5252,31.466600000000028
cpu,BabelStoneHan,2,text,x_advance,complete_us,10,master,final,10,438.4083,399.7874,38.620900000000006
cpu,BabelStoneHan,2,text,x_advance,complete_us,10,master,final,11,810.45,441.3584,369.0916
cpu,BabelStoneHan,2,text,x_advance,complete_us,10,master,final,12,456.7583,434.9041,21.85419999999999
cpu,BabelStoneHan,2,text,x_advance,draw_us,10,master,final,1,445.3958,416.1709,29.22489999999999
cpu,BabelStoneHan,2,text,x_advance,draw_us,10,master,final,2,451.6208,417.6709,33.94989999999996
cpu,BabelStoneHan,2,text,x_advance,draw_us,10,master,final,3,463.3416,401.2789,62.06270000000001
cpu,BabelStoneHan,2,text,x_advance,draw_us,10,master,final,4,437.1664,402.3082,34.85820000000001
cpu,BabelStoneHan,2,text,x_advance,draw_us,10,master,final,5,452.5581,407.9458,44.612300000000005
cpu,BabelStoneHan,2,text,x_advance,draw_us,10,master,final,6,427.9834,402.6876,25.295800000000042
cpu,BabelStoneHan,2,text,x_advance,draw_us,10,master,final,7,435.6793,404.7792,30.90010000000001
cpu,BabelStoneHan,2,text,x_advance,draw_us,10,master,final,8,432.6874,400.175,32.512400000000014
cpu,BabelStoneHan,2,text,x_advance,draw_us,10,master,final,9,431.6085,400.15,31.458500000000015
cpu,BabelStoneHan,2,text,x_advance,draw_us,10,master,final,10,438.0082,399.4123,38.59589999999997
cpu,BabelStoneHan,2,text,x_advance,draw_us,10,master,final,11,809.4041,440.8834,368.5207
cpu,BabelStoneHan,2,text,x_advance,draw_us,10,master,final,12,456.3209,434.4999,21.82099999999997
cpu,BabelStoneHan,2,text,x_advance,submit_us,10,master,final,1,445.7834,416.5583,29.225099999999998
cpu,BabelStoneHan,2,text,x_advance,submit_us,10,master,final,2,452.1126,418.054,34.05860000000001
cpu,BabelStoneHan,2,text,x_advance,submit_us,10,master,final,3,463.7375,401.6163,62.12119999999999
cpu,BabelStoneHan,2,text,x_advance,submit_us,10,master,final,4,437.5247,402.6707,34.853999999999985
cpu,BabelStoneHan,2,text,x_advance,submit_us,10,master,final,5,452.9205,408.2793,44.641200000000026
cpu,BabelStoneHan,2,text,x_advance,submit_us,10,master,final,6,428.346,403.0377,25.30830000000003
cpu,BabelStoneHan,2,text,x_advance,submit_us,10,master,final,7,436.0543,405.1291,30.925200000000018
cpu,BabelStoneHan,2,text,x_advance,submit_us,10,master,final,8,433.0999,400.5415,32.558400000000006
cpu,BabelStoneHan,2,text,x_advance,submit_us,10,master,final,9,431.9583,400.5127,31.445600000000013
cpu,BabelStoneHan,2,text,x_advance,submit_us,10,master,final,10,438.3833,399.7582,38.62510000000003
cpu,BabelStoneHan,2,text,x_advance,submit_us,10,master,final,11,810.4249,441.3459,369.079
cpu,BabelStoneHan,2,text,x_advance,submit_us,10,master,final,12,456.7292,434.8874,21.841799999999978
cpu,BabelStoneHan,2,text,x_return,complete_us,10,master,final,1,256.1626,263.9668,-7.80419999999998
cpu,BabelStoneHan,2,text,x_return,complete_us,10,master,final,2,255.7378,266.4583,-10.720500000000015
cpu,BabelStoneHan,2,text,x_return,complete_us,10,master,final,3,261.4376,263.725,-2.287400000000048
cpu,BabelStoneHan,2,text,x_return,complete_us,10,master,final,4,259.5291,260.3836,-0.8544999999999732
cpu,BabelStoneHan,2,text,x_return,complete_us,10,master,final,5,262.7252,268.3792,-5.654000000000053
cpu,BabelStoneHan,2,text,x_return,complete_us,10,master,final,6,246.8707,262.7748,-15.904100000000028
cpu,BabelStoneHan,2,text,x_return,complete_us,10,master,final,7,254.1167,265.8583,-11.741599999999977
cpu,BabelStoneHan,2,text,x_return,complete_us,10,master,final,8,253.3417,261.4958,-8.154099999999971
cpu,BabelStoneHan,2,text,x_return,complete_us,10,master,final,9,252.9584,261.0289,-8.07050000000001
cpu,BabelStoneHan,2,text,x_return,complete_us,10,master,final,10,252.7835,261.5499,-8.766399999999976
cpu,BabelStoneHan,2,text,x_return,complete_us,10,master,final,11,280.4419,283.6084,-3.166500000000042
cpu,BabelStoneHan,2,text,x_return,complete_us,10,master,final,12,261.9749,274.3834,-12.408500000000004
cpu,BabelStoneHan,2,text,x_return,draw_us,10,master,final,1,255.804,263.5958,-7.791799999999995
cpu,BabelStoneHan,2,text,x_return,draw_us,10,master,final,2,255.371,266.0875,-10.716499999999968
cpu,BabelStoneHan,2,text,x_return,draw_us,10,master,final,3,261.0292,263.375,-2.345799999999997
cpu,BabelStoneHan,2,text,x_return,draw_us,10,master,final,4,259.1416,260.046,-0.9044000000000096
cpu,BabelStoneHan,2,text,x_return,draw_us,10,master,final,5,262.3377,268.0083,-5.670600000000036
cpu,BabelStoneHan,2,text,x_return,draw_us,10,master,final,6,246.5332,262.429,-15.89579999999998
cpu,BabelStoneHan,2,text,x_return,draw_us,10,master,final,7,253.7248,265.5,-11.775200000000012
cpu,BabelStoneHan,2,text,x_return,draw_us,10,master,final,8,252.9958,261.1123,-8.116500000000002
cpu,BabelStoneHan,2,text,x_return,draw_us,10,master,final,9,252.596,260.6832,-8.087199999999996
cpu,BabelStoneHan,2,text,x_return,draw_us,10,master,final,10,252.421,261.2,-8.778999999999996
cpu,BabelStoneHan,2,text,x_return,draw_us,10,master,final,11,279.8835,283.0919,-3.2083999999999833
cpu,BabelStoneHan,2,text,x_return,draw_us,10,master,final,12,261.5998,273.9668,-12.366999999999962
cpu,BabelStoneHan,2,text,x_return,submit_us,10,master,final,1,256.1418,263.9459,-7.804100000000005
cpu,BabelStoneHan,2,text,x_return,submit_us,10,master,final,2,255.7295,266.4375,-10.707999999999998
cpu,BabelStoneHan,2,text,x_return,submit_us,10,master,final,3,261.421,263.7041,-2.2830999999999904
cpu,BabelStoneHan,2,text,x_return,submit_us,10,master,final,4,259.5083,260.3627,-0.8543999999999983
cpu,BabelStoneHan,2,text,x_return,submit_us,10,master,final,5,262.7002,268.3543,-5.654100000000028
cpu,BabelStoneHan,2,text,x_return,submit_us,10,master,final,6,246.8372,262.7582,-15.920999999999992
cpu,BabelStoneHan,2,text,x_return,submit_us,10,master,final,7,254.0958,265.829,-11.73320000000001
cpu,BabelStoneHan,2,text,x_return,submit_us,10,master,final,8,253.3291,261.4791,-8.150000000000006
cpu,BabelStoneHan,2,text,x_return,submit_us,10,master,final,9,252.9417,261.0082,-8.06649999999999
cpu,BabelStoneHan,2,text,x_return,submit_us,10,master,final,10,252.7542,261.5332,-8.779000000000025
cpu,BabelStoneHan,2,text,x_return,submit_us,10,master,final,11,280.4084,283.5836,-3.175200000000018
cpu,BabelStoneHan,2,text,x_return,submit_us,10,master,final,12,261.9542,274.3583,-12.404099999999971
cpu,BabelStoneHan,2,text,y_advance,complete_us,10,master,final,1,252.3126,264.6915,-12.378900000000016
cpu,BabelStoneHan,2,text,y_advance,complete_us,10,master,final,2,255.0249,257.6251,-2.6001999999999725
cpu,BabelStoneHan,2,text,y_advance,complete_us,10,master,final,3,261.2832,261.5918,-0.3085999999999558
cpu,BabelStoneHan,2,text,y_advance,complete_us,10,master,final,4,251.2123,257.2082,-5.995899999999978
cpu,BabelStoneHan,2,text,y_advance,complete_us,10,master,final,5,257.5167,262.8959,-5.379199999999969
cpu,BabelStoneHan,2,text,y_advance,complete_us,10,master,final,6,243.4626,263.8331,-20.370499999999993
cpu,BabelStoneHan,2,text,y_advance,complete_us,10,master,final,7,251.4999,264.1751,-12.67519999999999
cpu,BabelStoneHan,2,text,y_advance,complete_us,10,master,final,8,246.9459,257.2711,-10.325199999999995
cpu,BabelStoneHan,2,text,y_advance,complete_us,10,master,final,9,246.0292,254.8542,-8.824999999999989
cpu,BabelStoneHan,2,text,y_advance,complete_us,10,master,final,10,250.9542,255.8791,-4.924900000000008
cpu,BabelStoneHan,2,text,y_advance,complete_us,10,master,final,11,286.475,279.0084,7.466600000000028
cpu,BabelStoneHan,2,text,y_advance,complete_us,10,master,final,12,264.0542,271.5709,-7.516700000000014
cpu,BabelStoneHan,2,text,y_advance,draw_us,10,master,final,1,251.979,264.325,-12.345999999999975
cpu,BabelStoneHan,2,text,y_advance,draw_us,10,master,final,2,254.6792,257.2832,-2.6040000000000134
cpu,BabelStoneHan,2,text,y_advance,draw_us,10,master,final,3,260.9415,261.25,-0.3084999999999809
cpu,BabelStoneHan,2,text,y_advance,draw_us,10,master,final,4,250.8582,256.8917,-6.033500000000004
cpu,BabelStoneHan,2,text,y_advance,draw_us,10,master,final,5,257.1626,262.5501,-5.387499999999989
cpu,BabelStoneHan,2,text,y_advance,draw_us,10,master,final,6,243.1292,263.5,-20.370800000000003
cpu,BabelStoneHan,2,text,y_advance,draw_us,10,master,final,7,251.15,263.8416,-12.691600000000022
cpu,BabelStoneHan,2,text,y_advance,draw_us,10,master,final,8,246.6083,256.9458,-10.337500000000006
cpu,BabelStoneHan,2,text,y_advance,draw_us,10,master,final,9,245.7124,254.5293,-8.816900000000004
cpu,BabelStoneHan,2,text,y_advance,draw_us,10,master,final,10,250.6126,255.5498,-4.9372000000000185
cpu,BabelStoneHan,2,text,y_advance,draw_us,10,master,final,11,285.8418,278.5667,7.275099999999952
cpu,BabelStoneHan,2,text,y_advance,draw_us,10,master,final,12,263.6959,271.221,-7.525100000000009
cpu,BabelStoneHan,2,text,y_advance,submit_us,10,master,final,1,252.2877,264.654,-12.366299999999995
cpu,BabelStoneHan,2,text,y_advance,submit_us,10,master,final,2,255.0042,257.6083,-2.6040999999999883
cpu,BabelStoneHan,2,text,y_advance,submit_us,10,master,final,3,261.2707,261.5669,-0.2961999999999989
cpu,BabelStoneHan,2,text,y_advance,submit_us,10,master,final,4,251.1955,257.1873,-5.991799999999984
cpu,BabelStoneHan,2,text,y_advance,submit_us,10,master,final,5,257.4959,262.8751,-5.379199999999969
cpu,BabelStoneHan,2,text,y_advance,submit_us,10,master,final,6,243.4334,263.8164,-20.38299999999998
cpu,BabelStoneHan,2,text,y_advance,submit_us,10,master,final,7,251.4831,264.1543,-12.67119999999997
cpu,BabelStoneHan,2,text,y_advance,submit_us,10,master,final,8,246.9209,257.2502,-10.329300000000018
cpu,BabelStoneHan,2,text,y_advance,submit_us,10,master,final,9,246.0125,254.8333,-8.82080000000002
cpu,BabelStoneHan,2,text,y_advance,submit_us,10,master,final,10,250.9376,255.8455,-4.907899999999984
cpu,BabelStoneHan,2,text,y_advance,submit_us,10,master,final,11,286.4626,278.9833,7.479300000000023
cpu,BabelStoneHan,2,text,y_advance,submit_us,10,master,final,12,264.0374,271.5417,-7.504300000000001
cpu,NotoSansSC-VF,2,demo,first_paint,complete_us,1,master,final,1,3123.958,2790.5,333.4580000000001
cpu,NotoSansSC-VF,2,demo,first_paint,complete_us,1,master,final,2,2831.709,2743.542,88.16699999999992
cpu,NotoSansSC-VF,2,demo,first_paint,complete_us,1,master,final,3,2881.791,2729.0,152.79100000000017
cpu,NotoSansSC-VF,2,demo,first_paint,complete_us,1,master,final,4,2853.167,2705.792,147.375
cpu,NotoSansSC-VF,2,demo,first_paint,complete_us,1,master,final,5,2862.083,2722.708,139.375
cpu,NotoSansSC-VF,2,demo,first_paint,complete_us,1,master,final,6,2865.958,2675.333,190.625
cpu,NotoSansSC-VF,2,demo,first_paint,complete_us,1,master,final,7,2822.458,2681.875,140.58300000000008
cpu,NotoSansSC-VF,2,demo,first_paint,complete_us,1,master,final,8,2838.667,2696.917,141.75
cpu,NotoSansSC-VF,2,demo,first_paint,complete_us,1,master,final,9,2848.917,2640.625,208.29199999999992
cpu,NotoSansSC-VF,2,demo,first_paint,complete_us,1,master,final,10,2911.375,2686.625,224.75
cpu,NotoSansSC-VF,2,demo,first_paint,complete_us,1,master,final,11,2934.125,3026.542,-92.41699999999992
cpu,NotoSansSC-VF,2,demo,first_paint,complete_us,1,master,final,12,3047.833,2812.0,235.83300000000008
cpu,NotoSansSC-VF,2,demo,first_paint,draw_us,1,master,final,1,3120.583,2787.916,332.6669999999999
cpu,NotoSansSC-VF,2,demo,first_paint,draw_us,1,master,final,2,2829.334,2736.292,93.04199999999992
cpu,NotoSansSC-VF,2,demo,first_paint,draw_us,1,master,final,3,2878.625,2726.334,152.29100000000017
cpu,NotoSansSC-VF,2,demo,first_paint,draw_us,1,master,final,4,2850.5,2702.917,147.58300000000008
cpu,NotoSansSC-VF,2,demo,first_paint,draw_us,1,master,final,5,2860.041,2720.333,139.70800000000008
cpu,NotoSansSC-VF,2,demo,first_paint,draw_us,1,master,final,6,2863.416,2672.833,190.58300000000008
cpu,NotoSansSC-VF,2,demo,first_paint,draw_us,1,master,final,7,2820.208,2679.667,140.54100000000017
cpu,NotoSansSC-VF,2,demo,first_paint,draw_us,1,master,final,8,2835.417,2694.583,140.83399999999983
cpu,NotoSansSC-VF,2,demo,first_paint,draw_us,1,master,final,9,2846.209,2638.5,207.70899999999983
cpu,NotoSansSC-VF,2,demo,first_paint,draw_us,1,master,final,10,2908.666,2684.167,224.49900000000025
cpu,NotoSansSC-VF,2,demo,first_paint,draw_us,1,master,final,11,2931.334,3022.25,-90.91600000000017
cpu,NotoSansSC-VF,2,demo,first_paint,draw_us,1,master,final,12,3043.208,2809.291,233.91699999999992
cpu,NotoSansSC-VF,2,demo,first_paint,submit_us,1,master,final,1,3123.958,2790.458,333.5
cpu,NotoSansSC-VF,2,demo,first_paint,submit_us,1,master,final,2,2831.709,2743.542,88.16699999999992
cpu,NotoSansSC-VF,2,demo,first_paint,submit_us,1,master,final,3,2881.75,2728.959,152.79100000000017
cpu,NotoSansSC-VF,2,demo,first_paint,submit_us,1,master,final,4,2853.167,2705.75,147.41699999999992
cpu,NotoSansSC-VF,2,demo,first_paint,submit_us,1,master,final,5,2862.041,2722.666,139.375
cpu,NotoSansSC-VF,2,demo,first_paint,submit_us,1,master,final,6,2865.958,2675.333,190.625
cpu,NotoSansSC-VF,2,demo,first_paint,submit_us,1,master,final,7,2822.417,2681.833,140.58399999999983
cpu,NotoSansSC-VF,2,demo,first_paint,submit_us,1,master,final,8,2838.625,2696.917,141.70800000000008
cpu,NotoSansSC-VF,2,demo,first_paint,submit_us,1,master,final,9,2848.875,2640.625,208.25
cpu,NotoSansSC-VF,2,demo,first_paint,submit_us,1,master,final,10,2911.333,2686.584,224.74900000000025
cpu,NotoSansSC-VF,2,demo,first_paint,submit_us,1,master,final,11,2934.084,3026.542,-92.45800000000008
cpu,NotoSansSC-VF,2,demo,first_paint,submit_us,1,master,final,12,3047.791,2812.0,235.79100000000017
cpu,NotoSansSC-VF,2,demo,pan,complete_us,10,master,final,1,217.2915,215.3669,1.9246000000000265
cpu,NotoSansSC-VF,2,demo,pan,complete_us,10,master,final,2,219.1168,214.479,4.637799999999999
cpu,NotoSansSC-VF,2,demo,pan,complete_us,10,master,final,3,207.7503,209.3793,-1.6289999999999907
cpu,NotoSansSC-VF,2,demo,pan,complete_us,10,master,final,4,212.1124,208.0877,4.024699999999996
cpu,NotoSansSC-VF,2,demo,pan,complete_us,10,master,final,5,209.6957,214.5794,-4.883700000000005
cpu,NotoSansSC-VF,2,demo,pan,complete_us,10,master,final,6,212.2627,211.0626,1.200099999999992
cpu,NotoSansSC-VF,2,demo,pan,complete_us,10,master,final,7,210.9874,213.35,-2.3625999999999863
cpu,NotoSansSC-VF,2,demo,pan,complete_us,10,master,final,8,211.1252,209.4833,1.6418999999999926
cpu,NotoSansSC-VF,2,demo,pan,complete_us,10,master,final,9,209.4083,208.1415,1.2667999999999893
cpu,NotoSansSC-VF,2,demo,pan,complete_us,10,master,final,10,215.7,210.3833,5.316699999999997
cpu,NotoSansSC-VF,2,demo,pan,complete_us,10,master,final,11,220.6461,230.0918,-9.445700000000016
cpu,NotoSansSC-VF,2,demo,pan,complete_us,10,master,final,12,218.525,215.7166,2.808400000000006
cpu,NotoSansSC-VF,2,demo,pan,draw_us,10,master,final,1,215.396,213.5085,1.8874999999999886
cpu,NotoSansSC-VF,2,demo,pan,draw_us,10,master,final,2,217.3169,212.6332,4.683700000000016
cpu,NotoSansSC-VF,2,demo,pan,draw_us,10,master,final,3,205.9625,207.6207,-1.6581999999999937
cpu,NotoSansSC-VF,2,demo,pan,draw_us,10,master,final,4,210.4539,206.3333,4.120599999999996
cpu,NotoSansSC-VF,2,demo,pan,draw_us,10,master,final,5,207.9372,212.8794,-4.942200000000014
cpu,NotoSansSC-VF,2,demo,pan,draw_us,10,master,final,6,210.5292,209.3249,1.2042999999999893
cpu,NotoSansSC-VF,2,demo,pan,draw_us,10,master,final,7,209.1874,211.5584,-2.3710000000000093
cpu,NotoSansSC-VF,2,demo,pan,draw_us,10,master,final,8,209.4833,207.7293,1.754000000000019
cpu,NotoSansSC-VF,2,demo,pan,draw_us,10,master,final,9,207.0708,206.5249,0.545899999999989
cpu,NotoSansSC-VF,2,demo,pan,draw_us,10,master,final,10,213.8876,208.6791,5.208499999999987
cpu,NotoSansSC-VF,2,demo,pan,draw_us,10,master,final,11,218.6541,228.0336,-9.379500000000007
cpu,NotoSansSC-VF,2,demo,pan,draw_us,10,master,final,12,216.571,213.9708,2.600200000000001
cpu,NotoSansSC-VF,2,demo,pan,submit_us,10,master,final,1,217.2625,215.3417,1.9207999999999856
cpu,NotoSansSC-VF,2,demo,pan,submit_us,10,master,final,2,219.0917,214.4499,4.641799999999989
cpu,NotoSansSC-VF,2,demo,pan,submit_us,10,master,final,3,207.721,209.3416,-1.620599999999996
cpu,NotoSansSC-VF,2,demo,pan,submit_us,10,master,final,4,212.0957,208.0585,4.037199999999984
cpu,NotoSansSC-VF,2,demo,pan,submit_us,10,master,final,5,209.6666,214.5585,-4.891900000000021
cpu,NotoSansSC-VF,2,demo,pan,submit_us,10,master,final,6,212.246,211.0458,1.2001999999999953
cpu,NotoSansSC-VF,2,demo,pan,submit_us,10,master,final,7,210.9583,213.325,-2.3666999999999803
cpu,NotoSansSC-VF,2,demo,pan,submit_us,10,master,final,8,211.1044,209.4582,1.6461999999999932
cpu,NotoSansSC-VF,2,demo,pan,submit_us,10,master,final,9,209.3958,208.129,1.2668000000000177
cpu,NotoSansSC-VF,2,demo,pan,submit_us,10,master,final,10,215.6834,210.3666,5.316800000000001
cpu,NotoSansSC-VF,2,demo,pan,submit_us,10,master,final,11,220.6209,230.0585,-9.437600000000003
cpu,NotoSansSC-VF,2,demo,pan,submit_us,10,master,final,12,218.4959,215.6917,2.8042000000000087
cpu,NotoSansSC-VF,2,demo,reported_sequence,complete_us,65,master,final,1,61666.169006,57699.173998,3966.995007999998
cpu,NotoSansSC-VF,2,demo,reported_sequence,complete_us,65,master,final,2,59530.914996,57860.246996,1670.6679999999978
cpu,NotoSansSC-VF,2,demo,reported_sequence,complete_us,65,master,final,3,59699.423014,57816.874018,1882.5489959999977
cpu,NotoSansSC-VF,2,demo,reported_sequence,complete_us,65,master,final,4,58847.291004,57544.165018,1303.125985999999
cpu,NotoSansSC-VF,2,demo,reported_sequence,complete_us,65,master,final,5,57776.166,57152.251994,623.9140059999991
cpu,NotoSansSC-VF,2,demo,reported_sequence,complete_us,65,master,final,6,57808.335998,57230.709998000006,577.6259999999966
cpu,NotoSansSC-VF,2,demo,reported_sequence,complete_us,65,master,final,7,57298.45501,57856.622006,-558.1669959999999
cpu,NotoSansSC-VF,2,demo,reported_sequence,complete_us,65,master,final,8,57247.041996,56687.874992,559.1670040000026
cpu,NotoSansSC-VF,2,demo,reported_sequence,complete_us,65,master,final,9,57476.123002,56654.881982,821.2410200000013
cpu,NotoSansSC-VF,2,demo,reported_sequence,complete_us,65,master,final,10,58842.04301,57214.377986,1627.6650240000017
cpu,NotoSansSC-VF,2,demo,reported_sequence,complete_us,65,master,final,11,61375.540001999994,110763.58701,-49388.04700800001
cpu,NotoSansSC-VF,2,demo,reported_sequence,complete_us,65,master,final,12,59514.163993999995,59297.62901,216.53498399999808
cpu,NotoSansSC-VF,2,demo,reported_sequence,draw_us,65,master,final,1,61548.16601,57591.462004,3956.704006
cpu,NotoSansSC-VF,2,demo,reported_sequence,draw_us,65,master,final,2,59427.499985999995,57752.995018,1674.5049679999938
cpu,NotoSansSC-VF,2,demo,reported_sequence,draw_us,65,master,final,3,59586.0,57711.332998,1874.667002000002
cpu,NotoSansSC-VF,2,demo,reported_sequence,draw_us,65,master,final,4,58732.583982000004,57442.003008,1290.580974000004
cpu,NotoSansSC-VF,2,demo,reported_sequence,draw_us,65,master,final,5,57666.254994,57044.202006,622.0529880000031
cpu,NotoSansSC-VF,2,demo,reported_sequence,draw_us,65,master,final,6,57710.41499399999,57129.124006,581.2909879999934
cpu,NotoSansSC-VF,2,demo,reported_sequence,draw_us,65,master,final,7,57195.91199,57751.58301,-555.6710200000016
cpu,NotoSansSC-VF,2,demo,reported_sequence,draw_us,65,master,final,8,57145.499986,56589.16799,556.3319960000008
cpu,NotoSansSC-VF,2,demo,reported_sequence,draw_us,65,master,final,9,57373.83301,56552.042993999996,821.7900160000063
cpu,NotoSansSC-VF,2,demo,reported_sequence,draw_us,65,master,final,10,58737.957004,57111.794006000004,1626.1629979999998
cpu,NotoSansSC-VF,2,demo,reported_sequence,draw_us,65,master,final,11,61259.172992,110593.751014,-49334.578021999994
cpu,NotoSansSC-VF,2,demo,reported_sequence,draw_us,65,master,final,12,59404.623006,59182.215004,222.40800200000376
cpu,NotoSansSC-VF,2,demo,reported_sequence,submit_us,65,master,final,1,61664.835992,57697.66800400001,3967.167987999994
cpu,NotoSansSC-VF,2,demo,reported_sequence,submit_us,65,master,final,2,59529.538997999996,57858.872008,1670.666989999998
cpu,NotoSansSC-VF,2,demo,reported_sequence,submit_us,65,master,final,3,59697.963994,57815.205996,1882.757998000001
cpu,NotoSansSC-VF,2,demo,reported_sequence,submit_us,65,master,final,4,58845.957994,57542.625002,1303.332991999996
cpu,NotoSansSC-VF,2,demo,reported_sequence,submit_us,65,master,final,5,57774.455003999996,57150.749986,623.7050179999933
cpu,NotoSansSC-VF,2,demo,reported_sequence,submit_us,65,master,final,6,57806.92299,57229.499994,577.4229960000011
cpu,NotoSansSC-VF,2,demo,reported_sequence,submit_us,65,master,final,7,57296.869999999995,57855.167008000004,-558.2970080000086
cpu,NotoSansSC-VF,2,demo,reported_sequence,submit_us,65,master,final,8,57245.752005999995,56686.624014,559.1279919999943
cpu,NotoSansSC-VF,2,demo,reported_sequence,submit_us,65,master,final,9,57474.748018,56653.633004,821.1150139999954
cpu,NotoSansSC-VF,2,demo,reported_sequence,submit_us,65,master,final,10,58840.370998,57213.125982000005,1627.2450159999935
cpu,NotoSansSC-VF,2,demo,reported_sequence,submit_us,65,master,final,11,61373.957989999995,110762.090998,-49388.133008000004
cpu,NotoSansSC-VF,2,demo,reported_sequence,submit_us,65,master,final,12,59512.664000000004,59296.090004000005,216.57399599999917
cpu,NotoSansSC-VF,2,demo,warm,complete_us,30,master,final,1,210.9096,209.398533,1.5110670000000255
cpu,NotoSansSC-VF,2,demo,warm,complete_us,30,master,final,2,216.681967,214.0874,2.5945669999999836
cpu,NotoSansSC-VF,2,demo,warm,complete_us,30,master,final,3,212.5598,213.2875,-0.7276999999999987
cpu,NotoSansSC-VF,2,demo,warm,complete_us,30,master,final,4,209.930567,212.391633,-2.4610660000000166
cpu,NotoSansSC-VF,2,demo,warm,complete_us,30,master,final,5,209.254167,209.351333,-0.09716600000001563
cpu,NotoSansSC-VF,2,demo,warm,complete_us,30,master,final,6,207.202733,213.404133,-6.201400000000007
cpu,NotoSansSC-VF,2,demo,warm,complete_us,30,master,final,7,205.913867,209.765233,-3.8513659999999845
cpu,NotoSansSC-VF,2,demo,warm,complete_us,30,master,final,8,206.380767,210.4667,-4.085933000000011
cpu,NotoSansSC-VF,2,demo,warm,complete_us,30,master,final,9,206.451467,210.381733,-3.930265999999989
cpu,NotoSansSC-VF,2,demo,warm,complete_us,30,master,final,10,206.213867,210.606833,-4.392966000000001
cpu,NotoSansSC-VF,2,demo,warm,complete_us,30,master,final,11,216.686067,237.891667,-21.205600000000004
cpu,NotoSansSC-VF,2,demo,warm,complete_us,30,master,final,12,216.716733,217.341567,-0.6248339999999928
cpu,NotoSansSC-VF,2,demo,warm,draw_us,30,master,final,1,209.236067,207.781933,1.454133999999982
cpu,NotoSansSC-VF,2,demo,warm,draw_us,30,master,final,2,214.832,212.288867,2.543132999999983
cpu,NotoSansSC-VF,2,demo,warm,draw_us,30,master,final,3,210.808467,211.5319,-0.723433
cpu,NotoSansSC-VF,2,demo,warm,draw_us,30,master,final,4,208.320933,210.740267,-2.419333999999992
cpu,NotoSansSC-VF,2,demo,warm,draw_us,30,master,final,5,207.6459,207.585867,0.06003300000000422
cpu,NotoSansSC-VF,2,demo,warm,draw_us,30,master,final,6,205.483233,211.693067,-6.209834000000001
cpu,NotoSansSC-VF,2,demo,warm,draw_us,30,master,final,7,204.175033,208.093167,-3.9181339999999807
cpu,NotoSansSC-VF,2,demo,warm,draw_us,30,master,final,8,204.6765,208.883333,-4.206832999999989
cpu,NotoSansSC-VF,2,demo,warm,draw_us,30,master,final,9,204.826333,208.606867,-3.7805339999999887
cpu,NotoSansSC-VF,2,demo,warm,draw_us,30,master,final,10,204.5708,208.955567,-4.384767000000011
cpu,NotoSansSC-VF,2,demo,warm,draw_us,30,master,final,11,214.9709,235.8333,-20.862400000000008
cpu,NotoSansSC-VF,2,demo,warm,draw_us,30,master,final,12,215.0056,215.563733,-0.5581330000000264
cpu,NotoSansSC-VF,2,demo,warm,submit_us,30,master,final,1,210.8859,209.380467,1.5054329999999823
cpu,NotoSansSC-VF,2,demo,warm,submit_us,30,master,final,2,216.6598,214.0611,2.5986999999999796
cpu,NotoSansSC-VF,2,demo,warm,submit_us,30,master,final,3,212.538967,213.261067,-0.7220999999999833
cpu,NotoSansSC-VF,2,demo,warm,submit_us,30,master,final,4,209.9112,212.373533,-2.462333000000001
cpu,NotoSansSC-VF,2,demo,warm,submit_us,30,master,final,5,209.229167,209.334633,-0.10546600000000694
cpu,NotoSansSC-VF,2,demo,warm,submit_us,30,master,final,6,207.1818,213.383333,-6.2015329999999835
cpu,NotoSansSC-VF,2,demo,warm,submit_us,30,master,final,7,205.8944,209.737533,-3.843133000000023
cpu,NotoSansSC-VF,2,demo,warm,submit_us,30,master,final,8,206.362633,210.449967,-4.0873339999999985
cpu,NotoSansSC-VF,2,demo,warm,submit_us,30,master,final,9,206.426333,210.3665,-3.9401670000000024
cpu,NotoSansSC-VF,2,demo,warm,submit_us,30,master,final,10,206.188833,210.584633,-4.395800000000008
cpu,NotoSansSC-VF,2,demo,warm,submit_us,30,master,final,11,216.663833,237.8653,-21.20146699999998
cpu,NotoSansSC-VF,2,demo,warm,submit_us,30,master,final,12,216.691867,217.3152,-0.6233330000000024
cpu,NotoSansSC-VF,2,demo,zoom_in,complete_us,12,master,final,1,2598.427083,2454.461917,143.96516599999995
cpu,NotoSansSC-VF,2,demo,zoom_in,complete_us,12,master,final,2,2514.638833,2458.07275,56.56608300000016
cpu,NotoSansSC-VF,2,demo,zoom_in,complete_us,12,master,final,3,2528.15625,2454.593667,73.5625829999999
cpu,NotoSansSC-VF,2,demo,zoom_in,complete_us,12,master,final,4,2480.541667,2444.256667,36.284999999999854
cpu,NotoSansSC-VF,2,demo,zoom_in,complete_us,12,master,final,5,2447.1735,2417.83,29.34349999999995
cpu,NotoSansSC-VF,2,demo,zoom_in,complete_us,12,master,final,6,2454.461667,2426.132167,28.329499999999825
cpu,NotoSansSC-VF,2,demo,zoom_in,complete_us,12,master,final,7,2444.34725,2452.031333,-7.684083000000101
cpu,NotoSansSC-VF,2,demo,zoom_in,complete_us,12,master,final,8,2421.225917,2388.1355,33.09041700000034
cpu,NotoSansSC-VF,2,demo,zoom_in,complete_us,12,master,final,9,2443.13525,2404.153083,38.98216699999966
cpu,NotoSansSC-VF,2,demo,zoom_in,complete_us,12,master,final,10,2501.385417,2421.562417,79.82299999999987
cpu,NotoSansSC-VF,2,demo,zoom_in,complete_us,12,master,final,11,2614.149417,5132.46175,-2518.3123330000003
cpu,NotoSansSC-VF,2,demo,zoom_in,complete_us,12,master,final,12,2526.5105,2543.15625,-16.645750000000135
cpu,NotoSansSC-VF,2,demo,zoom_in,draw_us,12,master,final,1,2596.52775,2452.996667,143.5310830000003
cpu,NotoSansSC-VF,2,demo,zoom_in,draw_us,12,master,final,2,2513.3855,2456.735917,56.64958299999989
cpu,NotoSansSC-VF,2,demo,zoom_in,draw_us,12,master,final,3,2526.82625,2453.315917,73.51033300000017
cpu,NotoSansSC-VF,2,demo,zoom_in,draw_us,12,master,final,4,2479.302167,2442.885333,36.41683399999965
cpu,NotoSansSC-VF,2,demo,zoom_in,draw_us,12,master,final,5,2445.979083,2416.659583,29.319500000000062
cpu,NotoSansSC-VF,2,demo,zoom_in,draw_us,12,master,final,6,2453.135167,2424.889083,28.246083999999883
cpu,NotoSansSC-VF,2,demo,zoom_in,draw_us,12,master,final,7,2443.111,2450.840417,-7.729417000000012
cpu,NotoSansSC-VF,2,demo,zoom_in,draw_us,12,master,final,8,2420.038333,2386.85775,33.18058299999984
cpu,NotoSansSC-VF,2,demo,zoom_in,draw_us,12,master,final,9,2441.753417,2402.902917,38.85050000000001
cpu,NotoSansSC-VF,2,demo,zoom_in,draw_us,12,master,final,10,2500.048667,2420.305583,79.74308400000018
cpu,NotoSansSC-VF,2,demo,zoom_in,draw_us,12,master,final,11,2612.441,5128.5,-2516.059
cpu,NotoSansSC-VF,2,demo,zoom_in,draw_us,12,master,final,12,2525.034833,2541.329917,-16.29508399999986
cpu,NotoSansSC-VF,2,demo,zoom_in,submit_us,12,master,final,1,2598.406333,2454.4445,143.96183299999984
cpu,NotoSansSC-VF,2,demo,zoom_in,submit_us,12,master,final,2,2514.621417,2458.055417,56.5659999999998
cpu,NotoSansSC-VF,2,demo,zoom_in,submit_us,12,master,final,3,2528.138833,2454.562333,73.57650000000012
cpu,NotoSansSC-VF,2,demo,zoom_in,submit_us,12,master,final,4,2480.52075,2444.235917,36.28483300000016
cpu,NotoSansSC-VF,2,demo,zoom_in,submit_us,12,master,final,5,2447.152583,2417.809167,29.34341600000016
cpu,NotoSansSC-VF,2,demo,zoom_in,submit_us,12,master,final,6,2454.4375,2426.114667,28.322833000000173
cpu,NotoSansSC-VF,2,demo,zoom_in,submit_us,12,master,final,7,2444.319417,2452.007167,-7.687750000000051
cpu,NotoSansSC-VF,2,demo,zoom_in,submit_us,12,master,final,8,2421.2155,2388.10075,33.11474999999973
cpu,NotoSansSC-VF,2,demo,zoom_in,submit_us,12,master,final,9,2443.111083,2404.13925,38.971832999999606
cpu,NotoSansSC-VF,2,demo,zoom_in,submit_us,12,master,final,10,2501.367917,2421.552083,79.815834
cpu,NotoSansSC-VF,2,demo,zoom_in,submit_us,12,master,final,11,2614.117917,5132.437833,-2518.319916
cpu,NotoSansSC-VF,2,demo,zoom_in,submit_us,12,master,final,12,2526.479167,2543.135417,-16.65625
cpu,NotoSansSC-VF,2,demo,zoom_out,complete_us,12,master,final,1,1483.520833,1418.736167,64.78466600000002
cpu,NotoSansSC-VF,2,demo,zoom_out,complete_us,12,master,final,2,1466.999917,1426.965083,40.034834000000046
cpu,NotoSansSC-VF,2,demo,zoom_out,complete_us,12,master,final,3,1510.159667,1429.149417,81.01024999999981
cpu,NotoSansSC-VF,2,demo,zoom_out,complete_us,12,master,final,4,1463.350667,1412.302167,51.048499999999876
cpu,NotoSansSC-VF,2,demo,zoom_out,complete_us,12,master,final,5,1428.92375,1423.7605,5.1632499999998345
cpu,NotoSansSC-VF,2,demo,zoom_out,complete_us,12,master,final,6,1430.82625,1412.274417,18.551832999999988
cpu,NotoSansSC-VF,2,demo,zoom_out,complete_us,12,master,final,7,1434.6355,1412.01375,22.62175000000002
cpu,NotoSansSC-VF,2,demo,zoom_out,complete_us,12,master,final,8,1426.16675,1409.486167,16.68058300000007
cpu,NotoSansSC-VF,2,demo,zoom_out,complete_us,12,master,final,9,1423.690917,1395.954917,27.735999999999876
cpu,NotoSansSC-VF,2,demo,zoom_out,complete_us,12,master,final,10,1456.972333,1424.698,32.27433299999984
cpu,NotoSansSC-VF,2,demo,zoom_out,complete_us,12,master,final,11,1537.691,2494.38525,-956.6942499999998
cpu,NotoSansSC-VF,2,demo,zoom_out,complete_us,12,master,final,12,1467.784583,1448.77075,19.013833000000204
cpu,NotoSansSC-VF,2,demo,zoom_out,draw_us,12,master,final,1,1481.989417,1417.1285,64.86091699999997
cpu,NotoSansSC-VF,2,demo,zoom_out,draw_us,12,master,final,2,1465.6075,1425.545,40.0625
cpu,NotoSansSC-VF,2,demo,zoom_out,draw_us,12,master,final,3,1508.684083,1427.618,81.06608300000016
cpu,NotoSansSC-VF,2,demo,zoom_out,draw_us,12,master,final,4,1461.604083,1410.930667,50.67341599999986
cpu,NotoSansSC-VF,2,demo,zoom_out,draw_us,12,master,final,5,1427.146,1422.333333,4.812666999999919
cpu,NotoSansSC-VF,2,demo,zoom_out,draw_us,12,master,final,6,1429.447917,1410.927,18.520917000000054
cpu,NotoSansSC-VF,2,demo,zoom_out,draw_us,12,master,final,7,1433.229083,1410.656083,22.572999999999865
cpu,NotoSansSC-VF,2,demo,zoom_out,draw_us,12,master,final,8,1424.781333,1408.156417,16.624915999999985
cpu,NotoSansSC-VF,2,demo,zoom_out,draw_us,12,master,final,9,1422.343667,1394.5765,27.7671670000002
cpu,NotoSansSC-VF,2,demo,zoom_out,draw_us,12,master,final,10,1455.52075,1423.236083,32.2846669999999
cpu,NotoSansSC-VF,2,demo,zoom_out,draw_us,12,master,final,11,1535.86125,2491.739583,-955.8783330000001
cpu,NotoSansSC-VF,2,demo,zoom_out,draw_us,12,master,final,12,1466.423667,1447.21525,19.208417000000054
cpu,NotoSansSC-VF,2,demo,zoom_out,submit_us,12,master,final,1,1483.499917,1418.711667,64.78825000000006
cpu,NotoSansSC-VF,2,demo,zoom_out,submit_us,12,master,final,2,1466.982417,1426.947833,40.034583999999995
cpu,NotoSansSC-VF,2,demo,zoom_out,submit_us,12,master,final,3,1510.138917,1429.1355,81.0034169999999
cpu,NotoSansSC-VF,2,demo,zoom_out,submit_us,12,master,final,4,1463.329917,1412.274333,51.05558399999995
cpu,NotoSansSC-VF,2,demo,zoom_out,submit_us,12,master,final,5,1428.90275,1423.732583,5.170166999999992
cpu,NotoSansSC-VF,2,demo,zoom_out,submit_us,12,master,final,6,1430.809,1412.257,18.551999999999907
cpu,NotoSansSC-VF,2,demo,zoom_out,submit_us,12,master,final,7,1434.614583,1411.989417,22.625166000000036
cpu,NotoSansSC-VF,2,demo,zoom_out,submit_us,12,master,final,8,1426.139,1409.46525,16.673749999999927
cpu,NotoSansSC-VF,2,demo,zoom_out,submit_us,12,master,final,9,1423.6735,1395.941,27.732500000000073
cpu,NotoSansSC-VF,2,demo,zoom_out,submit_us,12,master,final,10,1456.940917,1424.684083,32.2568339999998
cpu,NotoSansSC-VF,2,demo,zoom_out,submit_us,12,master,final,11,1537.670167,2494.357583,-956.687416
cpu,NotoSansSC-VF,2,demo,zoom_out,submit_us,12,master,final,12,1467.767333,1448.7395,19.0278330000001
cpu,NotoSansSC-VF,2,font_variations,first_paint,complete_us,1,master,final,1,1088.25,1057.292,30.958000000000084
cpu,NotoSansSC-VF,2,font_variations,first_paint,complete_us,1,master,final,2,1082.375,1061.833,20.541999999999916
cpu,NotoSansSC-VF,2,font_variations,first_paint,complete_us,1,master,final,3,1103.375,1032.834,70.54099999999994
cpu,NotoSansSC-VF,2,font_variations,first_paint,complete_us,1,master,final,4,1067.917,1022.791,45.12599999999986
cpu,NotoSansSC-VF,2,font_variations,first_paint,complete_us,1,master,final,5,1068.125,1025.875,42.25
cpu,NotoSansSC-VF,2,font_variations,first_paint,complete_us,1,master,final,6,1065.583,1051.166,14.417000000000144
cpu,NotoSansSC-VF,2,font_variations,first_paint,complete_us,1,master,final,7,1063.042,1030.5,32.541999999999916
cpu,NotoSansSC-VF,2,font_variations,first_paint,complete_us,1,master,final,8,1071.958,1048.792,23.166000000000167
cpu,NotoSansSC-VF,2,font_variations,first_paint,complete_us,1,master,final,9,1059.584,1023.625,35.95900000000006
cpu,NotoSansSC-VF,2,font_variations,first_paint,complete_us,1,master,final,10,1110.25,1027.417,82.83300000000008
cpu,NotoSansSC-VF,2,font_variations,first_paint,complete_us,1,master,final,11,1140.584,1154.916,-14.33199999999988
cpu,NotoSansSC-VF,2,font_variations,first_paint,complete_us,1,master,final,12,1099.833,1114.333,-14.5
cpu,NotoSansSC-VF,2,font_variations,first_paint,draw_us,1,master,final,1,1088.0,1056.958,31.041999999999916
cpu,NotoSansSC-VF,2,font_variations,first_paint,draw_us,1,master,final,2,1082.084,1061.458,20.625999999999976
cpu,NotoSansSC-VF,2,font_variations,first_paint,draw_us,1,master,final,3,1103.0,1032.625,70.375
cpu,NotoSansSC-VF,2,font_variations,first_paint,draw_us,1,master,final,4,1067.708,1022.541,45.16700000000003
cpu,NotoSansSC-VF,2,font_variations,first_paint,draw_us,1,master,final,5,1067.792,1025.666,42.125999999999976
cpu,NotoSansSC-VF,2,font_variations,first_paint,draw_us,1,master,final,6,1065.333,1050.875,14.458000000000084
cpu,NotoSansSC-VF,2,font_variations,first_paint,draw_us,1,master,final,7,1062.75,1030.209,32.54099999999994
cpu,NotoSansSC-VF,2,font_variations,first_paint,draw_us,1,master,final,8,1071.708,1048.583,23.125
cpu,NotoSansSC-VF,2,font_variations,first_paint,draw_us,1,master,final,9,1059.25,1023.417,35.83299999999997
cpu,NotoSansSC-VF,2,font_variations,first_paint,draw_us,1,master,final,10,1110.0,1027.083,82.91699999999992
cpu,NotoSansSC-VF,2,font_variations,first_paint,draw_us,1,master,final,11,1140.167,1154.208,-14.041000000000167
cpu,NotoSansSC-VF,2,font_variations,first_paint,draw_us,1,master,final,12,1099.583,1114.083,-14.5
cpu,NotoSansSC-VF,2,font_variations,first_paint,submit_us,1,master,final,1,1088.208,1057.25,30.958000000000084
cpu,NotoSansSC-VF,2,font_variations,first_paint,submit_us,1,master,final,2,1082.375,1061.791,20.58400000000006
cpu,NotoSansSC-VF,2,font_variations,first_paint,submit_us,1,master,final,3,1103.333,1032.792,70.54100000000017
cpu,NotoSansSC-VF,2,font_variations,first_paint,submit_us,1,master,final,4,1067.917,1022.75,45.166999999999916
cpu,NotoSansSC-VF,2,font_variations,first_paint,submit_us,1,master,final,5,1068.083,1025.833,42.25
cpu,NotoSansSC-VF,2,font_variations,first_paint,submit_us,1,master,final,6,1065.541,1051.166,14.375
cpu,NotoSansSC-VF,2,font_variations,first_paint,submit_us,1,master,final,7,1063.0,1030.5,32.5
cpu,NotoSansSC-VF,2,font_variations,first_paint,submit_us,1,master,final,8,1071.917,1048.792,23.125
cpu,NotoSansSC-VF,2,font_variations,first_paint,submit_us,1,master,final,9,1059.584,1023.584,36.000000000000114
cpu,NotoSansSC-VF,2,font_variations,first_paint,submit_us,1,master,final,10,1110.25,1027.375,82.875
cpu,NotoSansSC-VF,2,font_variations,first_paint,submit_us,1,master,final,11,1140.584,1154.916,-14.33199999999988
cpu,NotoSansSC-VF,2,font_variations,first_paint,submit_us,1,master,final,12,1099.833,1114.333,-14.5
cpu,NotoSansSC-VF,2,font_variations,reported_sequence,complete_us,63,master,final,1,11061.87401,10649.793,412.0810099999999
cpu,NotoSansSC-VF,2,font_variations,reported_sequence,complete_us,63,master,final,2,10923.544006,10661.547011999999,261.996994000001
cpu,NotoSansSC-VF,2,font_variations,reported_sequence,complete_us,63,master,final,3,11058.959,10538.615998,520.3430020000014
cpu,NotoSansSC-VF,2,font_variations,reported_sequence,complete_us,63,master,final,4,10746.66399,10484.001988,262.6620019999991
cpu,NotoSansSC-VF,2,font_variations,reported_sequence,complete_us,63,master,final,5,10707.205007999999,10473.499998,233.70500999999967
cpu,NotoSansSC-VF,2,font_variations,reported_sequence,complete_us,63,master,final,6,10801.457011999999,10384.49899,416.9580219999989
cpu,NotoSansSC-VF,2,font_variations,reported_sequence,complete_us,63,master,final,7,10617.043014,10394.998986,222.04402800000025
cpu,NotoSansSC-VF,2,font_variations,reported_sequence,complete_us,63,master,final,8,10598.749992,10505.53701,93.2129819999991
cpu,NotoSansSC-VF,2,font_variations,reported_sequence,complete_us,63,master,final,9,10691.500008,10405.623988000001,285.8760199999997
cpu,NotoSansSC-VF,2,font_variations,reported_sequence,complete_us,63,master,final,10,10957.126992,10495.586012,461.54097999999976
cpu,NotoSansSC-VF,2,font_variations,reported_sequence,complete_us,63,master,final,11,11307.461002000002,22614.333988000002,-11306.872986
cpu,NotoSansSC-VF,2,font_variations,reported_sequence,complete_us,63,master,final,12,10963.086012,11019.247996,-56.1619840000003
cpu,NotoSansSC-VF,2,font_variations,reported_sequence,draw_us,63,master,final,1,11053.752998,10642.915,410.83799799999906
cpu,NotoSansSC-VF,2,font_variations,reported_sequence,draw_us,63,master,final,2,10914.881012,10654.963998,259.91701400000056
cpu,NotoSansSC-VF,2,font_variations,reported_sequence,draw_us,63,master,final,3,11051.665992,10532.291009999999,519.3749820000012
cpu,NotoSansSC-VF,2,font_variations,reported_sequence,draw_us,63,master,final,4,10740.083,10477.461000000001,262.6219999999994
cpu,NotoSansSC-VF,2,font_variations,reported_sequence,draw_us,63,master,final,5,10700.289008,10467.414992,232.87401599999976
cpu,NotoSansSC-VF,2,font_variations,reported_sequence,draw_us,63,master,final,6,10794.002014,10378.12701,415.87500399999954
cpu,NotoSansSC-VF,2,font_variations,reported_sequence,draw_us,63,master,final,7,10609.79299,10388.417003999999,221.37598600000092
cpu,NotoSansSC-VF,2,font_variations,reported_sequence,draw_us,63,master,final,8,10591.754986,10498.915006,92.83998000000065
cpu,NotoSansSC-VF,2,font_variations,reported_sequence,draw_us,63,master,final,9,10684.382,10398.788014,285.59398599999986
cpu,NotoSansSC-VF,2,font_variations,reported_sequence,draw_us,63,master,final,10,10949.792986,10488.83301,460.9599760000001
cpu,NotoSansSC-VF,2,font_variations,reported_sequence,draw_us,63,master,final,11,11299.043012,22598.583006,-11299.539994
cpu,NotoSansSC-VF,2,font_variations,reported_sequence,draw_us,63,master,final,12,10956.124008,11011.374988,-55.25097999999889
cpu,NotoSansSC-VF,2,font_variations,reported_sequence,submit_us,63,master,final,1,11060.54301,10648.623986,411.9190239999989
cpu,NotoSansSC-VF,2,font_variations,reported_sequence,submit_us,63,master,final,2,10922.215001999999,10660.418992,261.7960099999982
cpu,NotoSansSC-VF,2,font_variations,reported_sequence,submit_us,63,master,final,3,11057.377992,10537.573998,519.8039939999999
cpu,NotoSansSC-VF,2,font_variations,reported_sequence,submit_us,63,master,final,4,10745.625007999999,10482.460012,263.1649959999995
cpu,NotoSansSC-VF,2,font_variations,reported_sequence,submit_us,63,master,final,5,10705.78799,10472.11999,233.66800000000148
cpu,NotoSansSC-VF,2,font_variations,reported_sequence,submit_us,63,master,final,6,10799.919012,10383.12199,416.79702200000065
cpu,NotoSansSC-VF,2,font_variations,reported_sequence,submit_us,63,master,final,7,10615.376,10393.58199,221.79400999999962
cpu,NotoSansSC-VF,2,font_variations,reported_sequence,submit_us,63,master,final,8,10597.332008,10503.999992,93.3320160000003
cpu,NotoSansSC-VF,2,font_variations,reported_sequence,submit_us,63,master,final,9,10690.000988,10403.996,286.0049880000006
cpu,NotoSansSC-VF,2,font_variations,reported_sequence,submit_us,63,master,final,10,10955.793012,10494.293998,461.4990140000009
cpu,NotoSansSC-VF,2,font_variations,reported_sequence,submit_us,63,master,final,11,11305.837008,22612.790992000002,-11306.953984000002
cpu,NotoSansSC-VF,2,font_variations,reported_sequence,submit_us,63,master,final,12,10961.45701,11017.873008,-56.4159980000004
cpu,NotoSansSC-VF,2,font_variations,slant_advance,complete_us,10,master,final,1,489.1872,471.4709,17.716300000000047
cpu,NotoSansSC-VF,2,font_variations,slant_advance,complete_us,10,master,final,2,490.9708,472.1791,18.79169999999999
cpu,NotoSansSC-VF,2,font_variations,slant_advance,complete_us,10,master,final,3,500.2875,464.6208,35.66670000000005
cpu,NotoSansSC-VF,2,font_variations,slant_advance,complete_us,10,master,final,4,478.0459,460.5418,17.504099999999994
cpu,NotoSansSC-VF,2,font_variations,slant_advance,complete_us,10,master,final,5,475.1667,468.8624,6.304300000000012
cpu,NotoSansSC-VF,2,font_variations,slant_advance,complete_us,10,master,final,6,480.5542,461.4207,19.13349999999997
cpu,NotoSansSC-VF,2,font_variations,slant_advance,complete_us,10,master,final,7,472.0499,461.4497,10.600199999999973
cpu,NotoSansSC-VF,2,font_variations,slant_advance,complete_us,10,master,final,8,469.8499,464.6665,5.183400000000006
cpu,NotoSansSC-VF,2,font_variations,slant_advance,complete_us,10,master,final,9,469.9,460.4417,9.458299999999952
cpu,NotoSansSC-VF,2,font_variations,slant_advance,complete_us,10,master,final,10,484.1957,466.6167,17.579000000000008
cpu,NotoSansSC-VF,2,font_variations,slant_advance,complete_us,10,master,final,11,497.7626,781.2667,-283.5041
cpu,NotoSansSC-VF,2,font_variations,slant_advance,complete_us,10,master,final,12,488.8749,478.4875,10.387400000000014
cpu,NotoSansSC-VF,2,font_variations,slant_advance,draw_us,10,master,final,1,489.054,471.3585,17.69549999999998
cpu,NotoSansSC-VF,2,font_variations,slant_advance,draw_us,10,master,final,2,490.8375,472.0415,18.795999999999992
cpu,NotoSansSC-VF,2,font_variations,slant_advance,draw_us,10,master,final,3,500.15,464.4999,35.65009999999995
cpu,NotoSansSC-VF,2,font_variations,slant_advance,draw_us,10,master,final,4,477.9041,460.4209,17.48320000000001
cpu,NotoSansSC-VF,2,font_variations,slant_advance,draw_us,10,master,final,5,475.0334,468.7542,6.279199999999946
cpu,NotoSansSC-VF,2,font_variations,slant_advance,draw_us,10,master,final,6,480.4167,461.2875,19.12919999999997
cpu,NotoSansSC-VF,2,font_variations,slant_advance,draw_us,10,master,final,7,471.9041,461.329,10.57510000000002
cpu,NotoSansSC-VF,2,font_variations,slant_advance,draw_us,10,master,final,8,469.7085,464.5374,5.171100000000024
cpu,NotoSansSC-VF,2,font_variations,slant_advance,draw_us,10,master,final,9,469.7751,460.296,9.479100000000017
cpu,NotoSansSC-VF,2,font_variations,slant_advance,draw_us,10,master,final,10,484.05,466.4917,17.55830000000003
cpu,NotoSansSC-VF,2,font_variations,slant_advance,draw_us,10,master,final,11,497.5832,780.8292,-283.24600000000004
cpu,NotoSansSC-VF,2,font_variations,slant_advance,draw_us,10,master,final,12,488.7332,478.3375,10.395700000000033
cpu,NotoSansSC-VF,2,font_variations,slant_advance,submit_us,10,master,final,1,489.1666,471.4458,17.720799999999997
cpu,NotoSansSC-VF,2,font_variations,slant_advance,submit_us,10,master,final,2,490.9583,472.1625,18.795799999999986
cpu,NotoSansSC-VF,2,font_variations,slant_advance,submit_us,10,master,final,3,500.2667,464.5959,35.67080000000004
cpu,NotoSansSC-VF,2,font_variations,slant_advance,submit_us,10,master,final,4,478.0291,460.5169,17.512200000000007
cpu,NotoSansSC-VF,2,font_variations,slant_advance,submit_us,10,master,final,5,475.1376,468.8541,6.283500000000004
cpu,NotoSansSC-VF,2,font_variations,slant_advance,submit_us,10,master,final,6,480.5376,461.3875,19.15010000000001
cpu,NotoSansSC-VF,2,font_variations,slant_advance,submit_us,10,master,final,7,472.0249,461.4332,10.591700000000003
cpu,NotoSansSC-VF,2,font_variations,slant_advance,submit_us,10,master,final,8,469.8251,464.6373,5.187800000000038
cpu,NotoSansSC-VF,2,font_variations,slant_advance,submit_us,10,master,final,9,469.8792,460.4127,9.466500000000053
cpu,NotoSansSC-VF,2,font_variations,slant_advance,submit_us,10,master,final,10,484.175,466.5958,17.579200000000014
cpu,NotoSansSC-VF,2,font_variations,slant_advance,submit_us,10,master,final,11,497.7375,781.2291,-283.4916
cpu,NotoSansSC-VF,2,font_variations,slant_advance,submit_us,10,master,final,12,488.854,478.4625,10.391500000000008
cpu,NotoSansSC-VF,2,font_variations,slant_return,complete_us,10,master,final,1,41.475,40.9752,0.49980000000000047
cpu,NotoSansSC-VF,2,font_variations,slant_return,complete_us,10,master,final,2,43.3876,39.6873,3.7002999999999986
cpu,NotoSansSC-VF,2,font_variations,slant_return,complete_us,10,master,final,3,40.7708,39.8832,0.8875999999999991
cpu,NotoSansSC-VF,2,font_variations,slant_return,complete_us,10,master,final,4,40.4668,41.3207,-0.853900000000003
cpu,NotoSansSC-VF,2,font_variations,slant_return,complete_us,10,master,final,5,39.5498,39.321,0.22879999999999967
cpu,NotoSansSC-VF,2,font_variations,slant_return,complete_us,10,master,final,6,40.5875,38.8126,1.7748999999999953
cpu,NotoSansSC-VF,2,font_variations,slant_return,complete_us,10,master,final,7,40.5623,39.0164,1.5459000000000032
cpu,NotoSansSC-VF,2,font_variations,slant_return,complete_us,10,master,final,8,39.7459,39.4834,0.26249999999999574
cpu,NotoSansSC-VF,2,font_variations,slant_return,complete_us,10,master,final,9,41.0541,39.4625,1.5915999999999997
cpu,NotoSansSC-VF,2,font_variations,slant_return,complete_us,10,master,final,10,42.3669,39.7127,2.654200000000003
cpu,NotoSansSC-VF,2,font_variations,slant_return,complete_us,10,master,final,11,43.9334,45.9916,-2.0581999999999994
cpu,NotoSansSC-VF,2,font_variations,slant_return,complete_us,10,master,final,12,41.2666,41.7084,-0.44180000000000064
cpu,NotoSansSC-VF,2,font_variations,slant_return,draw_us,10,master,final,1,41.35,40.875,0.4750000000000014
cpu,NotoSansSC-VF,2,font_variations,slant_return,draw_us,10,master,final,2,43.275,39.6001,3.674900000000001
cpu,NotoSansSC-VF,2,font_variations,slant_return,draw_us,10,master,final,3,40.6543,39.8001,0.8541999999999987
cpu,NotoSansSC-VF,2,font_variations,slant_return,draw_us,10,master,final,4,40.3668,41.2333,-0.866500000000002
cpu,NotoSansSC-VF,2,font_variations,slant_return,draw_us,10,master,final,5,39.4458,39.225,0.220799999999997
cpu,NotoSansSC-VF,2,font_variations,slant_return,draw_us,10,master,final,6,40.4791,38.7166,1.7625000000000028
cpu,NotoSansSC-VF,2,font_variations,slant_return,draw_us,10,master,final,7,40.4541,38.9164,1.5376999999999938
cpu,NotoSansSC-VF,2,font_variations,slant_return,draw_us,10,master,final,8,39.6417,39.3794,0.2623000000000033
cpu,NotoSansSC-VF,2,font_variations,slant_return,draw_us,10,master,final,9,40.9625,39.3792,1.5833000000000013
cpu,NotoSansSC-VF,2,font_variations,slant_return,draw_us,10,master,final,10,42.2501,39.6167,2.6334000000000017
cpu,NotoSansSC-VF,2,font_variations,slant_return,draw_us,10,master,final,11,43.8167,45.8875,-2.0708000000000055
cpu,NotoSansSC-VF,2,font_variations,slant_return,draw_us,10,master,final,12,41.1582,41.6085,-0.4502999999999986
cpu,NotoSansSC-VF,2,font_variations,slant_return,submit_us,10,master,final,1,41.4543,40.9584,0.495900000000006
cpu,NotoSansSC-VF,2,font_variations,slant_return,submit_us,10,master,final,2,43.3625,39.6667,3.6957999999999984
cpu,NotoSansSC-VF,2,font_variations,slant_return,submit_us,10,master,final,3,40.7458,39.8749,0.870900000000006
cpu,NotoSansSC-VF,2,font_variations,slant_return,submit_us,10,master,final,4,40.4376,41.3,-0.8623999999999938
cpu,NotoSansSC-VF,2,font_variations,slant_return,submit_us,10,master,final,5,39.5332,39.2958,0.23740000000000094
cpu,NotoSansSC-VF,2,font_variations,slant_return,submit_us,10,master,final,6,40.5707,38.7918,1.7789000000000001
cpu,NotoSansSC-VF,2,font_variations,slant_return,submit_us,10,master,final,7,40.5456,38.9998,1.5457999999999998
cpu,NotoSansSC-VF,2,font_variations,slant_return,submit_us,10,master,final,8,39.7167,39.4584,0.2583000000000055
cpu,NotoSansSC-VF,2,font_variations,slant_return,submit_us,10,master,final,9,41.0331,39.4375,1.5955999999999975
cpu,NotoSansSC-VF,2,font_variations,slant_return,submit_us,10,master,final,10,42.3378,39.6919,2.6459000000000046
cpu,NotoSansSC-VF,2,font_variations,slant_return,submit_us,10,master,final,11,43.9001,45.9749,-2.074799999999996
cpu,NotoSansSC-VF,2,font_variations,slant_return,submit_us,10,master,final,12,41.2334,41.6958,-0.46239999999999526
cpu,NotoSansSC-VF,2,font_variations,warm,complete_us,30,master,final,1,38.431967,38.3625,0.06946700000000305
cpu,NotoSansSC-VF,2,font_variations,warm,complete_us,30,master,final,2,38.862467,37.881867,0.9806000000000026
cpu,NotoSansSC-VF,2,font_variations,warm,complete_us,30,master,final,3,38.4542,37.580567,0.8736329999999981
cpu,NotoSansSC-VF,2,font_variations,warm,complete_us,30,master,final,4,37.972233,37.180533,0.7917000000000058
cpu,NotoSansSC-VF,2,font_variations,warm,complete_us,30,master,final,5,37.544467,37.5958,-0.05133299999999963
cpu,NotoSansSC-VF,2,font_variations,warm,complete_us,30,master,final,6,38.269467,37.487433,0.7820339999999959
cpu,NotoSansSC-VF,2,font_variations,warm,complete_us,30,master,final,7,37.582,37.174933,0.40706699999999785
cpu,NotoSansSC-VF,2,font_variations,warm,complete_us,30,master,final,8,37.704233,37.605533,0.0987000000000009
cpu,NotoSansSC-VF,2,font_variations,warm,complete_us,30,master,final,9,37.6598,38.156933,-0.49713300000000515
cpu,NotoSansSC-VF,2,font_variations,warm,complete_us,30,master,final,10,37.972133,38.309733,-0.3376000000000019
cpu,NotoSansSC-VF,2,font_variations,warm,complete_us,30,master,final,11,39.1915,40.0,-0.8085000000000022
cpu,NotoSansSC-VF,2,font_variations,warm,complete_us,30,master,final,12,38.641667,39.5821,-0.9404329999999987
cpu,NotoSansSC-VF,2,font_variations,warm,draw_us,30,master,final,1,38.3264,38.2819,0.04449999999999932
cpu,NotoSansSC-VF,2,font_variations,warm,draw_us,30,master,final,2,38.770867,37.795833,0.9750340000000008
cpu,NotoSansSC-VF,2,font_variations,warm,draw_us,30,master,final,3,38.354167,37.495867,0.8582999999999998
cpu,NotoSansSC-VF,2,font_variations,warm,draw_us,30,master,final,4,37.880633,37.094433,0.7862000000000009
cpu,NotoSansSC-VF,2,font_variations,warm,draw_us,30,master,final,5,37.456933,37.512567,-0.05563399999999774
cpu,NotoSansSC-VF,2,font_variations,warm,draw_us,30,master,final,6,38.173667,37.4055,0.7681669999999983
cpu,NotoSansSC-VF,2,font_variations,warm,draw_us,30,master,final,7,37.487533,37.094433,0.3930999999999969
cpu,NotoSansSC-VF,2,font_variations,warm,draw_us,30,master,final,8,37.612533,37.513933,0.09859999999999758
cpu,NotoSansSC-VF,2,font_variations,warm,draw_us,30,master,final,9,37.573567,38.065167,-0.49160000000000537
cpu,NotoSansSC-VF,2,font_variations,warm,draw_us,30,master,final,10,37.880567,38.2222,-0.34163300000000163
cpu,NotoSansSC-VF,2,font_variations,warm,draw_us,30,master,final,11,39.091667,39.908333,-0.8166659999999979
cpu,NotoSansSC-VF,2,font_variations,warm,draw_us,30,master,final,12,38.551367,39.491733,-0.9403660000000045
cpu,NotoSansSC-VF,2,font_variations,warm,submit_us,30,master,final,1,38.415267,38.344433,0.07083399999999784
cpu,NotoSansSC-VF,2,font_variations,warm,submit_us,30,master,final,2,38.8403,37.859567,0.9807330000000007
cpu,NotoSansSC-VF,2,font_variations,warm,submit_us,30,master,final,3,38.4319,37.561133,0.8707670000000007
cpu,NotoSansSC-VF,2,font_variations,warm,submit_us,30,master,final,4,37.949967,37.1527,0.797266999999998
cpu,NotoSansSC-VF,2,font_variations,warm,submit_us,30,master,final,5,37.5195,37.576333,-0.05683299999999747
cpu,NotoSansSC-VF,2,font_variations,warm,submit_us,30,master,final,6,38.243167,37.470833,0.7723340000000007
cpu,NotoSansSC-VF,2,font_variations,warm,submit_us,30,master,final,7,37.5653,37.155467,0.409832999999999
cpu,NotoSansSC-VF,2,font_variations,warm,submit_us,30,master,final,8,37.679233,37.590233,0.08900000000000574
cpu,NotoSansSC-VF,2,font_variations,warm,submit_us,30,master,final,9,37.638967,38.1347,-0.4957330000000013
cpu,NotoSansSC-VF,2,font_variations,warm,submit_us,30,master,final,10,37.951333,38.283333,-0.33200000000000074
cpu,NotoSansSC-VF,2,font_variations,warm,submit_us,30,master,final,11,39.167933,39.977867,-0.8099340000000055
cpu,NotoSansSC-VF,2,font_variations,warm,submit_us,30,master,final,12,38.612467,39.5598,-0.9473330000000004
cpu,NotoSansSC-VF,2,font_variations,weight_advance,complete_us,6,master,final,1,544.1385,506.3405,37.798
cpu,NotoSansSC-VF,2,font_variations,weight_advance,complete_us,6,master,final,2,551.361,518.840167,32.52083300000004
cpu,NotoSansSC-VF,2,font_variations,weight_advance,complete_us,6,master,final,3,534.3125,516.722333,17.59016699999995
cpu,NotoSansSC-VF,2,font_variations,weight_advance,complete_us,6,master,final,4,519.347333,507.701333,11.646000000000072
cpu,NotoSansSC-VF,2,font_variations,weight_advance,complete_us,6,master,final,5,520.3055,505.424,14.881500000000074
cpu,NotoSansSC-VF,2,font_variations,weight_advance,complete_us,6,master,final,6,516.138667,499.493,16.64566700000006
cpu,NotoSansSC-VF,2,font_variations,weight_advance,complete_us,6,master,final,7,512.868,503.541833,9.326167000000055
cpu,NotoSansSC-VF,2,font_variations,weight_advance,complete_us,6,master,final,8,514.971833,502.583167,12.388665999999944
cpu,NotoSansSC-VF,2,font_variations,weight_advance,complete_us,6,master,final,9,517.347333,501.166667,16.18066600000003
cpu,NotoSansSC-VF,2,font_variations,weight_advance,complete_us,6,master,final,10,526.653167,506.930667,19.722500000000025
cpu,NotoSansSC-VF,2,font_variations,weight_advance,complete_us,6,master,final,11,555.506833,1372.277833,-816.7710000000001
cpu,NotoSansSC-VF,2,font_variations,weight_advance,complete_us,6,master,final,12,526.298667,540.465167,-14.166499999999928
cpu,NotoSansSC-VF,2,font_variations,weight_advance,draw_us,6,master,final,1,543.951333,506.173667,37.777665999999954
cpu,NotoSansSC-VF,2,font_variations,weight_advance,draw_us,6,master,final,2,551.131833,518.6595,32.47233300000005
cpu,NotoSansSC-VF,2,font_variations,weight_advance,draw_us,6,master,final,3,534.118,516.5695,17.548500000000104
cpu,NotoSansSC-VF,2,font_variations,weight_advance,draw_us,6,master,final,4,519.180667,507.534667,11.645999999999958
cpu,NotoSansSC-VF,2,font_variations,weight_advance,draw_us,6,master,final,5,520.125167,505.284667,14.84050000000002
cpu,NotoSansSC-VF,2,font_variations,weight_advance,draw_us,6,master,final,6,515.9585,499.319667,16.638832999999977
cpu,NotoSansSC-VF,2,font_variations,weight_advance,draw_us,6,master,final,7,512.673333,503.368167,9.305165999999929
cpu,NotoSansSC-VF,2,font_variations,weight_advance,draw_us,6,master,final,8,514.798667,502.430333,12.368334000000004
cpu,NotoSansSC-VF,2,font_variations,weight_advance,draw_us,6,master,final,9,517.173667,501.0,16.173667000000023
cpu,NotoSansSC-VF,2,font_variations,weight_advance,draw_us,6,master,final,10,526.479333,506.764,19.715332999999987
cpu,NotoSansSC-VF,2,font_variations,weight_advance,draw_us,6,master,final,11,555.270667,1370.875167,-815.6044999999999
cpu,NotoSansSC-VF,2,font_variations,weight_advance,draw_us,6,master,final,12,526.125,540.263667,-14.138667000000055
cpu,NotoSansSC-VF,2,font_variations,weight_advance,submit_us,6,master,final,1,544.117833,506.312667,37.80516600000004
cpu,NotoSansSC-VF,2,font_variations,weight_advance,submit_us,6,master,final,2,551.333333,518.819333,32.51400000000001
cpu,NotoSansSC-VF,2,font_variations,weight_advance,submit_us,6,master,final,3,534.298667,516.708333,17.590333999999984
cpu,NotoSansSC-VF,2,font_variations,weight_advance,submit_us,6,master,final,4,519.319667,507.6805,11.639166999999986
cpu,NotoSansSC-VF,2,font_variations,weight_advance,submit_us,6,master,final,5,520.284833,505.389,14.895833000000039
cpu,NotoSansSC-VF,2,font_variations,weight_advance,submit_us,6,master,final,6,516.117833,499.465333,16.652500000000032
cpu,NotoSansSC-VF,2,font_variations,weight_advance,submit_us,6,master,final,7,512.84,503.514,9.326000000000022
cpu,NotoSansSC-VF,2,font_variations,weight_advance,submit_us,6,master,final,8,514.944333,502.562333,12.382000000000005
cpu,NotoSansSC-VF,2,font_variations,weight_advance,submit_us,6,master,final,9,517.326667,501.152833,16.173834000000056
cpu,NotoSansSC-VF,2,font_variations,weight_advance,submit_us,6,master,final,10,526.632167,506.903,19.72916699999996
cpu,NotoSansSC-VF,2,font_variations,weight_advance,submit_us,6,master,final,11,555.479167,1372.242833,-816.7636660000001
cpu,NotoSansSC-VF,2,font_variations,weight_advance,submit_us,6,master,final,12,526.278,540.430333,-14.152332999999999
cpu,NotoSansSC-VF,2,font_variations,weight_return,complete_us,6,master,final,1,40.0835,39.847333,0.2361670000000018
cpu,NotoSansSC-VF,2,font_variations,weight_return,complete_us,6,master,final,2,37.7985,39.604,-1.805500000000002
cpu,NotoSansSC-VF,2,font_variations,weight_return,complete_us,6,master,final,3,40.347333,39.576667,0.7706659999999985
cpu,NotoSansSC-VF,2,font_variations,weight_return,complete_us,6,master,final,4,39.444167,39.4515,-0.0073330000000026985
cpu,NotoSansSC-VF,2,font_variations,weight_return,complete_us,6,master,final,5,38.868,38.298833,0.5691670000000002
cpu,NotoSansSC-VF,2,font_variations,weight_return,complete_us,6,master,final,6,38.6525,38.2915,0.3610000000000042
cpu,NotoSansSC-VF,2,font_variations,weight_return,complete_us,6,master,final,7,38.847167,39.2845,-0.4373330000000024
cpu,NotoSansSC-VF,2,font_variations,weight_return,complete_us,6,master,final,8,38.840167,38.6735,0.1666670000000039
cpu,NotoSansSC-VF,2,font_variations,weight_return,complete_us,6,master,final,9,39.958333,39.889,0.06933300000000031
cpu,NotoSansSC-VF,2,font_variations,weight_return,complete_us,6,master,final,10,39.0975,39.722167,-0.6246670000000023
cpu,NotoSansSC-VF,2,font_variations,weight_return,complete_us,6,master,final,11,42.340333,106.221833,-63.8815
cpu,NotoSansSC-VF,2,font_variations,weight_return,complete_us,6,master,final,12,39.909833,42.097333,-2.1875
cpu,NotoSansSC-VF,2,font_variations,weight_return,draw_us,6,master,final,1,39.9585,39.756833,0.20166700000000048
cpu,NotoSansSC-VF,2,font_variations,weight_return,draw_us,6,master,final,2,37.6875,39.507,-1.819499999999998
cpu,NotoSansSC-VF,2,font_variations,weight_return,draw_us,6,master,final,3,40.243167,39.493,0.7501669999999976
cpu,NotoSansSC-VF,2,font_variations,weight_return,draw_us,6,master,final,4,39.354167,39.361333,-0.007166000000005113
cpu,NotoSansSC-VF,2,font_variations,weight_return,draw_us,6,master,final,5,38.771,38.215167,0.5558329999999998
cpu,NotoSansSC-VF,2,font_variations,weight_return,draw_us,6,master,final,6,38.5625,38.201333,0.3611670000000018
cpu,NotoSansSC-VF,2,font_variations,weight_return,draw_us,6,master,final,7,38.743,39.201333,-0.4583329999999961
cpu,NotoSansSC-VF,2,font_variations,weight_return,draw_us,6,master,final,8,38.736167,38.583333,0.15283399999999858
cpu,NotoSansSC-VF,2,font_variations,weight_return,draw_us,6,master,final,9,39.861167,39.798667,0.0625
cpu,NotoSansSC-VF,2,font_variations,weight_return,draw_us,6,master,final,10,39.006833,39.632167,-0.6253340000000023
cpu,NotoSansSC-VF,2,font_variations,weight_return,draw_us,6,master,final,11,42.222167,105.937333,-63.715165999999996
cpu,NotoSansSC-VF,2,font_variations,weight_return,draw_us,6,master,final,12,39.819333,42.007,-2.1876669999999976
cpu,NotoSansSC-VF,2,font_variations,weight_return,submit_us,6,master,final,1,40.055667,39.8195,0.2361670000000018
cpu,NotoSansSC-VF,2,font_variations,weight_return,submit_us,6,master,final,2,37.777667,39.583,-1.8053329999999974
cpu,NotoSansSC-VF,2,font_variations,weight_return,submit_us,6,master,final,3,40.319333,39.562667,0.7566660000000027
cpu,NotoSansSC-VF,2,font_variations,weight_return,submit_us,6,master,final,4,39.416667,39.430667,-0.014000000000002899
cpu,NotoSansSC-VF,2,font_variations,weight_return,submit_us,6,master,final,5,38.840333,38.271,0.5693330000000003
cpu,NotoSansSC-VF,2,font_variations,weight_return,submit_us,6,master,final,6,38.631667,38.263833,0.367834000000002
cpu,NotoSansSC-VF,2,font_variations,weight_return,submit_us,6,master,final,7,38.819333,39.270833,-0.4515000000000029
cpu,NotoSansSC-VF,2,font_variations,weight_return,submit_us,6,master,final,8,38.7985,38.653,0.1454999999999984
cpu,NotoSansSC-VF,2,font_variations,weight_return,submit_us,6,master,final,9,39.9515,39.861167,0.0903330000000011
cpu,NotoSansSC-VF,2,font_variations,weight_return,submit_us,6,master,final,10,39.0765,39.694333,-0.6178329999999974
cpu,NotoSansSC-VF,2,font_variations,weight_return,submit_us,6,master,final,11,42.312667,106.201167,-63.8885
cpu,NotoSansSC-VF,2,font_variations,weight_return,submit_us,6,master,final,12,39.909833,42.090333,-2.180500000000002
cpu,NotoSansSC-VF,2,grid_pollution,hot_first,complete_us,1,master,final,1,283.083,218.458,64.62500000000003
cpu,NotoSansSC-VF,2,grid_pollution,hot_first,complete_us,1,master,final,2,276.25,210.042,66.208
cpu,NotoSansSC-VF,2,grid_pollution,hot_first,complete_us,1,master,final,3,275.583,224.708,50.87500000000003
cpu,NotoSansSC-VF,2,grid_pollution,hot_first,complete_us,1,master,final,4,278.041,211.292,66.749
cpu,NotoSansSC-VF,2,grid_pollution,hot_first,complete_us,1,master,final,5,281.875,214.583,67.292
cpu,NotoSansSC-VF,2,grid_pollution,hot_first,complete_us,1,master,final,6,279.542,202.834,76.70799999999997
cpu,NotoSansSC-VF,2,grid_pollution,hot_first,complete_us,1,master,final,7,262.375,211.916,50.459
cpu,NotoSansSC-VF,2,grid_pollution,hot_first,complete_us,1,master,final,8,266.083,217.458,48.62500000000003
cpu,NotoSansSC-VF,2,grid_pollution,hot_first,complete_us,1,master,final,9,267.208,209.958,57.25000000000003
cpu,NotoSansSC-VF,2,grid_pollution,hot_first,complete_us,1,master,final,10,277.875,197.958,79.917
cpu,NotoSansSC-VF,2,grid_pollution,hot_first,complete_us,1,master,final,11,293.875,236.75,57.125
cpu,NotoSansSC-VF,2,grid_pollution,hot_first,complete_us,1,master,final,12,293.958,221.25,72.70800000000003
cpu,NotoSansSC-VF,2,grid_pollution,hot_first,draw_us,1,master,final,1,282.5,218.083,64.417
cpu,NotoSansSC-VF,2,grid_pollution,hot_first,draw_us,1,master,final,2,275.833,209.333,66.50000000000003
cpu,NotoSansSC-VF,2,grid_pollution,hot_first,draw_us,1,master,final,3,274.708,224.083,50.62500000000003
cpu,NotoSansSC-VF,2,grid_pollution,hot_first,draw_us,1,master,final,4,277.833,211.042,66.79100000000003
cpu,NotoSansSC-VF,2,grid_pollution,hot_first,draw_us,1,master,final,5,281.709,214.416,67.293
cpu,NotoSansSC-VF,2,grid_pollution,hot_first,draw_us,1,master,final,6,279.334,202.125,77.209
cpu,NotoSansSC-VF,2,grid_pollution,hot_first,draw_us,1,master,final,7,261.917,211.5,50.41699999999997
cpu,NotoSansSC-VF,2,grid_pollution,hot_first,draw_us,1,master,final,8,265.708,216.875,48.83300000000003
cpu,NotoSansSC-VF,2,grid_pollution,hot_first,draw_us,1,master,final,9,267.0,209.666,57.334
cpu,NotoSansSC-VF,2,grid_pollution,hot_first,draw_us,1,master,final,10,277.375,197.666,79.709
cpu,NotoSansSC-VF,2,grid_pollution,hot_first,draw_us,1,master,final,11,293.333,236.084,57.249000000000024
cpu,NotoSansSC-VF,2,grid_pollution,hot_first,draw_us,1,master,final,12,293.0,221.042,71.958
cpu,NotoSansSC-VF,2,grid_pollution,hot_first,submit_us,1,master,final,1,283.041,218.417,64.624
cpu,NotoSansSC-VF,2,grid_pollution,hot_first,submit_us,1,master,final,2,276.208,210.0,66.20800000000003
cpu,NotoSansSC-VF,2,grid_pollution,hot_first,submit_us,1,master,final,3,275.542,224.708,50.833999999999975
cpu,NotoSansSC-VF,2,grid_pollution,hot_first,submit_us,1,master,final,4,278.041,211.25,66.791
cpu,NotoSansSC-VF,2,grid_pollution,hot_first,submit_us,1,master,final,5,281.834,214.583,67.251
cpu,NotoSansSC-VF,2,grid_pollution,hot_first,submit_us,1,master,final,6,279.5,202.834,76.666
cpu,NotoSansSC-VF,2,grid_pollution,hot_first,submit_us,1,master,final,7,262.333,211.916,50.41700000000003
cpu,NotoSansSC-VF,2,grid_pollution,hot_first,submit_us,1,master,final,8,266.083,217.458,48.62500000000003
cpu,NotoSansSC-VF,2,grid_pollution,hot_first,submit_us,1,master,final,9,267.208,209.958,57.25000000000003
cpu,NotoSansSC-VF,2,grid_pollution,hot_first,submit_us,1,master,final,10,277.834,197.958,79.876
cpu,NotoSansSC-VF,2,grid_pollution,hot_first,submit_us,1,master,final,11,293.875,236.709,57.166
cpu,NotoSansSC-VF,2,grid_pollution,hot_first,submit_us,1,master,final,12,293.917,221.25,72.66699999999997
cpu,NotoSansSC-VF,2,grid_pollution,hot_return,complete_us,1,master,final,1,224.542,223.833,0.7090000000000032
cpu,NotoSansSC-VF,2,grid_pollution,hot_return,complete_us,1,master,final,2,234.875,219.5,15.375
cpu,NotoSansSC-VF,2,grid_pollution,hot_return,complete_us,1,master,final,3,248.041,222.333,25.708
cpu,NotoSansSC-VF,2,grid_pollution,hot_return,complete_us,1,master,final,4,226.375,213.5,12.875
cpu,NotoSansSC-VF,2,grid_pollution,hot_return,complete_us,1,master,final,5,219.333,214.375,4.957999999999998
cpu,NotoSansSC-VF,2,grid_pollution,hot_return,complete_us,1,master,final,6,230.083,213.709,16.373999999999995
cpu,NotoSansSC-VF,2,grid_pollution,hot_return,complete_us,1,master,final,7,231.458,219.333,12.125
cpu,NotoSansSC-VF,2,grid_pollution,hot_return,complete_us,1,master,final,8,228.209,211.042,17.167
cpu,NotoSansSC-VF,2,grid_pollution,hot_return,complete_us,1,master,final,9,221.333,219.875,1.4579999999999984
cpu,NotoSansSC-VF,2,grid_pollution,hot_return,complete_us,1,master,final,10,224.667,210.583,14.084000000000003
cpu,NotoSansSC-VF,2,grid_pollution,hot_return,complete_us,1,master,final,11,248.208,261.25,-13.042000000000002
cpu,NotoSansSC-VF,2,grid_pollution,hot_return,complete_us,1,master,final,12,233.708,225.417,8.290999999999997
cpu,NotoSansSC-VF,2,grid_pollution,hot_return,draw_us,1,master,final,1,224.417,223.666,0.7510000000000048
cpu,NotoSansSC-VF,2,grid_pollution,hot_return,draw_us,1,master,final,2,234.75,219.25,15.5
cpu,NotoSansSC-VF,2,grid_pollution,hot_return,draw_us,1,master,final,3,247.666,222.125,25.540999999999997
cpu,NotoSansSC-VF,2,grid_pollution,hot_return,draw_us,1,master,final,4,226.292,213.375,12.917000000000002
cpu,NotoSansSC-VF,2,grid_pollution,hot_return,draw_us,1,master,final,5,219.25,214.291,4.959000000000003
cpu,NotoSansSC-VF,2,grid_pollution,hot_return,draw_us,1,master,final,6,230.0,213.625,16.375
cpu,NotoSansSC-VF,2,grid_pollution,hot_return,draw_us,1,master,final,7,231.375,219.25,12.125
cpu,NotoSansSC-VF,2,grid_pollution,hot_return,draw_us,1,master,final,8,228.084,210.959,17.125
cpu,NotoSansSC-VF,2,grid_pollution,hot_return,draw_us,1,master,final,9,221.25,219.792,1.4579999999999984
cpu,NotoSansSC-VF,2,grid_pollution,hot_return,draw_us,1,master,final,10,224.584,210.5,14.084000000000003
cpu,NotoSansSC-VF,2,grid_pollution,hot_return,draw_us,1,master,final,11,248.042,260.917,-12.874999999999972
cpu,NotoSansSC-VF,2,grid_pollution,hot_return,draw_us,1,master,final,12,233.583,225.333,8.25
cpu,NotoSansSC-VF,2,grid_pollution,hot_return,submit_us,1,master,final,1,224.5,223.833,0.6670000000000016
cpu,NotoSansSC-VF,2,grid_pollution,hot_return,submit_us,1,master,final,2,234.833,219.458,15.375
cpu,NotoSansSC-VF,2,grid_pollution,hot_return,submit_us,1,master,final,3,248.0,222.291,25.709000000000003
cpu,NotoSansSC-VF,2,grid_pollution,hot_return,submit_us,1,master,final,4,226.375,213.458,12.917000000000002
cpu,NotoSansSC-VF,2,grid_pollution,hot_return,submit_us,1,master,final,5,219.333,214.333,5.0
cpu,NotoSansSC-VF,2,grid_pollution,hot_return,submit_us,1,master,final,6,230.083,213.709,16.373999999999995
cpu,NotoSansSC-VF,2,grid_pollution,hot_return,submit_us,1,master,final,7,231.458,219.292,12.165999999999997
cpu,NotoSansSC-VF,2,grid_pollution,hot_return,submit_us,1,master,final,8,228.167,211.042,17.125
cpu,NotoSansSC-VF,2,grid_pollution,hot_return,submit_us,1,master,final,9,221.291,219.875,1.4159999999999968
cpu,NotoSansSC-VF,2,grid_pollution,hot_return,submit_us,1,master,final,10,224.667,210.583,14.084000000000003
cpu,NotoSansSC-VF,2,grid_pollution,hot_return,submit_us,1,master,final,11,248.167,261.208,-13.041000000000025
cpu,NotoSansSC-VF,2,grid_pollution,hot_return,submit_us,1,master,final,12,233.708,225.375,8.332999999999998
cpu,NotoSansSC-VF,2,grid_pollution,hot_second,complete_us,1,master,final,1,198.125,145.291,52.834
cpu,NotoSansSC-VF,2,grid_pollution,hot_second,complete_us,1,master,final,2,194.5,156.292,38.208
cpu,NotoSansSC-VF,2,grid_pollution,hot_second,complete_us,1,master,final,3,197.0,143.542,53.458
cpu,NotoSansSC-VF,2,grid_pollution,hot_second,complete_us,1,master,final,4,194.875,148.709,46.166
cpu,NotoSansSC-VF,2,grid_pollution,hot_second,complete_us,1,master,final,5,189.166,161.125,28.040999999999997
cpu,NotoSansSC-VF,2,grid_pollution,hot_second,complete_us,1,master,final,6,192.209,150.042,42.167
cpu,NotoSansSC-VF,2,grid_pollution,hot_second,complete_us,1,master,final,7,194.333,143.042,51.291
cpu,NotoSansSC-VF,2,grid_pollution,hot_second,complete_us,1,master,final,8,200.958,141.541,59.417
cpu,NotoSansSC-VF,2,grid_pollution,hot_second,complete_us,1,master,final,9,201.583,140.959,60.623999999999995
cpu,NotoSansSC-VF,2,grid_pollution,hot_second,complete_us,1,master,final,10,203.625,142.042,61.583
cpu,NotoSansSC-VF,2,grid_pollution,hot_second,complete_us,1,master,final,11,206.334,164.625,41.709
cpu,NotoSansSC-VF,2,grid_pollution,hot_second,complete_us,1,master,final,12,208.667,160.375,48.292
cpu,NotoSansSC-VF,2,grid_pollution,hot_second,draw_us,1,master,final,1,198.0,145.208,52.792
cpu,NotoSansSC-VF,2,grid_pollution,hot_second,draw_us,1,master,final,2,194.334,156.167,38.167
cpu,NotoSansSC-VF,2,grid_pollution,hot_second,draw_us,1,master,final,3,196.833,143.459,53.373999999999995
cpu,NotoSansSC-VF,2,grid_pollution,hot_second,draw_us,1,master,final,4,194.792,148.625,46.167
cpu,NotoSansSC-VF,2,grid_pollution,hot_second,draw_us,1,master,final,5,189.083,161.042,28.040999999999997
cpu,NotoSansSC-VF,2,grid_pollution,hot_second,draw_us,1,master,final,6,192.125,149.958,42.167
cpu,NotoSansSC-VF,2,grid_pollution,hot_second,draw_us,1,master,final,7,194.208,142.959,51.248999999999995
cpu,NotoSansSC-VF,2,grid_pollution,hot_second,draw_us,1,master,final,8,200.875,141.458,59.417
cpu,NotoSansSC-VF,2,grid_pollution,hot_second,draw_us,1,master,final,9,201.458,140.875,60.583
cpu,NotoSansSC-VF,2,grid_pollution,hot_second,draw_us,1,master,final,10,203.5,141.958,61.542
cpu,NotoSansSC-VF,2,grid_pollution,hot_second,draw_us,1,master,final,11,206.209,164.5,41.709
cpu,NotoSansSC-VF,2,grid_pollution,hot_second,draw_us,1,master,final,12,208.458,160.25,48.208
cpu,NotoSansSC-VF,2,grid_pollution,hot_second,submit_us,1,master,final,1,198.083,145.25,52.833
cpu,NotoSansSC-VF,2,grid_pollution,hot_second,submit_us,1,master,final,2,194.459,156.25,38.209
cpu,NotoSansSC-VF,2,grid_pollution,hot_second,submit_us,1,master,final,3,196.958,143.542,53.416
cpu,NotoSansSC-VF,2,grid_pollution,hot_second,submit_us,1,master,final,4,194.875,148.709,46.166
cpu,NotoSansSC-VF,2,grid_pollution,hot_second,submit_us,1,master,final,5,189.125,161.125,28.0
cpu,NotoSansSC-VF,2,grid_pollution,hot_second,submit_us,1,master,final,6,192.167,150.0,42.167
cpu,NotoSansSC-VF,2,grid_pollution,hot_second,submit_us,1,master,final,7,194.292,143.042,51.25
cpu,NotoSansSC-VF,2,grid_pollution,hot_second,submit_us,1,master,final,8,200.958,141.5,59.458
cpu,NotoSansSC-VF,2,grid_pollution,hot_second,submit_us,1,master,final,9,201.542,140.959,60.583
cpu,NotoSansSC-VF,2,grid_pollution,hot_second,submit_us,1,master,final,10,203.583,142.042,61.541
cpu,NotoSansSC-VF,2,grid_pollution,hot_second,submit_us,1,master,final,11,206.292,164.583,41.709
cpu,NotoSansSC-VF,2,grid_pollution,hot_second,submit_us,1,master,final,12,208.625,160.333,48.292
cpu,NotoSansSC-VF,2,grid_pollution,pollution,complete_us,64,master,final,1,234.830062,213.963562,20.866500000000002
cpu,NotoSansSC-VF,2,grid_pollution,pollution,complete_us,64,master,final,2,225.356188,216.587906,8.768282
cpu,NotoSansSC-VF,2,grid_pollution,pollution,complete_us,64,master,final,3,233.959641,214.977219,18.982422000000014
cpu,NotoSansSC-VF,2,grid_pollution,pollution,complete_us,64,master,final,4,222.291625,214.46025,7.831375000000008
cpu,NotoSansSC-VF,2,grid_pollution,pollution,complete_us,64,master,final,5,223.123703,215.110719,8.012984000000017
cpu,NotoSansSC-VF,2,grid_pollution,pollution,complete_us,64,master,final,6,223.071625,211.706391,11.365234000000015
cpu,NotoSansSC-VF,2,grid_pollution,pollution,complete_us,64,master,final,7,219.704359,213.625,6.079359000000011
cpu,NotoSansSC-VF,2,grid_pollution,pollution,complete_us,64,master,final,8,219.6165,214.057359,5.559141000000011
cpu,NotoSansSC-VF,2,grid_pollution,pollution,complete_us,64,master,final,9,218.330094,212.058547,6.271546999999998
cpu,NotoSansSC-VF,2,grid_pollution,pollution,complete_us,64,master,final,10,226.417312,212.378906,14.038406000000009
cpu,NotoSansSC-VF,2,grid_pollution,pollution,complete_us,64,master,final,11,233.936141,280.6165,-46.68035899999998
cpu,NotoSansSC-VF,2,grid_pollution,pollution,complete_us,64,master,final,12,224.830063,220.896516,3.9335470000000043
cpu,NotoSansSC-VF,2,grid_pollution,pollution,draw_us,64,master,final,1,234.695984,213.882141,20.81384300000002
cpu,NotoSansSC-VF,2,grid_pollution,pollution,draw_us,64,master,final,2,225.241609,216.445375,8.796233999999998
cpu,NotoSansSC-VF,2,grid_pollution,pollution,draw_us,64,master,final,3,233.872375,214.891938,18.980436999999995
cpu,NotoSansSC-VF,2,grid_pollution,pollution,draw_us,64,master,final,4,222.209625,214.380844,7.828780999999992
cpu,NotoSansSC-VF,2,grid_pollution,pollution,draw_us,64,master,final,5,223.020203,215.020188,8.000015000000019
cpu,NotoSansSC-VF,2,grid_pollution,pollution,draw_us,64,master,final,6,222.985672,211.628188,11.357484
cpu,NotoSansSC-VF,2,grid_pollution,pollution,draw_us,64,master,final,7,219.626281,213.5195,6.106781000000012
cpu,NotoSansSC-VF,2,grid_pollution,pollution,draw_us,64,master,final,8,219.538391,213.980453,5.557937999999979
cpu,NotoSansSC-VF,2,grid_pollution,pollution,draw_us,64,master,final,9,218.252016,211.977891,6.274124999999998
cpu,NotoSansSC-VF,2,grid_pollution,pollution,draw_us,64,master,final,10,226.334063,212.298141,14.035922
cpu,NotoSansSC-VF,2,grid_pollution,pollution,draw_us,64,master,final,11,233.841812,280.473953,-46.63214099999999
cpu,NotoSansSC-VF,2,grid_pollution,pollution,draw_us,64,master,final,12,224.75,220.815078,3.9349220000000003
cpu,NotoSansSC-VF,2,grid_pollution,pollution,submit_us,64,master,final,1,234.794219,213.942109,20.85211000000001
cpu,NotoSansSC-VF,2,grid_pollution,pollution,submit_us,64,master,final,2,225.322953,216.554703,8.768250000000023
cpu,NotoSansSC-VF,2,grid_pollution,pollution,submit_us,64,master,final,3,233.938688,214.958312,18.980376000000007
cpu,NotoSansSC-VF,2,grid_pollution,pollution,submit_us,64,master,final,4,222.274688,214.439484,7.8352040000000045
cpu,NotoSansSC-VF,2,grid_pollution,pollution,submit_us,64,master,final,5,223.089266,215.091891,7.997375000000005
cpu,NotoSansSC-VF,2,grid_pollution,pollution,submit_us,64,master,final,6,223.052078,211.686844,11.365233999999987
cpu,NotoSansSC-VF,2,grid_pollution,pollution,submit_us,64,master,final,7,219.684875,213.59175,6.093125000000015
cpu,NotoSansSC-VF,2,grid_pollution,pollution,submit_us,64,master,final,8,219.591719,214.035203,5.556516000000016
cpu,NotoSansSC-VF,2,grid_pollution,pollution,submit_us,64,master,final,9,218.313906,212.037016,6.276890000000009
cpu,NotoSansSC-VF,2,grid_pollution,pollution,submit_us,64,master,final,10,226.397172,212.356094,14.041077999999999
cpu,NotoSansSC-VF,2,grid_pollution,pollution,submit_us,64,master,final,11,233.915922,280.595641,-46.679719000000006
cpu,NotoSansSC-VF,2,grid_pollution,pollution,submit_us,64,master,final,12,224.8105,220.875609,3.9348909999999933
cpu,NotoSansSC-VF,2,grid_singleton,once,complete_us,1,master,final,1,268.917,219.0,49.91699999999997
cpu,NotoSansSC-VF,2,grid_singleton,once,complete_us,1,master,final,2,278.417,221.583,56.833999999999975
cpu,NotoSansSC-VF,2,grid_singleton,once,complete_us,1,master,final,3,287.25,221.083,66.167
cpu,NotoSansSC-VF,2,grid_singleton,once,complete_us,1,master,final,4,278.208,223.625,54.58300000000003
cpu,NotoSansSC-VF,2,grid_singleton,once,complete_us,1,master,final,5,283.916,220.542,63.373999999999995
cpu,NotoSansSC-VF,2,grid_singleton,once,complete_us,1,master,final,6,279.209,207.583,71.626
cpu,NotoSansSC-VF,2,grid_singleton,once,complete_us,1,master,final,7,269.583,207.291,62.29200000000003
cpu,NotoSansSC-VF,2,grid_singleton,once,complete_us,1,master,final,8,267.792,211.708,56.083999999999975
cpu,NotoSansSC-VF,2,grid_singleton,once,complete_us,1,master,final,9,272.333,207.292,65.04100000000003
cpu,NotoSansSC-VF,2,grid_singleton,once,complete_us,1,master,final,10,276.583,208.75,67.83300000000003
cpu,NotoSansSC-VF,2,grid_singleton,once,complete_us,1,master,final,11,301.25,253.083,48.167
cpu,NotoSansSC-VF,2,grid_singleton,once,complete_us,1,master,final,12,291.917,238.666,53.250999999999976
cpu,NotoSansSC-VF,2,grid_singleton,once,draw_us,1,master,final,1,268.208,218.459,49.749000000000024
cpu,NotoSansSC-VF,2,grid_singleton,once,draw_us,1,master,final,2,277.459,220.833,56.626000000000005
cpu,NotoSansSC-VF,2,grid_singleton,once,draw_us,1,master,final,3,286.5,220.416,66.084
cpu,NotoSansSC-VF,2,grid_singleton,once,draw_us,1,master,final,4,277.833,222.75,55.08300000000003
cpu,NotoSansSC-VF,2,grid_singleton,once,draw_us,1,master,final,5,283.375,220.0,63.375
cpu,NotoSansSC-VF,2,grid_singleton,once,draw_us,1,master,final,6,278.625,206.75,71.875
cpu,NotoSansSC-VF,2,grid_singleton,once,draw_us,1,master,final,7,269.0,206.833,62.167
cpu,NotoSansSC-VF,2,grid_singleton,once,draw_us,1,master,final,8,267.417,211.25,56.16699999999997
cpu,NotoSansSC-VF,2,grid_singleton,once,draw_us,1,master,final,9,271.583,206.5,65.08300000000003
cpu,NotoSansSC-VF,2,grid_singleton,once,draw_us,1,master,final,10,276.083,208.292,67.79100000000003
cpu,NotoSansSC-VF,2,grid_singleton,once,draw_us,1,master,final,11,300.625,252.125,48.5
cpu,NotoSansSC-VF,2,grid_singleton,once,draw_us,1,master,final,12,291.375,238.291,53.084
cpu,NotoSansSC-VF,2,grid_singleton,once,submit_us,1,master,final,1,268.875,218.959,49.916
cpu,NotoSansSC-VF,2,grid_singleton,once,submit_us,1,master,final,2,278.375,221.542,56.833
cpu,NotoSansSC-VF,2,grid_singleton,once,submit_us,1,master,final,3,287.208,221.041,66.16700000000003
cpu,NotoSansSC-VF,2,grid_singleton,once,submit_us,1,master,final,4,278.166,223.583,54.583
cpu,NotoSansSC-VF,2,grid_singleton,once,submit_us,1,master,final,5,283.875,220.5,63.375
cpu,NotoSansSC-VF,2,grid_singleton,once,submit_us,1,master,final,6,279.167,207.541,71.62599999999998
cpu,NotoSansSC-VF,2,grid_singleton,once,submit_us,1,master,final,7,269.583,207.291,62.29200000000003
cpu,NotoSansSC-VF,2,grid_singleton,once,submit_us,1,master,final,8,267.75,211.708,56.042
cpu,NotoSansSC-VF,2,grid_singleton,once,submit_us,1,master,final,9,272.333,207.25,65.08300000000003
cpu,NotoSansSC-VF,2,grid_singleton,once,submit_us,1,master,final,10,276.542,208.75,67.79199999999997
cpu,NotoSansSC-VF,2,grid_singleton,once,submit_us,1,master,final,11,301.209,253.083,48.126000000000005
cpu,NotoSansSC-VF,2,grid_singleton,once,submit_us,1,master,final,12,291.875,238.625,53.25
cpu,NotoSansSC-VF,2,grid_two_phases,first,complete_us,1,master,final,1,232.583,167.583,65.0
cpu,NotoSansSC-VF,2,grid_two_phases,first,complete_us,1,master,final,2,220.917,178.792,42.125
cpu,NotoSansSC-VF,2,grid_two_phases,first,complete_us,1,master,final,3,236.166,181.916,54.25
cpu,NotoSansSC-VF,2,grid_two_phases,first,complete_us,1,master,final,4,228.75,172.083,56.667
cpu,NotoSansSC-VF,2,grid_two_phases,first,complete_us,1,master,final,5,230.125,185.292,44.833
cpu,NotoSansSC-VF,2,grid_two_phases,first,complete_us,1,master,final,6,226.667,173.125,53.542
cpu,NotoSansSC-VF,2,grid_two_phases,first,complete_us,1,master,final,7,233.959,172.292,61.667
cpu,NotoSansSC-VF,2,grid_two_phases,first,complete_us,1,master,final,8,228.375,166.459,61.916
cpu,NotoSansSC-VF,2,grid_two_phases,first,complete_us,1,master,final,9,233.5,167.334,66.166
cpu,NotoSansSC-VF,2,grid_two_phases,first,complete_us,1,master,final,10,227.417,171.041,56.376000000000005
cpu,NotoSansSC-VF,2,grid_two_phases,first,complete_us,1,master,final,11,249.542,201.334,48.208
cpu,NotoSansSC-VF,2,grid_two_phases,first,complete_us,1,master,final,12,238.375,183.209,55.166
cpu,NotoSansSC-VF,2,grid_two_phases,first,draw_us,1,master,final,1,231.708,167.208,64.5
cpu,NotoSansSC-VF,2,grid_two_phases,first,draw_us,1,master,final,2,220.334,178.375,41.959
cpu,NotoSansSC-VF,2,grid_two_phases,first,draw_us,1,master,final,3,234.666,181.416,53.25
cpu,NotoSansSC-VF,2,grid_two_phases,first,draw_us,1,master,final,4,228.333,171.542,56.791
cpu,NotoSansSC-VF,2,grid_two_phases,first,draw_us,1,master,final,5,229.625,184.959,44.666
cpu,NotoSansSC-VF,2,grid_two_phases,first,draw_us,1,master,final,6,226.25,172.625,53.625
cpu,NotoSansSC-VF,2,grid_two_phases,first,draw_us,1,master,final,7,233.334,171.75,61.584
cpu,NotoSansSC-VF,2,grid_two_phases,first,draw_us,1,master,final,8,227.792,165.834,61.958
cpu,NotoSansSC-VF,2,grid_two_phases,first,draw_us,1,master,final,9,232.917,166.792,66.125
cpu,NotoSansSC-VF,2,grid_two_phases,first,draw_us,1,master,final,10,226.75,170.708,56.042
cpu,NotoSansSC-VF,2,grid_two_phases,first,draw_us,1,master,final,11,249.292,200.584,48.708
cpu,NotoSansSC-VF,2,grid_two_phases,first,draw_us,1,master,final,12,237.375,182.875,54.5
cpu,NotoSansSC-VF,2,grid_two_phases,first,submit_us,1,master,final,1,232.583,167.583,65.0
cpu,NotoSansSC-VF,2,grid_two_phases,first,submit_us,1,master,final,2,220.875,178.75,42.125
cpu,NotoSansSC-VF,2,grid_two_phases,first,submit_us,1,master,final,3,236.166,181.916,54.25
cpu,NotoSansSC-VF,2,grid_two_phases,first,submit_us,1,master,final,4,228.708,172.042,56.666
cpu,NotoSansSC-VF,2,grid_two_phases,first,submit_us,1,master,final,5,230.125,185.292,44.833
cpu,NotoSansSC-VF,2,grid_two_phases,first,submit_us,1,master,final,6,226.667,173.084,53.583
cpu,NotoSansSC-VF,2,grid_two_phases,first,submit_us,1,master,final,7,233.959,172.25,61.709
cpu,NotoSansSC-VF,2,grid_two_phases,first,submit_us,1,master,final,8,228.333,166.459,61.873999999999995
cpu,NotoSansSC-VF,2,grid_two_phases,first,submit_us,1,master,final,9,233.5,167.292,66.208
cpu,NotoSansSC-VF,2,grid_two_phases,first,submit_us,1,master,final,10,227.375,171.041,56.334
cpu,NotoSansSC-VF,2,grid_two_phases,first,submit_us,1,master,final,11,249.5,201.334,48.166
cpu,NotoSansSC-VF,2,grid_two_phases,first,submit_us,1,master,final,12,238.375,183.167,55.208
cpu,NotoSansSC-VF,2,grid_two_phases,second,complete_us,1,master,final,1,195.833,151.334,44.498999999999995
cpu,NotoSansSC-VF,2,grid_two_phases,second,complete_us,1,master,final,2,190.041,155.375,34.666
cpu,NotoSansSC-VF,2,grid_two_phases,second,complete_us,1,master,final,3,193.0,155.917,37.083
cpu,NotoSansSC-VF,2,grid_two_phases,second,complete_us,1,master,final,4,183.583,156.958,26.625
cpu,NotoSansSC-VF,2,grid_two_phases,second,complete_us,1,master,final,5,192.0,153.834,38.166
cpu,NotoSansSC-VF,2,grid_two_phases,second,complete_us,1,master,final,6,189.291,142.0,47.291
cpu,NotoSansSC-VF,2,grid_two_phases,second,complete_us,1,master,final,7,190.083,148.125,41.958
cpu,NotoSansSC-VF,2,grid_two_phases,second,complete_us,1,master,final,8,175.416,141.084,34.331999999999994
cpu,NotoSansSC-VF,2,grid_two_phases,second,complete_us,1,master,final,9,179.334,142.417,36.917
cpu,NotoSansSC-VF,2,grid_two_phases,second,complete_us,1,master,final,10,194.625,139.791,54.834
cpu,NotoSansSC-VF,2,grid_two_phases,second,complete_us,1,master,final,11,200.708,160.708,40.0
cpu,NotoSansSC-VF,2,grid_two_phases,second,complete_us,1,master,final,12,193.833,160.084,33.748999999999995
cpu,NotoSansSC-VF,2,grid_two_phases,second,draw_us,1,master,final,1,195.708,151.25,44.458
cpu,NotoSansSC-VF,2,grid_two_phases,second,draw_us,1,master,final,2,189.916,155.25,34.666
cpu,NotoSansSC-VF,2,grid_two_phases,second,draw_us,1,master,final,3,192.833,155.792,37.041
cpu,NotoSansSC-VF,2,grid_two_phases,second,draw_us,1,master,final,4,183.458,156.875,26.583
cpu,NotoSansSC-VF,2,grid_two_phases,second,draw_us,1,master,final,5,191.834,153.75,38.084
cpu,NotoSansSC-VF,2,grid_two_phases,second,draw_us,1,master,final,6,189.166,141.917,47.248999999999995
cpu,NotoSansSC-VF,2,grid_two_phases,second,draw_us,1,master,final,7,189.916,148.0,41.916
cpu,NotoSansSC-VF,2,grid_two_phases,second,draw_us,1,master,final,8,175.291,140.959,34.331999999999994
cpu,NotoSansSC-VF,2,grid_two_phases,second,draw_us,1,master,final,9,179.209,142.292,36.917
cpu,NotoSansSC-VF,2,grid_two_phases,second,draw_us,1,master,final,10,194.5,139.666,54.834
cpu,NotoSansSC-VF,2,grid_two_phases,second,draw_us,1,master,final,11,200.583,160.583,40.0
cpu,NotoSansSC-VF,2,grid_two_phases,second,draw_us,1,master,final,12,193.708,159.959,33.748999999999995
cpu,NotoSansSC-VF,2,grid_two_phases,second,submit_us,1,master,final,1,195.791,151.334,44.456999999999994
cpu,NotoSansSC-VF,2,grid_two_phases,second,submit_us,1,master,final,2,190.041,155.334,34.706999999999994
cpu,NotoSansSC-VF,2,grid_two_phases,second,submit_us,1,master,final,3,192.958,155.875,37.083
cpu,NotoSansSC-VF,2,grid_two_phases,second,submit_us,1,master,final,4,183.541,156.958,26.583
cpu,NotoSansSC-VF,2,grid_two_phases,second,submit_us,1,master,final,5,191.959,153.834,38.125
cpu,NotoSansSC-VF,2,grid_two_phases,second,submit_us,1,master,final,6,189.25,142.0,47.25
cpu,NotoSansSC-VF,2,grid_two_phases,second,submit_us,1,master,final,7,190.083,148.125,41.958
cpu,NotoSansSC-VF,2,grid_two_phases,second,submit_us,1,master,final,8,175.416,141.042,34.373999999999995
cpu,NotoSansSC-VF,2,grid_two_phases,second,submit_us,1,master,final,9,179.292,142.375,36.917
cpu,NotoSansSC-VF,2,grid_two_phases,second,submit_us,1,master,final,10,194.583,139.75,54.833
cpu,NotoSansSC-VF,2,grid_two_phases,second,submit_us,1,master,final,11,200.667,160.667,40.0
cpu,NotoSansSC-VF,2,grid_two_phases,second,submit_us,1,master,final,12,193.792,160.042,33.75
cpu,NotoSansSC-VF,2,grid_unique_sizes,sweep,complete_us,32,master,final,1,211.492031,196.837312,14.654719
cpu,NotoSansSC-VF,2,grid_unique_sizes,sweep,complete_us,32,master,final,2,202.601469,197.834844,4.766625000000005
cpu,NotoSansSC-VF,2,grid_unique_sizes,sweep,complete_us,32,master,final,3,207.415344,199.502531,7.912813
cpu,NotoSansSC-VF,2,grid_unique_sizes,sweep,complete_us,32,master,final,4,202.91925,195.063719,7.855531000000013
cpu,NotoSansSC-VF,2,grid_unique_sizes,sweep,complete_us,32,master,final,5,202.218906,194.265594,7.953312000000011
cpu,NotoSansSC-VF,2,grid_unique_sizes,sweep,complete_us,32,master,final,6,203.270906,191.221281,12.049624999999992
cpu,NotoSansSC-VF,2,grid_unique_sizes,sweep,complete_us,32,master,final,7,202.100156,190.781031,11.319124999999985
cpu,NotoSansSC-VF,2,grid_unique_sizes,sweep,complete_us,32,master,final,8,199.352813,193.9415,5.411313000000007
cpu,NotoSansSC-VF,2,grid_unique_sizes,sweep,complete_us,32,master,final,9,201.165469,191.152281,10.013188000000014
cpu,NotoSansSC-VF,2,grid_unique_sizes,sweep,complete_us,32,master,final,10,207.078094,191.757719,15.320374999999984
cpu,NotoSansSC-VF,2,grid_unique_sizes,sweep,complete_us,32,master,final,11,210.433594,208.018281,2.4153129999999976
cpu,NotoSansSC-VF,2,grid_unique_sizes,sweep,complete_us,32,master,final,12,207.755094,204.502562,3.252532000000002
cpu,NotoSansSC-VF,2,grid_unique_sizes,sweep,draw_us,32,master,final,1,211.373594,196.750094,14.623500000000007
cpu,NotoSansSC-VF,2,grid_unique_sizes,sweep,draw_us,32,master,final,2,202.497406,197.698,4.799406000000005
cpu,NotoSansSC-VF,2,grid_unique_sizes,sweep,draw_us,32,master,final,3,207.307219,199.407562,7.899656999999991
cpu,NotoSansSC-VF,2,grid_unique_sizes,sweep,draw_us,32,master,final,4,202.834688,194.971344,7.863344000000012
cpu,NotoSansSC-VF,2,grid_unique_sizes,sweep,draw_us,32,master,final,5,202.108188,194.181,7.927188000000001
cpu,NotoSansSC-VF,2,grid_unique_sizes,sweep,draw_us,32,master,final,6,203.1705,191.136813,12.033687000000015
cpu,NotoSansSC-VF,2,grid_unique_sizes,sweep,draw_us,32,master,final,7,202.006469,190.676969,11.329499999999996
cpu,NotoSansSC-VF,2,grid_unique_sizes,sweep,draw_us,32,master,final,8,199.252687,193.851562,5.4011250000000075
cpu,NotoSansSC-VF,2,grid_unique_sizes,sweep,draw_us,32,master,final,9,201.079469,191.071531,10.007937999999996
cpu,NotoSansSC-VF,2,grid_unique_sizes,sweep,draw_us,32,master,final,10,206.973969,191.67575,15.298219000000017
cpu,NotoSansSC-VF,2,grid_unique_sizes,sweep,draw_us,32,master,final,11,210.339875,207.9035,2.436374999999998
cpu,NotoSansSC-VF,2,grid_unique_sizes,sweep,draw_us,32,master,final,12,207.665375,204.407531,3.2578440000000057
cpu,NotoSansSC-VF,2,grid_unique_sizes,sweep,submit_us,32,master,final,1,211.458219,196.819094,14.639125000000007
cpu,NotoSansSC-VF,2,grid_unique_sizes,sweep,submit_us,32,master,final,2,202.575437,197.799531,4.775905999999992
cpu,NotoSansSC-VF,2,grid_unique_sizes,sweep,submit_us,32,master,final,3,207.390625,199.476406,7.914219000000003
cpu,NotoSansSC-VF,2,grid_unique_sizes,sweep,submit_us,32,master,final,4,202.894594,195.042969,7.851625000000013
cpu,NotoSansSC-VF,2,grid_unique_sizes,sweep,submit_us,32,master,final,5,202.190156,194.240875,7.949281000000013
cpu,NotoSansSC-VF,2,grid_unique_sizes,sweep,submit_us,32,master,final,6,203.244875,191.203062,12.041813000000019
cpu,NotoSansSC-VF,2,grid_unique_sizes,sweep,submit_us,32,master,final,7,202.080656,190.748594,11.332062000000008
cpu,NotoSansSC-VF,2,grid_unique_sizes,sweep,submit_us,32,master,final,8,199.328156,193.918125,5.410031000000004
cpu,NotoSansSC-VF,2,grid_unique_sizes,sweep,submit_us,32,master,final,9,201.140687,191.139281,10.001406000000003
cpu,NotoSansSC-VF,2,grid_unique_sizes,sweep,submit_us,32,master,final,10,207.053375,191.744781,15.308594
cpu,NotoSansSC-VF,2,grid_unique_sizes,sweep,submit_us,32,master,final,11,210.415375,207.989656,2.425719000000015
cpu,NotoSansSC-VF,2,grid_unique_sizes,sweep,submit_us,32,master,final,12,207.736844,204.480563,3.2562810000000013
cpu,NotoSansSC-VF,2,grid_unique_variations,sweep,complete_us,32,master,final,1,259.234406,182.014375,77.22003099999998
cpu,NotoSansSC-VF,2,grid_unique_variations,sweep,complete_us,32,master,final,2,254.678438,180.212344,74.466094
cpu,NotoSansSC-VF,2,grid_unique_variations,sweep,complete_us,32,master,final,3,256.977844,178.368406,78.60943800000001
cpu,NotoSansSC-VF,2,grid_unique_variations,sweep,complete_us,32,master,final,4,252.020844,179.532687,72.488157
cpu,NotoSansSC-VF,2,grid_unique_variations,sweep,complete_us,32,master,final,5,253.338563,180.005156,73.333407
cpu,NotoSansSC-VF,2,grid_unique_variations,sweep,complete_us,32,master,final,6,250.269531,176.30725,73.96228099999999
cpu,NotoSansSC-VF,2,grid_unique_variations,sweep,complete_us,32,master,final,7,251.084531,176.701937,74.38259400000001
cpu,NotoSansSC-VF,2,grid_unique_variations,sweep,complete_us,32,master,final,8,248.624906,179.763,68.861906
cpu,NotoSansSC-VF,2,grid_unique_variations,sweep,complete_us,32,master,final,9,250.523344,176.638031,73.885313
cpu,NotoSansSC-VF,2,grid_unique_variations,sweep,complete_us,32,master,final,10,252.912719,179.471406,73.44131300000001
cpu,NotoSansSC-VF,2,grid_unique_variations,sweep,complete_us,32,master,final,11,265.563781,191.701781,73.862
cpu,NotoSansSC-VF,2,grid_unique_variations,sweep,complete_us,32,master,final,12,258.93625,184.938844,73.99740599999998
cpu,NotoSansSC-VF,2,grid_unique_variations,sweep,draw_us,32,master,final,1,259.115875,181.92975,77.186125
cpu,NotoSansSC-VF,2,grid_unique_variations,sweep,draw_us,32,master,final,2,254.569031,180.106813,74.46221800000001
cpu,NotoSansSC-VF,2,grid_unique_variations,sweep,draw_us,32,master,final,3,256.875031,178.2825,78.59253099999998
cpu,NotoSansSC-VF,2,grid_unique_variations,sweep,draw_us,32,master,final,4,251.933656,179.454406,72.47925000000001
cpu,NotoSansSC-VF,2,grid_unique_variations,sweep,draw_us,32,master,final,5,253.2305,179.921812,73.30868800000002
cpu,NotoSansSC-VF,2,grid_unique_variations,sweep,draw_us,32,master,final,6,250.177063,176.226531,73.95053200000001
cpu,NotoSansSC-VF,2,grid_unique_variations,sweep,draw_us,32,master,final,7,250.98825,176.600375,74.38787499999998
cpu,NotoSansSC-VF,2,grid_unique_variations,sweep,draw_us,32,master,final,8,248.540406,179.682219,68.85818699999999
cpu,NotoSansSC-VF,2,grid_unique_variations,sweep,draw_us,32,master,final,9,250.434906,176.561188,73.87371800000003
cpu,NotoSansSC-VF,2,grid_unique_variations,sweep,draw_us,32,master,final,10,252.826781,179.392063,73.434718
cpu,NotoSansSC-VF,2,grid_unique_variations,sweep,draw_us,32,master,final,11,265.464844,191.588531,73.87631300000004
cpu,NotoSansSC-VF,2,grid_unique_variations,sweep,draw_us,32,master,final,12,258.850219,184.846375,74.00384399999999
cpu,NotoSansSC-VF,2,grid_unique_variations,sweep,submit_us,32,master,final,1,259.195375,181.998781,77.196594
cpu,NotoSansSC-VF,2,grid_unique_variations,sweep,submit_us,32,master,final,2,254.645906,180.173188,74.47271799999999
cpu,NotoSansSC-VF,2,grid_unique_variations,sweep,submit_us,32,master,final,3,256.958344,178.345031,78.613313
cpu,NotoSansSC-VF,2,grid_unique_variations,sweep,submit_us,32,master,final,4,252.001312,179.507813,72.49349900000001
cpu,NotoSansSC-VF,2,grid_unique_variations,sweep,submit_us,32,master,final,5,253.306031,179.98425,73.32178099999999
cpu,NotoSansSC-VF,2,grid_unique_variations,sweep,submit_us,32,master,final,6,250.240781,176.287594,73.95318699999999
cpu,NotoSansSC-VF,2,grid_unique_variations,sweep,submit_us,32,master,final,7,251.06375,176.668062,74.395688
cpu,NotoSansSC-VF,2,grid_unique_variations,sweep,submit_us,32,master,final,8,248.60025,179.73825,68.862
cpu,NotoSansSC-VF,2,grid_unique_variations,sweep,submit_us,32,master,final,9,250.502625,176.618562,73.884063
cpu,NotoSansSC-VF,2,grid_unique_variations,sweep,submit_us,32,master,final,10,252.89325,179.444219,73.44903099999999
cpu,NotoSansSC-VF,2,grid_unique_variations,sweep,submit_us,32,master,final,11,265.539125,191.679656,73.85946900000002
cpu,NotoSansSC-VF,2,grid_unique_variations,sweep,submit_us,32,master,final,12,258.912781,184.908781,74.00399999999999
cpu,NotoSansSC-VF,2,text,first_paint,complete_us,1,master,final,1,10444.458,9807.667,636.7910000000011
cpu,NotoSansSC-VF,2,text,first_paint,complete_us,1,master,final,2,10307.209,9873.083,434.1260000000002
cpu,NotoSansSC-VF,2,text,first_paint,complete_us,1,master,final,3,10225.875,9528.375,697.5
cpu,NotoSansSC-VF,2,text,first_paint,complete_us,1,master,final,4,9899.291,9677.625,221.66599999999926
cpu,NotoSansSC-VF,2,text,first_paint,complete_us,1,master,final,5,10003.625,9483.333,520.2919999999995
cpu,NotoSansSC-VF,2,text,first_paint,complete_us,1,master,final,6,9878.5,9420.5,458.0
cpu,NotoSansSC-VF,2,text,first_paint,complete_us,1,master,final,7,9941.375,9573.75,367.625
cpu,NotoSansSC-VF,2,text,first_paint,complete_us,1,master,final,8,9891.541,9343.458,548.0829999999987
cpu,NotoSansSC-VF,2,text,first_paint,complete_us,1,master,final,9,9927.917,9399.666,528.2510000000002
cpu,NotoSansSC-VF,2,text,first_paint,complete_us,1,master,final,10,10150.708,9516.084,634.6239999999998
cpu,NotoSansSC-VF,2,text,first_paint,complete_us,1,master,final,11,10597.708,14988.917,-4391.208999999999
cpu,NotoSansSC-VF,2,text,first_paint,complete_us,1,master,final,12,10558.916,9776.0,782.9159999999993
cpu,NotoSansSC-VF,2,text,first_paint,draw_us,1,master,final,1,10439.917,9804.959,634.9579999999987
cpu,NotoSansSC-VF,2,text,first_paint,draw_us,1,master,final,2,10303.792,9869.5,434.29199999999946
cpu,NotoSansSC-VF,2,text,first_paint,draw_us,1,master,final,3,10220.542,9525.708,694.8339999999989
cpu,NotoSansSC-VF,2,text,first_paint,draw_us,1,master,final,4,9896.333,9675.0,221.33300000000054
cpu,NotoSansSC-VF,2,text,first_paint,draw_us,1,master,final,5,10000.75,9480.625,520.125
cpu,NotoSansSC-VF,2,text,first_paint,draw_us,1,master,final,6,9875.708,9418.125,457.58300000000054
cpu,NotoSansSC-VF,2,text,first_paint,draw_us,1,master,final,7,9938.625,9571.666,366.95900000000074
cpu,NotoSansSC-VF,2,text,first_paint,draw_us,1,master,final,8,9887.875,9340.792,547.0830000000005
cpu,NotoSansSC-VF,2,text,first_paint,draw_us,1,master,final,9,9924.917,9397.083,527.8339999999989
cpu,NotoSansSC-VF,2,text,first_paint,draw_us,1,master,final,10,10147.0,9513.209,633.7909999999993
cpu,NotoSansSC-VF,2,text,first_paint,draw_us,1,master,final,11,10593.667,14984.708,-4391.041000000001
cpu,NotoSansSC-VF,2,text,first_paint,draw_us,1,master,final,12,10556.0,9773.042,782.9580000000005
cpu,NotoSansSC-VF,2,text,first_paint,submit_us,1,master,final,1,10444.417,9807.625,636.7919999999995
cpu,NotoSansSC-VF,2,text,first_paint,submit_us,1,master,final,2,10307.167,9873.083,434.0839999999989
cpu,NotoSansSC-VF,2,text,first_paint,submit_us,1,master,final,3,10225.875,9528.375,697.5
cpu,NotoSansSC-VF,2,text,first_paint,submit_us,1,master,final,4,9899.25,9677.583,221.66699999999946
cpu,NotoSansSC-VF,2,text,first_paint,submit_us,1,master,final,5,10003.625,9483.291,520.3340000000007
cpu,NotoSansSC-VF,2,text,first_paint,submit_us,1,master,final,6,9878.458,9420.5,457.95800000000054
cpu,NotoSansSC-VF,2,text,first_paint,submit_us,1,master,final,7,9941.334,9573.708,367.6260000000002
cpu,NotoSansSC-VF,2,text,first_paint,submit_us,1,master,final,8,9891.5,9343.458,548.0419999999995
cpu,NotoSansSC-VF,2,text,first_paint,submit_us,1,master,final,9,9927.917,9399.625,528.2919999999995
cpu,NotoSansSC-VF,2,text,first_paint,submit_us,1,master,final,10,10150.708,9516.042,634.6660000000011
cpu,NotoSansSC-VF,2,text,first_paint,submit_us,1,master,final,11,10597.708,14988.917,-4391.208999999999
cpu,NotoSansSC-VF,2,text,first_paint,submit_us,1,master,final,12,10558.875,9775.959,782.9159999999993
cpu,NotoSansSC-VF,2,text,reflow,complete_us,3,master,final,1,2808.583333,2673.500333,135.08300000000008
cpu,NotoSansSC-VF,2,text,reflow,complete_us,3,master,final,2,2758.138667,2721.138667,37.0
cpu,NotoSansSC-VF,2,text,reflow,complete_us,3,master,final,3,2786.958667,2678.458,108.5006669999998
cpu,NotoSansSC-VF,2,text,reflow,complete_us,3,master,final,4,2713.153,2601.472667,111.68033299999979
cpu,NotoSansSC-VF,2,text,reflow,complete_us,3,master,final,5,2712.097667,2611.083333,101.01433399999996
cpu,NotoSansSC-VF,2,text,reflow,complete_us,3,master,final,6,2749.069,2663.222,85.84699999999975
cpu,NotoSansSC-VF,2,text,reflow,complete_us,3,master,final,7,2686.777667,2620.527667,66.25
cpu,NotoSansSC-VF,2,text,reflow,complete_us,3,master,final,8,2712.111,2645.430667,66.68033299999979
cpu,NotoSansSC-VF,2,text,reflow,complete_us,3,master,final,9,2683.292,2591.709,91.58300000000008
cpu,NotoSansSC-VF,2,text,reflow,complete_us,3,master,final,10,2819.805667,2634.458,185.347667
cpu,NotoSansSC-VF,2,text,reflow,complete_us,3,master,final,11,2885.764,7518.486,-4632.722
cpu,NotoSansSC-VF,2,text,reflow,complete_us,3,master,final,12,2748.611,2790.180667,-41.56966700000021
cpu,NotoSansSC-VF,2,text,reflow,draw_us,3,master,final,1,2807.986333,2672.903,135.08333300000004
cpu,NotoSansSC-VF,2,text,reflow,draw_us,3,master,final,2,2757.555667,2720.277667,37.27800000000025
cpu,NotoSansSC-VF,2,text,reflow,draw_us,3,master,final,3,2786.403,2677.791667,108.61133299999983
cpu,NotoSansSC-VF,2,text,reflow,draw_us,3,master,final,4,2712.653,2600.569333,112.08366699999988
cpu,NotoSansSC-VF,2,text,reflow,draw_us,3,master,final,5,2711.625333,2610.5,101.12533299999996
cpu,NotoSansSC-VF,2,text,reflow,draw_us,3,master,final,6,2748.555333,2662.541667,86.01366599999983
cpu,NotoSansSC-VF,2,text,reflow,draw_us,3,master,final,7,2686.291667,2620.055333,66.23633400000017
cpu,NotoSansSC-VF,2,text,reflow,draw_us,3,master,final,8,2711.569333,2644.930667,66.63866599999983
cpu,NotoSansSC-VF,2,text,reflow,draw_us,3,master,final,9,2682.722667,2591.195,91.52766699999984
cpu,NotoSansSC-VF,2,text,reflow,draw_us,3,master,final,10,2818.986333,2633.930333,185.05600000000004
cpu,NotoSansSC-VF,2,text,reflow,draw_us,3,master,final,11,2884.805333,7515.513667,-4630.708334000001
cpu,NotoSansSC-VF,2,text,reflow,draw_us,3,master,final,12,2748.111,2789.028,-40.916999999999916
cpu,NotoSansSC-VF,2,text,reflow,submit_us,3,master,final,1,2808.555667,2673.472333,135.08333399999992
cpu,NotoSansSC-VF,2,text,reflow,submit_us,3,master,final,2,2758.138667,2721.111,37.02766700000029
cpu,NotoSansSC-VF,2,text,reflow,submit_us,3,master,final,3,2786.916667,2678.444,108.472667
cpu,NotoSansSC-VF,2,text,reflow,submit_us,3,master,final,4,2713.139,2601.444667,111.69433299999992
cpu,NotoSansSC-VF,2,text,reflow,submit_us,3,master,final,5,2712.083667,2611.041667,101.04199999999992
cpu,NotoSansSC-VF,2,text,reflow,submit_us,3,master,final,6,2749.041667,2663.180333,85.86133400000017
cpu,NotoSansSC-VF,2,text,reflow,submit_us,3,master,final,7,2686.764,2620.5,66.26400000000012
cpu,NotoSansSC-VF,2,text,reflow,submit_us,3,master,final,8,2712.097,2645.389,66.70800000000008
cpu,NotoSansSC-VF,2,text,reflow,submit_us,3,master,final,9,2683.264333,2591.695,91.56933299999992
cpu,NotoSansSC-VF,2,text,reflow,submit_us,3,master,final,10,2819.764,2634.416667,185.34733300000016
cpu,NotoSansSC-VF,2,text,reflow,submit_us,3,master,final,11,2885.75,7518.444333,-4632.694333
cpu,NotoSansSC-VF,2,text,reflow,submit_us,3,master,final,12,2748.597,2790.180667,-41.58366699999988
cpu,NotoSansSC-VF,2,text,reported_sequence,complete_us,88,master,final,1,122413.246009,115621.792999,6791.453009999997
cpu,NotoSansSC-VF,2,text,reported_sequence,complete_us,88,master,final,2,120435.246019,116354.664983,4080.581036000003
cpu,NotoSansSC-VF,2,text,reported_sequence,complete_us,88,master,final,3,120469.08499700001,115401.71299000001,5067.372006999998
cpu,NotoSansSC-VF,2,text,reported_sequence,complete_us,88,master,final,4,117013.87,114286.040985,2727.8290149999957
cpu,NotoSansSC-VF,2,text,reported_sequence,complete_us,88,master,final,5,117309.415997,112959.21400600001,4350.201990999994
cpu,NotoSansSC-VF,2,text,reported_sequence,complete_us,88,master,final,6,116870.661014,114400.538015,2470.1229989999993
cpu,NotoSansSC-VF,2,text,reported_sequence,complete_us,88,master,final,7,116004.290003,112241.502996,3762.7870070000063
cpu,NotoSansSC-VF,2,text,reported_sequence,complete_us,88,master,final,8,116237.159014,112219.757015,4017.401999000009
cpu,NotoSansSC-VF,2,text,reported_sequence,complete_us,88,master,final,9,116141.00200400001,111899.083986,4241.918018000011
cpu,NotoSansSC-VF,2,text,reported_sequence,complete_us,88,master,final,10,120210.255001,112660.663995,7549.591006000002
cpu,NotoSansSC-VF,2,text,reported_sequence,complete_us,88,master,final,11,125130.039994,214588.12201,-89458.08201599999
cpu,NotoSansSC-VF,2,text,reported_sequence,complete_us,88,master,final,12,121002.54499400001,117297.12100999999,3705.4239840000228
cpu,NotoSansSC-VF,2,text,reported_sequence,draw_us,88,master,final,1,122357.83600099999,115578.13101,6779.704990999991
cpu,NotoSansSC-VF,2,text,reported_sequence,draw_us,88,master,final,2,120388.751005,116308.46200099999,4080.2890040000057
cpu,NotoSansSC-VF,2,text,reported_sequence,draw_us,88,master,final,3,120403.377007,115361.83701,5041.539997
cpu,NotoSansSC-VF,2,text,reported_sequence,draw_us,88,master,final,4,116973.95499900001,114246.832007,2727.122992000004
cpu,NotoSansSC-VF,2,text,reported_sequence,draw_us,88,master,final,5,117269.334001,112920.668009,4348.665991999995
cpu,NotoSansSC-VF,2,text,reported_sequence,draw_us,88,master,final,6,116833.24999499999,114357.704995,2475.5449999999983
cpu,NotoSansSC-VF,2,text,reported_sequence,draw_us,88,master,final,7,115966.79399100001,112202.168997,3764.6249940000125
cpu,NotoSansSC-VF,2,text,reported_sequence,draw_us,88,master,final,8,116200.077991,112181.586011,4018.4919799999916
cpu,NotoSansSC-VF,2,text,reported_sequence,draw_us,88,master,final,9,116101.957001,111861.836999,4240.120001999996
cpu,NotoSansSC-VF,2,text,reported_sequence,draw_us,88,master,final,10,120162.16801,112622.036006,7540.132003999999
cpu,NotoSansSC-VF,2,text,reported_sequence,draw_us,88,master,final,11,125065.416995,214496.578019,-89431.161024
cpu,NotoSansSC-VF,2,text,reported_sequence,draw_us,88,master,final,12,120960.168014,117251.082005,3709.0860089999915
cpu,NotoSansSC-VF,2,text,reported_sequence,submit_us,88,master,final,1,122411.415013,115619.918997,6791.496016000005
cpu,NotoSansSC-VF,2,text,reported_sequence,submit_us,88,master,final,2,120433.706987,116352.834996,4080.8719909999927
cpu,NotoSansSC-VF,2,text,reported_sequence,submit_us,88,master,final,3,120466.912015,115399.788994,5067.123020999992
cpu,NotoSansSC-VF,2,text,reported_sequence,submit_us,88,master,final,4,117012.202007,114284.041987,2728.1600199999957
cpu,NotoSansSC-VF,2,text,reported_sequence,submit_us,88,master,final,5,117307.624991,112957.38299,4350.242001000006
cpu,NotoSansSC-VF,2,text,reported_sequence,submit_us,88,master,final,6,116868.952999,114398.539004,2470.4139949999953
cpu,NotoSansSC-VF,2,text,reported_sequence,submit_us,88,master,final,7,116002.580001,112239.340009,3763.239991999988
cpu,NotoSansSC-VF,2,text,reported_sequence,submit_us,88,master,final,8,116235.493989,112217.628,4017.865988999998
cpu,NotoSansSC-VF,2,text,reported_sequence,submit_us,88,master,final,9,116138.70500900001,111897.62399200001,4241.081017000004
cpu,NotoSansSC-VF,2,text,reported_sequence,submit_us,88,master,final,10,120208.418995,112658.70801900001,7549.710975999988
cpu,NotoSansSC-VF,2,text,reported_sequence,submit_us,88,master,final,11,125127.833002,214586.202993,-89458.36999100001
cpu,NotoSansSC-VF,2,text,reported_sequence,submit_us,88,master,final,12,121000.497014,117294.96001,3705.537003999998
cpu,NotoSansSC-VF,2,text,size_advance,complete_us,12,master,final,1,6875.31575,6424.861,450.4547499999999
cpu,NotoSansSC-VF,2,text,size_advance,complete_us,12,master,final,2,6738.482667,6429.895833,308.58683400000064
cpu,NotoSansSC-VF,2,text,size_advance,complete_us,12,master,final,3,6725.32625,6388.68425,336.6419999999998
cpu,NotoSansSC-VF,2,text,size_advance,complete_us,12,master,final,4,6528.545167,6318.54175,210.0034169999999
cpu,NotoSansSC-VF,2,text,size_advance,complete_us,12,master,final,5,6568.698,6218.777833,349.9201670000002
cpu,NotoSansSC-VF,2,text,size_advance,complete_us,12,master,final,6,6517.93725,6259.909917,258.027333
cpu,NotoSansSC-VF,2,text,size_advance,complete_us,12,master,final,7,6471.70825,6230.653,241.05524999999943
cpu,NotoSansSC-VF,2,text,size_advance,complete_us,12,master,final,8,6488.485917,6215.53125,272.954667
cpu,NotoSansSC-VF,2,text,size_advance,complete_us,12,master,final,9,6472.673667,6190.805583,281.8680839999997
cpu,NotoSansSC-VF,2,text,size_advance,complete_us,12,master,final,10,6702.552167,6205.940833,496.61133400000017
cpu,NotoSansSC-VF,2,text,size_advance,complete_us,12,master,final,11,7005.454917,7987.159917,-981.7049999999999
cpu,NotoSansSC-VF,2,text,size_advance,complete_us,12,master,final,12,6751.13875,6423.378333,327.7604170000004
cpu,NotoSansSC-VF,2,text,size_advance,draw_us,12,master,final,1,6874.051917,6423.850667,450.2012500000001
cpu,NotoSansSC-VF,2,text,size_advance,draw_us,12,master,final,2,6737.3785,6428.836833,308.5416669999995
cpu,NotoSansSC-VF,2,text,size_advance,draw_us,12,master,final,3,6724.01025,6387.871833,336.1384170000001
cpu,NotoSansSC-VF,2,text,size_advance,draw_us,12,master,final,4,6527.892417,6317.802083,210.09033400000044
cpu,NotoSansSC-VF,2,text,size_advance,draw_us,12,master,final,5,6567.864667,6218.076333,349.78833399999985
cpu,NotoSansSC-VF,2,text,size_advance,draw_us,12,master,final,6,6517.326333,6259.222167,258.1041660000001
cpu,NotoSansSC-VF,2,text,size_advance,draw_us,12,master,final,7,6470.968667,6229.989583,240.9790840000005
cpu,NotoSansSC-VF,2,text,size_advance,draw_us,12,master,final,8,6487.902583,6214.791583,273.1109999999999
cpu,NotoSansSC-VF,2,text,size_advance,draw_us,12,master,final,9,6472.013833,6190.163333,281.85049999999956
cpu,NotoSansSC-VF,2,text,size_advance,draw_us,12,master,final,10,6701.44125,6205.211583,496.2296669999996
cpu,NotoSansSC-VF,2,text,size_advance,draw_us,12,master,final,11,7003.5105,7984.729333,-981.2188329999999
cpu,NotoSansSC-VF,2,text,size_advance,draw_us,12,master,final,12,6750.187417,6422.524333,327.6630839999998
cpu,NotoSansSC-VF,2,text,size_advance,submit_us,12,master,final,1,6875.30525,6424.840167,450.46508300000005
cpu,NotoSansSC-VF,2,text,size_advance,submit_us,12,master,final,2,6738.454833,6429.878583,308.5762500000001
cpu,NotoSansSC-VF,2,text,size_advance,submit_us,12,master,final,3,6725.298583,6388.663417,336.635166
cpu,NotoSansSC-VF,2,text,size_advance,submit_us,12,master,final,4,6528.517333,6318.517333,210.0
cpu,NotoSansSC-VF,2,text,size_advance,submit_us,12,master,final,5,6568.66675,6218.767417,349.8993330000003
cpu,NotoSansSC-VF,2,text,size_advance,submit_us,12,master,final,6,6517.919917,6259.889,258.03091700000004
cpu,NotoSansSC-VF,2,text,size_advance,submit_us,12,master,final,7,6471.691083,6230.639083,241.05199999999968
cpu,NotoSansSC-VF,2,text,size_advance,submit_us,12,master,final,8,6488.468583,6215.503333,272.9652500000002
cpu,NotoSansSC-VF,2,text,size_advance,submit_us,12,master,final,9,6472.635333,6190.788333,281.84699999999975
cpu,NotoSansSC-VF,2,text,size_advance,submit_us,12,master,final,10,6702.53825,6205.916417,496.62183299999924
cpu,NotoSansSC-VF,2,text,size_advance,submit_us,12,master,final,11,7005.423583,7987.125,-981.7014170000002
cpu,NotoSansSC-VF,2,text,size_advance,submit_us,12,master,final,12,6751.121417,6423.34375,327.7776670000003
cpu,NotoSansSC-VF,2,text,size_return,complete_us,12,master,final,1,288.732583,288.892417,-0.15983400000004622
cpu,NotoSansSC-VF,2,text,size_return,complete_us,12,master,final,2,287.628583,295.673833,-8.04525000000001
cpu,NotoSansSC-VF,2,text,size_return,complete_us,12,master,final,3,287.479167,292.149333,-4.670165999999995
cpu,NotoSansSC-VF,2,text,size_return,complete_us,12,master,final,4,279.507083,284.888917,-5.381833999999969
cpu,NotoSansSC-VF,2,text,size_return,complete_us,12,master,final,5,278.607583,280.98275,-2.375167000000033
cpu,NotoSansSC-VF,2,text,size_return,complete_us,12,master,final,6,272.7185,286.784667,-14.066167000000007
cpu,NotoSansSC-VF,2,text,size_return,complete_us,12,master,final,7,271.694583,283.09025,-11.395667000000003
cpu,NotoSansSC-VF,2,text,size_return,complete_us,12,master,final,8,272.83325,282.934167,-10.100916999999981
cpu,NotoSansSC-VF,2,text,size_return,complete_us,12,master,final,9,273.427167,279.455,-6.027832999999987
cpu,NotoSansSC-VF,2,text,size_return,complete_us,12,master,final,10,301.986167,285.999917,15.986250000000041
cpu,NotoSansSC-VF,2,text,size_return,complete_us,12,master,final,11,305.02075,350.41325,-45.392499999999984
cpu,NotoSansSC-VF,2,text,size_return,complete_us,12,master,final,12,288.014167,303.173667,-15.159500000000037
cpu,NotoSansSC-VF,2,text,size_return,draw_us,12,master,final,1,288.2985,288.45475,-0.15625
cpu,NotoSansSC-VF,2,text,size_return,draw_us,12,master,final,2,287.17375,295.246583,-8.072833000000003
cpu,NotoSansSC-VF,2,text,size_return,draw_us,12,master,final,3,287.052083,291.72575,-4.673667000000023
cpu,NotoSansSC-VF,2,text,size_return,draw_us,12,master,final,4,279.076583,284.451333,-5.374749999999949
cpu,NotoSansSC-VF,2,text,size_return,draw_us,12,master,final,5,278.204833,280.562667,-2.3578339999999685
cpu,NotoSansSC-VF,2,text,size_return,draw_us,12,master,final,6,272.301833,286.357583,-14.055749999999989
cpu,NotoSansSC-VF,2,text,size_return,draw_us,12,master,final,7,271.28125,282.683833,-11.402582999999993
cpu,NotoSansSC-VF,2,text,size_return,draw_us,12,master,final,8,272.40625,282.503417,-10.097167000000013
cpu,NotoSansSC-VF,2,text,size_return,draw_us,12,master,final,9,272.993083,279.0,-6.006916999999987
cpu,NotoSansSC-VF,2,text,size_return,draw_us,12,master,final,10,301.41675,285.583167,15.833582999999976
cpu,NotoSansSC-VF,2,text,size_return,draw_us,12,master,final,11,304.4895,349.573167,-45.08366699999999
cpu,NotoSansSC-VF,2,text,size_return,draw_us,12,master,final,12,287.562583,302.70825,-15.145667000000003
cpu,NotoSansSC-VF,2,text,size_return,submit_us,12,master,final,1,288.715083,288.871417,-0.1563340000000153
cpu,NotoSansSC-VF,2,text,size_return,submit_us,12,master,final,2,287.60775,295.649333,-8.041583000000003
cpu,NotoSansSC-VF,2,text,size_return,submit_us,12,master,final,3,287.465417,292.138917,-4.67349999999999
cpu,NotoSansSC-VF,2,text,size_return,submit_us,12,master,final,4,279.486167,284.864667,-5.378499999999974
cpu,NotoSansSC-VF,2,text,size_return,submit_us,12,master,final,5,278.59025,280.961917,-2.371667000000002
cpu,NotoSansSC-VF,2,text,size_return,submit_us,12,master,final,6,272.68725,286.76375,-14.07650000000001
cpu,NotoSansSC-VF,2,text,size_return,submit_us,12,master,final,7,271.680583,283.065833,-11.385249999999985
cpu,NotoSansSC-VF,2,text,size_return,submit_us,12,master,final,8,272.809083,282.906417,-10.09733399999999
cpu,NotoSansSC-VF,2,text,size_return,submit_us,12,master,final,9,273.402917,279.441083,-6.03816599999999
cpu,NotoSansSC-VF,2,text,size_return,submit_us,12,master,final,10,301.97575,285.975583,16.000167000000033
cpu,NotoSansSC-VF,2,text,size_return,submit_us,12,master,final,11,304.996417,350.385583,-45.38916599999999
cpu,NotoSansSC-VF,2,text,size_return,submit_us,12,master,final,12,287.996667,303.15275,-15.156083000000024
cpu,NotoSansSC-VF,2,text,warm,complete_us,30,master,final,1,257.8222,273.573533,-15.751332999999988
cpu,NotoSansSC-VF,2,text,warm,complete_us,30,master,final,2,264.425,271.798633,-7.373632999999984
cpu,NotoSansSC-VF,2,text,warm,complete_us,30,master,final,3,266.7556,270.372233,-3.616632999999979
cpu,NotoSansSC-VF,2,text,warm,complete_us,30,master,final,4,262.175067,272.072267,-9.897199999999998
cpu,NotoSansSC-VF,2,text,warm,complete_us,30,master,final,5,257.283267,268.1223,-10.839032999999972
cpu,NotoSansSC-VF,2,text,warm,complete_us,30,master,final,6,259.7417,276.097133,-16.355433000000005
cpu,NotoSansSC-VF,2,text,warm,complete_us,30,master,final,7,256.830467,264.8709,-8.040433000000007
cpu,NotoSansSC-VF,2,text,warm,complete_us,30,master,final,8,257.830567,267.9958,-10.165233
cpu,NotoSansSC-VF,2,text,warm,complete_us,30,master,final,9,259.093067,260.1374,-1.0443329999999946
cpu,NotoSansSC-VF,2,text,warm,complete_us,30,master,final,10,261.238933,264.265433,-3.0264999999999986
cpu,NotoSansSC-VF,2,text,warm,complete_us,30,master,final,11,270.5529,286.229067,-15.676166999999964
cpu,NotoSansSC-VF,2,text,warm,complete_us,30,master,final,12,269.202733,283.990367,-14.787633999999969
cpu,NotoSansSC-VF,2,text,warm,draw_us,30,master,final,1,257.493033,273.222067,-15.729033999999956
cpu,NotoSansSC-VF,2,text,warm,draw_us,30,master,final,2,264.086133,271.4445,-7.358366999999987
cpu,NotoSansSC-VF,2,text,warm,draw_us,30,master,final,3,266.397233,270.0513,-3.6540669999999977
cpu,NotoSansSC-VF,2,text,warm,draw_us,30,master,final,4,261.852767,271.7389,-9.88613300000003
cpu,NotoSansSC-VF,2,text,warm,draw_us,30,master,final,5,256.959767,267.791667,-10.831900000000019
cpu,NotoSansSC-VF,2,text,warm,draw_us,30,master,final,6,259.416667,275.736067,-16.319399999999973
cpu,NotoSansSC-VF,2,text,warm,draw_us,30,master,final,7,256.500033,264.534733,-8.034700000000043
cpu,NotoSansSC-VF,2,text,warm,draw_us,30,master,final,8,257.498633,267.686133,-10.1875
cpu,NotoSansSC-VF,2,text,warm,draw_us,30,master,final,9,258.766667,259.806967,-1.040300000000002
cpu,NotoSansSC-VF,2,text,warm,draw_us,30,master,final,10,260.9083,263.943067,-3.034766999999988
cpu,NotoSansSC-VF,2,text,warm,draw_us,30,master,final,11,270.1807,285.879133,-15.698433000000023
cpu,NotoSansSC-VF,2,text,warm,draw_us,30,master,final,12,268.867967,283.623633,-14.755665999999962
cpu,NotoSansSC-VF,2,text,warm,submit_us,30,master,final,1,257.795833,273.551333,-15.755499999999984
cpu,NotoSansSC-VF,2,text,warm,submit_us,30,master,final,2,264.405667,271.7764,-7.37073300000003
cpu,NotoSansSC-VF,2,text,warm,submit_us,30,master,final,3,266.732067,270.354133,-3.622066000000018
cpu,NotoSansSC-VF,2,text,warm,submit_us,30,master,final,4,262.154133,272.051333,-9.897199999999998
cpu,NotoSansSC-VF,2,text,warm,submit_us,30,master,final,5,257.261067,268.1042,-10.843132999999966
cpu,NotoSansSC-VF,2,text,warm,submit_us,30,master,final,6,259.7292,276.0749,-16.345700000000022
cpu,NotoSansSC-VF,2,text,warm,submit_us,30,master,final,7,256.811,264.841867,-8.030867
cpu,NotoSansSC-VF,2,text,warm,submit_us,30,master,final,8,257.812533,267.9833,-10.170767000000012
cpu,NotoSansSC-VF,2,text,warm,submit_us,30,master,final,9,259.073633,260.116633,-1.0430000000000064
cpu,NotoSansSC-VF,2,text,warm,submit_us,30,master,final,10,261.217967,264.2529,-3.0349330000000236
cpu,NotoSansSC-VF,2,text,warm,submit_us,30,master,final,11,270.519567,286.215133,-15.695565999999985
cpu,NotoSansSC-VF,2,text,warm,submit_us,30,master,final,12,269.180367,283.966733,-14.786365999999987
cpu,NotoSansSC-VF,2,text,x_advance,complete_us,10,master,final,1,423.2541,388.2375,35.01659999999998
cpu,NotoSansSC-VF,2,text,x_advance,complete_us,10,master,final,2,418.1666,389.2416,28.92500000000001
cpu,NotoSansSC-VF,2,text,x_advance,complete_us,10,master,final,3,427.7834,392.2959,35.487499999999955
cpu,NotoSansSC-VF,2,text,x_advance,complete_us,10,master,final,4,417.3042,391.579,25.725199999999973
cpu,NotoSansSC-VF,2,text,x_advance,complete_us,10,master,final,5,415.8835,390.0583,25.825200000000052
cpu,NotoSansSC-VF,2,text,x_advance,complete_us,10,master,final,6,423.1292,403.5667,19.5625
cpu,NotoSansSC-VF,2,text,x_advance,complete_us,10,master,final,7,414.35,381.271,33.07900000000001
cpu,NotoSansSC-VF,2,text,x_advance,complete_us,10,master,final,8,414.8457,388.4082,26.4375
cpu,NotoSansSC-VF,2,text,x_advance,complete_us,10,master,final,9,414.9042,393.6873,21.21690000000001
cpu,NotoSansSC-VF,2,text,x_advance,complete_us,10,master,final,10,418.7751,389.3415,29.433600000000013
cpu,NotoSansSC-VF,2,text,x_advance,complete_us,10,master,final,11,449.7708,420.8044,28.96640000000002
cpu,NotoSansSC-VF,2,text,x_advance,complete_us,10,master,final,12,429.371,415.0127,14.358299999999986
cpu,NotoSansSC-VF,2,text,x_advance,draw_us,10,master,final,1,422.8375,387.8375,35.0
cpu,NotoSansSC-VF,2,text,x_advance,draw_us,10,master,final,2,417.7168,388.7958,28.920999999999992
cpu,NotoSansSC-VF,2,text,x_advance,draw_us,10,master,final,3,427.3082,391.8919,35.41629999999998
cpu,NotoSansSC-VF,2,text,x_advance,draw_us,10,master,final,4,416.9082,391.1833,25.724900000000048
cpu,NotoSansSC-VF,2,text,x_advance,draw_us,10,master,final,5,415.4334,389.6624,25.771000000000015
cpu,NotoSansSC-VF,2,text,x_advance,draw_us,10,master,final,6,422.7208,403.1624,19.558400000000006
cpu,NotoSansSC-VF,2,text,x_advance,draw_us,10,master,final,7,413.9084,380.8668,33.04159999999996
cpu,NotoSansSC-VF,2,text,x_advance,draw_us,10,master,final,8,414.4542,387.9999,26.45429999999999
cpu,NotoSansSC-VF,2,text,x_advance,draw_us,10,master,final,9,414.4792,393.2706,21.20859999999999
cpu,NotoSansSC-VF,2,text,x_advance,draw_us,10,master,final,10,418.321,388.9458,29.375200000000007
cpu,NotoSansSC-VF,2,text,x_advance,draw_us,10,master,final,11,449.2958,420.2876,29.008199999999988
cpu,NotoSansSC-VF,2,text,x_advance,draw_us,10,master,final,12,428.9711,414.55,14.421099999999967
cpu,NotoSansSC-VF,2,text,x_advance,submit_us,10,master,final,1,423.2292,388.2003,35.028899999999965
cpu,NotoSansSC-VF,2,text,x_advance,submit_us,10,master,final,2,418.1373,389.2166,28.920699999999954
cpu,NotoSansSC-VF,2,text,x_advance,submit_us,10,master,final,3,427.7708,392.2791,35.49169999999998
cpu,NotoSansSC-VF,2,text,x_advance,submit_us,10,master,final,4,417.2916,391.5666,25.725000000000023
cpu,NotoSansSC-VF,2,text,x_advance,submit_us,10,master,final,5,415.8501,390.0459,25.80419999999998
cpu,NotoSansSC-VF,2,text,x_advance,submit_us,10,master,final,6,423.1,403.5458,19.554200000000037
cpu,NotoSansSC-VF,2,text,x_advance,submit_us,10,master,final,7,414.325,381.2459,33.07909999999998
cpu,NotoSansSC-VF,2,text,x_advance,submit_us,10,master,final,8,414.8334,388.3833,26.450099999999964
cpu,NotoSansSC-VF,2,text,x_advance,submit_us,10,master,final,9,414.8833,393.6539,21.2294
cpu,NotoSansSC-VF,2,text,x_advance,submit_us,10,master,final,10,418.7458,389.3249,29.42089999999996
cpu,NotoSansSC-VF,2,text,x_advance,submit_us,10,master,final,11,449.7501,420.7877,28.962400000000002
cpu,NotoSansSC-VF,2,text,x_advance,submit_us,10,master,final,12,429.3503,414.9875,14.362799999999993
cpu,NotoSansSC-VF,2,text,x_return,complete_us,10,master,final,1,268.0502,273.1793,-5.129099999999994
cpu,NotoSansSC-VF,2,text,x_return,complete_us,10,master,final,2,268.5585,275.4249,-6.866399999999999
cpu,NotoSansSC-VF,2,text,x_return,complete_us,10,master,final,3,270.5585,276.3711,-5.812600000000032
cpu,NotoSansSC-VF,2,text,x_return,complete_us,10,master,final,4,267.2626,277.3582,-10.09559999999999
cpu,NotoSansSC-VF,2,text,x_return,complete_us,10,master,final,5,264.5333,275.3083,-10.774999999999977
cpu,NotoSansSC-VF,2,text,x_return,complete_us,10,master,final,6,266.3583,276.6209,-10.26260000000002
cpu,NotoSansSC-VF,2,text,x_return,complete_us,10,master,final,7,269.0874,269.3626,-0.2751999999999839
cpu,NotoSansSC-VF,2,text,x_return,complete_us,10,master,final,8,265.4664,274.142,-8.675599999999974
cpu,NotoSansSC-VF,2,text,x_return,complete_us,10,master,final,9,266.9708,270.5166,-3.5457999999999856
cpu,NotoSansSC-VF,2,text,x_return,complete_us,10,master,final,10,264.9751,272.8584,-7.88330000000002
cpu,NotoSansSC-VF,2,text,x_return,complete_us,10,master,final,11,282.425,294.6458,-12.220799999999997
cpu,NotoSansSC-VF,2,text,x_return,complete_us,10,master,final,12,272.3251,284.2375,-11.912399999999991
cpu,NotoSansSC-VF,2,text,x_return,draw_us,10,master,final,1,267.671,272.8001,-5.129099999999994
cpu,NotoSansSC-VF,2,text,x_return,draw_us,10,master,final,2,268.1915,275.0708,-6.879300000000001
cpu,NotoSansSC-VF,2,text,x_return,draw_us,10,master,final,3,270.1583,276.0209,-5.862599999999986
cpu,NotoSansSC-VF,2,text,x_return,draw_us,10,master,final,4,266.8709,276.9998,-10.128899999999987
cpu,NotoSansSC-VF,2,text,x_return,draw_us,10,master,final,5,264.1708,274.8582,-10.687400000000025
cpu,NotoSansSC-VF,2,text,x_return,draw_us,10,master,final,6,265.9834,276.271,-10.287599999999998
cpu,NotoSansSC-VF,2,text,x_return,draw_us,10,master,final,7,268.6791,269.0,-0.32089999999999463
cpu,NotoSansSC-VF,2,text,x_return,draw_us,10,master,final,8,265.104,273.8085,-8.704499999999996
cpu,NotoSansSC-VF,2,text,x_return,draw_us,10,master,final,9,266.5956,270.1583,-3.5627000000000066
cpu,NotoSansSC-VF,2,text,x_return,draw_us,10,master,final,10,264.6044,272.5167,-7.912300000000016
cpu,NotoSansSC-VF,2,text,x_return,draw_us,10,master,final,11,282.0209,294.2042,-12.183300000000031
cpu,NotoSansSC-VF,2,text,x_return,draw_us,10,master,final,12,271.9375,283.8457,-11.908200000000022
cpu,NotoSansSC-VF,2,text,x_return,submit_us,10,master,final,1,268.0335,273.1543,-5.120799999999974
cpu,NotoSansSC-VF,2,text,x_return,submit_us,10,master,final,2,268.5501,275.3959,-6.845799999999997
cpu,NotoSansSC-VF,2,text,x_return,submit_us,10,master,final,3,270.5375,276.3504,-5.812899999999956
cpu,NotoSansSC-VF,2,text,x_return,submit_us,10,master,final,4,267.2334,277.3415,-10.108099999999979
cpu,NotoSansSC-VF,2,text,x_return,submit_us,10,master,final,5,264.5124,275.2707,-10.758299999999963
cpu,NotoSansSC-VF,2,text,x_return,submit_us,10,master,final,6,266.3458,276.596,-10.250200000000007
cpu,NotoSansSC-VF,2,text,x_return,submit_us,10,master,final,7,269.0582,269.35,-0.2918000000000234
cpu,NotoSansSC-VF,2,text,x_return,submit_us,10,master,final,8,265.4412,274.1168,-8.675600000000031
cpu,NotoSansSC-VF,2,text,x_return,submit_us,10,master,final,9,266.9416,270.5,-3.558400000000006
cpu,NotoSansSC-VF,2,text,x_return,submit_us,10,master,final,10,264.9501,272.8376,-7.887499999999989
cpu,NotoSansSC-VF,2,text,x_return,submit_us,10,master,final,11,282.4001,294.6292,-12.229100000000017
cpu,NotoSansSC-VF,2,text,x_return,submit_us,10,master,final,12,272.3084,284.2127,-11.904299999999978
cpu,NotoSansSC-VF,2,text,y_advance,complete_us,10,master,final,1,263.5084,269.1501,-5.641700000000014
cpu,NotoSansSC-VF,2,text,y_advance,complete_us,10,master,final,2,273.7249,268.4873,5.237599999999986
cpu,NotoSansSC-VF,2,text,y_advance,complete_us,10,master,final,3,266.7251,275.071,-8.345900000000029
cpu,NotoSansSC-VF,2,text,y_advance,complete_us,10,master,final,4,260.8374,270.8626,-10.025199999999984
cpu,NotoSansSC-VF,2,text,y_advance,complete_us,10,master,final,5,259.0747,270.104,-11.029299999999978
cpu,NotoSansSC-VF,2,text,y_advance,complete_us,10,master,final,6,263.3545,273.9623,-10.607800000000054
cpu,NotoSansSC-VF,2,text,y_advance,complete_us,10,master,final,7,259.3623,264.221,-4.858699999999999
cpu,NotoSansSC-VF,2,text,y_advance,complete_us,10,master,final,8,258.6792,269.1125,-10.433300000000031
cpu,NotoSansSC-VF,2,text,y_advance,complete_us,10,master,final,9,260.7582,265.5458,-4.787599999999998
cpu,NotoSansSC-VF,2,text,y_advance,complete_us,10,master,final,10,269.9624,268.9626,0.9997999999999934
cpu,NotoSansSC-VF,2,text,y_advance,complete_us,10,master,final,11,272.3125,287.8209,-15.508399999999995
cpu,NotoSansSC-VF,2,text,y_advance,complete_us,10,master,final,12,269.0585,279.979,-10.920500000000004
cpu,NotoSansSC-VF,2,text,y_advance,draw_us,10,master,final,1,263.1542,268.8084,-5.654200000000003
cpu,NotoSansSC-VF,2,text,y_advance,draw_us,10,master,final,2,273.3499,268.1541,5.195799999999963
cpu,NotoSansSC-VF,2,text,y_advance,draw_us,10,master,final,3,266.3874,274.7376,-8.350199999999973
cpu,NotoSansSC-VF,2,text,y_advance,draw_us,10,master,final,4,260.4875,270.525,-10.037499999999966
cpu,NotoSansSC-VF,2,text,y_advance,draw_us,10,master,final,5,258.7458,269.7666,-11.020800000000008
cpu,NotoSansSC-VF,2,text,y_advance,draw_us,10,master,final,6,262.9877,273.6538,-10.666099999999972
cpu,NotoSansSC-VF,2,text,y_advance,draw_us,10,master,final,7,259.0207,263.9209,-4.900200000000041
cpu,NotoSansSC-VF,2,text,y_advance,draw_us,10,master,final,8,258.3499,268.8043,-10.454400000000021
cpu,NotoSansSC-VF,2,text,y_advance,draw_us,10,master,final,9,260.4083,265.2458,-4.837499999999977
cpu,NotoSansSC-VF,2,text,y_advance,draw_us,10,master,final,10,269.5918,268.6291,0.9626999999999839
cpu,NotoSansSC-VF,2,text,y_advance,draw_us,10,master,final,11,271.9418,287.4167,-15.474899999999991
cpu,NotoSansSC-VF,2,text,y_advance,draw_us,10,master,final,12,268.7042,279.6417,-10.9375
cpu,NotoSansSC-VF,2,text,y_advance,submit_us,10,master,final,1,263.4834,269.1252,-5.641799999999989
cpu,NotoSansSC-VF,2,text,y_advance,submit_us,10,master,final,2,273.7083,268.4582,5.250100000000032
cpu,NotoSansSC-VF,2,text,y_advance,submit_us,10,master,final,3,266.7042,275.0502,-8.346000000000004
cpu,NotoSansSC-VF,2,text,y_advance,submit_us,10,master,final,4,260.8123,270.8333,-10.021000000000015
cpu,NotoSansSC-VF,2,text,y_advance,submit_us,10,master,final,5,259.0499,270.0793,-11.02940000000001
cpu,NotoSansSC-VF,2,text,y_advance,submit_us,10,master,final,6,263.321,273.9413,-10.620299999999986
cpu,NotoSansSC-VF,2,text,y_advance,submit_us,10,master,final,7,259.3374,264.2042,-4.866800000000012
cpu,NotoSansSC-VF,2,text,y_advance,submit_us,10,master,final,8,258.6584,269.1042,-10.44580000000002
cpu,NotoSansSC-VF,2,text,y_advance,submit_us,10,master,final,9,260.7374,265.5208,-4.783400000000029
cpu,NotoSansSC-VF,2,text,y_advance,submit_us,10,master,final,10,269.9459,268.9417,1.004199999999969
cpu,NotoSansSC-VF,2,text,y_advance,submit_us,10,master,final,11,272.2876,287.7999,-15.512299999999982
cpu,NotoSansSC-VF,2,text,y_advance,submit_us,10,master,final,12,269.0335,279.95,-10.916499999999985
cpu,NotoSerifSC-VF,2,demo,first_paint,complete_us,1,master,final,1,6877.25,6657.125,220.125
cpu,NotoSerifSC-VF,2,demo,first_paint,complete_us,1,master,final,2,7100.041,6772.667,327.3739999999998
cpu,NotoSerifSC-VF,2,demo,first_paint,complete_us,1,master,final,3,6827.458,6551.958,275.5
cpu,NotoSerifSC-VF,2,demo,first_paint,complete_us,1,master,final,4,6882.959,6794.625,88.33399999999983
cpu,NotoSerifSC-VF,2,demo,first_paint,complete_us,1,master,final,5,6791.291,6599.083,192.20800000000054
cpu,NotoSerifSC-VF,2,demo,first_paint,complete_us,1,master,final,6,6889.167,6619.5,269.66700000000037
cpu,NotoSerifSC-VF,2,demo,first_paint,complete_us,1,master,final,7,6838.958,6551.0,287.95799999999963
cpu,NotoSerifSC-VF,2,demo,first_paint,complete_us,1,master,final,8,6760.459,6585.125,175.33399999999983
cpu,NotoSerifSC-VF,2,demo,first_paint,complete_us,1,master,final,9,6713.583,6679.125,34.45799999999963
cpu,NotoSerifSC-VF,2,demo,first_paint,complete_us,1,master,final,10,6761.167,6558.458,202.70900000000074
cpu,NotoSerifSC-VF,2,demo,first_paint,complete_us,1,master,final,11,7052.209,6594.0,458.20899999999983
cpu,NotoSerifSC-VF,2,demo,first_paint,complete_us,1,master,final,12,6909.583,6704.0,205.58299999999963
cpu,NotoSerifSC-VF,2,demo,first_paint,draw_us,1,master,final,1,6874.583,6654.333,220.25
cpu,NotoSerifSC-VF,2,demo,first_paint,draw_us,1,master,final,2,7096.208,6770.333,325.875
cpu,NotoSerifSC-VF,2,demo,first_paint,draw_us,1,master,final,3,6825.083,6549.708,275.375
cpu,NotoSerifSC-VF,2,demo,first_paint,draw_us,1,master,final,4,6880.542,6791.416,89.1260000000002
cpu,NotoSerifSC-VF,2,demo,first_paint,draw_us,1,master,final,5,6789.0,6596.833,192.16700000000037
cpu,NotoSerifSC-VF,2,demo,first_paint,draw_us,1,master,final,6,6886.667,6617.25,269.41700000000037
cpu,NotoSerifSC-VF,2,demo,first_paint,draw_us,1,master,final,7,6836.791,6548.5,288.29100000000017
cpu,NotoSerifSC-VF,2,demo,first_paint,draw_us,1,master,final,8,6756.75,6582.833,173.91700000000037
cpu,NotoSerifSC-VF,2,demo,first_paint,draw_us,1,master,final,9,6710.875,6676.958,33.91700000000037
cpu,NotoSerifSC-VF,2,demo,first_paint,draw_us,1,master,final,10,6758.25,6556.125,202.125
cpu,NotoSerifSC-VF,2,demo,first_paint,draw_us,1,master,final,11,7048.875,6591.333,457.54200000000037
cpu,NotoSerifSC-VF,2,demo,first_paint,draw_us,1,master,final,12,6907.291,6700.75,206.54100000000017
cpu,NotoSerifSC-VF,2,demo,first_paint,submit_us,1,master,final,1,6877.25,6657.125,220.125
cpu,NotoSerifSC-VF,2,demo,first_paint,submit_us,1,master,final,2,7100.041,6772.667,327.3739999999998
cpu,NotoSerifSC-VF,2,demo,first_paint,submit_us,1,master,final,3,6827.417,6551.916,275.5010000000002
cpu,NotoSerifSC-VF,2,demo,first_paint,submit_us,1,master,final,4,6882.917,6794.625,88.29200000000037
cpu,NotoSerifSC-VF,2,demo,first_paint,submit_us,1,master,final,5,6791.25,6599.083,192.16700000000037
cpu,NotoSerifSC-VF,2,demo,first_paint,submit_us,1,master,final,6,6889.125,6619.5,269.625
cpu,NotoSerifSC-VF,2,demo,first_paint,submit_us,1,master,final,7,6838.958,6550.958,288.0
cpu,NotoSerifSC-VF,2,demo,first_paint,submit_us,1,master,final,8,6760.459,6585.083,175.3760000000002
cpu,NotoSerifSC-VF,2,demo,first_paint,submit_us,1,master,final,9,6713.583,6679.083,34.5
cpu,NotoSerifSC-VF,2,demo,first_paint,submit_us,1,master,final,10,6761.167,6558.458,202.70900000000074
cpu,NotoSerifSC-VF,2,demo,first_paint,submit_us,1,master,final,11,7052.209,6594.0,458.20899999999983
cpu,NotoSerifSC-VF,2,demo,first_paint,submit_us,1,master,final,12,6909.583,6704.0,205.58299999999963
cpu,NotoSerifSC-VF,2,demo,pan,complete_us,10,master,final,1,218.2749,211.3708,6.9041
cpu,NotoSerifSC-VF,2,demo,pan,complete_us,10,master,final,2,222.3457,212.5206,9.825099999999992
cpu,NotoSerifSC-VF,2,demo,pan,complete_us,10,master,final,3,210.9167,213.0501,-2.1333999999999946
cpu,NotoSerifSC-VF,2,demo,pan,complete_us,10,master,final,4,213.9085,213.7916,0.11690000000001532
cpu,NotoSerifSC-VF,2,demo,pan,complete_us,10,master,final,5,213.4293,209.7919,3.6374000000000137
cpu,NotoSerifSC-VF,2,demo,pan,complete_us,10,master,final,6,212.5374,210.65,1.8873999999999853
cpu,NotoSerifSC-VF,2,demo,pan,complete_us,10,master,final,7,212.8876,212.6543,0.23329999999998563
cpu,NotoSerifSC-VF,2,demo,pan,complete_us,10,master,final,8,211.4044,208.5416,2.8628000000000213
cpu,NotoSerifSC-VF,2,demo,pan,complete_us,10,master,final,9,213.1874,212.675,0.5123999999999853
cpu,NotoSerifSC-VF,2,demo,pan,complete_us,10,master,final,10,210.7626,208.0543,2.70829999999998
cpu,NotoSerifSC-VF,2,demo,pan,complete_us,10,master,final,11,224.3124,214.9208,9.391599999999983
cpu,NotoSerifSC-VF,2,demo,pan,complete_us,10,master,final,12,219.2835,214.1082,5.175299999999993
cpu,NotoSerifSC-VF,2,demo,pan,draw_us,10,master,final,1,216.4206,209.6833,6.737300000000005
cpu,NotoSerifSC-VF,2,demo,pan,draw_us,10,master,final,2,220.5249,210.8083,9.7166
cpu,NotoSerifSC-VF,2,demo,pan,draw_us,10,master,final,3,209.0584,211.2042,-2.14579999999998
cpu,NotoSerifSC-VF,2,demo,pan,draw_us,10,master,final,4,212.3084,212.0332,0.2752000000000123
cpu,NotoSerifSC-VF,2,demo,pan,draw_us,10,master,final,5,211.7043,208.0874,3.616899999999987
cpu,NotoSerifSC-VF,2,demo,pan,draw_us,10,master,final,6,210.8915,208.8458,2.0457000000000107
cpu,NotoSerifSC-VF,2,demo,pan,draw_us,10,master,final,7,211.271,210.9085,0.36249999999998295
cpu,NotoSerifSC-VF,2,demo,pan,draw_us,10,master,final,8,209.6543,206.7542,2.900100000000009
cpu,NotoSerifSC-VF,2,demo,pan,draw_us,10,master,final,9,211.3247,210.9499,0.37479999999999336
cpu,NotoSerifSC-VF,2,demo,pan,draw_us,10,master,final,10,209.0501,206.2999,2.750199999999978
cpu,NotoSerifSC-VF,2,demo,pan,draw_us,10,master,final,11,222.4873,213.1168,9.370499999999993
cpu,NotoSerifSC-VF,2,demo,pan,draw_us,10,master,final,12,217.4461,212.3,5.14609999999999
cpu,NotoSerifSC-VF,2,demo,pan,submit_us,10,master,final,1,218.254,211.346,6.907999999999987
cpu,NotoSerifSC-VF,2,demo,pan,submit_us,10,master,final,2,222.3291,212.4957,9.833400000000012
cpu,NotoSerifSC-VF,2,demo,pan,submit_us,10,master,final,3,210.8959,213.025,-2.129099999999994
cpu,NotoSerifSC-VF,2,demo,pan,submit_us,10,master,final,4,213.8876,213.7665,0.12109999999998422
cpu,NotoSerifSC-VF,2,demo,pan,submit_us,10,master,final,5,213.4127,209.7752,3.6374999999999886
cpu,NotoSerifSC-VF,2,demo,pan,submit_us,10,master,final,6,212.529,210.6208,1.9081999999999937
cpu,NotoSerifSC-VF,2,demo,pan,submit_us,10,master,final,7,212.8627,212.6376,0.22509999999999764
cpu,NotoSerifSC-VF,2,demo,pan,submit_us,10,master,final,8,211.3918,208.5166,2.875199999999978
cpu,NotoSerifSC-VF,2,demo,pan,submit_us,10,master,final,9,213.1624,212.65,0.5123999999999853
cpu,NotoSerifSC-VF,2,demo,pan,submit_us,10,master,final,10,210.7502,208.025,2.725200000000001
cpu,NotoSerifSC-VF,2,demo,pan,submit_us,10,master,final,11,224.2873,214.8917,9.395600000000002
cpu,NotoSerifSC-VF,2,demo,pan,submit_us,10,master,final,12,219.2625,214.0998,5.162700000000001
cpu,NotoSerifSC-VF,2,demo,reported_sequence,complete_us,65,master,final,1,132067.836996,130467.246986,1600.59001
cpu,NotoSerifSC-VF,2,demo,reported_sequence,complete_us,65,master,final,2,137092.626998,131284.171014,5808.455984
cpu,NotoSerifSC-VF,2,demo,reported_sequence,complete_us,65,master,final,3,129724.29901399999,127209.37300400001,2514.926009999981
cpu,NotoSerifSC-VF,2,demo,reported_sequence,complete_us,65,master,final,4,131309.335002,130144.00201,1165.3329920000106
cpu,NotoSerifSC-VF,2,demo,reported_sequence,complete_us,65,master,final,5,130166.66501400001,127346.54299,2820.122024000011
cpu,NotoSerifSC-VF,2,demo,reported_sequence,complete_us,65,master,final,6,129737.624994,129506.33499,231.29000399999495
cpu,NotoSerifSC-VF,2,demo,reported_sequence,complete_us,65,master,final,7,129202.37499200001,127409.87099600001,1792.5039959999995
cpu,NotoSerifSC-VF,2,demo,reported_sequence,complete_us,65,master,final,8,129938.256002,127783.16200999999,2155.093992000009
cpu,NotoSerifSC-VF,2,demo,reported_sequence,complete_us,65,master,final,9,129403.08699400001,127131.330004,2271.756990000009
cpu,NotoSerifSC-VF,2,demo,reported_sequence,complete_us,65,master,final,10,129356.203994,128494.08600600001,862.1179879999836
cpu,NotoSerifSC-VF,2,demo,reported_sequence,complete_us,65,master,final,11,136925.95699,128931.872006,7994.084984000001
cpu,NotoSerifSC-VF,2,demo,reported_sequence,complete_us,65,master,final,12,132213.999986,129347.58699,2866.4129960000137
cpu,NotoSerifSC-VF,2,demo,reported_sequence,draw_us,65,master,final,1,131955.54399,130359.497,1596.0469900000026
cpu,NotoSerifSC-VF,2,demo,reported_sequence,draw_us,65,master,final,2,136977.748992,131173.586002,5804.162990000012
cpu,NotoSerifSC-VF,2,demo,reported_sequence,draw_us,65,master,final,3,129620.254004,127110.33000799999,2509.9239960000123
cpu,NotoSerifSC-VF,2,demo,reported_sequence,draw_us,65,master,final,4,131195.997994,130037.297982,1158.7000120000012
cpu,NotoSerifSC-VF,2,demo,reported_sequence,draw_us,65,master,final,5,130060.75299400001,127237.87599,2822.877004000009
cpu,NotoSerifSC-VF,2,demo,reported_sequence,draw_us,65,master,final,6,129634.998986,129402.083004,232.9159820000059
cpu,NotoSerifSC-VF,2,demo,reported_sequence,draw_us,65,master,final,7,129105.790996,127305.82900399998,1799.9619920000114
cpu,NotoSerifSC-VF,2,demo,reported_sequence,draw_us,65,master,final,8,129834.33701,127675.916,2158.4210100000055
cpu,NotoSerifSC-VF,2,demo,reported_sequence,draw_us,65,master,final,9,129298.460006,127029.45099399998,2269.0090120000095
cpu,NotoSerifSC-VF,2,demo,reported_sequence,draw_us,65,master,final,10,129256.751004,128392.08600800001,864.6649959999922
cpu,NotoSerifSC-VF,2,demo,reported_sequence,draw_us,65,master,final,11,136803.374004,128827.912992,7975.461012000014
cpu,NotoSerifSC-VF,2,demo,reported_sequence,draw_us,65,master,final,12,132106.377004,129242.168004,2864.2090000000026
cpu,NotoSerifSC-VF,2,demo,reported_sequence,submit_us,65,master,final,1,132066.335996,130465.912,1600.4239960000123
cpu,NotoSerifSC-VF,2,demo,reported_sequence,submit_us,65,master,final,2,137091.16900999998,131283.046,5808.123009999981
cpu,NotoSerifSC-VF,2,demo,reported_sequence,submit_us,65,master,final,3,129722.96199,127208.206,2514.7559899999906
cpu,NotoSerifSC-VF,2,demo,reported_sequence,submit_us,65,master,final,4,131307.875008,130142.588996,1165.2860119999968
cpu,NotoSerifSC-VF,2,demo,reported_sequence,submit_us,65,master,final,5,130165.28801,127345.166996,2820.121014000004
cpu,NotoSerifSC-VF,2,demo,reported_sequence,submit_us,65,master,final,6,129736.41999,129504.82799599999,231.59199400000216
cpu,NotoSerifSC-VF,2,demo,reported_sequence,submit_us,65,master,final,7,129200.921018,127408.11899399999,1792.8020240000042
cpu,NotoSerifSC-VF,2,demo,reported_sequence,submit_us,65,master,final,8,129936.75700000001,127781.582014,2155.1749860000127
cpu,NotoSerifSC-VF,2,demo,reported_sequence,submit_us,65,master,final,9,129401.708986,127129.83101,2271.8779760000034
cpu,NotoSerifSC-VF,2,demo,reported_sequence,submit_us,65,master,final,10,129354.99701,128492.79499,862.2020200000115
cpu,NotoSerifSC-VF,2,demo,reported_sequence,submit_us,65,master,final,11,136924.54098599998,128930.702992,7993.837993999972
cpu,NotoSerifSC-VF,2,demo,reported_sequence,submit_us,65,master,final,12,132212.45701399999,129346.00098600001,2866.4560279999714
cpu,NotoSerifSC-VF,2,demo,warm,complete_us,30,master,final,1,209.1069,209.833333,-0.7264330000000143
cpu,NotoSerifSC-VF,2,demo,warm,complete_us,30,master,final,2,220.991567,211.816667,9.174900000000008
cpu,NotoSerifSC-VF,2,demo,warm,complete_us,30,master,final,3,208.138933,206.059633,2.0793000000000177
cpu,NotoSerifSC-VF,2,demo,warm,complete_us,30,master,final,4,212.711067,209.209667,3.501400000000018
cpu,NotoSerifSC-VF,2,demo,warm,complete_us,30,master,final,5,209.240267,206.038967,3.201299999999975
cpu,NotoSerifSC-VF,2,demo,warm,complete_us,30,master,final,6,207.430533,211.666567,-4.236033999999989
cpu,NotoSerifSC-VF,2,demo,warm,complete_us,30,master,final,7,210.4111,206.094367,4.316732999999999
cpu,NotoSerifSC-VF,2,demo,warm,complete_us,30,master,final,8,205.651367,208.804167,-3.1528000000000134
cpu,NotoSerifSC-VF,2,demo,warm,complete_us,30,master,final,9,208.609633,207.0667,1.542933000000005
cpu,NotoSerifSC-VF,2,demo,warm,complete_us,30,master,final,10,206.254133,205.288867,0.9652659999999855
cpu,NotoSerifSC-VF,2,demo,warm,complete_us,30,master,final,11,217.154133,212.4513,4.702832999999998
cpu,NotoSerifSC-VF,2,demo,warm,complete_us,30,master,final,12,213.002733,210.730533,2.272199999999998
cpu,NotoSerifSC-VF,2,demo,warm,draw_us,30,master,final,1,207.336133,208.115367,-0.7792340000000024
cpu,NotoSerifSC-VF,2,demo,warm,draw_us,30,master,final,2,218.979133,210.1681,8.81103299999998
cpu,NotoSerifSC-VF,2,demo,warm,draw_us,30,master,final,3,206.472167,204.3471,2.1250670000000014
cpu,NotoSerifSC-VF,2,demo,warm,draw_us,30,master,final,4,211.111133,207.5279,3.583233000000007
cpu,NotoSerifSC-VF,2,demo,warm,draw_us,30,master,final,5,207.493133,204.3694,3.123732999999987
cpu,NotoSerifSC-VF,2,demo,warm,draw_us,30,master,final,6,205.725033,209.781967,-4.0569340000000125
cpu,NotoSerifSC-VF,2,demo,warm,draw_us,30,master,final,7,208.563967,204.3638,4.200166999999993
cpu,NotoSerifSC-VF,2,demo,warm,draw_us,30,master,final,8,204.048667,207.090333,-3.041665999999992
cpu,NotoSerifSC-VF,2,demo,warm,draw_us,30,master,final,9,207.045733,205.3556,1.690133000000003
cpu,NotoSerifSC-VF,2,demo,warm,draw_us,30,master,final,10,204.7042,203.5028,1.2013999999999783
cpu,NotoSerifSC-VF,2,demo,warm,draw_us,30,master,final,11,215.2792,210.655467,4.623733000000016
cpu,NotoSerifSC-VF,2,demo,warm,draw_us,30,master,final,12,211.2916,209.0013,2.290300000000002
cpu,NotoSerifSC-VF,2,demo,warm,submit_us,30,master,final,1,209.0861,209.8084,-0.7223000000000184
cpu,NotoSerifSC-VF,2,demo,warm,submit_us,30,master,final,2,220.9638,211.7972,9.166599999999988
cpu,NotoSerifSC-VF,2,demo,warm,submit_us,30,master,final,3,208.111067,206.040233,2.0708339999999907
cpu,NotoSerifSC-VF,2,demo,warm,submit_us,30,master,final,4,212.688933,209.193,3.4959329999999795
cpu,NotoSerifSC-VF,2,demo,warm,submit_us,30,master,final,5,209.215167,206.022267,3.1929000000000087
cpu,NotoSerifSC-VF,2,demo,warm,submit_us,30,master,final,6,207.411233,211.650033,-4.238799999999998
cpu,NotoSerifSC-VF,2,demo,warm,submit_us,30,master,final,7,210.3889,206.0749,4.313999999999993
cpu,NotoSerifSC-VF,2,demo,warm,submit_us,30,master,final,8,205.631933,208.780533,-3.1485999999999876
cpu,NotoSerifSC-VF,2,demo,warm,submit_us,30,master,final,9,208.592967,207.0472,1.5457669999999837
cpu,NotoSerifSC-VF,2,demo,warm,submit_us,30,master,final,10,206.236067,205.270733,0.9653339999999844
cpu,NotoSerifSC-VF,2,demo,warm,submit_us,30,master,final,11,217.134633,212.428967,4.705666000000008
cpu,NotoSerifSC-VF,2,demo,warm,submit_us,30,master,final,12,212.976367,210.702633,2.273734000000019
cpu,NotoSerifSC-VF,2,demo,zoom_in,complete_us,12,master,final,1,6301.41325,6218.340083,83.07316699999956
cpu,NotoSerifSC-VF,2,demo,zoom_in,complete_us,12,master,final,2,6486.406417,6227.659667,258.74675000000025
cpu,NotoSerifSC-VF,2,demo,zoom_in,complete_us,12,master,final,3,6221.844,6078.6805,143.16349999999966
cpu,NotoSerifSC-VF,2,demo,zoom_in,complete_us,12,master,final,4,6244.277833,6212.691083,31.586750000000393
cpu,NotoSerifSC-VF,2,demo,zoom_in,complete_us,12,master,final,5,6220.107417,6086.840333,133.26708400000007
cpu,NotoSerifSC-VF,2,demo,zoom_in,complete_us,12,master,final,6,6196.413417,6185.632,10.781417000000147
cpu,NotoSerifSC-VF,2,demo,zoom_in,complete_us,12,master,final,7,6214.180333,6093.0905,121.089833
cpu,NotoSerifSC-VF,2,demo,zoom_in,complete_us,12,master,final,8,6227.580083,6083.698,143.8820829999995
cpu,NotoSerifSC-VF,2,demo,zoom_in,complete_us,12,master,final,9,6176.461667,6039.92,136.5416669999995
cpu,NotoSerifSC-VF,2,demo,zoom_in,complete_us,12,master,final,10,6206.885333,6145.725667,61.15966600000047
cpu,NotoSerifSC-VF,2,demo,zoom_in,complete_us,12,master,final,11,6543.694583,6133.868,409.826583
cpu,NotoSerifSC-VF,2,demo,zoom_in,complete_us,12,master,final,12,6306.420167,6161.392417,145.0277500000002
cpu,NotoSerifSC-VF,2,demo,zoom_in,draw_us,12,master,final,1,6300.006917,6216.9965,83.0104169999995
cpu,NotoSerifSC-VF,2,demo,zoom_in,draw_us,12,master,final,2,6484.736167,6226.128583,258.6075840000003
cpu,NotoSerifSC-VF,2,demo,zoom_in,draw_us,12,master,final,3,6220.601,6077.496417,143.10458299999937
cpu,NotoSerifSC-VF,2,demo,zoom_in,draw_us,12,master,final,4,6242.895917,6211.319583,31.576333999999406
cpu,NotoSerifSC-VF,2,demo,zoom_in,draw_us,12,master,final,5,6218.809,6085.635417,133.17358299999978
cpu,NotoSerifSC-VF,2,demo,zoom_in,draw_us,12,master,final,6,6195.152833,6184.375,10.7778330000001
cpu,NotoSerifSC-VF,2,demo,zoom_in,draw_us,12,master,final,7,6213.059,6091.895917,121.16308300000037
cpu,NotoSerifSC-VF,2,demo,zoom_in,draw_us,12,master,final,8,6226.375,6082.593917,143.78108299999985
cpu,NotoSerifSC-VF,2,demo,zoom_in,draw_us,12,master,final,9,6175.204917,6038.69075,136.51416700000027
cpu,NotoSerifSC-VF,2,demo,zoom_in,draw_us,12,master,final,10,6205.624917,6144.444333,61.180583999999726
cpu,NotoSerifSC-VF,2,demo,zoom_in,draw_us,12,master,final,11,6541.941,6132.579833,409.361167
cpu,NotoSerifSC-VF,2,demo,zoom_in,draw_us,12,master,final,12,6305.128417,6159.979167,145.14924999999948
cpu,NotoSerifSC-VF,2,demo,zoom_in,submit_us,12,master,final,1,6301.38525,6218.322917,83.06233299999985
cpu,NotoSerifSC-VF,2,demo,zoom_in,submit_us,12,master,final,2,6486.3855,6227.638833,258.74666700000034
cpu,NotoSerifSC-VF,2,demo,zoom_in,submit_us,12,master,final,3,6221.830083,6078.666583,143.16349999999966
cpu,NotoSerifSC-VF,2,demo,zoom_in,submit_us,12,master,final,4,6244.256917,6212.67025,31.58666699999958
cpu,NotoSerifSC-VF,2,demo,zoom_in,submit_us,12,master,final,5,6220.097083,6086.815917,133.28116599999976
cpu,NotoSerifSC-VF,2,demo,zoom_in,submit_us,12,master,final,6,6196.396,6185.611,10.784999999999854
cpu,NotoSerifSC-VF,2,demo,zoom_in,submit_us,12,master,final,7,6214.163167,6093.069667,121.09349999999995
cpu,NotoSerifSC-VF,2,demo,zoom_in,submit_us,12,master,final,8,6227.55575,6083.670167,143.88558300000022
cpu,NotoSerifSC-VF,2,demo,zoom_in,submit_us,12,master,final,9,6176.447833,6039.888833,136.5590000000002
cpu,NotoSerifSC-VF,2,demo,zoom_in,submit_us,12,master,final,10,6206.868,6145.71175,61.15625
cpu,NotoSerifSC-VF,2,demo,zoom_in,submit_us,12,master,final,11,6543.67725,6133.847333,409.829917
cpu,NotoSerifSC-VF,2,demo,zoom_in,submit_us,12,master,final,12,6306.392333,6161.368167,145.02416600000015
cpu,NotoSerifSC-VF,2,demo,zoom_out,complete_us,12,master,final,1,3372.6805,3336.798583,35.88191700000016
cpu,NotoSerifSC-VF,2,demo,zoom_out,complete_us,12,master,final,2,3565.069583,3373.100583,191.96900000000005
cpu,NotoSerifSC-VF,2,demo,zoom_out,complete_us,12,master,final,3,3348.659667,3300.812417,47.8472499999998
cpu,NotoSerifSC-VF,2,demo,zoom_out,complete_us,12,master,final,4,3396.090333,3388.423583,7.66675000000032
cpu,NotoSerifSC-VF,2,demo,zoom_out,complete_us,12,master,final,5,3332.805417,3308.854,23.95141700000022
cpu,NotoSerifSC-VF,2,demo,zoom_out,complete_us,12,master,final,6,3364.100917,3330.56925,33.5316670000002
cpu,NotoSerifSC-VF,2,demo,zoom_out,complete_us,12,master,final,7,3327.104083,3307.524167,19.57991600000014
cpu,NotoSerifSC-VF,2,demo,zoom_out,complete_us,12,master,final,8,3343.7465,3295.60075,48.145750000000135
cpu,NotoSerifSC-VF,2,demo,zoom_out,complete_us,12,master,final,9,3333.257167,3301.114667,32.14250000000038
cpu,NotoSerifSC-VF,2,demo,zoom_out,complete_us,12,master,final,10,3335.392167,3325.420083,9.972083999999995
cpu,NotoSerifSC-VF,2,demo,zoom_out,complete_us,12,master,final,11,3444.461667,3380.270667,64.19100000000026
cpu,NotoSerifSC-VF,2,demo,zoom_out,complete_us,12,master,final,12,3412.3855,3366.066167,46.319332999999915
cpu,NotoSerifSC-VF,2,demo,zoom_out,draw_us,12,master,final,1,3371.058917,3335.149333,35.909583999999995
cpu,NotoSerifSC-VF,2,demo,zoom_out,draw_us,12,master,final,2,3563.270833,3371.524333,191.7465000000002
cpu,NotoSerifSC-VF,2,demo,zoom_out,draw_us,12,master,final,3,3347.208417,3299.4965,47.71191699999963
cpu,NotoSerifSC-VF,2,demo,zoom_out,draw_us,12,master,final,4,3394.0035,3386.77075,7.232749999999669
cpu,NotoSerifSC-VF,2,demo,zoom_out,draw_us,12,master,final,5,3331.354,3307.406167,23.94783299999972
cpu,NotoSerifSC-VF,2,demo,zoom_out,draw_us,12,master,final,6,3362.736167,3329.190667,33.545500000000175
cpu,NotoSerifSC-VF,2,demo,zoom_out,draw_us,12,master,final,7,3325.694417,3306.184167,19.51025000000027
cpu,NotoSerifSC-VF,2,demo,zoom_out,draw_us,12,master,final,8,3342.336833,3294.274167,48.06266599999981
cpu,NotoSerifSC-VF,2,demo,zoom_out,draw_us,12,master,final,9,3331.764083,3299.729167,32.03491600000007
cpu,NotoSerifSC-VF,2,demo,zoom_out,draw_us,12,master,final,10,3334.034667,3323.958333,10.07633399999986
cpu,NotoSerifSC-VF,2,demo,zoom_out,draw_us,12,master,final,11,3442.83325,3378.7465,64.08674999999994
cpu,NotoSerifSC-VF,2,demo,zoom_out,draw_us,12,master,final,12,3410.895917,3364.67025,46.2256669999997
cpu,NotoSerifSC-VF,2,demo,zoom_out,submit_us,12,master,final,1,3372.652667,3336.78125,35.87141699999984
cpu,NotoSerifSC-VF,2,demo,zoom_out,submit_us,12,master,final,2,3565.04875,3373.065833,191.98291699999982
cpu,NotoSerifSC-VF,2,demo,zoom_out,submit_us,12,master,final,3,3348.642417,3300.7985,47.84391700000015
cpu,NotoSerifSC-VF,2,demo,zoom_out,submit_us,12,master,final,4,3396.062417,3388.395833,7.666584000000057
cpu,NotoSerifSC-VF,2,demo,zoom_out,submit_us,12,master,final,5,3332.781167,3308.843583,23.937584000000243
cpu,NotoSerifSC-VF,2,demo,zoom_out,submit_us,12,master,final,6,3364.073,3330.544833,33.52816699999994
cpu,NotoSerifSC-VF,2,demo,zoom_out,submit_us,12,master,final,7,3327.079833,3307.5,19.57983299999978
cpu,NotoSerifSC-VF,2,demo,zoom_out,submit_us,12,master,final,8,3343.71875,3295.58675,48.13200000000006
cpu,NotoSerifSC-VF,2,demo,zoom_out,submit_us,12,master,final,9,3333.22225,3301.097417,32.12483299999985
cpu,NotoSerifSC-VF,2,demo,zoom_out,submit_us,12,master,final,10,3335.378333,3325.389,9.989332999999988
cpu,NotoSerifSC-VF,2,demo,zoom_out,submit_us,12,master,final,11,3444.43375,3380.239583,64.1941670000001
cpu,NotoSerifSC-VF,2,demo,zoom_out,submit_us,12,master,final,12,3412.36475,3366.041833,46.32291699999996
cpu,NotoSerifSC-VF,2,font_variations,first_paint,complete_us,1,master,final,1,1102.75,1059.25,43.5
cpu,NotoSerifSC-VF,2,font_variations,first_paint,complete_us,1,master,final,2,1118.042,1072.583,45.45899999999983
cpu,NotoSerifSC-VF,2,font_variations,first_paint,complete_us,1,master,final,3,1080.583,1037.458,43.125
cpu,NotoSerifSC-VF,2,font_variations,first_paint,complete_us,1,master,final,4,1084.709,1052.542,32.167000000000144
cpu,NotoSerifSC-VF,2,font_variations,first_paint,complete_us,1,master,final,5,1069.208,1027.584,41.624000000000024
cpu,NotoSerifSC-VF,2,font_variations,first_paint,complete_us,1,master,final,6,1071.208,1053.542,17.666000000000167
cpu,NotoSerifSC-VF,2,font_variations,first_paint,complete_us,1,master,final,7,1071.416,1041.666,29.75
cpu,NotoSerifSC-VF,2,font_variations,first_paint,complete_us,1,master,final,8,1074.167,1036.125,38.041999999999916
cpu,NotoSerifSC-VF,2,font_variations,first_paint,complete_us,1,master,final,9,1071.042,1026.584,44.457999999999856
cpu,NotoSerifSC-VF,2,font_variations,first_paint,complete_us,1,master,final,10,1072.5,1034.167,38.333000000000084
cpu,NotoSerifSC-VF,2,font_variations,first_paint,complete_us,1,master,final,11,1131.041,1024.25,106.79099999999994
cpu,NotoSerifSC-VF,2,font_variations,first_paint,complete_us,1,master,final,12,1102.417,1049.417,53.0
cpu,NotoSerifSC-VF,2,font_variations,first_paint,draw_us,1,master,final,1,1102.541,1058.916,43.625
cpu,NotoSerifSC-VF,2,font_variations,first_paint,draw_us,1,master,final,2,1117.792,1072.125,45.666999999999916
cpu,NotoSerifSC-VF,2,font_variations,first_paint,draw_us,1,master,final,3,1080.333,1037.208,43.125
cpu,NotoSerifSC-VF,2,font_variations,first_paint,draw_us,1,master,final,4,1084.417,1052.334,32.082999999999856
cpu,NotoSerifSC-VF,2,font_variations,first_paint,draw_us,1,master,final,5,1068.958,1027.375,41.583000000000084
cpu,NotoSerifSC-VF,2,font_variations,first_paint,draw_us,1,master,final,6,1070.958,1053.334,17.624000000000024
cpu,NotoSerifSC-VF,2,font_variations,first_paint,draw_us,1,master,final,7,1071.166,1041.375,29.79099999999994
cpu,NotoSerifSC-VF,2,font_variations,first_paint,draw_us,1,master,final,8,1073.875,1035.834,38.04099999999994
cpu,NotoSerifSC-VF,2,font_variations,first_paint,draw_us,1,master,final,9,1070.792,1026.292,44.5
cpu,NotoSerifSC-VF,2,font_variations,first_paint,draw_us,1,master,final,10,1072.208,1033.958,38.25
cpu,NotoSerifSC-VF,2,font_variations,first_paint,draw_us,1,master,final,11,1130.75,1023.875,106.875
cpu,NotoSerifSC-VF,2,font_variations,first_paint,draw_us,1,master,final,12,1102.042,1049.167,52.875
cpu,NotoSerifSC-VF,2,font_variations,first_paint,submit_us,1,master,final,1,1102.75,1059.208,43.541999999999916
cpu,NotoSerifSC-VF,2,font_variations,first_paint,submit_us,1,master,final,2,1118.042,1072.541,45.500999999999976
cpu,NotoSerifSC-VF,2,font_variations,first_paint,submit_us,1,master,final,3,1080.583,1037.416,43.167000000000144
cpu,NotoSerifSC-VF,2,font_variations,first_paint,submit_us,1,master,final,4,1084.667,1052.542,32.125
cpu,NotoSerifSC-VF,2,font_variations,first_paint,submit_us,1,master,final,5,1069.166,1027.542,41.624000000000024
cpu,NotoSerifSC-VF,2,font_variations,first_paint,submit_us,1,master,final,6,1071.208,1053.5,17.708000000000084
cpu,NotoSerifSC-VF,2,font_variations,first_paint,submit_us,1,master,final,7,1071.375,1041.625,29.75
cpu,NotoSerifSC-VF,2,font_variations,first_paint,submit_us,1,master,final,8,1074.125,1036.125,38.0
cpu,NotoSerifSC-VF,2,font_variations,first_paint,submit_us,1,master,final,9,1071.0,1026.542,44.458000000000084
cpu,NotoSerifSC-VF,2,font_variations,first_paint,submit_us,1,master,final,10,1072.458,1034.167,38.29100000000017
cpu,NotoSerifSC-VF,2,font_variations,first_paint,submit_us,1,master,final,11,1131.041,1024.25,106.79099999999994
cpu,NotoSerifSC-VF,2,font_variations,first_paint,submit_us,1,master,final,12,1102.375,1049.417,52.958000000000084
cpu,NotoSerifSC-VF,2,font_variations,reported_sequence,complete_us,63,master,final,1,10963.211,10556.706004000001,406.50499599999785
cpu,NotoSerifSC-VF,2,font_variations,reported_sequence,complete_us,63,master,final,2,11475.205994,10609.623006,865.5829880000001
cpu,NotoSerifSC-VF,2,font_variations,reported_sequence,complete_us,63,master,final,3,10643.047,10397.624998,245.42200200000116
cpu,NotoSerifSC-VF,2,font_variations,reported_sequence,complete_us,63,master,final,4,10689.209992,10763.085986,-73.87599399999999
cpu,NotoSerifSC-VF,2,font_variations,reported_sequence,complete_us,63,master,final,5,10673.914998,10456.623992,217.29100599999947
cpu,NotoSerifSC-VF,2,font_variations,reported_sequence,complete_us,63,master,final,6,10709.797011999999,10429.70599,280.0910219999987
cpu,NotoSerifSC-VF,2,font_variations,reported_sequence,complete_us,63,master,final,7,10646.874014,10444.336,202.53801400000157
cpu,NotoSerifSC-VF,2,font_variations,reported_sequence,complete_us,63,master,final,8,10695.748014,10346.208999999999,349.53901400000177
cpu,NotoSerifSC-VF,2,font_variations,reported_sequence,complete_us,63,master,final,9,10642.085006000001,10397.534995999999,244.55001000000266
cpu,NotoSerifSC-VF,2,font_variations,reported_sequence,complete_us,63,master,final,10,10613.793988,10445.501988,168.29199999999946
cpu,NotoSerifSC-VF,2,font_variations,reported_sequence,complete_us,63,master,final,11,11267.582002000001,10531.374008,736.2079940000003
cpu,NotoSerifSC-VF,2,font_variations,reported_sequence,complete_us,63,master,final,12,10910.579986,10628.461998,282.11798799999997
cpu,NotoSerifSC-VF,2,font_variations,reported_sequence,draw_us,63,master,final,1,10956.29399,10550.040002,406.2539880000004
cpu,NotoSerifSC-VF,2,font_variations,reported_sequence,draw_us,63,master,final,2,11466.670989999999,10602.788994,863.8819959999983
cpu,NotoSerifSC-VF,2,font_variations,reported_sequence,draw_us,63,master,final,3,10634.962992,10390.918,244.044992000001
cpu,NotoSerifSC-VF,2,font_variations,reported_sequence,draw_us,63,master,final,4,10682.294002,10756.41401,-74.12000799999987
cpu,NotoSerifSC-VF,2,font_variations,reported_sequence,draw_us,63,master,final,5,10666.750012,10449.706012,217.04399999999987
cpu,NotoSerifSC-VF,2,font_variations,reported_sequence,draw_us,63,master,final,6,10702.71301,10423.41401,279.29899999999907
cpu,NotoSerifSC-VF,2,font_variations,reported_sequence,draw_us,63,master,final,7,10640.045988,10438.081001999999,201.96498600000086
cpu,NotoSerifSC-VF,2,font_variations,reported_sequence,draw_us,63,master,final,8,10688.539,10339.711009999999,348.8279900000016
cpu,NotoSerifSC-VF,2,font_variations,reported_sequence,draw_us,63,master,final,9,10634.62701,10390.788014000002,243.8389959999986
cpu,NotoSerifSC-VF,2,font_variations,reported_sequence,draw_us,63,master,final,10,10606.712012,10439.207996,167.50401600000077
cpu,NotoSerifSC-VF,2,font_variations,reported_sequence,draw_us,63,master,final,11,11259.04399,10524.625,734.4189900000001
cpu,NotoSerifSC-VF,2,font_variations,reported_sequence,draw_us,63,master,final,12,10903.163998,10621.79401,281.3699880000004
cpu,NotoSerifSC-VF,2,font_variations,reported_sequence,submit_us,63,master,final,1,10961.961007999998,10555.374,406.5870079999986
cpu,NotoSerifSC-VF,2,font_variations,reported_sequence,submit_us,63,master,final,2,11473.912988,10608.33301,865.5799779999998
cpu,NotoSerifSC-VF,2,font_variations,reported_sequence,submit_us,63,master,final,3,10641.710003999999,10396.24901,245.46099399999912
cpu,NotoSerifSC-VF,2,font_variations,reported_sequence,submit_us,63,master,final,4,10688.00399,10761.839001999999,-73.83501199999955
cpu,NotoSerifSC-VF,2,font_variations,reported_sequence,submit_us,63,master,final,5,10672.538992,10455.37401,217.16498200000024
cpu,NotoSerifSC-VF,2,font_variations,reported_sequence,submit_us,63,master,final,6,10708.213001999999,10428.207011999999,280.00598999999966
cpu,NotoSerifSC-VF,2,font_variations,reported_sequence,submit_us,63,master,final,7,10645.49799,10443.16899,202.32899999999972
cpu,NotoSerifSC-VF,2,font_variations,reported_sequence,submit_us,63,master,final,8,10694.708014,10344.83301,349.87500399999954
cpu,NotoSerifSC-VF,2,font_variations,reported_sequence,submit_us,63,master,final,9,10640.58199,10396.081006,244.50098400000024
cpu,NotoSerifSC-VF,2,font_variations,reported_sequence,submit_us,63,master,final,10,10612.336,10444.258996,168.07700399999885
cpu,NotoSerifSC-VF,2,font_variations,reported_sequence,submit_us,63,master,final,11,11266.038992,10529.997010000001,736.0419819999988
cpu,NotoSerifSC-VF,2,font_variations,reported_sequence,submit_us,63,master,final,12,10909.16101,10626.962010000001,282.1989999999987
cpu,NotoSerifSC-VF,2,font_variations,slant_advance,complete_us,10,master,final,1,487.8541,469.0207,18.83340000000004
cpu,NotoSerifSC-VF,2,font_variations,slant_advance,complete_us,10,master,final,2,504.3791,475.4248,28.95429999999999
cpu,NotoSerifSC-VF,2,font_variations,slant_advance,complete_us,10,master,final,3,469.5541,459.296,10.258100000000013
cpu,NotoSerifSC-VF,2,font_variations,slant_advance,complete_us,10,master,final,4,469.571,471.9041,-2.3331000000000017
cpu,NotoSerifSC-VF,2,font_variations,slant_advance,complete_us,10,master,final,5,469.0086,463.5582,5.450400000000002
cpu,NotoSerifSC-VF,2,font_variations,slant_advance,complete_us,10,master,final,6,473.9917,460.8877,13.103999999999985
cpu,NotoSerifSC-VF,2,font_variations,slant_advance,complete_us,10,master,final,7,464.575,465.1041,-0.5291000000000281
cpu,NotoSerifSC-VF,2,font_variations,slant_advance,complete_us,10,master,final,8,477.5165,455.6124,21.904100000000028
cpu,NotoSerifSC-VF,2,font_variations,slant_advance,complete_us,10,master,final,9,470.2877,460.1248,10.16289999999998
cpu,NotoSerifSC-VF,2,font_variations,slant_advance,complete_us,10,master,final,10,470.95,464.0375,6.912499999999966
cpu,NotoSerifSC-VF,2,font_variations,slant_advance,complete_us,10,master,final,11,499.9248,466.3124,33.61239999999998
cpu,NotoSerifSC-VF,2,font_variations,slant_advance,complete_us,10,master,final,12,480.104,470.467,9.637
cpu,NotoSerifSC-VF,2,font_variations,slant_advance,draw_us,10,master,final,1,487.7208,468.8915,18.82929999999999
cpu,NotoSerifSC-VF,2,font_variations,slant_advance,draw_us,10,master,final,2,504.1167,475.2832,28.833499999999958
cpu,NotoSerifSC-VF,2,font_variations,slant_advance,draw_us,10,master,final,3,469.4166,459.1585,10.258100000000013
cpu,NotoSerifSC-VF,2,font_variations,slant_advance,draw_us,10,master,final,4,469.4251,471.7709,-2.345799999999997
cpu,NotoSerifSC-VF,2,font_variations,slant_advance,draw_us,10,master,final,5,468.8836,463.4292,5.454400000000021
cpu,NotoSerifSC-VF,2,font_variations,slant_advance,draw_us,10,master,final,6,473.8626,460.7584,13.104199999999992
cpu,NotoSerifSC-VF,2,font_variations,slant_advance,draw_us,10,master,final,7,464.4376,464.9666,-0.5290000000000532
cpu,NotoSerifSC-VF,2,font_variations,slant_advance,draw_us,10,master,final,8,477.3749,455.4874,21.887500000000045
cpu,NotoSerifSC-VF,2,font_variations,slant_advance,draw_us,10,master,final,9,470.1376,460.0042,10.133399999999995
cpu,NotoSerifSC-VF,2,font_variations,slant_advance,draw_us,10,master,final,10,470.8041,463.9124,6.891700000000014
cpu,NotoSerifSC-VF,2,font_variations,slant_advance,draw_us,10,master,final,11,499.7458,466.1833,33.5625
cpu,NotoSerifSC-VF,2,font_variations,slant_advance,draw_us,10,master,final,12,479.9499,470.3461,9.603800000000035
cpu,NotoSerifSC-VF,2,font_variations,slant_advance,submit_us,10,master,final,1,487.8375,468.9872,18.850300000000004
cpu,NotoSerifSC-VF,2,font_variations,slant_advance,submit_us,10,master,final,2,504.3541,475.3998,28.95429999999999
cpu,NotoSerifSC-VF,2,font_variations,slant_advance,submit_us,10,master,final,3,469.5373,459.2625,10.274800000000027
cpu,NotoSerifSC-VF,2,font_variations,slant_advance,submit_us,10,master,final,4,469.5502,471.8834,-2.3331999999999766
cpu,NotoSerifSC-VF,2,font_variations,slant_advance,submit_us,10,master,final,5,468.9962,463.5374,5.4587999999999965
cpu,NotoSerifSC-VF,2,font_variations,slant_advance,submit_us,10,master,final,6,473.9708,460.8752,13.09559999999999
cpu,NotoSerifSC-VF,2,font_variations,slant_advance,submit_us,10,master,final,7,464.5627,465.0708,-0.5081000000000131
cpu,NotoSerifSC-VF,2,font_variations,slant_advance,submit_us,10,master,final,8,477.4999,455.5915,21.90840000000003
cpu,NotoSerifSC-VF,2,font_variations,slant_advance,submit_us,10,master,final,9,470.2668,460.1043,10.162499999999966
cpu,NotoSerifSC-VF,2,font_variations,slant_advance,submit_us,10,master,final,10,470.9249,464.0084,6.916499999999985
cpu,NotoSerifSC-VF,2,font_variations,slant_advance,submit_us,10,master,final,11,499.8998,466.2916,33.60820000000001
cpu,NotoSerifSC-VF,2,font_variations,slant_advance,submit_us,10,master,final,12,480.0833,470.4502,9.633100000000013
cpu,NotoSerifSC-VF,2,font_variations,slant_return,complete_us,10,master,final,1,41.9959,40.1918,1.8040999999999983
cpu,NotoSerifSC-VF,2,font_variations,slant_return,complete_us,10,master,final,2,39.8166,39.8376,-0.021000000000000796
cpu,NotoSerifSC-VF,2,font_variations,slant_return,complete_us,10,master,final,3,39.6502,38.7748,0.8753999999999991
cpu,NotoSerifSC-VF,2,font_variations,slant_return,complete_us,10,master,final,4,41.0751,39.3581,1.7169999999999987
cpu,NotoSerifSC-VF,2,font_variations,slant_return,complete_us,10,master,final,5,40.2126,39.2085,1.004100000000001
cpu,NotoSerifSC-VF,2,font_variations,slant_return,complete_us,10,master,final,6,39.7627,38.8085,0.9542000000000002
cpu,NotoSerifSC-VF,2,font_variations,slant_return,complete_us,10,master,final,7,39.5085,38.8749,0.6336000000000013
cpu,NotoSerifSC-VF,2,font_variations,slant_return,complete_us,10,master,final,8,39.6873,38.5501,1.1372
cpu,NotoSerifSC-VF,2,font_variations,slant_return,complete_us,10,master,final,9,39.2416,38.4709,0.7706999999999979
cpu,NotoSerifSC-VF,2,font_variations,slant_return,complete_us,10,master,final,10,39.7414,39.2084,0.5330000000000013
cpu,NotoSerifSC-VF,2,font_variations,slant_return,complete_us,10,master,final,11,44.4168,39.4872,4.929600000000001
cpu,NotoSerifSC-VF,2,font_variations,slant_return,complete_us,10,master,final,12,39.9587,41.8875,-1.9288000000000025
cpu,NotoSerifSC-VF,2,font_variations,slant_return,draw_us,10,master,final,1,41.896,40.1,1.7959999999999994
cpu,NotoSerifSC-VF,2,font_variations,slant_return,draw_us,10,master,final,2,39.7167,39.7459,-0.029199999999995896
cpu,NotoSerifSC-VF,2,font_variations,slant_return,draw_us,10,master,final,3,39.5376,38.679,0.8585999999999956
cpu,NotoSerifSC-VF,2,font_variations,slant_return,draw_us,10,master,final,4,40.9791,39.2498,1.729300000000002
cpu,NotoSerifSC-VF,2,font_variations,slant_return,draw_us,10,master,final,5,40.1084,39.1168,0.9916000000000054
cpu,NotoSerifSC-VF,2,font_variations,slant_return,draw_us,10,master,final,6,39.6585,38.7166,0.9418999999999969
cpu,NotoSerifSC-VF,2,font_variations,slant_return,draw_us,10,master,final,7,39.4042,38.7748,0.629400000000004
cpu,NotoSerifSC-VF,2,font_variations,slant_return,draw_us,10,master,final,8,39.5833,38.4626,1.1206999999999994
cpu,NotoSerifSC-VF,2,font_variations,slant_return,draw_us,10,master,final,9,39.1292,38.3792,0.75
cpu,NotoSerifSC-VF,2,font_variations,slant_return,draw_us,10,master,final,10,39.6415,39.1209,0.5206000000000017
cpu,NotoSerifSC-VF,2,font_variations,slant_return,draw_us,10,master,final,11,44.296,39.3916,4.9044000000000025
cpu,NotoSerifSC-VF,2,font_variations,slant_return,draw_us,10,master,final,12,39.8583,41.7918,-1.9335000000000022
cpu,NotoSerifSC-VF,2,font_variations,slant_return,submit_us,10,master,final,1,41.9833,40.1709,1.8123999999999967
cpu,NotoSerifSC-VF,2,font_variations,slant_return,submit_us,10,master,final,2,39.8082,39.8209,-0.012700000000002376
cpu,NotoSerifSC-VF,2,font_variations,slant_return,submit_us,10,master,final,3,39.6377,38.7539,0.8838000000000008
cpu,NotoSerifSC-VF,2,font_variations,slant_return,submit_us,10,master,final,4,41.0541,39.3371,1.7169999999999987
cpu,NotoSerifSC-VF,2,font_variations,slant_return,submit_us,10,master,final,5,40.1959,39.1919,1.0040000000000049
cpu,NotoSerifSC-VF,2,font_variations,slant_return,submit_us,10,master,final,6,39.7418,38.7917,0.9500999999999991
cpu,NotoSerifSC-VF,2,font_variations,slant_return,submit_us,10,master,final,7,39.4833,38.8541,0.6291999999999973
cpu,NotoSerifSC-VF,2,font_variations,slant_return,submit_us,10,master,final,8,39.6748,38.5376,1.1372
cpu,NotoSerifSC-VF,2,font_variations,slant_return,submit_us,10,master,final,9,39.2124,38.45,0.7623999999999995
cpu,NotoSerifSC-VF,2,font_variations,slant_return,submit_us,10,master,final,10,39.7205,39.1959,0.5245999999999995
cpu,NotoSerifSC-VF,2,font_variations,slant_return,submit_us,10,master,final,11,44.4001,39.4582,4.941900000000004
cpu,NotoSerifSC-VF,2,font_variations,slant_return,submit_us,10,master,final,12,39.942,41.8666,-1.924599999999998
cpu,NotoSerifSC-VF,2,font_variations,warm,complete_us,30,master,final,1,39.5305,37.9625,1.568000000000005
cpu,NotoSerifSC-VF,2,font_variations,warm,complete_us,30,master,final,2,38.269467,36.486067,1.7834000000000003
cpu,NotoSerifSC-VF,2,font_variations,warm,complete_us,30,master,final,3,37.809733,37.802767,0.006965999999998473
cpu,NotoSerifSC-VF,2,font_variations,warm,complete_us,30,master,final,4,37.619267,38.173733,-0.5544659999999979
cpu,NotoSerifSC-VF,2,font_variations,warm,complete_us,30,master,final,5,37.4833,37.4277,0.05559999999999832
cpu,NotoSerifSC-VF,2,font_variations,warm,complete_us,30,master,final,6,37.4639,37.0792,0.38470000000000226
cpu,NotoSerifSC-VF,2,font_variations,warm,complete_us,30,master,final,7,37.3917,36.7667,0.625
cpu,NotoSerifSC-VF,2,font_variations,warm,complete_us,30,master,final,8,37.513967,37.027633,0.4863339999999994
cpu,NotoSerifSC-VF,2,font_variations,warm,complete_us,30,master,final,9,37.575067,36.945833,0.6292339999999967
cpu,NotoSerifSC-VF,2,font_variations,warm,complete_us,30,master,final,10,36.9193,36.998633,-0.07933299999999832
cpu,NotoSerifSC-VF,2,font_variations,warm,complete_us,30,master,final,11,39.4806,37.674933,1.8056669999999997
cpu,NotoSerifSC-VF,2,font_variations,warm,complete_us,30,master,final,12,38.401367,38.1068,0.2945670000000007
cpu,NotoSerifSC-VF,2,font_variations,warm,draw_us,30,master,final,1,39.4333,37.8778,1.555500000000002
cpu,NotoSerifSC-VF,2,font_variations,warm,draw_us,30,master,final,2,38.181967,36.405533,1.7764340000000018
cpu,NotoSerifSC-VF,2,font_variations,warm,draw_us,30,master,final,3,37.7015,37.7181,-0.01659999999999684
cpu,NotoSerifSC-VF,2,font_variations,warm,draw_us,30,master,final,4,37.530567,38.087467,-0.5568999999999988
cpu,NotoSerifSC-VF,2,font_variations,warm,draw_us,30,master,final,5,37.395867,37.331967,0.06390000000000384
cpu,NotoSerifSC-VF,2,font_variations,warm,draw_us,30,master,final,6,37.3736,36.9959,0.37770000000000437
cpu,NotoSerifSC-VF,2,font_variations,warm,draw_us,30,master,final,7,37.309767,36.6819,0.627867000000002
cpu,NotoSerifSC-VF,2,font_variations,warm,draw_us,30,master,final,8,37.412567,36.943033,0.469534000000003
cpu,NotoSerifSC-VF,2,font_variations,warm,draw_us,30,master,final,9,37.477867,36.8625,0.6153670000000062
cpu,NotoSerifSC-VF,2,font_variations,warm,draw_us,30,master,final,10,36.8292,36.912467,-0.08326699999999931
cpu,NotoSerifSC-VF,2,font_variations,warm,draw_us,30,master,final,11,39.384733,37.595833,1.7888999999999982
cpu,NotoSerifSC-VF,2,font_variations,warm,draw_us,30,master,final,12,38.308333,38.019367,0.28896599999999495
cpu,NotoSerifSC-VF,2,font_variations,warm,submit_us,30,master,final,1,39.5056,37.9389,1.5667000000000044
cpu,NotoSerifSC-VF,2,font_variations,warm,submit_us,30,master,final,2,38.250067,36.466667,1.7834000000000003
cpu,NotoSerifSC-VF,2,font_variations,warm,submit_us,30,master,final,3,37.786067,37.777833,0.008234000000001629
cpu,NotoSerifSC-VF,2,font_variations,warm,submit_us,30,master,final,4,37.601267,38.1571,-0.5558329999999998
cpu,NotoSerifSC-VF,2,font_variations,warm,submit_us,30,master,final,5,37.463833,37.404067,0.059766000000003316
cpu,NotoSerifSC-VF,2,font_variations,warm,submit_us,30,master,final,6,37.437467,37.0584,0.37906699999999915
cpu,NotoSerifSC-VF,2,font_variations,warm,submit_us,30,master,final,7,37.3708,36.748633,0.6221670000000046
cpu,NotoSerifSC-VF,2,font_variations,warm,submit_us,30,master,final,8,37.4847,37.008133,0.47656699999999574
cpu,NotoSerifSC-VF,2,font_variations,warm,submit_us,30,master,final,9,37.547233,36.9292,0.618032999999997
cpu,NotoSerifSC-VF,2,font_variations,warm,submit_us,30,master,final,10,36.8929,36.975067,-0.08216700000000543
cpu,NotoSerifSC-VF,2,font_variations,warm,submit_us,30,master,final,11,39.454133,37.6527,1.8014329999999958
cpu,NotoSerifSC-VF,2,font_variations,warm,submit_us,30,master,final,12,38.380433,38.077733,0.3026999999999944
cpu,NotoSerifSC-VF,2,font_variations,weight_advance,complete_us,6,master,final,1,530.423833,512.159667,18.264165999999932
cpu,NotoSerifSC-VF,2,font_variations,weight_advance,complete_us,6,master,final,2,546.437333,521.395833,25.041499999999928
cpu,NotoSerifSC-VF,2,font_variations,weight_advance,complete_us,6,master,final,3,517.8195,505.125,12.694499999999948
cpu,NotoSerifSC-VF,2,font_variations,weight_advance,complete_us,6,master,final,4,517.382,515.263833,2.1181669999999713
cpu,NotoSerifSC-VF,2,font_variations,weight_advance,complete_us,6,master,final,5,518.0555,505.382,12.673500000000047
cpu,NotoSerifSC-VF,2,font_variations,weight_advance,complete_us,6,master,final,6,516.506833,509.638833,6.868000000000052
cpu,NotoSerifSC-VF,2,font_variations,weight_advance,complete_us,6,master,final,7,514.902667,503.624833,11.277833999999928
cpu,NotoSerifSC-VF,2,font_variations,weight_advance,complete_us,6,master,final,8,514.916667,506.034833,8.88183399999997
cpu,NotoSerifSC-VF,2,font_variations,weight_advance,complete_us,6,master,final,9,520.187667,500.451333,19.736334000000056
cpu,NotoSerifSC-VF,2,font_variations,weight_advance,complete_us,6,master,final,10,517.819167,506.4515,11.367666999999983
cpu,NotoSerifSC-VF,2,font_variations,weight_advance,complete_us,6,master,final,11,549.59,506.4305,43.15950000000004
cpu,NotoSerifSC-VF,2,font_variations,weight_advance,complete_us,6,master,final,12,529.111167,515.895833,13.215333999999984
cpu,NotoSerifSC-VF,2,font_variations,weight_advance,draw_us,6,master,final,1,530.257,512.020667,18.236332999999945
cpu,NotoSerifSC-VF,2,font_variations,weight_advance,draw_us,6,master,final,2,546.2155,521.236167,24.979332999999997
cpu,NotoSerifSC-VF,2,font_variations,weight_advance,draw_us,6,master,final,3,517.611333,504.9515,12.659832999999935
cpu,NotoSerifSC-VF,2,font_variations,weight_advance,draw_us,6,master,final,4,517.201333,515.104,2.097332999999935
cpu,NotoSerifSC-VF,2,font_variations,weight_advance,draw_us,6,master,final,5,517.868,505.2225,12.645500000000027
cpu,NotoSerifSC-VF,2,font_variations,weight_advance,draw_us,6,master,final,6,516.354333,509.486,6.868333000000007
cpu,NotoSerifSC-VF,2,font_variations,weight_advance,draw_us,6,master,final,7,514.756833,503.472333,11.284500000000037
cpu,NotoSerifSC-VF,2,font_variations,weight_advance,draw_us,6,master,final,8,514.770833,505.875,8.895833000000039
cpu,NotoSerifSC-VF,2,font_variations,weight_advance,draw_us,6,master,final,9,520.007167,500.277667,19.729499999999973
cpu,NotoSerifSC-VF,2,font_variations,weight_advance,draw_us,6,master,final,10,517.603833,506.284833,11.319000000000017
cpu,NotoSerifSC-VF,2,font_variations,weight_advance,draw_us,6,master,final,11,549.243,506.236,43.00700000000006
cpu,NotoSerifSC-VF,2,font_variations,weight_advance,draw_us,6,master,final,12,528.923667,515.729333,13.194334000000026
cpu,NotoSerifSC-VF,2,font_variations,weight_advance,submit_us,6,master,final,1,530.409833,512.138833,18.271000000000072
cpu,NotoSerifSC-VF,2,font_variations,weight_advance,submit_us,6,master,final,2,546.4235,521.354167,25.06933300000003
cpu,NotoSerifSC-VF,2,font_variations,weight_advance,submit_us,6,master,final,3,517.812667,505.104333,12.708334000000036
cpu,NotoSerifSC-VF,2,font_variations,weight_advance,submit_us,6,master,final,4,517.368167,515.243167,2.125
cpu,NotoSerifSC-VF,2,font_variations,weight_advance,submit_us,6,master,final,5,518.0275,505.368333,12.659167000000025
cpu,NotoSerifSC-VF,2,font_variations,weight_advance,submit_us,6,master,final,6,516.493167,509.618,6.875166999999976
cpu,NotoSerifSC-VF,2,font_variations,weight_advance,submit_us,6,master,final,7,514.888833,503.590167,11.298665999999969
cpu,NotoSerifSC-VF,2,font_variations,weight_advance,submit_us,6,master,final,8,514.916667,506.007,8.909666999999956
cpu,NotoSerifSC-VF,2,font_variations,weight_advance,submit_us,6,master,final,9,520.166833,500.4305,19.736333000000002
cpu,NotoSerifSC-VF,2,font_variations,weight_advance,submit_us,6,master,final,10,517.784333,506.444667,11.339665999999966
cpu,NotoSerifSC-VF,2,font_variations,weight_advance,submit_us,6,master,final,11,549.5555,506.402667,43.152833000000044
cpu,NotoSerifSC-VF,2,font_variations,weight_advance,submit_us,6,master,final,12,529.0975,515.875,13.222499999999968
cpu,NotoSerifSC-VF,2,font_variations,weight_return,complete_us,6,master,final,1,39.8815,40.527667,-0.6461669999999984
cpu,NotoSerifSC-VF,2,font_variations,weight_return,complete_us,6,master,final,2,41.437333,37.555833,3.8815000000000026
cpu,NotoSerifSC-VF,2,font_variations,weight_return,complete_us,6,master,final,3,38.055333,38.354333,-0.2989999999999995
cpu,NotoSerifSC-VF,2,font_variations,weight_return,complete_us,6,master,final,4,38.514167,39.083167,-0.5690000000000026
cpu,NotoSerifSC-VF,2,font_variations,weight_return,complete_us,6,master,final,5,38.881833,39.090333,-0.2085000000000008
cpu,NotoSerifSC-VF,2,font_variations,weight_return,complete_us,6,master,final,6,38.8545,39.770667,-0.9161670000000015
cpu,NotoSerifSC-VF,2,font_variations,weight_return,complete_us,6,master,final,7,38.9305,38.3125,0.6180000000000021
cpu,NotoSerifSC-VF,2,font_variations,weight_return,complete_us,6,master,final,8,37.895833,38.652833,-0.7569999999999979
cpu,NotoSerifSC-VF,2,font_variations,weight_return,complete_us,6,master,final,9,37.305833,38.528167,-1.2223340000000036
cpu,NotoSerifSC-VF,2,font_variations,weight_return,complete_us,6,master,final,10,38.639,39.264,-0.625
cpu,NotoSerifSC-VF,2,font_variations,weight_return,complete_us,6,master,final,11,41.013667,39.520833,1.4928339999999949
cpu,NotoSerifSC-VF,2,font_variations,weight_return,complete_us,6,master,final,12,40.701333,39.604333,1.0970000000000013
cpu,NotoSerifSC-VF,2,font_variations,weight_return,draw_us,6,master,final,1,39.7915,40.4305,-0.6390000000000029
cpu,NotoSerifSC-VF,2,font_variations,weight_return,draw_us,6,master,final,2,41.312333,37.472167,3.8401660000000035
cpu,NotoSerifSC-VF,2,font_variations,weight_return,draw_us,6,master,final,3,37.951333,38.264,-0.3126670000000047
cpu,NotoSerifSC-VF,2,font_variations,weight_return,draw_us,6,master,final,4,38.416667,39.0,-0.5833330000000032
cpu,NotoSerifSC-VF,2,font_variations,weight_return,draw_us,6,master,final,5,38.770667,38.986,-0.215332999999994
cpu,NotoSerifSC-VF,2,font_variations,weight_return,draw_us,6,master,final,6,38.736333,39.6805,-0.9441670000000002
cpu,NotoSerifSC-VF,2,font_variations,weight_return,draw_us,6,master,final,7,38.833167,38.222167,0.6110000000000042
cpu,NotoSerifSC-VF,2,font_variations,weight_return,draw_us,6,master,final,8,37.7915,38.5625,-0.7710000000000008
cpu,NotoSerifSC-VF,2,font_variations,weight_return,draw_us,6,master,final,9,37.215333,38.4375,-1.222166999999999
cpu,NotoSerifSC-VF,2,font_variations,weight_return,draw_us,6,master,final,10,38.535,39.1665,-0.6315000000000026
cpu,NotoSerifSC-VF,2,font_variations,weight_return,draw_us,6,master,final,11,40.916667,39.437333,1.4793339999999944
cpu,NotoSerifSC-VF,2,font_variations,weight_return,draw_us,6,master,final,12,40.583333,39.521,1.0623330000000024
cpu,NotoSerifSC-VF,2,font_variations,weight_return,submit_us,6,master,final,1,39.854,40.513833,-0.659832999999999
cpu,NotoSerifSC-VF,2,font_variations,weight_return,submit_us,6,master,final,2,41.4165,37.541833,3.8746670000000023
cpu,NotoSerifSC-VF,2,font_variations,weight_return,submit_us,6,master,final,3,38.0415,38.333333,-0.291833000000004
cpu,NotoSerifSC-VF,2,font_variations,weight_return,submit_us,6,master,final,4,38.493333,39.055333,-0.5619999999999976
cpu,NotoSerifSC-VF,2,font_variations,weight_return,submit_us,6,master,final,5,38.861167,39.069333,-0.20816599999999852
cpu,NotoSerifSC-VF,2,font_variations,weight_return,submit_us,6,master,final,6,38.812667,39.743167,-0.9305000000000021
cpu,NotoSerifSC-VF,2,font_variations,weight_return,submit_us,6,master,final,7,38.9235,38.3055,0.617999999999995
cpu,NotoSerifSC-VF,2,font_variations,weight_return,submit_us,6,master,final,8,37.881833,38.624833,-0.7430000000000021
cpu,NotoSerifSC-VF,2,font_variations,weight_return,submit_us,6,master,final,9,37.292,38.500167,-1.208166999999996
cpu,NotoSerifSC-VF,2,font_variations,weight_return,submit_us,6,master,final,10,38.625,39.243333,-0.6183329999999998
cpu,NotoSerifSC-VF,2,font_variations,weight_return,submit_us,6,master,final,11,41.006667,39.493,1.513666999999998
cpu,NotoSerifSC-VF,2,font_variations,weight_return,submit_us,6,master,final,12,40.680667,39.590333,1.0903339999999986
cpu,NotoSerifSC-VF,2,grid_pollution,hot_first,complete_us,1,master,final,1,369.791,271.5,98.291
cpu,NotoSerifSC-VF,2,grid_pollution,hot_first,complete_us,1,master,final,2,391.0,272.792,118.20800000000003
cpu,NotoSerifSC-VF,2,grid_pollution,hot_first,complete_us,1,master,final,3,358.5,273.625,84.875
cpu,NotoSerifSC-VF,2,grid_pollution,hot_first,complete_us,1,master,final,4,339.542,268.75,70.79199999999997
cpu,NotoSerifSC-VF,2,grid_pollution,hot_first,complete_us,1,master,final,5,354.625,272.167,82.45800000000003
cpu,NotoSerifSC-VF,2,grid_pollution,hot_first,complete_us,1,master,final,6,342.25,302.334,39.916
cpu,NotoSerifSC-VF,2,grid_pollution,hot_first,complete_us,1,master,final,7,365.083,261.208,103.875
cpu,NotoSerifSC-VF,2,grid_pollution,hot_first,complete_us,1,master,final,8,354.5,263.958,90.54199999999997
cpu,NotoSerifSC-VF,2,grid_pollution,hot_first,complete_us,1,master,final,9,339.416,265.333,74.08299999999997
cpu,NotoSerifSC-VF,2,grid_pollution,hot_first,complete_us,1,master,final,10,343.417,264.625,78.79199999999997
cpu,NotoSerifSC-VF,2,grid_pollution,hot_first,complete_us,1,master,final,11,382.958,259.792,123.16600000000005
cpu,NotoSerifSC-VF,2,grid_pollution,hot_first,complete_us,1,master,final,12,356.958,279.5,77.45800000000003
cpu,NotoSerifSC-VF,2,grid_pollution,hot_first,draw_us,1,master,final,1,368.208,271.25,96.95800000000003
cpu,NotoSerifSC-VF,2,grid_pollution,hot_first,draw_us,1,master,final,2,390.292,272.25,118.04199999999997
cpu,NotoSerifSC-VF,2,grid_pollution,hot_first,draw_us,1,master,final,3,358.0,273.458,84.54199999999997
cpu,NotoSerifSC-VF,2,grid_pollution,hot_first,draw_us,1,master,final,4,339.333,268.292,71.04100000000005
cpu,NotoSerifSC-VF,2,grid_pollution,hot_first,draw_us,1,master,final,5,354.209,271.917,82.29200000000003
cpu,NotoSerifSC-VF,2,grid_pollution,hot_first,draw_us,1,master,final,6,341.625,301.542,40.08300000000003
cpu,NotoSerifSC-VF,2,grid_pollution,hot_first,draw_us,1,master,final,7,364.292,260.917,103.375
cpu,NotoSerifSC-VF,2,grid_pollution,hot_first,draw_us,1,master,final,8,354.208,263.75,90.45800000000003
cpu,NotoSerifSC-VF,2,grid_pollution,hot_first,draw_us,1,master,final,9,339.083,265.083,74.0
cpu,NotoSerifSC-VF,2,grid_pollution,hot_first,draw_us,1,master,final,10,343.0,264.375,78.625
cpu,NotoSerifSC-VF,2,grid_pollution,hot_first,draw_us,1,master,final,11,382.166,259.125,123.041
cpu,NotoSerifSC-VF,2,grid_pollution,hot_first,draw_us,1,master,final,12,356.708,278.792,77.91600000000005
cpu,NotoSerifSC-VF,2,grid_pollution,hot_first,submit_us,1,master,final,1,369.75,271.458,98.29199999999997
cpu,NotoSerifSC-VF,2,grid_pollution,hot_first,submit_us,1,master,final,2,390.959,272.75,118.209
cpu,NotoSerifSC-VF,2,grid_pollution,hot_first,submit_us,1,master,final,3,358.458,273.625,84.83300000000003
cpu,NotoSerifSC-VF,2,grid_pollution,hot_first,submit_us,1,master,final,4,339.542,268.709,70.83299999999997
cpu,NotoSerifSC-VF,2,grid_pollution,hot_first,submit_us,1,master,final,5,354.584,272.167,82.41700000000003
cpu,NotoSerifSC-VF,2,grid_pollution,hot_first,submit_us,1,master,final,6,342.25,302.334,39.916
cpu,NotoSerifSC-VF,2,grid_pollution,hot_first,submit_us,1,master,final,7,365.042,261.167,103.875
cpu,NotoSerifSC-VF,2,grid_pollution,hot_first,submit_us,1,master,final,8,354.458,263.958,90.5
cpu,NotoSerifSC-VF,2,grid_pollution,hot_first,submit_us,1,master,final,9,339.375,265.333,74.04199999999997
cpu,NotoSerifSC-VF,2,grid_pollution,hot_first,submit_us,1,master,final,10,343.375,264.625,78.75
cpu,NotoSerifSC-VF,2,grid_pollution,hot_first,submit_us,1,master,final,11,382.916,259.75,123.166
cpu,NotoSerifSC-VF,2,grid_pollution,hot_first,submit_us,1,master,final,12,356.958,279.458,77.5
cpu,NotoSerifSC-VF,2,grid_pollution,hot_return,complete_us,1,master,final,1,295.917,275.25,20.666999999999973
cpu,NotoSerifSC-VF,2,grid_pollution,hot_return,complete_us,1,master,final,2,291.291,272.541,18.75
cpu,NotoSerifSC-VF,2,grid_pollution,hot_return,complete_us,1,master,final,3,280.25,269.166,11.084000000000003
cpu,NotoSerifSC-VF,2,grid_pollution,hot_return,complete_us,1,master,final,4,291.958,271.334,20.624000000000024
cpu,NotoSerifSC-VF,2,grid_pollution,hot_return,complete_us,1,master,final,5,285.333,271.292,14.041000000000054
cpu,NotoSerifSC-VF,2,grid_pollution,hot_return,complete_us,1,master,final,6,274.417,276.042,-1.625
cpu,NotoSerifSC-VF,2,grid_pollution,hot_return,complete_us,1,master,final,7,288.875,273.791,15.084000000000003
cpu,NotoSerifSC-VF,2,grid_pollution,hot_return,complete_us,1,master,final,8,275.125,263.083,12.041999999999973
cpu,NotoSerifSC-VF,2,grid_pollution,hot_return,complete_us,1,master,final,9,273.667,267.291,6.375999999999976
cpu,NotoSerifSC-VF,2,grid_pollution,hot_return,complete_us,1,master,final,10,280.791,259.708,21.08299999999997
cpu,NotoSerifSC-VF,2,grid_pollution,hot_return,complete_us,1,master,final,11,309.916,255.167,54.748999999999995
cpu,NotoSerifSC-VF,2,grid_pollution,hot_return,complete_us,1,master,final,12,280.042,277.542,2.5
cpu,NotoSerifSC-VF,2,grid_pollution,hot_return,draw_us,1,master,final,1,295.417,275.125,20.291999999999973
cpu,NotoSerifSC-VF,2,grid_pollution,hot_return,draw_us,1,master,final,2,291.166,272.291,18.875
cpu,NotoSerifSC-VF,2,grid_pollution,hot_return,draw_us,1,master,final,3,280.166,269.0,11.165999999999997
cpu,NotoSerifSC-VF,2,grid_pollution,hot_return,draw_us,1,master,final,4,291.833,271.167,20.666000000000054
cpu,NotoSerifSC-VF,2,grid_pollution,hot_return,draw_us,1,master,final,5,285.208,271.167,14.041000000000054
cpu,NotoSerifSC-VF,2,grid_pollution,hot_return,draw_us,1,master,final,6,274.125,275.875,-1.75
cpu,NotoSerifSC-VF,2,grid_pollution,hot_return,draw_us,1,master,final,7,288.709,273.708,15.000999999999976
cpu,NotoSerifSC-VF,2,grid_pollution,hot_return,draw_us,1,master,final,8,275.0,263.0,12.0
cpu,NotoSerifSC-VF,2,grid_pollution,hot_return,draw_us,1,master,final,9,273.542,267.125,6.416999999999973
cpu,NotoSerifSC-VF,2,grid_pollution,hot_return,draw_us,1,master,final,10,280.666,259.625,21.040999999999997
cpu,NotoSerifSC-VF,2,grid_pollution,hot_return,draw_us,1,master,final,11,309.416,254.917,54.498999999999995
cpu,NotoSerifSC-VF,2,grid_pollution,hot_return,draw_us,1,master,final,12,279.875,277.375,2.5
cpu,NotoSerifSC-VF,2,grid_pollution,hot_return,submit_us,1,master,final,1,295.875,275.25,20.625
cpu,NotoSerifSC-VF,2,grid_pollution,hot_return,submit_us,1,master,final,2,291.291,272.5,18.790999999999997
cpu,NotoSerifSC-VF,2,grid_pollution,hot_return,submit_us,1,master,final,3,280.208,269.166,11.04200000000003
cpu,NotoSerifSC-VF,2,grid_pollution,hot_return,submit_us,1,master,final,4,291.958,271.292,20.666000000000054
cpu,NotoSerifSC-VF,2,grid_pollution,hot_return,submit_us,1,master,final,5,285.333,271.25,14.083000000000027
cpu,NotoSerifSC-VF,2,grid_pollution,hot_return,submit_us,1,master,final,6,274.375,276.042,-1.6669999999999732
cpu,NotoSerifSC-VF,2,grid_pollution,hot_return,submit_us,1,master,final,7,288.875,273.75,15.125
cpu,NotoSerifSC-VF,2,grid_pollution,hot_return,submit_us,1,master,final,8,275.083,263.042,12.041000000000054
cpu,NotoSerifSC-VF,2,grid_pollution,hot_return,submit_us,1,master,final,9,273.667,267.291,6.375999999999976
cpu,NotoSerifSC-VF,2,grid_pollution,hot_return,submit_us,1,master,final,10,280.75,259.708,21.041999999999973
cpu,NotoSerifSC-VF,2,grid_pollution,hot_return,submit_us,1,master,final,11,309.875,255.167,54.708
cpu,NotoSerifSC-VF,2,grid_pollution,hot_return,submit_us,1,master,final,12,280.0,277.542,2.458000000000027
cpu,NotoSerifSC-VF,2,grid_pollution,hot_second,complete_us,1,master,final,1,246.125,199.292,46.833
cpu,NotoSerifSC-VF,2,grid_pollution,hot_second,complete_us,1,master,final,2,259.375,192.042,67.333
cpu,NotoSerifSC-VF,2,grid_pollution,hot_second,complete_us,1,master,final,3,238.917,193.625,45.292
cpu,NotoSerifSC-VF,2,grid_pollution,hot_second,complete_us,1,master,final,4,245.458,194.583,50.875
cpu,NotoSerifSC-VF,2,grid_pollution,hot_second,complete_us,1,master,final,5,231.416,196.541,34.875
cpu,NotoSerifSC-VF,2,grid_pollution,hot_second,complete_us,1,master,final,6,239.375,193.917,45.458
cpu,NotoSerifSC-VF,2,grid_pollution,hot_second,complete_us,1,master,final,7,248.041,198.792,49.248999999999995
cpu,NotoSerifSC-VF,2,grid_pollution,hot_second,complete_us,1,master,final,8,248.0,199.5,48.5
cpu,NotoSerifSC-VF,2,grid_pollution,hot_second,complete_us,1,master,final,9,248.125,200.709,47.416
cpu,NotoSerifSC-VF,2,grid_pollution,hot_second,complete_us,1,master,final,10,247.625,196.792,50.833
cpu,NotoSerifSC-VF,2,grid_pollution,hot_second,complete_us,1,master,final,11,262.292,199.291,63.000999999999976
cpu,NotoSerifSC-VF,2,grid_pollution,hot_second,complete_us,1,master,final,12,252.625,204.458,48.167
cpu,NotoSerifSC-VF,2,grid_pollution,hot_second,draw_us,1,master,final,1,246.042,199.208,46.834
cpu,NotoSerifSC-VF,2,grid_pollution,hot_second,draw_us,1,master,final,2,259.125,191.917,67.208
cpu,NotoSerifSC-VF,2,grid_pollution,hot_second,draw_us,1,master,final,3,238.834,193.542,45.292
cpu,NotoSerifSC-VF,2,grid_pollution,hot_second,draw_us,1,master,final,4,245.333,194.5,50.833
cpu,NotoSerifSC-VF,2,grid_pollution,hot_second,draw_us,1,master,final,5,231.333,196.458,34.875
cpu,NotoSerifSC-VF,2,grid_pollution,hot_second,draw_us,1,master,final,6,239.25,193.75,45.5
cpu,NotoSerifSC-VF,2,grid_pollution,hot_second,draw_us,1,master,final,7,247.958,198.708,49.25
cpu,NotoSerifSC-VF,2,grid_pollution,hot_second,draw_us,1,master,final,8,247.875,199.416,48.459
cpu,NotoSerifSC-VF,2,grid_pollution,hot_second,draw_us,1,master,final,9,248.042,200.625,47.417
cpu,NotoSerifSC-VF,2,grid_pollution,hot_second,draw_us,1,master,final,10,247.5,196.708,50.792
cpu,NotoSerifSC-VF,2,grid_pollution,hot_second,draw_us,1,master,final,11,262.167,199.166,63.000999999999976
cpu,NotoSerifSC-VF,2,grid_pollution,hot_second,draw_us,1,master,final,12,252.5,204.333,48.167
cpu,NotoSerifSC-VF,2,grid_pollution,hot_second,submit_us,1,master,final,1,246.083,199.25,46.833
cpu,NotoSerifSC-VF,2,grid_pollution,hot_second,submit_us,1,master,final,2,259.333,192.0,67.33300000000003
cpu,NotoSerifSC-VF,2,grid_pollution,hot_second,submit_us,1,master,final,3,238.875,193.625,45.25
cpu,NotoSerifSC-VF,2,grid_pollution,hot_second,submit_us,1,master,final,4,245.458,194.583,50.875
cpu,NotoSerifSC-VF,2,grid_pollution,hot_second,submit_us,1,master,final,5,231.375,196.5,34.875
cpu,NotoSerifSC-VF,2,grid_pollution,hot_second,submit_us,1,master,final,6,239.333,193.875,45.458
cpu,NotoSerifSC-VF,2,grid_pollution,hot_second,submit_us,1,master,final,7,248.041,198.792,49.248999999999995
cpu,NotoSerifSC-VF,2,grid_pollution,hot_second,submit_us,1,master,final,8,247.958,199.5,48.458
cpu,NotoSerifSC-VF,2,grid_pollution,hot_second,submit_us,1,master,final,9,248.125,200.709,47.416
cpu,NotoSerifSC-VF,2,grid_pollution,hot_second,submit_us,1,master,final,10,247.584,196.75,50.834
cpu,NotoSerifSC-VF,2,grid_pollution,hot_second,submit_us,1,master,final,11,262.292,199.291,63.000999999999976
cpu,NotoSerifSC-VF,2,grid_pollution,hot_second,submit_us,1,master,final,12,252.584,204.416,48.168000000000006
cpu,NotoSerifSC-VF,2,grid_pollution,pollution,complete_us,64,master,final,1,286.451859,279.322953,7.128906000000029
cpu,NotoSerifSC-VF,2,grid_pollution,pollution,complete_us,64,master,final,2,295.173219,278.413453,16.759766000000013
cpu,NotoSerifSC-VF,2,grid_pollution,pollution,complete_us,64,master,final,3,283.367781,275.435484,7.9322970000000055
cpu,NotoSerifSC-VF,2,grid_pollution,pollution,complete_us,64,master,final,4,283.046781,280.474672,2.5721090000000117
cpu,NotoSerifSC-VF,2,grid_pollution,pollution,complete_us,64,master,final,5,280.779891,276.796156,3.9837350000000242
cpu,NotoSerifSC-VF,2,grid_pollution,pollution,complete_us,64,master,final,6,284.238828,277.466094,6.772734000000014
cpu,NotoSerifSC-VF,2,grid_pollution,pollution,complete_us,64,master,final,7,279.953125,275.414125,4.538999999999987
cpu,NotoSerifSC-VF,2,grid_pollution,pollution,complete_us,64,master,final,8,280.942047,273.731109,7.210937999999999
cpu,NotoSerifSC-VF,2,grid_pollution,pollution,complete_us,64,master,final,9,279.054063,273.339859,5.714203999999995
cpu,NotoSerifSC-VF,2,grid_pollution,pollution,complete_us,64,master,final,10,280.969344,275.147719,5.821624999999983
cpu,NotoSerifSC-VF,2,grid_pollution,pollution,complete_us,64,master,final,11,300.608031,277.218156,23.38987499999996
cpu,NotoSerifSC-VF,2,grid_pollution,pollution,complete_us,64,master,final,12,289.772234,281.91725,7.854984000000002
cpu,NotoSerifSC-VF,2,grid_pollution,pollution,draw_us,64,master,final,1,286.367875,279.233703,7.134172000000035
cpu,NotoSerifSC-VF,2,grid_pollution,pollution,draw_us,64,master,final,2,295.067719,278.313156,16.75456300000002
cpu,NotoSerifSC-VF,2,grid_pollution,pollution,draw_us,64,master,final,3,283.285156,275.359391,7.925764999999956
cpu,NotoSerifSC-VF,2,grid_pollution,pollution,draw_us,64,master,final,4,282.962219,280.391234,2.5709850000000074
cpu,NotoSerifSC-VF,2,grid_pollution,pollution,draw_us,64,master,final,5,280.700547,276.690688,4.009858999999949
cpu,NotoSerifSC-VF,2,grid_pollution,pollution,draw_us,64,master,final,6,284.159438,277.388672,6.770766000000037
cpu,NotoSerifSC-VF,2,grid_pollution,pollution,draw_us,64,master,final,7,279.872375,275.333406,4.538968999999952
cpu,NotoSerifSC-VF,2,grid_pollution,pollution,draw_us,64,master,final,8,280.832672,273.651687,7.180985000000021
cpu,NotoSerifSC-VF,2,grid_pollution,pollution,draw_us,64,master,final,9,278.974609,273.259797,5.714811999999995
cpu,NotoSerifSC-VF,2,grid_pollution,pollution,draw_us,64,master,final,10,280.888687,275.056656,5.832031000000029
cpu,NotoSerifSC-VF,2,grid_pollution,pollution,draw_us,64,master,final,11,300.490844,276.944,23.546843999999965
cpu,NotoSerifSC-VF,2,grid_pollution,pollution,draw_us,64,master,final,12,289.685516,281.834625,7.85089099999999
cpu,NotoSerifSC-VF,2,grid_pollution,pollution,submit_us,64,master,final,1,286.427094,279.296844,7.1302499999999895
cpu,NotoSerifSC-VF,2,grid_pollution,pollution,submit_us,64,master,final,2,295.149797,278.380813,16.76898399999999
cpu,NotoSerifSC-VF,2,grid_pollution,pollution,submit_us,64,master,final,3,283.350906,275.411453,7.9394530000000145
cpu,NotoSerifSC-VF,2,grid_pollution,pollution,submit_us,64,master,final,4,283.021344,280.452484,2.5688599999999724
cpu,NotoSerifSC-VF,2,grid_pollution,pollution,submit_us,64,master,final,5,280.761,276.764266,3.9967340000000036
cpu,NotoSerifSC-VF,2,grid_pollution,pollution,submit_us,64,master,final,6,284.217391,277.4485,6.768890999999996
cpu,NotoSerifSC-VF,2,grid_pollution,pollution,submit_us,64,master,final,7,279.929672,275.393328,4.5363439999999855
cpu,NotoSerifSC-VF,2,grid_pollution,pollution,submit_us,64,master,final,8,280.908234,273.710203,7.1980310000000145
cpu,NotoSerifSC-VF,2,grid_pollution,pollution,submit_us,64,master,final,9,279.033219,273.322937,5.71028199999995
cpu,NotoSerifSC-VF,2,grid_pollution,pollution,submit_us,64,master,final,10,280.949187,275.128172,5.8210149999999885
cpu,NotoSerifSC-VF,2,grid_pollution,pollution,submit_us,64,master,final,11,300.588531,277.190219,23.398311999999976
cpu,NotoSerifSC-VF,2,grid_pollution,pollution,submit_us,64,master,final,12,289.751391,281.891266,7.860125000000039
cpu,NotoSerifSC-VF,2,grid_singleton,once,complete_us,1,master,final,1,350.25,266.416,83.834
cpu,NotoSerifSC-VF,2,grid_singleton,once,complete_us,1,master,final,2,407.5,290.042,117.45800000000003
cpu,NotoSerifSC-VF,2,grid_singleton,once,complete_us,1,master,final,3,371.833,280.209,91.62400000000002
cpu,NotoSerifSC-VF,2,grid_singleton,once,complete_us,1,master,final,4,349.291,280.75,68.541
cpu,NotoSerifSC-VF,2,grid_singleton,once,complete_us,1,master,final,5,349.542,272.792,76.75
cpu,NotoSerifSC-VF,2,grid_singleton,once,complete_us,1,master,final,6,364.875,274.125,90.75
cpu,NotoSerifSC-VF,2,grid_singleton,once,complete_us,1,master,final,7,340.625,271.875,68.75
cpu,NotoSerifSC-VF,2,grid_singleton,once,complete_us,1,master,final,8,360.834,264.875,95.959
cpu,NotoSerifSC-VF,2,grid_singleton,once,complete_us,1,master,final,9,351.792,279.916,71.87599999999998
cpu,NotoSerifSC-VF,2,grid_singleton,once,complete_us,1,master,final,10,347.708,273.542,74.16600000000005
cpu,NotoSerifSC-VF,2,grid_singleton,once,complete_us,1,master,final,11,388.834,279.584,109.25
cpu,NotoSerifSC-VF,2,grid_singleton,once,complete_us,1,master,final,12,367.5,290.458,77.04199999999997
cpu,NotoSerifSC-VF,2,grid_singleton,once,draw_us,1,master,final,1,349.5,265.791,83.709
cpu,NotoSerifSC-VF,2,grid_singleton,once,draw_us,1,master,final,2,406.209,289.708,116.50099999999998
cpu,NotoSerifSC-VF,2,grid_singleton,once,draw_us,1,master,final,3,371.208,279.334,91.87400000000002
cpu,NotoSerifSC-VF,2,grid_singleton,once,draw_us,1,master,final,4,348.875,280.25,68.625
cpu,NotoSerifSC-VF,2,grid_singleton,once,draw_us,1,master,final,5,349.084,272.333,76.75099999999998
cpu,NotoSerifSC-VF,2,grid_singleton,once,draw_us,1,master,final,6,364.292,273.583,90.70899999999995
cpu,NotoSerifSC-VF,2,grid_singleton,once,draw_us,1,master,final,7,339.916,271.084,68.832
cpu,NotoSerifSC-VF,2,grid_singleton,once,draw_us,1,master,final,8,360.292,264.041,96.25099999999998
cpu,NotoSerifSC-VF,2,grid_singleton,once,draw_us,1,master,final,9,351.25,279.5,71.75
cpu,NotoSerifSC-VF,2,grid_singleton,once,draw_us,1,master,final,10,346.792,272.875,73.91699999999997
cpu,NotoSerifSC-VF,2,grid_singleton,once,draw_us,1,master,final,11,387.709,277.792,109.91700000000003
cpu,NotoSerifSC-VF,2,grid_singleton,once,draw_us,1,master,final,12,366.875,289.666,77.209
cpu,NotoSerifSC-VF,2,grid_singleton,once,submit_us,1,master,final,1,350.25,266.416,83.834
cpu,NotoSerifSC-VF,2,grid_singleton,once,submit_us,1,master,final,2,407.5,290.0,117.5
cpu,NotoSerifSC-VF,2,grid_singleton,once,submit_us,1,master,final,3,371.791,280.209,91.582
cpu,NotoSerifSC-VF,2,grid_singleton,once,submit_us,1,master,final,4,349.291,280.75,68.541
cpu,NotoSerifSC-VF,2,grid_singleton,once,submit_us,1,master,final,5,349.5,272.792,76.70800000000003
cpu,NotoSerifSC-VF,2,grid_singleton,once,submit_us,1,master,final,6,364.875,274.083,90.79199999999997
cpu,NotoSerifSC-VF,2,grid_singleton,once,submit_us,1,master,final,7,340.625,271.834,68.791
cpu,NotoSerifSC-VF,2,grid_singleton,once,submit_us,1,master,final,8,360.792,264.875,95.91699999999997
cpu,NotoSerifSC-VF,2,grid_singleton,once,submit_us,1,master,final,9,351.792,279.916,71.87599999999998
cpu,NotoSerifSC-VF,2,grid_singleton,once,submit_us,1,master,final,10,347.667,273.5,74.16699999999997
cpu,NotoSerifSC-VF,2,grid_singleton,once,submit_us,1,master,final,11,388.834,279.542,109.29200000000003
cpu,NotoSerifSC-VF,2,grid_singleton,once,submit_us,1,master,final,12,367.5,290.416,77.084
cpu,NotoSerifSC-VF,2,grid_two_phases,first,complete_us,1,master,final,1,311.709,230.875,80.834
cpu,NotoSerifSC-VF,2,grid_two_phases,first,complete_us,1,master,final,2,318.375,220.875,97.5
cpu,NotoSerifSC-VF,2,grid_two_phases,first,complete_us,1,master,final,3,296.708,228.667,68.04100000000003
cpu,NotoSerifSC-VF,2,grid_two_phases,first,complete_us,1,master,final,4,301.416,227.958,73.458
cpu,NotoSerifSC-VF,2,grid_two_phases,first,complete_us,1,master,final,5,311.333,238.125,73.20800000000003
cpu,NotoSerifSC-VF,2,grid_two_phases,first,complete_us,1,master,final,6,305.917,230.459,75.45799999999997
cpu,NotoSerifSC-VF,2,grid_two_phases,first,complete_us,1,master,final,7,289.208,229.0,60.20800000000003
cpu,NotoSerifSC-VF,2,grid_two_phases,first,complete_us,1,master,final,8,297.625,250.334,47.291
cpu,NotoSerifSC-VF,2,grid_two_phases,first,complete_us,1,master,final,9,299.959,231.333,68.626
cpu,NotoSerifSC-VF,2,grid_two_phases,first,complete_us,1,master,final,10,291.375,229.75,61.625
cpu,NotoSerifSC-VF,2,grid_two_phases,first,complete_us,1,master,final,11,337.708,239.583,98.12500000000003
cpu,NotoSerifSC-VF,2,grid_two_phases,first,complete_us,1,master,final,12,314.0,235.958,78.042
cpu,NotoSerifSC-VF,2,grid_two_phases,first,draw_us,1,master,final,1,311.25,230.417,80.833
cpu,NotoSerifSC-VF,2,grid_two_phases,first,draw_us,1,master,final,2,317.5,220.459,97.041
cpu,NotoSerifSC-VF,2,grid_two_phases,first,draw_us,1,master,final,3,295.958,228.209,67.74900000000002
cpu,NotoSerifSC-VF,2,grid_two_phases,first,draw_us,1,master,final,4,300.75,227.542,73.208
cpu,NotoSerifSC-VF,2,grid_two_phases,first,draw_us,1,master,final,5,310.708,237.792,72.91600000000003
cpu,NotoSerifSC-VF,2,grid_two_phases,first,draw_us,1,master,final,6,305.459,229.709,75.75
cpu,NotoSerifSC-VF,2,grid_two_phases,first,draw_us,1,master,final,7,288.75,228.375,60.375
cpu,NotoSerifSC-VF,2,grid_two_phases,first,draw_us,1,master,final,8,297.0,249.709,47.291
cpu,NotoSerifSC-VF,2,grid_two_phases,first,draw_us,1,master,final,9,299.334,230.458,68.876
cpu,NotoSerifSC-VF,2,grid_two_phases,first,draw_us,1,master,final,10,290.916,229.125,61.791
cpu,NotoSerifSC-VF,2,grid_two_phases,first,draw_us,1,master,final,11,336.625,238.917,97.708
cpu,NotoSerifSC-VF,2,grid_two_phases,first,draw_us,1,master,final,12,313.458,235.666,77.79200000000003
cpu,NotoSerifSC-VF,2,grid_two_phases,first,submit_us,1,master,final,1,311.709,230.834,80.875
cpu,NotoSerifSC-VF,2,grid_two_phases,first,submit_us,1,master,final,2,318.334,220.834,97.5
cpu,NotoSerifSC-VF,2,grid_two_phases,first,submit_us,1,master,final,3,296.708,228.667,68.04100000000003
cpu,NotoSerifSC-VF,2,grid_two_phases,first,submit_us,1,master,final,4,301.375,227.917,73.458
cpu,NotoSerifSC-VF,2,grid_two_phases,first,submit_us,1,master,final,5,311.292,238.125,73.16699999999997
cpu,NotoSerifSC-VF,2,grid_two_phases,first,submit_us,1,master,final,6,305.875,230.417,75.458
cpu,NotoSerifSC-VF,2,grid_two_phases,first,submit_us,1,master,final,7,289.208,229.0,60.20800000000003
cpu,NotoSerifSC-VF,2,grid_two_phases,first,submit_us,1,master,final,8,297.584,250.334,47.25
cpu,NotoSerifSC-VF,2,grid_two_phases,first,submit_us,1,master,final,9,299.959,231.333,68.626
cpu,NotoSerifSC-VF,2,grid_two_phases,first,submit_us,1,master,final,10,291.333,229.75,61.58300000000003
cpu,NotoSerifSC-VF,2,grid_two_phases,first,submit_us,1,master,final,11,337.667,239.542,98.12499999999997
cpu,NotoSerifSC-VF,2,grid_two_phases,first,submit_us,1,master,final,12,314.0,235.958,78.042
cpu,NotoSerifSC-VF,2,grid_two_phases,second,complete_us,1,master,final,1,242.125,188.542,53.583
cpu,NotoSerifSC-VF,2,grid_two_phases,second,complete_us,1,master,final,2,246.458,182.334,64.124
cpu,NotoSerifSC-VF,2,grid_two_phases,second,complete_us,1,master,final,3,244.417,189.042,55.375
cpu,NotoSerifSC-VF,2,grid_two_phases,second,complete_us,1,master,final,4,247.291,192.25,55.041
cpu,NotoSerifSC-VF,2,grid_two_phases,second,complete_us,1,master,final,5,256.708,188.25,68.45800000000003
cpu,NotoSerifSC-VF,2,grid_two_phases,second,complete_us,1,master,final,6,239.208,191.708,47.5
cpu,NotoSerifSC-VF,2,grid_two_phases,second,complete_us,1,master,final,7,228.958,187.417,41.541
cpu,NotoSerifSC-VF,2,grid_two_phases,second,complete_us,1,master,final,8,245.167,195.625,49.542
cpu,NotoSerifSC-VF,2,grid_two_phases,second,complete_us,1,master,final,9,234.833,189.583,45.25
cpu,NotoSerifSC-VF,2,grid_two_phases,second,complete_us,1,master,final,10,235.292,180.958,54.334
cpu,NotoSerifSC-VF,2,grid_two_phases,second,complete_us,1,master,final,11,255.542,190.708,64.834
cpu,NotoSerifSC-VF,2,grid_two_phases,second,complete_us,1,master,final,12,247.458,195.958,51.5
cpu,NotoSerifSC-VF,2,grid_two_phases,second,draw_us,1,master,final,1,242.042,188.459,53.583
cpu,NotoSerifSC-VF,2,grid_two_phases,second,draw_us,1,master,final,2,246.333,182.209,64.124
cpu,NotoSerifSC-VF,2,grid_two_phases,second,draw_us,1,master,final,3,244.292,188.917,55.375
cpu,NotoSerifSC-VF,2,grid_two_phases,second,draw_us,1,master,final,4,247.166,192.125,55.041
cpu,NotoSerifSC-VF,2,grid_two_phases,second,draw_us,1,master,final,5,256.541,188.166,68.375
cpu,NotoSerifSC-VF,2,grid_two_phases,second,draw_us,1,master,final,6,239.125,191.625,47.5
cpu,NotoSerifSC-VF,2,grid_two_phases,second,draw_us,1,master,final,7,228.833,187.333,41.5
cpu,NotoSerifSC-VF,2,grid_two_phases,second,draw_us,1,master,final,8,245.042,195.541,49.501000000000005
cpu,NotoSerifSC-VF,2,grid_two_phases,second,draw_us,1,master,final,9,234.708,189.5,45.208
cpu,NotoSerifSC-VF,2,grid_two_phases,second,draw_us,1,master,final,10,235.167,180.792,54.375
cpu,NotoSerifSC-VF,2,grid_two_phases,second,draw_us,1,master,final,11,255.417,190.541,64.876
cpu,NotoSerifSC-VF,2,grid_two_phases,second,draw_us,1,master,final,12,247.333,195.833,51.5
cpu,NotoSerifSC-VF,2,grid_two_phases,second,submit_us,1,master,final,1,242.125,188.542,53.583
cpu,NotoSerifSC-VF,2,grid_two_phases,second,submit_us,1,master,final,2,246.458,182.292,64.166
cpu,NotoSerifSC-VF,2,grid_two_phases,second,submit_us,1,master,final,3,244.417,189.0,55.417
cpu,NotoSerifSC-VF,2,grid_two_phases,second,submit_us,1,master,final,4,247.291,192.209,55.081999999999994
cpu,NotoSerifSC-VF,2,grid_two_phases,second,submit_us,1,master,final,5,256.708,188.25,68.45800000000003
cpu,NotoSerifSC-VF,2,grid_two_phases,second,submit_us,1,master,final,6,239.208,191.708,47.5
cpu,NotoSerifSC-VF,2,grid_two_phases,second,submit_us,1,master,final,7,228.916,187.417,41.498999999999995
cpu,NotoSerifSC-VF,2,grid_two_phases,second,submit_us,1,master,final,8,245.125,195.625,49.5
cpu,NotoSerifSC-VF,2,grid_two_phases,second,submit_us,1,master,final,9,234.833,189.583,45.25
cpu,NotoSerifSC-VF,2,grid_two_phases,second,submit_us,1,master,final,10,235.292,180.917,54.375
cpu,NotoSerifSC-VF,2,grid_two_phases,second,submit_us,1,master,final,11,255.542,190.666,64.876
cpu,NotoSerifSC-VF,2,grid_two_phases,second,submit_us,1,master,final,12,247.416,195.916,51.5
cpu,NotoSerifSC-VF,2,grid_unique_sizes,sweep,complete_us,32,master,final,1,258.04425,247.478,10.566249999999968
cpu,NotoSerifSC-VF,2,grid_unique_sizes,sweep,complete_us,32,master,final,2,263.748656,258.208344,5.540311999999972
cpu,NotoSerifSC-VF,2,grid_unique_sizes,sweep,complete_us,32,master,final,3,254.402406,247.673125,6.7292810000000145
cpu,NotoSerifSC-VF,2,grid_unique_sizes,sweep,complete_us,32,master,final,4,256.109344,250.436281,5.673063000000013
cpu,NotoSerifSC-VF,2,grid_unique_sizes,sweep,complete_us,32,master,final,5,253.897156,249.773406,4.123750000000001
cpu,NotoSerifSC-VF,2,grid_unique_sizes,sweep,complete_us,32,master,final,6,256.824219,249.328125,7.496094000000028
cpu,NotoSerifSC-VF,2,grid_unique_sizes,sweep,complete_us,32,master,final,7,251.225156,245.515531,5.709624999999988
cpu,NotoSerifSC-VF,2,grid_unique_sizes,sweep,complete_us,32,master,final,8,254.086031,245.242187,8.84384399999999
cpu,NotoSerifSC-VF,2,grid_unique_sizes,sweep,complete_us,32,master,final,9,250.936344,242.783969,8.152374999999978
cpu,NotoSerifSC-VF,2,grid_unique_sizes,sweep,complete_us,32,master,final,10,252.171906,243.464719,8.707187000000005
cpu,NotoSerifSC-VF,2,grid_unique_sizes,sweep,complete_us,32,master,final,11,266.572938,248.329312,18.243626000000035
cpu,NotoSerifSC-VF,2,grid_unique_sizes,sweep,complete_us,32,master,final,12,262.201875,251.856562,10.345312999999976
cpu,NotoSerifSC-VF,2,grid_unique_sizes,sweep,draw_us,32,master,final,1,257.959594,247.386625,10.572968999999972
cpu,NotoSerifSC-VF,2,grid_unique_sizes,sweep,draw_us,32,master,final,2,263.648344,258.09125,5.557094000000006
cpu,NotoSerifSC-VF,2,grid_unique_sizes,sweep,draw_us,32,master,final,3,254.308625,247.57425,6.734375
cpu,NotoSerifSC-VF,2,grid_unique_sizes,sweep,draw_us,32,master,final,4,256.010406,250.332125,5.678280999999998
cpu,NotoSerifSC-VF,2,grid_unique_sizes,sweep,draw_us,32,master,final,5,253.799563,249.660156,4.139407000000006
cpu,NotoSerifSC-VF,2,grid_unique_sizes,sweep,draw_us,32,master,final,6,256.731781,249.235656,7.496125000000006
cpu,NotoSerifSC-VF,2,grid_unique_sizes,sweep,draw_us,32,master,final,7,251.127531,245.427094,5.700436999999994
cpu,NotoSerifSC-VF,2,grid_unique_sizes,sweep,draw_us,32,master,final,8,253.963625,245.145813,8.817812000000004
cpu,NotoSerifSC-VF,2,grid_unique_sizes,sweep,draw_us,32,master,final,9,250.8425,242.675844,8.166655999999989
cpu,NotoSerifSC-VF,2,grid_unique_sizes,sweep,draw_us,32,master,final,10,252.07425,243.359406,8.714844
cpu,NotoSerifSC-VF,2,grid_unique_sizes,sweep,draw_us,32,master,final,11,266.471375,248.199219,18.272156000000024
cpu,NotoSerifSC-VF,2,grid_unique_sizes,sweep,draw_us,32,master,final,12,262.099,251.760344,10.338655999999986
cpu,NotoSerifSC-VF,2,grid_unique_sizes,sweep,submit_us,32,master,final,1,258.023438,247.454437,10.569000999999986
cpu,NotoSerifSC-VF,2,grid_unique_sizes,sweep,submit_us,32,master,final,2,263.735656,258.175875,5.559780999999987
cpu,NotoSerifSC-VF,2,grid_unique_sizes,sweep,submit_us,32,master,final,3,254.380281,247.649781,6.730500000000006
cpu,NotoSerifSC-VF,2,grid_unique_sizes,sweep,submit_us,32,master,final,4,256.084687,250.414187,5.670499999999976
cpu,NotoSerifSC-VF,2,grid_unique_sizes,sweep,submit_us,32,master,final,5,253.881656,249.739531,4.142124999999993
cpu,NotoSerifSC-VF,2,grid_unique_sizes,sweep,submit_us,32,master,final,6,256.804625,249.308531,7.496093999999999
cpu,NotoSerifSC-VF,2,grid_unique_sizes,sweep,submit_us,32,master,final,7,251.201719,245.497344,5.704374999999999
cpu,NotoSerifSC-VF,2,grid_unique_sizes,sweep,submit_us,32,master,final,8,254.056094,245.221281,8.834812999999997
cpu,NotoSerifSC-VF,2,grid_unique_sizes,sweep,submit_us,32,master,final,9,250.910438,242.759094,8.151343999999995
cpu,NotoSerifSC-VF,2,grid_unique_sizes,sweep,submit_us,32,master,final,10,252.14725,243.44525,8.702000000000027
cpu,NotoSerifSC-VF,2,grid_unique_sizes,sweep,submit_us,32,master,final,11,266.549438,248.296813,18.252625000000023
cpu,NotoSerifSC-VF,2,grid_unique_sizes,sweep,submit_us,32,master,final,12,262.179813,251.831906,10.34790700000002
cpu,NotoSerifSC-VF,2,grid_unique_variations,sweep,complete_us,32,master,final,1,257.136656,182.143219,74.99343700000003
cpu,NotoSerifSC-VF,2,grid_unique_variations,sweep,complete_us,32,master,final,2,268.188812,179.086,89.10281199999997
cpu,NotoSerifSC-VF,2,grid_unique_variations,sweep,complete_us,32,master,final,3,252.049469,177.08075,74.968719
cpu,NotoSerifSC-VF,2,grid_unique_variations,sweep,complete_us,32,master,final,4,250.079469,177.264375,72.81509399999999
cpu,NotoSerifSC-VF,2,grid_unique_variations,sweep,complete_us,32,master,final,5,252.371125,176.313656,76.057469
cpu,NotoSerifSC-VF,2,grid_unique_variations,sweep,complete_us,32,master,final,6,252.20825,178.294531,73.91371899999999
cpu,NotoSerifSC-VF,2,grid_unique_variations,sweep,complete_us,32,master,final,7,250.758,177.514344,73.24365600000002
cpu,NotoSerifSC-VF,2,grid_unique_variations,sweep,complete_us,32,master,final,8,249.451812,176.561188,72.890624
cpu,NotoSerifSC-VF,2,grid_unique_variations,sweep,complete_us,32,master,final,9,248.367156,177.766938,70.60021799999998
cpu,NotoSerifSC-VF,2,grid_unique_variations,sweep,complete_us,32,master,final,10,250.987031,177.375063,73.61196799999999
cpu,NotoSerifSC-VF,2,grid_unique_variations,sweep,complete_us,32,master,final,11,270.265625,180.773531,89.49209400000001
cpu,NotoSerifSC-VF,2,grid_unique_variations,sweep,complete_us,32,master,final,12,258.338562,181.734281,76.60428100000001
cpu,NotoSerifSC-VF,2,grid_unique_variations,sweep,draw_us,32,master,final,1,257.0495,182.057344,74.99215600000002
cpu,NotoSerifSC-VF,2,grid_unique_variations,sweep,draw_us,32,master,final,2,268.071625,178.980531,89.09109399999997
cpu,NotoSerifSC-VF,2,grid_unique_variations,sweep,draw_us,32,master,final,3,251.964781,176.990969,74.97381199999998
cpu,NotoSerifSC-VF,2,grid_unique_variations,sweep,draw_us,32,master,final,4,249.984375,177.173188,72.81118699999999
cpu,NotoSerifSC-VF,2,grid_unique_variations,sweep,draw_us,32,master,final,5,252.282563,176.206875,76.07568800000001
cpu,NotoSerifSC-VF,2,grid_unique_variations,sweep,draw_us,32,master,final,6,252.119781,178.213594,73.90618699999999
cpu,NotoSerifSC-VF,2,grid_unique_variations,sweep,draw_us,32,master,final,7,250.677094,177.429687,73.24740700000001
cpu,NotoSerifSC-VF,2,grid_unique_variations,sweep,draw_us,32,master,final,8,249.338625,176.484375,72.85425000000001
cpu,NotoSerifSC-VF,2,grid_unique_variations,sweep,draw_us,32,master,final,9,248.2865,177.683719,70.602781
cpu,NotoSerifSC-VF,2,grid_unique_variations,sweep,draw_us,32,master,final,10,250.894594,177.296844,73.59775000000002
cpu,NotoSerifSC-VF,2,grid_unique_variations,sweep,draw_us,32,master,final,11,270.111938,180.666625,89.445313
cpu,NotoSerifSC-VF,2,grid_unique_variations,sweep,draw_us,32,master,final,12,258.2435,181.647125,76.596375
cpu,NotoSerifSC-VF,2,grid_unique_variations,sweep,submit_us,32,master,final,1,257.118469,182.126281,74.992188
cpu,NotoSerifSC-VF,2,grid_unique_variations,sweep,submit_us,32,master,final,2,268.169281,179.052063,89.11721800000001
cpu,NotoSerifSC-VF,2,grid_unique_variations,sweep,submit_us,32,master,final,3,252.023469,177.062469,74.96100000000001
cpu,NotoSerifSC-VF,2,grid_unique_variations,sweep,submit_us,32,master,final,4,250.053281,177.244813,72.808468
cpu,NotoSerifSC-VF,2,grid_unique_variations,sweep,submit_us,32,master,final,5,252.351562,176.2825,76.069062
cpu,NotoSerifSC-VF,2,grid_unique_variations,sweep,submit_us,32,master,final,6,252.184844,178.269781,73.915063
cpu,NotoSerifSC-VF,2,grid_unique_variations,sweep,submit_us,32,master,final,7,250.739719,177.496063,73.24365600000002
cpu,NotoSerifSC-VF,2,grid_unique_variations,sweep,submit_us,32,master,final,8,249.423094,176.544312,72.878782
cpu,NotoSerifSC-VF,2,grid_unique_variations,sweep,submit_us,32,master,final,9,248.343719,177.739656,70.604063
cpu,NotoSerifSC-VF,2,grid_unique_variations,sweep,submit_us,32,master,final,10,250.963594,177.354188,73.609406
cpu,NotoSerifSC-VF,2,grid_unique_variations,sweep,submit_us,32,master,final,11,270.242156,180.744781,89.49737500000003
cpu,NotoSerifSC-VF,2,grid_unique_variations,sweep,submit_us,32,master,final,12,258.3165,181.710938,76.60556200000002
cpu,NotoSerifSC-VF,2,text,first_paint,complete_us,1,master,final,1,20167.375,18848.625,1318.75
cpu,NotoSerifSC-VF,2,text,first_paint,complete_us,1,master,final,2,20853.375,19020.0,1833.375
cpu,NotoSerifSC-VF,2,text,first_paint,complete_us,1,master,final,3,19728.958,18644.833,1084.125
cpu,NotoSerifSC-VF,2,text,first_paint,complete_us,1,master,final,4,19639.292,18937.375,701.9170000000013
cpu,NotoSerifSC-VF,2,text,first_paint,complete_us,1,master,final,5,19499.083,18806.709,692.3739999999998
cpu,NotoSerifSC-VF,2,text,first_paint,complete_us,1,master,final,6,19580.375,18812.667,767.7079999999987
cpu,NotoSerifSC-VF,2,text,first_paint,complete_us,1,master,final,7,19620.459,18595.916,1024.5429999999978
cpu,NotoSerifSC-VF,2,text,first_paint,complete_us,1,master,final,8,20017.375,18419.75,1597.625
cpu,NotoSerifSC-VF,2,text,first_paint,complete_us,1,master,final,9,19582.208,18612.334,969.8739999999998
cpu,NotoSerifSC-VF,2,text,first_paint,complete_us,1,master,final,10,19562.917,18639.167,923.75
cpu,NotoSerifSC-VF,2,text,first_paint,complete_us,1,master,final,11,20538.209,18814.916,1723.2929999999978
cpu,NotoSerifSC-VF,2,text,first_paint,complete_us,1,master,final,12,20030.583,18897.625,1132.9579999999987
cpu,NotoSerifSC-VF,2,text,first_paint,draw_us,1,master,final,1,20164.0,18846.0,1318.0
cpu,NotoSerifSC-VF,2,text,first_paint,draw_us,1,master,final,2,20849.25,19017.25,1832.0
cpu,NotoSerifSC-VF,2,text,first_paint,draw_us,1,master,final,3,19725.333,18641.708,1083.625
cpu,NotoSerifSC-VF,2,text,first_paint,draw_us,1,master,final,4,19636.25,18934.25,702.0
cpu,NotoSerifSC-VF,2,text,first_paint,draw_us,1,master,final,5,19495.542,18804.292,691.25
cpu,NotoSerifSC-VF,2,text,first_paint,draw_us,1,master,final,6,19577.542,18809.042,768.5
cpu,NotoSerifSC-VF,2,text,first_paint,draw_us,1,master,final,7,19617.5,18593.041,1024.458999999999
cpu,NotoSerifSC-VF,2,text,first_paint,draw_us,1,master,final,8,20014.459,18417.167,1597.2919999999976
cpu,NotoSerifSC-VF,2,text,first_paint,draw_us,1,master,final,9,19578.75,18609.5,969.25
cpu,NotoSerifSC-VF,2,text,first_paint,draw_us,1,master,final,10,19560.208,18636.125,924.0829999999987
cpu,NotoSerifSC-VF,2,text,first_paint,draw_us,1,master,final,11,20534.084,18811.666,1722.4179999999978
cpu,NotoSerifSC-VF,2,text,first_paint,draw_us,1,master,final,12,20026.875,18894.667,1132.2079999999987
cpu,NotoSerifSC-VF,2,text,first_paint,submit_us,1,master,final,1,20167.333,18848.625,1318.7079999999987
cpu,NotoSerifSC-VF,2,text,first_paint,submit_us,1,master,final,2,20853.375,19020.0,1833.375
cpu,NotoSerifSC-VF,2,text,first_paint,submit_us,1,master,final,3,19728.958,18644.833,1084.125
cpu,NotoSerifSC-VF,2,text,first_paint,submit_us,1,master,final,4,19639.292,18937.333,701.9590000000026
cpu,NotoSerifSC-VF,2,text,first_paint,submit_us,1,master,final,5,19499.042,18806.709,692.3330000000024
cpu,NotoSerifSC-VF,2,text,first_paint,submit_us,1,master,final,6,19580.375,18812.667,767.7079999999987
cpu,NotoSerifSC-VF,2,text,first_paint,submit_us,1,master,final,7,19620.417,18595.875,1024.5420000000013
cpu,NotoSerifSC-VF,2,text,first_paint,submit_us,1,master,final,8,20017.334,18419.708,1597.6260000000002
cpu,NotoSerifSC-VF,2,text,first_paint,submit_us,1,master,final,9,19582.167,18612.292,969.875
cpu,NotoSerifSC-VF,2,text,first_paint,submit_us,1,master,final,10,19562.875,18639.125,923.75
cpu,NotoSerifSC-VF,2,text,first_paint,submit_us,1,master,final,11,20538.209,18814.916,1723.2929999999978
cpu,NotoSerifSC-VF,2,text,first_paint,submit_us,1,master,final,12,20030.542,18897.625,1132.9170000000013
cpu,NotoSerifSC-VF,2,text,reflow,complete_us,3,master,final,1,5736.222333,5209.847,526.375333
cpu,NotoSerifSC-VF,2,text,reflow,complete_us,3,master,final,2,5767.569333,5258.125333,509.4440000000004
cpu,NotoSerifSC-VF,2,text,reflow,complete_us,3,master,final,3,5560.347333,5106.042333,454.3049999999994
cpu,NotoSerifSC-VF,2,text,reflow,complete_us,3,master,final,4,5607.597,5294.680333,312.9166669999995
cpu,NotoSerifSC-VF,2,text,reflow,complete_us,3,master,final,5,5565.805667,5151.333,414.472667
cpu,NotoSerifSC-VF,2,text,reflow,complete_us,3,master,final,6,5607.611,5136.861333,470.74966700000004
cpu,NotoSerifSC-VF,2,text,reflow,complete_us,3,master,final,7,5559.652667,5136.013667,423.6390000000001
cpu,NotoSerifSC-VF,2,text,reflow,complete_us,3,master,final,8,5761.750333,5114.111,647.6393330000001
cpu,NotoSerifSC-VF,2,text,reflow,complete_us,3,master,final,9,5522.583667,5093.083333,429.5003340000003
cpu,NotoSerifSC-VF,2,text,reflow,complete_us,3,master,final,10,5561.902333,5244.805667,317.09666600000037
cpu,NotoSerifSC-VF,2,text,reflow,complete_us,3,master,final,11,5886.013667,5190.055,695.9586669999999
cpu,NotoSerifSC-VF,2,text,reflow,complete_us,3,master,final,12,5664.777667,5205.778,458.99966700000004
cpu,NotoSerifSC-VF,2,text,reflow,draw_us,3,master,final,1,5735.708333,5209.027667,526.6806659999993
cpu,NotoSerifSC-VF,2,text,reflow,draw_us,3,master,final,2,5766.763667,5257.222333,509.54133400000046
cpu,NotoSerifSC-VF,2,text,reflow,draw_us,3,master,final,3,5559.875,5105.625667,454.24933299999975
cpu,NotoSerifSC-VF,2,text,reflow,draw_us,3,master,final,4,5607.180333,5293.819,313.36133299999983
cpu,NotoSerifSC-VF,2,text,reflow,draw_us,3,master,final,5,5565.347333,5150.958333,414.3890000000001
cpu,NotoSerifSC-VF,2,text,reflow,draw_us,3,master,final,6,5607.097333,5136.430667,470.6666660000001
cpu,NotoSerifSC-VF,2,text,reflow,draw_us,3,master,final,7,5559.236333,5135.624667,423.6116659999998
cpu,NotoSerifSC-VF,2,text,reflow,draw_us,3,master,final,8,5761.347667,5113.694333,647.6533339999996
cpu,NotoSerifSC-VF,2,text,reflow,draw_us,3,master,final,9,5522.125,5092.680333,429.44466699999975
cpu,NotoSerifSC-VF,2,text,reflow,draw_us,3,master,final,10,5561.499667,5244.222333,317.27733400000034
cpu,NotoSerifSC-VF,2,text,reflow,draw_us,3,master,final,11,5885.166333,5189.527333,695.6390000000001
cpu,NotoSerifSC-VF,2,text,reflow,draw_us,3,master,final,12,5664.319333,5205.291667,459.02766599999995
cpu,NotoSerifSC-VF,2,text,reflow,submit_us,3,master,final,1,5736.208333,5209.833,526.375333
cpu,NotoSerifSC-VF,2,text,reflow,submit_us,3,master,final,2,5767.555333,5258.097667,509.45766600000024
cpu,NotoSerifSC-VF,2,text,reflow,submit_us,3,master,final,3,5560.333333,5106.042333,454.29099999999926
cpu,NotoSerifSC-VF,2,text,reflow,submit_us,3,master,final,4,5607.597,5294.652667,312.94433299999946
cpu,NotoSerifSC-VF,2,text,reflow,submit_us,3,master,final,5,5565.791667,5151.319,414.472667
cpu,NotoSerifSC-VF,2,text,reflow,submit_us,3,master,final,6,5607.583333,5136.819333,470.7639999999992
cpu,NotoSerifSC-VF,2,text,reflow,submit_us,3,master,final,7,5559.639,5136.013667,423.62533299999996
cpu,NotoSerifSC-VF,2,text,reflow,submit_us,3,master,final,8,5761.750333,5114.097,647.6533330000002
cpu,NotoSerifSC-VF,2,text,reflow,submit_us,3,master,final,9,5522.541667,5093.069333,429.47233400000005
cpu,NotoSerifSC-VF,2,text,reflow,submit_us,3,master,final,10,5561.888667,5244.778,317.1106669999999
cpu,NotoSerifSC-VF,2,text,reflow,submit_us,3,master,final,11,5886.013667,5190.041333,695.972334
cpu,NotoSerifSC-VF,2,text,reflow,submit_us,3,master,final,12,5664.749667,5205.75,458.99966700000004
cpu,NotoSerifSC-VF,2,text,reported_sequence,complete_us,88,master,final,1,216813.590009,201074.91701,15738.672999000002
cpu,NotoSerifSC-VF,2,text,reported_sequence,complete_us,88,master,final,2,222479.200983,202764.49999500002,19714.700987999968
cpu,NotoSerifSC-VF,2,text,reported_sequence,complete_us,88,master,final,3,209972.75600999998,197051.756,12921.000009999989
cpu,NotoSerifSC-VF,2,text,reported_sequence,complete_us,88,master,final,4,210133.41300200002,203987.214014,6146.198988000018
cpu,NotoSerifSC-VF,2,text,reported_sequence,complete_us,88,master,final,5,210334.545003,197253.25598500003,13081.289017999981
cpu,NotoSerifSC-VF,2,text,reported_sequence,complete_us,88,master,final,6,209052.92300100002,197412.78800200002,11640.134999000002
cpu,NotoSerifSC-VF,2,text,reported_sequence,complete_us,88,master,final,7,209497.916982,196603.66500100002,12894.25198099998
cpu,NotoSerifSC-VF,2,text,reported_sequence,complete_us,88,master,final,8,213777.500995,195937.752,17839.748995
cpu,NotoSerifSC-VF,2,text,reported_sequence,complete_us,88,master,final,9,207673.877001,196963.96601800004,10709.91098299995
cpu,NotoSerifSC-VF,2,text,reported_sequence,complete_us,88,master,final,10,207878.12299499998,198975.25101399998,8902.871981000004
cpu,NotoSerifSC-VF,2,text,reported_sequence,complete_us,88,master,final,11,223232.74299899998,199046.499997,24186.243001999974
cpu,NotoSerifSC-VF,2,text,reported_sequence,complete_us,88,master,final,12,214444.373003,200791.740011,13652.632991999999
cpu,NotoSerifSC-VF,2,text,reported_sequence,draw_us,88,master,final,1,216764.751995,201034.00100299998,15730.750992000016
cpu,NotoSerifSC-VF,2,text,reported_sequence,draw_us,88,master,final,2,222424.285005,202721.623006,19702.661999000004
cpu,NotoSerifSC-VF,2,text,reported_sequence,draw_us,88,master,final,3,209932.21401400003,197015.08598600002,12917.128028000006
cpu,NotoSerifSC-VF,2,text,reported_sequence,draw_us,88,master,final,4,210091.877003,203935.002011,6156.874991999997
cpu,NotoSerifSC-VF,2,text,reported_sequence,draw_us,88,master,final,5,210294.417991,197215.373017,13079.04497399999
cpu,NotoSerifSC-VF,2,text,reported_sequence,draw_us,88,master,final,6,209014.258997,197373.249001,11641.009996000008
cpu,NotoSerifSC-VF,2,text,reported_sequence,draw_us,88,master,final,7,209459.749997,196566.789001,12892.960996000009
cpu,NotoSerifSC-VF,2,text,reported_sequence,draw_us,88,master,final,8,213738.66899299997,195901.090003,17837.57898999998
cpu,NotoSerifSC-VF,2,text,reported_sequence,draw_us,88,master,final,9,207636.12300000002,196926.53999000002,10709.583010000002
cpu,NotoSerifSC-VF,2,text,reported_sequence,draw_us,88,master,final,10,207838.959995,198933.753003,8905.206992000021
cpu,NotoSerifSC-VF,2,text,reported_sequence,draw_us,88,master,final,11,223170.785013,199008.332007,24162.453005999996
cpu,NotoSerifSC-VF,2,text,reported_sequence,draw_us,88,master,final,12,214400.956003,200750.582993,13650.37301000001
cpu,NotoSerifSC-VF,2,text,reported_sequence,submit_us,88,master,final,1,216812.046989,201072.70800600003,15739.338982999965
cpu,NotoSerifSC-VF,2,text,reported_sequence,submit_us,88,master,final,2,222477.327986,202762.957987,19714.369998999988
cpu,NotoSerifSC-VF,2,text,reported_sequence,submit_us,88,master,final,3,209970.91899200002,197050.130998,12920.787994000013
cpu,NotoSerifSC-VF,2,text,reported_sequence,submit_us,88,master,final,4,210131.28601,203985.289994,6145.996016000019
cpu,NotoSerifSC-VF,2,text,reported_sequence,submit_us,88,master,final,5,210332.54799700002,197251.464993,13081.083004000015
cpu,NotoSerifSC-VF,2,text,reported_sequence,submit_us,88,master,final,6,209051.046987,197411.116982,11639.930005000002
cpu,NotoSerifSC-VF,2,text,reported_sequence,submit_us,88,master,final,7,209495.878013,196601.537999,12894.340014000016
cpu,NotoSerifSC-VF,2,text,reported_sequence,submit_us,88,master,final,8,213775.709991,195935.880004,17839.829987000005
cpu,NotoSerifSC-VF,2,text,reported_sequence,submit_us,88,master,final,9,207671.83899999998,196961.874994,10709.964005999966
cpu,NotoSerifSC-VF,2,text,reported_sequence,submit_us,88,master,final,10,207875.788999,198973.373991,8902.41500800001
cpu,NotoSerifSC-VF,2,text,reported_sequence,submit_us,88,master,final,11,223230.91099699997,199044.541999,24186.36899799996
cpu,NotoSerifSC-VF,2,text,reported_sequence,submit_us,88,master,final,12,214442.41501099998,200789.746019,13652.668991999963
cpu,NotoSerifSC-VF,2,text,size_advance,complete_us,12,master,final,1,13108.864583,12129.621583,979.2430000000004
cpu,NotoSerifSC-VF,2,text,size_advance,complete_us,12,master,final,2,13588.999833,12228.2395,1360.7603330000002
cpu,NotoSerifSC-VF,2,text,size_advance,complete_us,12,master,final,3,12684.514083,11851.79525,832.7188330000008
cpu,NotoSerifSC-VF,2,text,size_advance,complete_us,12,master,final,4,12734.3925,12302.656417,431.7360829999998
cpu,NotoSerifSC-VF,2,text,size_advance,complete_us,12,master,final,5,12749.305667,11838.555333,910.7503340000003
cpu,NotoSerifSC-VF,2,text,size_advance,complete_us,12,master,final,6,12652.132,11913.784583,738.347416999999
cpu,NotoSerifSC-VF,2,text,size_advance,complete_us,12,master,final,7,12695.732833,11822.180417,873.5524160000004
cpu,NotoSerifSC-VF,2,text,size_advance,complete_us,12,master,final,8,12935.430417,11819.18075,1116.249667
cpu,NotoSerifSC-VF,2,text,size_advance,complete_us,12,master,final,9,12560.121667,11843.347417,716.7742499999986
cpu,NotoSerifSC-VF,2,text,size_advance,complete_us,12,master,final,10,12624.819333,12006.121667,618.697666
cpu,NotoSerifSC-VF,2,text,size_advance,complete_us,12,master,final,11,13626.020667,11927.079667,1698.9410000000007
cpu,NotoSerifSC-VF,2,text,size_advance,complete_us,12,master,final,12,12980.052083,12064.232417,915.8196660000012
cpu,NotoSerifSC-VF,2,text,size_advance,draw_us,12,master,final,1,13107.48625,12128.732583,978.753666999999
cpu,NotoSerifSC-VF,2,text,size_advance,draw_us,12,master,final,2,13587.4895,12227.197833,1360.2916669999995
cpu,NotoSerifSC-VF,2,text,size_advance,draw_us,12,master,final,3,12683.833583,11851.15975,832.6738329999989
cpu,NotoSerifSC-VF,2,text,size_advance,draw_us,12,master,final,4,12733.677333,12301.336917,432.3404159999991
cpu,NotoSerifSC-VF,2,text,size_advance,draw_us,12,master,final,5,12748.5835,11837.916417,910.6670830000003
cpu,NotoSerifSC-VF,2,text,size_advance,draw_us,12,master,final,6,12651.5315,11913.14225,738.3892499999984
cpu,NotoSerifSC-VF,2,text,size_advance,draw_us,12,master,final,7,12695.03125,11821.593667,873.4375830000008
cpu,NotoSerifSC-VF,2,text,size_advance,draw_us,12,master,final,8,12934.787833,11818.5695,1116.2183330000007
cpu,NotoSerifSC-VF,2,text,size_advance,draw_us,12,master,final,9,12559.545,11842.64575,716.8992500000004
cpu,NotoSerifSC-VF,2,text,size_advance,draw_us,12,master,final,10,12624.131917,12005.215333,618.9165840000005
cpu,NotoSerifSC-VF,2,text,size_advance,draw_us,12,master,final,11,13624.020667,11926.444333,1697.5763340000012
cpu,NotoSerifSC-VF,2,text,size_advance,draw_us,12,master,final,12,12979.22925,12063.402833,915.8264170000002
cpu,NotoSerifSC-VF,2,text,size_advance,submit_us,12,master,final,1,13108.85075,12129.593833,979.2569169999988
cpu,NotoSerifSC-VF,2,text,size_advance,submit_us,12,master,final,2,13588.975583,12228.222083,1360.753499999999
cpu,NotoSerifSC-VF,2,text,size_advance,submit_us,12,master,final,3,12684.500083,11851.774417,832.7256660000003
cpu,NotoSerifSC-VF,2,text,size_advance,submit_us,12,master,final,4,12734.375083,12302.635417,431.7396660000013
cpu,NotoSerifSC-VF,2,text,size_advance,submit_us,12,master,final,5,12749.281333,11838.534583,910.7467500000002
cpu,NotoSerifSC-VF,2,text,size_advance,submit_us,12,master,final,6,12652.11475,11913.767083,738.347667
cpu,NotoSerifSC-VF,2,text,size_advance,submit_us,12,master,final,7,12695.718917,11822.166667,873.5522500000006
cpu,NotoSerifSC-VF,2,text,size_advance,submit_us,12,master,final,8,12935.405917,11819.17025,1116.2356670000008
cpu,NotoSerifSC-VF,2,text,size_advance,submit_us,12,master,final,9,12560.100833,11843.3265,716.7743330000012
cpu,NotoSerifSC-VF,2,text,size_advance,submit_us,12,master,final,10,12624.7985,12006.100667,618.6978330000002
cpu,NotoSerifSC-VF,2,text,size_advance,submit_us,12,master,final,11,13625.996333,11927.055417,1698.9409159999996
cpu,NotoSerifSC-VF,2,text,size_advance,submit_us,12,master,final,12,12980.024333,12064.222167,915.8021659999995
cpu,NotoSerifSC-VF,2,text,size_return,complete_us,12,master,final,1,291.215167,298.347167,-7.132000000000005
cpu,NotoSerifSC-VF,2,text,size_return,complete_us,12,master,final,2,292.77775,303.0315,-10.253749999999968
cpu,NotoSerifSC-VF,2,text,size_return,complete_us,12,master,final,3,284.437583,290.382,-5.944416999999987
cpu,NotoSerifSC-VF,2,text,size_return,complete_us,12,master,final,4,286.270833,297.26025,-10.989417000000003
cpu,NotoSerifSC-VF,2,text,size_return,complete_us,12,master,final,5,290.499917,292.15275,-1.6528330000000437
cpu,NotoSerifSC-VF,2,text,size_return,complete_us,12,master,final,6,289.4965,297.284583,-7.788082999999972
cpu,NotoSerifSC-VF,2,text,size_return,complete_us,12,master,final,7,285.194333,286.5245,-1.3301670000000172
cpu,NotoSerifSC-VF,2,text,size_return,complete_us,12,master,final,8,286.58675,286.396,0.19074999999998
cpu,NotoSerifSC-VF,2,text,size_return,complete_us,12,master,final,9,287.351,285.034833,2.316167000000007
cpu,NotoSerifSC-VF,2,text,size_return,complete_us,12,master,final,10,282.836833,292.02075,-9.183917000000008
cpu,NotoSerifSC-VF,2,text,size_return,complete_us,12,master,final,11,312.75325,302.295083,10.458167000000003
cpu,NotoSerifSC-VF,2,text,size_return,complete_us,12,master,final,12,295.885583,305.256917,-9.37133399999999
cpu,NotoSerifSC-VF,2,text,size_return,draw_us,12,master,final,1,290.65275,297.930583,-7.277832999999987
cpu,NotoSerifSC-VF,2,text,size_return,draw_us,12,master,final,2,292.35075,302.621583,-10.270832999999982
cpu,NotoSerifSC-VF,2,text,size_return,draw_us,12,master,final,3,283.986167,289.96525,-5.979083000000003
cpu,NotoSerifSC-VF,2,text,size_return,draw_us,12,master,final,4,285.85075,296.857833,-11.007083000000023
cpu,NotoSerifSC-VF,2,text,size_return,draw_us,12,master,final,5,290.076333,291.742917,-1.6665840000000003
cpu,NotoSerifSC-VF,2,text,size_return,draw_us,12,master,final,6,289.048583,296.8125,-7.763916999999992
cpu,NotoSerifSC-VF,2,text,size_return,draw_us,12,master,final,7,284.777833,286.107667,-1.3298340000000053
cpu,NotoSerifSC-VF,2,text,size_return,draw_us,12,master,final,8,286.142333,285.986333,0.1560000000000059
cpu,NotoSerifSC-VF,2,text,size_return,draw_us,12,master,final,9,286.909917,284.652917,2.257000000000005
cpu,NotoSerifSC-VF,2,text,size_return,draw_us,12,master,final,10,282.38875,291.38525,-8.996499999999969
cpu,NotoSerifSC-VF,2,text,size_return,draw_us,12,master,final,11,312.149333,301.864583,10.284750000000031
cpu,NotoSerifSC-VF,2,text,size_return,draw_us,12,master,final,12,295.454917,304.815917,-9.36099999999999
cpu,NotoSerifSC-VF,2,text,size_return,submit_us,12,master,final,1,291.190917,298.33675,-7.145832999999982
cpu,NotoSerifSC-VF,2,text,size_return,submit_us,12,master,final,2,292.767333,303.014083,-10.24675000000002
cpu,NotoSerifSC-VF,2,text,size_return,submit_us,12,master,final,3,284.413333,290.36475,-5.951416999999992
cpu,NotoSerifSC-VF,2,text,size_return,submit_us,12,master,final,4,286.250083,297.249917,-10.999833999999964
cpu,NotoSerifSC-VF,2,text,size_return,submit_us,12,master,final,5,290.475583,292.128583,-1.65300000000002
cpu,NotoSerifSC-VF,2,text,size_return,submit_us,12,master,final,6,289.479083,297.260333,-7.78125
cpu,NotoSerifSC-VF,2,text,size_return,submit_us,12,master,final,7,285.17025,286.503583,-1.333332999999982
cpu,NotoSerifSC-VF,2,text,size_return,submit_us,12,master,final,8,286.569333,286.375167,0.19416599999999562
cpu,NotoSerifSC-VF,2,text,size_return,submit_us,12,master,final,9,287.330083,285.0245,2.305583000000013
cpu,NotoSerifSC-VF,2,text,size_return,submit_us,12,master,final,10,282.815917,292.00325,-9.187332999999967
cpu,NotoSerifSC-VF,2,text,size_return,submit_us,12,master,final,11,312.729083,302.270667,10.458416
cpu,NotoSerifSC-VF,2,text,size_return,submit_us,12,master,final,12,295.864667,305.225667,-9.36099999999999
cpu,NotoSerifSC-VF,2,text,warm,complete_us,30,master,final,1,264.522167,267.043067,-2.5208999999999833
cpu,NotoSerifSC-VF,2,text,warm,complete_us,30,master,final,2,269.854133,268.1181,1.7360329999999635
cpu,NotoSerifSC-VF,2,text,warm,complete_us,30,master,final,3,259.625033,266.8806,-7.255567000000042
cpu,NotoSerifSC-VF,2,text,warm,complete_us,30,master,final,4,259.7571,268.459667,-8.702567000000045
cpu,NotoSerifSC-VF,2,text,warm,complete_us,30,master,final,5,260.4889,266.8721,-6.383199999999988
cpu,NotoSerifSC-VF,2,text,warm,complete_us,30,master,final,6,259.450067,268.884767,-9.43470000000002
cpu,NotoSerifSC-VF,2,text,warm,complete_us,30,master,final,7,262.538767,264.002833,-1.4640660000000025
cpu,NotoSerifSC-VF,2,text,warm,complete_us,30,master,final,8,259.0027,262.838933,-3.836232999999993
cpu,NotoSerifSC-VF,2,text,warm,complete_us,30,master,final,9,258.497233,266.819467,-8.32223399999998
cpu,NotoSerifSC-VF,2,text,warm,complete_us,30,master,final,10,257.105533,269.934633,-12.82910000000004
cpu,NotoSerifSC-VF,2,text,warm,complete_us,30,master,final,11,269.3833,270.427767,-1.0444669999999974
cpu,NotoSerifSC-VF,2,text,warm,complete_us,30,master,final,12,265.995767,274.7374,-8.741632999999979
cpu,NotoSerifSC-VF,2,text,warm,draw_us,30,master,final,1,264.163833,266.719467,-2.5556339999999977
cpu,NotoSerifSC-VF,2,text,warm,draw_us,30,master,final,2,269.5013,267.780533,1.7207670000000235
cpu,NotoSerifSC-VF,2,text,warm,draw_us,30,master,final,3,259.273667,266.555533,-7.281866000000036
cpu,NotoSerifSC-VF,2,text,warm,draw_us,30,master,final,4,259.405633,268.138867,-8.733233999999982
cpu,NotoSerifSC-VF,2,text,warm,draw_us,30,master,final,5,260.163867,266.548533,-6.384666000000038
cpu,NotoSerifSC-VF,2,text,warm,draw_us,30,master,final,6,259.1195,268.569433,-9.449932999999987
cpu,NotoSerifSC-VF,2,text,warm,draw_us,30,master,final,7,262.194367,263.676433,-1.4820659999999748
cpu,NotoSerifSC-VF,2,text,warm,draw_us,30,master,final,8,258.669433,262.512567,-3.8431339999999636
cpu,NotoSerifSC-VF,2,text,warm,draw_us,30,master,final,9,258.1528,266.499967,-8.347167000000013
cpu,NotoSerifSC-VF,2,text,warm,draw_us,30,master,final,10,256.754233,269.602633,-12.848400000000026
cpu,NotoSerifSC-VF,2,text,warm,draw_us,30,master,final,11,269.047233,270.0973,-1.0500670000000127
cpu,NotoSerifSC-VF,2,text,warm,draw_us,30,master,final,12,265.647233,274.397067,-8.749833999999964
cpu,NotoSerifSC-VF,2,text,warm,submit_us,30,master,final,1,264.4889,267.019467,-2.530567000000019
cpu,NotoSerifSC-VF,2,text,warm,submit_us,30,master,final,2,269.836033,268.0986,1.73743300000001
cpu,NotoSerifSC-VF,2,text,warm,submit_us,30,master,final,3,259.605667,266.863933,-7.258265999999992
cpu,NotoSerifSC-VF,2,text,warm,submit_us,30,master,final,4,259.736267,268.440267,-8.704000000000008
cpu,NotoSerifSC-VF,2,text,warm,submit_us,30,master,final,5,260.4722,266.852667,-6.38046700000001
cpu,NotoSerifSC-VF,2,text,warm,submit_us,30,master,final,6,259.4279,268.868067,-9.440166999999974
cpu,NotoSerifSC-VF,2,text,warm,submit_us,30,master,final,7,262.513867,263.980633,-1.466766000000007
cpu,NotoSerifSC-VF,2,text,warm,submit_us,30,master,final,8,258.9763,262.819433,-3.843133000000023
cpu,NotoSerifSC-VF,2,text,warm,submit_us,30,master,final,9,258.474967,266.7972,-8.322232999999983
cpu,NotoSerifSC-VF,2,text,warm,submit_us,30,master,final,10,257.088833,269.9096,-12.82076699999999
cpu,NotoSerifSC-VF,2,text,warm,submit_us,30,master,final,11,269.362467,270.4055,-1.0430330000000367
cpu,NotoSerifSC-VF,2,text,warm,submit_us,30,master,final,12,265.972133,274.713767,-8.741634000000033
cpu,NotoSerifSC-VF,2,text,x_advance,complete_us,10,master,final,1,445.3041,395.7374,49.566700000000026
cpu,NotoSerifSC-VF,2,text,x_advance,complete_us,10,master,final,2,451.2917,398.4791,52.812599999999975
cpu,NotoSerifSC-VF,2,text,x_advance,complete_us,10,master,final,3,427.6459,395.7041,31.9418
cpu,NotoSerifSC-VF,2,text,x_advance,complete_us,10,master,final,4,428.9624,400.0083,28.954099999999983
cpu,NotoSerifSC-VF,2,text,x_advance,complete_us,10,master,final,5,425.0042,393.4748,31.52940000000001
cpu,NotoSerifSC-VF,2,text,x_advance,complete_us,10,master,final,6,428.6293,397.5043,31.125
cpu,NotoSerifSC-VF,2,text,x_advance,complete_us,10,master,final,7,430.1998,393.7167,36.48309999999998
cpu,NotoSerifSC-VF,2,text,x_advance,complete_us,10,master,final,8,430.1583,388.9916,41.16669999999999
cpu,NotoSerifSC-VF,2,text,x_advance,complete_us,10,master,final,9,423.4792,394.4501,29.02909999999997
cpu,NotoSerifSC-VF,2,text,x_advance,complete_us,10,master,final,10,423.5915,395.4293,28.162199999999984
cpu,NotoSerifSC-VF,2,text,x_advance,complete_us,10,master,final,11,450.3208,401.5042,48.816599999999994
cpu,NotoSerifSC-VF,2,text,x_advance,complete_us,10,master,final,12,444.5084,408.8374,35.67099999999999
cpu,NotoSerifSC-VF,2,text,x_advance,draw_us,10,master,final,1,444.8916,395.3459,49.54570000000001
cpu,NotoSerifSC-VF,2,text,x_advance,draw_us,10,master,final,2,450.8415,398.1124,52.72910000000002
cpu,NotoSerifSC-VF,2,text,x_advance,draw_us,10,master,final,3,427.2377,395.3207,31.91700000000003
cpu,NotoSerifSC-VF,2,text,x_advance,draw_us,10,master,final,4,428.5666,399.5957,28.970899999999972
cpu,NotoSerifSC-VF,2,text,x_advance,draw_us,10,master,final,5,424.6208,393.0956,31.525199999999984
cpu,NotoSerifSC-VF,2,text,x_advance,draw_us,10,master,final,6,428.221,397.0957,31.12529999999998
cpu,NotoSerifSC-VF,2,text,x_advance,draw_us,10,master,final,7,429.8206,393.3417,36.47890000000001
cpu,NotoSerifSC-VF,2,text,x_advance,draw_us,10,master,final,8,429.7168,388.6167,41.1001
cpu,NotoSerifSC-VF,2,text,x_advance,draw_us,10,master,final,9,423.0918,394.0667,29.025099999999952
cpu,NotoSerifSC-VF,2,text,x_advance,draw_us,10,master,final,10,423.1542,395.0419,28.112300000000005
cpu,NotoSerifSC-VF,2,text,x_advance,draw_us,10,master,final,11,449.7874,401.1292,48.658199999999965
cpu,NotoSerifSC-VF,2,text,x_advance,draw_us,10,master,final,12,444.0792,408.4166,35.6626
cpu,NotoSerifSC-VF,2,text,x_advance,submit_us,10,master,final,1,445.2793,395.7124,49.566899999999976
cpu,NotoSerifSC-VF,2,text,x_advance,submit_us,10,master,final,2,451.275,398.4666,52.80839999999995
cpu,NotoSerifSC-VF,2,text,x_advance,submit_us,10,master,final,3,427.6251,395.6833,31.9418
cpu,NotoSerifSC-VF,2,text,x_advance,submit_us,10,master,final,4,428.9499,399.9832,28.966700000000003
cpu,NotoSerifSC-VF,2,text,x_advance,submit_us,10,master,final,5,424.9833,393.4375,31.545799999999986
cpu,NotoSerifSC-VF,2,text,x_advance,submit_us,10,master,final,6,428.6045,397.4959,31.108599999999967
cpu,NotoSerifSC-VF,2,text,x_advance,submit_us,10,master,final,7,430.1749,393.6958,36.47909999999996
cpu,NotoSerifSC-VF,2,text,x_advance,submit_us,10,master,final,8,430.1457,388.9749,41.170799999999986
cpu,NotoSerifSC-VF,2,text,x_advance,submit_us,10,master,final,9,423.45,394.425,29.024999999999977
cpu,NotoSerifSC-VF,2,text,x_advance,submit_us,10,master,final,10,423.5624,395.4126,28.149800000000027
cpu,NotoSerifSC-VF,2,text,x_advance,submit_us,10,master,final,11,450.2959,401.4876,48.80830000000003
cpu,NotoSerifSC-VF,2,text,x_advance,submit_us,10,master,final,12,444.4876,408.7959,35.69169999999997
cpu,NotoSerifSC-VF,2,text,x_return,complete_us,10,master,final,1,273.2041,269.7874,3.4166999999999916
cpu,NotoSerifSC-VF,2,text,x_return,complete_us,10,master,final,2,271.979,271.4165,0.5625
cpu,NotoSerifSC-VF,2,text,x_return,complete_us,10,master,final,3,266.879,272.9001,-6.02109999999999
cpu,NotoSerifSC-VF,2,text,x_return,complete_us,10,master,final,4,267.0792,278.2582,-11.178999999999974
cpu,NotoSerifSC-VF,2,text,x_return,complete_us,10,master,final,5,266.9498,271.2542,-4.304400000000044
cpu,NotoSerifSC-VF,2,text,x_return,complete_us,10,master,final,6,267.1211,272.4624,-5.34129999999999
cpu,NotoSerifSC-VF,2,text,x_return,complete_us,10,master,final,7,265.8208,271.1789,-5.358099999999979
cpu,NotoSerifSC-VF,2,text,x_return,complete_us,10,master,final,8,265.8999,268.4958,-2.595899999999972
cpu,NotoSerifSC-VF,2,text,x_return,complete_us,10,master,final,9,263.096,270.7415,-7.64549999999997
cpu,NotoSerifSC-VF,2,text,x_return,complete_us,10,master,final,10,264.525,270.8457,-6.320700000000045
cpu,NotoSerifSC-VF,2,text,x_return,complete_us,10,master,final,11,280.5457,271.3627,9.182999999999993
cpu,NotoSerifSC-VF,2,text,x_return,complete_us,10,master,final,12,274.3623,278.7833,-4.420999999999992
cpu,NotoSerifSC-VF,2,text,x_return,draw_us,10,master,final,1,272.8291,269.425,3.4040999999999713
cpu,NotoSerifSC-VF,2,text,x_return,draw_us,10,master,final,2,271.5956,271.0414,0.5541999999999803
cpu,NotoSerifSC-VF,2,text,x_return,draw_us,10,master,final,3,266.4833,272.5416,-6.058300000000031
cpu,NotoSerifSC-VF,2,text,x_return,draw_us,10,master,final,4,266.6917,277.8916,-11.199899999999957
cpu,NotoSerifSC-VF,2,text,x_return,draw_us,10,master,final,5,266.6,270.8958,-4.295799999999986
cpu,NotoSerifSC-VF,2,text,x_return,draw_us,10,master,final,6,266.7419,272.0873,-5.345400000000041
cpu,NotoSerifSC-VF,2,text,x_return,draw_us,10,master,final,7,265.4626,270.7831,-5.320499999999981
cpu,NotoSerifSC-VF,2,text,x_return,draw_us,10,master,final,8,265.5208,268.1374,-2.6166000000000054
cpu,NotoSerifSC-VF,2,text,x_return,draw_us,10,master,final,9,262.7377,270.3917,-7.653999999999996
cpu,NotoSerifSC-VF,2,text,x_return,draw_us,10,master,final,10,264.1667,270.4999,-6.3332000000000335
cpu,NotoSerifSC-VF,2,text,x_return,draw_us,10,master,final,11,280.1333,270.9917,9.14160000000004
cpu,NotoSerifSC-VF,2,text,x_return,draw_us,10,master,final,12,273.9873,278.3958,-4.408500000000004
cpu,NotoSerifSC-VF,2,text,x_return,submit_us,10,master,final,1,273.1916,269.7664,3.425200000000018
cpu,NotoSerifSC-VF,2,text,x_return,submit_us,10,master,final,2,271.9582,271.3957,0.5625
cpu,NotoSerifSC-VF,2,text,x_return,submit_us,10,master,final,3,266.8541,272.8791,-6.024999999999977
cpu,NotoSerifSC-VF,2,text,x_return,submit_us,10,master,final,4,267.0626,278.2374,-11.174800000000005
cpu,NotoSerifSC-VF,2,text,x_return,submit_us,10,master,final,5,266.9289,271.2418,-4.312900000000013
cpu,NotoSerifSC-VF,2,text,x_return,submit_us,10,master,final,6,267.096,272.4376,-5.341599999999971
cpu,NotoSerifSC-VF,2,text,x_return,submit_us,10,master,final,7,265.8043,271.1705,-5.366199999999992
cpu,NotoSerifSC-VF,2,text,x_return,submit_us,10,master,final,8,265.875,268.4668,-2.591799999999978
cpu,NotoSerifSC-VF,2,text,x_return,submit_us,10,master,final,9,263.0835,270.7208,-7.637299999999982
cpu,NotoSerifSC-VF,2,text,x_return,submit_us,10,master,final,10,264.4998,270.8374,-6.337600000000009
cpu,NotoSerifSC-VF,2,text,x_return,submit_us,10,master,final,11,280.5291,271.3337,9.195400000000006
cpu,NotoSerifSC-VF,2,text,x_return,submit_us,10,master,final,12,274.3498,278.7667,-4.416899999999998
cpu,NotoSerifSC-VF,2,text,y_advance,complete_us,10,master,final,1,274.1667,268.0333,6.133399999999995
cpu,NotoSerifSC-VF,2,text,y_advance,complete_us,10,master,final,2,266.8541,268.5086,-1.6544999999999845
cpu,NotoSerifSC-VF,2,text,y_advance,complete_us,10,master,final,3,259.1626,268.2794,-9.116800000000012
cpu,NotoSerifSC-VF,2,text,y_advance,complete_us,10,master,final,4,260.1291,267.171,-7.041899999999998
cpu,NotoSerifSC-VF,2,text,y_advance,complete_us,10,master,final,5,260.2957,265.4667,-5.170999999999992
cpu,NotoSerifSC-VF,2,text,y_advance,complete_us,10,master,final,6,258.571,260.9792,-2.4081999999999653
cpu,NotoSerifSC-VF,2,text,y_advance,complete_us,10,master,final,7,261.7836,264.704,-2.920400000000029
cpu,NotoSerifSC-VF,2,text,y_advance,complete_us,10,master,final,8,257.4249,262.9082,-5.4833000000000425
cpu,NotoSerifSC-VF,2,text,y_advance,complete_us,10,master,final,9,259.9583,267.8541,-7.895800000000008
cpu,NotoSerifSC-VF,2,text,y_advance,complete_us,10,master,final,10,254.5752,262.725,-8.149800000000027
cpu,NotoSerifSC-VF,2,text,y_advance,complete_us,10,master,final,11,271.3624,267.2419,4.120499999999993
cpu,NotoSerifSC-VF,2,text,y_advance,complete_us,10,master,final,12,267.9333,273.4378,-5.504500000000007
cpu,NotoSerifSC-VF,2,text,y_advance,draw_us,10,master,final,1,273.7375,267.6916,6.045900000000017
cpu,NotoSerifSC-VF,2,text,y_advance,draw_us,10,master,final,2,266.4832,268.1792,-1.6959999999999695
cpu,NotoSerifSC-VF,2,text,y_advance,draw_us,10,master,final,3,258.7958,267.9582,-9.162399999999991
cpu,NotoSerifSC-VF,2,text,y_advance,draw_us,10,master,final,4,259.7834,266.8502,-7.066800000000001
cpu,NotoSerifSC-VF,2,text,y_advance,draw_us,10,master,final,5,259.9666,265.0958,-5.129199999999969
cpu,NotoSerifSC-VF,2,text,y_advance,draw_us,10,master,final,6,258.2334,260.6584,-2.4249999999999545
cpu,NotoSerifSC-VF,2,text,y_advance,draw_us,10,master,final,7,261.4417,264.379,-2.9372999999999934
cpu,NotoSerifSC-VF,2,text,y_advance,draw_us,10,master,final,8,257.0831,262.5707,-5.487599999999986
cpu,NotoSerifSC-VF,2,text,y_advance,draw_us,10,master,final,9,259.6166,267.5165,-7.899900000000002
cpu,NotoSerifSC-VF,2,text,y_advance,draw_us,10,master,final,10,254.2417,262.2958,-8.054099999999977
cpu,NotoSerifSC-VF,2,text,y_advance,draw_us,10,master,final,11,271.0,266.9125,4.087499999999977
cpu,NotoSerifSC-VF,2,text,y_advance,draw_us,10,master,final,12,267.5707,273.0919,-5.521200000000022
cpu,NotoSerifSC-VF,2,text,y_advance,submit_us,10,master,final,1,274.1459,268.0,6.145899999999983
cpu,NotoSerifSC-VF,2,text,y_advance,submit_us,10,master,final,2,266.8376,268.4919,-1.654299999999978
cpu,NotoSerifSC-VF,2,text,y_advance,submit_us,10,master,final,3,259.1459,268.2542,-9.108300000000042
cpu,NotoSerifSC-VF,2,text,y_advance,submit_us,10,master,final,4,260.1043,267.1501,-7.045799999999986
cpu,NotoSerifSC-VF,2,text,y_advance,submit_us,10,master,final,5,260.2833,265.4457,-5.162399999999991
cpu,NotoSerifSC-VF,2,text,y_advance,submit_us,10,master,final,6,258.5542,260.9626,-2.4084000000000287
cpu,NotoSerifSC-VF,2,text,y_advance,submit_us,10,master,final,7,261.767,264.6832,-2.9162000000000035
cpu,NotoSerifSC-VF,2,text,y_advance,submit_us,10,master,final,8,257.3955,262.8749,-5.479399999999998
cpu,NotoSerifSC-VF,2,text,y_advance,submit_us,10,master,final,9,259.9334,267.8249,-7.891500000000008
cpu,NotoSerifSC-VF,2,text,y_advance,submit_us,10,master,final,10,254.5461,262.7082,-8.162099999999981
cpu,NotoSerifSC-VF,2,text,y_advance,submit_us,10,master,final,11,271.3458,267.2251,4.120699999999999
cpu,NotoSerifSC-VF,2,text,y_advance,submit_us,10,master,final,12,267.9126,273.4168,-5.504200000000026
