block,locale,font,version,scene,phase,trial,frames,draw_us,submit_us,complete_us,new_atlas_entries
1,en,Rye-Regular,master,demo,first_paint,0,1,13779.875000,13786.333000,13786.375000,274
1,en,Rye-Regular,master,demo,warm,0,30,244.220800,246.092967,246.137500,0
1,en,Rye-Regular,master,demo,zoom_in,0,12,5944.413333,5945.694583,5945.712000,2938
1,en,Rye-Regular,master,demo,zoom_out,0,12,3841.899417,3843.187583,3843.211750,1945
1,en,Rye-Regular,master,demo,pan,0,10,210.200000,211.850000,211.866600,0
1,en,Rye-Regular,master,demo,first_paint,1,1,6009.542000,6011.709000,6011.709000,274
1,en,Rye-Regular,master,demo,warm,1,30,207.104200,208.829233,208.866667,0
1,en,Rye-Regular,master,demo,zoom_in,1,12,5739.829917,5741.083583,5741.107917,2938
1,en,Rye-Regular,master,demo,zoom_out,1,12,3878.972167,3880.569167,3880.586667,1945
1,en,Rye-Regular,master,demo,pan,1,10,215.316700,216.962400,216.983400,0
1,en,Rye-Regular,master,demo,first_paint,2,1,6015.500000,6017.583000,6017.625000,274
1,en,Rye-Regular,master,demo,warm,2,30,204.836133,206.439000,206.473667,0
1,en,Rye-Regular,master,demo,zoom_in,2,12,5720.326417,5721.528000,5721.538417,2938
1,en,Rye-Regular,master,demo,zoom_out,2,12,3752.472250,3753.875000,3753.895833,1945
1,en,Rye-Regular,master,demo,pan,2,10,205.395800,207.029300,207.037600,0
1,en,Rye-Regular,master,demo,first_paint,3,1,5965.625000,5967.834000,5967.875000,274
1,en,Rye-Regular,master,demo,warm,3,30,205.143000,206.804200,206.841600,0
1,en,Rye-Regular,master,demo,zoom_in,3,12,5719.572750,5720.826417,5720.854167,2938
1,en,Rye-Regular,master,demo,zoom_out,3,12,3795.645750,3797.027750,3797.055333,1945
1,en,Rye-Regular,master,demo,pan,3,10,210.191400,211.783100,211.799900,0
1,en,Rye-Regular,master,demo,first_paint,4,1,6017.792000,6019.750000,6019.792000,274
1,en,Rye-Regular,master,demo,warm,4,30,218.494433,220.082067,220.119433,0
1,en,Rye-Regular,master,demo,zoom_in,4,12,5726.454833,5727.781167,5727.802000,2938
1,en,Rye-Regular,master,demo,zoom_out,4,12,3801.763667,3803.048333,3803.058750,1945
1,en,Rye-Regular,master,demo,pan,4,10,208.070800,209.616500,209.633200,0
1,en,Rye-Regular,final,demo,first_paint,0,1,7312.542000,7344.792000,7344.833000,274
1,en,Rye-Regular,final,demo,warm,0,30,242.673700,244.590333,244.630567,0
1,en,Rye-Regular,final,demo,zoom_in,0,12,3507.260417,3508.573000,3508.583417,2938
1,en,Rye-Regular,final,demo,zoom_out,0,12,2191.180583,2192.562500,2192.576333,1945
1,en,Rye-Regular,final,demo,pan,0,10,213.545800,215.237400,215.254100,0
1,en,Rye-Regular,final,demo,first_paint,1,1,3518.666000,3520.875000,3520.916000,274
1,en,Rye-Regular,final,demo,warm,1,30,219.850000,221.558267,221.597200,0
1,en,Rye-Regular,final,demo,zoom_in,1,12,3376.041500,3377.749917,3377.774333,2938
1,en,Rye-Regular,final,demo,zoom_out,1,12,2165.763917,2167.076333,2167.093833,1945
1,en,Rye-Regular,final,demo,pan,1,10,218.408300,220.087400,220.112500,0
1,en,Rye-Regular,final,demo,first_paint,2,1,3460.375000,3463.625000,3463.666000,274
1,en,Rye-Regular,final,demo,warm,2,30,202.986233,204.462533,204.496000,0
1,en,Rye-Regular,final,demo,zoom_in,2,12,3286.677167,3287.958250,3287.975667,2938
1,en,Rye-Regular,final,demo,zoom_out,2,12,2182.968667,2184.260417,2184.274250,1945
1,en,Rye-Regular,final,demo,pan,2,10,208.683300,210.258200,210.266500,0
1,en,Rye-Regular,final,demo,first_paint,3,1,3508.875000,3511.000000,3511.000000,274
1,en,Rye-Regular,final,demo,warm,3,30,205.820933,207.429233,207.463900,0
1,en,Rye-Regular,final,demo,zoom_in,3,12,3286.645917,3287.871500,3287.881833,2938
1,en,Rye-Regular,final,demo,zoom_out,3,12,2183.729167,2185.093667,2185.114500,1945
1,en,Rye-Regular,final,demo,pan,3,10,248.116700,250.091700,250.116600,0
1,en,Rye-Regular,final,demo,first_paint,4,1,3695.292000,3697.500000,3697.500000,274
1,en,Rye-Regular,final,demo,warm,4,30,215.330467,217.015200,217.052600,0
1,en,Rye-Regular,final,demo,zoom_in,4,12,3279.399250,3280.624917,3280.642250,2938
1,en,Rye-Regular,final,demo,zoom_out,4,12,2194.892333,2196.176917,2196.197750,1945
1,en,Rye-Regular,final,demo,pan,4,10,212.425000,214.054200,214.070900,0
1,en,Rye-Regular,no_retention,demo,first_paint,0,1,9922.625000,9926.709000,9926.750000,274
1,en,Rye-Regular,no_retention,demo,warm,0,30,233.934867,235.634800,235.654233,0
1,en,Rye-Regular,no_retention,demo,zoom_in,0,12,5727.965417,5729.187583,5729.201500,2938
1,en,Rye-Regular,no_retention,demo,zoom_out,0,12,3795.843833,3797.173583,3797.191083,1945
1,en,Rye-Regular,no_retention,demo,pan,0,10,216.275100,217.941600,217.958300,0
1,en,Rye-Regular,no_retention,demo,first_paint,1,1,6125.125000,6127.125000,6127.167000,274
1,en,Rye-Regular,no_retention,demo,warm,1,30,210.001533,211.651467,211.673733,0
1,en,Rye-Regular,no_retention,demo,zoom_in,1,12,5837.225583,5838.711667,5838.718583,2938
1,en,Rye-Regular,no_retention,demo,zoom_out,1,12,3800.808833,3802.194250,3802.215167,1945
1,en,Rye-Regular,no_retention,demo,pan,1,10,211.641800,213.258300,213.275100,0
1,en,Rye-Regular,no_retention,demo,first_paint,2,1,6035.667000,6037.709000,6037.750000,274
1,en,Rye-Regular,no_retention,demo,warm,2,30,208.040200,209.836000,209.858233,0
1,en,Rye-Regular,no_retention,demo,zoom_in,2,12,5725.926917,5727.191000,5727.211833,2938
1,en,Rye-Regular,no_retention,demo,zoom_out,2,12,3830.378500,3831.875083,3831.902750,1945
1,en,Rye-Regular,no_retention,demo,pan,2,10,210.804300,212.504500,212.533400,0
1,en,Rye-Regular,no_retention,demo,first_paint,3,1,5961.250000,5963.250000,5963.292000,274
1,en,Rye-Regular,no_retention,demo,warm,3,30,207.487433,209.001400,209.018067,0
1,en,Rye-Regular,no_retention,demo,zoom_in,3,12,5717.767333,5718.986083,5719.007083,2938
1,en,Rye-Regular,no_retention,demo,zoom_out,3,12,3784.333417,3785.611167,3785.632000,1945
1,en,Rye-Regular,no_retention,demo,pan,3,10,209.104000,210.712300,210.729100,0
1,en,Rye-Regular,no_retention,demo,first_paint,4,1,6053.459000,6055.542000,6055.542000,274
1,en,Rye-Regular,no_retention,demo,warm,4,30,204.868200,206.425100,206.441700,0
1,en,Rye-Regular,no_retention,demo,zoom_in,4,12,5770.465333,5771.729250,5771.756917,2938
1,en,Rye-Regular,no_retention,demo,zoom_out,4,12,3778.388833,3779.687417,3779.708167,1945
1,en,Rye-Regular,no_retention,demo,pan,4,10,209.312500,210.875000,210.891800,0
1,en,Vollkorn-Medium,master,demo,first_paint,0,1,6630.041000,6634.041000,6634.041000,269
1,en,Vollkorn-Medium,master,demo,warm,0,30,210.913800,212.444367,212.458333,0
1,en,Vollkorn-Medium,master,demo,zoom_in,0,12,5915.267417,5916.704917,5916.729167,2877
1,en,Vollkorn-Medium,master,demo,zoom_out,0,12,3842.559167,3844.031417,3844.052167,1956
1,en,Vollkorn-Medium,master,demo,pan,0,10,212.174900,213.770700,213.787400,0
1,en,Vollkorn-Medium,master,demo,first_paint,1,1,6292.042000,6294.000000,6294.042000,269
1,en,Vollkorn-Medium,master,demo,warm,1,30,198.631867,200.134667,200.155433,0
1,en,Vollkorn-Medium,master,demo,zoom_in,1,12,6008.447833,6010.201250,6010.232500,2877
1,en,Vollkorn-Medium,master,demo,zoom_out,1,12,3884.704917,3886.114667,3886.138917,1956
1,en,Vollkorn-Medium,master,demo,pan,1,10,208.991700,210.666500,210.679100,0
1,en,Vollkorn-Medium,master,demo,first_paint,2,1,6306.792000,6309.000000,6309.042000,269
1,en,Vollkorn-Medium,master,demo,warm,2,30,198.295967,199.823633,199.843100,0
1,en,Vollkorn-Medium,master,demo,zoom_in,2,12,5846.840500,5848.097417,5848.118250,2877
1,en,Vollkorn-Medium,master,demo,zoom_out,2,12,3867.059167,3868.455083,3868.475917,1956
1,en,Vollkorn-Medium,master,demo,pan,2,10,203.979400,205.729400,205.754400,0
1,en,Vollkorn-Medium,master,demo,first_paint,3,1,6227.708000,6230.083000,6230.083000,269
1,en,Vollkorn-Medium,master,demo,warm,3,30,205.913833,207.588900,207.606867,0
1,en,Vollkorn-Medium,master,demo,zoom_in,3,12,5811.027833,5812.222167,5812.232667,2877
1,en,Vollkorn-Medium,master,demo,zoom_out,3,12,3836.055417,3837.829750,3837.864583,1956
1,en,Vollkorn-Medium,master,demo,pan,3,10,204.366700,205.991700,206.012500,0
1,en,Vollkorn-Medium,master,demo,first_paint,4,1,6150.666000,6153.000000,6153.041000,269
1,en,Vollkorn-Medium,master,demo,warm,4,30,198.719433,200.308333,200.324967,0
1,en,Vollkorn-Medium,master,demo,zoom_in,4,12,5824.343750,5825.527750,5825.552083,2877
1,en,Vollkorn-Medium,master,demo,zoom_out,4,12,3789.267583,3790.472500,3790.493417,1956
1,en,Vollkorn-Medium,master,demo,pan,4,10,204.729200,206.304200,206.320900,0
1,en,Vollkorn-Medium,final,demo,first_paint,0,1,4512.042000,4517.500000,4517.500000,269
1,en,Vollkorn-Medium,final,demo,warm,0,30,210.413800,211.977767,212.005567,0
1,en,Vollkorn-Medium,final,demo,zoom_in,0,12,3975.722167,3977.090333,3977.121583,2877
1,en,Vollkorn-Medium,final,demo,zoom_out,0,12,2464.698000,2466.138917,2466.170167,1956
1,en,Vollkorn-Medium,final,demo,pan,0,10,211.070800,212.595800,212.612500,0
1,en,Vollkorn-Medium,final,demo,first_paint,1,1,4326.875000,4328.958000,4328.958000,269
1,en,Vollkorn-Medium,final,demo,warm,1,30,200.418033,202.027833,202.048633,0
1,en,Vollkorn-Medium,final,demo,zoom_in,1,12,3865.378417,3866.552000,3866.579833,2877
1,en,Vollkorn-Medium,final,demo,zoom_out,1,12,2457.024167,2458.308917,2458.326333,1956
1,en,Vollkorn-Medium,final,demo,pan,1,10,202.866800,204.470900,204.483300,0
1,en,Vollkorn-Medium,final,demo,first_paint,2,1,4192.458000,4194.416000,4194.416000,269
1,en,Vollkorn-Medium,final,demo,warm,2,30,196.229233,197.781967,197.794467,0
1,en,Vollkorn-Medium,final,demo,zoom_in,2,12,3867.941167,3869.128667,3869.149583,2877
1,en,Vollkorn-Medium,final,demo,zoom_out,2,12,2452.527667,2453.801917,2453.829750,1956
1,en,Vollkorn-Medium,final,demo,pan,2,10,206.970900,208.654200,208.674900,0
1,en,Vollkorn-Medium,final,demo,first_paint,3,1,4137.708000,4139.708000,4139.708000,269
1,en,Vollkorn-Medium,final,demo,warm,3,30,201.390133,203.029000,203.048500,0
1,en,Vollkorn-Medium,final,demo,zoom_in,3,12,3856.649250,3857.847250,3857.868083,2877
1,en,Vollkorn-Medium,final,demo,zoom_out,3,12,2456.152667,2457.427083,2457.444417,1956
1,en,Vollkorn-Medium,final,demo,pan,3,10,206.720800,208.312400,208.333300,0
1,en,Vollkorn-Medium,final,demo,first_paint,4,1,4139.916000,4141.583000,4141.625000,269
1,en,Vollkorn-Medium,final,demo,warm,4,30,205.832000,207.337600,207.365200,0
1,en,Vollkorn-Medium,final,demo,zoom_in,4,12,3916.347167,3917.534750,3917.559000,2877
1,en,Vollkorn-Medium,final,demo,zoom_out,4,12,2442.253500,2443.576500,2443.597417,1956
1,en,Vollkorn-Medium,final,demo,pan,4,10,204.908400,206.425200,206.446000,0
1,en,Vollkorn-Medium,no_retention,demo,first_paint,0,1,6733.250000,6737.500000,6737.500000,269
1,en,Vollkorn-Medium,no_retention,demo,warm,0,30,210.484700,211.994533,212.009767,0
1,en,Vollkorn-Medium,no_retention,demo,zoom_in,0,12,5863.295000,5864.524167,5864.538083,2877
1,en,Vollkorn-Medium,no_retention,demo,zoom_out,0,12,3769.461750,3770.767083,3770.784583,1956
1,en,Vollkorn-Medium,no_retention,demo,pan,0,10,212.629300,214.208600,214.225300,0
1,en,Vollkorn-Medium,no_retention,demo,first_paint,1,1,6286.250000,6289.042000,6289.042000,269
1,en,Vollkorn-Medium,no_retention,demo,warm,1,30,207.298600,208.854300,208.869500,0
1,en,Vollkorn-Medium,no_retention,demo,zoom_in,1,12,5867.263917,5868.670167,5868.691000,2877
1,en,Vollkorn-Medium,no_retention,demo,zoom_out,1,12,3832.562333,3833.909583,3833.923500,1956
1,en,Vollkorn-Medium,no_retention,demo,pan,1,10,210.645900,212.283400,212.308300,0
1,en,Vollkorn-Medium,no_retention,demo,first_paint,2,1,6301.958000,6304.041000,6304.041000,269
1,en,Vollkorn-Medium,no_retention,demo,warm,2,30,202.436100,203.909900,203.930667,0
1,en,Vollkorn-Medium,no_retention,demo,zoom_in,2,12,5814.590333,5815.857500,5815.874833,2877
1,en,Vollkorn-Medium,no_retention,demo,zoom_out,2,12,3825.215250,3826.593750,3826.611167,1956
1,en,Vollkorn-Medium,no_retention,demo,pan,2,10,205.258300,206.895800,206.908400,0
1,en,Vollkorn-Medium,no_retention,demo,first_paint,3,1,6169.916000,6172.000000,6172.041000,269
1,en,Vollkorn-Medium,no_retention,demo,warm,3,30,199.674967,201.116733,201.138933,0
1,en,Vollkorn-Medium,no_retention,demo,zoom_in,3,12,5772.284750,5773.409750,5773.420167,2877
1,en,Vollkorn-Medium,no_retention,demo,zoom_out,3,12,3788.465417,3789.670250,3789.684167,1956
1,en,Vollkorn-Medium,no_retention,demo,pan,3,10,210.545600,212.178900,212.199900,0
1,en,Vollkorn-Medium,no_retention,demo,first_paint,4,1,6302.000000,6304.292000,6304.292000,269
1,en,Vollkorn-Medium,no_retention,demo,warm,4,30,209.117967,210.630533,210.647167,0
1,en,Vollkorn-Medium,no_retention,demo,zoom_in,4,12,5827.965250,5829.076333,5829.090167,2877
1,en,Vollkorn-Medium,no_retention,demo,zoom_out,4,12,3791.434333,3792.691167,3792.712000,1956
1,en,Vollkorn-Medium,no_retention,demo,pan,4,10,207.445900,209.062600,209.079400,0
1,en,NanumMyeongjo-Regular,master,demo,first_paint,0,1,1885.709000,1889.625000,1889.625000,275
1,en,NanumMyeongjo-Regular,master,demo,warm,0,30,210.695833,212.329267,212.351433,0
1,en,NanumMyeongjo-Regular,master,demo,zoom_in,0,12,1539.048667,1540.205000,1540.225750,2919
1,en,NanumMyeongjo-Regular,master,demo,zoom_out,0,12,1021.812667,1023.198000,1023.222250,1925
1,en,NanumMyeongjo-Regular,master,demo,pan,0,10,210.754100,212.404300,212.425100,0
1,en,NanumMyeongjo-Regular,master,demo,first_paint,1,1,1544.125000,1545.958000,1546.000000,275
1,en,NanumMyeongjo-Regular,master,demo,warm,1,30,206.490367,208.157133,208.176533,0
1,en,NanumMyeongjo-Regular,master,demo,zoom_in,1,12,1516.784667,1517.986083,1518.003500,2919
1,en,NanumMyeongjo-Regular,master,demo,zoom_out,1,12,1012.829750,1014.138833,1014.159667,1925
1,en,NanumMyeongjo-Regular,master,demo,pan,1,10,204.799700,206.449800,206.470600,0
1,en,NanumMyeongjo-Regular,master,demo,first_paint,2,1,1566.458000,1568.333000,1568.375000,275
1,en,NanumMyeongjo-Regular,master,demo,warm,2,30,203.523600,205.198533,205.219433,0
1,en,NanumMyeongjo-Regular,master,demo,zoom_in,2,12,1482.322917,1483.461667,1483.485917,2919
1,en,NanumMyeongjo-Regular,master,demo,zoom_out,2,12,1016.881833,1018.305583,1018.329833,1925
1,en,NanumMyeongjo-Regular,master,demo,pan,2,10,201.958400,203.475000,203.487600,0
1,en,NanumMyeongjo-Regular,master,demo,first_paint,3,1,1550.709000,1552.667000,1552.667000,275
1,en,NanumMyeongjo-Regular,master,demo,warm,3,30,198.066500,199.508233,199.531900,0
1,en,NanumMyeongjo-Regular,master,demo,zoom_in,3,12,1463.955000,1465.021000,1465.048667,2919
1,en,NanumMyeongjo-Regular,master,demo,zoom_out,3,12,1003.972250,1005.218750,1005.236083,1925
1,en,NanumMyeongjo-Regular,master,demo,pan,3,10,207.912600,209.583600,209.604200,0
1,en,NanumMyeongjo-Regular,master,demo,first_paint,4,1,1497.625000,1499.416000,1499.458000,275
1,en,NanumMyeongjo-Regular,master,demo,warm,4,30,201.180600,202.768133,202.786167,0
1,en,NanumMyeongjo-Regular,master,demo,zoom_in,4,12,1477.416667,1478.482583,1478.499833,2919
1,en,NanumMyeongjo-Regular,master,demo,zoom_out,4,12,998.531333,999.732667,999.757083,1925
1,en,NanumMyeongjo-Regular,master,demo,pan,4,10,206.724900,208.308300,208.325000,0
1,en,NanumMyeongjo-Regular,final,demo,first_paint,0,1,1649.000000,1654.459000,1654.500000,275
1,en,NanumMyeongjo-Regular,final,demo,warm,0,30,211.673633,213.308333,213.329200,0
1,en,NanumMyeongjo-Regular,final,demo,zoom_in,0,12,1275.739667,1276.962000,1276.979333,2919
1,en,NanumMyeongjo-Regular,final,demo,zoom_out,0,12,861.402750,862.694583,862.708500,1925
1,en,NanumMyeongjo-Regular,final,demo,pan,0,10,210.520800,212.220700,212.254000,0
1,en,NanumMyeongjo-Regular,final,demo,first_paint,1,1,1288.792000,1291.083000,1291.083000,275
1,en,NanumMyeongjo-Regular,final,demo,warm,1,30,223.594500,225.419467,225.439033,0
1,en,NanumMyeongjo-Regular,final,demo,zoom_in,1,12,1348.305417,1349.666750,1349.687417,2919
1,en,NanumMyeongjo-Regular,final,demo,zoom_out,1,12,885.836583,887.249833,887.277667,1925
1,en,NanumMyeongjo-Regular,final,demo,pan,1,10,217.962300,219.824900,219.849900,0
1,en,NanumMyeongjo-Regular,final,demo,first_paint,2,1,1378.834000,1381.125000,1381.125000,275
1,en,NanumMyeongjo-Regular,final,demo,warm,2,30,203.784600,205.437400,205.459633,0
1,en,NanumMyeongjo-Regular,final,demo,zoom_in,2,12,1223.590250,1224.770750,1224.798583,2919
1,en,NanumMyeongjo-Regular,final,demo,zoom_out,2,12,854.350667,855.697750,855.725667,1925
1,en,NanumMyeongjo-Regular,final,demo,pan,2,10,211.399900,213.041600,213.066800,0
1,en,NanumMyeongjo-Regular,final,demo,first_paint,3,1,1270.708000,1272.750000,1272.792000,275
1,en,NanumMyeongjo-Regular,final,demo,warm,3,30,205.482000,207.091833,207.115300,0
1,en,NanumMyeongjo-Regular,final,demo,zoom_in,3,12,1304.010500,1305.253417,1305.274333,2919
1,en,NanumMyeongjo-Regular,final,demo,zoom_out,3,12,987.253417,988.739583,988.757000,1925
1,en,NanumMyeongjo-Regular,final,demo,pan,3,10,201.699900,203.262400,203.283200,0
1,en,NanumMyeongjo-Regular,final,demo,first_paint,4,1,1316.875000,1318.792000,1318.792000,275
1,en,NanumMyeongjo-Regular,final,demo,warm,4,30,211.133333,212.754167,212.779200,0
1,en,NanumMyeongjo-Regular,final,demo,zoom_in,4,12,1256.114833,1257.250167,1257.267333,2919
1,en,NanumMyeongjo-Regular,final,demo,zoom_out,4,12,843.982583,845.260333,845.274167,1925
1,en,NanumMyeongjo-Regular,final,demo,pan,4,10,207.479300,209.062400,209.095900,0
1,en,NanumMyeongjo-Regular,no_retention,demo,first_paint,0,1,1860.750000,1864.625000,1864.667000,275
1,en,NanumMyeongjo-Regular,no_retention,demo,warm,0,30,207.008333,208.576267,208.594367,0
1,en,NanumMyeongjo-Regular,no_retention,demo,zoom_in,0,12,1492.285000,1493.423750,1493.448083,2919
1,en,NanumMyeongjo-Regular,no_retention,demo,zoom_out,0,12,1018.059000,1019.340333,1019.364583,1925
1,en,NanumMyeongjo-Regular,no_retention,demo,pan,0,10,223.733200,225.491700,225.512500,0
1,en,NanumMyeongjo-Regular,no_retention,demo,first_paint,1,1,1647.417000,1649.500000,1649.542000,275
1,en,NanumMyeongjo-Regular,no_retention,demo,warm,1,30,204.674967,206.312433,206.326367,0
1,en,NanumMyeongjo-Regular,no_retention,demo,zoom_in,1,12,1463.756917,1464.899083,1464.916583,2919
1,en,NanumMyeongjo-Regular,no_retention,demo,zoom_out,1,12,999.309250,1000.586917,1000.611083,1925
1,en,NanumMyeongjo-Regular,no_retention,demo,pan,1,10,208.262600,209.937600,209.962600,0
1,en,NanumMyeongjo-Regular,no_retention,demo,first_paint,2,1,1508.375000,1510.292000,1510.292000,275
1,en,NanumMyeongjo-Regular,no_retention,demo,warm,2,30,208.295800,210.076400,210.098700,0
1,en,NanumMyeongjo-Regular,no_retention,demo,zoom_in,2,12,1479.958417,1481.097417,1481.135583,2919
1,en,NanumMyeongjo-Regular,no_retention,demo,zoom_out,2,12,1008.822750,1010.187417,1010.215250,1925
1,en,NanumMyeongjo-Regular,no_retention,demo,pan,2,10,205.362500,206.866700,206.887400,0
1,en,NanumMyeongjo-Regular,no_retention,demo,first_paint,3,1,1540.542000,1542.459000,1542.500000,275
1,en,NanumMyeongjo-Regular,no_retention,demo,warm,3,30,208.777733,210.499933,210.523567,0
1,en,NanumMyeongjo-Regular,no_retention,demo,zoom_in,3,12,1473.972333,1475.017333,1475.041583,2919
1,en,NanumMyeongjo-Regular,no_retention,demo,zoom_out,3,12,989.882000,991.090250,991.110917,1925
1,en,NanumMyeongjo-Regular,no_retention,demo,pan,3,10,219.754100,221.499900,221.512400,0
1,en,NanumMyeongjo-Regular,no_retention,demo,first_paint,4,1,1495.708000,1497.625000,1497.625000,275
1,en,NanumMyeongjo-Regular,no_retention,demo,warm,4,30,202.947367,204.559800,204.577867,0
1,en,NanumMyeongjo-Regular,no_retention,demo,zoom_in,4,12,1449.531167,1450.576167,1450.593667,2919
1,en,NanumMyeongjo-Regular,no_retention,demo,zoom_out,4,12,987.829917,989.059250,989.080000,1925
1,en,NanumMyeongjo-Regular,no_retention,demo,pan,4,10,204.583200,206.175000,206.204200,0
1,en,NotoSerifSC[wght],master,demo,first_paint,0,1,4488.584000,4492.625000,4492.625000,282
1,en,NotoSerifSC[wght],master,demo,warm,0,30,210.545833,212.095800,212.116733,0
1,en,NotoSerifSC[wght],master,demo,zoom_in,0,12,3929.802083,3931.073000,3931.086833,2924
1,en,NotoSerifSC[wght],master,demo,zoom_out,0,12,2214.527667,2215.881833,2215.906333,1972
1,en,NotoSerifSC[wght],master,demo,pan,0,10,217.850100,219.504100,219.529100,0
1,en,NotoSerifSC[wght],master,demo,first_paint,1,1,4073.708000,4076.000000,4076.042000,282
1,en,NotoSerifSC[wght],master,demo,warm,1,30,210.692933,212.370800,212.387367,0
1,en,NotoSerifSC[wght],master,demo,zoom_in,1,12,4098.715083,4100.555583,4100.576333,2924
1,en,NotoSerifSC[wght],master,demo,zoom_out,1,12,2181.538250,2183.336917,2183.364667,1972
1,en,NotoSerifSC[wght],master,demo,pan,1,10,211.145800,212.808300,212.833200,0
1,en,NotoSerifSC[wght],master,demo,first_paint,2,1,4096.333000,4098.333000,4098.375000,282
1,en,NotoSerifSC[wght],master,demo,warm,2,30,205.580667,207.220867,207.248633,0
1,en,NotoSerifSC[wght],master,demo,zoom_in,2,12,3894.319500,3895.590333,3895.614750,2924
1,en,NotoSerifSC[wght],master,demo,zoom_out,2,12,2143.930417,2145.229083,2145.253333,1972
1,en,NotoSerifSC[wght],master,demo,pan,2,10,211.741600,213.424900,213.454100,0
1,en,NotoSerifSC[wght],master,demo,first_paint,3,1,4069.667000,4071.667000,4071.667000,282
1,en,NotoSerifSC[wght],master,demo,warm,3,30,208.286133,210.102867,210.122300,0
1,en,NotoSerifSC[wght],master,demo,zoom_in,3,12,3928.548583,3930.041833,3930.069500,2924
1,en,NotoSerifSC[wght],master,demo,zoom_out,3,12,2174.815917,2176.104083,2176.114583,1972
1,en,NotoSerifSC[wght],master,demo,pan,3,10,211.383200,213.004200,213.024800,0
1,en,NotoSerifSC[wght],master,demo,first_paint,4,1,4064.166000,4066.166000,4066.166000,282
1,en,NotoSerifSC[wght],master,demo,warm,4,30,209.818100,211.427733,211.448667,0
1,en,NotoSerifSC[wght],master,demo,zoom_in,4,12,3918.510417,3919.715250,3919.746583,2924
1,en,NotoSerifSC[wght],master,demo,zoom_out,4,12,2185.270583,2186.524083,2186.544917,1972
1,en,NotoSerifSC[wght],master,demo,pan,4,10,202.716600,204.191600,204.216800,0
1,en,NotoSerifSC[wght],final,demo,first_paint,0,1,4476.458000,4482.625000,4482.667000,282
1,en,NotoSerifSC[wght],final,demo,warm,0,30,212.519433,214.038900,214.063933,0
1,en,NotoSerifSC[wght],final,demo,zoom_in,0,12,3766.795083,3767.968667,3767.996583,2924
1,en,NotoSerifSC[wght],final,demo,zoom_out,0,12,2150.645833,2151.958250,2151.975667,1972
1,en,NotoSerifSC[wght],final,demo,pan,0,10,217.666700,219.371000,219.383500,0
1,en,NotoSerifSC[wght],final,demo,first_paint,1,1,4048.750000,4051.125000,4051.125000,282
1,en,NotoSerifSC[wght],final,demo,warm,1,30,203.538800,205.145800,205.166667,0
1,en,NotoSerifSC[wght],final,demo,zoom_in,1,12,3700.485917,3701.635333,3701.656167,2924
1,en,NotoSerifSC[wght],final,demo,zoom_out,1,12,2170.843667,2172.180667,2172.211833,1972
1,en,NotoSerifSC[wght],final,demo,pan,1,10,212.120800,213.658200,213.679200,0
1,en,NotoSerifSC[wght],final,demo,first_paint,2,1,3966.041000,3968.583000,3968.625000,282
1,en,NotoSerifSC[wght],final,demo,warm,2,30,210.123667,211.619400,211.634733,0
1,en,NotoSerifSC[wght],final,demo,zoom_in,2,12,3756.243000,3757.388833,3757.416583,2924
1,en,NotoSerifSC[wght],final,demo,zoom_out,2,12,2147.145750,2148.413000,2148.433750,1972
1,en,NotoSerifSC[wght],final,demo,pan,2,10,211.308200,213.029100,213.041600,0
1,en,NotoSerifSC[wght],final,demo,first_paint,3,1,4142.834000,4145.667000,4145.709000,282
1,en,NotoSerifSC[wght],final,demo,warm,3,30,203.104200,204.719467,204.738867,0
1,en,NotoSerifSC[wght],final,demo,zoom_in,3,12,3739.104167,3740.225667,3740.243167,2924
1,en,NotoSerifSC[wght],final,demo,zoom_out,3,12,2194.500167,2195.812583,2195.833500,1972
1,en,NotoSerifSC[wght],final,demo,pan,3,10,209.016600,210.570800,210.583400,0
1,en,NotoSerifSC[wght],final,demo,first_paint,4,1,4112.208000,4114.458000,4114.500000,282
1,en,NotoSerifSC[wght],final,demo,warm,4,30,203.448633,205.005733,205.022333,0
1,en,NotoSerifSC[wght],final,demo,zoom_in,4,12,3747.222333,3748.382000,3748.406333,2924
1,en,NotoSerifSC[wght],final,demo,zoom_out,4,12,2117.333333,2118.687583,2118.704917,1972
1,en,NotoSerifSC[wght],final,demo,pan,4,10,218.962400,220.674900,220.700000,0
1,en,NotoSerifSC[wght],no_retention,demo,first_paint,0,1,4529.250000,4533.125000,4533.125000,282
1,en,NotoSerifSC[wght],no_retention,demo,warm,0,30,214.102733,215.659733,215.683367,0
1,en,NotoSerifSC[wght],no_retention,demo,zoom_in,0,12,3908.823000,3910.013917,3910.024250,2924
1,en,NotoSerifSC[wght],no_retention,demo,zoom_out,0,12,2190.670167,2192.014000,2192.031417,1972
1,en,NotoSerifSC[wght],no_retention,demo,pan,0,10,214.537500,216.162400,216.187400,0
1,en,NotoSerifSC[wght],no_retention,demo,first_paint,1,1,4263.125000,4267.084000,4267.125000,282
1,en,NotoSerifSC[wght],no_retention,demo,warm,1,30,213.079267,214.700067,214.718067,0
1,en,NotoSerifSC[wght],no_retention,demo,zoom_in,1,12,3861.031250,3862.184000,3862.194333,2924
1,en,NotoSerifSC[wght],no_retention,demo,zoom_out,1,12,2188.826500,2190.121750,2190.132167,1972
1,en,NotoSerifSC[wght],no_retention,demo,pan,1,10,216.958200,218.591600,218.608100,0
1,en,NotoSerifSC[wght],no_retention,demo,first_paint,2,1,4148.584000,4150.667000,4150.709000,282
1,en,NotoSerifSC[wght],no_retention,demo,warm,2,30,209.301433,210.876400,210.897233,0
1,en,NotoSerifSC[wght],no_retention,demo,zoom_in,2,12,3878.156167,3879.413083,3879.430500,2924
1,en,NotoSerifSC[wght],no_retention,demo,zoom_out,2,12,2227.350583,2228.794917,2228.819417,1972
1,en,NotoSerifSC[wght],no_retention,demo,pan,2,10,207.221000,208.783300,208.791600,0
1,en,NotoSerifSC[wght],no_retention,demo,first_paint,3,1,4203.292000,4205.709000,4205.709000,282
1,en,NotoSerifSC[wght],no_retention,demo,warm,3,30,208.186133,209.701300,209.722267,0
1,en,NotoSerifSC[wght],no_retention,demo,zoom_in,3,12,3865.260583,3866.371833,3866.378750,2924
1,en,NotoSerifSC[wght],no_retention,demo,zoom_out,3,12,2178.090333,2179.375167,2179.392417,1972
1,en,NotoSerifSC[wght],no_retention,demo,pan,3,10,208.091700,209.583400,209.612600,0
1,en,NotoSerifSC[wght],no_retention,demo,first_paint,4,1,3961.750000,3963.958000,3964.000000,282
1,en,NotoSerifSC[wght],no_retention,demo,warm,4,30,226.169500,227.957000,227.975067,0
1,en,NotoSerifSC[wght],no_retention,demo,zoom_in,4,12,3984.173750,3985.631917,3985.652750,2924
1,en,NotoSerifSC[wght],no_retention,demo,zoom_out,4,12,2143.892333,2145.180667,2145.208250,1972
1,en,NotoSerifSC[wght],no_retention,demo,pan,4,10,209.933400,211.558300,211.587500,0
1,en,BabelStoneHan,master,demo,first_paint,0,1,1499.250000,1504.292000,1504.333000,139
1,en,BabelStoneHan,master,demo,warm,0,30,215.830400,217.429000,217.445667,0
1,en,BabelStoneHan,master,demo,zoom_in,0,12,1205.045083,1206.239333,1206.260250,2778
1,en,BabelStoneHan,master,demo,zoom_out,0,12,798.319500,799.614667,799.631833,1822
1,en,BabelStoneHan,master,demo,pan,0,10,215.795900,217.412600,217.433400,0
1,en,BabelStoneHan,master,demo,first_paint,1,1,1132.375000,1134.750000,1134.750000,139
1,en,BabelStoneHan,master,demo,warm,1,30,212.905367,214.519233,214.537367,0
1,en,BabelStoneHan,master,demo,zoom_in,1,12,1225.104500,1226.298917,1226.316167,2778
1,en,BabelStoneHan,master,demo,zoom_out,1,12,818.791583,820.156083,820.173583,1822
1,en,BabelStoneHan,master,demo,pan,1,10,214.091600,215.829100,215.854200,0
1,en,BabelStoneHan,master,demo,first_paint,2,1,1156.375000,1159.041000,1159.083000,139
1,en,BabelStoneHan,master,demo,warm,2,30,207.556800,209.252700,209.276367,0
1,en,BabelStoneHan,master,demo,zoom_in,2,12,1184.631917,1185.843833,1185.861167,2778
1,en,BabelStoneHan,master,demo,zoom_out,2,12,783.524583,784.774583,784.809167,1822
1,en,BabelStoneHan,master,demo,pan,2,10,208.575200,210.233400,210.262600,0
1,en,BabelStoneHan,master,demo,first_paint,3,1,1024.709000,1027.000000,1027.000000,139
1,en,BabelStoneHan,master,demo,warm,3,30,208.788867,210.461100,210.477833,0
1,en,BabelStoneHan,master,demo,zoom_in,3,12,1184.145833,1185.253417,1185.281250,2778
1,en,BabelStoneHan,master,demo,zoom_out,3,12,798.031250,799.250083,799.274167,1822
1,en,BabelStoneHan,master,demo,pan,3,10,214.304200,215.975000,215.995800,0
1,en,BabelStoneHan,master,demo,first_paint,4,1,1005.541000,1007.750000,1007.791000,139
1,en,BabelStoneHan,master,demo,warm,4,30,207.894433,209.491800,209.511167,0
1,en,BabelStoneHan,master,demo,zoom_in,4,12,1170.052333,1171.201583,1171.215500,2778
1,en,BabelStoneHan,master,demo,zoom_out,4,12,787.479167,788.694417,788.715417,1822
1,en,BabelStoneHan,master,demo,pan,4,10,207.824900,209.408000,209.424800,0
1,en,BabelStoneHan,final,demo,first_paint,0,1,1305.458000,1311.333000,1311.333000,139
1,en,BabelStoneHan,final,demo,warm,0,30,207.790333,209.417967,209.455567,0
1,en,BabelStoneHan,final,demo,zoom_in,0,12,1142.336833,1143.500167,1143.520833,2778
1,en,BabelStoneHan,final,demo,zoom_out,0,12,763.486000,764.767333,764.781333,1822
1,en,BabelStoneHan,final,demo,pan,0,10,215.737500,217.479200,217.495900,0
1,en,BabelStoneHan,final,demo,first_paint,1,1,991.334000,993.500000,993.542000,139
1,en,BabelStoneHan,final,demo,warm,1,30,215.215333,216.976400,217.015333,0
1,en,BabelStoneHan,final,demo,zoom_in,1,12,1134.579833,1135.802000,1135.812417,2778
1,en,BabelStoneHan,final,demo,zoom_out,1,12,747.614500,748.892333,748.906167,1822
1,en,BabelStoneHan,final,demo,pan,1,10,203.474900,204.983300,205.004200,0
1,en,BabelStoneHan,final,demo,first_paint,2,1,1009.875000,1012.000000,1012.000000,139
1,en,BabelStoneHan,final,demo,warm,2,30,204.056800,205.658200,205.691567,0
1,en,BabelStoneHan,final,demo,zoom_in,2,12,1118.132000,1119.242833,1119.249833,2778
1,en,BabelStoneHan,final,demo,zoom_out,2,12,762.670167,763.944667,763.962083,1822
1,en,BabelStoneHan,final,demo,pan,2,10,206.512400,208.162600,208.191500,0
1,en,BabelStoneHan,final,demo,first_paint,3,1,978.750000,980.875000,980.916000,139
1,en,BabelStoneHan,final,demo,warm,3,30,202.631933,204.258433,204.297267,0
1,en,BabelStoneHan,final,demo,zoom_in,3,12,1126.333333,1127.517333,1127.541667,2778
1,en,BabelStoneHan,final,demo,zoom_out,3,12,750.590250,751.816000,751.829917,1822
1,en,BabelStoneHan,final,demo,pan,3,10,206.545800,208.125000,208.150000,0
1,en,BabelStoneHan,final,demo,first_paint,4,1,992.833000,995.125000,995.125000,139
1,en,BabelStoneHan,final,demo,warm,4,30,210.687533,212.376400,212.418200,0
1,en,BabelStoneHan,final,demo,zoom_in,4,12,1148.034583,1149.322833,1149.354000,2778
1,en,BabelStoneHan,final,demo,zoom_out,4,12,761.774250,763.121667,763.139000,1822
1,en,BabelStoneHan,final,demo,pan,4,10,200.821000,202.425200,202.446100,0
1,en,BabelStoneHan,no_retention,demo,first_paint,0,1,1297.209000,1300.750000,1300.792000,139
1,en,BabelStoneHan,no_retention,demo,warm,0,30,210.094433,211.638967,211.658300,0
1,en,BabelStoneHan,no_retention,demo,zoom_in,0,12,1202.916750,1204.173667,1204.201333,2778
1,en,BabelStoneHan,no_retention,demo,zoom_out,0,12,783.076250,784.402667,784.413000,1822
1,en,BabelStoneHan,no_retention,demo,pan,0,10,218.295800,220.037400,220.058300,0
1,en,BabelStoneHan,no_retention,demo,first_paint,1,1,1092.750000,1095.500000,1095.500000,139
1,en,BabelStoneHan,no_retention,demo,warm,1,30,211.877867,213.540300,213.558300,0
1,en,BabelStoneHan,no_retention,demo,zoom_in,1,12,1160.937583,1162.135500,1162.156333,2778
1,en,BabelStoneHan,no_retention,demo,zoom_out,1,12,770.308917,771.597000,771.617917,1822
1,en,BabelStoneHan,no_retention,demo,pan,1,10,210.266500,211.895600,211.920600,0
1,en,BabelStoneHan,no_retention,demo,first_paint,2,1,987.083000,989.458000,989.500000,139
1,en,BabelStoneHan,no_retention,demo,warm,2,30,207.705567,209.376433,209.391667,0
1,en,BabelStoneHan,no_retention,demo,zoom_in,2,12,1152.822917,1154.034833,1154.055667,2778
1,en,BabelStoneHan,no_retention,demo,zoom_out,2,12,776.323083,777.625250,777.646083,1822
1,en,BabelStoneHan,no_retention,demo,pan,2,10,212.629100,214.237300,214.258100,0
1,en,BabelStoneHan,no_retention,demo,first_paint,3,1,982.250000,984.292000,984.292000,139
1,en,BabelStoneHan,no_retention,demo,warm,3,30,208.913800,210.466600,210.484667,0
1,en,BabelStoneHan,no_retention,demo,zoom_in,3,12,1145.576250,1146.659583,1146.687500,2778
1,en,BabelStoneHan,no_retention,demo,zoom_out,3,12,785.930500,787.166750,787.187500,1822
1,en,BabelStoneHan,no_retention,demo,pan,3,10,214.929300,216.462500,216.475000,0
1,en,BabelStoneHan,no_retention,demo,first_paint,4,1,988.000000,990.000000,990.000000,139
1,en,BabelStoneHan,no_retention,demo,warm,4,30,203.897133,205.419267,205.438733,0
1,en,BabelStoneHan,no_retention,demo,zoom_in,4,12,1130.135417,1131.124917,1131.142333,2778
1,en,BabelStoneHan,no_retention,demo,zoom_out,4,12,752.781333,754.007000,754.027750,1822
1,en,BabelStoneHan,no_retention,demo,pan,4,10,221.949900,223.658300,223.679200,0
1,ko,NanumMyeongjo-Regular,master,demo,first_paint,0,1,4122.375000,4127.500000,4127.541000,204
1,ko,NanumMyeongjo-Regular,master,demo,warm,0,30,229.776367,231.499967,231.523533,0
1,ko,NanumMyeongjo-Regular,master,demo,zoom_in,0,12,1847.631917,1849.031333,1849.052083,2079
1,ko,NanumMyeongjo-Regular,master,demo,zoom_out,0,12,1118.763833,1120.065917,1120.079750,1392
1,ko,NanumMyeongjo-Regular,master,demo,pan,0,10,201.720800,203.345800,203.370700,0
1,ko,NanumMyeongjo-Regular,master,demo,first_paint,1,1,1773.125000,1775.291000,1775.333000,204
1,ko,NanumMyeongjo-Regular,master,demo,warm,1,30,193.112433,194.633300,194.655467,0
1,ko,NanumMyeongjo-Regular,master,demo,zoom_in,1,12,1636.697833,1637.861250,1637.882000,2079
1,ko,NanumMyeongjo-Regular,master,demo,zoom_out,1,12,1079.604167,1080.816000,1080.836833,1392
1,ko,NanumMyeongjo-Regular,master,demo,pan,1,10,198.791700,200.345700,200.366500,0
1,ko,NanumMyeongjo-Regular,master,demo,first_paint,2,1,1711.458000,1713.167000,1713.208000,204
1,ko,NanumMyeongjo-Regular,master,demo,warm,2,30,197.008233,198.630500,198.647167,0
1,ko,NanumMyeongjo-Regular,master,demo,zoom_in,2,12,1619.104250,1620.309250,1620.330000,2079
1,ko,NanumMyeongjo-Regular,master,demo,zoom_out,2,12,1123.326417,1124.649250,1124.670083,1392
1,ko,NanumMyeongjo-Regular,master,demo,pan,2,10,205.337600,206.937400,206.970900,0
1,ko,NanumMyeongjo-Regular,master,demo,first_paint,3,1,1806.084000,1807.959000,1808.000000,204
1,ko,NanumMyeongjo-Regular,master,demo,warm,3,30,196.230500,197.707000,197.726367,0
1,ko,NanumMyeongjo-Regular,master,demo,zoom_in,3,12,1613.270750,1614.378417,1614.395833,2079
1,ko,NanumMyeongjo-Regular,master,demo,zoom_out,3,12,1098.649583,1099.843917,1099.864833,1392
1,ko,NanumMyeongjo-Regular,master,demo,pan,3,10,204.258300,205.770700,205.804200,0
1,ko,NanumMyeongjo-Regular,master,demo,first_paint,4,1,1749.417000,1751.084000,1751.125000,204
1,ko,NanumMyeongjo-Regular,master,demo,warm,4,30,198.270867,199.838967,199.861167,0
1,ko,NanumMyeongjo-Regular,master,demo,zoom_in,4,12,1639.121583,1640.288167,1640.305583,2079
1,ko,NanumMyeongjo-Regular,master,demo,zoom_out,4,12,1077.812500,1079.045083,1079.062500,1392
1,ko,NanumMyeongjo-Regular,master,demo,pan,4,10,201.795700,203.399900,203.412500,0
1,ko,NanumMyeongjo-Regular,final,demo,first_paint,0,1,5439.125000,5478.583000,5478.625000,204
1,ko,NanumMyeongjo-Regular,final,demo,warm,0,30,247.486233,249.425067,249.447400,0
1,ko,NanumMyeongjo-Regular,final,demo,zoom_in,0,12,1861.201417,1862.645917,1862.663333,2079
1,ko,NanumMyeongjo-Regular,final,demo,zoom_out,0,12,1150.607667,1151.941083,1151.958333,1392
1,ko,NanumMyeongjo-Regular,final,demo,pan,0,10,209.670900,211.283200,211.316700,0
1,ko,NanumMyeongjo-Regular,final,demo,first_paint,1,1,1719.792000,1722.125000,1722.125000,204
1,ko,NanumMyeongjo-Regular,final,demo,warm,1,30,194.869433,196.405467,196.427700,0
1,ko,NanumMyeongjo-Regular,final,demo,zoom_in,1,12,1562.524167,1563.739583,1563.757000,2079
1,ko,NanumMyeongjo-Regular,final,demo,zoom_out,1,12,1036.562583,1037.767333,1037.784750,1392
1,ko,NanumMyeongjo-Regular,final,demo,pan,1,10,198.929100,200.487400,200.512400,0
1,ko,NanumMyeongjo-Regular,final,demo,first_paint,2,1,1646.792000,1648.750000,1648.750000,204
1,ko,NanumMyeongjo-Regular,final,demo,warm,2,30,197.848600,199.398700,199.420933,0
1,ko,NanumMyeongjo-Regular,final,demo,zoom_in,2,12,1669.906167,1671.430500,1671.451417,2079
1,ko,NanumMyeongjo-Regular,final,demo,zoom_out,2,12,1212.646000,1214.125000,1214.142333,1392
1,ko,NanumMyeongjo-Regular,final,demo,pan,2,10,201.837500,203.433300,203.454300,0
1,ko,NanumMyeongjo-Regular,final,demo,first_paint,3,1,1841.167000,1843.042000,1843.084000,204
1,ko,NanumMyeongjo-Regular,final,demo,warm,3,30,197.288900,198.879167,198.897233,0
1,ko,NanumMyeongjo-Regular,final,demo,zoom_in,3,12,1597.336750,1598.576500,1598.593750,2079
1,ko,NanumMyeongjo-Regular,final,demo,zoom_out,3,12,1067.270667,1068.558833,1068.579750,1392
1,ko,NanumMyeongjo-Regular,final,demo,pan,3,10,204.808600,206.450100,206.466800,0
1,ko,NanumMyeongjo-Regular,final,demo,first_paint,4,1,1701.417000,1703.500000,1703.542000,204
1,ko,NanumMyeongjo-Regular,final,demo,warm,4,30,198.927767,200.547100,200.572200,0
1,ko,NanumMyeongjo-Regular,final,demo,zoom_in,4,12,1589.343667,1590.628333,1590.649167,2079
1,ko,NanumMyeongjo-Regular,final,demo,zoom_out,4,12,1038.333417,1039.513750,1039.534750,1392
1,ko,NanumMyeongjo-Regular,final,demo,pan,4,10,197.899900,199.403900,199.420600,0
1,ko,NanumMyeongjo-Regular,no_retention,demo,first_paint,0,1,4991.542000,4997.000000,4997.042000,204
1,ko,NanumMyeongjo-Regular,no_retention,demo,warm,0,30,244.005567,245.865367,245.887633,0
1,ko,NanumMyeongjo-Regular,no_retention,demo,zoom_in,0,12,1876.968750,1878.267417,1878.281167,2079
1,ko,NanumMyeongjo-Regular,no_retention,demo,zoom_out,0,12,1181.034750,1182.392250,1182.402750,1392
1,ko,NanumMyeongjo-Regular,no_retention,demo,pan,0,10,200.724800,202.337300,202.345600,0
1,ko,NanumMyeongjo-Regular,no_retention,demo,first_paint,1,1,1721.750000,1723.625000,1723.666000,204
1,ko,NanumMyeongjo-Regular,no_retention,demo,warm,1,30,194.833200,196.380433,196.401300,0
1,ko,NanumMyeongjo-Regular,no_retention,demo,zoom_in,1,12,1620.385417,1621.580000,1621.604083,2079
1,ko,NanumMyeongjo-Regular,no_retention,demo,zoom_out,1,12,1104.923667,1106.257000,1106.291667,1392
1,ko,NanumMyeongjo-Regular,no_retention,demo,pan,1,10,200.887600,202.587600,202.596000,0
1,ko,NanumMyeongjo-Regular,no_retention,demo,first_paint,2,1,1723.916000,1725.708000,1725.708000,204
1,ko,NanumMyeongjo-Regular,no_retention,demo,warm,2,30,200.813900,202.501433,202.526367,0
1,ko,NanumMyeongjo-Regular,no_retention,demo,zoom_in,2,12,1648.472083,1649.600583,1649.614500,2079
1,ko,NanumMyeongjo-Regular,no_retention,demo,zoom_out,2,12,1091.138917,1092.427083,1092.440917,1392
1,ko,NanumMyeongjo-Regular,no_retention,demo,pan,2,10,197.879100,199.425100,199.446100,0
1,ko,NanumMyeongjo-Regular,no_retention,demo,first_paint,3,1,1723.666000,1725.458000,1725.500000,204
1,ko,NanumMyeongjo-Regular,no_retention,demo,warm,3,30,199.140333,200.791700,200.815300,0
1,ko,NanumMyeongjo-Regular,no_retention,demo,zoom_in,3,12,1674.371500,1675.593750,1675.604250,2079
1,ko,NanumMyeongjo-Regular,no_retention,demo,zoom_out,3,12,1117.777750,1119.024250,1119.055583,1392
1,ko,NanumMyeongjo-Regular,no_retention,demo,pan,3,10,203.154200,204.816500,204.824900,0
1,ko,NanumMyeongjo-Regular,no_retention,demo,first_paint,4,1,1710.416000,1712.125000,1712.166000,204
1,ko,NanumMyeongjo-Regular,no_retention,demo,warm,4,30,193.373633,194.937433,194.954133,0
1,ko,NanumMyeongjo-Regular,no_retention,demo,zoom_in,4,12,1629.295083,1630.427083,1630.447917,2079
1,ko,NanumMyeongjo-Regular,no_retention,demo,zoom_out,4,12,1088.128417,1089.361250,1089.382083,1392
1,ko,NanumMyeongjo-Regular,no_retention,demo,pan,4,10,200.929000,202.541600,202.554000,0
1,zh,NotoSerifSC[wght],master,demo,first_paint,0,1,12864.792000,12870.625000,12870.667000,154
1,zh,NotoSerifSC[wght],master,demo,warm,0,30,225.700033,227.518133,227.558433,0
1,zh,NotoSerifSC[wght],master,demo,zoom_in,0,12,5983.756917,5984.954833,5984.975667,1648
1,zh,NotoSerifSC[wght],master,demo,zoom_out,0,12,3153.979333,3155.239583,3155.260500,1102
1,zh,NotoSerifSC[wght],master,demo,pan,0,10,203.350100,204.946100,204.971300,0
1,zh,NotoSerifSC[wght],master,demo,first_paint,1,1,6242.667000,6244.667000,6244.667000,154
1,zh,NotoSerifSC[wght],master,demo,warm,1,30,193.287467,194.886033,194.920700,0
1,zh,NotoSerifSC[wght],master,demo,zoom_in,1,12,5850.864583,5851.989500,5852.013833,1648
1,zh,NotoSerifSC[wght],master,demo,zoom_out,1,12,3119.354250,3120.673667,3120.687583,1102
1,zh,NotoSerifSC[wght],master,demo,pan,1,10,196.825100,198.441900,198.462600,0
1,zh,NotoSerifSC[wght],master,demo,first_paint,2,1,6259.000000,6261.417000,6261.417000,154
1,zh,NotoSerifSC[wght],master,demo,warm,2,30,192.029067,193.915233,193.954200,0
1,zh,NotoSerifSC[wght],master,demo,zoom_in,2,12,5804.670083,5805.784500,5805.808917,1648
1,zh,NotoSerifSC[wght],master,demo,zoom_out,2,12,3151.465417,3152.760500,3152.770833,1102
1,zh,NotoSerifSC[wght],master,demo,pan,2,10,198.120900,199.670800,199.683300,0
1,zh,NotoSerifSC[wght],master,demo,first_paint,3,1,6241.959000,6244.167000,6244.167000,154
1,zh,NotoSerifSC[wght],master,demo,warm,3,30,184.415367,185.887567,185.922233,0
1,zh,NotoSerifSC[wght],master,demo,zoom_in,3,12,5946.659833,5948.128500,5948.152833,1648
1,zh,NotoSerifSC[wght],master,demo,zoom_out,3,12,3174.760250,3175.954750,3175.975667,1102
1,zh,NotoSerifSC[wght],master,demo,pan,3,10,202.633300,204.154100,204.166600,0
1,zh,NotoSerifSC[wght],master,demo,first_paint,4,1,6236.166000,6238.125000,6238.166000,154
1,zh,NotoSerifSC[wght],master,demo,warm,4,30,192.113767,193.680433,193.720767,0
1,zh,NotoSerifSC[wght],master,demo,zoom_in,4,12,5780.798750,5781.916750,5781.937500,1648
1,zh,NotoSerifSC[wght],master,demo,zoom_out,4,12,3126.996500,3128.253417,3128.270750,1102
1,zh,NotoSerifSC[wght],master,demo,pan,4,10,205.195900,206.783200,206.791500,0
1,zh,NotoSerifSC[wght],final,demo,first_paint,0,1,11491.000000,11568.375000,11568.375000,154
1,zh,NotoSerifSC[wght],final,demo,warm,0,30,223.322233,225.202833,225.229167,0
1,zh,NotoSerifSC[wght],final,demo,zoom_in,0,12,6101.465167,6103.058833,6103.079833,1648
1,zh,NotoSerifSC[wght],final,demo,zoom_out,0,12,3142.447917,3143.732583,3143.746500,1102
1,zh,NotoSerifSC[wght],final,demo,pan,0,10,203.312500,204.920700,204.920700,0
1,zh,NotoSerifSC[wght],final,demo,first_paint,1,1,6134.416000,6136.583000,6136.583000,154
1,zh,NotoSerifSC[wght],final,demo,warm,1,30,194.252867,195.879233,195.896000,0
1,zh,NotoSerifSC[wght],final,demo,zoom_in,1,12,5746.250000,5747.444500,5747.468750,1648
1,zh,NotoSerifSC[wght],final,demo,zoom_out,1,12,3124.739417,3126.131833,3126.145750,1102
1,zh,NotoSerifSC[wght],final,demo,pan,1,10,197.762700,199.379400,199.391800,0
1,zh,NotoSerifSC[wght],final,demo,first_paint,2,1,6031.375000,6033.375000,6033.416000,154
1,zh,NotoSerifSC[wght],final,demo,warm,2,30,194.029167,195.538900,195.558467,0
1,zh,NotoSerifSC[wght],final,demo,zoom_in,2,12,5769.211667,5770.416500,5770.430500,1648
1,zh,NotoSerifSC[wght],final,demo,zoom_out,2,12,3095.326500,3096.548667,3096.572917,1102
1,zh,NotoSerifSC[wght],final,demo,pan,2,10,203.720900,205.262600,205.283600,0
1,zh,NotoSerifSC[wght],final,demo,first_paint,3,1,6058.709000,6060.750000,6060.792000,154
1,zh,NotoSerifSC[wght],final,demo,warm,3,30,195.424967,196.972200,196.988867,0
1,zh,NotoSerifSC[wght],final,demo,zoom_in,3,12,5736.048583,5737.250167,5737.267333,1648
1,zh,NotoSerifSC[wght],final,demo,zoom_out,3,12,3153.590333,3154.850667,3154.871417,1102
1,zh,NotoSerifSC[wght],final,demo,pan,3,10,198.925000,200.512400,200.529200,0
1,zh,NotoSerifSC[wght],final,demo,first_paint,4,1,6289.042000,6291.542000,6291.542000,154
1,zh,NotoSerifSC[wght],final,demo,warm,4,30,189.577700,190.984700,191.004233,0
1,zh,NotoSerifSC[wght],final,demo,zoom_in,4,12,5814.288083,5815.347167,5815.371583,1648
1,zh,NotoSerifSC[wght],final,demo,zoom_out,4,12,3137.371500,3138.607750,3138.624917,1102
1,zh,NotoSerifSC[wght],final,demo,pan,4,10,202.937600,204.512500,204.541800,0
1,zh,NotoSerifSC[wght],no_retention,demo,first_paint,0,1,10139.042000,10143.417000,10143.458000,154
1,zh,NotoSerifSC[wght],no_retention,demo,warm,0,30,217.863967,219.625167,219.643133,0
1,zh,NotoSerifSC[wght],no_retention,demo,zoom_in,0,12,5862.756917,5864.007083,5864.020917,1648
1,zh,NotoSerifSC[wght],no_retention,demo,zoom_out,0,12,3148.479167,3149.861083,3149.881917,1102
1,zh,NotoSerifSC[wght],no_retention,demo,pan,0,10,208.399900,210.008200,210.016500,0
1,zh,NotoSerifSC[wght],no_retention,demo,first_paint,1,1,6176.625000,6178.875000,6178.875000,154
1,zh,NotoSerifSC[wght],no_retention,demo,warm,1,30,199.883267,201.533333,201.554167,0
1,zh,NotoSerifSC[wght],no_retention,demo,zoom_in,1,12,5744.538167,5745.763833,5745.781083,1648
1,zh,NotoSerifSC[wght],no_retention,demo,zoom_out,1,12,3131.934000,3133.215250,3133.239417,1102
1,zh,NotoSerifSC[wght],no_retention,demo,pan,1,10,204.941800,206.487500,206.508300,0
1,zh,NotoSerifSC[wght],no_retention,demo,first_paint,2,1,6230.709000,6233.459000,6233.500000,154
1,zh,NotoSerifSC[wght],no_retention,demo,warm,2,30,199.747233,201.208400,201.230633,0
1,zh,NotoSerifSC[wght],no_retention,demo,zoom_in,2,12,5802.999833,5804.267083,5804.288000,1648
1,zh,NotoSerifSC[wght],no_retention,demo,zoom_out,2,12,3181.190917,3182.482667,3182.500000,1102
1,zh,NotoSerifSC[wght],no_retention,demo,pan,2,10,203.854000,205.554200,205.587300,0
1,zh,NotoSerifSC[wght],no_retention,demo,first_paint,3,1,6346.459000,6348.625000,6348.625000,154
1,zh,NotoSerifSC[wght],no_retention,demo,warm,3,30,196.063833,197.661100,197.686133,0
1,zh,NotoSerifSC[wght],no_retention,demo,zoom_in,3,12,5847.458250,5848.614500,5848.649167,1648
1,zh,NotoSerifSC[wght],no_retention,demo,zoom_out,3,12,3171.329833,3172.621667,3172.642333,1102
1,zh,NotoSerifSC[wght],no_retention,demo,pan,3,10,194.262500,195.808300,195.825000,0
1,zh,NotoSerifSC[wght],no_retention,demo,first_paint,4,1,6029.875000,6032.000000,6032.000000,154
1,zh,NotoSerifSC[wght],no_retention,demo,warm,4,30,197.548500,199.129067,199.147200,0
1,zh,NotoSerifSC[wght],no_retention,demo,zoom_in,4,12,5791.809083,5792.965250,5792.989583,1648
1,zh,NotoSerifSC[wght],no_retention,demo,zoom_out,4,12,3144.038000,3145.291500,3145.315917,1102
1,zh,NotoSerifSC[wght],no_retention,demo,pan,4,10,201.537600,203.175100,203.183400,0
1,zh,BabelStoneHan,master,demo,first_paint,0,1,1989.292000,1992.750000,1992.750000,145
1,zh,BabelStoneHan,master,demo,warm,0,30,196.954200,198.484633,198.506900,0
1,zh,BabelStoneHan,master,demo,zoom_in,0,12,1681.718667,1682.819500,1682.840333,1643
1,zh,BabelStoneHan,master,demo,zoom_out,0,12,1056.743083,1057.972333,1057.993000,1099
1,zh,BabelStoneHan,master,demo,pan,0,10,198.820800,200.379200,200.383300,0
1,zh,BabelStoneHan,master,demo,first_paint,1,1,1663.000000,1665.209000,1665.209000,145
1,zh,BabelStoneHan,master,demo,warm,1,30,198.606900,200.094367,200.118100,0
1,zh,BabelStoneHan,master,demo,zoom_in,1,12,1663.420167,1664.625000,1664.639000,1643
1,zh,BabelStoneHan,master,demo,zoom_out,1,12,1041.566167,1042.809167,1042.833417,1099
1,zh,BabelStoneHan,master,demo,pan,1,10,202.195900,203.837500,203.866700,0
1,zh,BabelStoneHan,master,demo,first_paint,2,1,1630.375000,1632.500000,1632.542000,145
1,zh,BabelStoneHan,master,demo,warm,2,30,198.676367,200.316500,200.341567,0
1,zh,BabelStoneHan,master,demo,zoom_in,2,12,1664.194417,1665.291500,1665.319417,1643
1,zh,BabelStoneHan,master,demo,zoom_out,2,12,1058.048583,1059.291583,1059.305417,1099
1,zh,BabelStoneHan,master,demo,pan,2,10,196.141600,197.733300,197.745600,0
1,zh,BabelStoneHan,master,demo,first_paint,3,1,1654.334000,1656.250000,1656.250000,145
1,zh,BabelStoneHan,master,demo,warm,3,30,186.852700,188.240167,188.263900,0
1,zh,BabelStoneHan,master,demo,zoom_in,3,12,1643.718833,1644.823083,1644.840333,1643
1,zh,BabelStoneHan,master,demo,zoom_out,3,12,1052.881750,1054.069417,1054.097250,1099
1,zh,BabelStoneHan,master,demo,pan,3,10,193.645800,195.216600,195.241500,0
1,zh,BabelStoneHan,master,demo,first_paint,4,1,1734.542000,1736.667000,1736.667000,145
1,zh,BabelStoneHan,master,demo,warm,4,30,192.595700,194.158233,194.183267,0
1,zh,BabelStoneHan,master,demo,zoom_in,4,12,1635.941167,1636.989500,1637.010417,1643
1,zh,BabelStoneHan,master,demo,zoom_out,4,12,1231.583417,1233.152917,1233.163250,1099
1,zh,BabelStoneHan,master,demo,pan,4,10,194.512400,196.170800,196.191600,0
1,zh,BabelStoneHan,final,demo,first_paint,0,1,2070.791000,2076.791000,2076.833000,145
1,zh,BabelStoneHan,final,demo,warm,0,30,198.541633,200.125000,200.145867,0
1,zh,BabelStoneHan,final,demo,zoom_in,0,12,1703.388750,1705.100500,1705.114500,1643
1,zh,BabelStoneHan,final,demo,zoom_out,0,12,1055.020917,1056.812667,1056.833333,1099
1,zh,BabelStoneHan,final,demo,pan,0,10,196.787400,198.412500,198.441600,0
1,zh,BabelStoneHan,final,demo,first_paint,1,1,1663.083000,1665.333000,1665.333000,145
1,zh,BabelStoneHan,final,demo,warm,1,30,198.013833,199.687467,199.705600,0
1,zh,BabelStoneHan,final,demo,zoom_in,1,12,1690.326417,1691.548750,1691.569500,1643
1,zh,BabelStoneHan,final,demo,zoom_out,1,12,1068.048667,1069.336750,1069.357583,1099
1,zh,BabelStoneHan,final,demo,pan,1,10,207.008400,208.758200,208.795900,0
1,zh,BabelStoneHan,final,demo,first_paint,2,1,1720.500000,1723.125000,1723.166000,145
1,zh,BabelStoneHan,final,demo,warm,2,30,194.538833,196.123500,196.145767,0
1,zh,BabelStoneHan,final,demo,zoom_in,2,12,1645.010417,1646.211750,1646.239667,1643
1,zh,BabelStoneHan,final,demo,zoom_out,2,12,1044.600833,1045.878583,1045.892417,1099
1,zh,BabelStoneHan,final,demo,pan,2,10,205.612500,207.170900,207.175100,0
1,zh,BabelStoneHan,final,demo,first_paint,3,1,1631.625000,1633.750000,1633.791000,145
1,zh,BabelStoneHan,final,demo,warm,3,30,192.622233,194.145933,194.170733,0
1,zh,BabelStoneHan,final,demo,zoom_in,3,12,1627.298583,1628.444417,1628.461833,1643
1,zh,BabelStoneHan,final,demo,zoom_out,3,12,1030.055667,1031.257167,1031.288417,1099
1,zh,BabelStoneHan,final,demo,pan,3,10,196.466700,197.966500,197.999900,0
1,zh,BabelStoneHan,final,demo,first_paint,4,1,1632.041000,1633.791000,1633.833000,145
1,zh,BabelStoneHan,final,demo,warm,4,30,197.401400,199.213900,199.234667,0
1,zh,BabelStoneHan,final,demo,zoom_in,4,12,1645.309000,1646.434000,1646.461750,1643
1,zh,BabelStoneHan,final,demo,zoom_out,4,12,1036.249833,1037.475583,1037.492917,1099
1,zh,BabelStoneHan,final,demo,pan,4,10,192.533300,194.120800,194.137500,0
1,zh,BabelStoneHan,no_retention,demo,first_paint,0,1,1955.083000,1958.708000,1958.708000,145
1,zh,BabelStoneHan,no_retention,demo,warm,0,30,199.123500,200.752800,200.770833,0
1,zh,BabelStoneHan,no_retention,demo,zoom_in,0,12,1709.121583,1710.302000,1710.319417,1643
1,zh,BabelStoneHan,no_retention,demo,zoom_out,0,12,1053.968750,1055.302000,1055.329750,1099
1,zh,BabelStoneHan,no_retention,demo,pan,0,10,198.350000,199.950000,199.975100,0
1,zh,BabelStoneHan,no_retention,demo,first_paint,1,1,1628.250000,1630.500000,1630.500000,145
1,zh,BabelStoneHan,no_retention,demo,warm,1,30,192.311200,193.779267,193.804300,0
1,zh,BabelStoneHan,no_retention,demo,zoom_in,1,12,1641.006750,1642.125000,1642.145667,1643
1,zh,BabelStoneHan,no_retention,demo,zoom_out,1,12,1051.111167,1052.326333,1052.333333,1099
1,zh,BabelStoneHan,no_retention,demo,pan,1,10,194.225000,195.779200,195.800000,0
1,zh,BabelStoneHan,no_retention,demo,first_paint,2,1,1649.166000,1651.166000,1651.166000,145
1,zh,BabelStoneHan,no_retention,demo,warm,2,30,193.761167,195.290367,195.305667,0
1,zh,BabelStoneHan,no_retention,demo,zoom_in,2,12,1639.642417,1640.781500,1640.791833,1643
1,zh,BabelStoneHan,no_retention,demo,zoom_out,2,12,1031.736167,1033.010333,1033.031167,1099
1,zh,BabelStoneHan,no_retention,demo,pan,2,10,199.591600,201.228900,201.245700,0
1,zh,BabelStoneHan,no_retention,demo,first_paint,3,1,1747.875000,1751.042000,1751.042000,145
1,zh,BabelStoneHan,no_retention,demo,warm,3,30,194.213933,195.808333,195.827833,0
1,zh,BabelStoneHan,no_retention,demo,zoom_in,3,12,1660.729083,1661.913167,1661.937417,1643
1,zh,BabelStoneHan,no_retention,demo,zoom_out,3,12,1044.107750,1045.284917,1045.298750,1099
1,zh,BabelStoneHan,no_retention,demo,pan,3,10,195.871000,197.387600,197.404400,0
1,zh,BabelStoneHan,no_retention,demo,first_paint,4,1,1586.750000,1588.583000,1588.583000,145
1,zh,BabelStoneHan,no_retention,demo,warm,4,30,194.572100,196.113833,196.126400,0
1,zh,BabelStoneHan,no_retention,demo,zoom_in,4,12,1650.604083,1651.749917,1651.767250,1643
1,zh,BabelStoneHan,no_retention,demo,zoom_out,4,12,1045.322917,1046.482667,1046.513833,1099
1,zh,BabelStoneHan,no_retention,demo,pan,4,10,194.958200,196.429100,196.454100,0
2,en,Vollkorn-Medium,final,demo,first_paint,0,1,4469.000000,4474.875000,4474.916000,269
2,en,Vollkorn-Medium,final,demo,warm,0,30,212.212567,213.815367,213.848533,0
2,en,Vollkorn-Medium,final,demo,zoom_in,0,12,4053.638917,4055.159750,4055.177167,2877
2,en,Vollkorn-Medium,final,demo,zoom_out,0,12,2517.395750,2518.784750,2518.812417,1956
2,en,Vollkorn-Medium,final,demo,pan,0,10,211.699800,213.320700,213.345800,0
2,en,Vollkorn-Medium,final,demo,first_paint,1,1,4229.125000,4230.875000,4230.917000,269
2,en,Vollkorn-Medium,final,demo,warm,1,30,208.241700,209.872233,209.905633,0
2,en,Vollkorn-Medium,final,demo,zoom_in,1,12,3917.604167,3918.829833,3918.854083,2877
2,en,Vollkorn-Medium,final,demo,zoom_out,1,12,2468.364667,2469.687667,2469.715417,1956
2,en,Vollkorn-Medium,final,demo,pan,1,10,212.637400,214.379100,214.391600,0
2,en,Vollkorn-Medium,final,demo,first_paint,2,1,4201.583000,4203.375000,4203.417000,269
2,en,Vollkorn-Medium,final,demo,warm,2,30,209.731867,211.431900,211.465233,0
2,en,Vollkorn-Medium,final,demo,zoom_in,2,12,3976.187583,3977.507083,3977.531333,2877
2,en,Vollkorn-Medium,final,demo,zoom_out,2,12,2486.815833,2488.086667,2488.111083,1956
2,en,Vollkorn-Medium,final,demo,pan,2,10,213.112600,214.712600,214.733400,0
2,en,Vollkorn-Medium,final,demo,first_paint,3,1,4187.667000,4189.417000,4189.417000,269
2,en,Vollkorn-Medium,final,demo,warm,3,30,204.809600,206.720700,206.758267,0
2,en,Vollkorn-Medium,final,demo,zoom_in,3,12,3887.746500,3889.222333,3889.253417,2877
2,en,Vollkorn-Medium,final,demo,zoom_out,3,12,2446.239750,2447.514167,2447.534833,1956
2,en,Vollkorn-Medium,final,demo,pan,3,10,215.291800,216.954200,216.979300,0
2,en,Vollkorn-Medium,final,demo,first_paint,4,1,4211.458000,4213.416000,4213.416000,269
2,en,Vollkorn-Medium,final,demo,warm,4,30,207.841600,209.827700,209.861067,0
2,en,Vollkorn-Medium,final,demo,zoom_in,4,12,3906.468667,3907.652833,3907.670083,2877
2,en,Vollkorn-Medium,final,demo,zoom_out,4,12,2486.027667,2487.423500,2487.444333,1956
2,en,Vollkorn-Medium,final,demo,pan,4,10,219.016500,220.783300,220.804000,0
2,en,Vollkorn-Medium,no_retention,demo,first_paint,0,1,6647.500000,6651.667000,6651.709000,269
2,en,Vollkorn-Medium,no_retention,demo,warm,0,30,210.297233,211.812600,211.836200,0
2,en,Vollkorn-Medium,no_retention,demo,zoom_in,0,12,5959.142333,5960.479083,5960.496417,2877
2,en,Vollkorn-Medium,no_retention,demo,zoom_out,0,12,3864.142250,3865.597000,3865.621500,1956
2,en,Vollkorn-Medium,no_retention,demo,pan,0,10,210.291700,211.975000,212.000100,0
2,en,Vollkorn-Medium,no_retention,demo,first_paint,1,1,6330.125000,6332.250000,6332.250000,269
2,en,Vollkorn-Medium,no_retention,demo,warm,1,30,206.416733,208.052667,208.073567,0
2,en,Vollkorn-Medium,no_retention,demo,zoom_in,1,12,5933.656333,5935.027750,5935.048667,2877
2,en,Vollkorn-Medium,no_retention,demo,zoom_out,1,12,3912.819250,3914.256917,3914.274250,1956
2,en,Vollkorn-Medium,no_retention,demo,pan,1,10,210.237600,211.929200,211.958500,0
2,en,Vollkorn-Medium,no_retention,demo,first_paint,2,1,6348.041000,6350.000000,6350.041000,269
2,en,Vollkorn-Medium,no_retention,demo,warm,2,30,205.737467,207.244400,207.270800,0
2,en,Vollkorn-Medium,no_retention,demo,zoom_in,2,12,5950.263750,5951.479000,5951.485917,2877
2,en,Vollkorn-Medium,no_retention,demo,zoom_out,2,12,3862.732833,3864.159833,3864.187667,1956
2,en,Vollkorn-Medium,no_retention,demo,pan,2,10,207.745900,209.354400,209.375000,0
2,en,Vollkorn-Medium,no_retention,demo,first_paint,3,1,6418.500000,6420.958000,6421.000000,269
2,en,Vollkorn-Medium,no_retention,demo,warm,3,30,207.191700,208.719533,208.733433,0
2,en,Vollkorn-Medium,no_retention,demo,zoom_in,3,12,5942.802000,5943.986167,5944.017250,2877
2,en,Vollkorn-Medium,no_retention,demo,zoom_out,3,12,3863.434000,3864.743250,3864.760583,1956
2,en,Vollkorn-Medium,no_retention,demo,pan,3,10,209.245700,210.937500,210.974900,0
2,en,Vollkorn-Medium,no_retention,demo,first_paint,4,1,6337.333000,6339.167000,6339.208000,269
2,en,Vollkorn-Medium,no_retention,demo,warm,4,30,208.990233,210.627633,210.648533,0
2,en,Vollkorn-Medium,no_retention,demo,zoom_in,4,12,5982.197917,5983.493083,5983.517417,2877
2,en,Vollkorn-Medium,no_retention,demo,zoom_out,4,12,4067.757000,4069.625000,4069.652917,1956
2,en,Vollkorn-Medium,no_retention,demo,pan,4,10,206.574900,208.087400,208.104100,0
2,en,Vollkorn-Medium,master,demo,first_paint,0,1,6530.000000,6534.209000,6534.250000,269
2,en,Vollkorn-Medium,master,demo,warm,0,30,209.350100,210.862500,210.877767,0
2,en,Vollkorn-Medium,master,demo,zoom_in,0,12,5988.437333,5989.788083,5989.815833,2877
2,en,Vollkorn-Medium,master,demo,zoom_out,0,12,4182.927000,4184.770833,4184.784667,1956
2,en,Vollkorn-Medium,master,demo,pan,0,10,272.512400,274.816600,274.833300,0
2,en,Vollkorn-Medium,master,demo,first_paint,1,1,7428.209000,7431.709000,7431.709000,269
2,en,Vollkorn-Medium,master,demo,warm,1,30,205.698433,207.179033,207.198500,0
2,en,Vollkorn-Medium,master,demo,zoom_in,1,12,6501.566083,6503.819417,6503.840250,2877
2,en,Vollkorn-Medium,master,demo,zoom_out,1,12,3948.947750,3950.392250,3950.413167,1956
2,en,Vollkorn-Medium,master,demo,pan,1,10,225.158300,226.916800,226.937500,0
2,en,Vollkorn-Medium,master,demo,first_paint,2,1,6513.417000,6516.500000,6516.500000,269
2,en,Vollkorn-Medium,master,demo,warm,2,30,212.782000,214.390367,214.412433,0
2,en,Vollkorn-Medium,master,demo,zoom_in,2,12,6070.507000,6072.083333,6072.111250,2877
2,en,Vollkorn-Medium,master,demo,zoom_out,2,12,3998.993167,4000.447917,4000.465250,1956
2,en,Vollkorn-Medium,master,demo,pan,2,10,217.554200,219.341800,219.354300,0
2,en,Vollkorn-Medium,master,demo,first_paint,3,1,6542.916000,6545.125000,6545.166000,269
2,en,Vollkorn-Medium,master,demo,warm,3,30,216.851533,218.659733,218.686167,0
2,en,Vollkorn-Medium,master,demo,zoom_in,3,12,6073.902750,6075.388917,6075.402833,2877
2,en,Vollkorn-Medium,master,demo,zoom_out,3,12,4038.413250,4039.979167,4040.010417,1956
2,en,Vollkorn-Medium,master,demo,pan,3,10,212.141800,213.745800,213.766500,0
2,en,Vollkorn-Medium,master,demo,first_paint,4,1,6435.625000,6437.834000,6437.834000,269
2,en,Vollkorn-Medium,master,demo,warm,4,30,208.956867,210.602667,210.624933,0
2,en,Vollkorn-Medium,master,demo,zoom_in,4,12,6086.392250,6087.770667,6087.791417,2877
2,en,Vollkorn-Medium,master,demo,zoom_out,4,12,3929.947750,3931.343667,3931.357583,1956
2,en,Vollkorn-Medium,master,demo,pan,4,10,211.391700,212.983400,213.004200,0
2,en,NanumMyeongjo-Regular,final,demo,first_paint,0,1,1747.541000,1753.666000,1753.708000,275
2,en,NanumMyeongjo-Regular,final,demo,warm,0,30,216.399967,218.012500,218.025000,0
2,en,NanumMyeongjo-Regular,final,demo,zoom_in,0,12,1331.899250,1333.152667,1333.184000,2919
2,en,NanumMyeongjo-Regular,final,demo,zoom_out,0,12,899.586917,900.996750,901.014000,1925
2,en,NanumMyeongjo-Regular,final,demo,pan,0,10,223.079100,224.895800,224.916600,0
2,en,NanumMyeongjo-Regular,final,demo,first_paint,1,1,1354.625000,1356.958000,1357.000000,275
2,en,NanumMyeongjo-Regular,final,demo,warm,1,30,217.750000,219.487567,219.516833,0
2,en,NanumMyeongjo-Regular,final,demo,zoom_in,1,12,1325.513750,1326.982667,1326.996417,2919
2,en,NanumMyeongjo-Regular,final,demo,zoom_out,1,12,872.732583,874.163167,874.177167,1925
2,en,NanumMyeongjo-Regular,final,demo,pan,1,10,211.991700,213.716800,213.741900,0
2,en,NanumMyeongjo-Regular,final,demo,first_paint,2,1,1377.833000,1379.917000,1379.958000,275
2,en,NanumMyeongjo-Regular,final,demo,warm,2,30,208.865167,210.511133,210.533267,0
2,en,NanumMyeongjo-Regular,final,demo,zoom_in,2,12,1263.902833,1265.159667,1265.170083,2919
2,en,NanumMyeongjo-Regular,final,demo,zoom_out,2,12,871.170083,872.527833,872.552250,1925
2,en,NanumMyeongjo-Regular,final,demo,pan,2,10,215.416500,217.158200,217.183200,0
2,en,NanumMyeongjo-Regular,final,demo,first_paint,3,1,1314.625000,1316.625000,1316.625000,275
2,en,NanumMyeongjo-Regular,final,demo,warm,3,30,208.023600,209.677733,209.698633,0
2,en,NanumMyeongjo-Regular,final,demo,zoom_in,3,12,1260.274167,1261.489500,1261.506917,2919
2,en,NanumMyeongjo-Regular,final,demo,zoom_out,3,12,865.302083,866.586917,866.607750,1925
2,en,NanumMyeongjo-Regular,final,demo,pan,3,10,210.004000,211.633300,211.662300,0
2,en,NanumMyeongjo-Regular,final,demo,first_paint,4,1,1326.375000,1328.584000,1328.625000,275
2,en,NanumMyeongjo-Regular,final,demo,warm,4,30,217.788833,219.476367,219.493033,0
2,en,NanumMyeongjo-Regular,final,demo,zoom_in,4,12,1308.739583,1309.916750,1309.944500,2919
2,en,NanumMyeongjo-Regular,final,demo,zoom_out,4,12,927.375083,928.805417,928.829750,1925
2,en,NanumMyeongjo-Regular,final,demo,pan,4,10,223.183400,224.862200,224.891600,0
2,en,NanumMyeongjo-Regular,no_retention,demo,first_paint,0,1,1977.792000,1982.042000,1982.083000,275
2,en,NanumMyeongjo-Regular,no_retention,demo,warm,0,30,217.223667,218.891633,218.913900,0
2,en,NanumMyeongjo-Regular,no_retention,demo,zoom_in,0,12,1540.222167,1541.423667,1541.451250,2919
2,en,NanumMyeongjo-Regular,no_retention,demo,zoom_out,0,12,1048.913167,1050.315917,1050.329917,1925
2,en,NanumMyeongjo-Regular,no_retention,demo,pan,0,10,221.474900,223.195700,223.204000,0
2,en,NanumMyeongjo-Regular,no_retention,demo,first_paint,1,1,1583.750000,1585.875000,1585.875000,275
2,en,NanumMyeongjo-Regular,no_retention,demo,warm,1,30,227.419500,229.326267,229.345767,0
2,en,NanumMyeongjo-Regular,no_retention,demo,zoom_in,1,12,1577.854000,1579.124667,1579.145667,2919
2,en,NanumMyeongjo-Regular,no_retention,demo,zoom_out,1,12,1103.656167,1105.239583,1105.260500,1925
2,en,NanumMyeongjo-Regular,no_retention,demo,pan,1,10,242.266700,244.212600,244.233400,0
2,en,NanumMyeongjo-Regular,no_retention,demo,first_paint,2,1,1642.125000,1644.167000,1644.208000,275
2,en,NanumMyeongjo-Regular,no_retention,demo,warm,2,30,215.447233,217.225033,217.245933,0
2,en,NanumMyeongjo-Regular,no_retention,demo,zoom_in,2,12,1675.562417,1676.874833,1676.892250,2919
2,en,NanumMyeongjo-Regular,no_retention,demo,zoom_out,2,12,1086.590167,1087.986167,1088.013833,1925
2,en,NanumMyeongjo-Regular,no_retention,demo,pan,2,10,212.054200,213.683300,213.704300,0
2,en,NanumMyeongjo-Regular,no_retention,demo,first_paint,3,1,1589.916000,1591.916000,1591.916000,275
2,en,NanumMyeongjo-Regular,no_retention,demo,warm,3,30,210.562533,212.098633,212.122267,0
2,en,NanumMyeongjo-Regular,no_retention,demo,zoom_in,3,12,1522.319417,1523.395917,1523.406167,2919
2,en,NanumMyeongjo-Regular,no_retention,demo,zoom_out,3,12,1018.381833,1019.642333,1019.652833,1925
2,en,NanumMyeongjo-Regular,no_retention,demo,pan,3,10,216.737800,218.379600,218.396200,0
2,en,NanumMyeongjo-Regular,no_retention,demo,first_paint,4,1,1546.875000,1548.959000,1549.000000,275
2,en,NanumMyeongjo-Regular,no_retention,demo,warm,4,30,210.545833,212.177800,212.195867,0
2,en,NanumMyeongjo-Regular,no_retention,demo,zoom_in,4,12,1515.579917,1516.777833,1516.795083,2919
2,en,NanumMyeongjo-Regular,no_retention,demo,zoom_out,4,12,1003.687250,1005.024000,1005.034500,1925
2,en,NanumMyeongjo-Regular,no_retention,demo,pan,4,10,213.654200,215.275100,215.296000,0
2,en,NanumMyeongjo-Regular,master,demo,first_paint,0,1,1935.416000,1939.458000,1939.500000,275
2,en,NanumMyeongjo-Regular,master,demo,warm,0,30,212.208367,213.848667,213.875100,0
2,en,NanumMyeongjo-Regular,master,demo,zoom_in,0,12,1546.399250,1547.642417,1547.673667,2919
2,en,NanumMyeongjo-Regular,master,demo,zoom_out,0,12,1044.690917,1046.024333,1046.038167,1925
2,en,NanumMyeongjo-Regular,master,demo,pan,0,10,211.866700,213.546000,213.558400,0
2,en,NanumMyeongjo-Regular,master,demo,first_paint,1,1,1579.250000,1581.291000,1581.333000,275
2,en,NanumMyeongjo-Regular,master,demo,warm,1,30,227.122267,229.145867,229.170967,0
2,en,NanumMyeongjo-Regular,master,demo,zoom_in,1,12,1630.621583,1631.881917,1631.888833,2919
2,en,NanumMyeongjo-Regular,master,demo,zoom_out,1,12,1155.465333,1156.927167,1156.944583,1925
2,en,NanumMyeongjo-Regular,master,demo,pan,1,10,226.429300,228.220800,228.237400,0
2,en,NanumMyeongjo-Regular,master,demo,first_paint,2,1,1690.333000,1692.708000,1692.750000,275
2,en,NanumMyeongjo-Regular,master,demo,warm,2,30,214.884767,216.662567,216.687500,0
2,en,NanumMyeongjo-Regular,master,demo,zoom_in,2,12,1553.132000,1554.364667,1554.382000,2919
2,en,NanumMyeongjo-Regular,master,demo,zoom_out,2,12,1057.454833,1058.847333,1058.864750,1925
2,en,NanumMyeongjo-Regular,master,demo,pan,2,10,219.891600,221.775200,221.804400,0
2,en,NanumMyeongjo-Regular,master,demo,first_paint,3,1,1723.541000,1726.000000,1726.000000,275
2,en,NanumMyeongjo-Regular,master,demo,warm,3,30,208.048633,210.075100,210.098600,0
2,en,NanumMyeongjo-Regular,master,demo,zoom_in,3,12,1527.551917,1528.663083,1528.683917,2919
2,en,NanumMyeongjo-Regular,master,demo,zoom_out,3,12,1043.076417,1044.375000,1044.402750,1925
2,en,NanumMyeongjo-Regular,master,demo,pan,3,10,216.041600,217.804000,217.820600,0
2,en,NanumMyeongjo-Regular,master,demo,first_paint,4,1,1562.375000,1564.459000,1564.500000,275
2,en,NanumMyeongjo-Regular,master,demo,warm,4,30,219.117967,220.844367,220.870767,0
2,en,NanumMyeongjo-Regular,master,demo,zoom_in,4,12,1580.913167,1582.166667,1582.180667,2919
2,en,NanumMyeongjo-Regular,master,demo,zoom_out,4,12,1063.555667,1064.899417,1064.920250,1925
2,en,NanumMyeongjo-Regular,master,demo,pan,4,10,219.324800,221.087400,221.108200,0
2,en,NotoSerifSC[wght],final,demo,first_paint,0,1,4687.417000,4693.667000,4693.667000,282
2,en,NotoSerifSC[wght],final,demo,warm,0,30,222.498700,224.176500,224.216767,0
2,en,NotoSerifSC[wght],final,demo,zoom_in,0,12,3864.100417,3865.374750,3865.395500,2924
2,en,NotoSerifSC[wght],final,demo,zoom_out,0,12,2199.725583,2201.117833,2201.138583,1972
2,en,NotoSerifSC[wght],final,demo,pan,0,10,219.645800,221.341600,221.375000,0
2,en,NotoSerifSC[wght],final,demo,first_paint,1,1,4103.167000,4105.584000,4105.584000,282
2,en,NotoSerifSC[wght],final,demo,warm,1,30,217.115300,218.866600,218.904167,0
2,en,NotoSerifSC[wght],final,demo,zoom_in,1,12,3934.385417,3936.145750,3936.152750,2924
2,en,NotoSerifSC[wght],final,demo,zoom_out,1,12,2234.687583,2236.076583,2236.094000,1972
2,en,NotoSerifSC[wght],final,demo,pan,1,10,215.158300,216.791500,216.804000,0
2,en,NotoSerifSC[wght],final,demo,first_paint,2,1,4106.000000,4108.417000,4108.458000,282
2,en,NotoSerifSC[wght],final,demo,warm,2,30,212.358367,213.915267,213.956967,0
2,en,NotoSerifSC[wght],final,demo,zoom_in,2,12,3776.944333,3778.121333,3778.145750,2924
2,en,NotoSerifSC[wght],final,demo,zoom_out,2,12,2169.913167,2171.152750,2171.166583,1972
2,en,NotoSerifSC[wght],final,demo,pan,2,10,215.783400,217.337600,217.354200,0
2,en,NotoSerifSC[wght],final,demo,first_paint,3,1,4172.083000,4174.292000,4174.292000,282
2,en,NotoSerifSC[wght],final,demo,warm,3,30,209.176333,210.774933,210.813900,0
2,en,NotoSerifSC[wght],final,demo,zoom_in,3,12,3769.538000,3770.743083,3770.763833,2924
2,en,NotoSerifSC[wght],final,demo,zoom_out,3,12,2186.048583,2187.375083,2187.382000,1972
2,en,NotoSerifSC[wght],final,demo,pan,3,10,215.812600,217.358500,217.395700,0
2,en,NotoSerifSC[wght],final,demo,first_paint,4,1,4076.500000,4078.417000,4078.458000,282
2,en,NotoSerifSC[wght],final,demo,warm,4,30,211.073533,212.656900,212.688867,0
2,en,NotoSerifSC[wght],final,demo,zoom_in,4,12,3711.760417,3713.145917,3713.159833,2924
2,en,NotoSerifSC[wght],final,demo,zoom_out,4,12,2038.572833,2039.816000,2039.847333,1972
2,en,NotoSerifSC[wght],final,demo,pan,4,10,207.745900,209.287700,209.304400,0
2,en,NotoSerifSC[wght],no_retention,demo,first_paint,0,1,4378.084000,4382.375000,4382.375000,282
2,en,NotoSerifSC[wght],no_retention,demo,warm,0,30,213.986033,215.491567,215.515200,0
2,en,NotoSerifSC[wght],no_retention,demo,zoom_in,0,12,3938.385167,3939.576167,3939.597000,2924
2,en,NotoSerifSC[wght],no_retention,demo,zoom_out,0,12,2178.007083,2179.351000,2179.378500,1972
2,en,NotoSerifSC[wght],no_retention,demo,pan,0,10,209.679200,211.304200,211.333200,0
2,en,NotoSerifSC[wght],no_retention,demo,first_paint,1,1,4005.333000,4007.416000,4007.458000,282
2,en,NotoSerifSC[wght],no_retention,demo,warm,1,30,213.338767,214.992933,215.008300,0
2,en,NotoSerifSC[wght],no_retention,demo,zoom_in,1,12,3920.996667,3922.187500,3922.208500,2924
2,en,NotoSerifSC[wght],no_retention,demo,zoom_out,1,12,2157.962000,2159.305500,2159.322917,1972
2,en,NotoSerifSC[wght],no_retention,demo,pan,1,10,205.579100,207.199900,207.212500,0
2,en,NotoSerifSC[wght],no_retention,demo,first_paint,2,1,3967.125000,3969.500000,3969.500000,282
2,en,NotoSerifSC[wght],no_retention,demo,warm,2,30,211.634633,213.287400,213.313933,0
2,en,NotoSerifSC[wght],no_retention,demo,zoom_in,2,12,3934.819417,3935.996583,3936.013917,2924
2,en,NotoSerifSC[wght],no_retention,demo,zoom_out,2,12,2176.114583,2177.513917,2177.531333,1972
2,en,NotoSerifSC[wght],no_retention,demo,pan,2,10,214.174900,215.841500,215.862400,0
2,en,NotoSerifSC[wght],no_retention,demo,first_paint,3,1,4085.500000,4087.958000,4087.958000,282
2,en,NotoSerifSC[wght],no_retention,demo,warm,3,30,210.916500,212.481700,212.502600,0
2,en,NotoSerifSC[wght],no_retention,demo,zoom_in,3,12,3920.017250,3921.124917,3921.145583,2924
2,en,NotoSerifSC[wght],no_retention,demo,zoom_out,3,12,2159.871417,2161.187333,2161.218667,1972
2,en,NotoSerifSC[wght],no_retention,demo,pan,3,10,212.100000,213.708500,213.733400,0
2,en,NotoSerifSC[wght],no_retention,demo,first_paint,4,1,4032.000000,4034.333000,4034.333000,282
2,en,NotoSerifSC[wght],no_retention,demo,warm,4,30,210.332033,211.950067,211.976400,0
2,en,NotoSerifSC[wght],no_retention,demo,zoom_in,4,12,3906.184167,3907.312583,3907.333500,2924
2,en,NotoSerifSC[wght],no_retention,demo,zoom_out,4,12,2199.190750,2200.475583,2200.489417,1972
2,en,NotoSerifSC[wght],no_retention,demo,pan,4,10,212.991700,214.566600,214.599800,0
2,en,NotoSerifSC[wght],master,demo,first_paint,0,1,4490.083000,4493.625000,4493.625000,282
2,en,NotoSerifSC[wght],master,demo,warm,0,30,213.505500,214.990267,215.008433,0
2,en,NotoSerifSC[wght],master,demo,zoom_in,0,12,4027.138750,4028.374667,4028.395667,2924
2,en,NotoSerifSC[wght],master,demo,zoom_out,0,12,2228.156167,2229.493083,2229.524500,1972
2,en,NotoSerifSC[wght],master,demo,pan,0,10,213.170900,214.762600,214.775200,0
2,en,NotoSerifSC[wght],master,demo,first_paint,1,1,4165.292000,4167.375000,4167.375000,282
2,en,NotoSerifSC[wght],master,demo,warm,1,30,212.844333,214.450000,214.472200,0
2,en,NotoSerifSC[wght],master,demo,zoom_in,1,12,3862.236083,3863.430500,3863.451417,2924
2,en,NotoSerifSC[wght],master,demo,zoom_out,1,12,2171.330000,2172.614667,2172.639000,1972
2,en,NotoSerifSC[wght],master,demo,pan,1,10,216.162400,217.854200,217.879000,0
2,en,NotoSerifSC[wght],master,demo,first_paint,2,1,4140.708000,4143.166000,4143.166000,282
2,en,NotoSerifSC[wght],master,demo,warm,2,30,208.057000,209.624967,209.648567,0
2,en,NotoSerifSC[wght],master,demo,zoom_in,2,12,3862.996583,3864.184083,3864.205000,2924
2,en,NotoSerifSC[wght],master,demo,zoom_out,2,12,2194.305500,2195.586750,2195.611083,1972
2,en,NotoSerifSC[wght],master,demo,pan,2,10,217.858400,219.500100,219.516700,0
2,en,NotoSerifSC[wght],master,demo,first_paint,3,1,4114.416000,4116.791000,4116.833000,282
2,en,NotoSerifSC[wght],master,demo,warm,3,30,207.468067,208.999933,209.020867,0
2,en,NotoSerifSC[wght],master,demo,zoom_in,3,12,3849.996500,3851.187667,3851.208333,2924
2,en,NotoSerifSC[wght],master,demo,zoom_out,3,12,2178.437250,2179.788167,2179.808833,1972
2,en,NotoSerifSC[wght],master,demo,pan,3,10,211.366800,212.954400,212.975100,0
2,en,NotoSerifSC[wght],master,demo,first_paint,4,1,4068.208000,4070.458000,4070.500000,282
2,en,NotoSerifSC[wght],master,demo,warm,4,30,206.722267,208.348700,208.372200,0
2,en,NotoSerifSC[wght],master,demo,zoom_in,4,12,3936.923833,3938.139167,3938.159833,2924
2,en,NotoSerifSC[wght],master,demo,zoom_out,4,12,2210.323000,2211.645833,2211.663250,1972
2,en,NotoSerifSC[wght],master,demo,pan,4,10,210.379400,212.075100,212.091700,0
2,en,BabelStoneHan,final,demo,first_paint,0,1,1330.416000,1336.666000,1336.708000,139
2,en,BabelStoneHan,final,demo,warm,0,30,212.588933,214.133333,214.155667,0
2,en,BabelStoneHan,final,demo,zoom_in,0,12,1217.975750,1219.538167,1219.545167,2778
2,en,BabelStoneHan,final,demo,zoom_out,0,12,803.889083,805.190917,805.222250,1822
2,en,BabelStoneHan,final,demo,pan,0,10,210.820700,212.341400,212.362300,0
2,en,BabelStoneHan,final,demo,first_paint,1,1,1078.291000,1081.041000,1081.041000,139
2,en,BabelStoneHan,final,demo,warm,1,30,202.791733,204.375033,204.388833,0
2,en,BabelStoneHan,final,demo,zoom_in,1,12,1138.475750,1139.621583,1139.639000,2778
2,en,BabelStoneHan,final,demo,zoom_out,1,12,761.527750,762.809167,762.822917,1822
2,en,BabelStoneHan,final,demo,pan,1,10,212.837600,214.578900,214.608300,0
2,en,BabelStoneHan,final,demo,first_paint,2,1,1025.792000,1028.125000,1028.167000,139
2,en,BabelStoneHan,final,demo,warm,2,30,211.670867,213.381867,213.402800,0
2,en,BabelStoneHan,final,demo,zoom_in,2,12,1145.597167,1146.868000,1146.892250,2778
2,en,BabelStoneHan,final,demo,zoom_out,2,12,773.933917,775.197667,775.215167,1822
2,en,BabelStoneHan,final,demo,pan,2,10,213.554100,215.229100,215.241600,0
2,en,BabelStoneHan,final,demo,first_paint,3,1,1018.042000,1020.250000,1020.250000,139
2,en,BabelStoneHan,final,demo,warm,3,30,210.098533,211.784700,211.798567,0
2,en,BabelStoneHan,final,demo,zoom_in,3,12,1125.770833,1126.926917,1126.940917,2778
2,en,BabelStoneHan,final,demo,zoom_out,3,12,774.239583,775.513917,775.548667,1822
2,en,BabelStoneHan,final,demo,pan,3,10,212.883300,214.525100,214.537500,0
2,en,BabelStoneHan,final,demo,first_paint,4,1,1041.666000,1043.708000,1043.708000,139
2,en,BabelStoneHan,final,demo,warm,4,30,205.651400,207.243067,207.258267,0
2,en,BabelStoneHan,final,demo,zoom_in,4,12,1142.163250,1143.350750,1143.371500,2778
2,en,BabelStoneHan,final,demo,zoom_out,4,12,760.045167,761.274250,761.302083,1822
2,en,BabelStoneHan,final,demo,pan,4,10,215.537400,217.141600,217.162600,0
2,en,BabelStoneHan,no_retention,demo,first_paint,0,1,1295.708000,1299.666000,1299.708000,139
2,en,BabelStoneHan,no_retention,demo,warm,0,30,213.484733,215.119533,215.137633,0
2,en,BabelStoneHan,no_retention,demo,zoom_in,0,12,1168.045083,1169.166583,1169.184000,2778
2,en,BabelStoneHan,no_retention,demo,zoom_out,0,12,780.878417,782.111083,782.128417,1822
2,en,BabelStoneHan,no_retention,demo,pan,0,10,211.841700,213.400000,213.433400,0
2,en,BabelStoneHan,no_retention,demo,first_paint,1,1,996.792000,999.209000,999.250000,139
2,en,BabelStoneHan,no_retention,demo,warm,1,30,209.955500,211.554200,211.572200,0
2,en,BabelStoneHan,no_retention,demo,zoom_in,1,12,1163.583250,1164.756833,1164.781167,2778
2,en,BabelStoneHan,no_retention,demo,zoom_out,1,12,769.486250,770.764000,770.788417,1822
2,en,BabelStoneHan,no_retention,demo,pan,1,10,210.270900,211.870900,211.883500,0
2,en,BabelStoneHan,no_retention,demo,first_paint,2,1,1022.500000,1024.792000,1024.792000,139
2,en,BabelStoneHan,no_retention,demo,warm,2,30,206.640300,208.248633,208.270867,0
2,en,BabelStoneHan,no_retention,demo,zoom_in,2,12,1199.920167,1201.114750,1201.139083,2778
2,en,BabelStoneHan,no_retention,demo,zoom_out,2,12,875.885417,877.510333,877.527583,1822
2,en,BabelStoneHan,no_retention,demo,pan,2,10,202.162400,203.658000,203.683100,0
2,en,BabelStoneHan,no_retention,demo,first_paint,3,1,1125.042000,1129.292000,1129.334000,139
2,en,BabelStoneHan,no_retention,demo,warm,3,30,213.298633,214.822267,214.848633,0
2,en,BabelStoneHan,no_retention,demo,zoom_in,3,12,1179.815917,1180.899167,1180.909583,2778
2,en,BabelStoneHan,no_retention,demo,zoom_out,3,12,776.965417,778.191000,778.208250,1822
2,en,BabelStoneHan,no_retention,demo,pan,3,10,210.737600,212.391800,212.412600,0
2,en,BabelStoneHan,no_retention,demo,first_paint,4,1,1013.292000,1015.334000,1015.334000,139
2,en,BabelStoneHan,no_retention,demo,warm,4,30,209.604267,211.258400,211.280667,0
2,en,BabelStoneHan,no_retention,demo,zoom_in,4,12,1150.059083,1151.107750,1151.135667,2778
2,en,BabelStoneHan,no_retention,demo,zoom_out,4,12,784.656167,785.895833,785.909667,1822
2,en,BabelStoneHan,no_retention,demo,pan,4,10,212.400000,214.091500,214.120600,0
2,en,BabelStoneHan,master,demo,first_paint,0,1,1320.667000,1324.750000,1324.750000,139
2,en,BabelStoneHan,master,demo,warm,0,30,209.636233,211.241833,211.265400,0
2,en,BabelStoneHan,master,demo,zoom_in,0,12,1192.558917,1193.690833,1193.704833,2778
2,en,BabelStoneHan,master,demo,zoom_out,0,12,794.031250,795.309167,795.323083,1822
2,en,BabelStoneHan,master,demo,pan,0,10,214.116700,215.774900,215.795800,0
2,en,BabelStoneHan,master,demo,first_paint,1,1,1001.459000,1003.625000,1003.625000,139
2,en,BabelStoneHan,master,demo,warm,1,30,215.595900,217.258300,217.277800,0
2,en,BabelStoneHan,master,demo,zoom_in,1,12,1225.961833,1227.183833,1227.194250,2778
2,en,BabelStoneHan,master,demo,zoom_out,1,12,781.194333,782.486083,782.499917,1822
2,en,BabelStoneHan,master,demo,pan,1,10,213.695800,215.433400,215.462500,0
2,en,BabelStoneHan,master,demo,first_paint,2,1,1083.708000,1085.958000,1086.000000,139
2,en,BabelStoneHan,master,demo,warm,2,30,208.084733,209.755500,209.769400,0
2,en,BabelStoneHan,master,demo,zoom_in,2,12,1173.059333,1174.201500,1174.215333,2778
2,en,BabelStoneHan,master,demo,zoom_out,2,12,802.750083,804.041583,804.052083,1822
2,en,BabelStoneHan,master,demo,pan,2,10,210.579200,212.233500,212.262700,0
2,en,BabelStoneHan,master,demo,first_paint,3,1,1009.583000,1011.958000,1011.958000,139
2,en,BabelStoneHan,master,demo,warm,3,30,206.818000,208.472233,208.487567,0
2,en,BabelStoneHan,master,demo,zoom_in,3,12,1172.826333,1173.992833,1174.010250,2778
2,en,BabelStoneHan,master,demo,zoom_out,3,12,788.649250,789.972167,789.989500,1822
2,en,BabelStoneHan,master,demo,pan,3,10,201.033400,202.641800,202.658400,0
2,en,BabelStoneHan,master,demo,first_paint,4,1,999.500000,1001.625000,1001.667000,139
2,en,BabelStoneHan,master,demo,warm,4,30,207.991767,209.679233,209.707067,0
2,en,BabelStoneHan,master,demo,zoom_in,4,12,1168.816000,1169.899167,1169.913000,2778
2,en,BabelStoneHan,master,demo,zoom_out,4,12,788.940917,790.145750,790.156250,1822
2,en,BabelStoneHan,master,demo,pan,4,10,213.625000,215.162500,215.191800,0
2,ko,NanumMyeongjo-Regular,final,demo,first_paint,0,1,2135.625000,2141.375000,2141.417000,204
2,ko,NanumMyeongjo-Regular,final,demo,warm,0,30,209.368033,210.950000,210.976400,0
2,ko,NanumMyeongjo-Regular,final,demo,zoom_in,0,12,1658.972167,1660.281167,1660.295083,2079
2,ko,NanumMyeongjo-Regular,final,demo,zoom_out,0,12,1194.198167,1195.566000,1195.583417,1392
2,ko,NanumMyeongjo-Regular,final,demo,pan,0,10,206.583300,208.137700,208.166700,0
2,ko,NanumMyeongjo-Regular,final,demo,first_paint,1,1,1874.958000,1877.666000,1877.666000,204
2,ko,NanumMyeongjo-Regular,final,demo,warm,1,30,202.019467,203.575067,203.597167,0
2,ko,NanumMyeongjo-Regular,final,demo,zoom_in,1,12,1614.267333,1615.510333,1615.527667,2079
2,ko,NanumMyeongjo-Regular,final,demo,zoom_out,1,12,1076.107500,1077.340083,1077.364500,1392
2,ko,NanumMyeongjo-Regular,final,demo,pan,1,10,205.687400,207.283100,207.308200,0
2,ko,NanumMyeongjo-Regular,final,demo,first_paint,2,1,1704.666000,1706.583000,1706.583000,204
2,ko,NanumMyeongjo-Regular,final,demo,warm,2,30,214.657033,216.323600,216.355500,0
2,ko,NanumMyeongjo-Regular,final,demo,zoom_in,2,12,1614.000083,1615.246500,1615.263917,2079
2,ko,NanumMyeongjo-Regular,final,demo,zoom_out,2,12,1077.041667,1078.243000,1078.256833,1392
2,ko,NanumMyeongjo-Regular,final,demo,pan,2,10,209.325100,210.933400,210.954400,0
2,ko,NanumMyeongjo-Regular,final,demo,first_paint,3,1,1753.042000,1755.000000,1755.042000,204
2,ko,NanumMyeongjo-Regular,final,demo,warm,3,30,205.327800,206.886167,206.908500,0
2,ko,NanumMyeongjo-Regular,final,demo,zoom_in,3,12,1685.600833,1687.104333,1687.128667,2079
2,ko,NanumMyeongjo-Regular,final,demo,zoom_out,3,12,1112.649417,1114.010417,1114.034833,1392
2,ko,NanumMyeongjo-Regular,final,demo,pan,3,10,208.020800,209.800000,209.820900,0
2,ko,NanumMyeongjo-Regular,final,demo,first_paint,4,1,1764.250000,1766.167000,1766.208000,204
2,ko,NanumMyeongjo-Regular,final,demo,warm,4,30,198.606900,200.480600,200.508333,0
2,ko,NanumMyeongjo-Regular,final,demo,zoom_in,4,12,1585.687500,1587.066000,1587.093833,2079
2,ko,NanumMyeongjo-Regular,final,demo,zoom_out,4,12,1064.198000,1065.701250,1065.722167,1392
2,ko,NanumMyeongjo-Regular,final,demo,pan,4,10,206.683600,208.700100,208.716800,0
2,ko,NanumMyeongjo-Regular,no_retention,demo,first_paint,0,1,2140.292000,2144.125000,2144.125000,204
2,ko,NanumMyeongjo-Regular,no_retention,demo,warm,0,30,204.556933,206.058333,206.080533,0
2,ko,NanumMyeongjo-Regular,no_retention,demo,zoom_in,0,12,1674.416750,1675.621667,1675.628583,2079
2,ko,NanumMyeongjo-Regular,no_retention,demo,zoom_out,0,12,1119.420083,1120.687583,1120.718917,1392
2,ko,NanumMyeongjo-Regular,no_retention,demo,pan,0,10,204.266600,205.824800,205.845800,0
2,ko,NanumMyeongjo-Regular,no_retention,demo,first_paint,1,1,1759.833000,1761.708000,1761.750000,204
2,ko,NanumMyeongjo-Regular,no_retention,demo,warm,1,30,202.073567,203.779100,203.794400,0
2,ko,NanumMyeongjo-Regular,no_retention,demo,zoom_in,1,12,1685.972250,1687.232667,1687.260417,2079
2,ko,NanumMyeongjo-Regular,no_retention,demo,zoom_out,1,12,1134.076417,1135.434083,1135.451500,1392
2,ko,NanumMyeongjo-Regular,no_retention,demo,pan,1,10,205.850100,207.554200,207.570800,0
2,ko,NanumMyeongjo-Regular,no_retention,demo,first_paint,2,1,1756.500000,1758.292000,1758.292000,204
2,ko,NanumMyeongjo-Regular,no_retention,demo,warm,2,30,206.979233,208.729200,208.747233,0
2,ko,NanumMyeongjo-Regular,no_retention,demo,zoom_in,2,12,1669.742917,1670.951250,1670.979167,2079
2,ko,NanumMyeongjo-Regular,no_retention,demo,zoom_out,2,12,1122.982833,1124.312667,1124.326500,1392
2,ko,NanumMyeongjo-Regular,no_retention,demo,pan,2,10,207.954100,209.745700,209.775000,0
2,ko,NanumMyeongjo-Regular,no_retention,demo,first_paint,3,1,1788.042000,1789.917000,1789.917000,204
2,ko,NanumMyeongjo-Regular,no_retention,demo,warm,3,30,193.994533,195.375033,195.393133,0
2,ko,NanumMyeongjo-Regular,no_retention,demo,zoom_in,3,12,1661.225583,1662.288167,1662.309083,2079
2,ko,NanumMyeongjo-Regular,no_retention,demo,zoom_out,3,12,1109.764000,1111.017250,1111.027667,1392
2,ko,NanumMyeongjo-Regular,no_retention,demo,pan,3,10,205.975000,207.629300,207.658300,0
2,ko,NanumMyeongjo-Regular,no_retention,demo,first_paint,4,1,1889.959000,1892.000000,1892.000000,204
2,ko,NanumMyeongjo-Regular,no_retention,demo,warm,4,30,203.384633,204.934667,204.952700,0
2,ko,NanumMyeongjo-Regular,no_retention,demo,zoom_in,4,12,1726.128500,1727.423583,1727.447833,2079
2,ko,NanumMyeongjo-Regular,no_retention,demo,zoom_out,4,12,1125.545083,1126.770750,1126.795083,1392
2,ko,NanumMyeongjo-Regular,no_retention,demo,pan,4,10,210.179200,211.804200,211.820900,0
2,ko,NanumMyeongjo-Regular,master,demo,first_paint,0,1,2201.667000,2205.667000,2205.708000,204
2,ko,NanumMyeongjo-Regular,master,demo,warm,0,30,207.490300,209.041700,209.066600,0
2,ko,NanumMyeongjo-Regular,master,demo,zoom_in,0,12,1782.434167,1783.715417,1783.736250,2079
2,ko,NanumMyeongjo-Regular,master,demo,zoom_out,0,12,1199.868000,1201.461833,1201.486083,1392
2,ko,NanumMyeongjo-Regular,master,demo,pan,0,10,204.104400,205.833300,205.858300,0
2,ko,NanumMyeongjo-Regular,master,demo,first_paint,1,1,1804.333000,1806.708000,1806.708000,204
2,ko,NanumMyeongjo-Regular,master,demo,warm,1,30,276.090167,278.081833,278.102767,0
2,ko,NanumMyeongjo-Regular,master,demo,zoom_in,1,12,2014.698000,2016.472333,2016.500083,2079
2,ko,NanumMyeongjo-Regular,master,demo,zoom_out,1,12,1273.427083,1275.059000,1275.083417,1392
2,ko,NanumMyeongjo-Regular,master,demo,pan,1,10,200.116900,201.637800,201.658600,0
2,ko,NanumMyeongjo-Regular,master,demo,first_paint,2,1,1950.333000,1953.166000,1953.208000,204
2,ko,NanumMyeongjo-Regular,master,demo,warm,2,30,206.915167,208.554033,208.566567,0
2,ko,NanumMyeongjo-Regular,master,demo,zoom_in,2,12,1777.413250,1778.798667,1778.816000,2079
2,ko,NanumMyeongjo-Regular,master,demo,zoom_out,2,12,1184.680583,1186.114667,1186.142333,1392
2,ko,NanumMyeongjo-Regular,master,demo,pan,2,10,225.887600,227.620900,227.641600,0
2,ko,NanumMyeongjo-Regular,master,demo,first_paint,3,1,1830.292000,1832.667000,1832.709000,204
2,ko,NanumMyeongjo-Regular,master,demo,warm,3,30,207.252733,208.825033,208.848633,0
2,ko,NanumMyeongjo-Regular,master,demo,zoom_in,3,12,1732.871667,1734.080000,1734.107917,2079
2,ko,NanumMyeongjo-Regular,master,demo,zoom_out,3,12,1170.552083,1171.878583,1171.892500,1392
2,ko,NanumMyeongjo-Regular,master,demo,pan,3,10,202.445500,203.924700,203.941400,0
2,ko,NanumMyeongjo-Regular,master,demo,first_paint,4,1,1775.583000,1777.333000,1777.375000,204
2,ko,NanumMyeongjo-Regular,master,demo,warm,4,30,205.518033,207.091733,207.116733,0
2,ko,NanumMyeongjo-Regular,master,demo,zoom_in,4,12,1695.232667,1696.347333,1696.361167,2079
2,ko,NanumMyeongjo-Regular,master,demo,zoom_out,4,12,1127.826417,1129.076417,1129.100667,1392
2,ko,NanumMyeongjo-Regular,master,demo,pan,4,10,206.133500,207.704400,207.733500,0
2,zh,NotoSerifSC[wght],final,demo,first_paint,0,1,6391.917000,6398.375000,6398.375000,154
2,zh,NotoSerifSC[wght],final,demo,warm,0,30,200.261133,201.848700,201.873667,0
2,zh,NotoSerifSC[wght],final,demo,zoom_in,0,12,5868.406250,5869.691000,5869.715333,1648
2,zh,NotoSerifSC[wght],final,demo,zoom_out,0,12,3178.010500,3179.399417,3179.420250,1102
2,zh,NotoSerifSC[wght],final,demo,pan,0,10,203.741800,205.441600,205.449900,0
2,zh,NotoSerifSC[wght],final,demo,first_paint,1,1,6309.209000,6312.084000,6312.125000,154
2,zh,NotoSerifSC[wght],final,demo,warm,1,30,199.518000,201.224933,201.247100,0
2,zh,NotoSerifSC[wght],final,demo,zoom_in,1,12,5769.427167,5770.656250,5770.673667,1648
2,zh,NotoSerifSC[wght],final,demo,zoom_out,1,12,3156.111333,3157.437667,3157.448167,1102
2,zh,NotoSerifSC[wght],final,demo,pan,1,10,202.195800,203.866700,203.895900,0
2,zh,NotoSerifSC[wght],final,demo,first_paint,2,1,6121.417000,6124.250000,6124.250000,154
2,zh,NotoSerifSC[wght],final,demo,warm,2,30,198.870933,200.476400,200.498700,0
2,zh,NotoSerifSC[wght],final,demo,zoom_in,2,12,5928.260417,5929.656250,5929.677083,1648
2,zh,NotoSerifSC[wght],final,demo,zoom_out,2,12,3157.965333,3159.277917,3159.305500,1102
2,zh,NotoSerifSC[wght],final,demo,pan,2,10,201.229300,202.862500,202.879200,0
2,zh,NotoSerifSC[wght],final,demo,first_paint,3,1,6270.042000,6273.000000,6273.000000,154
2,zh,NotoSerifSC[wght],final,demo,warm,3,30,198.119400,199.743133,199.763933,0
2,zh,NotoSerifSC[wght],final,demo,zoom_in,3,12,5952.979000,5954.520750,5954.545000,1648
2,zh,NotoSerifSC[wght],final,demo,zoom_out,3,12,3141.729250,3143.017500,3143.031333,1102
2,zh,NotoSerifSC[wght],final,demo,pan,3,10,200.062300,201.720800,201.737600,0
2,zh,NotoSerifSC[wght],final,demo,first_paint,4,1,6091.041000,6093.375000,6093.375000,154
2,zh,NotoSerifSC[wght],final,demo,warm,4,30,198.048633,199.707000,199.724967,0
2,zh,NotoSerifSC[wght],final,demo,zoom_in,4,12,5726.389000,5727.461833,5727.482667,1648
2,zh,NotoSerifSC[wght],final,demo,zoom_out,4,12,3144.093750,3145.340333,3145.357500,1102
2,zh,NotoSerifSC[wght],final,demo,pan,4,10,199.066700,200.658500,200.670900,0
2,zh,NotoSerifSC[wght],no_retention,demo,first_paint,0,1,6393.583000,6397.875000,6397.875000,154
2,zh,NotoSerifSC[wght],no_retention,demo,warm,0,30,201.969500,203.547267,203.572200,0
2,zh,NotoSerifSC[wght],no_retention,demo,zoom_in,0,12,5948.607500,5949.944333,5949.975583,1648
2,zh,NotoSerifSC[wght],no_retention,demo,zoom_out,0,12,3189.024417,3190.420250,3190.434250,1102
2,zh,NotoSerifSC[wght],no_retention,demo,pan,0,10,200.466600,202.137500,202.158300,0
2,zh,NotoSerifSC[wght],no_retention,demo,first_paint,1,1,6122.875000,6125.084000,6125.084000,154
2,zh,NotoSerifSC[wght],no_retention,demo,warm,1,30,202.402667,204.091667,204.119400,0
2,zh,NotoSerifSC[wght],no_retention,demo,zoom_in,1,12,5890.684000,5891.878417,5891.906250,1648
2,zh,NotoSerifSC[wght],no_retention,demo,zoom_out,1,12,3146.468583,3147.777833,3147.788333,1102
2,zh,NotoSerifSC[wght],no_retention,demo,pan,1,10,205.633200,207.274700,207.304000,0
2,zh,NotoSerifSC[wght],no_retention,demo,first_paint,2,1,6277.833000,6279.708000,6279.750000,154
2,zh,NotoSerifSC[wght],no_retention,demo,warm,2,30,196.063833,197.647267,197.661167,0
2,zh,NotoSerifSC[wght],no_retention,demo,zoom_in,2,12,5831.284833,5832.451333,5832.475750,1648
2,zh,NotoSerifSC[wght],no_retention,demo,zoom_out,2,12,3133.076250,3134.340167,3134.357500,1102
2,zh,NotoSerifSC[wght],no_retention,demo,pan,2,10,199.258300,200.837600,200.854200,0
2,zh,NotoSerifSC[wght],no_retention,demo,first_paint,3,1,6231.875000,6234.125000,6234.125000,154
2,zh,NotoSerifSC[wght],no_retention,demo,warm,3,30,195.809700,197.393033,197.409633,0
2,zh,NotoSerifSC[wght],no_retention,demo,zoom_in,3,12,5516.010417,5517.124833,5517.142083,1648
2,zh,NotoSerifSC[wght],no_retention,demo,zoom_out,3,12,3051.784833,3053.204917,3053.232750,1102
2,zh,NotoSerifSC[wght],no_retention,demo,pan,3,10,204.841600,206.504000,206.529200,0
2,zh,NotoSerifSC[wght],no_retention,demo,first_paint,4,1,6247.667000,6249.833000,6249.833000,154
2,zh,NotoSerifSC[wght],no_retention,demo,warm,4,30,197.400067,198.892967,198.912467,0
2,zh,NotoSerifSC[wght],no_retention,demo,zoom_in,4,12,5793.035000,5794.205167,5794.218833,1648
2,zh,NotoSerifSC[wght],no_retention,demo,zoom_out,4,12,3150.937333,3152.239500,3152.267333,1102
2,zh,NotoSerifSC[wght],no_retention,demo,pan,4,10,204.216600,205.841700,205.854300,0
2,zh,NotoSerifSC[wght],master,demo,first_paint,0,1,6744.000000,6749.083000,6749.125000,154
2,zh,NotoSerifSC[wght],master,demo,warm,0,30,204.152733,205.742967,205.755433,0
2,zh,NotoSerifSC[wght],master,demo,zoom_in,0,12,6056.392417,6057.621667,6057.639167,1648
2,zh,NotoSerifSC[wght],master,demo,zoom_out,0,12,3174.847167,3176.242833,3176.249750,1102
2,zh,NotoSerifSC[wght],master,demo,pan,0,10,202.912600,204.629200,204.646000,0
2,zh,NotoSerifSC[wght],master,demo,first_paint,1,1,6378.500000,6380.875000,6380.875000,154
2,zh,NotoSerifSC[wght],master,demo,warm,1,30,198.551400,200.240333,200.257033,0
2,zh,NotoSerifSC[wght],master,demo,zoom_in,1,12,6044.986000,6046.579667,6046.593667,1648
2,zh,NotoSerifSC[wght],master,demo,zoom_out,1,12,3220.809250,3222.347250,3222.364750,1102
2,zh,NotoSerifSC[wght],master,demo,pan,1,10,206.808400,208.658400,208.687500,0
2,zh,NotoSerifSC[wght],master,demo,first_paint,2,1,6452.875000,6455.584000,6455.584000,154
2,zh,NotoSerifSC[wght],master,demo,warm,2,30,198.976333,200.554167,200.579100,0
2,zh,NotoSerifSC[wght],master,demo,zoom_in,2,12,5917.051917,5918.184000,5918.204833,1648
2,zh,NotoSerifSC[wght],master,demo,zoom_out,2,12,3179.458250,3180.815750,3180.836750,1102
2,zh,NotoSerifSC[wght],master,demo,pan,2,10,204.262400,205.903900,205.924900,0
2,zh,NotoSerifSC[wght],master,demo,first_paint,3,1,6349.166000,6351.166000,6351.208000,154
2,zh,NotoSerifSC[wght],master,demo,warm,3,30,197.663967,199.248733,199.269467,0
2,zh,NotoSerifSC[wght],master,demo,zoom_in,3,12,5927.083333,5928.260333,5928.277750,1648
2,zh,NotoSerifSC[wght],master,demo,zoom_out,3,12,3149.576417,3150.791833,3150.812583,1102
2,zh,NotoSerifSC[wght],master,demo,pan,3,10,204.737500,206.354200,206.379100,0
2,zh,NotoSerifSC[wght],master,demo,first_paint,4,1,6339.625000,6342.209000,6342.209000,154
2,zh,NotoSerifSC[wght],master,demo,warm,4,30,196.990333,198.558400,198.580633,0
2,zh,NotoSerifSC[wght],master,demo,zoom_in,4,12,5852.531250,5853.732583,5853.757000,1648
2,zh,NotoSerifSC[wght],master,demo,zoom_out,4,12,3179.718750,3181.031333,3181.045167,1102
2,zh,NotoSerifSC[wght],master,demo,pan,4,10,201.970800,203.729000,203.737400,0
2,zh,BabelStoneHan,final,demo,first_paint,0,1,2034.291000,2039.958000,2039.958000,145
2,zh,BabelStoneHan,final,demo,warm,0,30,202.143167,203.661200,203.697233,0
2,zh,BabelStoneHan,final,demo,zoom_in,0,12,1735.874917,1737.083167,1737.118000,1643
2,zh,BabelStoneHan,final,demo,zoom_out,0,12,1061.854083,1063.124917,1063.145750,1099
2,zh,BabelStoneHan,final,demo,pan,0,10,202.729200,204.416600,204.433200,0
2,zh,BabelStoneHan,final,demo,first_paint,1,1,1691.667000,1693.750000,1693.792000,145
2,zh,BabelStoneHan,final,demo,warm,1,30,199.186100,200.805367,200.841533,0
2,zh,BabelStoneHan,final,demo,zoom_in,1,12,1666.246583,1667.517333,1667.534750,1643
2,zh,BabelStoneHan,final,demo,zoom_out,1,12,1046.013833,1047.281083,1047.305417,1099
2,zh,BabelStoneHan,final,demo,pan,1,10,196.583400,198.187500,198.204000,0
2,zh,BabelStoneHan,final,demo,first_paint,2,1,1666.333000,1668.667000,1668.667000,145
2,zh,BabelStoneHan,final,demo,warm,2,30,190.261100,191.754300,191.781967,0
2,zh,BabelStoneHan,final,demo,zoom_in,2,12,1735.816000,1737.100833,1737.114750,1643
2,zh,BabelStoneHan,final,demo,zoom_out,2,12,1046.933833,1048.242833,1048.260167,1099
2,zh,BabelStoneHan,final,demo,pan,2,10,201.304200,202.904200,202.929200,0
2,zh,BabelStoneHan,final,demo,first_paint,3,1,1679.167000,1681.584000,1681.625000,145
2,zh,BabelStoneHan,final,demo,warm,3,30,197.288967,198.863900,198.901467,0
2,zh,BabelStoneHan,final,demo,zoom_in,3,12,1670.173500,1671.295167,1671.316000,1643
2,zh,BabelStoneHan,final,demo,zoom_out,3,12,1050.743167,1052.055583,1052.069417,1099
2,zh,BabelStoneHan,final,demo,pan,3,10,198.358200,200.003900,200.012200,0
2,zh,BabelStoneHan,final,demo,first_paint,4,1,1711.500000,1713.833000,1713.833000,145
2,zh,BabelStoneHan,final,demo,warm,4,30,199.141733,200.851500,200.890433,0
2,zh,BabelStoneHan,final,demo,zoom_in,4,12,1828.396083,1830.017583,1830.045250,1643
2,zh,BabelStoneHan,final,demo,zoom_out,4,12,1083.916833,1085.163167,1085.191000,1099
2,zh,BabelStoneHan,final,demo,pan,4,10,194.941700,196.466500,196.483300,0
2,zh,BabelStoneHan,no_retention,demo,first_paint,0,1,2151.917000,2155.917000,2155.917000,145
2,zh,BabelStoneHan,no_retention,demo,warm,0,30,201.808200,203.373567,203.393033,0
2,zh,BabelStoneHan,no_retention,demo,zoom_in,0,12,1723.864583,1725.076500,1725.104333,1643
2,zh,BabelStoneHan,no_retention,demo,zoom_out,0,12,1079.336833,1080.687500,1080.708500,1099
2,zh,BabelStoneHan,no_retention,demo,pan,0,10,205.516800,207.183300,207.200000,0
2,zh,BabelStoneHan,no_retention,demo,first_paint,1,1,1676.000000,1678.042000,1678.042000,145
2,zh,BabelStoneHan,no_retention,demo,warm,1,30,199.181967,200.833300,200.859733,0
2,zh,BabelStoneHan,no_retention,demo,zoom_in,1,12,1670.326333,1671.541417,1671.576250,1643
2,zh,BabelStoneHan,no_retention,demo,zoom_out,1,12,1050.451333,1051.718583,1051.725500,1099
2,zh,BabelStoneHan,no_retention,demo,pan,1,10,192.316600,193.916800,193.933400,0
2,zh,BabelStoneHan,no_retention,demo,first_paint,2,1,1630.167000,1632.375000,1632.375000,145
2,zh,BabelStoneHan,no_retention,demo,warm,2,30,197.787467,199.469367,199.491600,0
2,zh,BabelStoneHan,no_retention,demo,zoom_in,2,12,1642.000000,1643.159583,1643.194417,1643
2,zh,BabelStoneHan,no_retention,demo,zoom_out,2,12,1050.750083,1052.000000,1052.024417,1099
2,zh,BabelStoneHan,no_retention,demo,pan,2,10,197.895500,199.499800,199.529000,0
2,zh,BabelStoneHan,no_retention,demo,first_paint,3,1,1622.666000,1625.333000,1625.375000,145
2,zh,BabelStoneHan,no_retention,demo,warm,3,30,196.504067,198.159633,198.186100,0
2,zh,BabelStoneHan,no_retention,demo,zoom_in,3,12,1624.246500,1625.350750,1625.375083,1643
2,zh,BabelStoneHan,no_retention,demo,zoom_out,3,12,1048.170500,1049.472583,1049.497000,1099
2,zh,BabelStoneHan,no_retention,demo,pan,3,10,196.983500,198.650100,198.670900,0
2,zh,BabelStoneHan,no_retention,demo,first_paint,4,1,1654.375000,1656.333000,1656.375000,145
2,zh,BabelStoneHan,no_retention,demo,warm,4,30,198.830467,200.461100,200.477833,0
2,zh,BabelStoneHan,no_retention,demo,zoom_in,4,12,1643.274333,1644.395833,1644.413250,1643
2,zh,BabelStoneHan,no_retention,demo,zoom_out,4,12,1058.465333,1059.694417,1059.722250,1099
2,zh,BabelStoneHan,no_retention,demo,pan,4,10,198.883400,200.487500,200.512500,0
2,zh,BabelStoneHan,master,demo,first_paint,0,1,2001.333000,2005.458000,2005.458000,145
2,zh,BabelStoneHan,master,demo,warm,0,30,199.945767,201.536067,201.561033,0
2,zh,BabelStoneHan,master,demo,zoom_in,0,12,1714.451500,1715.573083,1715.590417,1643
2,zh,BabelStoneHan,master,demo,zoom_out,0,12,1074.958417,1076.263917,1076.288250,1099
2,zh,BabelStoneHan,master,demo,pan,0,10,200.724900,202.329300,202.349900,0
2,zh,BabelStoneHan,master,demo,first_paint,1,1,1673.458000,1675.583000,1675.583000,145
2,zh,BabelStoneHan,master,demo,warm,1,30,197.655567,199.268067,199.291733,0
2,zh,BabelStoneHan,master,demo,zoom_in,1,12,1680.545000,1681.590250,1681.610917,1643
2,zh,BabelStoneHan,master,demo,zoom_out,1,12,1065.961833,1067.288167,1067.298583,1099
2,zh,BabelStoneHan,master,demo,pan,1,10,200.587500,202.320900,202.349900,0
2,zh,BabelStoneHan,master,demo,first_paint,2,1,1703.584000,1705.667000,1705.667000,145
2,zh,BabelStoneHan,master,demo,warm,2,30,194.750000,196.231933,196.258367,0
2,zh,BabelStoneHan,master,demo,zoom_in,2,12,1737.611083,1738.847250,1738.871667,1643
2,zh,BabelStoneHan,master,demo,zoom_out,2,12,1066.767250,1068.010417,1068.034667,1099
2,zh,BabelStoneHan,master,demo,pan,2,10,196.533200,198.150100,198.166900,0
2,zh,BabelStoneHan,master,demo,first_paint,3,1,1673.042000,1675.250000,1675.250000,145
2,zh,BabelStoneHan,master,demo,warm,3,30,197.280600,198.897267,198.919467,0
2,zh,BabelStoneHan,master,demo,zoom_in,3,12,1672.399167,1673.468667,1673.496500,1643
2,zh,BabelStoneHan,master,demo,zoom_out,3,12,1063.527750,1064.816000,1064.843833,1099
2,zh,BabelStoneHan,master,demo,pan,3,10,197.304300,198.912800,198.929300,0
2,zh,BabelStoneHan,master,demo,first_paint,4,1,1638.083000,1640.125000,1640.166000,145
2,zh,BabelStoneHan,master,demo,warm,4,30,198.643067,200.316667,200.340233,0
2,zh,BabelStoneHan,master,demo,zoom_in,4,12,1666.788250,1667.961667,1667.986083,1643
2,zh,BabelStoneHan,master,demo,zoom_out,4,12,1043.493000,1044.749750,1044.774250,1099
2,zh,BabelStoneHan,master,demo,pan,4,10,192.487500,194.058500,194.062700,0
2,en,Rye-Regular,final,demo,first_paint,0,1,3872.833000,3878.541000,3878.583000,274
2,en,Rye-Regular,final,demo,warm,0,30,215.419500,217.073500,217.112500,0
2,en,Rye-Regular,final,demo,zoom_in,0,12,3415.100833,3416.354250,3416.371500,2938
2,en,Rye-Regular,final,demo,zoom_out,0,12,2262.777750,2264.142333,2264.163167,1945
2,en,Rye-Regular,final,demo,pan,0,10,221.325200,223.175100,223.200000,0
2,en,Rye-Regular,final,demo,first_paint,1,1,3575.792000,3577.750000,3577.792000,274
2,en,Rye-Regular,final,demo,warm,1,30,211.640200,213.284600,213.322200,0
2,en,Rye-Regular,final,demo,zoom_in,1,12,3415.378583,3416.632083,3416.652833,2938
2,en,Rye-Regular,final,demo,zoom_out,1,12,2273.659750,2274.944333,2274.958333,1945
2,en,Rye-Regular,final,demo,pan,1,10,218.258300,219.879000,219.895700,0
2,en,Rye-Regular,final,demo,first_paint,2,1,3584.709000,3586.875000,3586.875000,274
2,en,Rye-Regular,final,demo,warm,2,30,205.351467,206.884900,206.924967,0
2,en,Rye-Regular,final,demo,zoom_in,2,12,3423.267583,3424.472167,3424.496500,2938
2,en,Rye-Regular,final,demo,zoom_out,2,12,2293.267417,2294.638917,2294.656250,1945
2,en,Rye-Regular,final,demo,pan,2,10,217.583400,219.162500,219.175100,0
2,en,Rye-Regular,final,demo,first_paint,3,1,3535.958000,3537.791000,3537.833000,274
2,en,Rye-Regular,final,demo,warm,3,30,207.130533,208.695833,208.733333,0
2,en,Rye-Regular,final,demo,zoom_in,3,12,3355.940917,3357.215250,3357.236000,2938
2,en,Rye-Regular,final,demo,zoom_out,3,12,2246.235917,2247.503167,2247.524000,1945
2,en,Rye-Regular,final,demo,pan,3,10,212.287500,213.816800,213.829400,0
2,en,Rye-Regular,final,demo,first_paint,4,1,3579.916000,3581.875000,3581.916000,274
2,en,Rye-Regular,final,demo,warm,4,30,208.711100,210.255500,210.295833,0
2,en,Rye-Regular,final,demo,zoom_in,4,12,3402.743000,3403.947917,3403.982667,2938
2,en,Rye-Regular,final,demo,zoom_out,4,12,2245.524333,2246.850667,2246.871667,1945
2,en,Rye-Regular,final,demo,pan,4,10,213.154000,214.883200,214.908200,0
2,en,Rye-Regular,no_retention,demo,first_paint,0,1,6743.084000,6746.917000,6746.959000,274
2,en,Rye-Regular,no_retention,demo,warm,0,30,217.005633,218.754200,218.780633,0
2,en,Rye-Regular,no_retention,demo,zoom_in,0,12,6008.781167,6010.069500,6010.097250,2938
2,en,Rye-Regular,no_retention,demo,zoom_out,0,12,3910.618000,3912.114417,3912.131917,1945
2,en,Rye-Regular,no_retention,demo,pan,0,10,227.337400,229.149800,229.170700,0
2,en,Rye-Regular,no_retention,demo,first_paint,1,1,6152.875000,6156.833000,6156.833000,274
2,en,Rye-Regular,no_retention,demo,warm,1,30,216.787433,218.443000,218.459567,0
2,en,Rye-Regular,no_retention,demo,zoom_in,1,12,5961.517250,5962.753417,5962.781250,2938
2,en,Rye-Regular,no_retention,demo,zoom_out,1,12,3873.309167,3874.718833,3874.739750,1945
2,en,Rye-Regular,no_retention,demo,pan,1,10,217.683100,219.312400,219.329000,0
2,en,Rye-Regular,no_retention,demo,first_paint,2,1,6140.250000,6142.166000,6142.166000,274
2,en,Rye-Regular,no_retention,demo,warm,2,30,216.166667,217.784700,217.808300,0
2,en,Rye-Regular,no_retention,demo,zoom_in,2,12,5954.093750,5955.746583,5955.763917,2938
2,en,Rye-Regular,no_retention,demo,zoom_out,2,12,3967.468833,3969.086917,3969.111083,1945
2,en,Rye-Regular,no_retention,demo,pan,2,10,216.895700,218.608200,218.624700,0
2,en,Rye-Regular,no_retention,demo,first_paint,3,1,6107.209000,6109.334000,6109.375000,274
2,en,Rye-Regular,no_retention,demo,warm,3,30,213.295800,214.962467,214.983233,0
2,en,Rye-Regular,no_retention,demo,zoom_in,3,12,5869.902750,5871.169917,5871.187250,2938
2,en,Rye-Regular,no_retention,demo,zoom_out,3,12,3879.920167,3881.218750,3881.239500,1945
2,en,Rye-Regular,no_retention,demo,pan,3,10,218.695800,220.350000,220.366600,0
2,en,Rye-Regular,no_retention,demo,first_paint,4,1,6211.000000,6212.791000,6212.833000,274
2,en,Rye-Regular,no_retention,demo,warm,4,30,218.966700,220.638867,220.656967,0
2,en,Rye-Regular,no_retention,demo,zoom_in,4,12,5931.423667,5932.958250,5932.979167,2938
2,en,Rye-Regular,no_retention,demo,zoom_out,4,12,4044.423583,4045.944417,4045.965250,1945
2,en,Rye-Regular,no_retention,demo,pan,4,10,217.879100,219.566600,219.579100,0
2,en,Rye-Regular,master,demo,first_paint,0,1,6867.542000,6871.792000,6871.834000,274
2,en,Rye-Regular,master,demo,warm,0,30,222.104167,223.737533,223.775000,0
2,en,Rye-Regular,master,demo,zoom_in,0,12,6119.875000,6121.510333,6121.534750,2938
2,en,Rye-Regular,master,demo,zoom_out,0,12,3989.232417,3990.809000,3990.822833,1945
2,en,Rye-Regular,master,demo,pan,0,10,215.187300,216.870600,216.891400,0
2,en,Rye-Regular,master,demo,first_paint,1,1,5957.625000,5959.959000,5959.959000,274
2,en,Rye-Regular,master,demo,warm,1,30,213.394500,215.054167,215.094500,0
2,en,Rye-Regular,master,demo,zoom_in,1,12,6009.198000,6010.448000,6010.475833,2938
2,en,Rye-Regular,master,demo,zoom_out,1,12,3919.316000,3920.732667,3920.753583,1945
2,en,Rye-Regular,master,demo,pan,1,10,221.020900,222.712500,222.741600,0
2,en,Rye-Regular,master,demo,first_paint,2,1,6194.583000,6196.583000,6196.625000,274
2,en,Rye-Regular,master,demo,warm,2,30,212.058333,213.745800,213.784767,0
2,en,Rye-Regular,master,demo,zoom_in,2,12,5916.465333,5917.795167,5917.812500,2938
2,en,Rye-Regular,master,demo,zoom_out,2,12,3923.350583,3924.694583,3924.715500,1945
2,en,Rye-Regular,master,demo,pan,2,10,212.395900,213.966700,213.987700,0
2,en,Rye-Regular,master,demo,first_paint,3,1,6186.167000,6188.292000,6188.292000,274
2,en,Rye-Regular,master,demo,warm,3,30,211.469433,213.047333,213.086100,0
2,en,Rye-Regular,master,demo,zoom_in,3,12,5944.510500,5945.833500,5945.854417,2938
2,en,Rye-Regular,master,demo,zoom_out,3,12,3956.315917,3957.576167,3957.593500,1945
2,en,Rye-Regular,master,demo,pan,3,10,213.833200,215.379000,215.399900,0
2,en,Rye-Regular,master,demo,first_paint,4,1,6301.000000,6302.875000,6302.917000,274
2,en,Rye-Regular,master,demo,warm,4,30,210.443067,212.077700,212.118100,0
2,en,Rye-Regular,master,demo,zoom_in,4,12,5975.548583,5976.826333,5976.847250,2938
2,en,Rye-Regular,master,demo,zoom_out,4,12,3921.121417,3922.465167,3922.479083,1945
2,en,Rye-Regular,master,demo,pan,4,10,212.475000,214.145700,214.174900,0
3,en,NanumMyeongjo-Regular,no_retention,demo,first_paint,0,1,1998.958000,2003.208000,2003.250000,275
3,en,NanumMyeongjo-Regular,no_retention,demo,warm,0,30,214.272300,215.961033,215.984700,0
3,en,NanumMyeongjo-Regular,no_retention,demo,zoom_in,0,12,1522.482750,1523.645917,1523.670250,2919
3,en,NanumMyeongjo-Regular,no_retention,demo,zoom_out,0,12,1030.802167,1032.132000,1032.156333,1925
3,en,NanumMyeongjo-Regular,no_retention,demo,pan,0,10,221.804100,223.575100,223.600000,0
3,en,NanumMyeongjo-Regular,no_retention,demo,first_paint,1,1,1613.333000,1615.792000,1615.792000,275
3,en,NanumMyeongjo-Regular,no_retention,demo,warm,1,30,213.576400,215.308267,215.329200,0
3,en,NanumMyeongjo-Regular,no_retention,demo,zoom_in,1,12,1508.857667,1510.010333,1510.031250,2919
3,en,NanumMyeongjo-Regular,no_retention,demo,zoom_out,1,12,1023.541667,1024.881750,1024.906167,1925
3,en,NanumMyeongjo-Regular,no_retention,demo,pan,1,10,205.008100,206.662100,206.683100,0
3,en,NanumMyeongjo-Regular,no_retention,demo,first_paint,2,1,1543.291000,1545.541000,1545.541000,275
3,en,NanumMyeongjo-Regular,no_retention,demo,warm,2,30,207.742900,209.338767,209.352667,0
3,en,NanumMyeongjo-Regular,no_retention,demo,zoom_in,2,12,1495.427250,1496.694500,1496.711917,2919
3,en,NanumMyeongjo-Regular,no_retention,demo,zoom_out,2,12,1027.760417,1029.024250,1029.052083,1925
3,en,NanumMyeongjo-Regular,no_retention,demo,pan,2,10,213.224900,214.870700,214.891600,0
3,en,NanumMyeongjo-Regular,no_retention,demo,first_paint,3,1,1573.625000,1575.667000,1575.709000,275
3,en,NanumMyeongjo-Regular,no_retention,demo,warm,3,30,208.313900,209.927867,209.947267,0
3,en,NanumMyeongjo-Regular,no_retention,demo,zoom_in,3,12,1493.173583,1494.347083,1494.378500,2919
3,en,NanumMyeongjo-Regular,no_retention,demo,zoom_out,3,12,1013.927083,1015.187583,1015.211917,1925
3,en,NanumMyeongjo-Regular,no_retention,demo,pan,3,10,216.516600,218.324900,218.345900,0
3,en,NanumMyeongjo-Regular,no_retention,demo,first_paint,4,1,1567.083000,1568.833000,1568.833000,275
3,en,NanumMyeongjo-Regular,no_retention,demo,warm,4,30,225.095833,226.848500,226.876367,0
3,en,NanumMyeongjo-Regular,no_retention,demo,zoom_in,4,12,1498.142250,1499.281167,1499.298417,2919
3,en,NanumMyeongjo-Regular,no_retention,demo,zoom_out,4,12,1026.086750,1027.416917,1027.430750,1925
3,en,NanumMyeongjo-Regular,no_retention,demo,pan,4,10,216.179300,217.841800,217.862800,0
3,en,NanumMyeongjo-Regular,master,demo,first_paint,0,1,1938.959000,1942.834000,1942.834000,275
3,en,NanumMyeongjo-Regular,master,demo,warm,0,30,212.341667,213.987567,214.009767,0
3,en,NanumMyeongjo-Regular,master,demo,zoom_in,0,12,1537.934000,1539.118167,1539.139000,2919
3,en,NanumMyeongjo-Regular,master,demo,zoom_out,0,12,1053.444500,1054.774333,1054.802083,1925
3,en,NanumMyeongjo-Regular,master,demo,pan,0,10,215.029100,216.654100,216.679100,0
3,en,NanumMyeongjo-Regular,master,demo,first_paint,1,1,1586.208000,1588.083000,1588.083000,275
3,en,NanumMyeongjo-Regular,master,demo,warm,1,30,211.191600,212.787400,212.815267,0
3,en,NanumMyeongjo-Regular,master,demo,zoom_in,1,12,1529.097250,1530.336833,1530.354167,2919
3,en,NanumMyeongjo-Regular,master,demo,zoom_out,1,12,1012.256833,1013.600750,1013.621667,1925
3,en,NanumMyeongjo-Regular,master,demo,pan,1,10,212.158300,213.799800,213.808200,0
3,en,NanumMyeongjo-Regular,master,demo,first_paint,2,1,1594.125000,1596.042000,1596.042000,275
3,en,NanumMyeongjo-Regular,master,demo,warm,2,30,209.187467,210.806900,210.823600,0
3,en,NanumMyeongjo-Regular,master,demo,zoom_in,2,12,1547.031333,1548.284917,1548.302167,2919
3,en,NanumMyeongjo-Regular,master,demo,zoom_out,2,12,1008.826333,1010.135250,1010.149250,1925
3,en,NanumMyeongjo-Regular,master,demo,pan,2,10,212.004300,213.700000,213.720700,0
3,en,NanumMyeongjo-Regular,master,demo,first_paint,3,1,1584.667000,1586.667000,1586.708000,275
3,en,NanumMyeongjo-Regular,master,demo,warm,3,30,206.074900,207.641567,207.666600,0
3,en,NanumMyeongjo-Regular,master,demo,zoom_in,3,12,1517.128500,1518.204917,1518.222167,2919
3,en,NanumMyeongjo-Regular,master,demo,zoom_out,3,12,1037.298750,1038.545333,1038.566167,1925
3,en,NanumMyeongjo-Regular,master,demo,pan,3,10,213.937400,215.554100,215.570800,0
3,en,NanumMyeongjo-Regular,master,demo,first_paint,4,1,1624.166000,1626.083000,1626.083000,275
3,en,NanumMyeongjo-Regular,master,demo,warm,4,30,208.683367,210.266667,210.290333,0
3,en,NanumMyeongjo-Regular,master,demo,zoom_in,4,12,1525.482583,1526.600667,1526.618000,2919
3,en,NanumMyeongjo-Regular,master,demo,zoom_out,4,12,1034.347250,1035.625167,1035.645917,1925
3,en,NanumMyeongjo-Regular,master,demo,pan,4,10,206.175000,207.745900,207.762700,0
3,en,NanumMyeongjo-Regular,final,demo,first_paint,0,1,1641.708000,1647.250000,1647.250000,275
3,en,NanumMyeongjo-Regular,final,demo,warm,0,30,221.501500,223.165367,223.180567,0
3,en,NanumMyeongjo-Regular,final,demo,zoom_in,0,12,1315.982750,1317.305667,1317.333333,2919
3,en,NanumMyeongjo-Regular,final,demo,zoom_out,0,12,892.888833,894.253500,894.267250,1925
3,en,NanumMyeongjo-Regular,final,demo,pan,0,10,215.270700,217.020800,217.033400,0
3,en,NanumMyeongjo-Regular,final,demo,first_paint,1,1,1319.708000,1321.916000,1321.916000,275
3,en,NanumMyeongjo-Regular,final,demo,warm,1,30,218.500033,220.268133,220.293133,0
3,en,NanumMyeongjo-Regular,final,demo,zoom_in,1,12,1257.909583,1259.114500,1259.138833,2919
3,en,NanumMyeongjo-Regular,final,demo,zoom_out,1,12,891.080000,892.576583,892.604250,1925
3,en,NanumMyeongjo-Regular,final,demo,pan,1,10,213.058300,214.770700,214.800000,0
3,en,NanumMyeongjo-Regular,final,demo,first_paint,2,1,1324.208000,1326.333000,1326.375000,275
3,en,NanumMyeongjo-Regular,final,demo,warm,2,30,213.220767,214.758333,214.780467,0
3,en,NanumMyeongjo-Regular,final,demo,zoom_in,2,12,1261.499917,1262.694417,1262.718583,2919
3,en,NanumMyeongjo-Regular,final,demo,zoom_out,2,12,866.889000,868.149417,868.166833,1925
3,en,NanumMyeongjo-Regular,final,demo,pan,2,10,214.425000,216.100200,216.120900,0
3,en,NanumMyeongjo-Regular,final,demo,first_paint,3,1,1289.584000,1291.709000,1291.709000,275
3,en,NanumMyeongjo-Regular,final,demo,warm,3,30,210.893033,212.539000,212.561167,0
3,en,NanumMyeongjo-Regular,final,demo,zoom_in,3,12,1251.975500,1253.065917,1253.079833,2919
3,en,NanumMyeongjo-Regular,final,demo,zoom_out,3,12,862.979167,864.281333,864.302167,1925
3,en,NanumMyeongjo-Regular,final,demo,pan,3,10,214.749900,216.395800,216.421000,0
3,en,NanumMyeongjo-Regular,final,demo,first_paint,4,1,1313.000000,1315.041000,1315.083000,275
3,en,NanumMyeongjo-Regular,final,demo,warm,4,30,206.519467,208.054033,208.067900,0
3,en,NanumMyeongjo-Regular,final,demo,zoom_in,4,12,1279.371500,1280.565917,1280.583333,2919
3,en,NanumMyeongjo-Regular,final,demo,zoom_out,4,12,857.361083,858.652833,858.666750,1925
3,en,NanumMyeongjo-Regular,final,demo,pan,4,10,215.737400,217.420600,217.441500,0
3,en,NotoSerifSC[wght],no_retention,demo,first_paint,0,1,4485.541000,4489.416000,4489.458000,282
3,en,NotoSerifSC[wght],no_retention,demo,warm,0,30,215.629067,217.287400,217.304100,0
3,en,NotoSerifSC[wght],no_retention,demo,zoom_in,0,12,3940.326333,3941.604000,3941.638750,2924
3,en,NotoSerifSC[wght],no_retention,demo,zoom_out,0,12,2190.052000,2191.350750,2191.371500,1972
3,en,NotoSerifSC[wght],no_retention,demo,pan,0,10,209.145800,210.637500,210.662400,0
3,en,NotoSerifSC[wght],no_retention,demo,first_paint,1,1,4035.709000,4038.000000,4038.042000,282
3,en,NotoSerifSC[wght],no_retention,demo,warm,1,30,210.122233,211.687500,211.705533,0
3,en,NotoSerifSC[wght],no_retention,demo,zoom_in,1,12,3934.242833,3935.419917,3935.433833,2924
3,en,NotoSerifSC[wght],no_retention,demo,zoom_out,1,12,2186.510500,2187.788417,2187.805833,1972
3,en,NotoSerifSC[wght],no_retention,demo,pan,1,10,214.200200,215.821000,215.837700,0
3,en,NotoSerifSC[wght],no_retention,demo,first_paint,2,1,4116.375000,4118.333000,4118.375000,282
3,en,NotoSerifSC[wght],no_retention,demo,warm,2,30,216.725000,218.327833,218.356967,0
3,en,NotoSerifSC[wght],no_retention,demo,zoom_in,2,12,3938.163083,3939.416583,3939.440750,2924
3,en,NotoSerifSC[wght],no_retention,demo,zoom_out,2,12,2178.673583,2180.059000,2180.090250,1972
3,en,NotoSerifSC[wght],no_retention,demo,pan,2,10,209.379000,210.929000,210.958200,0
3,en,NotoSerifSC[wght],no_retention,demo,first_paint,3,1,4084.666000,4086.750000,4086.750000,282
3,en,NotoSerifSC[wght],no_retention,demo,warm,3,30,212.047100,213.626300,213.649967,0
3,en,NotoSerifSC[wght],no_retention,demo,zoom_in,3,12,3943.947833,3945.093917,3945.118167,2924
3,en,NotoSerifSC[wght],no_retention,demo,zoom_out,3,12,2180.854000,2182.156167,2182.176917,1972
3,en,NotoSerifSC[wght],no_retention,demo,pan,3,10,214.079200,215.720900,215.737600,0
3,en,NotoSerifSC[wght],no_retention,demo,first_paint,4,1,4281.625000,4284.834000,4284.834000,282
3,en,NotoSerifSC[wght],no_retention,demo,warm,4,30,210.745733,212.799967,212.815267,0
3,en,NotoSerifSC[wght],no_retention,demo,zoom_in,4,12,3912.972250,3914.094000,3914.114750,2924
3,en,NotoSerifSC[wght],no_retention,demo,zoom_out,4,12,2209.687417,2210.947750,2210.968583,1972
3,en,NotoSerifSC[wght],no_retention,demo,pan,4,10,216.616700,218.316600,218.337500,0
3,en,NotoSerifSC[wght],master,demo,first_paint,0,1,4512.125000,4515.958000,4515.958000,282
3,en,NotoSerifSC[wght],master,demo,warm,0,30,215.580667,217.226400,217.262600,0
3,en,NotoSerifSC[wght],master,demo,zoom_in,0,12,3973.514167,3974.830083,3974.850750,2924
3,en,NotoSerifSC[wght],master,demo,zoom_out,0,12,2252.027583,2253.510333,2253.527750,1972
3,en,NotoSerifSC[wght],master,demo,pan,0,10,211.312700,212.908500,212.920900,0
3,en,NotoSerifSC[wght],master,demo,first_paint,1,1,4028.417000,4030.667000,4030.709000,282
3,en,NotoSerifSC[wght],master,demo,warm,1,30,210.342967,212.086100,212.119367,0
3,en,NotoSerifSC[wght],master,demo,zoom_in,1,12,3964.375083,3965.580000,3965.604250,2924
3,en,NotoSerifSC[wght],master,demo,zoom_out,1,12,2228.944333,2230.277667,2230.291500,1972
3,en,NotoSerifSC[wght],master,demo,pan,1,10,214.987500,216.658400,216.683400,0
3,en,NotoSerifSC[wght],master,demo,first_paint,2,1,4323.458000,4326.625000,4326.666000,282
3,en,NotoSerifSC[wght],master,demo,warm,2,30,212.125033,213.777633,213.818133,0
3,en,NotoSerifSC[wght],master,demo,zoom_in,2,12,4010.590333,4011.816000,4011.826417,2924
3,en,NotoSerifSC[wght],master,demo,zoom_out,2,12,2235.607750,2236.937583,2236.948083,1972
3,en,NotoSerifSC[wght],master,demo,pan,2,10,215.225100,216.879400,216.896000,0
3,en,NotoSerifSC[wght],master,demo,first_paint,3,1,4160.875000,4163.167000,4163.209000,282
3,en,NotoSerifSC[wght],master,demo,warm,3,30,217.522300,219.163933,219.198667,0
3,en,NotoSerifSC[wght],master,demo,zoom_in,3,12,3964.930667,3966.093750,3966.111167,2924
3,en,NotoSerifSC[wght],master,demo,zoom_out,3,12,2223.583583,2224.882000,2224.906417,1972
3,en,NotoSerifSC[wght],master,demo,pan,3,10,215.099900,216.729300,216.745800,0
3,en,NotoSerifSC[wght],master,demo,first_paint,4,1,4257.125000,4259.333000,4259.375000,282
3,en,NotoSerifSC[wght],master,demo,warm,4,30,209.312633,210.997233,211.037633,0
3,en,NotoSerifSC[wght],master,demo,zoom_in,4,12,3955.052083,3956.204917,3956.229167,2924
3,en,NotoSerifSC[wght],master,demo,zoom_out,4,12,2239.885417,2241.295083,2241.315917,1972
3,en,NotoSerifSC[wght],master,demo,pan,4,10,213.341600,215.020900,215.045700,0
3,en,NotoSerifSC[wght],final,demo,first_paint,0,1,4421.167000,4426.875000,4426.917000,282
3,en,NotoSerifSC[wght],final,demo,warm,0,30,212.443033,214.056900,214.083333,0
3,en,NotoSerifSC[wght],final,demo,zoom_in,0,12,3814.809167,3815.989500,3816.003417,2924
3,en,NotoSerifSC[wght],final,demo,zoom_out,0,12,2197.861083,2199.166583,2199.180417,1972
3,en,NotoSerifSC[wght],final,demo,pan,0,10,217.979300,219.633400,219.654200,0
3,en,NotoSerifSC[wght],final,demo,first_paint,1,1,4113.166000,4115.500000,4115.541000,282
3,en,NotoSerifSC[wght],final,demo,warm,1,30,212.888933,214.595667,214.612467,0
3,en,NotoSerifSC[wght],final,demo,zoom_in,1,12,3836.548667,3837.795167,3837.812500,2924
3,en,NotoSerifSC[wght],final,demo,zoom_out,1,12,2186.982833,2188.371667,2188.392167,1972
3,en,NotoSerifSC[wght],final,demo,pan,1,10,216.458400,218.199900,218.220800,0
3,en,NotoSerifSC[wght],final,demo,first_paint,2,1,4098.458000,4100.791000,4100.833000,282
3,en,NotoSerifSC[wght],final,demo,warm,2,30,211.943033,213.673600,213.690200,0
3,en,NotoSerifSC[wght],final,demo,zoom_in,2,12,3825.552083,3826.715333,3826.736000,2924
3,en,NotoSerifSC[wght],final,demo,zoom_out,2,12,2152.812583,2154.093833,2154.114667,1972
3,en,NotoSerifSC[wght],final,demo,pan,2,10,209.762500,211.295900,211.324900,0
3,en,NotoSerifSC[wght],final,demo,first_paint,3,1,4072.917000,4075.250000,4075.250000,282
3,en,NotoSerifSC[wght],final,demo,warm,3,30,211.256900,213.004100,213.020800,0
3,en,NotoSerifSC[wght],final,demo,zoom_in,3,12,3781.357667,3782.590250,3782.611083,2924
3,en,NotoSerifSC[wght],final,demo,zoom_out,3,12,2182.152583,2183.423500,2183.454750,1972
3,en,NotoSerifSC[wght],final,demo,pan,3,10,213.675100,215.304300,215.325000,0
3,en,NotoSerifSC[wght],final,demo,first_paint,4,1,4224.875000,4227.041000,4227.041000,282
3,en,NotoSerifSC[wght],final,demo,warm,4,30,211.902800,213.454133,213.476400,0
3,en,NotoSerifSC[wght],final,demo,zoom_in,4,12,3823.656417,3824.788333,3824.809083,2924
3,en,NotoSerifSC[wght],final,demo,zoom_out,4,12,2187.312667,2188.552250,2188.580083,1972
3,en,NotoSerifSC[wght],final,demo,pan,4,10,214.808400,216.371000,216.391600,0
3,en,BabelStoneHan,no_retention,demo,first_paint,0,1,1312.250000,1315.875000,1315.875000,139
3,en,BabelStoneHan,no_retention,demo,warm,0,30,213.773667,215.383267,215.399933,0
3,en,BabelStoneHan,no_retention,demo,zoom_in,0,12,1234.406500,1235.732750,1235.757167,2778
3,en,BabelStoneHan,no_retention,demo,zoom_out,0,12,784.444333,785.670083,785.687500,1822
3,en,BabelStoneHan,no_retention,demo,pan,0,10,228.841500,230.474900,230.495700,0
3,en,BabelStoneHan,no_retention,demo,first_paint,1,1,1061.250000,1063.667000,1063.667000,139
3,en,BabelStoneHan,no_retention,demo,warm,1,30,210.940367,212.677733,212.700033,0
3,en,BabelStoneHan,no_retention,demo,zoom_in,1,12,1173.083500,1174.239750,1174.270917,2778
3,en,BabelStoneHan,no_retention,demo,zoom_out,1,12,784.753583,786.031500,786.048833,1822
3,en,BabelStoneHan,no_retention,demo,pan,1,10,215.991700,217.675000,217.687600,0
3,en,BabelStoneHan,no_retention,demo,first_paint,2,1,1016.459000,1018.750000,1018.750000,139
3,en,BabelStoneHan,no_retention,demo,warm,2,30,216.462333,218.094333,218.116633,0
3,en,BabelStoneHan,no_retention,demo,zoom_in,2,12,1172.743000,1173.899083,1173.926917,2778
3,en,BabelStoneHan,no_retention,demo,zoom_out,2,12,777.937500,779.180583,779.198000,1822
3,en,BabelStoneHan,no_retention,demo,pan,2,10,217.495500,219.162300,219.183200,0
3,en,BabelStoneHan,no_retention,demo,first_paint,3,1,1038.417000,1041.083000,1041.125000,139
3,en,BabelStoneHan,no_retention,demo,warm,3,30,215.129167,216.757067,216.772367,0
3,en,BabelStoneHan,no_retention,demo,zoom_in,3,12,1173.204917,1174.333333,1174.350583,2778
3,en,BabelStoneHan,no_retention,demo,zoom_out,3,12,750.208333,751.402583,751.427000,1822
3,en,BabelStoneHan,no_retention,demo,pan,3,10,205.350000,206.883200,206.895800,0
3,en,BabelStoneHan,no_retention,demo,first_paint,4,1,1114.542000,1117.542000,1117.542000,139
3,en,BabelStoneHan,no_retention,demo,warm,4,30,210.420833,211.954200,211.977867,0
3,en,BabelStoneHan,no_retention,demo,zoom_in,4,12,1176.871500,1178.031250,1178.062417,2778
3,en,BabelStoneHan,no_retention,demo,zoom_out,4,12,778.337000,779.555750,779.576417,1822
3,en,BabelStoneHan,no_retention,demo,pan,4,10,213.637300,215.166400,215.204100,0
3,en,BabelStoneHan,master,demo,first_paint,0,1,1540.584000,1545.084000,1545.084000,139
3,en,BabelStoneHan,master,demo,warm,0,30,228.134800,229.829067,229.848667,0
3,en,BabelStoneHan,master,demo,zoom_in,0,12,1274.239500,1275.520750,1275.545250,2778
3,en,BabelStoneHan,master,demo,zoom_out,0,12,815.802083,817.184000,817.204833,1822
3,en,BabelStoneHan,master,demo,pan,0,10,216.724900,218.433400,218.458400,0
3,en,BabelStoneHan,master,demo,first_paint,1,1,1023.458000,1025.750000,1025.750000,139
3,en,BabelStoneHan,master,demo,warm,1,30,215.062500,216.822167,216.837400,0
3,en,BabelStoneHan,master,demo,zoom_in,1,12,1248.663250,1250.024167,1250.041583,2778
3,en,BabelStoneHan,master,demo,zoom_out,1,12,794.250000,795.579833,795.607667,1822
3,en,BabelStoneHan,master,demo,pan,1,10,211.650000,213.324900,213.341600,0
3,en,BabelStoneHan,master,demo,first_paint,2,1,1053.500000,1058.000000,1058.000000,139
3,en,BabelStoneHan,master,demo,warm,2,30,210.550033,212.240300,212.251367,0
3,en,BabelStoneHan,master,demo,zoom_in,2,12,1185.416750,1186.555583,1186.583417,2778
3,en,BabelStoneHan,master,demo,zoom_out,2,12,796.975750,798.274167,798.298500,1822
3,en,BabelStoneHan,master,demo,pan,2,10,216.020700,217.762500,217.787300,0
3,en,BabelStoneHan,master,demo,first_paint,3,1,1051.375000,1053.666000,1053.708000,139
3,en,BabelStoneHan,master,demo,warm,3,30,238.248567,240.191667,240.209733,0
3,en,BabelStoneHan,master,demo,zoom_in,3,12,1213.180500,1214.590167,1214.610917,2778
3,en,BabelStoneHan,master,demo,zoom_out,3,12,819.166583,820.447917,820.468833,1822
3,en,BabelStoneHan,master,demo,pan,3,10,209.183300,210.812600,210.837300,0
3,en,BabelStoneHan,master,demo,first_paint,4,1,1071.292000,1073.375000,1073.417000,139
3,en,BabelStoneHan,master,demo,warm,4,30,209.988967,211.694633,211.716700,0
3,en,BabelStoneHan,master,demo,zoom_in,4,12,1180.555500,1181.677000,1181.708250,2778
3,en,BabelStoneHan,master,demo,zoom_out,4,12,795.027833,796.270917,796.298583,1822
3,en,BabelStoneHan,master,demo,pan,4,10,211.258300,212.941600,212.966600,0
3,en,BabelStoneHan,final,demo,first_paint,0,1,1506.625000,1512.417000,1512.417000,139
3,en,BabelStoneHan,final,demo,warm,0,30,213.405633,215.022433,215.045833,0
3,en,BabelStoneHan,final,demo,zoom_in,0,12,1169.225833,1170.389000,1170.413250,2778
3,en,BabelStoneHan,final,demo,zoom_out,0,12,774.020917,775.329917,775.340333,1822
3,en,BabelStoneHan,final,demo,pan,0,10,215.729200,217.391700,217.404200,0
3,en,BabelStoneHan,final,demo,first_paint,1,1,1154.625000,1157.916000,1157.958000,139
3,en,BabelStoneHan,final,demo,warm,1,30,213.034767,214.694500,214.718100,0
3,en,BabelStoneHan,final,demo,zoom_in,1,12,1164.805500,1166.052000,1166.083417,2778
3,en,BabelStoneHan,final,demo,zoom_out,1,12,819.534833,820.951583,820.968917,1822
3,en,BabelStoneHan,final,demo,pan,1,10,216.145900,217.858600,217.879300,0
3,en,BabelStoneHan,final,demo,first_paint,2,1,1289.958000,1293.583000,1293.625000,139
3,en,BabelStoneHan,final,demo,warm,2,30,221.076233,222.888800,222.911033,0
3,en,BabelStoneHan,final,demo,zoom_in,2,12,1236.173750,1237.573000,1237.600833,2778
3,en,BabelStoneHan,final,demo,zoom_out,2,12,781.027833,782.378333,782.402750,1822
3,en,BabelStoneHan,final,demo,pan,2,10,217.533200,219.258100,219.291600,0
3,en,BabelStoneHan,final,demo,first_paint,3,1,1030.875000,1033.041000,1033.041000,139
3,en,BabelStoneHan,final,demo,warm,3,30,215.988900,217.745833,217.762500,0
3,en,BabelStoneHan,final,demo,zoom_in,3,12,1159.045167,1160.211917,1160.232667,2778
3,en,BabelStoneHan,final,demo,zoom_out,3,12,771.329917,772.614500,772.642333,1822
3,en,BabelStoneHan,final,demo,pan,3,10,215.095900,216.808600,216.837800,0
3,en,BabelStoneHan,final,demo,first_paint,4,1,1115.875000,1119.000000,1119.000000,139
3,en,BabelStoneHan,final,demo,warm,4,30,208.575067,210.108400,210.126333,0
3,en,BabelStoneHan,final,demo,zoom_in,4,12,1143.611250,1144.673583,1144.697833,2778
3,en,BabelStoneHan,final,demo,zoom_out,4,12,770.788250,772.020833,772.045000,1822
3,en,BabelStoneHan,final,demo,pan,4,10,210.191600,211.779000,211.799900,0
3,ko,NanumMyeongjo-Regular,no_retention,demo,first_paint,0,1,2096.667000,2100.417000,2100.458000,204
3,ko,NanumMyeongjo-Regular,no_retention,demo,warm,0,30,208.543133,210.079267,210.107133,0
3,ko,NanumMyeongjo-Regular,no_retention,demo,zoom_in,0,12,1725.507083,1726.635583,1726.656333,2079
3,ko,NanumMyeongjo-Regular,no_retention,demo,zoom_out,0,12,1132.378500,1133.659833,1133.691083,1392
3,ko,NanumMyeongjo-Regular,no_retention,demo,pan,0,10,210.004300,211.604100,211.629200,0
3,ko,NanumMyeongjo-Regular,no_retention,demo,first_paint,1,1,1811.792000,1813.500000,1813.500000,204
3,ko,NanumMyeongjo-Regular,no_retention,demo,warm,1,30,209.822167,211.451367,211.469433,0
3,ko,NanumMyeongjo-Regular,no_retention,demo,zoom_in,1,12,1721.885417,1723.048667,1723.062500,2079
3,ko,NanumMyeongjo-Regular,no_retention,demo,zoom_out,1,12,1173.086667,1174.333250,1174.354083,1392
3,ko,NanumMyeongjo-Regular,no_retention,demo,pan,1,10,203.737400,205.387500,205.408300,0
3,ko,NanumMyeongjo-Regular,no_retention,demo,first_paint,2,1,1820.834000,1822.500000,1822.500000,204
3,ko,NanumMyeongjo-Regular,no_retention,demo,warm,2,30,202.044400,203.543167,203.563967,0
3,ko,NanumMyeongjo-Regular,no_retention,demo,zoom_in,2,12,1662.691000,1663.788167,1663.798500,2079
3,ko,NanumMyeongjo-Regular,no_retention,demo,zoom_out,2,12,1112.965333,1114.170250,1114.187500,1392
3,ko,NanumMyeongjo-Regular,no_retention,demo,pan,2,10,210.791500,212.274900,212.291600,0
3,ko,NanumMyeongjo-Regular,no_retention,demo,first_paint,3,1,1739.708000,1741.333000,1741.375000,204
3,ko,NanumMyeongjo-Regular,no_retention,demo,warm,3,30,203.172067,204.715100,204.734633,0
3,ko,NanumMyeongjo-Regular,no_retention,demo,zoom_in,3,12,1669.624917,1670.777750,1670.795083,2079
3,ko,NanumMyeongjo-Regular,no_retention,demo,zoom_out,3,12,1119.180583,1120.423583,1120.441000,1392
3,ko,NanumMyeongjo-Regular,no_retention,demo,pan,3,10,210.187400,211.716600,211.729100,0
3,ko,NanumMyeongjo-Regular,no_retention,demo,first_paint,4,1,1779.417000,1781.125000,1781.167000,204
3,ko,NanumMyeongjo-Regular,no_retention,demo,warm,4,30,204.322167,205.863733,205.883233,0
3,ko,NanumMyeongjo-Regular,no_retention,demo,zoom_in,4,12,1647.038250,1648.128500,1648.145833,2079
3,ko,NanumMyeongjo-Regular,no_retention,demo,zoom_out,4,12,1114.986083,1116.191167,1116.215417,1392
3,ko,NanumMyeongjo-Regular,no_retention,demo,pan,4,10,209.354100,210.874900,210.887400,0
3,ko,NanumMyeongjo-Regular,master,demo,first_paint,0,1,2212.750000,2216.334000,2216.334000,204
3,ko,NanumMyeongjo-Regular,master,demo,warm,0,30,206.534767,208.043100,208.072300,0
3,ko,NanumMyeongjo-Regular,master,demo,zoom_in,0,12,1701.593750,1702.795083,1702.809083,2079
3,ko,NanumMyeongjo-Regular,master,demo,zoom_out,0,12,1132.291250,1133.669833,1133.687250,1392
3,ko,NanumMyeongjo-Regular,master,demo,pan,0,10,200.779200,202.383300,202.400000,0
3,ko,NanumMyeongjo-Regular,master,demo,first_paint,1,1,1823.959000,1826.000000,1826.000000,204
3,ko,NanumMyeongjo-Regular,master,demo,warm,1,30,205.115400,206.696000,206.723767,0
3,ko,NanumMyeongjo-Regular,master,demo,zoom_in,1,12,1686.562500,1687.798750,1687.826417,2079
3,ko,NanumMyeongjo-Regular,master,demo,zoom_out,1,12,1136.788333,1138.076250,1138.100583,1392
3,ko,NanumMyeongjo-Regular,master,demo,pan,1,10,206.399900,208.041600,208.054200,0
3,ko,NanumMyeongjo-Regular,master,demo,first_paint,2,1,1803.959000,1806.209000,1806.209000,204
3,ko,NanumMyeongjo-Regular,master,demo,warm,2,30,203.511067,205.088867,205.108367,0
3,ko,NanumMyeongjo-Regular,master,demo,zoom_in,2,12,1666.913333,1668.090417,1668.107833,2079
3,ko,NanumMyeongjo-Regular,master,demo,zoom_out,2,12,1155.045250,1156.361250,1156.395917,1392
3,ko,NanumMyeongjo-Regular,master,demo,pan,2,10,195.933500,197.454300,197.470900,0
3,ko,NanumMyeongjo-Regular,master,demo,first_paint,3,1,1759.625000,1761.416000,1761.416000,204
3,ko,NanumMyeongjo-Regular,master,demo,warm,3,30,201.675000,203.188900,203.209800,0
3,ko,NanumMyeongjo-Regular,master,demo,zoom_in,3,12,1674.861083,1675.992917,1676.017333,2079
3,ko,NanumMyeongjo-Regular,master,demo,zoom_out,3,12,1117.048667,1118.239583,1118.256833,1392
3,ko,NanumMyeongjo-Regular,master,demo,pan,3,10,204.229100,205.762300,205.783200,0
3,ko,NanumMyeongjo-Regular,master,demo,first_paint,4,1,1753.500000,1755.417000,1755.458000,204
3,ko,NanumMyeongjo-Regular,master,demo,warm,4,30,202.615233,204.141633,204.159667,0
3,ko,NanumMyeongjo-Regular,master,demo,zoom_in,4,12,1658.940917,1660.111167,1660.118083,2079
3,ko,NanumMyeongjo-Regular,master,demo,zoom_out,4,12,1112.986000,1114.239417,1114.256667,1392
3,ko,NanumMyeongjo-Regular,master,demo,pan,4,10,206.008100,207.649800,207.666300,0
3,ko,NanumMyeongjo-Regular,final,demo,first_paint,0,1,2233.792000,2239.209000,2239.250000,204
3,ko,NanumMyeongjo-Regular,final,demo,warm,0,30,210.777733,212.523433,212.545800,0
3,ko,NanumMyeongjo-Regular,final,demo,zoom_in,0,12,1671.253417,1672.579917,1672.597417,2079
3,ko,NanumMyeongjo-Regular,final,demo,zoom_out,0,12,1107.500083,1108.895917,1108.916750,1392
3,ko,NanumMyeongjo-Regular,final,demo,pan,0,10,211.483200,213.279300,213.300000,0
3,ko,NanumMyeongjo-Regular,final,demo,first_paint,1,1,1700.667000,1702.709000,1702.750000,204
3,ko,NanumMyeongjo-Regular,final,demo,warm,1,30,208.587533,210.362533,210.383400,0
3,ko,NanumMyeongjo-Regular,final,demo,zoom_in,1,12,1612.010500,1613.396000,1613.413250,2079
3,ko,NanumMyeongjo-Regular,final,demo,zoom_out,1,12,1075.930500,1077.184000,1077.204917,1392
3,ko,NanumMyeongjo-Regular,final,demo,pan,1,10,214.633500,216.258400,216.270800,0
3,ko,NanumMyeongjo-Regular,final,demo,first_paint,2,1,1706.917000,1708.792000,1708.834000,204
3,ko,NanumMyeongjo-Regular,final,demo,warm,2,30,208.555567,210.222233,210.243067,0
3,ko,NanumMyeongjo-Regular,final,demo,zoom_in,2,12,1619.166833,1620.455000,1620.482917,2079
3,ko,NanumMyeongjo-Regular,final,demo,zoom_out,2,12,1087.409667,1088.715167,1088.736083,1392
3,ko,NanumMyeongjo-Regular,final,demo,pan,2,10,207.400000,209.037600,209.062500,0
3,ko,NanumMyeongjo-Regular,final,demo,first_paint,3,1,1741.542000,1743.667000,1743.667000,204
3,ko,NanumMyeongjo-Regular,final,demo,warm,3,30,209.959667,211.570700,211.587367,0
3,ko,NanumMyeongjo-Regular,final,demo,zoom_in,3,12,1624.413167,1625.687583,1625.715250,2079
3,ko,NanumMyeongjo-Regular,final,demo,zoom_out,3,12,1082.652833,1083.927167,1083.944417,1392
3,ko,NanumMyeongjo-Regular,final,demo,pan,3,10,203.820900,205.387600,205.400200,0
3,ko,NanumMyeongjo-Regular,final,demo,first_paint,4,1,1734.250000,1736.000000,1736.000000,204
3,ko,NanumMyeongjo-Regular,final,demo,warm,4,30,201.942967,203.412467,203.436067,0
3,ko,NanumMyeongjo-Regular,final,demo,zoom_in,4,12,1604.184250,1605.409750,1605.437500,2079
3,ko,NanumMyeongjo-Regular,final,demo,zoom_out,4,12,1089.503417,1090.701417,1090.725917,1392
3,ko,NanumMyeongjo-Regular,final,demo,pan,4,10,204.124900,205.666600,205.687400,0
3,zh,NotoSerifSC[wght],no_retention,demo,first_paint,0,1,6579.375000,6584.125000,6584.125000,154
3,zh,NotoSerifSC[wght],no_retention,demo,warm,0,30,205.580600,207.191700,207.212600,0
3,zh,NotoSerifSC[wght],no_retention,demo,zoom_in,0,12,5959.882167,5961.107833,5961.128583,1648
3,zh,NotoSerifSC[wght],no_retention,demo,zoom_out,0,12,3218.218833,3219.524417,3219.538167,1102
3,zh,NotoSerifSC[wght],no_retention,demo,pan,0,10,205.666700,207.245800,207.262500,0
3,zh,NotoSerifSC[wght],no_retention,demo,first_paint,1,1,6334.583000,6336.791000,6336.833000,154
3,zh,NotoSerifSC[wght],no_retention,demo,warm,1,30,196.754133,198.322267,198.336167,0
3,zh,NotoSerifSC[wght],no_retention,demo,zoom_in,1,12,5874.243000,5875.430667,5875.444500,1648
3,zh,NotoSerifSC[wght],no_retention,demo,zoom_out,1,12,3184.652750,3186.069500,3186.100667,1102
3,zh,NotoSerifSC[wght],no_retention,demo,pan,1,10,196.270900,197.900200,197.920900,0
3,zh,NotoSerifSC[wght],no_retention,demo,first_paint,2,1,6270.167000,6273.083000,6273.083000,154
3,zh,NotoSerifSC[wght],no_retention,demo,warm,2,30,198.159667,199.822167,199.843033,0
3,zh,NotoSerifSC[wght],no_retention,demo,zoom_in,2,12,5928.468667,5929.697917,5929.711833,1648
3,zh,NotoSerifSC[wght],no_retention,demo,zoom_out,2,12,3180.545167,3181.927000,3181.944417,1102
3,zh,NotoSerifSC[wght],no_retention,demo,pan,2,10,205.433500,207.179300,207.195900,0
3,zh,NotoSerifSC[wght],no_retention,demo,first_paint,3,1,6318.459000,6320.500000,6320.542000,154
3,zh,NotoSerifSC[wght],no_retention,demo,warm,3,30,208.637567,210.347167,210.367933,0
3,zh,NotoSerifSC[wght],no_retention,demo,zoom_in,3,12,5947.496417,5948.593667,5948.614500,1648
3,zh,NotoSerifSC[wght],no_retention,demo,zoom_out,3,12,3306.805417,3308.218750,3308.239333,1102
3,zh,NotoSerifSC[wght],no_retention,demo,pan,3,10,205.346000,206.991900,207.012800,0
3,zh,NotoSerifSC[wght],no_retention,demo,first_paint,4,1,6375.208000,6377.375000,6377.375000,154
3,zh,NotoSerifSC[wght],no_retention,demo,warm,4,30,202.865267,204.438967,204.451367,0
3,zh,NotoSerifSC[wght],no_retention,demo,zoom_in,4,12,5977.892333,5979.010333,5979.034667,1648
3,zh,NotoSerifSC[wght],no_retention,demo,zoom_out,4,12,3201.961917,3203.212167,3203.229500,1102
3,zh,NotoSerifSC[wght],no_retention,demo,pan,4,10,206.941500,208.454200,208.475000,0
3,zh,NotoSerifSC[wght],master,demo,first_paint,0,1,6544.334000,6548.334000,6548.375000,154
3,zh,NotoSerifSC[wght],master,demo,warm,0,30,200.984833,202.673667,202.691767,0
3,zh,NotoSerifSC[wght],master,demo,zoom_in,0,12,5928.565917,5930.038167,5930.055583,1648
3,zh,NotoSerifSC[wght],master,demo,zoom_out,0,12,3217.274167,3218.590250,3218.607500,1102
3,zh,NotoSerifSC[wght],master,demo,pan,0,10,205.320900,207.000200,207.025300,0
3,zh,NotoSerifSC[wght],master,demo,first_paint,1,1,6435.291000,6437.625000,6437.666000,154
3,zh,NotoSerifSC[wght],master,demo,warm,1,30,193.477767,195.098500,195.122033,0
3,zh,NotoSerifSC[wght],master,demo,zoom_in,1,12,5872.288333,5873.458167,5873.482667,1648
3,zh,NotoSerifSC[wght],master,demo,zoom_out,1,12,3160.767583,3162.201667,3162.222417,1102
3,zh,NotoSerifSC[wght],master,demo,pan,1,10,193.275000,194.900100,194.912600,0
3,zh,NotoSerifSC[wght],master,demo,first_paint,2,1,6360.791000,6363.166000,6363.166000,154
3,zh,NotoSerifSC[wght],master,demo,warm,2,30,197.313967,198.991767,199.012600,0
3,zh,NotoSerifSC[wght],master,demo,zoom_in,2,12,5981.729000,5982.909500,5982.940833,1648
3,zh,NotoSerifSC[wght],master,demo,zoom_out,2,12,3178.697917,3180.010417,3180.038083,1102
3,zh,NotoSerifSC[wght],master,demo,pan,2,10,196.521200,198.062800,198.092000,0
3,zh,NotoSerifSC[wght],master,demo,first_paint,3,1,6217.167000,6219.709000,6219.750000,154
3,zh,NotoSerifSC[wght],master,demo,warm,3,30,197.333267,198.919333,198.944433,0
3,zh,NotoSerifSC[wght],master,demo,zoom_in,3,12,5917.746750,5918.910000,5918.937750,1648
3,zh,NotoSerifSC[wght],master,demo,zoom_out,3,12,3212.253417,3213.524250,3213.548667,1102
3,zh,NotoSerifSC[wght],master,demo,pan,3,10,207.354100,208.895800,208.912600,0
3,zh,NotoSerifSC[wght],master,demo,first_paint,4,1,6365.125000,6367.042000,6367.083000,154
3,zh,NotoSerifSC[wght],master,demo,warm,4,30,197.504133,199.313900,199.338900,0
3,zh,NotoSerifSC[wght],master,demo,zoom_in,4,12,5881.468750,5882.687583,5882.708167,1648
3,zh,NotoSerifSC[wght],master,demo,zoom_out,4,12,3206.899250,3208.166500,3208.191000,1102
3,zh,NotoSerifSC[wght],master,demo,pan,4,10,201.858500,203.462700,203.487600,0
3,zh,NotoSerifSC[wght],final,demo,first_paint,0,1,6427.416000,6433.958000,6433.958000,154
3,zh,NotoSerifSC[wght],final,demo,warm,0,30,201.304067,202.891633,202.909667,0
3,zh,NotoSerifSC[wght],final,demo,zoom_in,0,12,5938.239583,5939.757000,5939.781333,1648
3,zh,NotoSerifSC[wght],final,demo,zoom_out,0,12,3200.687583,3202.059083,3202.086750,1102
3,zh,NotoSerifSC[wght],final,demo,pan,0,10,199.866700,201.408500,201.437600,0
3,zh,NotoSerifSC[wght],final,demo,first_paint,1,1,6145.541000,6148.166000,6148.166000,154
3,zh,NotoSerifSC[wght],final,demo,warm,1,30,198.215233,199.795867,199.819433,0
3,zh,NotoSerifSC[wght],final,demo,zoom_in,1,12,5906.357667,5907.684167,5907.704917,1648
3,zh,NotoSerifSC[wght],final,demo,zoom_out,1,12,3158.500000,3159.757083,3159.774417,1102
3,zh,NotoSerifSC[wght],final,demo,pan,1,10,201.374900,203.220800,203.245700,0
3,zh,NotoSerifSC[wght],final,demo,first_paint,2,1,6341.084000,6344.084000,6344.125000,154
3,zh,NotoSerifSC[wght],final,demo,warm,2,30,199.251367,200.890167,200.912433,0
3,zh,NotoSerifSC[wght],final,demo,zoom_in,2,12,5861.253250,5862.419833,5862.440750,1648
3,zh,NotoSerifSC[wght],final,demo,zoom_out,2,12,3211.576417,3212.816083,3212.836917,1102
3,zh,NotoSerifSC[wght],final,demo,pan,2,10,200.433300,202.033300,202.049900,0
3,zh,NotoSerifSC[wght],final,demo,first_paint,3,1,6201.042000,6202.875000,6202.917000,154
3,zh,NotoSerifSC[wght],final,demo,warm,3,30,197.444500,199.002833,199.027767,0
3,zh,NotoSerifSC[wght],final,demo,zoom_in,3,12,5853.388833,5854.607500,5854.635083,1648
3,zh,NotoSerifSC[wght],final,demo,zoom_out,3,12,3213.743083,3215.003417,3215.027750,1102
3,zh,NotoSerifSC[wght],final,demo,pan,3,10,203.929100,205.599900,205.616600,0
3,zh,NotoSerifSC[wght],final,demo,first_paint,4,1,6343.584000,6346.042000,6346.084000,154
3,zh,NotoSerifSC[wght],final,demo,warm,4,30,197.065133,198.517900,198.536033,0
3,zh,NotoSerifSC[wght],final,demo,zoom_in,4,12,5864.316000,5865.399333,5865.413250,1648
3,zh,NotoSerifSC[wght],final,demo,zoom_out,4,12,3194.336833,3195.572833,3195.600667,1102
3,zh,NotoSerifSC[wght],final,demo,pan,4,10,202.829200,204.437500,204.458500,0
3,zh,BabelStoneHan,no_retention,demo,first_paint,0,1,2035.000000,2038.750000,2038.791000,145
3,zh,BabelStoneHan,no_retention,demo,warm,0,30,201.455567,203.016767,203.032000,0
3,zh,BabelStoneHan,no_retention,demo,zoom_in,0,12,1703.388917,1704.538167,1704.562583,1643
3,zh,BabelStoneHan,no_retention,demo,zoom_out,0,12,1070.100917,1071.357833,1071.368333,1099
3,zh,BabelStoneHan,no_retention,demo,pan,0,10,212.325200,213.916800,213.945800,0
3,zh,BabelStoneHan,no_retention,demo,first_paint,1,1,1670.958000,1673.041000,1673.083000,145
3,zh,BabelStoneHan,no_retention,demo,warm,1,30,201.975167,203.586367,203.600267,0
3,zh,BabelStoneHan,no_retention,demo,zoom_in,1,12,1679.864667,1681.007250,1681.038250,1643
3,zh,BabelStoneHan,no_retention,demo,zoom_out,1,12,1079.197833,1080.503333,1080.524167,1099
3,zh,BabelStoneHan,no_retention,demo,pan,1,10,204.054100,205.779200,205.804100,0
3,zh,BabelStoneHan,no_retention,demo,first_paint,2,1,1701.083000,1703.167000,1703.208000,145
3,zh,BabelStoneHan,no_retention,demo,warm,2,30,195.932000,197.627933,197.647400,0
3,zh,BabelStoneHan,no_retention,demo,zoom_in,2,12,1674.204667,1675.451417,1675.472167,1643
3,zh,BabelStoneHan,no_retention,demo,zoom_out,2,12,1067.305667,1068.583417,1068.604167,1099
3,zh,BabelStoneHan,no_retention,demo,pan,2,10,198.795800,200.466400,200.487300,0
3,zh,BabelStoneHan,no_retention,demo,first_paint,3,1,1694.834000,1697.917000,1697.959000,145
3,zh,BabelStoneHan,no_retention,demo,warm,3,30,197.968100,199.583433,199.604200,0
3,zh,BabelStoneHan,no_retention,demo,zoom_in,3,12,1654.000083,1655.135333,1655.152750,1643
3,zh,BabelStoneHan,no_retention,demo,zoom_out,3,12,1059.298917,1060.555833,1060.573167,1099
3,zh,BabelStoneHan,no_retention,demo,pan,3,10,203.841800,205.450200,205.479300,0
3,zh,BabelStoneHan,no_retention,demo,first_paint,4,1,1748.834000,1751.417000,1751.459000,145
3,zh,BabelStoneHan,no_retention,demo,warm,4,30,197.547300,199.140333,199.159833,0
3,zh,BabelStoneHan,no_retention,demo,zoom_in,4,12,1693.361000,1694.680500,1694.697917,1643
3,zh,BabelStoneHan,no_retention,demo,zoom_out,4,12,1073.899250,1075.236083,1075.267333,1099
3,zh,BabelStoneHan,no_retention,demo,pan,4,10,204.975000,206.700100,206.729100,0
3,zh,BabelStoneHan,master,demo,first_paint,0,1,2292.542000,2296.792000,2296.833000,145
3,zh,BabelStoneHan,master,demo,warm,0,30,194.951333,196.452800,196.475000,0
3,zh,BabelStoneHan,master,demo,zoom_in,0,12,1778.402750,1779.632000,1779.645833,1643
3,zh,BabelStoneHan,master,demo,zoom_out,0,12,1082.465250,1083.788333,1083.823000,1099
3,zh,BabelStoneHan,master,demo,pan,0,10,202.508200,204.241500,204.254000,0
3,zh,BabelStoneHan,master,demo,first_paint,1,1,1789.208000,1792.042000,1792.083000,145
3,zh,BabelStoneHan,master,demo,warm,1,30,199.825100,201.548733,201.564033,0
3,zh,BabelStoneHan,master,demo,zoom_in,1,12,2031.170167,2032.524500,2032.545167,1643
3,zh,BabelStoneHan,master,demo,zoom_out,1,12,2048.701417,2050.628583,2050.652750,1099
3,zh,BabelStoneHan,master,demo,pan,1,10,224.416600,226.208400,226.241800,0
3,zh,BabelStoneHan,master,demo,first_paint,2,1,2404.125000,2407.583000,2407.750000,145
3,zh,BabelStoneHan,master,demo,warm,2,30,216.819433,218.470833,218.494400,0
3,zh,BabelStoneHan,master,demo,zoom_in,2,12,1941.958500,1943.527917,1943.559083,1643
3,zh,BabelStoneHan,master,demo,zoom_out,2,12,1184.705000,1186.187667,1186.201500,1099
3,zh,BabelStoneHan,master,demo,pan,2,10,217.937600,219.737600,219.758400,0
3,zh,BabelStoneHan,master,demo,first_paint,3,1,1841.125000,1846.333000,1846.333000,145
3,zh,BabelStoneHan,master,demo,warm,3,30,200.766733,202.415400,202.438967,0
3,zh,BabelStoneHan,master,demo,zoom_in,3,12,1768.260583,1769.781333,1769.798750,1643
3,zh,BabelStoneHan,master,demo,zoom_out,3,12,1221.500000,1222.920000,1222.951333,1099
3,zh,BabelStoneHan,master,demo,pan,3,10,198.095900,199.645800,199.679200,0
3,zh,BabelStoneHan,master,demo,first_paint,4,1,1822.750000,1825.083000,1825.125000,145
3,zh,BabelStoneHan,master,demo,warm,4,30,199.494367,201.079067,201.097133,0
3,zh,BabelStoneHan,master,demo,zoom_in,4,12,1797.895667,1799.170083,1799.190917,1643
3,zh,BabelStoneHan,master,demo,zoom_out,4,12,1106.503500,1107.770833,1107.777833,1099
3,zh,BabelStoneHan,master,demo,pan,4,10,205.178900,206.758100,206.791500,0
3,zh,BabelStoneHan,final,demo,first_paint,0,1,1985.500000,1991.667000,1991.667000,145
3,zh,BabelStoneHan,final,demo,warm,0,30,213.659633,215.420767,215.458300,0
3,zh,BabelStoneHan,final,demo,zoom_in,0,12,1824.145833,1825.468750,1825.489417,1643
3,zh,BabelStoneHan,final,demo,zoom_out,0,12,1110.461750,1111.763917,1111.777917,1099
3,zh,BabelStoneHan,final,demo,pan,0,10,207.212300,208.978900,209.012400,0
3,zh,BabelStoneHan,final,demo,first_paint,1,1,1835.625000,1838.042000,1838.042000,145
3,zh,BabelStoneHan,final,demo,warm,1,30,212.056900,213.905433,213.944367,0
3,zh,BabelStoneHan,final,demo,zoom_in,1,12,1808.343750,1809.729167,1809.750083,1643
3,zh,BabelStoneHan,final,demo,zoom_out,1,12,1095.118167,1096.444500,1096.469000,1099
3,zh,BabelStoneHan,final,demo,pan,1,10,206.141700,207.824900,207.837500,0
3,zh,BabelStoneHan,final,demo,first_paint,2,1,1764.250000,1766.458000,1766.500000,145
3,zh,BabelStoneHan,final,demo,warm,2,30,199.774933,201.354133,201.394400,0
3,zh,BabelStoneHan,final,demo,zoom_in,2,12,1799.666667,1801.100750,1801.125000,1643
3,zh,BabelStoneHan,final,demo,zoom_out,2,12,1057.815750,1059.149167,1059.163083,1099
3,zh,BabelStoneHan,final,demo,pan,2,10,206.995700,208.658300,208.679200,0
3,zh,BabelStoneHan,final,demo,first_paint,3,1,1676.167000,1678.625000,1678.625000,145
3,zh,BabelStoneHan,final,demo,warm,3,30,202.768033,204.440267,204.475067,0
3,zh,BabelStoneHan,final,demo,zoom_in,3,12,1741.989667,1743.343833,1743.368000,1643
3,zh,BabelStoneHan,final,demo,zoom_out,3,12,1086.166583,1087.465083,1087.486083,1099
3,zh,BabelStoneHan,final,demo,pan,3,10,204.783100,206.358300,206.379100,0
3,zh,BabelStoneHan,final,demo,first_paint,4,1,1699.709000,1701.584000,1701.625000,145
3,zh,BabelStoneHan,final,demo,warm,4,30,204.373633,205.980567,206.016700,0
3,zh,BabelStoneHan,final,demo,zoom_in,4,12,1702.611083,1703.816000,1703.843833,1643
3,zh,BabelStoneHan,final,demo,zoom_out,4,12,1091.173667,1092.538167,1092.559000,1099
3,zh,BabelStoneHan,final,demo,pan,4,10,212.975100,214.737700,214.766900,0
3,en,Rye-Regular,no_retention,demo,first_paint,0,1,6597.667000,6601.750000,6601.750000,274
3,en,Rye-Regular,no_retention,demo,warm,0,30,223.570833,225.174967,225.197200,0
3,en,Rye-Regular,no_retention,demo,zoom_in,0,12,6197.111000,6198.569333,6198.597083,2938
3,en,Rye-Regular,no_retention,demo,zoom_out,0,12,4125.257000,4127.191167,4127.211833,1945
3,en,Rye-Regular,no_retention,demo,pan,0,10,212.762400,214.216500,214.241600,0
3,en,Rye-Regular,no_retention,demo,first_paint,1,1,6370.375000,6373.583000,6373.583000,274
3,en,Rye-Regular,no_retention,demo,warm,1,30,221.105600,222.802867,222.822333,0
3,en,Rye-Regular,no_retention,demo,zoom_in,1,12,6056.225750,6057.729250,6057.739750,2938
3,en,Rye-Regular,no_retention,demo,zoom_out,1,12,4174.711917,4176.461750,4176.482667,1945
3,en,Rye-Regular,no_retention,demo,pan,1,10,222.666600,224.374800,224.404200,0
3,en,Rye-Regular,no_retention,demo,first_paint,2,1,6272.667000,6275.000000,6275.042000,274
3,en,Rye-Regular,no_retention,demo,warm,2,30,209.874867,211.458300,211.477767,0
3,en,Rye-Regular,no_retention,demo,zoom_in,2,12,5963.072917,5964.562500,5964.572917,2938
3,en,Rye-Regular,no_retention,demo,zoom_out,2,12,3921.572917,3923.059083,3923.080000,1945
3,en,Rye-Regular,no_retention,demo,pan,2,10,220.391700,222.058500,222.087400,0
3,en,Rye-Regular,no_retention,demo,first_paint,3,1,6196.750000,6198.792000,6198.792000,274
3,en,Rye-Regular,no_retention,demo,warm,3,30,215.719567,217.355733,217.372333,0
3,en,Rye-Regular,no_retention,demo,zoom_in,3,12,5899.173583,5900.447833,5900.472000,2938
3,en,Rye-Regular,no_retention,demo,zoom_out,3,12,3896.663250,3898.177250,3898.205000,1945
3,en,Rye-Regular,no_retention,demo,pan,3,10,219.654200,221.262400,221.283000,0
3,en,Rye-Regular,no_retention,demo,first_paint,4,1,6221.917000,6224.250000,6224.292000,274
3,en,Rye-Regular,no_retention,demo,warm,4,30,216.614033,218.229367,218.261167,0
3,en,Rye-Regular,no_retention,demo,zoom_in,4,12,5940.354167,5941.611000,5941.624917,2938
3,en,Rye-Regular,no_retention,demo,zoom_out,4,12,3940.097250,3941.486000,3941.503167,1945
3,en,Rye-Regular,no_retention,demo,pan,4,10,218.925000,220.504400,220.529300,0
3,en,Rye-Regular,master,demo,first_paint,0,1,6620.833000,6624.958000,6625.000000,274
3,en,Rye-Regular,master,demo,warm,0,30,627.419400,629.405500,629.445767,0
3,en,Rye-Regular,master,demo,zoom_in,0,12,12562.427000,12565.083167,12565.118000,2938
3,en,Rye-Regular,master,demo,zoom_out,0,12,4173.816000,4175.809000,4175.826333,1945
3,en,Rye-Regular,master,demo,pan,0,10,226.321000,228.066800,228.099900,0
3,en,Rye-Regular,master,demo,first_paint,1,1,6446.084000,6448.834000,6448.875000,274
3,en,Rye-Regular,master,demo,warm,1,30,221.263833,223.025000,223.062533,0
3,en,Rye-Regular,master,demo,zoom_in,1,12,6390.788167,6392.708250,6392.736083,2938
3,en,Rye-Regular,master,demo,zoom_out,1,12,4247.503500,4249.357750,4249.368250,1945
3,en,Rye-Regular,master,demo,pan,1,10,228.391700,230.175200,230.208300,0
3,en,Rye-Regular,master,demo,first_paint,2,1,6719.083000,6722.167000,6722.208000,274
3,en,Rye-Regular,master,demo,warm,2,30,216.220900,217.990167,218.027733,0
3,en,Rye-Regular,master,demo,zoom_in,2,12,6254.597167,6256.232583,6256.260250,2938
3,en,Rye-Regular,master,demo,zoom_out,2,12,4014.343917,4015.784917,4015.805667,1945
3,en,Rye-Regular,master,demo,pan,2,10,220.991700,222.708200,222.720800,0
3,en,Rye-Regular,master,demo,first_paint,3,1,6404.958000,6407.458000,6407.458000,274
3,en,Rye-Regular,master,demo,warm,3,30,203.570900,205.102900,205.140400,0
3,en,Rye-Regular,master,demo,zoom_in,3,12,6384.638917,6386.559083,6386.569500,2938
3,en,Rye-Regular,master,demo,zoom_out,3,12,4052.180583,4053.770917,4053.795250,1945
3,en,Rye-Regular,master,demo,pan,3,10,221.554300,223.179300,223.200100,0
3,en,Rye-Regular,master,demo,first_paint,4,1,6280.833000,6283.083000,6283.083000,274
3,en,Rye-Regular,master,demo,warm,4,30,213.205600,214.834700,214.872133,0
3,en,Rye-Regular,master,demo,zoom_in,4,12,6050.399250,6051.625000,6051.649250,2938
3,en,Rye-Regular,master,demo,zoom_out,4,12,4075.406167,4076.906083,4076.930417,1945
3,en,Rye-Regular,master,demo,pan,4,10,221.420700,223.050000,223.074900,0
3,en,Rye-Regular,final,demo,first_paint,0,1,4325.666000,4331.541000,4331.583000,274
3,en,Rye-Regular,final,demo,warm,0,30,216.323567,218.009700,218.042967,0
3,en,Rye-Regular,final,demo,zoom_in,0,12,3677.777750,3679.520833,3679.541750,2938
3,en,Rye-Regular,final,demo,zoom_out,0,12,2368.416500,2369.833167,2369.850583,1945
3,en,Rye-Regular,final,demo,pan,0,10,224.754200,226.524900,226.550100,0
3,en,Rye-Regular,final,demo,first_paint,1,1,3616.833000,3619.208000,3619.250000,274
3,en,Rye-Regular,final,demo,warm,1,30,213.800000,215.572333,215.609700,0
3,en,Rye-Regular,final,demo,zoom_in,1,12,3415.631917,3416.902750,3416.916500,2938
3,en,Rye-Regular,final,demo,zoom_out,1,12,2278.375167,2279.729083,2279.750083,1945
3,en,Rye-Regular,final,demo,pan,1,10,217.095800,218.883400,218.908200,0
3,en,Rye-Regular,final,demo,first_paint,2,1,3552.292000,3554.458000,3554.500000,274
3,en,Rye-Regular,final,demo,warm,2,30,212.101500,213.864000,213.902867,0
3,en,Rye-Regular,final,demo,zoom_in,2,12,3407.826500,3409.180583,3409.204917,2938
3,en,Rye-Regular,final,demo,zoom_out,2,12,2252.041667,2253.357500,2253.381833,1945
3,en,Rye-Regular,final,demo,pan,2,10,213.787600,215.379200,215.395800,0
3,en,Rye-Regular,final,demo,first_paint,3,1,3650.375000,3652.875000,3652.917000,274
3,en,Rye-Regular,final,demo,warm,3,30,211.118133,212.748767,212.787600,0
3,en,Rye-Regular,final,demo,zoom_in,3,12,3414.145917,3415.659583,3415.684000,2938
3,en,Rye-Regular,final,demo,zoom_out,3,12,2251.045083,2252.430500,2252.447917,1945
3,en,Rye-Regular,final,demo,pan,3,10,222.766700,224.529000,224.537400,0
3,en,Rye-Regular,final,demo,first_paint,4,1,3661.458000,3663.458000,3663.500000,274
3,en,Rye-Regular,final,demo,warm,4,30,222.266500,224.026300,224.069400,0
3,en,Rye-Regular,final,demo,zoom_in,4,12,3427.902917,3429.395833,3429.430667,2938
3,en,Rye-Regular,final,demo,zoom_out,4,12,2252.701417,2254.048583,2254.072833,1945
3,en,Rye-Regular,final,demo,pan,4,10,215.145800,216.737400,216.754100,0
3,en,Vollkorn-Medium,no_retention,demo,first_paint,0,1,6737.000000,6741.166000,6741.166000,269
3,en,Vollkorn-Medium,no_retention,demo,warm,0,30,220.158333,221.812467,221.833300,0
3,en,Vollkorn-Medium,no_retention,demo,zoom_in,0,12,9564.763833,9567.020583,9567.045000,2877
3,en,Vollkorn-Medium,no_retention,demo,zoom_out,0,12,4148.437417,4149.982667,4150.010250,1956
3,en,Vollkorn-Medium,no_retention,demo,pan,0,10,222.020800,223.750000,223.775200,0
3,en,Vollkorn-Medium,no_retention,demo,first_paint,1,1,6800.792000,6803.084000,6803.084000,269
3,en,Vollkorn-Medium,no_retention,demo,warm,1,30,226.137500,227.937400,227.961033,0
3,en,Vollkorn-Medium,no_retention,demo,zoom_in,1,12,6327.961833,6329.541750,6329.569500,2877
3,en,Vollkorn-Medium,no_retention,demo,zoom_out,1,12,4079.034833,4080.572917,4080.593833,1956
3,en,Vollkorn-Medium,no_retention,demo,pan,1,10,222.424800,224.170600,224.195700,0
3,en,Vollkorn-Medium,no_retention,demo,first_paint,2,1,6600.625000,6602.834000,6602.875000,269
3,en,Vollkorn-Medium,no_retention,demo,warm,2,30,214.338767,216.052600,216.072100,0
3,en,Vollkorn-Medium,no_retention,demo,zoom_in,2,12,6135.222500,6136.486250,6136.510417,2877
3,en,Vollkorn-Medium,no_retention,demo,zoom_out,2,12,3966.024333,3967.465250,3967.493000,1956
3,en,Vollkorn-Medium,no_retention,demo,pan,2,10,213.979100,215.587400,215.616500,0
3,en,Vollkorn-Medium,no_retention,demo,first_paint,3,1,6438.417000,6440.333000,6440.333000,269
3,en,Vollkorn-Medium,no_retention,demo,warm,3,30,211.638933,213.262433,213.279033,0
3,en,Vollkorn-Medium,no_retention,demo,zoom_in,3,12,6072.312500,6073.472333,6073.486167,2877
3,en,Vollkorn-Medium,no_retention,demo,zoom_out,3,12,3920.329833,3921.649333,3921.680500,1956
3,en,Vollkorn-Medium,no_retention,demo,pan,3,10,212.008200,213.662200,213.687300,0
3,en,Vollkorn-Medium,no_retention,demo,first_paint,4,1,6706.792000,6709.500000,6709.542000,269
3,en,Vollkorn-Medium,no_retention,demo,warm,4,30,206.170900,207.766833,207.786167,0
3,en,Vollkorn-Medium,no_retention,demo,zoom_in,4,12,6102.024417,6103.635583,6103.653000,2877
3,en,Vollkorn-Medium,no_retention,demo,zoom_out,4,12,3959.375000,3960.781250,3960.798667,1956
3,en,Vollkorn-Medium,no_retention,demo,pan,4,10,215.904000,217.578900,217.612400,0
3,en,Vollkorn-Medium,master,demo,first_paint,0,1,6808.708000,6813.083000,6813.125000,269
3,en,Vollkorn-Medium,master,demo,warm,0,30,222.654200,224.612467,224.640267,0
3,en,Vollkorn-Medium,master,demo,zoom_in,0,12,6070.958333,6072.340167,6072.364417,2877
3,en,Vollkorn-Medium,master,demo,zoom_out,0,12,3998.159750,3999.534833,3999.566083,1956
3,en,Vollkorn-Medium,master,demo,pan,0,10,220.820900,222.495900,222.520900,0
3,en,Vollkorn-Medium,master,demo,first_paint,1,1,6521.875000,6523.958000,6523.958000,269
3,en,Vollkorn-Medium,master,demo,warm,1,30,242.480667,244.469500,244.490300,0
3,en,Vollkorn-Medium,master,demo,zoom_in,1,12,6362.166667,6364.052083,6364.072917,2877
3,en,Vollkorn-Medium,master,demo,zoom_out,1,12,4043.958333,4045.451583,4045.475917,1956
3,en,Vollkorn-Medium,master,demo,pan,1,10,219.204400,221.033600,221.046000,0
3,en,Vollkorn-Medium,master,demo,first_paint,2,1,6595.500000,6597.958000,6598.000000,269
3,en,Vollkorn-Medium,master,demo,warm,2,30,207.684700,209.568033,209.591533,0
3,en,Vollkorn-Medium,master,demo,zoom_in,2,12,6088.170250,6089.409750,6089.427083,2877
3,en,Vollkorn-Medium,master,demo,zoom_out,2,12,3942.927083,3944.322917,3944.343833,1956
3,en,Vollkorn-Medium,master,demo,pan,2,10,213.291700,214.929400,214.954200,0
3,en,Vollkorn-Medium,master,demo,first_paint,3,1,6467.833000,6469.875000,6469.875000,269
3,en,Vollkorn-Medium,master,demo,warm,3,30,212.634767,214.248633,214.268133,0
3,en,Vollkorn-Medium,master,demo,zoom_in,3,12,6108.274583,6109.677083,6109.705000,2877
3,en,Vollkorn-Medium,master,demo,zoom_out,3,12,3949.211750,3950.646000,3950.666667,1956
3,en,Vollkorn-Medium,master,demo,pan,3,10,213.791800,215.612700,215.637600,0
3,en,Vollkorn-Medium,master,demo,first_paint,4,1,6471.292000,6473.542000,6473.542000,269
3,en,Vollkorn-Medium,master,demo,warm,4,30,209.357033,210.902767,210.923567,0
3,en,Vollkorn-Medium,master,demo,zoom_in,4,12,6050.770750,6052.048667,6052.072917,2877
3,en,Vollkorn-Medium,master,demo,zoom_out,4,12,3928.197833,3929.683917,3929.704833,1956
3,en,Vollkorn-Medium,master,demo,pan,4,10,216.716600,218.379200,218.404100,0
3,en,Vollkorn-Medium,final,demo,first_paint,0,1,4801.333000,4806.833000,4806.833000,269
3,en,Vollkorn-Medium,final,demo,warm,0,30,216.772233,218.370767,218.390267,0
3,en,Vollkorn-Medium,final,demo,zoom_in,0,12,4064.913083,4066.173500,4066.194417,2877
3,en,Vollkorn-Medium,final,demo,zoom_out,0,12,2533.722000,2535.197833,2535.215083,1956
3,en,Vollkorn-Medium,final,demo,pan,0,10,217.608400,219.408200,219.420700,0
3,en,Vollkorn-Medium,final,demo,first_paint,1,1,4414.125000,4416.375000,4416.375000,269
3,en,Vollkorn-Medium,final,demo,warm,1,30,214.409733,215.993233,216.016800,0
3,en,Vollkorn-Medium,final,demo,zoom_in,1,12,3973.010333,3974.374833,3974.392250,2877
3,en,Vollkorn-Medium,final,demo,zoom_out,1,12,2495.114583,2496.531333,2496.559083,1956
3,en,Vollkorn-Medium,final,demo,pan,1,10,215.945900,217.704100,217.733200,0
3,en,Vollkorn-Medium,final,demo,first_paint,2,1,4290.209000,4292.334000,4292.375000,269
3,en,Vollkorn-Medium,final,demo,warm,2,30,210.494467,212.169433,212.191700,0
3,en,Vollkorn-Medium,final,demo,zoom_in,2,12,3960.555750,3961.812500,3961.833417,2877
3,en,Vollkorn-Medium,final,demo,zoom_out,2,12,2511.666667,2513.114500,2513.135333,1956
3,en,Vollkorn-Medium,final,demo,pan,2,10,217.224900,218.904100,218.933300,0
3,en,Vollkorn-Medium,final,demo,first_paint,3,1,4317.584000,4319.750000,4319.792000,269
3,en,Vollkorn-Medium,final,demo,warm,3,30,212.212500,213.888967,213.912600,0
3,en,Vollkorn-Medium,final,demo,zoom_in,3,12,3994.913250,3996.118000,3996.142417,2877
3,en,Vollkorn-Medium,final,demo,zoom_out,3,12,2534.291667,2535.618083,2535.632083,1956
3,en,Vollkorn-Medium,final,demo,pan,3,10,205.716500,207.220800,207.245700,0
3,en,Vollkorn-Medium,final,demo,first_paint,4,1,4170.542000,4172.333000,4172.333000,269
3,en,Vollkorn-Medium,final,demo,warm,4,30,211.775033,213.390333,213.409767,0
3,en,Vollkorn-Medium,final,demo,zoom_in,4,12,3954.576250,3955.819417,3955.847000,2877
3,en,Vollkorn-Medium,final,demo,zoom_out,4,12,2505.256917,2506.545167,2506.562667,1956
3,en,Vollkorn-Medium,final,demo,pan,4,10,213.249900,214.895600,214.916600,0
4,en,NotoSerifSC[wght],no_retention,demo,first_paint,0,1,4415.208000,4418.750000,4418.750000,282
4,en,NotoSerifSC[wght],no_retention,demo,warm,0,30,215.904200,217.509800,217.522267,0
4,en,NotoSerifSC[wght],no_retention,demo,zoom_in,0,12,3944.455000,3945.715250,3945.732583,2924
4,en,NotoSerifSC[wght],no_retention,demo,zoom_out,0,12,2217.368083,2218.788333,2218.816167,1972
4,en,NotoSerifSC[wght],no_retention,demo,pan,0,10,222.195700,224.024800,224.049900,0
4,en,NotoSerifSC[wght],no_retention,demo,first_paint,1,1,4113.708000,4115.958000,4115.958000,282
4,en,NotoSerifSC[wght],no_retention,demo,warm,1,30,213.482000,215.143133,215.161233,0
4,en,NotoSerifSC[wght],no_retention,demo,zoom_in,1,12,3947.368083,3948.614500,3948.628333,2924
4,en,NotoSerifSC[wght],no_retention,demo,zoom_out,1,12,2205.642417,2207.027833,2207.041750,1972
4,en,NotoSerifSC[wght],no_retention,demo,pan,1,10,219.516700,221.233300,221.250000,0
4,en,NotoSerifSC[wght],no_retention,demo,first_paint,2,1,4170.041000,4172.625000,4172.666000,282
4,en,NotoSerifSC[wght],no_retention,demo,warm,2,30,213.554067,215.283233,215.301333,0
4,en,NotoSerifSC[wght],no_retention,demo,zoom_in,2,12,3977.045250,3978.333417,3978.350833,2924
4,en,NotoSerifSC[wght],no_retention,demo,zoom_out,2,12,2238.229250,2239.562583,2239.583500,1972
4,en,NotoSerifSC[wght],no_retention,demo,pan,2,10,218.050000,219.762400,219.787500,0
4,en,NotoSerifSC[wght],no_retention,demo,first_paint,3,1,4006.417000,4009.292000,4009.292000,282
4,en,NotoSerifSC[wght],no_retention,demo,warm,3,30,210.755500,212.375067,212.404233,0
4,en,NotoSerifSC[wght],no_retention,demo,zoom_in,3,12,3938.708250,3939.850583,3939.878417,2924
4,en,NotoSerifSC[wght],no_retention,demo,zoom_out,3,12,2229.073000,2230.336833,2230.350667,1972
4,en,NotoSerifSC[wght],no_retention,demo,pan,3,10,219.783300,221.420800,221.437500,0
4,en,NotoSerifSC[wght],no_retention,demo,first_paint,4,1,4143.750000,4145.708000,4145.708000,282
4,en,NotoSerifSC[wght],no_retention,demo,warm,4,30,211.144333,212.707000,212.723600,0
4,en,NotoSerifSC[wght],no_retention,demo,zoom_in,4,12,4009.638833,4010.777750,4010.802083,2924
4,en,NotoSerifSC[wght],no_retention,demo,zoom_out,4,12,2314.597333,2316.083500,2316.107750,1972
4,en,NotoSerifSC[wght],no_retention,demo,pan,4,10,213.716600,215.275100,215.304200,0
4,en,NotoSerifSC[wght],final,demo,first_paint,0,1,4401.750000,4407.708000,4407.750000,282
4,en,NotoSerifSC[wght],final,demo,warm,0,30,217.770900,219.416567,219.440200,0
4,en,NotoSerifSC[wght],final,demo,zoom_in,0,12,3825.385500,3826.607667,3826.624833,2924
4,en,NotoSerifSC[wght],final,demo,zoom_out,0,12,2197.965250,2199.302000,2199.316000,1972
4,en,NotoSerifSC[wght],final,demo,pan,0,10,217.595900,219.275000,219.287400,0
4,en,NotoSerifSC[wght],final,demo,first_paint,1,1,4093.583000,4095.583000,4095.583000,282
4,en,NotoSerifSC[wght],final,demo,warm,1,30,214.023433,215.666567,215.681833,0
4,en,NotoSerifSC[wght],final,demo,zoom_in,1,12,3817.986167,3819.253417,3819.274250,2924
4,en,NotoSerifSC[wght],final,demo,zoom_out,1,12,2186.711917,2188.083417,2188.118167,1972
4,en,NotoSerifSC[wght],final,demo,pan,1,10,217.962500,219.612400,219.633300,0
4,en,NotoSerifSC[wght],final,demo,first_paint,2,1,4178.583000,4180.875000,4180.917000,282
4,en,NotoSerifSC[wght],final,demo,warm,2,30,204.608367,206.158500,206.179167,0
4,en,NotoSerifSC[wght],final,demo,zoom_in,2,12,3832.128417,3833.409833,3833.434000,2924
4,en,NotoSerifSC[wght],final,demo,zoom_out,2,12,2192.743000,2194.152750,2194.170083,1972
4,en,NotoSerifSC[wght],final,demo,pan,2,10,216.500100,218.137700,218.162500,0
4,en,NotoSerifSC[wght],final,demo,first_paint,3,1,4100.792000,4102.833000,4102.875000,282
4,en,NotoSerifSC[wght],final,demo,warm,3,30,212.365167,213.931867,213.947200,0
4,en,NotoSerifSC[wght],final,demo,zoom_in,3,12,3879.732750,3880.868083,3880.885500,2924
4,en,NotoSerifSC[wght],final,demo,zoom_out,3,12,2211.156417,2212.434167,2212.444583,1972
4,en,NotoSerifSC[wght],final,demo,pan,3,10,218.958400,220.650000,220.666700,0
4,en,NotoSerifSC[wght],final,demo,first_paint,4,1,4104.333000,4106.292000,4106.333000,282
4,en,NotoSerifSC[wght],final,demo,warm,4,30,206.369500,207.908433,207.926433,0
4,en,NotoSerifSC[wght],final,demo,zoom_in,4,12,3848.222167,3849.447917,3849.472250,2924
4,en,NotoSerifSC[wght],final,demo,zoom_out,4,12,2188.434083,2189.708333,2189.729250,1972
4,en,NotoSerifSC[wght],final,demo,pan,4,10,218.866700,220.566800,220.587600,0
4,en,NotoSerifSC[wght],master,demo,first_paint,0,1,4404.208000,4407.750000,4407.792000,282
4,en,NotoSerifSC[wght],master,demo,warm,0,30,228.705467,230.308233,230.327733,0
4,en,NotoSerifSC[wght],master,demo,zoom_in,0,12,4080.569583,4081.701583,4081.715333,2924
4,en,NotoSerifSC[wght],master,demo,zoom_out,0,12,2249.604167,2250.940750,2250.961667,1972
4,en,NotoSerifSC[wght],master,demo,pan,0,10,222.983400,224.704300,224.729400,0
4,en,NotoSerifSC[wght],master,demo,first_paint,1,1,4365.750000,4368.625000,4368.666000,282
4,en,NotoSerifSC[wght],master,demo,warm,1,30,216.426433,217.983467,218.005600,0
4,en,NotoSerifSC[wght],master,demo,zoom_in,1,12,4006.375083,4007.576333,4007.593833,2924
4,en,NotoSerifSC[wght],master,demo,zoom_out,1,12,2255.218833,2256.503417,2256.524333,1972
4,en,NotoSerifSC[wght],master,demo,pan,1,10,220.508300,222.149800,222.158100,0
4,en,NotoSerifSC[wght],master,demo,first_paint,2,1,4253.375000,4255.750000,4255.750000,282
4,en,NotoSerifSC[wght],master,demo,warm,2,30,209.795833,211.272400,211.291767,0
4,en,NotoSerifSC[wght],master,demo,zoom_in,2,12,3719.954917,3721.316000,3721.343750,2924
4,en,NotoSerifSC[wght],master,demo,zoom_out,2,12,2131.580000,2133.003750,2133.027833,1972
4,en,NotoSerifSC[wght],master,demo,pan,2,10,216.804100,218.425000,218.450000,0
4,en,NotoSerifSC[wght],master,demo,first_paint,3,1,4451.375000,4454.000000,4454.000000,282
4,en,NotoSerifSC[wght],master,demo,warm,3,30,213.551400,215.216700,215.240233,0
4,en,NotoSerifSC[wght],master,demo,zoom_in,3,12,4023.680500,4024.885417,4024.913250,2924
4,en,NotoSerifSC[wght],master,demo,zoom_out,3,12,2226.479167,2227.888917,2227.913333,1972
4,en,NotoSerifSC[wght],master,demo,pan,3,10,218.245800,219.983200,219.995800,0
4,en,NotoSerifSC[wght],master,demo,first_paint,4,1,4227.417000,4229.625000,4229.625000,282
4,en,NotoSerifSC[wght],master,demo,warm,4,30,213.976467,215.592967,215.615200,0
4,en,NotoSerifSC[wght],master,demo,zoom_in,4,12,4067.819417,4069.104167,4069.118000,2924
4,en,NotoSerifSC[wght],master,demo,zoom_out,4,12,2197.492917,2198.798500,2198.809000,1972
4,en,NotoSerifSC[wght],master,demo,pan,4,10,219.187500,220.820900,220.837600,0
4,en,BabelStoneHan,no_retention,demo,first_paint,0,1,1317.208000,1321.250000,1321.292000,139
4,en,BabelStoneHan,no_retention,demo,warm,0,30,218.512433,220.116500,220.138833,0
4,en,BabelStoneHan,no_retention,demo,zoom_in,0,12,1204.812500,1205.986250,1206.003417,2778
4,en,BabelStoneHan,no_retention,demo,zoom_out,0,12,799.940917,801.267250,801.288167,1822
4,en,BabelStoneHan,no_retention,demo,pan,0,10,218.129100,219.808100,219.833100,0
4,en,BabelStoneHan,no_retention,demo,first_paint,1,1,1033.167000,1035.958000,1035.958000,139
4,en,BabelStoneHan,no_retention,demo,warm,1,30,216.037433,217.842900,217.866600,0
4,en,BabelStoneHan,no_retention,demo,zoom_in,1,12,1142.798667,1144.003500,1144.031333,2778
4,en,BabelStoneHan,no_retention,demo,zoom_out,1,12,792.961667,794.218583,794.246500,1822
4,en,BabelStoneHan,no_retention,demo,pan,1,10,215.474900,217.104200,217.133300,0
4,en,BabelStoneHan,no_retention,demo,first_paint,2,1,1055.833000,1058.250000,1058.250000,139
4,en,BabelStoneHan,no_retention,demo,warm,2,30,212.099933,213.793033,213.817967,0
4,en,BabelStoneHan,no_retention,demo,zoom_in,2,12,1177.604083,1178.732583,1178.746417,2778
4,en,BabelStoneHan,no_retention,demo,zoom_out,2,12,788.479167,789.809167,789.826417,1822
4,en,BabelStoneHan,no_retention,demo,pan,2,10,218.783200,220.466500,220.487400,0
4,en,BabelStoneHan,no_retention,demo,first_paint,3,1,1020.459000,1022.417000,1022.417000,139
4,en,BabelStoneHan,no_retention,demo,warm,3,30,211.983367,213.595867,213.619433,0
4,en,BabelStoneHan,no_retention,demo,zoom_in,3,12,1177.479250,1178.687583,1178.708417,2778
4,en,BabelStoneHan,no_retention,demo,zoom_out,3,12,780.948000,782.267500,782.295333,1822
4,en,BabelStoneHan,no_retention,demo,pan,3,10,214.879300,216.546100,216.566900,0
4,en,BabelStoneHan,no_retention,demo,first_paint,4,1,1021.041000,1023.041000,1023.041000,139
4,en,BabelStoneHan,no_retention,demo,warm,4,30,203.520867,205.026367,205.043067,0
4,en,BabelStoneHan,no_retention,demo,zoom_in,4,12,1163.583333,1164.691083,1164.715417,2778
4,en,BabelStoneHan,no_retention,demo,zoom_out,4,12,788.052167,789.305500,789.330000,1822
4,en,BabelStoneHan,no_retention,demo,pan,4,10,213.612700,215.154400,215.171100,0
4,en,BabelStoneHan,final,demo,first_paint,0,1,1457.208000,1463.833000,1463.875000,139
4,en,BabelStoneHan,final,demo,warm,0,30,218.193000,219.780533,219.797267,0
4,en,BabelStoneHan,final,demo,zoom_in,0,12,1263.913333,1265.274417,1265.298583,2778
4,en,BabelStoneHan,final,demo,zoom_out,0,12,811.062667,812.514083,812.541833,1822
4,en,BabelStoneHan,final,demo,pan,0,10,219.899900,221.591500,221.608100,0
4,en,BabelStoneHan,final,demo,first_paint,1,1,1190.125000,1192.917000,1192.959000,139
4,en,BabelStoneHan,final,demo,warm,1,30,217.451433,219.082000,219.100100,0
4,en,BabelStoneHan,final,demo,zoom_in,1,12,1174.954917,1176.156250,1176.187417,2778
4,en,BabelStoneHan,final,demo,zoom_out,1,12,787.041750,788.326500,788.350750,1822
4,en,BabelStoneHan,final,demo,pan,1,10,225.262500,226.870700,226.883200,0
4,en,BabelStoneHan,final,demo,first_paint,2,1,1055.459000,1057.709000,1057.750000,139
4,en,BabelStoneHan,final,demo,warm,2,30,215.287400,216.936033,216.959700,0
4,en,BabelStoneHan,final,demo,zoom_in,2,12,1159.086667,1160.298583,1160.316000,2778
4,en,BabelStoneHan,final,demo,zoom_out,2,12,758.864417,760.149167,760.163000,1822
4,en,BabelStoneHan,final,demo,pan,2,10,216.604200,218.150000,218.179300,0
4,en,BabelStoneHan,final,demo,first_paint,3,1,1126.958000,1129.666000,1129.666000,139
4,en,BabelStoneHan,final,demo,warm,3,30,216.983300,218.675067,218.693067,0
4,en,BabelStoneHan,final,demo,zoom_in,3,12,1158.764000,1159.947917,1159.968750,2778
4,en,BabelStoneHan,final,demo,zoom_out,3,12,770.468833,771.729250,771.750167,1822
4,en,BabelStoneHan,final,demo,pan,3,10,214.970900,216.608100,216.620700,0
4,en,BabelStoneHan,final,demo,first_paint,4,1,1042.917000,1045.125000,1045.167000,139
4,en,BabelStoneHan,final,demo,warm,4,30,212.165167,213.785900,213.805433,0
4,en,BabelStoneHan,final,demo,zoom_in,4,12,1172.305417,1173.510167,1173.517167,2778
4,en,BabelStoneHan,final,demo,zoom_out,4,12,785.239667,786.638917,786.652833,1822
4,en,BabelStoneHan,final,demo,pan,4,10,215.358400,217.108500,217.129200,0
4,en,BabelStoneHan,master,demo,first_paint,0,1,1319.000000,1322.792000,1322.792000,139
4,en,BabelStoneHan,master,demo,warm,0,30,219.309667,220.948700,220.970967,0
4,en,BabelStoneHan,master,demo,zoom_in,0,12,1241.166667,1242.329917,1242.343750,2778
4,en,BabelStoneHan,master,demo,zoom_out,0,12,824.069333,825.482500,825.499833,1822
4,en,BabelStoneHan,master,demo,pan,0,10,218.991700,220.708400,220.729400,0
4,en,BabelStoneHan,master,demo,first_paint,1,1,1078.083000,1080.250000,1080.292000,139
4,en,BabelStoneHan,master,demo,warm,1,30,219.179200,220.920867,220.944400,0
4,en,BabelStoneHan,master,demo,zoom_in,1,12,1265.673500,1267.312417,1267.333083,2778
4,en,BabelStoneHan,master,demo,zoom_out,1,12,833.406167,834.823083,834.836750,1822
4,en,BabelStoneHan,master,demo,pan,1,10,217.100200,218.729100,218.750000,0
4,en,BabelStoneHan,master,demo,first_paint,2,1,1052.250000,1054.584000,1054.625000,139
4,en,BabelStoneHan,master,demo,warm,2,30,223.640267,225.440333,225.461100,0
4,en,BabelStoneHan,master,demo,zoom_in,2,12,1244.118167,1245.427167,1245.444417,2778
4,en,BabelStoneHan,master,demo,zoom_out,2,12,816.156417,817.493250,817.503750,1822
4,en,BabelStoneHan,master,demo,pan,2,10,217.225000,218.941600,218.970700,0
4,en,BabelStoneHan,master,demo,first_paint,3,1,1045.542000,1047.667000,1047.667000,139
4,en,BabelStoneHan,master,demo,warm,3,30,210.084767,211.731867,211.759800,0
4,en,BabelStoneHan,master,demo,zoom_in,3,12,1207.322667,1208.423333,1208.454667,2778
4,en,BabelStoneHan,master,demo,zoom_out,3,12,799.684083,800.989667,801.007000,1822
4,en,BabelStoneHan,master,demo,pan,3,10,216.837600,218.450000,218.470700,0
4,en,BabelStoneHan,master,demo,first_paint,4,1,1021.792000,1023.917000,1023.917000,139
4,en,BabelStoneHan,master,demo,warm,4,30,211.730500,213.305500,213.326333,0
4,en,BabelStoneHan,master,demo,zoom_in,4,12,1197.413167,1198.506917,1198.510417,2778
4,en,BabelStoneHan,master,demo,zoom_out,4,12,795.326333,796.593750,796.611250,1822
4,en,BabelStoneHan,master,demo,pan,4,10,213.150100,214.783300,214.791600,0
4,ko,NanumMyeongjo-Regular,no_retention,demo,first_paint,0,1,2212.083000,2216.375000,2216.375000,204
4,ko,NanumMyeongjo-Regular,no_retention,demo,warm,0,30,197.495867,198.950067,198.969433,0
4,ko,NanumMyeongjo-Regular,no_retention,demo,zoom_in,0,12,1697.552083,1698.670083,1698.698000,2079
4,ko,NanumMyeongjo-Regular,no_retention,demo,zoom_out,0,12,1137.263833,1138.531167,1138.552167,1392
4,ko,NanumMyeongjo-Regular,no_retention,demo,pan,0,10,209.429200,211.087500,211.095800,0
4,ko,NanumMyeongjo-Regular,no_retention,demo,first_paint,1,1,1825.416000,1827.416000,1827.416000,204
4,ko,NanumMyeongjo-Regular,no_retention,demo,warm,1,30,207.763833,209.455467,209.470733,0
4,ko,NanumMyeongjo-Regular,no_retention,demo,zoom_in,1,12,1708.795250,1709.968833,1709.982667,2079
4,ko,NanumMyeongjo-Regular,no_retention,demo,zoom_out,1,12,1141.527667,1142.913000,1142.923500,1392
4,ko,NanumMyeongjo-Regular,no_retention,demo,pan,1,10,210.629100,212.370800,212.387500,0
4,ko,NanumMyeongjo-Regular,no_retention,demo,first_paint,2,1,1777.042000,1778.917000,1778.917000,204
4,ko,NanumMyeongjo-Regular,no_retention,demo,warm,2,30,195.500000,197.119533,197.141700,0
4,ko,NanumMyeongjo-Regular,no_retention,demo,zoom_in,2,12,1691.687500,1692.909583,1692.937333,2079
4,ko,NanumMyeongjo-Regular,no_retention,demo,zoom_out,2,12,1149.701333,1150.996583,1151.020917,1392
4,ko,NanumMyeongjo-Regular,no_retention,demo,pan,2,10,210.916700,212.499900,212.529200,0
4,ko,NanumMyeongjo-Regular,no_retention,demo,first_paint,3,1,1826.708000,1828.792000,1828.833000,204
4,ko,NanumMyeongjo-Regular,no_retention,demo,warm,3,30,206.615267,208.286133,208.308333,0
4,ko,NanumMyeongjo-Regular,no_retention,demo,zoom_in,3,12,1675.920000,1677.052083,1677.072750,2079
4,ko,NanumMyeongjo-Regular,no_retention,demo,zoom_out,3,12,1129.510333,1130.777833,1130.795333,1392
4,ko,NanumMyeongjo-Regular,no_retention,demo,pan,3,10,208.162400,209.791900,209.808500,0
4,ko,NanumMyeongjo-Regular,no_retention,demo,first_paint,4,1,1747.667000,1749.333000,1749.333000,204
4,ko,NanumMyeongjo-Regular,no_retention,demo,warm,4,30,204.661167,206.302767,206.320767,0
4,ko,NanumMyeongjo-Regular,no_retention,demo,zoom_in,4,12,1845.409750,1846.941000,1846.958333,2079
4,ko,NanumMyeongjo-Regular,no_retention,demo,zoom_out,4,12,1202.861083,1204.312417,1204.322750,1392
4,ko,NanumMyeongjo-Regular,no_retention,demo,pan,4,10,227.479200,229.408400,229.420900,0
4,ko,NanumMyeongjo-Regular,final,demo,first_paint,0,1,2444.500000,2451.459000,2451.500000,204
4,ko,NanumMyeongjo-Regular,final,demo,warm,0,30,224.161100,225.845900,225.866700,0
4,ko,NanumMyeongjo-Regular,final,demo,zoom_in,0,12,1744.735917,1746.253250,1746.263583,2079
4,ko,NanumMyeongjo-Regular,final,demo,zoom_out,0,12,1102.319333,1103.666667,1103.684000,1392
4,ko,NanumMyeongjo-Regular,final,demo,pan,0,10,215.187600,216.975200,216.991900,0
4,ko,NanumMyeongjo-Regular,final,demo,first_paint,1,1,1796.000000,1797.875000,1797.875000,204
4,ko,NanumMyeongjo-Regular,final,demo,warm,1,30,206.949933,208.669367,208.688833,0
4,ko,NanumMyeongjo-Regular,final,demo,zoom_in,1,12,1626.753417,1628.107583,1628.128417,2079
4,ko,NanumMyeongjo-Regular,final,demo,zoom_out,1,12,1080.381917,1081.722250,1081.750083,1392
4,ko,NanumMyeongjo-Regular,final,demo,pan,1,10,207.812500,209.500100,209.529300,0
4,ko,NanumMyeongjo-Regular,final,demo,first_paint,2,1,1724.041000,1725.916000,1725.958000,204
4,ko,NanumMyeongjo-Regular,final,demo,warm,2,30,207.125033,208.831967,208.855500,0
4,ko,NanumMyeongjo-Regular,final,demo,zoom_in,2,12,1635.691000,1636.986167,1637.006917,2079
4,ko,NanumMyeongjo-Regular,final,demo,zoom_out,2,12,1089.649083,1090.982500,1091.000000,1392
4,ko,NanumMyeongjo-Regular,final,demo,pan,2,10,210.800100,212.546000,212.562500,0
4,ko,NanumMyeongjo-Regular,final,demo,first_paint,3,1,1761.125000,1763.000000,1763.042000,204
4,ko,NanumMyeongjo-Regular,final,demo,warm,3,30,205.712500,207.391767,207.409767,0
4,ko,NanumMyeongjo-Regular,final,demo,zoom_in,3,12,1617.968917,1619.305667,1619.319667,2079
4,ko,NanumMyeongjo-Regular,final,demo,zoom_out,3,12,1097.385333,1098.687333,1098.711667,1392
4,ko,NanumMyeongjo-Regular,final,demo,pan,3,10,211.408400,213.129200,213.150100,0
4,ko,NanumMyeongjo-Regular,final,demo,first_paint,4,1,1798.500000,1800.583000,1800.625000,204
4,ko,NanumMyeongjo-Regular,final,demo,warm,4,30,204.668067,206.209800,206.229167,0
4,ko,NanumMyeongjo-Regular,final,demo,zoom_in,4,12,1630.694583,1631.854167,1631.868083,2079
4,ko,NanumMyeongjo-Regular,final,demo,zoom_out,4,12,1085.826417,1087.058917,1087.083333,1392
4,ko,NanumMyeongjo-Regular,final,demo,pan,4,10,209.608500,211.204300,211.225100,0
4,ko,NanumMyeongjo-Regular,master,demo,first_paint,0,1,2175.209000,2179.292000,2179.334000,204
4,ko,NanumMyeongjo-Regular,master,demo,warm,0,30,212.509733,214.180633,214.197300,0
4,ko,NanumMyeongjo-Regular,master,demo,zoom_in,0,12,1731.517417,1732.934333,1732.944667,2079
4,ko,NanumMyeongjo-Regular,master,demo,zoom_out,0,12,1146.934000,1148.249917,1148.270833,1392
4,ko,NanumMyeongjo-Regular,master,demo,pan,0,10,211.154200,212.754300,212.775200,0
4,ko,NanumMyeongjo-Regular,master,demo,first_paint,1,1,1826.042000,1827.875000,1827.917000,204
4,ko,NanumMyeongjo-Regular,master,demo,warm,1,30,209.797167,211.404033,211.427733,0
4,ko,NanumMyeongjo-Regular,master,demo,zoom_in,1,12,1710.072833,1711.326417,1711.347167,2079
4,ko,NanumMyeongjo-Regular,master,demo,zoom_out,1,12,1149.038250,1150.423583,1150.451333,1392
4,ko,NanumMyeongjo-Regular,master,demo,pan,1,10,210.012500,211.683400,211.712500,0
4,ko,NanumMyeongjo-Regular,master,demo,first_paint,2,1,1908.666000,1910.666000,1910.708000,204
4,ko,NanumMyeongjo-Regular,master,demo,warm,2,30,206.084867,207.746100,207.769700,0
4,ko,NanumMyeongjo-Regular,master,demo,zoom_in,2,12,1716.465250,1717.781250,1717.809083,2079
4,ko,NanumMyeongjo-Regular,master,demo,zoom_out,2,12,1114.562750,1115.864833,1115.878667,1392
4,ko,NanumMyeongjo-Regular,master,demo,pan,2,10,212.787600,214.366800,214.383500,0
4,ko,NanumMyeongjo-Regular,master,demo,first_paint,3,1,1799.583000,1801.833000,1801.875000,204
4,ko,NanumMyeongjo-Regular,master,demo,warm,3,30,204.113967,205.572233,205.586167,0
4,ko,NanumMyeongjo-Regular,master,demo,zoom_in,3,12,1676.461750,1677.559083,1677.580000,2079
4,ko,NanumMyeongjo-Regular,master,demo,zoom_out,3,12,1158.389000,1159.659750,1159.677083,1392
4,ko,NanumMyeongjo-Regular,master,demo,pan,3,10,216.754100,218.299800,218.329200,0
4,ko,NanumMyeongjo-Regular,master,demo,first_paint,4,1,1907.208000,1909.208000,1909.208000,204
4,ko,NanumMyeongjo-Regular,master,demo,warm,4,30,211.368000,212.972133,212.997133,0
4,ko,NanumMyeongjo-Regular,master,demo,zoom_in,4,12,1755.159750,1756.454917,1756.482583,2079
4,ko,NanumMyeongjo-Regular,master,demo,zoom_out,4,12,1140.184167,1141.510417,1141.527750,1392
4,ko,NanumMyeongjo-Regular,master,demo,pan,4,10,206.879100,208.454100,208.483400,0
4,zh,NotoSerifSC[wght],no_retention,demo,first_paint,0,1,6658.667000,6662.917000,6662.917000,154
4,zh,NotoSerifSC[wght],no_retention,demo,warm,0,30,204.854133,206.456833,206.473467,0
4,zh,NotoSerifSC[wght],no_retention,demo,zoom_in,0,12,6003.607583,6004.777917,6004.802167,1648
4,zh,NotoSerifSC[wght],no_retention,demo,zoom_out,0,12,3243.177167,3244.552083,3244.573083,1102
4,zh,NotoSerifSC[wght],no_retention,demo,pan,0,10,209.091700,210.854000,210.870500,0
4,zh,NotoSerifSC[wght],no_retention,demo,first_paint,1,1,6358.000000,6360.167000,6360.208000,154
4,zh,NotoSerifSC[wght],no_retention,demo,warm,1,30,210.275000,212.021000,212.044567,0
4,zh,NotoSerifSC[wght],no_retention,demo,zoom_in,1,12,5962.236000,5963.534500,5963.558917,1648
4,zh,NotoSerifSC[wght],no_retention,demo,zoom_out,1,12,3221.628583,3222.947917,3222.975750,1102
4,zh,NotoSerifSC[wght],no_retention,demo,pan,1,10,207.458300,209.087500,209.100100,0
4,zh,NotoSerifSC[wght],no_retention,demo,first_paint,2,1,6348.042000,6350.000000,6350.042000,154
4,zh,NotoSerifSC[wght],no_retention,demo,warm,2,30,207.640267,209.309733,209.336233,0
4,zh,NotoSerifSC[wght],no_retention,demo,zoom_in,2,12,5972.517417,5973.687500,5973.711833,1648
4,zh,NotoSerifSC[wght],no_retention,demo,zoom_out,2,12,3242.711917,3244.034917,3244.048750,1102
4,zh,NotoSerifSC[wght],no_retention,demo,pan,2,10,206.416800,208.104300,208.120900,0
4,zh,NotoSerifSC[wght],no_retention,demo,first_paint,3,1,6380.958000,6382.917000,6382.917000,154
4,zh,NotoSerifSC[wght],no_retention,demo,warm,3,30,201.092933,202.586067,202.606967,0
4,zh,NotoSerifSC[wght],no_retention,demo,zoom_in,3,12,5997.961917,5999.041750,5999.059083,1648
4,zh,NotoSerifSC[wght],no_retention,demo,zoom_out,3,12,3243.142417,3244.444417,3244.475750,1102
4,zh,NotoSerifSC[wght],no_retention,demo,pan,3,10,207.912600,209.541700,209.562600,0
4,zh,NotoSerifSC[wght],no_retention,demo,first_paint,4,1,6221.084000,6223.375000,6223.417000,154
4,zh,NotoSerifSC[wght],no_retention,demo,warm,4,30,199.156967,200.847233,200.863900,0
4,zh,NotoSerifSC[wght],no_retention,demo,zoom_in,4,12,5990.020917,5991.156417,5991.177167,1648
4,zh,NotoSerifSC[wght],no_retention,demo,zoom_out,4,12,3147.982667,3149.225583,3149.260417,1102
4,zh,NotoSerifSC[wght],no_retention,demo,pan,4,10,204.495800,206.187500,206.200000,0
4,zh,NotoSerifSC[wght],final,demo,first_paint,0,1,6397.708000,6403.583000,6403.583000,154
4,zh,NotoSerifSC[wght],final,demo,warm,0,30,202.473567,204.130667,204.155567,0
4,zh,NotoSerifSC[wght],final,demo,zoom_in,0,12,5959.840167,5961.017500,5961.034667,1648
4,zh,NotoSerifSC[wght],final,demo,zoom_out,0,12,3211.982583,3213.316000,3213.329833,1102
4,zh,NotoSerifSC[wght],final,demo,pan,0,10,203.662500,205.224900,205.254200,0
4,zh,NotoSerifSC[wght],final,demo,first_paint,1,1,6269.584000,6271.834000,6271.875000,154
4,zh,NotoSerifSC[wght],final,demo,warm,1,30,199.549933,201.104033,201.134600,0
4,zh,NotoSerifSC[wght],final,demo,zoom_in,1,12,5931.684083,5932.875000,5932.895833,1648
4,zh,NotoSerifSC[wght],final,demo,zoom_out,1,12,3221.388750,3222.684000,3222.704750,1102
4,zh,NotoSerifSC[wght],final,demo,pan,1,10,209.233500,210.887700,210.904300,0
4,zh,NotoSerifSC[wght],final,demo,first_paint,2,1,6297.834000,6300.209000,6300.250000,154
4,zh,NotoSerifSC[wght],final,demo,warm,2,30,202.181900,203.844467,203.869367,0
4,zh,NotoSerifSC[wght],final,demo,zoom_in,2,12,6039.833417,6041.277833,6041.302250,1648
4,zh,NotoSerifSC[wght],final,demo,zoom_out,2,12,3273.034750,3274.340250,3274.357750,1102
4,zh,NotoSerifSC[wght],final,demo,pan,2,10,204.208300,205.754000,205.779200,0
4,zh,NotoSerifSC[wght],final,demo,first_paint,3,1,6293.541000,6295.500000,6295.500000,154
4,zh,NotoSerifSC[wght],final,demo,warm,3,30,199.470733,201.025067,201.052733,0
4,zh,NotoSerifSC[wght],final,demo,zoom_in,3,12,5907.083583,5908.298750,5908.312667,1648
4,zh,NotoSerifSC[wght],final,demo,zoom_out,3,12,3213.277833,3214.580083,3214.607583,1102
4,zh,NotoSerifSC[wght],final,demo,pan,3,10,206.162500,207.800000,207.820900,0
4,zh,NotoSerifSC[wght],final,demo,first_paint,4,1,6425.417000,6428.500000,6428.500000,154
4,zh,NotoSerifSC[wght],final,demo,warm,4,30,203.298633,204.979067,205.005400,0
4,zh,NotoSerifSC[wght],final,demo,zoom_in,4,12,5927.246417,5928.412917,5928.433833,1648
4,zh,NotoSerifSC[wght],final,demo,zoom_out,4,12,3222.951417,3224.305750,3224.319667,1102
4,zh,NotoSerifSC[wght],final,demo,pan,4,10,206.954200,208.729100,208.741600,0
4,zh,NotoSerifSC[wght],master,demo,first_paint,0,1,6666.709000,6670.875000,6670.875000,154
4,zh,NotoSerifSC[wght],master,demo,warm,0,30,205.425033,207.083267,207.120767,0
4,zh,NotoSerifSC[wght],master,demo,zoom_in,0,12,6099.003583,6100.319500,6100.347167,1648
4,zh,NotoSerifSC[wght],master,demo,zoom_out,0,12,3237.628333,3239.076250,3239.097083,1102
4,zh,NotoSerifSC[wght],master,demo,pan,0,10,212.312500,214.091700,214.116800,0
4,zh,NotoSerifSC[wght],master,demo,first_paint,1,1,6477.750000,6480.125000,6480.125000,154
4,zh,NotoSerifSC[wght],master,demo,warm,1,30,202.394333,204.058333,204.095700,0
4,zh,NotoSerifSC[wght],master,demo,zoom_in,1,12,6022.767333,6024.187417,6024.208333,1648
4,zh,NotoSerifSC[wght],master,demo,zoom_out,1,12,3259.642250,3260.996417,3261.020667,1102
4,zh,NotoSerifSC[wght],master,demo,pan,1,10,211.995800,213.879200,213.900200,0
4,zh,NotoSerifSC[wght],master,demo,first_paint,2,1,6503.458000,6505.625000,6505.625000,154
4,zh,NotoSerifSC[wght],master,demo,warm,2,30,199.788800,201.469467,201.505500,0
4,zh,NotoSerifSC[wght],master,demo,zoom_in,2,12,6001.701500,6002.951583,6002.975833,1648
4,zh,NotoSerifSC[wght],master,demo,zoom_out,2,12,3251.885500,3253.253417,3253.270833,1102
4,zh,NotoSerifSC[wght],master,demo,pan,2,10,203.612400,205.291600,205.304100,0
4,zh,NotoSerifSC[wght],master,demo,first_paint,3,1,6498.791000,6501.208000,6501.250000,154
4,zh,NotoSerifSC[wght],master,demo,warm,3,30,195.537533,197.161167,197.195833,0
4,zh,NotoSerifSC[wght],master,demo,zoom_in,3,12,6034.302083,6035.770750,6035.802083,1648
4,zh,NotoSerifSC[wght],master,demo,zoom_out,3,12,3225.381917,3226.704833,3226.725667,1102
4,zh,NotoSerifSC[wght],master,demo,pan,3,10,206.070900,207.829300,207.854200,0
4,zh,NotoSerifSC[wght],master,demo,first_paint,4,1,6440.000000,6442.584000,6442.625000,154
4,zh,NotoSerifSC[wght],master,demo,warm,4,30,197.250033,198.861133,198.895767,0
4,zh,NotoSerifSC[wght],master,demo,zoom_in,4,12,5921.538167,5922.725667,5922.743000,1648
4,zh,NotoSerifSC[wght],master,demo,zoom_out,4,12,3226.437500,3227.711750,3227.725750,1102
4,zh,NotoSerifSC[wght],master,demo,pan,4,10,205.945900,207.591800,207.616500,0
4,zh,BabelStoneHan,no_retention,demo,first_paint,0,1,1926.250000,1930.291000,1930.291000,145
4,zh,BabelStoneHan,no_retention,demo,warm,0,30,204.270900,205.938900,205.958400,0
4,zh,BabelStoneHan,no_retention,demo,zoom_in,0,12,1725.232750,1726.413333,1726.441083,1643
4,zh,BabelStoneHan,no_retention,demo,zoom_out,0,12,1085.517333,1086.850750,1086.861167,1099
4,zh,BabelStoneHan,no_retention,demo,pan,0,10,212.508500,214.208400,214.233400,0
4,zh,BabelStoneHan,no_retention,demo,first_paint,1,1,1693.292000,1695.542000,1695.542000,145
4,zh,BabelStoneHan,no_retention,demo,warm,1,30,202.124933,203.805433,203.829100,0
4,zh,BabelStoneHan,no_retention,demo,zoom_in,1,12,1691.996583,1693.093667,1693.114583,1643
4,zh,BabelStoneHan,no_retention,demo,zoom_out,1,12,1072.298667,1073.566083,1073.579917,1099
4,zh,BabelStoneHan,no_retention,demo,pan,1,10,205.191700,206.904400,206.921100,0
4,zh,BabelStoneHan,no_retention,demo,first_paint,2,1,1686.667000,1688.667000,1688.709000,145
4,zh,BabelStoneHan,no_retention,demo,warm,2,30,198.634667,200.316633,200.337500,0
4,zh,BabelStoneHan,no_retention,demo,zoom_in,2,12,1695.711833,1696.874917,1696.899333,1643
4,zh,BabelStoneHan,no_retention,demo,zoom_out,2,12,1064.447833,1065.763833,1065.788167,1099
4,zh,BabelStoneHan,no_retention,demo,pan,2,10,202.283400,203.945700,203.966600,0
4,zh,BabelStoneHan,no_retention,demo,first_paint,3,1,1749.667000,1752.125000,1752.125000,145
4,zh,BabelStoneHan,no_retention,demo,warm,3,30,213.226267,215.045800,215.073533,0
4,zh,BabelStoneHan,no_retention,demo,zoom_in,3,12,1731.381917,1732.538167,1732.562500,1643
4,zh,BabelStoneHan,no_retention,demo,zoom_out,3,12,1079.118000,1080.395833,1080.416583,1099
4,zh,BabelStoneHan,no_retention,demo,pan,3,10,203.737600,205.370900,205.387500,0
4,zh,BabelStoneHan,no_retention,demo,first_paint,4,1,1708.542000,1710.709000,1710.750000,145
4,zh,BabelStoneHan,no_retention,demo,warm,4,30,204.859700,206.520667,206.541467,0
4,zh,BabelStoneHan,no_retention,demo,zoom_in,4,12,1705.197833,1706.336750,1706.361000,1643
4,zh,BabelStoneHan,no_retention,demo,zoom_out,4,12,1098.267417,1099.684083,1099.701500,1099
4,zh,BabelStoneHan,no_retention,demo,pan,4,10,202.829000,204.479100,204.491600,0
4,zh,BabelStoneHan,final,demo,first_paint,0,1,2147.541000,2154.250000,2154.291000,145
4,zh,BabelStoneHan,final,demo,warm,0,30,213.044533,214.715333,214.732000,0
4,zh,BabelStoneHan,final,demo,zoom_in,0,12,1789.385333,1790.711667,1790.732667,1643
4,zh,BabelStoneHan,final,demo,zoom_out,0,12,1098.263917,1099.618250,1099.645917,1099
4,zh,BabelStoneHan,final,demo,pan,0,10,203.845900,205.525200,205.537700,0
4,zh,BabelStoneHan,final,demo,first_paint,1,1,1739.583000,1741.833000,1741.833000,145
4,zh,BabelStoneHan,final,demo,warm,1,30,202.344533,203.986267,204.004233,0
4,zh,BabelStoneHan,final,demo,zoom_in,1,12,1700.496500,1701.698000,1701.722167,1643
4,zh,BabelStoneHan,final,demo,zoom_out,1,12,1083.916583,1085.253333,1085.267083,1099
4,zh,BabelStoneHan,final,demo,pan,1,10,204.333300,206.024800,206.050000,0
4,zh,BabelStoneHan,final,demo,first_paint,2,1,1823.375000,1826.167000,1826.208000,145
4,zh,BabelStoneHan,final,demo,warm,2,30,202.259833,203.791967,203.811167,0
4,zh,BabelStoneHan,final,demo,zoom_in,2,12,1722.184083,1723.343833,1723.354333,1643
4,zh,BabelStoneHan,final,demo,zoom_out,2,12,1081.468833,1082.767417,1082.784833,1099
4,zh,BabelStoneHan,final,demo,pan,2,10,203.112500,204.700100,204.720900,0
4,zh,BabelStoneHan,final,demo,first_paint,3,1,1719.000000,1720.917000,1720.958000,145
4,zh,BabelStoneHan,final,demo,warm,3,30,204.256900,205.780533,205.802800,0
4,zh,BabelStoneHan,final,demo,zoom_in,3,12,1810.357667,1811.732667,1811.760417,1643
4,zh,BabelStoneHan,final,demo,zoom_out,3,12,1053.496583,1054.666583,1054.694500,1099
4,zh,BabelStoneHan,final,demo,pan,3,10,200.879300,202.379000,202.395800,0
4,zh,BabelStoneHan,final,demo,first_paint,4,1,1720.750000,1722.958000,1723.000000,145
4,zh,BabelStoneHan,final,demo,warm,4,30,189.506900,190.959600,190.981900,0
4,zh,BabelStoneHan,final,demo,zoom_in,4,12,1715.993167,1717.628500,1717.646000,1643
4,zh,BabelStoneHan,final,demo,zoom_out,4,12,1070.149333,1071.451417,1071.468750,1099
4,zh,BabelStoneHan,final,demo,pan,4,10,201.520700,203.116500,203.137400,0
4,zh,BabelStoneHan,master,demo,first_paint,0,1,1964.542000,1968.417000,1968.459000,145
4,zh,BabelStoneHan,master,demo,warm,0,30,199.762467,201.461067,201.483333,0
4,zh,BabelStoneHan,master,demo,zoom_in,0,12,1727.739500,1728.930500,1728.948000,1643
4,zh,BabelStoneHan,master,demo,zoom_out,0,12,1114.027833,1115.385333,1115.402750,1099
4,zh,BabelStoneHan,master,demo,pan,0,10,200.175100,201.904400,201.921100,0
4,zh,BabelStoneHan,master,demo,first_paint,1,1,1802.208000,1804.792000,1804.833000,145
4,zh,BabelStoneHan,master,demo,warm,1,30,200.955600,202.620900,202.641733,0
4,zh,BabelStoneHan,master,demo,zoom_in,1,12,1709.399333,1710.607583,1710.642500,1643
4,zh,BabelStoneHan,master,demo,zoom_out,1,12,1090.007167,1091.323000,1091.340333,1099
4,zh,BabelStoneHan,master,demo,pan,1,10,190.391500,191.970600,191.987400,0
4,zh,BabelStoneHan,master,demo,first_paint,2,1,1670.375000,1672.917000,1672.917000,145
4,zh,BabelStoneHan,master,demo,warm,2,30,206.468067,208.351333,208.376367,0
4,zh,BabelStoneHan,master,demo,zoom_in,2,12,1709.090250,1710.281083,1710.312500,1643
4,zh,BabelStoneHan,master,demo,zoom_out,2,12,1084.920250,1086.302083,1086.316083,1099
4,zh,BabelStoneHan,master,demo,pan,2,10,203.916600,205.679100,205.695800,0
4,zh,BabelStoneHan,master,demo,first_paint,3,1,1749.666000,1752.041000,1752.083000,145
4,zh,BabelStoneHan,master,demo,warm,3,30,212.422267,214.138967,214.163933,0
4,zh,BabelStoneHan,master,demo,zoom_in,3,12,1702.361167,1703.527833,1703.545250,1643
4,zh,BabelStoneHan,master,demo,zoom_out,3,12,1085.718667,1086.982667,1087.010500,1099
4,zh,BabelStoneHan,master,demo,pan,3,10,200.829100,202.487500,202.504100,0
4,zh,BabelStoneHan,master,demo,first_paint,4,1,1665.334000,1667.709000,1667.709000,145
4,zh,BabelStoneHan,master,demo,warm,4,30,201.691667,203.512600,203.534867,0
4,zh,BabelStoneHan,master,demo,zoom_in,4,12,1718.843667,1719.951500,1719.972333,1643
4,zh,BabelStoneHan,master,demo,zoom_out,4,12,1092.437583,1093.624917,1093.642333,1099
4,zh,BabelStoneHan,master,demo,pan,4,10,203.129200,204.675200,204.696000,0
4,en,Rye-Regular,no_retention,demo,first_paint,0,1,6398.167000,6402.250000,6402.250000,274
4,en,Rye-Regular,no_retention,demo,warm,0,30,218.801300,220.404167,220.420833,0
4,en,Rye-Regular,no_retention,demo,zoom_in,0,12,5987.104083,5988.329833,5988.347167,2938
4,en,Rye-Regular,no_retention,demo,zoom_out,0,12,3940.982667,3942.441000,3942.458333,1945
4,en,Rye-Regular,no_retention,demo,pan,0,10,217.208200,218.887400,218.908300,0
4,en,Rye-Regular,no_retention,demo,first_paint,1,1,6106.458000,6108.375000,6108.416000,274
4,en,Rye-Regular,no_retention,demo,warm,1,30,216.550100,218.252833,218.273633,0
4,en,Rye-Regular,no_retention,demo,zoom_in,1,12,5978.864750,5980.159833,5980.170167,2938
4,en,Rye-Regular,no_retention,demo,zoom_out,1,12,3953.569417,3954.989500,3955.013917,1945
4,en,Rye-Regular,no_retention,demo,pan,1,10,231.437400,233.162700,233.179300,0
4,en,Rye-Regular,no_retention,demo,first_paint,2,1,6242.958000,6244.916000,6244.958000,274
4,en,Rye-Regular,no_retention,demo,warm,2,30,215.566767,217.258467,217.276533,0
4,en,Rye-Regular,no_retention,demo,zoom_in,2,12,5951.434250,5952.781417,5952.805667,2938
4,en,Rye-Regular,no_retention,demo,zoom_out,2,12,3963.545167,3965.451250,3965.461667,1945
4,en,Rye-Regular,no_retention,demo,pan,2,10,227.758300,230.108300,230.133400,0
4,en,Rye-Regular,no_retention,demo,first_paint,3,1,6356.250000,6359.833000,6359.875000,274
4,en,Rye-Regular,no_retention,demo,warm,3,30,207.977767,209.377700,209.399967,0
4,en,Rye-Regular,no_retention,demo,zoom_in,3,12,6005.444333,6006.670167,6006.694250,2938
4,en,Rye-Regular,no_retention,demo,zoom_out,3,12,3953.618167,3954.878500,3954.902750,1945
4,en,Rye-Regular,no_retention,demo,pan,3,10,216.295900,217.921100,217.941900,0
4,en,Rye-Regular,no_retention,demo,first_paint,4,1,6037.000000,6039.375000,6039.375000,274
4,en,Rye-Regular,no_retention,demo,warm,4,30,214.583267,216.252700,216.274900,0
4,en,Rye-Regular,no_retention,demo,zoom_in,4,12,5986.701583,5987.899667,5987.917000,2938
4,en,Rye-Regular,no_retention,demo,zoom_out,4,12,3972.156250,3973.628667,3973.649500,1945
4,en,Rye-Regular,no_retention,demo,pan,4,10,223.212400,224.912300,224.933100,0
4,en,Rye-Regular,final,demo,first_paint,0,1,4007.708000,4013.500000,4013.500000,274
4,en,Rye-Regular,final,demo,warm,0,30,221.309700,223.037467,223.075100,0
4,en,Rye-Regular,final,demo,zoom_in,0,12,3608.284583,3609.833167,3609.850583,2938
4,en,Rye-Regular,final,demo,zoom_out,0,12,2330.079833,2331.437417,2331.451167,1945
4,en,Rye-Regular,final,demo,pan,0,10,222.329200,224.054200,224.075100,0
4,en,Rye-Regular,final,demo,first_paint,1,1,3677.292000,3679.375000,3679.417000,274
4,en,Rye-Regular,final,demo,warm,1,30,208.725100,210.340367,210.373700,0
4,en,Rye-Regular,final,demo,zoom_in,1,12,3458.840167,3460.131917,3460.142333,2938
4,en,Rye-Regular,final,demo,zoom_out,1,12,2309.163083,2310.565917,2310.586667,1945
4,en,Rye-Regular,final,demo,pan,1,10,221.012700,222.825200,222.841800,0
4,en,Rye-Regular,final,demo,first_paint,2,1,3680.958000,3682.958000,3683.000000,274
4,en,Rye-Regular,final,demo,warm,2,30,205.699967,207.291633,207.329167,0
4,en,Rye-Regular,final,demo,zoom_in,2,12,3517.027833,3518.437583,3518.461750,2938
4,en,Rye-Regular,final,demo,zoom_out,2,12,2312.382000,2313.812417,2313.836917,1945
4,en,Rye-Regular,final,demo,pan,2,10,219.803900,221.574900,221.591600,0
4,en,Rye-Regular,final,demo,first_paint,3,1,3647.000000,3649.209000,3649.209000,274
4,en,Rye-Regular,final,demo,warm,3,30,212.725033,214.355533,214.390233,0
4,en,Rye-Regular,final,demo,zoom_in,3,12,3502.885250,3504.270750,3504.288083,2938
4,en,Rye-Regular,final,demo,zoom_out,3,12,2311.090417,2312.406250,2312.416583,1945
4,en,Rye-Regular,final,demo,pan,3,10,218.745800,220.358300,220.374900,0
4,en,Rye-Regular,final,demo,first_paint,4,1,3766.417000,3768.459000,3768.459000,274
4,en,Rye-Regular,final,demo,warm,4,30,213.826300,215.430433,215.465200,0
4,en,Rye-Regular,final,demo,zoom_in,4,12,3435.354083,3436.617833,3436.635333,2938
4,en,Rye-Regular,final,demo,zoom_out,4,12,2283.593917,2284.982583,2284.996583,1945
4,en,Rye-Regular,final,demo,pan,4,10,216.350000,217.996000,218.025000,0
4,en,Rye-Regular,master,demo,first_paint,0,1,6605.708000,6610.042000,6610.083000,274
4,en,Rye-Regular,master,demo,warm,0,30,217.700000,219.287533,219.326367,0
4,en,Rye-Regular,master,demo,zoom_in,0,12,6081.933833,6083.382000,6083.399250,2938
4,en,Rye-Regular,master,demo,zoom_out,0,12,3981.086667,3982.440667,3982.458167,1945
4,en,Rye-Regular,master,demo,pan,0,10,222.212400,223.858300,223.879100,0
4,en,Rye-Regular,master,demo,first_paint,1,1,6253.666000,6255.583000,6255.583000,274
4,en,Rye-Regular,master,demo,warm,1,30,203.654100,205.234767,205.259733,0
4,en,Rye-Regular,master,demo,zoom_in,1,12,5966.284750,5967.569500,5967.593917,2938
4,en,Rye-Regular,master,demo,zoom_out,1,12,3954.965250,3956.423583,3956.447833,1945
4,en,Rye-Regular,master,demo,pan,1,10,212.529100,214.224900,214.245800,0
4,en,Rye-Regular,master,demo,first_paint,2,1,6142.458000,6144.333000,6144.333000,274
4,en,Rye-Regular,master,demo,warm,2,30,215.012500,216.759700,216.793133,0
4,en,Rye-Regular,master,demo,zoom_in,2,12,6000.805583,6002.135417,6002.152750,2938
4,en,Rye-Regular,master,demo,zoom_out,2,12,3979.517333,3981.017333,3981.048750,1945
4,en,Rye-Regular,master,demo,pan,2,10,221.416500,223.229100,223.249900,0
4,en,Rye-Regular,master,demo,first_paint,3,1,6256.375000,6258.459000,6258.459000,274
4,en,Rye-Regular,master,demo,warm,3,30,199.054167,200.541667,200.579100,0
4,en,Rye-Regular,master,demo,zoom_in,3,12,6088.121583,6089.673750,6089.691167,2938
4,en,Rye-Regular,master,demo,zoom_out,3,12,3997.829750,3999.229083,3999.260333,1945
4,en,Rye-Regular,master,demo,pan,3,10,220.487400,222.345700,222.370800,0
4,en,Rye-Regular,master,demo,first_paint,4,1,6295.916000,6297.875000,6297.875000,274
4,en,Rye-Regular,master,demo,warm,4,30,215.079133,216.701500,216.737333,0
4,en,Rye-Regular,master,demo,zoom_in,4,12,6085.725667,6087.093833,6087.118000,2938
4,en,Rye-Regular,master,demo,zoom_out,4,12,4005.968750,4007.364667,4007.375083,1945
4,en,Rye-Regular,master,demo,pan,4,10,220.370700,222.062500,222.083100,0
4,en,Vollkorn-Medium,no_retention,demo,first_paint,0,1,6527.625000,6531.333000,6531.333000,269
4,en,Vollkorn-Medium,no_retention,demo,warm,0,30,215.540267,217.161133,217.183300,0
4,en,Vollkorn-Medium,no_retention,demo,zoom_in,0,12,6099.993167,6101.319500,6101.343833,2877
4,en,Vollkorn-Medium,no_retention,demo,zoom_out,0,12,3958.559083,3959.975667,3960.006750,1956
4,en,Vollkorn-Medium,no_retention,demo,pan,0,10,220.845700,222.583200,222.604000,0
4,en,Vollkorn-Medium,no_retention,demo,first_paint,1,1,6435.459000,6437.584000,6437.625000,269
4,en,Vollkorn-Medium,no_retention,demo,warm,1,30,214.266633,216.001467,216.018100,0
4,en,Vollkorn-Medium,no_retention,demo,zoom_in,1,12,5957.767333,5959.149083,5959.166500,2877
4,en,Vollkorn-Medium,no_retention,demo,zoom_out,1,12,3917.920250,3919.284750,3919.305667,1956
4,en,Vollkorn-Medium,no_retention,demo,pan,1,10,215.396000,217.125100,217.150200,0
4,en,Vollkorn-Medium,no_retention,demo,first_paint,2,1,6271.542000,6273.834000,6273.875000,269
4,en,Vollkorn-Medium,no_retention,demo,warm,2,30,211.408367,213.088967,213.111200,0
4,en,Vollkorn-Medium,no_retention,demo,zoom_in,2,12,6044.322917,6045.607667,6045.621583,2877
4,en,Vollkorn-Medium,no_retention,demo,zoom_out,2,12,3940.020750,3941.378500,3941.402750,1956
4,en,Vollkorn-Medium,no_retention,demo,pan,2,10,217.291800,219.004300,219.033400,0
4,en,Vollkorn-Medium,no_retention,demo,first_paint,3,1,6439.583000,6441.833000,6441.833000,269
4,en,Vollkorn-Medium,no_retention,demo,warm,3,30,212.337567,213.983300,214.005567,0
4,en,Vollkorn-Medium,no_retention,demo,zoom_in,3,12,6038.465417,6039.632083,6039.653000,2877
4,en,Vollkorn-Medium,no_retention,demo,zoom_out,3,12,3933.385500,3934.739750,3934.753667,1956
4,en,Vollkorn-Medium,no_retention,demo,pan,3,10,211.004400,212.637500,212.654200,0
4,en,Vollkorn-Medium,no_retention,demo,first_paint,4,1,6556.959000,6559.459000,6559.500000,269
4,en,Vollkorn-Medium,no_retention,demo,warm,4,30,212.581967,214.227933,214.248767,0
4,en,Vollkorn-Medium,no_retention,demo,zoom_in,4,12,6054.708333,6055.923500,6055.940833,2877
4,en,Vollkorn-Medium,no_retention,demo,zoom_out,4,12,3911.329917,3912.579667,3912.586667,1956
4,en,Vollkorn-Medium,no_retention,demo,pan,4,10,216.766900,218.371000,218.396000,0
4,en,Vollkorn-Medium,final,demo,first_paint,0,1,4523.750000,4529.459000,4529.459000,269
4,en,Vollkorn-Medium,final,demo,warm,0,30,219.474933,221.073500,221.095767,0
4,en,Vollkorn-Medium,final,demo,zoom_in,0,12,4090.788083,4092.131833,4092.152667,2877
4,en,Vollkorn-Medium,final,demo,zoom_out,0,12,2545.545167,2546.920083,2546.933917,1956
4,en,Vollkorn-Medium,final,demo,pan,0,10,210.895600,212.441300,212.470700,0
4,en,Vollkorn-Medium,final,demo,first_paint,1,1,4255.667000,4257.625000,4257.625000,269
4,en,Vollkorn-Medium,final,demo,warm,1,30,212.505533,214.082000,214.105633,0
4,en,Vollkorn-Medium,final,demo,zoom_in,1,12,3975.434083,3976.600750,3976.618000,2877
4,en,Vollkorn-Medium,final,demo,zoom_out,1,12,2528.312583,2529.628500,2529.649333,1956
4,en,Vollkorn-Medium,final,demo,pan,1,10,216.300300,217.908600,217.929500,0
4,en,Vollkorn-Medium,final,demo,first_paint,2,1,4395.708000,4398.000000,4398.000000,269
4,en,Vollkorn-Medium,final,demo,warm,2,30,210.826400,212.456900,212.476367,0
4,en,Vollkorn-Medium,final,demo,zoom_in,2,12,4010.229333,4011.437500,4011.451333,2877
4,en,Vollkorn-Medium,final,demo,zoom_out,2,12,2484.781167,2486.215167,2486.239500,1956
4,en,Vollkorn-Medium,final,demo,pan,2,10,213.154200,214.883200,214.904100,0
4,en,Vollkorn-Medium,final,demo,first_paint,3,1,4278.666000,4280.791000,4280.791000,269
4,en,Vollkorn-Medium,final,demo,warm,3,30,210.720833,212.312467,212.337533,0
4,en,Vollkorn-Medium,final,demo,zoom_in,3,12,4002.090250,4003.270917,4003.298667,2877
4,en,Vollkorn-Medium,final,demo,zoom_out,3,12,2529.520833,2530.847250,2530.864583,1956
4,en,Vollkorn-Medium,final,demo,pan,3,10,215.354100,217.008200,217.024900,0
4,en,Vollkorn-Medium,final,demo,first_paint,4,1,4266.416000,4268.291000,4268.291000,269
4,en,Vollkorn-Medium,final,demo,warm,4,30,213.427833,214.979133,214.998567,0
4,en,Vollkorn-Medium,final,demo,zoom_in,4,12,4022.663000,4023.801917,4023.840083,2877
4,en,Vollkorn-Medium,final,demo,zoom_out,4,12,2545.992833,2547.302000,2547.319250,1956
4,en,Vollkorn-Medium,final,demo,pan,4,10,213.362600,215.050000,215.070800,0
4,en,Vollkorn-Medium,master,demo,first_paint,0,1,6853.083000,6857.542000,6857.583000,269
4,en,Vollkorn-Medium,master,demo,warm,0,30,215.401333,217.104000,217.141633,0
4,en,Vollkorn-Medium,master,demo,zoom_in,0,12,6155.322833,6156.718833,6156.739500,2877
4,en,Vollkorn-Medium,master,demo,zoom_out,0,12,4025.496500,4026.878667,4026.906417,1956
4,en,Vollkorn-Medium,master,demo,pan,0,10,219.112500,220.846000,220.879200,0
4,en,Vollkorn-Medium,master,demo,first_paint,1,1,6415.041000,6417.375000,6417.416000,269
4,en,Vollkorn-Medium,master,demo,warm,1,30,207.506967,209.008233,209.042967,0
4,en,Vollkorn-Medium,master,demo,zoom_in,1,12,6179.975750,6181.197917,6181.211917,2877
4,en,Vollkorn-Medium,master,demo,zoom_out,1,12,4058.444417,4059.812500,4059.836917,1956
4,en,Vollkorn-Medium,master,demo,pan,1,10,218.404200,220.074900,220.087500,0
4,en,Vollkorn-Medium,master,demo,first_paint,2,1,6674.458000,6676.791000,6676.833000,269
4,en,Vollkorn-Medium,master,demo,warm,2,30,200.129267,201.680733,201.711200,0
4,en,Vollkorn-Medium,master,demo,zoom_in,2,12,6160.416667,6161.781333,6161.795167,2877
4,en,Vollkorn-Medium,master,demo,zoom_out,2,12,4004.472083,4005.829667,4005.850583,1956
4,en,Vollkorn-Medium,master,demo,pan,2,10,215.620800,217.295700,217.320900,0
4,en,Vollkorn-Medium,master,demo,first_paint,3,1,6552.916000,6554.833000,6554.875000,269
4,en,Vollkorn-Medium,master,demo,warm,3,30,207.762500,209.448533,209.483400,0
4,en,Vollkorn-Medium,master,demo,zoom_in,3,12,6118.013667,6119.218583,6119.232500,2877
4,en,Vollkorn-Medium,master,demo,zoom_out,3,12,4026.777583,4028.183917,4028.218833,1956
4,en,Vollkorn-Medium,master,demo,pan,3,10,213.208200,214.875200,214.883500,0
4,en,Vollkorn-Medium,master,demo,first_paint,4,1,6595.208000,6597.708000,6597.750000,269
4,en,Vollkorn-Medium,master,demo,warm,4,30,216.316667,218.001500,218.040300,0
4,en,Vollkorn-Medium,master,demo,zoom_in,4,12,6111.527833,6112.979167,6113.000083,2877
4,en,Vollkorn-Medium,master,demo,zoom_out,4,12,4004.260500,4005.545167,4005.579750,1956
4,en,Vollkorn-Medium,master,demo,pan,4,10,213.116800,214.712600,214.737500,0
4,en,NanumMyeongjo-Regular,no_retention,demo,first_paint,0,1,1890.458000,1894.500000,1894.541000,275
4,en,NanumMyeongjo-Regular,no_retention,demo,warm,0,30,224.013800,225.654033,225.673533,0
4,en,NanumMyeongjo-Regular,no_retention,demo,zoom_in,0,12,1552.434083,1553.673500,1553.694333,2919
4,en,NanumMyeongjo-Regular,no_retention,demo,zoom_out,0,12,1046.364500,1047.753250,1047.770750,1925
4,en,NanumMyeongjo-Regular,no_retention,demo,pan,0,10,225.150100,227.016800,227.041700,0
4,en,NanumMyeongjo-Regular,no_retention,demo,first_paint,1,1,1581.958000,1583.958000,1584.000000,275
4,en,NanumMyeongjo-Regular,no_retention,demo,warm,1,30,216.019500,217.890433,217.907033,0
4,en,NanumMyeongjo-Regular,no_retention,demo,zoom_in,1,12,1526.475750,1527.704833,1527.722250,2919
4,en,NanumMyeongjo-Regular,no_retention,demo,zoom_out,1,12,1033.250083,1034.579917,1034.583333,1925
4,en,NanumMyeongjo-Regular,no_retention,demo,pan,1,10,215.441700,217.162500,217.196000,0
4,en,NanumMyeongjo-Regular,no_retention,demo,first_paint,2,1,1556.875000,1558.833000,1558.875000,275
4,en,NanumMyeongjo-Regular,no_retention,demo,warm,2,30,214.805633,216.538867,216.554233,0
4,en,NanumMyeongjo-Regular,no_retention,demo,zoom_in,2,12,1540.611083,1541.777833,1541.795250,2919
4,en,NanumMyeongjo-Regular,no_retention,demo,zoom_out,2,12,1040.260250,1041.617833,1041.638750,1925
4,en,NanumMyeongjo-Regular,no_retention,demo,pan,2,10,218.154200,219.858200,219.883200,0
4,en,NanumMyeongjo-Regular,no_retention,demo,first_paint,3,1,1591.542000,1593.458000,1593.458000,275
4,en,NanumMyeongjo-Regular,no_retention,demo,warm,3,30,210.577767,212.215233,212.238867,0
4,en,NanumMyeongjo-Regular,no_retention,demo,zoom_in,3,12,1538.857667,1539.954917,1539.982583,2919
4,en,NanumMyeongjo-Regular,no_retention,demo,zoom_out,3,12,1076.895833,1078.354083,1078.371500,1925
4,en,NanumMyeongjo-Regular,no_retention,demo,pan,3,10,213.475100,215.116600,215.137500,0
4,en,NanumMyeongjo-Regular,no_retention,demo,first_paint,4,1,1543.000000,1544.667000,1544.708000,275
4,en,NanumMyeongjo-Regular,no_retention,demo,warm,4,30,217.387600,219.100067,219.115367,0
4,en,NanumMyeongjo-Regular,no_retention,demo,zoom_in,4,12,1517.725667,1518.850833,1518.868167,2919
4,en,NanumMyeongjo-Regular,no_retention,demo,zoom_out,4,12,1057.371500,1058.878333,1058.899167,1925
4,en,NanumMyeongjo-Regular,no_retention,demo,pan,4,10,225.133200,226.833100,226.845500,0
4,en,NanumMyeongjo-Regular,final,demo,first_paint,0,1,1741.958000,1748.042000,1748.042000,275
4,en,NanumMyeongjo-Regular,final,demo,warm,0,30,224.929067,226.634633,226.656933,0
4,en,NanumMyeongjo-Regular,final,demo,zoom_in,0,12,1333.968833,1335.239583,1335.270917,2919
4,en,NanumMyeongjo-Regular,final,demo,zoom_out,0,12,938.104250,939.628667,939.652833,1925
4,en,NanumMyeongjo-Regular,final,demo,pan,0,10,237.446000,239.420900,239.445900,0
4,en,NanumMyeongjo-Regular,final,demo,first_paint,1,1,1440.625000,1443.625000,1443.667000,275
4,en,NanumMyeongjo-Regular,final,demo,warm,1,30,208.768000,210.381933,210.399933,0
4,en,NanumMyeongjo-Regular,final,demo,zoom_in,1,12,1308.159750,1309.472250,1309.486083,2919
4,en,NanumMyeongjo-Regular,final,demo,zoom_out,1,12,887.038250,888.375083,888.389083,1925
4,en,NanumMyeongjo-Regular,final,demo,pan,1,10,217.845800,219.533500,219.550100,0
4,en,NanumMyeongjo-Regular,final,demo,first_paint,2,1,1344.708000,1346.833000,1346.875000,275
4,en,NanumMyeongjo-Regular,final,demo,warm,2,30,216.066700,217.730633,217.758433,0
4,en,NanumMyeongjo-Regular,final,demo,zoom_in,2,12,1286.194167,1287.409583,1287.433750,2919
4,en,NanumMyeongjo-Regular,final,demo,zoom_out,2,12,894.753583,896.062583,896.097417,1925
4,en,NanumMyeongjo-Regular,final,demo,pan,2,10,221.187500,222.875100,222.891800,0
4,en,NanumMyeongjo-Regular,final,demo,first_paint,3,1,1332.583000,1334.625000,1334.666000,275
4,en,NanumMyeongjo-Regular,final,demo,warm,3,30,214.011167,215.687400,215.712500,0
4,en,NanumMyeongjo-Regular,final,demo,zoom_in,3,12,1325.520917,1326.826250,1326.847167,2919
4,en,NanumMyeongjo-Regular,final,demo,zoom_out,3,12,873.437583,874.722417,874.736250,1925
4,en,NanumMyeongjo-Regular,final,demo,pan,3,10,212.712500,214.371000,214.404100,0
4,en,NanumMyeongjo-Regular,final,demo,first_paint,4,1,1314.709000,1316.834000,1316.834000,275
4,en,NanumMyeongjo-Regular,final,demo,warm,4,30,218.034733,219.957033,219.990300,0
4,en,NanumMyeongjo-Regular,final,demo,zoom_in,4,12,1294.562417,1295.882000,1295.892250,2919
4,en,NanumMyeongjo-Regular,final,demo,zoom_out,4,12,880.041500,881.350583,881.368000,1925
4,en,NanumMyeongjo-Regular,final,demo,pan,4,10,215.545700,217.275000,217.300000,0
4,en,NanumMyeongjo-Regular,master,demo,first_paint,0,1,1893.250000,1897.208000,1897.250000,275
4,en,NanumMyeongjo-Regular,master,demo,warm,0,30,215.376400,216.979167,217.000000,0
4,en,NanumMyeongjo-Regular,master,demo,zoom_in,0,12,1561.093667,1562.243167,1562.267333,2919
4,en,NanumMyeongjo-Regular,master,demo,zoom_out,0,12,1066.937500,1068.194250,1068.201250,1925
4,en,NanumMyeongjo-Regular,master,demo,pan,0,10,217.241900,218.829300,218.837600,0
4,en,NanumMyeongjo-Regular,master,demo,first_paint,1,1,1615.042000,1616.917000,1616.917000,275
4,en,NanumMyeongjo-Regular,master,demo,warm,1,30,202.415267,204.068033,204.084667,0
4,en,NanumMyeongjo-Regular,master,demo,zoom_in,1,12,1556.531167,1557.847083,1557.867917,2919
4,en,NanumMyeongjo-Regular,master,demo,zoom_out,1,12,1033.944500,1035.284833,1035.316167,1925
4,en,NanumMyeongjo-Regular,master,demo,pan,1,10,215.908200,217.700100,217.724900,0
4,en,NanumMyeongjo-Regular,master,demo,first_paint,2,1,1553.375000,1555.209000,1555.209000,275
4,en,NanumMyeongjo-Regular,master,demo,warm,2,30,211.726467,213.459733,213.477733,0
4,en,NanumMyeongjo-Regular,master,demo,zoom_in,2,12,1514.632083,1515.920333,1515.934167,2919
4,en,NanumMyeongjo-Regular,master,demo,zoom_out,2,12,1049.468667,1050.795083,1050.822750,1925
4,en,NanumMyeongjo-Regular,master,demo,pan,2,10,218.304100,219.908400,219.941800,0
4,en,NanumMyeongjo-Regular,master,demo,first_paint,3,1,1612.542000,1614.708000,1614.708000,275
4,en,NanumMyeongjo-Regular,master,demo,warm,3,30,209.379300,210.987633,211.012633,0
4,en,NanumMyeongjo-Regular,master,demo,zoom_in,3,12,1542.979083,1544.111083,1544.135250,2919
4,en,NanumMyeongjo-Regular,master,demo,zoom_out,3,12,1062.579917,1063.979167,1063.996500,1925
4,en,NanumMyeongjo-Regular,master,demo,pan,3,10,206.946000,208.587400,208.608300,0
4,en,NanumMyeongjo-Regular,master,demo,first_paint,4,1,1560.084000,1561.959000,1562.000000,275
4,en,NanumMyeongjo-Regular,master,demo,warm,4,30,208.777800,210.436233,210.452833,0
4,en,NanumMyeongjo-Regular,master,demo,zoom_in,4,12,1536.937417,1538.124917,1538.149250,2919
4,en,NanumMyeongjo-Regular,master,demo,zoom_out,4,12,1053.895750,1055.180500,1055.204750,1925
4,en,NanumMyeongjo-Regular,master,demo,pan,4,10,214.729300,216.441800,216.466900,0
5,en,BabelStoneHan,master,demo,first_paint,0,1,1373.667000,1377.792000,1377.834000,139
5,en,BabelStoneHan,master,demo,warm,0,30,217.568300,219.261367,219.282167,0
5,en,BabelStoneHan,master,demo,zoom_in,0,12,1241.722250,1242.940750,1242.972250,2778
5,en,BabelStoneHan,master,demo,zoom_out,0,12,792.079750,793.406167,793.433917,1822
5,en,BabelStoneHan,master,demo,pan,0,10,213.325100,214.954000,214.962300,0
5,en,BabelStoneHan,master,demo,first_paint,1,1,1026.334000,1028.584000,1028.584000,139
5,en,BabelStoneHan,master,demo,warm,1,30,206.291667,207.865333,207.881933,0
5,en,BabelStoneHan,master,demo,zoom_in,1,12,1209.975750,1211.121583,1211.145750,2778
5,en,BabelStoneHan,master,demo,zoom_out,1,12,801.764000,803.090417,803.111167,1822
5,en,BabelStoneHan,master,demo,pan,1,10,214.191500,215.899900,215.920900,0
5,en,BabelStoneHan,master,demo,first_paint,2,1,1064.416000,1066.833000,1066.875000,139
5,en,BabelStoneHan,master,demo,warm,2,30,212.806933,214.499933,214.519433,0
5,en,BabelStoneHan,master,demo,zoom_in,2,12,1193.583167,1194.746500,1194.763917,2778
5,en,BabelStoneHan,master,demo,zoom_out,2,12,812.822917,814.138750,814.169917,1822
5,en,BabelStoneHan,master,demo,pan,2,10,218.549900,220.225100,220.258200,0
5,en,BabelStoneHan,master,demo,first_paint,3,1,1031.208000,1033.458000,1033.458000,139
5,en,BabelStoneHan,master,demo,warm,3,30,202.073567,203.618000,203.638800,0
5,en,BabelStoneHan,master,demo,zoom_in,3,12,1204.979167,1206.121667,1206.135583,2778
5,en,BabelStoneHan,master,demo,zoom_out,3,12,806.014000,807.319333,807.340250,1822
5,en,BabelStoneHan,master,demo,pan,3,10,214.453900,216.137400,216.149900,0
5,en,BabelStoneHan,master,demo,first_paint,4,1,1044.083000,1046.333000,1046.375000,139
5,en,BabelStoneHan,master,demo,warm,4,30,215.577733,217.269433,217.288900,0
5,en,BabelStoneHan,master,demo,zoom_in,4,12,1202.670167,1203.791583,1203.819417,2778
5,en,BabelStoneHan,master,demo,zoom_out,4,12,810.347250,811.600667,811.611167,1822
5,en,BabelStoneHan,master,demo,pan,4,10,216.000000,217.608100,217.629000,0
5,en,BabelStoneHan,no_retention,demo,first_paint,0,1,1407.458000,1411.375000,1411.375000,139
5,en,BabelStoneHan,no_retention,demo,warm,0,30,217.202800,218.854167,218.875067,0
5,en,BabelStoneHan,no_retention,demo,zoom_in,0,12,1204.722083,1205.927083,1205.944417,2778
5,en,BabelStoneHan,no_retention,demo,zoom_out,0,12,848.899333,850.406083,850.441083,1822
5,en,BabelStoneHan,no_retention,demo,pan,0,10,213.324900,215.737500,215.762400,0
5,en,BabelStoneHan,no_retention,demo,first_paint,1,1,1068.834000,1071.500000,1071.542000,139
5,en,BabelStoneHan,no_retention,demo,warm,1,30,218.748633,220.348533,220.370833,0
5,en,BabelStoneHan,no_retention,demo,zoom_in,1,12,1191.982667,1193.190917,1193.211750,2778
5,en,BabelStoneHan,no_retention,demo,zoom_out,1,12,798.423667,799.850833,799.889000,1822
5,en,BabelStoneHan,no_retention,demo,pan,1,10,218.116500,219.795600,219.829100,0
5,en,BabelStoneHan,no_retention,demo,first_paint,2,1,1070.959000,1073.292000,1073.292000,139
5,en,BabelStoneHan,no_retention,demo,warm,2,30,216.581900,218.274967,218.294433,0
5,en,BabelStoneHan,no_retention,demo,zoom_in,2,12,1194.034833,1195.312500,1195.343833,2778
5,en,BabelStoneHan,no_retention,demo,zoom_out,2,12,801.815833,804.208250,804.229083,1822
5,en,BabelStoneHan,no_retention,demo,pan,2,10,210.612500,212.233500,212.254300,0
5,en,BabelStoneHan,no_retention,demo,first_paint,3,1,1056.917000,1059.500000,1059.542000,139
5,en,BabelStoneHan,no_retention,demo,warm,3,30,214.716700,216.379133,216.404200,0
5,en,BabelStoneHan,no_retention,demo,zoom_in,3,12,1190.274250,1191.486167,1191.513917,2778
5,en,BabelStoneHan,no_retention,demo,zoom_out,3,12,848.173583,849.701333,849.718750,1822
5,en,BabelStoneHan,no_retention,demo,pan,3,10,235.012700,236.966700,236.991900,0
5,en,BabelStoneHan,no_retention,demo,first_paint,4,1,1132.750000,1135.916000,1135.916000,139
5,en,BabelStoneHan,no_retention,demo,warm,4,30,215.631967,217.206933,217.220833,0
5,en,BabelStoneHan,no_retention,demo,zoom_in,4,12,1220.513833,1221.600750,1221.625000,2778
5,en,BabelStoneHan,no_retention,demo,zoom_out,4,12,799.038333,800.295167,800.319500,1822
5,en,BabelStoneHan,no_retention,demo,pan,4,10,221.083400,222.712500,222.746000,0
5,en,BabelStoneHan,final,demo,first_paint,0,1,1356.500000,1362.167000,1362.208000,139
5,en,BabelStoneHan,final,demo,warm,0,30,219.554133,221.140200,221.165200,0
5,en,BabelStoneHan,final,demo,zoom_in,0,12,1215.479000,1216.663333,1216.677167,2778
5,en,BabelStoneHan,final,demo,zoom_out,0,12,806.552333,807.940917,807.965333,1822
5,en,BabelStoneHan,final,demo,pan,0,10,218.400000,220.175000,220.195900,0
5,en,BabelStoneHan,final,demo,first_paint,1,1,1069.750000,1072.541000,1072.583000,139
5,en,BabelStoneHan,final,demo,warm,1,30,209.725000,211.322100,211.344333,0
5,en,BabelStoneHan,final,demo,zoom_in,1,12,1161.423500,1162.673500,1162.687417,2778
5,en,BabelStoneHan,final,demo,zoom_out,1,12,776.510417,777.802083,777.833333,1822
5,en,BabelStoneHan,final,demo,pan,1,10,214.795900,216.620900,216.641700,0
5,en,BabelStoneHan,final,demo,first_paint,2,1,1043.709000,1045.917000,1045.959000,139
5,en,BabelStoneHan,final,demo,warm,2,30,212.106867,213.841600,213.868000,0
5,en,BabelStoneHan,final,demo,zoom_in,2,12,1147.114583,1148.295167,1148.312583,2778
5,en,BabelStoneHan,final,demo,zoom_out,2,12,770.611000,771.920167,771.937500,1822
5,en,BabelStoneHan,final,demo,pan,2,10,216.287500,218.083200,218.104200,0
5,en,BabelStoneHan,final,demo,first_paint,3,1,1066.667000,1068.917000,1068.917000,139
5,en,BabelStoneHan,final,demo,warm,3,30,209.216700,210.780533,210.804033,0
5,en,BabelStoneHan,final,demo,zoom_in,3,12,1159.107667,1160.246667,1160.263917,2778
5,en,BabelStoneHan,final,demo,zoom_out,3,12,757.329833,758.548667,758.569333,1822
5,en,BabelStoneHan,final,demo,pan,3,10,217.416700,219.004100,219.025100,0
5,en,BabelStoneHan,final,demo,first_paint,4,1,1010.875000,1013.208000,1013.250000,139
5,en,BabelStoneHan,final,demo,warm,4,30,200.851367,202.445867,202.462500,0
5,en,BabelStoneHan,final,demo,zoom_in,4,12,1150.486083,1151.701250,1151.732583,2778
5,en,BabelStoneHan,final,demo,zoom_out,4,12,769.670250,770.996583,771.010417,1822
5,en,BabelStoneHan,final,demo,pan,4,10,235.595800,237.150300,237.166800,0
5,ko,NanumMyeongjo-Regular,master,demo,first_paint,0,1,2237.250000,2241.167000,2241.208000,204
5,ko,NanumMyeongjo-Regular,master,demo,warm,0,30,211.991633,213.599967,213.620833,0
5,ko,NanumMyeongjo-Regular,master,demo,zoom_in,0,12,1736.562333,1737.795000,1737.808917,2079
5,ko,NanumMyeongjo-Regular,master,demo,zoom_out,0,12,1178.444500,1179.885417,1179.906250,1392
5,ko,NanumMyeongjo-Regular,master,demo,pan,0,10,204.079100,205.725000,205.750000,0
5,ko,NanumMyeongjo-Regular,master,demo,first_paint,1,1,1783.333000,1785.167000,1785.208000,204
5,ko,NanumMyeongjo-Regular,master,demo,warm,1,30,212.713867,214.419367,214.438833,0
5,ko,NanumMyeongjo-Regular,master,demo,zoom_in,1,12,1720.163167,1721.433917,1721.451417,2079
5,ko,NanumMyeongjo-Regular,master,demo,zoom_out,1,12,1146.548667,1147.916583,1147.934000,1392
5,ko,NanumMyeongjo-Regular,master,demo,pan,1,10,211.291600,213.137500,213.149900,0
5,ko,NanumMyeongjo-Regular,master,demo,first_paint,2,1,1834.667000,1836.542000,1836.584000,204
5,ko,NanumMyeongjo-Regular,master,demo,warm,2,30,207.417933,209.231800,209.249900,0
5,ko,NanumMyeongjo-Regular,master,demo,zoom_in,2,12,1723.551833,1724.808917,1724.843667,2079
5,ko,NanumMyeongjo-Regular,master,demo,zoom_out,2,12,1140.020833,1141.385417,1141.402750,1392
5,ko,NanumMyeongjo-Regular,master,demo,pan,2,10,207.349700,209.045700,209.075000,0
5,ko,NanumMyeongjo-Regular,master,demo,first_paint,3,1,1810.125000,1812.125000,1812.166000,204
5,ko,NanumMyeongjo-Regular,master,demo,warm,3,30,208.393000,210.129000,210.151267,0
5,ko,NanumMyeongjo-Regular,master,demo,zoom_in,3,12,1692.756917,1693.979417,1693.993167,2079
5,ko,NanumMyeongjo-Regular,master,demo,zoom_out,3,12,1139.277667,1140.645667,1140.656083,1392
5,ko,NanumMyeongjo-Regular,master,demo,pan,3,10,211.337500,213.050000,213.075000,0
5,ko,NanumMyeongjo-Regular,master,demo,first_paint,4,1,1774.584000,1776.542000,1776.542000,204
5,ko,NanumMyeongjo-Regular,master,demo,warm,4,30,208.730433,210.333200,210.355533,0
5,ko,NanumMyeongjo-Regular,master,demo,zoom_in,4,12,1688.534750,1689.638917,1689.659583,2079
5,ko,NanumMyeongjo-Regular,master,demo,zoom_out,4,12,1136.427083,1137.683917,1137.694417,1392
5,ko,NanumMyeongjo-Regular,master,demo,pan,4,10,209.804200,211.387600,211.408400,0
5,ko,NanumMyeongjo-Regular,no_retention,demo,first_paint,0,1,2124.250000,2128.166000,2128.208000,204
5,ko,NanumMyeongjo-Regular,no_retention,demo,warm,0,30,209.250067,210.786067,210.808367,0
5,ko,NanumMyeongjo-Regular,no_retention,demo,zoom_in,0,12,1719.388917,1720.527667,1720.545000,2079
5,ko,NanumMyeongjo-Regular,no_retention,demo,zoom_out,0,12,1153.173500,1154.492833,1154.513750,1392
5,ko,NanumMyeongjo-Regular,no_retention,demo,pan,0,10,210.499800,212.108200,212.129000,0
5,ko,NanumMyeongjo-Regular,no_retention,demo,first_paint,1,1,1810.042000,1811.834000,1811.834000,204
5,ko,NanumMyeongjo-Regular,no_retention,demo,warm,1,30,197.443033,199.044433,199.066633,0
5,ko,NanumMyeongjo-Regular,no_retention,demo,zoom_in,1,12,1682.392333,1683.604083,1683.628417,2079
5,ko,NanumMyeongjo-Regular,no_retention,demo,zoom_out,1,12,1143.836833,1145.135333,1145.156167,1392
5,ko,NanumMyeongjo-Regular,no_retention,demo,pan,1,10,209.850000,211.495700,211.512400,0
5,ko,NanumMyeongjo-Regular,no_retention,demo,first_paint,2,1,1794.167000,1796.125000,1796.167000,204
5,ko,NanumMyeongjo-Regular,no_retention,demo,warm,2,30,213.505400,215.123533,215.144333,0
5,ko,NanumMyeongjo-Regular,no_retention,demo,zoom_in,2,12,1700.458417,1701.656500,1701.687583,2079
5,ko,NanumMyeongjo-Regular,no_retention,demo,zoom_out,2,12,1143.336583,1144.673333,1144.701250,1392
5,ko,NanumMyeongjo-Regular,no_retention,demo,pan,2,10,210.225000,211.962400,211.987300,0
5,ko,NanumMyeongjo-Regular,no_retention,demo,first_paint,3,1,1802.000000,1803.958000,1804.000000,204
5,ko,NanumMyeongjo-Regular,no_retention,demo,warm,3,30,206.387433,207.969400,207.997167,0
5,ko,NanumMyeongjo-Regular,no_retention,demo,zoom_in,3,12,1725.555417,1726.812417,1726.826417,2079
5,ko,NanumMyeongjo-Regular,no_retention,demo,zoom_out,3,12,1148.038000,1149.267167,1149.277667,1392
5,ko,NanumMyeongjo-Regular,no_retention,demo,pan,3,10,215.049900,216.658100,216.691700,0
5,ko,NanumMyeongjo-Regular,no_retention,demo,first_paint,4,1,1880.125000,1882.208000,1882.250000,204
5,ko,NanumMyeongjo-Regular,no_retention,demo,warm,4,30,195.976467,197.452833,197.479167,0
5,ko,NanumMyeongjo-Regular,no_retention,demo,zoom_in,4,12,1685.854167,1686.996500,1687.007000,2079
5,ko,NanumMyeongjo-Regular,no_retention,demo,zoom_out,4,12,1129.722500,1130.986333,1131.000167,1392
5,ko,NanumMyeongjo-Regular,no_retention,demo,pan,4,10,208.204200,210.916800,210.937500,0
5,ko,NanumMyeongjo-Regular,final,demo,first_paint,0,1,2140.458000,2147.208000,2147.250000,204
5,ko,NanumMyeongjo-Regular,final,demo,warm,0,30,214.518167,216.113900,216.136167,0
5,ko,NanumMyeongjo-Regular,final,demo,zoom_in,0,12,1703.673500,1704.944167,1704.961583,2079
5,ko,NanumMyeongjo-Regular,final,demo,zoom_out,0,12,1114.107583,1115.451250,1115.485917,1392
5,ko,NanumMyeongjo-Regular,final,demo,pan,0,10,215.870700,217.595700,217.616700,0
5,ko,NanumMyeongjo-Regular,final,demo,first_paint,1,1,1821.334000,1823.792000,1823.834000,204
5,ko,NanumMyeongjo-Regular,final,demo,warm,1,30,204.398633,206.013833,206.037467,0
5,ko,NanumMyeongjo-Regular,final,demo,zoom_in,1,12,1645.566000,1646.840417,1646.868083,2079
5,ko,NanumMyeongjo-Regular,final,demo,zoom_out,1,12,1090.333250,1091.600667,1091.617917,1392
5,ko,NanumMyeongjo-Regular,final,demo,pan,1,10,208.229000,209.962300,209.979000,0
5,ko,NanumMyeongjo-Regular,final,demo,first_paint,2,1,1720.791000,1722.875000,1722.875000,204
5,ko,NanumMyeongjo-Regular,final,demo,warm,2,30,209.841667,211.529133,211.548567,0
5,ko,NanumMyeongjo-Regular,final,demo,zoom_in,2,12,1659.329917,1660.763750,1660.788083,2079
5,ko,NanumMyeongjo-Regular,final,demo,zoom_out,2,12,1099.194417,1100.503500,1100.524250,1392
5,ko,NanumMyeongjo-Regular,final,demo,pan,2,10,206.466500,208.145600,208.158200,0
5,ko,NanumMyeongjo-Regular,final,demo,first_paint,3,1,1761.833000,1763.708000,1763.708000,204
5,ko,NanumMyeongjo-Regular,final,demo,warm,3,30,206.705567,208.380567,208.402700,0
5,ko,NanumMyeongjo-Regular,final,demo,zoom_in,3,12,1655.750000,1657.062500,1657.093833,2079
5,ko,NanumMyeongjo-Regular,final,demo,zoom_out,3,12,1112.649250,1113.930667,1113.947833,1392
5,ko,NanumMyeongjo-Regular,final,demo,pan,3,10,210.679200,212.454000,212.470700,0
5,ko,NanumMyeongjo-Regular,final,demo,first_paint,4,1,1745.667000,1748.125000,1748.167000,204
5,ko,NanumMyeongjo-Regular,final,demo,warm,4,30,205.994467,207.659667,207.679133,0
5,ko,NanumMyeongjo-Regular,final,demo,zoom_in,4,12,1625.437500,1626.763917,1626.791750,2079
5,ko,NanumMyeongjo-Regular,final,demo,zoom_out,4,12,1074.007000,1075.257167,1075.274500,1392
5,ko,NanumMyeongjo-Regular,final,demo,pan,4,10,209.437600,211.020800,211.041700,0
5,zh,NotoSerifSC[wght],master,demo,first_paint,0,1,6811.458000,6815.375000,6815.416000,154
5,zh,NotoSerifSC[wght],master,demo,warm,0,30,202.680433,204.337467,204.362500,0
5,zh,NotoSerifSC[wght],master,demo,zoom_in,0,12,6056.677000,6058.020833,6058.041583,1648
5,zh,NotoSerifSC[wght],master,demo,zoom_out,0,12,3257.746500,3259.086917,3259.107583,1102
5,zh,NotoSerifSC[wght],master,demo,pan,0,10,208.675200,210.362600,210.387700,0
5,zh,NotoSerifSC[wght],master,demo,first_paint,1,1,6572.708000,6575.291000,6575.333000,154
5,zh,NotoSerifSC[wght],master,demo,warm,1,30,203.588967,205.251667,205.262800,0
5,zh,NotoSerifSC[wght],master,demo,zoom_in,1,12,6008.426917,6009.684000,6009.701417,1648
5,zh,NotoSerifSC[wght],master,demo,zoom_out,1,12,3282.100750,3283.552250,3283.566167,1102
5,zh,NotoSerifSC[wght],master,demo,pan,1,10,207.779100,209.433300,209.454200,0
5,zh,NotoSerifSC[wght],master,demo,first_paint,2,1,6723.083000,6726.625000,6726.666000,154
5,zh,NotoSerifSC[wght],master,demo,warm,2,30,202.787433,204.386033,204.404100,0
5,zh,NotoSerifSC[wght],master,demo,zoom_in,2,12,6021.802250,6022.972500,6022.996750,1648
5,zh,NotoSerifSC[wght],master,demo,zoom_out,2,12,3289.038167,3290.392417,3290.413250,1102
5,zh,NotoSerifSC[wght],master,demo,pan,2,10,210.070800,211.691600,211.708300,0
5,zh,NotoSerifSC[wght],master,demo,first_paint,3,1,6529.958000,6532.333000,6532.333000,154
5,zh,NotoSerifSC[wght],master,demo,warm,3,30,192.838900,194.504167,194.525033,0
5,zh,NotoSerifSC[wght],master,demo,zoom_in,3,12,6056.364500,6057.562417,6057.586917,1648
5,zh,NotoSerifSC[wght],master,demo,zoom_out,3,12,3380.500000,3381.965000,3381.975417,1102
5,zh,NotoSerifSC[wght],master,demo,pan,3,10,205.900000,207.612500,207.637400,0
5,zh,NotoSerifSC[wght],master,demo,first_paint,4,1,6695.875000,6698.041000,6698.041000,154
5,zh,NotoSerifSC[wght],master,demo,warm,4,30,200.015300,201.497267,201.520900,0
5,zh,NotoSerifSC[wght],master,demo,zoom_in,4,12,6058.930750,6060.048750,6060.069667,1648
5,zh,NotoSerifSC[wght],master,demo,zoom_out,4,12,3213.909917,3215.159917,3215.173917,1102
5,zh,NotoSerifSC[wght],master,demo,pan,4,10,194.529100,196.087600,196.099900,0
5,zh,NotoSerifSC[wght],no_retention,demo,first_paint,0,1,6518.958000,6523.458000,6523.500000,154
5,zh,NotoSerifSC[wght],no_retention,demo,warm,0,30,206.070833,207.708300,207.734767,0
5,zh,NotoSerifSC[wght],no_retention,demo,zoom_in,0,12,6040.323083,6041.503500,6041.521000,1648
5,zh,NotoSerifSC[wght],no_retention,demo,zoom_out,0,12,3227.496500,3228.923583,3228.951333,1102
5,zh,NotoSerifSC[wght],no_retention,demo,pan,0,10,210.912500,212.767000,212.783400,0
5,zh,NotoSerifSC[wght],no_retention,demo,first_paint,1,1,6434.292000,6436.708000,6436.708000,154
5,zh,NotoSerifSC[wght],no_retention,demo,warm,1,30,217.962600,219.770900,219.794467,0
5,zh,NotoSerifSC[wght],no_retention,demo,zoom_in,1,12,6007.902750,6009.145917,6009.166750,1648
5,zh,NotoSerifSC[wght],no_retention,demo,zoom_out,1,12,3245.298583,3246.795083,3246.819333,1102
5,zh,NotoSerifSC[wght],no_retention,demo,pan,1,10,209.679100,211.387400,211.404100,0
5,zh,NotoSerifSC[wght],no_retention,demo,first_paint,2,1,6346.417000,6348.750000,6348.750000,154
5,zh,NotoSerifSC[wght],no_retention,demo,warm,2,30,204.454167,206.198600,206.218067,0
5,zh,NotoSerifSC[wght],no_retention,demo,zoom_in,2,12,6042.742917,6043.999917,6044.027833,1648
5,zh,NotoSerifSC[wght],no_retention,demo,zoom_out,2,12,3255.982750,3257.298833,3257.316083,1102
5,zh,NotoSerifSC[wght],no_retention,demo,pan,2,10,209.562300,211.208200,211.233200,0
5,zh,NotoSerifSC[wght],no_retention,demo,first_paint,3,1,6400.959000,6403.042000,6403.084000,154
5,zh,NotoSerifSC[wght],no_retention,demo,warm,3,30,205.022200,206.591700,206.609667,0
5,zh,NotoSerifSC[wght],no_retention,demo,zoom_in,3,12,5950.517250,5951.704750,5951.718667,1648
5,zh,NotoSerifSC[wght],no_retention,demo,zoom_out,3,12,3252.972000,3254.315917,3254.333333,1102
5,zh,NotoSerifSC[wght],no_retention,demo,pan,3,10,211.524900,213.178900,213.204000,0
5,zh,NotoSerifSC[wght],no_retention,demo,first_paint,4,1,6333.709000,6336.042000,6336.042000,154
5,zh,NotoSerifSC[wght],no_retention,demo,warm,4,30,210.618100,212.315433,212.333467,0
5,zh,NotoSerifSC[wght],no_retention,demo,zoom_in,4,12,5930.135417,5931.406167,5931.427000,1648
5,zh,NotoSerifSC[wght],no_retention,demo,zoom_out,4,12,3247.048667,3248.396000,3248.416833,1102
5,zh,NotoSerifSC[wght],no_retention,demo,pan,4,10,206.333300,208.000300,208.012800,0
5,zh,NotoSerifSC[wght],final,demo,first_paint,0,1,6675.875000,6682.375000,6682.375000,154
5,zh,NotoSerifSC[wght],final,demo,warm,0,30,205.463933,207.191700,207.208333,0
5,zh,NotoSerifSC[wght],final,demo,zoom_in,0,12,5991.277833,5992.524333,5992.548667,1648
5,zh,NotoSerifSC[wght],final,demo,zoom_out,0,12,3260.031333,3261.354333,3261.381917,1102
5,zh,NotoSerifSC[wght],final,demo,pan,0,10,208.400000,210.054100,210.079000,0
5,zh,NotoSerifSC[wght],final,demo,first_paint,1,1,6298.834000,6301.292000,6301.334000,154
5,zh,NotoSerifSC[wght],final,demo,warm,1,30,203.088800,204.740233,204.761067,0
5,zh,NotoSerifSC[wght],final,demo,zoom_in,1,12,5961.041667,5962.232750,5962.256833,1648
5,zh,NotoSerifSC[wght],final,demo,zoom_out,1,12,3263.423250,3264.784417,3264.805333,1102
5,zh,NotoSerifSC[wght],final,demo,pan,1,10,205.587500,207.312500,207.337500,0
5,zh,NotoSerifSC[wght],final,demo,first_paint,2,1,6358.458000,6361.125000,6361.166000,154
5,zh,NotoSerifSC[wght],final,demo,warm,2,30,198.969500,200.482000,200.509800,0
5,zh,NotoSerifSC[wght],final,demo,zoom_in,2,12,5844.705000,5845.972500,5845.989667,1648
5,zh,NotoSerifSC[wght],final,demo,zoom_out,2,12,3106.305833,3107.583500,3107.611250,1102
5,zh,NotoSerifSC[wght],final,demo,pan,2,10,203.979200,205.641800,205.658400,0
5,zh,NotoSerifSC[wght],final,demo,first_paint,3,1,6262.708000,6264.958000,6265.000000,154
5,zh,NotoSerifSC[wght],final,demo,warm,3,30,197.584667,199.117967,199.134633,0
5,zh,NotoSerifSC[wght],final,demo,zoom_in,3,12,6037.434167,6038.531167,6038.548583,1648
5,zh,NotoSerifSC[wght],final,demo,zoom_out,3,12,3222.822833,3224.152667,3224.180500,1102
5,zh,NotoSerifSC[wght],final,demo,pan,3,10,211.741700,213.541700,213.558200,0
5,zh,NotoSerifSC[wght],final,demo,first_paint,4,1,6399.750000,6402.458000,6402.458000,154
5,zh,NotoSerifSC[wght],final,demo,warm,4,30,204.299933,206.002667,206.019467,0
5,zh,NotoSerifSC[wght],final,demo,zoom_in,4,12,5954.545167,5955.746583,5955.770917,1648
5,zh,NotoSerifSC[wght],final,demo,zoom_out,4,12,3222.645750,3223.975583,3223.996417,1102
5,zh,NotoSerifSC[wght],final,demo,pan,4,10,205.350100,206.991700,207.008400,0
5,zh,BabelStoneHan,master,demo,first_paint,0,1,1993.250000,1997.083000,1997.125000,145
5,zh,BabelStoneHan,master,demo,warm,0,30,208.612633,210.389000,210.411267,0
5,zh,BabelStoneHan,master,demo,zoom_in,0,12,1780.687500,1782.135417,1782.163250,1643
5,zh,BabelStoneHan,master,demo,zoom_out,0,12,1095.888750,1097.246500,1097.263833,1099
5,zh,BabelStoneHan,master,demo,pan,0,10,203.187500,204.870900,204.891600,0
5,zh,BabelStoneHan,master,demo,first_paint,1,1,1774.542000,1776.834000,1776.834000,145
5,zh,BabelStoneHan,master,demo,warm,1,30,203.388900,205.086133,205.112533,0
5,zh,BabelStoneHan,master,demo,zoom_in,1,12,1721.722417,1723.260417,1723.274333,1643
5,zh,BabelStoneHan,master,demo,zoom_out,1,12,1089.118167,1090.423750,1090.437750,1099
5,zh,BabelStoneHan,master,demo,pan,1,10,203.537600,205.279000,205.299800,0
5,zh,BabelStoneHan,master,demo,first_paint,2,1,1702.041000,1704.083000,1704.083000,145
5,zh,BabelStoneHan,master,demo,warm,2,30,201.012467,202.748600,202.772233,0
5,zh,BabelStoneHan,master,demo,zoom_in,2,12,1703.923500,1705.097250,1705.124917,1643
5,zh,BabelStoneHan,master,demo,zoom_out,2,12,1091.180500,1092.562500,1092.593750,1099
5,zh,BabelStoneHan,master,demo,pan,2,10,198.304400,199.946000,199.966800,0
5,zh,BabelStoneHan,master,demo,first_paint,3,1,1709.958000,1711.958000,1711.958000,145
5,zh,BabelStoneHan,master,demo,warm,3,30,199.219500,200.872267,200.893000,0
5,zh,BabelStoneHan,master,demo,zoom_in,3,12,1708.222000,1709.357417,1709.381750,1643
5,zh,BabelStoneHan,master,demo,zoom_out,3,12,1087.916750,1089.170167,1089.191083,1099
5,zh,BabelStoneHan,master,demo,pan,3,10,199.358300,200.991700,201.008200,0
5,zh,BabelStoneHan,master,demo,first_paint,4,1,1683.208000,1685.542000,1685.542000,145
5,zh,BabelStoneHan,master,demo,warm,4,30,201.856900,203.511167,203.543133,0
5,zh,BabelStoneHan,master,demo,zoom_in,4,12,1773.670083,1774.986083,1775.010417,1643
5,zh,BabelStoneHan,master,demo,zoom_out,4,12,1112.652667,1114.090000,1114.114500,1099
5,zh,BabelStoneHan,master,demo,pan,4,10,189.349900,191.004200,191.012500,0
5,zh,BabelStoneHan,no_retention,demo,first_paint,0,1,1977.792000,1981.542000,1981.584000,145
5,zh,BabelStoneHan,no_retention,demo,warm,0,30,205.881967,207.609733,207.631867,0
5,zh,BabelStoneHan,no_retention,demo,zoom_in,0,12,1748.486000,1749.725583,1749.750000,1643
5,zh,BabelStoneHan,no_retention,demo,zoom_out,0,12,1103.316167,1104.698167,1104.719000,1099
5,zh,BabelStoneHan,no_retention,demo,pan,0,10,205.812500,207.520700,207.541600,0
5,zh,BabelStoneHan,no_retention,demo,first_paint,1,1,1685.458000,1687.500000,1687.542000,145
5,zh,BabelStoneHan,no_retention,demo,warm,1,30,202.634700,204.354133,204.372167,0
5,zh,BabelStoneHan,no_retention,demo,zoom_in,1,12,1734.739583,1736.072833,1736.097167,1643
5,zh,BabelStoneHan,no_retention,demo,zoom_out,1,12,1066.617917,1067.940917,1067.965250,1099
5,zh,BabelStoneHan,no_retention,demo,pan,1,10,204.262200,205.949700,205.966500,0
5,zh,BabelStoneHan,no_retention,demo,first_paint,2,1,1675.000000,1677.125000,1677.125000,145
5,zh,BabelStoneHan,no_retention,demo,warm,2,30,200.226467,201.950033,201.969500,0
5,zh,BabelStoneHan,no_retention,demo,zoom_in,2,12,1682.871500,1684.097167,1684.121417,1643
5,zh,BabelStoneHan,no_retention,demo,zoom_out,2,12,1076.371583,1077.725750,1077.753583,1099
5,zh,BabelStoneHan,no_retention,demo,pan,2,10,203.100200,204.791800,204.800200,0
5,zh,BabelStoneHan,no_retention,demo,first_paint,3,1,1673.500000,1675.667000,1675.667000,145
5,zh,BabelStoneHan,no_retention,demo,warm,3,30,197.016733,198.541700,198.566600,0
5,zh,BabelStoneHan,no_retention,demo,zoom_in,3,12,1694.388917,1695.506833,1695.531333,1643
5,zh,BabelStoneHan,no_retention,demo,zoom_out,3,12,1066.996417,1068.232500,1068.253333,1099
5,zh,BabelStoneHan,no_retention,demo,pan,3,10,200.595900,202.200100,202.212500,0
5,zh,BabelStoneHan,no_retention,demo,first_paint,4,1,1734.458000,1736.333000,1736.333000,145
5,zh,BabelStoneHan,no_retention,demo,warm,4,30,198.909800,200.483300,200.505667,0
5,zh,BabelStoneHan,no_retention,demo,zoom_in,4,12,1702.454750,1703.566000,1703.593750,1643
5,zh,BabelStoneHan,no_retention,demo,zoom_out,4,12,1076.982583,1078.232583,1078.256833,1099
5,zh,BabelStoneHan,no_retention,demo,pan,4,10,204.520800,206.183100,206.195700,0
5,zh,BabelStoneHan,final,demo,first_paint,0,1,2081.375000,2088.042000,2088.042000,145
5,zh,BabelStoneHan,final,demo,warm,0,30,204.601333,206.197167,206.226400,0
5,zh,BabelStoneHan,final,demo,zoom_in,0,12,1756.333333,1757.538167,1757.569417,1643
5,zh,BabelStoneHan,final,demo,zoom_out,0,12,1099.080000,1100.461833,1100.468750,1099
5,zh,BabelStoneHan,final,demo,pan,0,10,205.979100,207.670700,207.695600,0
5,zh,BabelStoneHan,final,demo,first_paint,1,1,1797.291000,1799.708000,1799.708000,145
5,zh,BabelStoneHan,final,demo,warm,1,30,204.288867,205.941667,205.966667,0
5,zh,BabelStoneHan,final,demo,zoom_in,1,12,1700.291750,1701.600833,1701.625167,1643
5,zh,BabelStoneHan,final,demo,zoom_out,1,12,1053.173500,1054.597167,1054.618083,1099
5,zh,BabelStoneHan,final,demo,pan,1,10,202.241700,203.991600,204.020700,0
5,zh,BabelStoneHan,final,demo,first_paint,2,1,1680.375000,1682.875000,1682.917000,145
5,zh,BabelStoneHan,final,demo,warm,2,30,200.144433,201.802700,201.827733,0
5,zh,BabelStoneHan,final,demo,zoom_in,2,12,1699.329750,1700.520833,1700.538250,1643
5,zh,BabelStoneHan,final,demo,zoom_out,2,12,1069.010417,1070.312500,1070.336917,1099
5,zh,BabelStoneHan,final,demo,pan,2,10,202.583200,204.254100,204.275000,0
5,zh,BabelStoneHan,final,demo,first_paint,3,1,1693.208000,1695.125000,1695.167000,145
5,zh,BabelStoneHan,final,demo,warm,3,30,193.355567,194.861200,194.879233,0
5,zh,BabelStoneHan,final,demo,zoom_in,3,12,1733.229250,1734.527667,1734.544917,1643
5,zh,BabelStoneHan,final,demo,zoom_out,3,12,1096.277667,1097.798583,1097.829917,1099
5,zh,BabelStoneHan,final,demo,pan,3,10,211.400100,213.058300,213.079100,0
5,zh,BabelStoneHan,final,demo,first_paint,4,1,1747.250000,1749.958000,1749.958000,145
5,zh,BabelStoneHan,final,demo,warm,4,30,209.161000,210.734633,210.761100,0
5,zh,BabelStoneHan,final,demo,zoom_in,4,12,1716.145667,1717.416500,1717.433917,1643
5,zh,BabelStoneHan,final,demo,zoom_out,4,12,1083.652833,1084.948000,1084.975917,1099
5,zh,BabelStoneHan,final,demo,pan,4,10,209.996000,211.612700,211.625300,0
5,en,Rye-Regular,master,demo,first_paint,0,1,6414.500000,6418.500000,6418.500000,274
5,en,Rye-Regular,master,demo,warm,0,30,218.925100,220.545933,220.584900,0
5,en,Rye-Regular,master,demo,zoom_in,0,12,6100.076250,6101.388917,6101.409750,2938
5,en,Rye-Regular,master,demo,zoom_out,0,12,3985.354083,3986.739583,3986.763833,1945
5,en,Rye-Regular,master,demo,pan,0,10,220.545800,222.179000,222.208200,0
5,en,Rye-Regular,master,demo,first_paint,1,1,6215.542000,6217.667000,6217.708000,274
5,en,Rye-Regular,master,demo,warm,1,30,212.047267,213.707000,213.743100,0
5,en,Rye-Regular,master,demo,zoom_in,1,12,6101.864583,6103.350500,6103.378417,2938
5,en,Rye-Regular,master,demo,zoom_out,1,12,4063.972333,4065.816083,4065.843833,1945
5,en,Rye-Regular,master,demo,pan,1,10,221.412400,223.137400,223.162400,0
5,en,Rye-Regular,master,demo,first_paint,2,1,6351.542000,6354.250000,6354.292000,274
5,en,Rye-Regular,master,demo,warm,2,30,220.413833,222.072167,222.112433,0
5,en,Rye-Regular,master,demo,zoom_in,2,12,6042.548750,6043.944917,6043.969083,2938
5,en,Rye-Regular,master,demo,zoom_out,2,12,4015.711667,4017.173250,4017.194250,1945
5,en,Rye-Regular,master,demo,pan,2,10,217.625100,219.346100,219.379400,0
5,en,Rye-Regular,master,demo,first_paint,3,1,6244.584000,6247.042000,6247.042000,274
5,en,Rye-Regular,master,demo,warm,3,30,213.350067,215.004100,215.040367,0
5,en,Rye-Regular,master,demo,zoom_in,3,12,6065.434250,6066.799000,6066.812833,2938
5,en,Rye-Regular,master,demo,zoom_out,3,12,3992.607583,3994.017333,3994.041667,1945
5,en,Rye-Regular,master,demo,pan,3,10,222.920900,224.604400,224.625300,0
5,en,Rye-Regular,master,demo,first_paint,4,1,6348.417000,6350.500000,6350.542000,274
5,en,Rye-Regular,master,demo,warm,4,30,215.748533,217.434600,217.472133,0
5,en,Rye-Regular,master,demo,zoom_in,4,12,6034.896000,6036.201417,6036.232667,2938
5,en,Rye-Regular,master,demo,zoom_out,4,12,4071.298667,4072.875083,4072.902667,1945
5,en,Rye-Regular,master,demo,pan,4,10,220.029100,221.587500,221.612400,0
5,en,Rye-Regular,no_retention,demo,first_paint,0,1,6370.833000,6374.958000,6375.000000,274
5,en,Rye-Regular,no_retention,demo,warm,0,30,222.926267,224.520867,224.541700,0
5,en,Rye-Regular,no_retention,demo,zoom_in,0,12,6074.822917,6076.229083,6076.249917,2938
5,en,Rye-Regular,no_retention,demo,zoom_out,0,12,3956.371500,3957.777667,3957.795000,1945
5,en,Rye-Regular,no_retention,demo,pan,0,10,226.816600,228.458200,228.470700,0
5,en,Rye-Regular,no_retention,demo,first_paint,1,1,6263.291000,6265.458000,6265.458000,274
5,en,Rye-Regular,no_retention,demo,warm,1,30,221.008267,222.870733,222.891567,0
5,en,Rye-Regular,no_retention,demo,zoom_in,1,12,5958.295333,5959.649250,5959.673750,2938
5,en,Rye-Regular,no_retention,demo,zoom_out,1,12,3950.711833,3952.156250,3952.177083,1945
5,en,Rye-Regular,no_retention,demo,pan,1,10,222.941600,224.595900,224.620600,0
5,en,Rye-Regular,no_retention,demo,first_paint,2,1,6244.875000,6247.459000,6247.459000,274
5,en,Rye-Regular,no_retention,demo,warm,2,30,214.901400,216.563900,216.577867,0
5,en,Rye-Regular,no_retention,demo,zoom_in,2,12,6003.180417,6004.451167,6004.482500,2938
5,en,Rye-Regular,no_retention,demo,zoom_out,2,12,4018.680667,4020.496583,4020.517333,1945
5,en,Rye-Regular,no_retention,demo,pan,2,10,224.804200,226.579200,226.587600,0
5,en,Rye-Regular,no_retention,demo,first_paint,3,1,6316.209000,6318.584000,6318.584000,274
5,en,Rye-Regular,no_retention,demo,warm,3,30,222.067967,223.705400,223.723500,0
5,en,Rye-Regular,no_retention,demo,zoom_in,3,12,5994.857583,5996.052000,5996.073000,2938
5,en,Rye-Regular,no_retention,demo,zoom_out,3,12,3946.836750,3948.201500,3948.222250,1945
5,en,Rye-Regular,no_retention,demo,pan,3,10,217.791400,219.395600,219.416400,0
5,en,Rye-Regular,no_retention,demo,first_paint,4,1,6111.208000,6113.083000,6113.083000,274
5,en,Rye-Regular,no_retention,demo,warm,4,30,215.480533,217.045767,217.067933,0
5,en,Rye-Regular,no_retention,demo,zoom_in,4,12,5971.479083,5972.670167,5972.690917,2938
5,en,Rye-Regular,no_retention,demo,zoom_out,4,12,3884.676917,3886.055250,3886.079750,1945
5,en,Rye-Regular,no_retention,demo,pan,4,10,221.849800,223.528900,223.554000,0
5,en,Rye-Regular,final,demo,first_paint,0,1,3854.500000,3861.458000,3861.500000,274
5,en,Rye-Regular,final,demo,warm,0,30,218.051500,219.758500,219.791667,0
5,en,Rye-Regular,final,demo,zoom_in,0,12,3524.899333,3526.246500,3526.270750,2938
5,en,Rye-Regular,final,demo,zoom_out,0,12,2360.663167,2362.319500,2362.336833,1945
5,en,Rye-Regular,final,demo,pan,0,10,227.737400,229.458300,229.483200,0
5,en,Rye-Regular,final,demo,first_paint,1,1,3623.416000,3626.375000,3626.375000,274
5,en,Rye-Regular,final,demo,warm,1,30,219.098467,220.654067,220.691600,0
5,en,Rye-Regular,final,demo,zoom_in,1,12,3464.291750,3465.524250,3465.545250,2938
5,en,Rye-Regular,final,demo,zoom_out,1,12,2312.718833,2314.177167,2314.191000,1945
5,en,Rye-Regular,final,demo,pan,1,10,222.741500,224.491600,224.512500,0
5,en,Rye-Regular,final,demo,first_paint,2,1,3633.167000,3635.958000,3636.000000,274
5,en,Rye-Regular,final,demo,warm,2,30,210.288767,211.940167,211.973633,0
5,en,Rye-Regular,final,demo,zoom_in,2,12,3468.649583,3469.948000,3469.972500,2938
5,en,Rye-Regular,final,demo,zoom_out,2,12,2252.118083,2253.486250,2253.503500,1945
5,en,Rye-Regular,final,demo,pan,2,10,221.337600,222.996100,223.020900,0
5,en,Rye-Regular,final,demo,first_paint,3,1,3640.250000,3642.500000,3642.500000,274
5,en,Rye-Regular,final,demo,warm,3,30,216.895800,218.562600,218.600067,0
5,en,Rye-Regular,final,demo,zoom_in,3,12,3453.822833,3455.055583,3455.076417,2938
5,en,Rye-Regular,final,demo,zoom_out,3,12,2291.812250,2293.166500,2293.187333,1945
5,en,Rye-Regular,final,demo,pan,3,10,218.716700,220.379300,220.400100,0
5,en,Rye-Regular,final,demo,first_paint,4,1,3602.083000,3604.167000,3604.208000,274
5,en,Rye-Regular,final,demo,warm,4,30,202.933367,204.469467,204.504267,0
5,en,Rye-Regular,final,demo,zoom_in,4,12,3445.624833,3446.892333,3446.920167,2938
5,en,Rye-Regular,final,demo,zoom_out,4,12,2285.500167,2286.920333,2286.941250,1945
5,en,Rye-Regular,final,demo,pan,4,10,218.854300,220.508600,220.525300,0
5,en,Vollkorn-Medium,master,demo,first_paint,0,1,6700.709000,6704.917000,6704.959000,269
5,en,Vollkorn-Medium,master,demo,warm,0,30,222.227800,223.872133,223.888833,0
5,en,Vollkorn-Medium,master,demo,zoom_in,0,12,6088.090250,6089.430583,6089.448000,2877
5,en,Vollkorn-Medium,master,demo,zoom_out,0,12,3996.347250,3997.736000,3997.757000,1956
5,en,Vollkorn-Medium,master,demo,pan,0,10,222.383300,224.129100,224.133300,0
5,en,Vollkorn-Medium,master,demo,first_paint,1,1,6526.875000,6528.917000,6528.917000,269
5,en,Vollkorn-Medium,master,demo,warm,1,30,214.431900,216.206900,216.227767,0
5,en,Vollkorn-Medium,master,demo,zoom_in,1,12,6156.892417,6158.461750,6158.486083,2877
5,en,Vollkorn-Medium,master,demo,zoom_out,1,12,4022.531167,4024.062500,4024.072917,1956
5,en,Vollkorn-Medium,master,demo,pan,1,10,220.770700,222.491500,222.516600,0
5,en,Vollkorn-Medium,master,demo,first_paint,2,1,6636.334000,6638.584000,6638.625000,269
5,en,Vollkorn-Medium,master,demo,warm,2,30,211.699900,213.273600,213.291633,0
5,en,Vollkorn-Medium,master,demo,zoom_in,2,12,6258.746583,6260.263667,6260.291583,2877
5,en,Vollkorn-Medium,master,demo,zoom_out,2,12,4068.086750,4069.597250,4069.621417,1956
5,en,Vollkorn-Medium,master,demo,pan,2,10,212.166700,213.825100,213.850200,0
5,en,Vollkorn-Medium,master,demo,first_paint,3,1,6405.542000,6407.750000,6407.750000,269
5,en,Vollkorn-Medium,master,demo,warm,3,30,216.084700,217.751433,217.773467,0
5,en,Vollkorn-Medium,master,demo,zoom_in,3,12,6102.097250,6103.323083,6103.336833,2877
5,en,Vollkorn-Medium,master,demo,zoom_out,3,12,4020.555500,4022.104000,4022.128333,1956
5,en,Vollkorn-Medium,master,demo,pan,3,10,220.725000,222.428900,222.466600,0
5,en,Vollkorn-Medium,master,demo,first_paint,4,1,6582.583000,6584.917000,6584.917000,269
5,en,Vollkorn-Medium,master,demo,warm,4,30,213.886167,215.462600,215.484833,0
5,en,Vollkorn-Medium,master,demo,zoom_in,4,12,6102.833333,6104.062583,6104.090250,2877
5,en,Vollkorn-Medium,master,demo,zoom_out,4,12,4016.722250,4018.135583,4018.153000,1956
5,en,Vollkorn-Medium,master,demo,pan,4,10,216.991900,218.729300,218.750200,0
5,en,Vollkorn-Medium,no_retention,demo,first_paint,0,1,6630.959000,6636.000000,6636.042000,269
5,en,Vollkorn-Medium,no_retention,demo,warm,0,30,216.445800,218.144467,218.168033,0
5,en,Vollkorn-Medium,no_retention,demo,zoom_in,0,12,6064.677167,6066.055667,6066.076500,2877
5,en,Vollkorn-Medium,no_retention,demo,zoom_out,0,12,3995.934167,3997.409750,3997.437583,1956
5,en,Vollkorn-Medium,no_retention,demo,pan,0,10,222.220800,223.937300,223.954000,0
5,en,Vollkorn-Medium,no_retention,demo,first_paint,1,1,6570.458000,6572.375000,6572.416000,269
5,en,Vollkorn-Medium,no_retention,demo,warm,1,30,216.939000,218.626433,218.651433,0
5,en,Vollkorn-Medium,no_retention,demo,zoom_in,1,12,6155.003500,6156.333417,6156.343750,2877
5,en,Vollkorn-Medium,no_retention,demo,zoom_out,1,12,4036.302083,4037.666417,4037.690917,1956
5,en,Vollkorn-Medium,no_retention,demo,pan,1,10,222.445800,224.158500,224.183400,0
5,en,Vollkorn-Medium,no_retention,demo,first_paint,2,1,6569.208000,6571.542000,6571.583000,269
5,en,Vollkorn-Medium,no_retention,demo,warm,2,30,206.940167,208.624833,208.641533,0
5,en,Vollkorn-Medium,no_retention,demo,zoom_in,2,12,6110.055500,6111.593750,6111.604167,2877
5,en,Vollkorn-Medium,no_retention,demo,zoom_out,2,12,3979.378417,3980.819417,3980.857750,1956
5,en,Vollkorn-Medium,no_retention,demo,pan,2,10,216.441500,218.099900,218.124900,0
5,en,Vollkorn-Medium,no_retention,demo,first_paint,3,1,6541.625000,6543.625000,6543.625000,269
5,en,Vollkorn-Medium,no_retention,demo,warm,3,30,212.137567,213.705600,213.725033,0
5,en,Vollkorn-Medium,no_retention,demo,zoom_in,3,12,6164.086750,6165.493083,6165.510417,2877
5,en,Vollkorn-Medium,no_retention,demo,zoom_out,3,12,3958.583583,3959.944750,3959.965583,1956
5,en,Vollkorn-Medium,no_retention,demo,pan,3,10,215.874900,217.541400,217.558100,0
5,en,Vollkorn-Medium,no_retention,demo,first_paint,4,1,6547.250000,6549.708000,6549.708000,269
5,en,Vollkorn-Medium,no_retention,demo,warm,4,30,212.041633,213.662600,213.687567,0
5,en,Vollkorn-Medium,no_retention,demo,zoom_in,4,12,6077.933917,6079.187583,6079.215167,2877
5,en,Vollkorn-Medium,no_retention,demo,zoom_out,4,12,4038.791750,4040.482833,4040.489833,1956
5,en,Vollkorn-Medium,no_retention,demo,pan,4,10,212.237400,213.729200,213.745900,0
5,en,Vollkorn-Medium,final,demo,first_paint,0,1,4621.334000,4626.875000,4626.875000,269
5,en,Vollkorn-Medium,final,demo,warm,0,30,218.399967,220.066700,220.086167,0
5,en,Vollkorn-Medium,final,demo,zoom_in,0,12,4058.677167,4059.996667,4060.020917,2877
5,en,Vollkorn-Medium,final,demo,zoom_out,0,12,2543.819500,2545.260417,2545.267417,1956
5,en,Vollkorn-Medium,final,demo,pan,0,10,219.500100,221.166700,221.187700,0
5,en,Vollkorn-Medium,final,demo,first_paint,1,1,4477.209000,4480.084000,4480.084000,269
5,en,Vollkorn-Medium,final,demo,warm,1,30,205.982033,207.548733,207.561267,0
5,en,Vollkorn-Medium,final,demo,zoom_in,1,12,4007.402750,4008.642250,4008.659750,2877
5,en,Vollkorn-Medium,final,demo,zoom_out,1,12,2542.330000,2543.736333,2543.757250,1956
5,en,Vollkorn-Medium,final,demo,pan,1,10,219.758400,221.512700,221.541900,0
5,en,Vollkorn-Medium,final,demo,first_paint,2,1,4310.709000,4312.834000,4312.875000,269
5,en,Vollkorn-Medium,final,demo,warm,2,30,199.592967,201.127767,201.151333,0
5,en,Vollkorn-Medium,final,demo,zoom_in,2,12,4028.572917,4029.850750,4029.868167,2877
5,en,Vollkorn-Medium,final,demo,zoom_out,2,12,2573.458250,2574.875250,2574.892417,1956
5,en,Vollkorn-Medium,final,demo,pan,2,10,215.695800,217.387600,217.416700,0
5,en,Vollkorn-Medium,final,demo,first_paint,3,1,4309.708000,4311.416000,4311.416000,269
5,en,Vollkorn-Medium,final,demo,warm,3,30,213.574933,215.238700,215.259667,0
5,en,Vollkorn-Medium,final,demo,zoom_in,3,12,4048.753667,4050.017500,4050.041583,2877
5,en,Vollkorn-Medium,final,demo,zoom_out,3,12,2551.722083,2553.121333,2553.149167,1956
5,en,Vollkorn-Medium,final,demo,pan,3,10,216.837600,218.462500,218.483500,0
5,en,Vollkorn-Medium,final,demo,first_paint,4,1,4334.916000,4336.708000,4336.708000,269
5,en,Vollkorn-Medium,final,demo,warm,4,30,218.743033,220.397233,220.416767,0
5,en,Vollkorn-Medium,final,demo,zoom_in,4,12,4048.156417,4049.361000,4049.378500,2877
5,en,Vollkorn-Medium,final,demo,zoom_out,4,12,2494.795167,2496.132167,2496.156250,1956
5,en,Vollkorn-Medium,final,demo,pan,4,10,213.162500,214.729200,214.750100,0
5,en,NanumMyeongjo-Regular,master,demo,first_paint,0,1,1953.917000,1957.584000,1957.584000,275
5,en,NanumMyeongjo-Regular,master,demo,warm,0,30,215.504000,217.473433,217.495667,0
5,en,NanumMyeongjo-Regular,master,demo,zoom_in,0,12,1588.211833,1589.430417,1589.451167,2919
5,en,NanumMyeongjo-Regular,master,demo,zoom_out,0,12,1070.659583,1071.989500,1072.007000,1925
5,en,NanumMyeongjo-Regular,master,demo,pan,0,10,218.029100,219.683300,219.712500,0
5,en,NanumMyeongjo-Regular,master,demo,first_paint,1,1,1599.625000,1601.333000,1601.333000,275
5,en,NanumMyeongjo-Regular,master,demo,warm,1,30,221.229167,222.915267,222.941667,0
5,en,NanumMyeongjo-Regular,master,demo,zoom_in,1,12,1572.826417,1574.152750,1574.163167,2919
5,en,NanumMyeongjo-Regular,master,demo,zoom_out,1,12,1054.118000,1055.482417,1055.503417,1925
5,en,NanumMyeongjo-Regular,master,demo,pan,1,10,215.570600,217.308100,217.316400,0
5,en,NanumMyeongjo-Regular,master,demo,first_paint,2,1,1670.459000,1672.500000,1672.542000,275
5,en,NanumMyeongjo-Regular,master,demo,warm,2,30,210.619500,212.315300,212.341700,0
5,en,NanumMyeongjo-Regular,master,demo,zoom_in,2,12,1571.208333,1572.517333,1572.538250,2919
5,en,NanumMyeongjo-Regular,master,demo,zoom_out,2,12,1067.503500,1068.878333,1068.895667,1925
5,en,NanumMyeongjo-Regular,master,demo,pan,2,10,213.633300,215.379300,215.391700,0
5,en,NanumMyeongjo-Regular,master,demo,first_paint,3,1,1589.542000,1591.375000,1591.417000,275
5,en,NanumMyeongjo-Regular,master,demo,warm,3,30,204.863867,206.461033,206.484733,0
5,en,NanumMyeongjo-Regular,master,demo,zoom_in,3,12,1558.902833,1560.131833,1560.145750,2919
5,en,NanumMyeongjo-Regular,master,demo,zoom_out,3,12,1052.794917,1054.103917,1054.124833,1925
5,en,NanumMyeongjo-Regular,master,demo,pan,3,10,216.487800,218.104500,218.141700,0
5,en,NanumMyeongjo-Regular,master,demo,first_paint,4,1,1613.167000,1615.292000,1615.334000,275
5,en,NanumMyeongjo-Regular,master,demo,warm,4,30,212.338867,214.009733,214.031967,0
5,en,NanumMyeongjo-Regular,master,demo,zoom_in,4,12,1570.392333,1571.586750,1571.604083,2919
5,en,NanumMyeongjo-Regular,master,demo,zoom_out,4,12,1066.191167,1067.472583,1067.500250,1925
5,en,NanumMyeongjo-Regular,master,demo,pan,4,10,216.941700,218.650000,218.662500,0
5,en,NanumMyeongjo-Regular,no_retention,demo,first_paint,0,1,1844.916000,1848.541000,1848.541000,275
5,en,NanumMyeongjo-Regular,no_retention,demo,warm,0,30,214.841833,216.482067,216.501600,0
5,en,NanumMyeongjo-Regular,no_retention,demo,zoom_in,0,12,1538.569500,1539.819667,1539.837000,2919
5,en,NanumMyeongjo-Regular,no_retention,demo,zoom_out,0,12,1108.566000,1110.104167,1110.118083,1925
5,en,NanumMyeongjo-Regular,no_retention,demo,pan,0,10,309.533300,312.150200,312.166800,0
5,en,NanumMyeongjo-Regular,no_retention,demo,first_paint,1,1,1668.959000,1671.417000,1671.417000,275
5,en,NanumMyeongjo-Regular,no_retention,demo,warm,1,30,212.330500,213.972200,213.999967,0
5,en,NanumMyeongjo-Regular,no_retention,demo,zoom_in,1,12,1552.190917,1553.409750,1553.430583,2919
5,en,NanumMyeongjo-Regular,no_retention,demo,zoom_out,1,12,1059.486083,1060.843833,1060.857667,1925
5,en,NanumMyeongjo-Regular,no_retention,demo,pan,1,10,218.058500,219.725200,219.746000,0
5,en,NanumMyeongjo-Regular,no_retention,demo,first_paint,2,1,1604.333000,1606.166000,1606.166000,275
5,en,NanumMyeongjo-Regular,no_retention,demo,warm,2,30,213.395900,215.086167,215.112500,0
5,en,NanumMyeongjo-Regular,no_retention,demo,zoom_in,2,12,1546.079833,1547.600750,1547.631917,2919
5,en,NanumMyeongjo-Regular,no_retention,demo,zoom_out,2,12,1074.190833,1075.579667,1075.597083,1925
5,en,NanumMyeongjo-Regular,no_retention,demo,pan,2,10,219.866800,221.616800,221.629300,0
5,en,NanumMyeongjo-Regular,no_retention,demo,first_paint,3,1,1585.166000,1587.041000,1587.041000,275
5,en,NanumMyeongjo-Regular,no_retention,demo,warm,3,30,217.723633,219.451300,219.476233,0
5,en,NanumMyeongjo-Regular,no_retention,demo,zoom_in,3,12,1583.916583,1585.260417,1585.277833,2919
5,en,NanumMyeongjo-Regular,no_retention,demo,zoom_out,3,12,1058.802167,1060.197833,1060.225583,1925
5,en,NanumMyeongjo-Regular,no_retention,demo,pan,3,10,215.841700,217.583400,217.596000,0
5,en,NanumMyeongjo-Regular,no_retention,demo,first_paint,4,1,1636.625000,1638.708000,1638.708000,275
5,en,NanumMyeongjo-Regular,no_retention,demo,warm,4,30,213.295867,214.919433,214.941700,0
5,en,NanumMyeongjo-Regular,no_retention,demo,zoom_in,4,12,1531.736083,1532.850750,1532.881917,2919
5,en,NanumMyeongjo-Regular,no_retention,demo,zoom_out,4,12,1141.871500,1143.368000,1143.385250,1925
5,en,NanumMyeongjo-Regular,no_retention,demo,pan,4,10,215.520800,217.179200,217.195800,0
5,en,NanumMyeongjo-Regular,final,demo,first_paint,0,1,1718.208000,1723.917000,1723.958000,275
5,en,NanumMyeongjo-Regular,final,demo,warm,0,30,227.669467,229.431967,229.456967,0
5,en,NanumMyeongjo-Regular,final,demo,zoom_in,0,12,1401.264000,1402.604083,1402.621500,2919
5,en,NanumMyeongjo-Regular,final,demo,zoom_out,0,12,919.385583,920.795167,920.812667,1925
5,en,NanumMyeongjo-Regular,final,demo,pan,0,10,227.062700,228.870800,228.891700,0
5,en,NanumMyeongjo-Regular,final,demo,first_paint,1,1,1451.042000,1453.125000,1453.125000,275
5,en,NanumMyeongjo-Regular,final,demo,warm,1,30,219.982000,221.766733,221.790400,0
5,en,NanumMyeongjo-Regular,final,demo,zoom_in,1,12,1385.795167,1387.212000,1387.239583,2919
5,en,NanumMyeongjo-Regular,final,demo,zoom_out,1,12,945.576583,947.020917,947.041667,1925
5,en,NanumMyeongjo-Regular,final,demo,pan,1,10,219.179300,220.891600,220.920900,0
5,en,NanumMyeongjo-Regular,final,demo,first_paint,2,1,1377.875000,1380.208000,1380.250000,275
5,en,NanumMyeongjo-Regular,final,demo,warm,2,30,219.819400,221.537433,221.554100,0
5,en,NanumMyeongjo-Regular,final,demo,zoom_in,2,12,1342.312500,1343.756917,1343.784917,2919
5,en,NanumMyeongjo-Regular,final,demo,zoom_out,2,12,909.548750,911.017417,911.034917,1925
5,en,NanumMyeongjo-Regular,final,demo,pan,2,10,222.616800,224.412500,224.429200,0
5,en,NanumMyeongjo-Regular,final,demo,first_paint,3,1,1367.583000,1369.667000,1369.708000,275
5,en,NanumMyeongjo-Regular,final,demo,warm,3,30,213.929133,215.662400,215.679167,0
5,en,NanumMyeongjo-Regular,final,demo,zoom_in,3,12,1332.316000,1333.618167,1333.635500,2919
5,en,NanumMyeongjo-Regular,final,demo,zoom_out,3,12,891.462000,892.784917,892.812833,1925
5,en,NanumMyeongjo-Regular,final,demo,pan,3,10,217.512400,219.275000,219.308400,0
5,en,NanumMyeongjo-Regular,final,demo,first_paint,4,1,1380.625000,1383.000000,1383.042000,275
5,en,NanumMyeongjo-Regular,final,demo,warm,4,30,222.798633,224.647233,224.676400,0
5,en,NanumMyeongjo-Regular,final,demo,zoom_in,4,12,1408.458333,1410.083250,1410.100583,2919
5,en,NanumMyeongjo-Regular,final,demo,zoom_out,4,12,918.333500,919.798750,919.819667,1925
5,en,NanumMyeongjo-Regular,final,demo,pan,4,10,216.820900,218.520800,218.541500,0
5,en,NotoSerifSC[wght],master,demo,first_paint,0,1,4482.750000,4486.625000,4486.625000,282
5,en,NotoSerifSC[wght],master,demo,warm,0,30,225.559700,227.244400,227.270800,0
5,en,NotoSerifSC[wght],master,demo,zoom_in,0,12,4089.673583,4090.965333,4090.989583,2924
5,en,NotoSerifSC[wght],master,demo,zoom_out,0,12,2267.527750,2268.916583,2268.937417,1972
5,en,NotoSerifSC[wght],master,demo,pan,0,10,225.079200,226.750200,226.775100,0
5,en,NotoSerifSC[wght],master,demo,first_paint,1,1,4316.333000,4318.500000,4318.500000,282
5,en,NotoSerifSC[wght],master,demo,warm,1,30,217.584733,219.226400,219.244467,0
5,en,NotoSerifSC[wght],master,demo,zoom_in,1,12,4068.524333,4069.725583,4069.746583,2924
5,en,NotoSerifSC[wght],master,demo,zoom_out,1,12,2267.802000,2269.211667,2269.236000,1972
5,en,NotoSerifSC[wght],master,demo,pan,1,10,220.641500,222.379100,222.399900,0
5,en,NotoSerifSC[wght],master,demo,first_paint,2,1,4281.000000,4283.083000,4283.083000,282
5,en,NotoSerifSC[wght],master,demo,warm,2,30,218.223700,220.008467,220.029233,0
5,en,NotoSerifSC[wght],master,demo,zoom_in,2,12,4052.385417,4053.604250,4053.632083,2924
5,en,NotoSerifSC[wght],master,demo,zoom_out,2,12,2269.844000,2271.229167,2271.253583,1972
5,en,NotoSerifSC[wght],master,demo,pan,2,10,220.304200,222.037600,222.070800,0
5,en,NotoSerifSC[wght],master,demo,first_paint,3,1,4254.125000,4257.125000,4257.167000,282
5,en,NotoSerifSC[wght],master,demo,warm,3,30,216.841633,218.555533,218.573500,0
5,en,NotoSerifSC[wght],master,demo,zoom_in,3,12,4063.833500,4065.034750,4065.055667,2924
5,en,NotoSerifSC[wght],master,demo,zoom_out,3,12,2279.850750,2281.177167,2281.201250,1972
5,en,NotoSerifSC[wght],master,demo,pan,3,10,216.021000,217.670900,217.687700,0
5,en,NotoSerifSC[wght],master,demo,first_paint,4,1,4271.667000,4274.042000,4274.084000,282
5,en,NotoSerifSC[wght],master,demo,warm,4,30,215.725067,217.383533,217.404233,0
5,en,NotoSerifSC[wght],master,demo,zoom_in,4,12,4068.031083,4069.281167,4069.312500,2924
5,en,NotoSerifSC[wght],master,demo,zoom_out,4,12,2253.729083,2255.027750,2255.045083,1972
5,en,NotoSerifSC[wght],master,demo,pan,4,10,223.416600,225.124800,225.145700,0
5,en,NotoSerifSC[wght],no_retention,demo,first_paint,0,1,4608.750000,4612.875000,4612.875000,282
5,en,NotoSerifSC[wght],no_retention,demo,warm,0,30,223.055667,224.737533,224.756900,0
5,en,NotoSerifSC[wght],no_retention,demo,zoom_in,0,12,4044.829917,4046.069500,4046.083500,2924
5,en,NotoSerifSC[wght],no_retention,demo,zoom_out,0,12,2276.986083,2278.309250,2278.333417,1972
5,en,NotoSerifSC[wght],no_retention,demo,pan,0,10,221.746000,223.446000,223.475100,0
5,en,NotoSerifSC[wght],no_retention,demo,first_paint,1,1,4313.459000,4316.084000,4316.125000,282
5,en,NotoSerifSC[wght],no_retention,demo,warm,1,30,213.965367,215.584833,215.605567,0
5,en,NotoSerifSC[wght],no_retention,demo,zoom_in,1,12,4027.267333,4028.437417,4028.461750,2924
5,en,NotoSerifSC[wght],no_retention,demo,zoom_out,1,12,2251.663167,2253.034667,2253.052083,1972
5,en,NotoSerifSC[wght],no_retention,demo,pan,1,10,218.504100,220.237300,220.254000,0
5,en,NotoSerifSC[wght],no_retention,demo,first_paint,2,1,4230.250000,4232.458000,4232.500000,282
5,en,NotoSerifSC[wght],no_retention,demo,warm,2,30,214.420900,216.154100,216.176433,0
5,en,NotoSerifSC[wght],no_retention,demo,zoom_in,2,12,4051.836667,4053.190917,4053.208333,2924
5,en,NotoSerifSC[wght],no_retention,demo,zoom_out,2,12,2249.090417,2250.555833,2250.576750,1972
5,en,NotoSerifSC[wght],no_retention,demo,pan,2,10,219.229400,220.908700,220.929300,0
5,en,NotoSerifSC[wght],no_retention,demo,first_paint,3,1,4227.042000,4230.125000,4230.167000,282
5,en,NotoSerifSC[wght],no_retention,demo,warm,3,30,218.104100,219.818000,219.836133,0
5,en,NotoSerifSC[wght],no_retention,demo,zoom_in,3,12,4077.222250,4078.510333,4078.531083,2924
5,en,NotoSerifSC[wght],no_retention,demo,zoom_out,3,12,2241.437500,2242.843750,2242.864583,1972
5,en,NotoSerifSC[wght],no_retention,demo,pan,3,10,219.483300,221.233300,221.254200,0
5,en,NotoSerifSC[wght],no_retention,demo,first_paint,4,1,4270.416000,4273.125000,4273.166000,282
5,en,NotoSerifSC[wght],no_retention,demo,warm,4,30,217.458367,219.013933,219.036100,0
5,en,NotoSerifSC[wght],no_retention,demo,zoom_in,4,12,4029.836750,4030.958333,4030.979333,2924
5,en,NotoSerifSC[wght],no_retention,demo,zoom_out,4,12,2205.184083,2206.500083,2206.506917,1972
5,en,NotoSerifSC[wght],no_retention,demo,pan,4,10,225.287600,226.858600,226.871100,0
5,en,NotoSerifSC[wght],final,demo,first_paint,0,1,4561.250000,4567.084000,4567.084000,282
5,en,NotoSerifSC[wght],final,demo,warm,0,30,218.748500,220.469433,220.494300,0
5,en,NotoSerifSC[wght],final,demo,zoom_in,0,12,3908.701500,3909.902917,3909.927250,2924
5,en,NotoSerifSC[wght],final,demo,zoom_out,0,12,2248.489500,2249.833167,2249.854167,1972
5,en,NotoSerifSC[wght],final,demo,pan,0,10,221.729200,223.329200,223.350100,0
5,en,NotoSerifSC[wght],final,demo,first_paint,1,1,4207.125000,4209.333000,4209.375000,282
5,en,NotoSerifSC[wght],final,demo,warm,1,30,216.304167,217.937400,217.958267,0
5,en,NotoSerifSC[wght],final,demo,zoom_in,1,12,3871.013833,3872.212000,3872.225833,2924
5,en,NotoSerifSC[wght],final,demo,zoom_out,1,12,2238.278000,2239.743167,2239.774417,1972
5,en,NotoSerifSC[wght],final,demo,pan,1,10,210.224900,211.875000,211.891700,0
5,en,NotoSerifSC[wght],final,demo,first_paint,2,1,4038.250000,4040.583000,4040.583000,282
5,en,NotoSerifSC[wght],final,demo,warm,2,30,214.940267,216.611033,216.631867,0
5,en,NotoSerifSC[wght],final,demo,zoom_in,2,12,3868.368000,3869.559000,3869.583250,2924
5,en,NotoSerifSC[wght],final,demo,zoom_out,2,12,2218.229167,2219.538250,2219.572750,1972
5,en,NotoSerifSC[wght],final,demo,pan,2,10,204.549900,206.070900,206.091600,0
5,en,NotoSerifSC[wght],final,demo,first_paint,3,1,4022.958000,4025.083000,4025.125000,282
5,en,NotoSerifSC[wght],final,demo,warm,3,30,213.743167,215.304200,215.323667,0
5,en,NotoSerifSC[wght],final,demo,zoom_in,3,12,3866.680500,3867.868167,3867.892333,2924
5,en,NotoSerifSC[wght],final,demo,zoom_out,3,12,2225.909833,2227.256833,2227.267333,1972
5,en,NotoSerifSC[wght],final,demo,pan,3,10,210.770800,212.262600,212.283200,0
5,en,NotoSerifSC[wght],final,demo,first_paint,4,1,4237.125000,4239.375000,4239.375000,282
5,en,NotoSerifSC[wght],final,demo,warm,4,30,214.799933,216.304133,216.333267,0
5,en,NotoSerifSC[wght],final,demo,zoom_in,4,12,3881.506917,3882.597250,3882.621583,2924
5,en,NotoSerifSC[wght],final,demo,zoom_out,4,12,2216.576417,2217.878500,2217.892333,1972
5,en,NotoSerifSC[wght],final,demo,pan,4,10,216.800000,218.404000,218.429000,0
6,ko,NanumMyeongjo-Regular,final,demo,first_paint,0,1,2311.292000,2317.292000,2317.292000,204
6,ko,NanumMyeongjo-Regular,final,demo,warm,0,30,211.065233,212.673633,212.702767,0
6,ko,NanumMyeongjo-Regular,final,demo,zoom_in,0,12,1696.336833,1697.597333,1697.628750,2079
6,ko,NanumMyeongjo-Regular,final,demo,zoom_out,0,12,1170.781333,1172.257083,1172.288250,1392
6,ko,NanumMyeongjo-Regular,final,demo,pan,0,10,212.775200,214.479200,214.500000,0
6,ko,NanumMyeongjo-Regular,final,demo,first_paint,1,1,1825.959000,1828.167000,1828.209000,204
6,ko,NanumMyeongjo-Regular,final,demo,warm,1,30,205.873667,207.557000,207.572267,0
6,ko,NanumMyeongjo-Regular,final,demo,zoom_in,1,12,1667.736167,1669.055667,1669.076500,2079
6,ko,NanumMyeongjo-Regular,final,demo,zoom_out,1,12,1104.770583,1106.124750,1106.152583,1392
6,ko,NanumMyeongjo-Regular,final,demo,pan,1,10,210.087600,211.816900,211.829400,0
6,ko,NanumMyeongjo-Regular,final,demo,first_paint,2,1,1738.458000,1740.250000,1740.250000,204
6,ko,NanumMyeongjo-Regular,final,demo,warm,2,30,209.316667,210.961067,210.976400,0
6,ko,NanumMyeongjo-Regular,final,demo,zoom_in,2,12,1650.069583,1651.278000,1651.298750,2079
6,ko,NanumMyeongjo-Regular,final,demo,zoom_out,2,12,1106.538167,1107.822833,1107.847083,1392
6,ko,NanumMyeongjo-Regular,final,demo,pan,2,10,208.379100,210.058400,210.083300,0
6,ko,NanumMyeongjo-Regular,final,demo,first_paint,3,1,1706.542000,1708.250000,1708.292000,204
6,ko,NanumMyeongjo-Regular,final,demo,warm,3,30,198.154200,199.802700,199.822233,0
6,ko,NanumMyeongjo-Regular,final,demo,zoom_in,3,12,1666.527833,1667.753583,1667.784750,2079
6,ko,NanumMyeongjo-Regular,final,demo,zoom_out,3,12,1113.600583,1114.895500,1114.930500,1392
6,ko,NanumMyeongjo-Regular,final,demo,pan,3,10,210.162500,211.866600,211.875000,0
6,ko,NanumMyeongjo-Regular,final,demo,first_paint,4,1,1774.916000,1776.875000,1776.916000,204
6,ko,NanumMyeongjo-Regular,final,demo,warm,4,30,205.420867,207.102700,207.124967,0
6,ko,NanumMyeongjo-Regular,final,demo,zoom_in,4,12,1644.586583,1645.833250,1645.847083,2079
6,ko,NanumMyeongjo-Regular,final,demo,zoom_out,4,12,1092.843667,1094.142333,1094.152667,1392
6,ko,NanumMyeongjo-Regular,final,demo,pan,4,10,210.366900,212.091900,212.108600,0
6,ko,NanumMyeongjo-Regular,master,demo,first_paint,0,1,2125.542000,2129.208000,2129.208000,204
6,ko,NanumMyeongjo-Regular,master,demo,warm,0,30,216.712367,218.381900,218.405533,0
6,ko,NanumMyeongjo-Regular,master,demo,zoom_in,0,12,1761.152667,1762.420000,1762.444250,2079
6,ko,NanumMyeongjo-Regular,master,demo,zoom_out,0,12,1199.920083,1201.347250,1201.375000,1392
6,ko,NanumMyeongjo-Regular,master,demo,pan,0,10,219.595900,221.279200,221.295800,0
6,ko,NanumMyeongjo-Regular,master,demo,first_paint,1,1,1857.750000,1859.834000,1859.875000,204
6,ko,NanumMyeongjo-Regular,master,demo,warm,1,30,211.065267,212.709700,212.729167,0
6,ko,NanumMyeongjo-Regular,master,demo,zoom_in,1,12,1705.833250,1707.138833,1707.156333,2079
6,ko,NanumMyeongjo-Regular,master,demo,zoom_out,1,12,1157.354250,1158.670083,1158.684083,1392
6,ko,NanumMyeongjo-Regular,master,demo,pan,1,10,211.258300,213.029300,213.050100,0
6,ko,NanumMyeongjo-Regular,master,demo,first_paint,2,1,1809.500000,1811.666000,1811.666000,204
6,ko,NanumMyeongjo-Regular,master,demo,warm,2,30,207.787567,209.512600,209.526500,0
6,ko,NanumMyeongjo-Regular,master,demo,zoom_in,2,12,1694.468833,1695.705000,1695.725750,2079
6,ko,NanumMyeongjo-Regular,master,demo,zoom_out,2,12,1151.729167,1153.111167,1153.145917,1392
6,ko,NanumMyeongjo-Regular,master,demo,pan,2,10,209.004400,210.687700,210.716900,0
6,ko,NanumMyeongjo-Regular,master,demo,first_paint,3,1,1838.500000,1840.500000,1840.500000,204
6,ko,NanumMyeongjo-Regular,master,demo,warm,3,30,206.944367,208.497100,208.517933,0
6,ko,NanumMyeongjo-Regular,master,demo,zoom_in,3,12,1725.420167,1726.600917,1726.621500,2079
6,ko,NanumMyeongjo-Regular,master,demo,zoom_out,3,12,1142.354083,1143.597083,1143.625000,1392
6,ko,NanumMyeongjo-Regular,master,demo,pan,3,10,207.616700,209.208500,209.233500,0
6,ko,NanumMyeongjo-Regular,master,demo,first_paint,4,1,1811.833000,1813.875000,1813.875000,204
6,ko,NanumMyeongjo-Regular,master,demo,warm,4,30,206.156867,207.719367,207.737467,0
6,ko,NanumMyeongjo-Regular,master,demo,zoom_in,4,12,1707.593583,1708.809000,1708.833417,2079
6,ko,NanumMyeongjo-Regular,master,demo,zoom_out,4,12,1136.920250,1138.211667,1138.222083,1392
6,ko,NanumMyeongjo-Regular,master,demo,pan,4,10,205.208400,206.854200,206.874900,0
6,ko,NanumMyeongjo-Regular,no_retention,demo,first_paint,0,1,2136.917000,2140.750000,2140.750000,204
6,ko,NanumMyeongjo-Regular,no_retention,demo,warm,0,30,210.802867,212.407067,212.425067,0
6,ko,NanumMyeongjo-Regular,no_retention,demo,zoom_in,0,12,1735.777667,1736.993083,1737.027750,2079
6,ko,NanumMyeongjo-Regular,no_retention,demo,zoom_out,0,12,1169.336750,1170.816000,1170.836833,1392
6,ko,NanumMyeongjo-Regular,no_retention,demo,pan,0,10,214.112700,215.829300,215.854200,0
6,ko,NanumMyeongjo-Regular,no_retention,demo,first_paint,1,1,1807.417000,1809.417000,1809.417000,204
6,ko,NanumMyeongjo-Regular,no_retention,demo,warm,1,30,208.949867,210.656867,210.679067,0
6,ko,NanumMyeongjo-Regular,no_retention,demo,zoom_in,1,12,1690.264000,1691.503583,1691.513917,2079
6,ko,NanumMyeongjo-Regular,no_retention,demo,zoom_out,1,12,1157.302083,1158.666500,1158.687500,1392
6,ko,NanumMyeongjo-Regular,no_retention,demo,pan,1,10,215.983200,217.670900,217.687500,0
6,ko,NanumMyeongjo-Regular,no_retention,demo,first_paint,2,1,1850.916000,1852.916000,1852.916000,204
6,ko,NanumMyeongjo-Regular,no_retention,demo,warm,2,30,206.434700,208.091567,208.112500,0
6,ko,NanumMyeongjo-Regular,no_retention,demo,zoom_in,2,12,1695.909667,1697.097000,1697.117917,2079
6,ko,NanumMyeongjo-Regular,no_retention,demo,zoom_out,2,12,1144.357667,1145.659833,1145.670250,1392
6,ko,NanumMyeongjo-Regular,no_retention,demo,pan,2,10,211.174900,212.833200,212.841600,0
6,ko,NanumMyeongjo-Regular,no_retention,demo,first_paint,3,1,1805.959000,1807.709000,1807.750000,204
6,ko,NanumMyeongjo-Regular,no_retention,demo,warm,3,30,206.944400,208.652800,208.672267,0
6,ko,NanumMyeongjo-Regular,no_retention,demo,zoom_in,3,12,1691.371250,1692.503333,1692.527583,2079
6,ko,NanumMyeongjo-Regular,no_retention,demo,zoom_out,3,12,1129.371417,1130.701250,1130.718667,1392
6,ko,NanumMyeongjo-Regular,no_retention,demo,pan,3,10,203.550100,205.100100,205.116700,0
6,ko,NanumMyeongjo-Regular,no_retention,demo,first_paint,4,1,1954.791000,1957.958000,1958.000000,204
6,ko,NanumMyeongjo-Regular,no_retention,demo,warm,4,30,205.408433,207.011167,207.025067,0
6,ko,NanumMyeongjo-Regular,no_retention,demo,zoom_in,4,12,1682.857667,1684.006917,1684.031083,2079
6,ko,NanumMyeongjo-Regular,no_retention,demo,zoom_out,4,12,1150.354250,1151.673583,1151.684083,1392
6,ko,NanumMyeongjo-Regular,no_retention,demo,pan,4,10,216.495800,218.178900,218.204000,0
6,zh,NotoSerifSC[wght],final,demo,first_paint,0,1,6760.417000,6766.833000,6766.833000,154
6,zh,NotoSerifSC[wght],final,demo,warm,0,30,208.041633,209.774900,209.813900,0
6,zh,NotoSerifSC[wght],final,demo,zoom_in,0,12,6087.885417,6089.437500,6089.465333,1648
6,zh,NotoSerifSC[wght],final,demo,zoom_out,0,12,3269.670083,3271.034583,3271.052083,1102
6,zh,NotoSerifSC[wght],final,demo,pan,0,10,209.812600,211.533400,211.554200,0
6,zh,NotoSerifSC[wght],final,demo,first_paint,1,1,6429.167000,6431.333000,6431.375000,154
6,zh,NotoSerifSC[wght],final,demo,warm,1,30,195.683400,197.311300,197.350067,0
6,zh,NotoSerifSC[wght],final,demo,zoom_in,1,12,5824.812500,5826.128417,5826.152667,1648
6,zh,NotoSerifSC[wght],final,demo,zoom_out,1,12,3078.250167,3079.639250,3079.660083,1102
6,zh,NotoSerifSC[wght],final,demo,pan,1,10,209.045900,210.716700,210.725000,0
6,zh,NotoSerifSC[wght],final,demo,first_paint,2,1,6342.917000,6345.334000,6345.334000,154
6,zh,NotoSerifSC[wght],final,demo,warm,2,30,200.894433,202.558200,202.598567,0
6,zh,NotoSerifSC[wght],final,demo,zoom_in,2,12,5959.371583,5960.545083,5960.572917,1648
6,zh,NotoSerifSC[wght],final,demo,zoom_out,2,12,3230.187250,3231.458250,3231.489417,1102
6,zh,NotoSerifSC[wght],final,demo,pan,2,10,204.150000,205.691600,205.708400,0
6,zh,NotoSerifSC[wght],final,demo,first_paint,3,1,6255.167000,6257.250000,6257.292000,154
6,zh,NotoSerifSC[wght],final,demo,warm,3,30,201.332000,202.998533,203.040333,0
6,zh,NotoSerifSC[wght],final,demo,zoom_in,3,12,6028.666583,6029.836667,6029.860917,1648
6,zh,NotoSerifSC[wght],final,demo,zoom_out,3,12,3274.388917,3275.975667,3276.000000,1102
6,zh,NotoSerifSC[wght],final,demo,pan,3,10,205.254000,206.874800,206.895800,0
6,zh,NotoSerifSC[wght],final,demo,first_paint,4,1,6320.417000,6323.125000,6323.167000,154
6,zh,NotoSerifSC[wght],final,demo,warm,4,30,205.686167,207.390367,207.429200,0
6,zh,NotoSerifSC[wght],final,demo,zoom_in,4,12,5979.305583,5980.500000,5980.521000,1648
6,zh,NotoSerifSC[wght],final,demo,zoom_out,4,12,3258.034833,3259.253500,3259.263917,1102
6,zh,NotoSerifSC[wght],final,demo,pan,4,10,204.454300,205.995900,206.016600,0
6,zh,NotoSerifSC[wght],master,demo,first_paint,0,1,6704.792000,6709.167000,6709.167000,154
6,zh,NotoSerifSC[wght],master,demo,warm,0,30,208.183500,209.877933,209.912700,0
6,zh,NotoSerifSC[wght],master,demo,zoom_in,0,12,6324.781333,6326.527833,6326.545250,1648
6,zh,NotoSerifSC[wght],master,demo,zoom_out,0,12,3424.836750,3426.482417,3426.506917,1102
6,zh,NotoSerifSC[wght],master,demo,pan,0,10,217.541600,219.383400,219.400100,0
6,zh,NotoSerifSC[wght],master,demo,first_paint,1,1,6644.083000,6646.375000,6646.417000,154
6,zh,NotoSerifSC[wght],master,demo,warm,1,30,208.968100,210.819533,210.859767,0
6,zh,NotoSerifSC[wght],master,demo,zoom_in,1,12,6031.100750,6032.406250,6032.433917,1648
6,zh,NotoSerifSC[wght],master,demo,zoom_out,1,12,3280.479250,3281.809000,3281.822917,1102
6,zh,NotoSerifSC[wght],master,demo,pan,1,10,211.837500,213.554100,213.583200,0
6,zh,NotoSerifSC[wght],master,demo,first_paint,2,1,6519.583000,6521.666000,6521.666000,154
6,zh,NotoSerifSC[wght],master,demo,warm,2,30,201.398767,203.011300,203.050067,0
6,zh,NotoSerifSC[wght],master,demo,zoom_in,2,12,6053.159833,6054.357417,6054.378333,1648
6,zh,NotoSerifSC[wght],master,demo,zoom_out,2,12,3361.791667,3363.215333,3363.243167,1102
6,zh,NotoSerifSC[wght],master,demo,pan,2,10,205.929000,207.545800,207.574900,0
6,zh,NotoSerifSC[wght],master,demo,first_paint,3,1,6433.375000,6435.292000,6435.292000,154
6,zh,NotoSerifSC[wght],master,demo,warm,3,30,198.370800,199.941600,199.980533,0
6,zh,NotoSerifSC[wght],master,demo,zoom_in,3,12,6059.729167,6060.902667,6060.923500,1648
6,zh,NotoSerifSC[wght],master,demo,zoom_out,3,12,3242.684000,3243.982583,3243.993083,1102
6,zh,NotoSerifSC[wght],master,demo,pan,3,10,209.362400,211.033300,211.058400,0
6,zh,NotoSerifSC[wght],master,demo,first_paint,4,1,6492.917000,6495.209000,6495.250000,154
6,zh,NotoSerifSC[wght],master,demo,warm,4,30,200.709733,202.408367,202.447167,0
6,zh,NotoSerifSC[wght],master,demo,zoom_in,4,12,6052.062583,6053.270750,6053.302167,1648
6,zh,NotoSerifSC[wght],master,demo,zoom_out,4,12,3273.833333,3275.097167,3275.118083,1102
6,zh,NotoSerifSC[wght],master,demo,pan,4,10,207.245900,208.916900,208.937500,0
6,zh,NotoSerifSC[wght],no_retention,demo,first_paint,0,1,6769.916000,6774.000000,6774.000000,154
6,zh,NotoSerifSC[wght],no_retention,demo,warm,0,30,211.926167,213.620667,213.648533,0
6,zh,NotoSerifSC[wght],no_retention,demo,zoom_in,0,12,6030.142417,6031.420083,6031.444583,1648
6,zh,NotoSerifSC[wght],no_retention,demo,zoom_out,0,12,3257.888833,3259.235917,3259.267333,1102
6,zh,NotoSerifSC[wght],no_retention,demo,pan,0,10,209.304300,210.996000,211.025100,0
6,zh,NotoSerifSC[wght],no_retention,demo,first_paint,1,1,6427.208000,6429.708000,6429.750000,154
6,zh,NotoSerifSC[wght],no_retention,demo,warm,1,30,205.431867,207.124967,207.154100,0
6,zh,NotoSerifSC[wght],no_retention,demo,zoom_in,1,12,5972.573000,5974.107917,5974.128500,1648
6,zh,NotoSerifSC[wght],no_retention,demo,zoom_out,1,12,3269.100750,3270.555750,3270.583667,1102
6,zh,NotoSerifSC[wght],no_retention,demo,pan,1,10,206.971000,208.683400,208.704400,0
6,zh,NotoSerifSC[wght],no_retention,demo,first_paint,2,1,6407.125000,6409.208000,6409.250000,154
6,zh,NotoSerifSC[wght],no_retention,demo,warm,2,30,202.090300,203.804100,203.826367,0
6,zh,NotoSerifSC[wght],no_retention,demo,zoom_in,2,12,5999.003500,6000.256917,6000.281333,1648
6,zh,NotoSerifSC[wght],no_retention,demo,zoom_out,2,12,3247.270833,3248.611250,3248.635417,1102
6,zh,NotoSerifSC[wght],no_retention,demo,pan,2,10,208.937600,210.629200,210.650000,0
6,zh,NotoSerifSC[wght],no_retention,demo,first_paint,3,1,6611.834000,6615.209000,6615.209000,154
6,zh,NotoSerifSC[wght],no_retention,demo,warm,3,30,201.872233,203.426300,203.444333,0
6,zh,NotoSerifSC[wght],no_retention,demo,zoom_in,3,12,6008.500000,6009.548583,6009.572917,1648
6,zh,NotoSerifSC[wght],no_retention,demo,zoom_out,3,12,3242.875000,3244.225750,3244.242917,1102
6,zh,NotoSerifSC[wght],no_retention,demo,pan,3,10,204.504300,206.091700,206.100100,0
6,zh,NotoSerifSC[wght],no_retention,demo,first_paint,4,1,6279.917000,6281.875000,6281.917000,154
6,zh,NotoSerifSC[wght],no_retention,demo,warm,4,30,200.836100,202.462400,202.483267,0
6,zh,NotoSerifSC[wght],no_retention,demo,zoom_in,4,12,6043.159833,6044.336917,6044.357667,1648
6,zh,NotoSerifSC[wght],no_retention,demo,zoom_out,4,12,3248.566000,3249.899333,3249.927083,1102
6,zh,NotoSerifSC[wght],no_retention,demo,pan,4,10,212.375000,214.183400,214.208300,0
6,zh,BabelStoneHan,final,demo,first_paint,0,1,2100.416000,2106.541000,2106.583000,145
6,zh,BabelStoneHan,final,demo,warm,0,30,203.834867,205.477867,205.498733,0
6,zh,BabelStoneHan,final,demo,zoom_in,0,12,1760.489833,1761.708583,1761.729250,1643
6,zh,BabelStoneHan,final,demo,zoom_out,0,12,1090.784750,1092.142583,1092.159833,1099
6,zh,BabelStoneHan,final,demo,pan,0,10,206.220800,207.925100,207.937600,0
6,zh,BabelStoneHan,final,demo,first_paint,1,1,1751.291000,1753.791000,1753.791000,145
6,zh,BabelStoneHan,final,demo,warm,1,30,204.697333,206.293100,206.306933,0
6,zh,BabelStoneHan,final,demo,zoom_in,1,12,1741.395833,1742.652750,1742.687417,1643
6,zh,BabelStoneHan,final,demo,zoom_out,1,12,1083.173583,1084.545167,1084.566000,1099
6,zh,BabelStoneHan,final,demo,pan,1,10,206.025000,207.716500,207.733200,0
6,zh,BabelStoneHan,final,demo,first_paint,2,1,1766.375000,1768.583000,1768.625000,145
6,zh,BabelStoneHan,final,demo,warm,2,30,203.543033,205.213800,205.233333,0
6,zh,BabelStoneHan,final,demo,zoom_in,2,12,1720.444417,1721.760250,1721.788167,1643
6,zh,BabelStoneHan,final,demo,zoom_out,2,12,1083.170083,1084.489417,1084.513833,1099
6,zh,BabelStoneHan,final,demo,pan,2,10,195.683500,197.250300,197.274900,0
6,zh,BabelStoneHan,final,demo,first_paint,3,1,1717.375000,1719.750000,1719.750000,145
6,zh,BabelStoneHan,final,demo,warm,3,30,201.711133,203.327833,203.345900,0
6,zh,BabelStoneHan,final,demo,zoom_in,3,12,1719.774250,1720.961667,1720.978917,1643
6,zh,BabelStoneHan,final,demo,zoom_out,3,12,1093.593750,1094.986167,1095.006917,1099
6,zh,BabelStoneHan,final,demo,pan,3,10,207.987400,209.812400,209.833100,0
6,zh,BabelStoneHan,final,demo,first_paint,4,1,1760.250000,1762.417000,1762.459000,145
6,zh,BabelStoneHan,final,demo,warm,4,30,205.386233,207.120767,207.141700,0
6,zh,BabelStoneHan,final,demo,zoom_in,4,12,1647.420083,1648.590333,1648.604083,1643
6,zh,BabelStoneHan,final,demo,zoom_out,4,12,1074.534667,1075.791500,1075.802000,1099
6,zh,BabelStoneHan,final,demo,pan,4,10,204.991700,206.612400,206.629100,0
6,zh,BabelStoneHan,master,demo,first_paint,0,1,2075.167000,2079.959000,2080.000000,145
6,zh,BabelStoneHan,master,demo,warm,0,30,199.529067,201.215300,201.236167,0
6,zh,BabelStoneHan,master,demo,zoom_in,0,12,1747.420417,1748.659833,1748.684250,1643
6,zh,BabelStoneHan,master,demo,zoom_out,0,12,1099.114500,1100.427000,1100.444333,1099
6,zh,BabelStoneHan,master,demo,pan,0,10,203.762600,205.429300,205.450200,0
6,zh,BabelStoneHan,master,demo,first_paint,1,1,1744.375000,1746.959000,1747.000000,145
6,zh,BabelStoneHan,master,demo,warm,1,30,202.377767,204.056900,204.075000,0
6,zh,BabelStoneHan,master,demo,zoom_in,1,12,1705.506750,1706.680417,1706.704667,1643
6,zh,BabelStoneHan,master,demo,zoom_out,1,12,1080.986000,1082.281000,1082.301917,1099
6,zh,BabelStoneHan,master,demo,pan,1,10,205.483300,207.241800,207.254200,0
6,zh,BabelStoneHan,master,demo,first_paint,2,1,1675.167000,1677.333000,1677.333000,145
6,zh,BabelStoneHan,master,demo,warm,2,30,200.167967,201.848400,201.866500,0
6,zh,BabelStoneHan,master,demo,zoom_in,2,12,1715.756917,1716.920250,1716.944667,1643
6,zh,BabelStoneHan,master,demo,zoom_out,2,12,1085.927083,1087.288083,1087.302000,1099
6,zh,BabelStoneHan,master,demo,pan,2,10,204.716700,206.429200,206.445900,0
6,zh,BabelStoneHan,master,demo,first_paint,3,1,1738.291000,1740.666000,1740.666000,145
6,zh,BabelStoneHan,master,demo,warm,3,30,202.994467,204.718033,204.734700,0
6,zh,BabelStoneHan,master,demo,zoom_in,3,12,1705.670250,1706.784750,1706.802083,1643
6,zh,BabelStoneHan,master,demo,zoom_out,3,12,1095.663167,1096.958333,1096.975667,1099
6,zh,BabelStoneHan,master,demo,pan,3,10,203.200000,204.845800,204.879300,0
6,zh,BabelStoneHan,master,demo,first_paint,4,1,1665.250000,1667.209000,1667.209000,145
6,zh,BabelStoneHan,master,demo,warm,4,30,188.026467,189.506933,189.523600,0
6,zh,BabelStoneHan,master,demo,zoom_in,4,12,1683.507000,1684.638750,1684.670083,1643
6,zh,BabelStoneHan,master,demo,zoom_out,4,12,1075.913250,1077.191083,1077.212000,1099
6,zh,BabelStoneHan,master,demo,pan,4,10,199.979300,201.612300,201.641700,0
6,zh,BabelStoneHan,no_retention,demo,first_paint,0,1,2081.458000,2085.333000,2085.333000,145
6,zh,BabelStoneHan,no_retention,demo,warm,0,30,209.794467,211.379333,211.401433,0
6,zh,BabelStoneHan,no_retention,demo,zoom_in,0,12,1745.204833,1746.402833,1746.416667,1643
6,zh,BabelStoneHan,no_retention,demo,zoom_out,0,12,1091.722333,1093.152583,1093.180500,1099
6,zh,BabelStoneHan,no_retention,demo,pan,0,10,205.395800,207.045900,207.070800,0
6,zh,BabelStoneHan,no_retention,demo,first_paint,1,1,1732.750000,1734.583000,1734.583000,145
6,zh,BabelStoneHan,no_retention,demo,warm,1,30,206.970733,208.568033,208.586067,0
6,zh,BabelStoneHan,no_retention,demo,zoom_in,1,12,1749.524333,1750.753417,1750.777833,1643
6,zh,BabelStoneHan,no_retention,demo,zoom_out,1,12,1094.774333,1096.104333,1096.128667,1099
6,zh,BabelStoneHan,no_retention,demo,pan,1,10,212.258400,214.020700,214.037300,0
6,zh,BabelStoneHan,no_retention,demo,first_paint,2,1,1722.750000,1727.166000,1727.166000,145
6,zh,BabelStoneHan,no_retention,demo,warm,2,30,203.176433,204.873633,204.894500,0
6,zh,BabelStoneHan,no_retention,demo,zoom_in,2,12,1785.569417,1786.888667,1786.916583,1643
6,zh,BabelStoneHan,no_retention,demo,zoom_out,2,12,1119.302083,1120.715250,1120.739417,1099
6,zh,BabelStoneHan,no_retention,demo,pan,2,10,197.187400,198.787600,198.812400,0
6,zh,BabelStoneHan,no_retention,demo,first_paint,3,1,1826.750000,1829.250000,1829.291000,145
6,zh,BabelStoneHan,no_retention,demo,warm,3,30,202.847267,204.563900,204.586133,0
6,zh,BabelStoneHan,no_retention,demo,zoom_in,3,12,1731.562583,1732.732583,1732.753583,1643
6,zh,BabelStoneHan,no_retention,demo,zoom_out,3,12,1079.777833,1081.041667,1081.059000,1099
6,zh,BabelStoneHan,no_retention,demo,pan,3,10,202.962600,204.646000,204.675100,0
6,zh,BabelStoneHan,no_retention,demo,first_paint,4,1,1697.958000,1700.125000,1700.125000,145
6,zh,BabelStoneHan,no_retention,demo,warm,4,30,204.401400,206.098567,206.119367,0
6,zh,BabelStoneHan,no_retention,demo,zoom_in,4,12,1697.156000,1698.329667,1698.347000,1643
6,zh,BabelStoneHan,no_retention,demo,zoom_out,4,12,1050.579667,1051.791583,1051.805500,1099
6,zh,BabelStoneHan,no_retention,demo,pan,4,10,199.408300,200.933300,200.954100,0
6,en,Rye-Regular,final,demo,first_paint,0,1,3938.833000,3944.750000,3944.792000,274
6,en,Rye-Regular,final,demo,warm,0,30,220.054100,221.718100,221.756967,0
6,en,Rye-Regular,final,demo,zoom_in,0,12,3541.104083,3542.336833,3542.361167,2938
6,en,Rye-Regular,final,demo,zoom_out,0,12,2288.100667,2289.583250,2289.604083,1945
6,en,Rye-Regular,final,demo,pan,0,10,218.008400,219.804300,219.829100,0
6,en,Rye-Regular,final,demo,first_paint,1,1,3672.833000,3676.125000,3676.125000,274
6,en,Rye-Regular,final,demo,warm,1,30,214.684700,216.423633,216.458267,0
6,en,Rye-Regular,final,demo,zoom_in,1,12,3479.934083,3481.253667,3481.278000,2938
6,en,Rye-Regular,final,demo,zoom_out,1,12,2344.149250,2345.649333,2345.663250,1945
6,en,Rye-Regular,final,demo,pan,1,10,215.862400,217.637600,217.650200,0
6,en,Rye-Regular,final,demo,first_paint,2,1,3614.583000,3616.625000,3616.625000,274
6,en,Rye-Regular,final,demo,warm,2,30,216.144467,218.024900,218.064000,0
6,en,Rye-Regular,final,demo,zoom_in,2,12,3453.163250,3454.517333,3454.541750,2938
6,en,Rye-Regular,final,demo,zoom_out,2,12,2330.146000,2331.499917,2331.513917,1945
6,en,Rye-Regular,final,demo,pan,2,10,220.516700,222.191700,222.225100,0
6,en,Rye-Regular,final,demo,first_paint,3,1,3679.291000,3681.583000,3681.625000,274
6,en,Rye-Regular,final,demo,warm,3,30,212.022200,213.645867,213.680600,0
6,en,Rye-Regular,final,demo,zoom_in,3,12,3455.527750,3456.833333,3456.854000,2938
6,en,Rye-Regular,final,demo,zoom_out,3,12,2298.496667,2299.795167,2299.819417,1945
6,en,Rye-Regular,final,demo,pan,3,10,214.829200,216.425000,216.445800,0
6,en,Rye-Regular,final,demo,first_paint,4,1,3718.542000,3720.625000,3720.667000,274
6,en,Rye-Regular,final,demo,warm,4,30,213.851467,215.483433,215.520933,0
6,en,Rye-Regular,final,demo,zoom_in,4,12,3470.503417,3471.742917,3471.767333,2938
6,en,Rye-Regular,final,demo,zoom_out,4,12,2300.576250,2301.937583,2301.954917,1945
6,en,Rye-Regular,final,demo,pan,4,10,221.941600,223.633200,223.654100,0
6,en,Rye-Regular,master,demo,first_paint,0,1,6827.791000,6832.500000,6832.541000,274
6,en,Rye-Regular,master,demo,warm,0,30,221.281933,222.934767,222.972133,0
6,en,Rye-Regular,master,demo,zoom_in,0,12,6128.465167,6129.823000,6129.847417,2938
6,en,Rye-Regular,master,demo,zoom_out,0,12,4066.624833,4068.076250,4068.107500,1945
6,en,Rye-Regular,master,demo,pan,0,10,225.649900,227.337400,227.350000,0
6,en,Rye-Regular,master,demo,first_paint,1,1,6436.084000,6438.125000,6438.125000,274
6,en,Rye-Regular,master,demo,warm,1,30,204.348567,205.888800,205.926233,0
6,en,Rye-Regular,master,demo,zoom_in,1,12,6175.600833,6176.993167,6177.014083,2938
6,en,Rye-Regular,master,demo,zoom_out,1,12,4067.795250,4069.253417,4069.267417,1945
6,en,Rye-Regular,master,demo,pan,1,10,223.216600,224.945500,224.966500,0
6,en,Rye-Regular,master,demo,first_paint,2,1,6372.958000,6375.000000,6375.041000,274
6,en,Rye-Regular,master,demo,warm,2,30,209.055467,210.692967,210.730500,0
6,en,Rye-Regular,master,demo,zoom_in,2,12,6098.975667,6100.326250,6100.354000,2938
6,en,Rye-Regular,master,demo,zoom_out,2,12,4056.041500,4057.479167,4057.517333,1945
6,en,Rye-Regular,master,demo,pan,2,10,217.412600,219.175100,219.196100,0
6,en,Rye-Regular,master,demo,first_paint,3,1,6350.708000,6352.875000,6352.875000,274
6,en,Rye-Regular,master,demo,warm,3,30,212.552767,214.136033,214.172167,0
6,en,Rye-Regular,master,demo,zoom_in,3,12,6122.669917,6124.055333,6124.069333,2938
6,en,Rye-Regular,master,demo,zoom_out,3,12,4013.621667,4015.014083,4015.031500,1945
6,en,Rye-Regular,master,demo,pan,3,10,220.850000,222.483300,222.504100,0
6,en,Rye-Regular,master,demo,first_paint,4,1,6345.125000,6347.167000,6347.167000,274
6,en,Rye-Regular,master,demo,warm,4,30,215.208300,216.822233,216.859733,0
6,en,Rye-Regular,master,demo,zoom_in,4,12,6190.361250,6191.895833,6191.920000,2938
6,en,Rye-Regular,master,demo,zoom_out,4,12,4042.427083,4043.791583,4043.815833,1945
6,en,Rye-Regular,master,demo,pan,4,10,222.116700,223.775100,223.791800,0
6,en,Rye-Regular,no_retention,demo,first_paint,0,1,6654.334000,6658.209000,6658.209000,274
6,en,Rye-Regular,no_retention,demo,warm,0,30,221.126433,222.829167,222.852767,0
6,en,Rye-Regular,no_retention,demo,zoom_in,0,12,6058.194500,6059.586750,6059.607583,2938
6,en,Rye-Regular,no_retention,demo,zoom_out,0,12,4060.954833,4062.385583,4062.402833,1945
6,en,Rye-Regular,no_retention,demo,pan,0,10,225.620900,227.366700,227.383300,0
6,en,Rye-Regular,no_retention,demo,first_paint,1,1,6306.959000,6308.917000,6308.917000,274
6,en,Rye-Regular,no_retention,demo,warm,1,30,213.659767,215.257000,215.282033,0
6,en,Rye-Regular,no_retention,demo,zoom_in,1,12,6065.225833,6066.604333,6066.625250,2938
6,en,Rye-Regular,no_retention,demo,zoom_out,1,12,4010.850750,4012.260417,4012.288250,1945
6,en,Rye-Regular,no_retention,demo,pan,1,10,229.720800,231.591500,231.612400,0
6,en,Rye-Regular,no_retention,demo,first_paint,2,1,6368.167000,6370.750000,6370.792000,274
6,en,Rye-Regular,no_retention,demo,warm,2,30,221.566600,223.349867,223.369333,0
6,en,Rye-Regular,no_retention,demo,zoom_in,2,12,6063.239417,6064.732417,6064.760167,2938
6,en,Rye-Regular,no_retention,demo,zoom_out,2,12,3994.944417,3996.371667,3996.385500,1945
6,en,Rye-Regular,no_retention,demo,pan,2,10,217.787600,219.504200,219.525200,0
6,en,Rye-Regular,no_retention,demo,first_paint,3,1,6288.459000,6290.667000,6290.667000,274
6,en,Rye-Regular,no_retention,demo,warm,3,30,205.294467,206.951367,206.970800,0
6,en,Rye-Regular,no_retention,demo,zoom_in,3,12,6240.521000,6242.222417,6242.246750,2938
6,en,Rye-Regular,no_retention,demo,zoom_out,3,12,4043.590250,4044.951333,4044.972083,1945
6,en,Rye-Regular,no_retention,demo,pan,3,10,222.787500,224.533100,224.554000,0
6,en,Rye-Regular,no_retention,demo,first_paint,4,1,6245.292000,6247.250000,6247.250000,274
6,en,Rye-Regular,no_retention,demo,warm,4,30,227.466700,229.179233,229.204200,0
6,en,Rye-Regular,no_retention,demo,zoom_in,4,12,6083.375083,6084.618000,6084.638833,2938
6,en,Rye-Regular,no_retention,demo,zoom_out,4,12,4025.024333,4026.367917,4026.385333,1945
6,en,Rye-Regular,no_retention,demo,pan,4,10,224.999800,226.779000,226.795800,0
6,en,Vollkorn-Medium,final,demo,first_paint,0,1,4618.958000,4624.500000,4624.542000,269
6,en,Vollkorn-Medium,final,demo,warm,0,30,221.029267,222.780567,222.809700,0
6,en,Vollkorn-Medium,final,demo,zoom_in,0,12,4086.319333,4087.753333,4087.787917,2877
6,en,Vollkorn-Medium,final,demo,zoom_out,0,12,2589.631750,2591.072917,2591.097083,1956
6,en,Vollkorn-Medium,final,demo,pan,0,10,220.321000,222.050100,222.066700,0
6,en,Vollkorn-Medium,final,demo,first_paint,1,1,4381.083000,4383.250000,4383.250000,269
6,en,Vollkorn-Medium,final,demo,warm,1,30,210.219433,211.726333,211.747200,0
6,en,Vollkorn-Medium,final,demo,zoom_in,1,12,4101.006833,4102.281167,4102.305583,2877
6,en,Vollkorn-Medium,final,demo,zoom_out,1,12,2582.000250,2583.368167,2583.389167,1956
6,en,Vollkorn-Medium,final,demo,pan,1,10,219.850000,221.508400,221.529100,0
6,en,Vollkorn-Medium,final,demo,first_paint,2,1,4335.500000,4337.583000,4337.625000,269
6,en,Vollkorn-Medium,final,demo,warm,2,30,219.755700,221.358367,221.375067,0
6,en,Vollkorn-Medium,final,demo,zoom_in,2,12,4060.777750,4061.944333,4061.965250,2877
6,en,Vollkorn-Medium,final,demo,zoom_out,2,12,2622.996583,2624.392417,2624.413333,1956
6,en,Vollkorn-Medium,final,demo,pan,2,10,223.845600,225.487300,225.516500,0
6,en,Vollkorn-Medium,final,demo,first_paint,3,1,4533.542000,4535.958000,4535.958000,269
6,en,Vollkorn-Medium,final,demo,warm,3,30,217.125000,218.704100,218.730600,0
6,en,Vollkorn-Medium,final,demo,zoom_in,3,12,4075.937333,4077.097167,4077.111083,2877
6,en,Vollkorn-Medium,final,demo,zoom_out,3,12,2561.378500,2562.725667,2562.750083,1956
6,en,Vollkorn-Medium,final,demo,pan,3,10,216.495800,217.987600,218.004200,0
6,en,Vollkorn-Medium,final,demo,first_paint,4,1,4336.583000,4338.541000,4338.583000,269
6,en,Vollkorn-Medium,final,demo,warm,4,30,215.666667,217.172200,217.197133,0
6,en,Vollkorn-Medium,final,demo,zoom_in,4,12,4076.833417,4078.038250,4078.062500,2877
6,en,Vollkorn-Medium,final,demo,zoom_out,4,12,2536.777833,2538.066000,2538.093750,1956
6,en,Vollkorn-Medium,final,demo,pan,4,10,212.879300,214.562700,214.587700,0
6,en,Vollkorn-Medium,master,demo,first_paint,0,1,6630.417000,6634.584000,6634.625000,269
6,en,Vollkorn-Medium,master,demo,warm,0,30,221.884767,223.663867,223.706967,0
6,en,Vollkorn-Medium,master,demo,zoom_in,0,12,6146.138750,6147.420000,6147.433917,2877
6,en,Vollkorn-Medium,master,demo,zoom_out,0,12,3998.100583,3999.506833,3999.524333,1956
6,en,Vollkorn-Medium,master,demo,pan,0,10,221.275000,222.975100,223.004200,0
6,en,Vollkorn-Medium,master,demo,first_paint,1,1,6498.375000,6500.584000,6500.584000,269
6,en,Vollkorn-Medium,master,demo,warm,1,30,213.450033,215.170767,215.206933,0
6,en,Vollkorn-Medium,master,demo,zoom_in,1,12,6125.413167,6126.701417,6126.718667,2877
6,en,Vollkorn-Medium,master,demo,zoom_out,1,12,4030.156417,4031.555750,4031.586917,1956
6,en,Vollkorn-Medium,master,demo,pan,1,10,223.520800,225.262200,225.283200,0
6,en,Vollkorn-Medium,master,demo,first_paint,2,1,6659.375000,6661.750000,6661.792000,269
6,en,Vollkorn-Medium,master,demo,warm,2,30,218.495700,220.287433,220.322167,0
6,en,Vollkorn-Medium,master,demo,zoom_in,2,12,6139.312500,6140.722167,6140.750000,2877
6,en,Vollkorn-Medium,master,demo,zoom_out,2,12,4006.277833,4007.600667,4007.624917,1956
6,en,Vollkorn-Medium,master,demo,pan,2,10,220.958400,222.691800,222.716700,0
6,en,Vollkorn-Medium,master,demo,first_paint,3,1,6934.458000,6937.291000,6937.333000,269
6,en,Vollkorn-Medium,master,demo,warm,3,30,212.193033,213.883333,213.924900,0
6,en,Vollkorn-Medium,master,demo,zoom_in,3,12,6119.631833,6120.972167,6120.993000,2877
6,en,Vollkorn-Medium,master,demo,zoom_out,3,12,3966.447833,3967.819500,3967.836833,1956
6,en,Vollkorn-Medium,master,demo,pan,3,10,213.321100,215.016800,215.045900,0
6,en,Vollkorn-Medium,master,demo,first_paint,4,1,6421.542000,6423.708000,6423.708000,269
6,en,Vollkorn-Medium,master,demo,warm,4,30,215.380567,217.119500,217.154133,0
6,en,Vollkorn-Medium,master,demo,zoom_in,4,12,6162.225583,6163.614583,6163.642333,2877
6,en,Vollkorn-Medium,master,demo,zoom_out,4,12,4039.003583,4040.399333,4040.427083,1956
6,en,Vollkorn-Medium,master,demo,pan,4,10,226.254100,227.941700,227.970800,0
6,en,Vollkorn-Medium,no_retention,demo,first_paint,0,1,6996.709000,7000.750000,7000.792000,269
6,en,Vollkorn-Medium,no_retention,demo,warm,0,30,223.275000,225.002833,225.025033,0
6,en,Vollkorn-Medium,no_retention,demo,zoom_in,0,12,6151.812333,6153.218583,6153.239333,2877
6,en,Vollkorn-Medium,no_retention,demo,zoom_out,0,12,4003.597250,4005.500000,4005.524333,1956
6,en,Vollkorn-Medium,no_retention,demo,pan,0,10,221.545800,223.287600,223.304100,0
6,en,Vollkorn-Medium,no_retention,demo,first_paint,1,1,6697.625000,6700.750000,6700.750000,269
6,en,Vollkorn-Medium,no_retention,demo,warm,1,30,220.869500,222.658433,222.682100,0
6,en,Vollkorn-Medium,no_retention,demo,zoom_in,1,12,6226.659667,6228.163167,6228.197833,2877
6,en,Vollkorn-Medium,no_retention,demo,zoom_out,1,12,4114.441083,4116.583333,4116.604167,1956
6,en,Vollkorn-Medium,no_retention,demo,pan,1,10,222.545800,224.362600,224.387700,0
6,en,Vollkorn-Medium,no_retention,demo,first_paint,2,1,6661.750000,6664.084000,6664.125000,269
6,en,Vollkorn-Medium,no_retention,demo,warm,2,30,220.284700,222.029067,222.048567,0
6,en,Vollkorn-Medium,no_retention,demo,zoom_in,2,12,6096.791667,6098.173667,6098.191167,2877
6,en,Vollkorn-Medium,no_retention,demo,zoom_out,2,12,4047.586583,4049.059000,4049.086917,1956
6,en,Vollkorn-Medium,no_retention,demo,pan,2,10,221.012600,222.770800,222.795900,0
6,en,Vollkorn-Medium,no_retention,demo,first_paint,3,1,6630.625000,6632.958000,6633.000000,269
6,en,Vollkorn-Medium,no_retention,demo,warm,3,30,213.788867,215.459667,215.484700,0
6,en,Vollkorn-Medium,no_retention,demo,zoom_in,3,12,6024.968750,6026.274250,6026.298583,2877
6,en,Vollkorn-Medium,no_retention,demo,zoom_out,3,12,3892.965333,3894.347250,3894.374833,1956
6,en,Vollkorn-Medium,no_retention,demo,pan,3,10,223.246000,224.966800,224.987600,0
6,en,Vollkorn-Medium,no_retention,demo,first_paint,4,1,6526.166000,6528.333000,6528.333000,269
6,en,Vollkorn-Medium,no_retention,demo,warm,4,30,216.824933,218.488800,218.508233,0
6,en,Vollkorn-Medium,no_retention,demo,zoom_in,4,12,6116.152667,6117.326250,6117.364583,2877
6,en,Vollkorn-Medium,no_retention,demo,zoom_out,4,12,3931.034750,3932.448000,3932.472250,1956
6,en,Vollkorn-Medium,no_retention,demo,pan,4,10,218.712500,220.445800,220.479100,0
6,en,NanumMyeongjo-Regular,final,demo,first_paint,0,1,1713.959000,1719.709000,1719.750000,275
6,en,NanumMyeongjo-Regular,final,demo,warm,0,30,220.416633,222.034767,222.061233,0
6,en,NanumMyeongjo-Regular,final,demo,zoom_in,0,12,1336.979167,1338.236083,1338.267250,2919
6,en,NanumMyeongjo-Regular,final,demo,zoom_out,0,12,905.545167,906.920167,906.937500,1925
6,en,NanumMyeongjo-Regular,final,demo,pan,0,10,219.862300,221.541400,221.566500,0
6,en,NanumMyeongjo-Regular,final,demo,first_paint,1,1,1372.916000,1375.000000,1375.000000,275
6,en,NanumMyeongjo-Regular,final,demo,warm,1,30,211.755533,213.462567,213.477833,0
6,en,NanumMyeongjo-Regular,final,demo,zoom_in,1,12,1302.159917,1303.368250,1303.396083,2919
6,en,NanumMyeongjo-Regular,final,demo,zoom_out,1,12,887.989750,889.347333,889.364750,1925
6,en,NanumMyeongjo-Regular,final,demo,pan,1,10,225.929300,227.691800,227.721100,0
6,en,NanumMyeongjo-Regular,final,demo,first_paint,2,1,1364.500000,1366.792000,1366.792000,275
6,en,NanumMyeongjo-Regular,final,demo,warm,2,30,220.988900,222.740267,222.766600,0
6,en,NanumMyeongjo-Regular,final,demo,zoom_in,2,12,1377.618083,1379.104083,1379.121333,2919
6,en,NanumMyeongjo-Regular,final,demo,zoom_out,2,12,928.281167,929.760333,929.770750,1925
6,en,NanumMyeongjo-Regular,final,demo,pan,2,10,215.337300,217.033300,217.062400,0
6,en,NanumMyeongjo-Regular,final,demo,first_paint,3,1,1338.541000,1340.666000,1340.666000,275
6,en,NanumMyeongjo-Regular,final,demo,warm,3,30,220.916767,222.633367,222.661200,0
6,en,NanumMyeongjo-Regular,final,demo,zoom_in,3,12,1323.954917,1325.184083,1325.204833,2919
6,en,NanumMyeongjo-Regular,final,demo,zoom_out,3,12,903.659583,904.951333,904.961750,1925
6,en,NanumMyeongjo-Regular,final,demo,pan,3,10,206.037300,207.499800,207.524900,0
6,en,NanumMyeongjo-Regular,final,demo,first_paint,4,1,1303.333000,1305.292000,1305.333000,275
6,en,NanumMyeongjo-Regular,final,demo,warm,4,30,215.343033,216.926300,216.951333,0
6,en,NanumMyeongjo-Regular,final,demo,zoom_in,4,12,1295.527750,1296.826250,1296.840250,2919
6,en,NanumMyeongjo-Regular,final,demo,zoom_out,4,12,894.194583,895.534750,895.545167,1925
6,en,NanumMyeongjo-Regular,final,demo,pan,4,10,215.349900,217.020700,217.049800,0
6,en,NanumMyeongjo-Regular,master,demo,first_paint,0,1,1996.250000,2000.375000,2000.375000,275
6,en,NanumMyeongjo-Regular,master,demo,warm,0,30,219.302767,220.959733,220.980500,0
6,en,NanumMyeongjo-Regular,master,demo,zoom_in,0,12,1590.413083,1591.673500,1591.690833,2919
6,en,NanumMyeongjo-Regular,master,demo,zoom_out,0,12,1071.475750,1072.829750,1072.847250,1925
6,en,NanumMyeongjo-Regular,master,demo,pan,0,10,222.887500,224.629200,224.645800,0
6,en,NanumMyeongjo-Regular,master,demo,first_paint,1,1,1640.167000,1642.042000,1642.083000,275
6,en,NanumMyeongjo-Regular,master,demo,warm,1,30,207.172167,208.777733,208.802700,0
6,en,NanumMyeongjo-Regular,master,demo,zoom_in,1,12,1582.861167,1584.083417,1584.104167,2919
6,en,NanumMyeongjo-Regular,master,demo,zoom_out,1,12,1060.402833,1061.753583,1061.770917,1925
6,en,NanumMyeongjo-Regular,master,demo,pan,1,10,221.870800,223.616500,223.633200,0
6,en,NanumMyeongjo-Regular,master,demo,first_paint,2,1,1661.041000,1663.083000,1663.125000,275
6,en,NanumMyeongjo-Regular,master,demo,warm,2,30,216.534567,218.313767,218.338833,0
6,en,NanumMyeongjo-Regular,master,demo,zoom_in,2,12,1602.507000,1603.798833,1603.823000,2919
6,en,NanumMyeongjo-Regular,master,demo,zoom_out,2,12,1085.072917,1086.510500,1086.527833,1925
6,en,NanumMyeongjo-Regular,master,demo,pan,2,10,226.762600,228.541600,228.562500,0
6,en,NanumMyeongjo-Regular,master,demo,first_paint,3,1,1731.500000,1734.083000,1734.125000,275
6,en,NanumMyeongjo-Regular,master,demo,warm,3,30,215.566667,217.208367,217.227767,0
6,en,NanumMyeongjo-Regular,master,demo,zoom_in,3,12,1587.444333,1588.628417,1588.645750,2919
6,en,NanumMyeongjo-Regular,master,demo,zoom_out,3,12,1085.448000,1086.802250,1086.826583,1925
6,en,NanumMyeongjo-Regular,master,demo,pan,3,10,203.354100,204.920800,204.937600,0
6,en,NanumMyeongjo-Regular,master,demo,first_paint,4,1,1641.625000,1643.959000,1643.959000,275
6,en,NanumMyeongjo-Regular,master,demo,warm,4,30,213.980567,215.662400,215.686100,0
6,en,NanumMyeongjo-Regular,master,demo,zoom_in,4,12,1569.420083,1570.597083,1570.614500,2919
6,en,NanumMyeongjo-Regular,master,demo,zoom_out,4,12,1058.774500,1060.118250,1060.142500,1925
6,en,NanumMyeongjo-Regular,master,demo,pan,4,10,218.821100,220.583400,220.595900,0
6,en,NanumMyeongjo-Regular,no_retention,demo,first_paint,0,1,1979.541000,1983.291000,1983.333000,275
6,en,NanumMyeongjo-Regular,no_retention,demo,warm,0,30,217.109767,218.691700,218.711167,0
6,en,NanumMyeongjo-Regular,no_retention,demo,zoom_in,0,12,1566.437583,1567.611083,1567.635583,2919
6,en,NanumMyeongjo-Regular,no_retention,demo,zoom_out,0,12,1052.854167,1054.149250,1054.180500,1925
6,en,NanumMyeongjo-Regular,no_retention,demo,pan,0,10,220.454000,222.145800,222.175000,0
6,en,NanumMyeongjo-Regular,no_retention,demo,first_paint,1,1,1570.542000,1572.500000,1572.500000,275
6,en,NanumMyeongjo-Regular,no_retention,demo,warm,1,30,214.677800,216.345867,216.365267,0
6,en,NanumMyeongjo-Regular,no_retention,demo,zoom_in,1,12,1528.076250,1529.204750,1529.232583,2919
6,en,NanumMyeongjo-Regular,no_retention,demo,zoom_out,1,12,1050.951167,1052.357667,1052.374917,1925
6,en,NanumMyeongjo-Regular,no_retention,demo,pan,1,10,209.716600,211.320700,211.337300,0
6,en,NanumMyeongjo-Regular,no_retention,demo,first_paint,2,1,1634.333000,1636.250000,1636.250000,275
6,en,NanumMyeongjo-Regular,no_retention,demo,warm,2,30,216.766767,218.459767,218.477867,0
6,en,NanumMyeongjo-Regular,no_retention,demo,zoom_in,2,12,1547.576500,1548.823000,1548.847167,2919
6,en,NanumMyeongjo-Regular,no_retention,demo,zoom_out,2,12,1051.631833,1053.020750,1053.041583,1925
6,en,NanumMyeongjo-Regular,no_retention,demo,pan,2,10,228.679200,230.429300,230.454200,0
6,en,NanumMyeongjo-Regular,no_retention,demo,first_paint,3,1,1595.084000,1597.084000,1597.084000,275
6,en,NanumMyeongjo-Regular,no_retention,demo,warm,3,30,216.591600,218.155533,218.177767,0
6,en,NanumMyeongjo-Regular,no_retention,demo,zoom_in,3,12,1541.250083,1542.319583,1542.343750,2919
6,en,NanumMyeongjo-Regular,no_retention,demo,zoom_out,3,12,1042.294917,1043.541333,1043.555333,1925
6,en,NanumMyeongjo-Regular,no_retention,demo,pan,3,10,218.875100,220.508300,220.533300,0
6,en,NanumMyeongjo-Regular,no_retention,demo,first_paint,4,1,1624.083000,1626.042000,1626.083000,275
6,en,NanumMyeongjo-Regular,no_retention,demo,warm,4,30,213.025067,214.611233,214.636167,0
6,en,NanumMyeongjo-Regular,no_retention,demo,zoom_in,4,12,1571.857667,1573.045250,1573.055667,2919
6,en,NanumMyeongjo-Regular,no_retention,demo,zoom_out,4,12,1049.579833,1050.861167,1050.878417,1925
6,en,NanumMyeongjo-Regular,no_retention,demo,pan,4,10,227.537400,229.412600,229.462700,0
6,en,NotoSerifSC[wght],final,demo,first_paint,0,1,4449.250000,4455.084000,4455.084000,282
6,en,NotoSerifSC[wght],final,demo,warm,0,30,220.061167,221.697200,221.736100,0
6,en,NotoSerifSC[wght],final,demo,zoom_in,0,12,3938.093833,3939.333583,3939.361167,2924
6,en,NotoSerifSC[wght],final,demo,zoom_out,0,12,2237.298667,2238.715333,2238.739583,1972
6,en,NotoSerifSC[wght],final,demo,pan,0,10,209.962500,211.616800,211.629200,0
6,en,NotoSerifSC[wght],final,demo,first_paint,1,1,4771.625000,4775.750000,4775.750000,282
6,en,NotoSerifSC[wght],final,demo,warm,1,30,219.205667,220.934833,220.975033,0
6,en,NotoSerifSC[wght],final,demo,zoom_in,1,12,3907.642500,3908.982750,3909.010583,2924
6,en,NotoSerifSC[wght],final,demo,zoom_out,1,12,2241.656083,2242.989500,2243.013750,1972
6,en,NotoSerifSC[wght],final,demo,pan,1,10,224.537500,226.174800,226.208100,0
6,en,NotoSerifSC[wght],final,demo,first_paint,2,1,4198.750000,4201.625000,4201.666000,282
6,en,NotoSerifSC[wght],final,demo,warm,2,30,217.651500,219.320933,219.359833,0
6,en,NotoSerifSC[wght],final,demo,zoom_in,2,12,3901.691083,3902.965417,3902.996833,2924
6,en,NotoSerifSC[wght],final,demo,zoom_out,2,12,2239.569500,2240.986250,2241.017250,1972
6,en,NotoSerifSC[wght],final,demo,pan,2,10,219.312500,221.383300,221.391600,0
6,en,NotoSerifSC[wght],final,demo,first_paint,3,1,4304.000000,4306.125000,4306.166000,282
6,en,NotoSerifSC[wght],final,demo,warm,3,30,217.254300,218.952867,218.986200,0
6,en,NotoSerifSC[wght],final,demo,zoom_in,3,12,3889.711833,3890.875000,3890.892333,2924
6,en,NotoSerifSC[wght],final,demo,zoom_out,3,12,2231.107583,2232.458250,2232.475583,1972
6,en,NotoSerifSC[wght],final,demo,pan,3,10,219.587600,221.220700,221.254100,0
6,en,NotoSerifSC[wght],final,demo,first_paint,4,1,4171.833000,4174.083000,4174.083000,282
6,en,NotoSerifSC[wght],final,demo,warm,4,30,214.902900,216.515467,216.551400,0
6,en,NotoSerifSC[wght],final,demo,zoom_in,4,12,3925.753333,3926.999917,3927.017333,2924
6,en,NotoSerifSC[wght],final,demo,zoom_out,4,12,2235.750083,2237.031333,2237.048833,1972
6,en,NotoSerifSC[wght],final,demo,pan,4,10,218.137400,219.833400,219.854100,0
6,en,NotoSerifSC[wght],master,demo,first_paint,0,1,4616.292000,4620.084000,4620.125000,282
6,en,NotoSerifSC[wght],master,demo,warm,0,30,220.393033,222.025033,222.058367,0
6,en,NotoSerifSC[wght],master,demo,zoom_in,0,12,4112.836750,4114.104167,4114.132000,2924
6,en,NotoSerifSC[wght],master,demo,zoom_out,0,12,2281.319417,2282.701333,2282.711750,1972
6,en,NotoSerifSC[wght],master,demo,pan,0,10,225.896000,227.616700,227.646000,0
6,en,NotoSerifSC[wght],master,demo,first_paint,1,1,4317.458000,4319.458000,4319.458000,282
6,en,NotoSerifSC[wght],master,demo,warm,1,30,218.107000,219.822200,219.861200,0
6,en,NotoSerifSC[wght],master,demo,zoom_in,1,12,4079.392500,4080.569500,4080.586750,2924
6,en,NotoSerifSC[wght],master,demo,zoom_out,1,12,2298.638750,2299.996417,2300.017250,1972
6,en,NotoSerifSC[wght],master,demo,pan,1,10,222.708300,224.274900,224.299900,0
6,en,NotoSerifSC[wght],master,demo,first_paint,2,1,4303.000000,4305.208000,4305.208000,282
6,en,NotoSerifSC[wght],master,demo,warm,2,30,228.213900,229.955633,230.000033,0
6,en,NotoSerifSC[wght],master,demo,zoom_in,2,12,4033.538333,4034.701583,4034.725750,2924
6,en,NotoSerifSC[wght],master,demo,zoom_out,2,12,2278.496583,2279.868167,2279.888917,1972
6,en,NotoSerifSC[wght],master,demo,pan,2,10,222.337400,224.079100,224.095700,0
6,en,NotoSerifSC[wght],master,demo,first_paint,3,1,4291.500000,4294.459000,4294.459000,282
6,en,NotoSerifSC[wght],master,demo,warm,3,30,214.084600,215.695767,215.737433,0
6,en,NotoSerifSC[wght],master,demo,zoom_in,3,12,4058.010583,4059.149417,4059.177000,2924
6,en,NotoSerifSC[wght],master,demo,zoom_out,3,12,2268.767333,2270.131917,2270.152750,1972
6,en,NotoSerifSC[wght],master,demo,pan,3,10,219.746000,221.400100,221.416800,0
6,en,NotoSerifSC[wght],master,demo,first_paint,4,1,4145.750000,4148.333000,4148.333000,282
6,en,NotoSerifSC[wght],master,demo,warm,4,30,217.966600,219.620700,219.659633,0
6,en,NotoSerifSC[wght],master,demo,zoom_in,4,12,4088.215250,4089.451333,4089.475750,2924
6,en,NotoSerifSC[wght],master,demo,zoom_out,4,12,2266.819583,2268.132083,2268.146000,1972
6,en,NotoSerifSC[wght],master,demo,pan,4,10,226.962500,228.704200,228.729300,0
6,en,NotoSerifSC[wght],no_retention,demo,first_paint,0,1,4524.416000,4529.041000,4529.041000,282
6,en,NotoSerifSC[wght],no_retention,demo,warm,0,30,222.998667,224.652933,224.676433,0
6,en,NotoSerifSC[wght],no_retention,demo,zoom_in,0,12,4079.718583,4080.989417,4081.020667,2924
6,en,NotoSerifSC[wght],no_retention,demo,zoom_out,0,12,2229.729167,2231.097250,2231.121667,1972
6,en,NotoSerifSC[wght],no_retention,demo,pan,0,10,228.891700,230.620900,230.625000,0
6,en,NotoSerifSC[wght],no_retention,demo,first_paint,1,1,4278.125000,4280.750000,4280.750000,282
6,en,NotoSerifSC[wght],no_retention,demo,warm,1,30,216.984700,218.619433,218.647167,0
6,en,NotoSerifSC[wght],no_retention,demo,zoom_in,1,12,4033.034667,4034.225500,4034.246417,2924
6,en,NotoSerifSC[wght],no_retention,demo,zoom_out,1,12,2298.451333,2299.857750,2299.885500,1972
6,en,NotoSerifSC[wght],no_retention,demo,pan,1,10,225.466700,227.220700,227.241500,0
6,en,NotoSerifSC[wght],no_retention,demo,first_paint,2,1,4202.291000,4204.750000,4204.750000,282
6,en,NotoSerifSC[wght],no_retention,demo,warm,2,30,211.065267,212.570900,212.597200,0
6,en,NotoSerifSC[wght],no_retention,demo,zoom_in,2,12,4022.253417,4023.357750,4023.382000,2924
6,en,NotoSerifSC[wght],no_retention,demo,zoom_out,2,12,2243.329750,2244.628333,2244.642167,1972
6,en,NotoSerifSC[wght],no_retention,demo,pan,2,10,221.045700,222.658300,222.683300,0
6,en,NotoSerifSC[wght],no_retention,demo,first_paint,3,1,4227.792000,4229.917000,4229.959000,282
6,en,NotoSerifSC[wght],no_retention,demo,warm,3,30,212.383433,213.975033,213.994500,0
6,en,NotoSerifSC[wght],no_retention,demo,zoom_in,3,12,4104.291583,4105.593583,4105.618083,2924
6,en,NotoSerifSC[wght],no_retention,demo,zoom_out,3,12,2294.652833,2296.069583,2296.093917,1972
6,en,NotoSerifSC[wght],no_retention,demo,pan,3,10,220.345900,222.050100,222.062600,0
6,en,NotoSerifSC[wght],no_retention,demo,first_paint,4,1,4267.458000,4269.750000,4269.750000,282
6,en,NotoSerifSC[wght],no_retention,demo,warm,4,30,227.649900,229.362333,229.386033,0
6,en,NotoSerifSC[wght],no_retention,demo,zoom_in,4,12,4243.690917,4244.972083,4244.986000,2924
6,en,NotoSerifSC[wght],no_retention,demo,zoom_out,4,12,2372.021000,2373.395917,2373.420417,1972
6,en,NotoSerifSC[wght],no_retention,demo,pan,4,10,233.708300,235.666800,235.691600,0
6,en,BabelStoneHan,final,demo,first_paint,0,1,1493.083000,1499.792000,1499.792000,139
6,en,BabelStoneHan,final,demo,warm,0,30,235.365333,237.040233,237.081933,0
6,en,BabelStoneHan,final,demo,zoom_in,0,12,1262.267500,1263.538333,1263.559167,2778
6,en,BabelStoneHan,final,demo,zoom_out,0,12,843.611167,845.006833,845.027750,1822
6,en,BabelStoneHan,final,demo,pan,0,10,236.820900,238.608400,238.633400,0
6,en,BabelStoneHan,final,demo,first_paint,1,1,1132.416000,1134.791000,1134.833000,139
6,en,BabelStoneHan,final,demo,warm,1,30,231.063933,232.887667,232.926433,0
6,en,BabelStoneHan,final,demo,zoom_in,1,12,1239.107583,1240.343750,1240.375000,2778
6,en,BabelStoneHan,final,demo,zoom_out,1,12,833.454917,834.833333,834.864750,1822
6,en,BabelStoneHan,final,demo,pan,1,10,230.504100,232.337700,232.358600,0
6,en,BabelStoneHan,final,demo,first_paint,2,1,1111.625000,1113.958000,1113.958000,139
6,en,BabelStoneHan,final,demo,warm,2,30,229.181967,230.976267,231.016633,0
6,en,BabelStoneHan,final,demo,zoom_in,2,12,1250.628417,1251.930417,1251.954667,2778
6,en,BabelStoneHan,final,demo,zoom_out,2,12,837.635333,839.024083,839.052083,1822
6,en,BabelStoneHan,final,demo,pan,2,10,231.870800,233.600000,233.620900,0
6,en,BabelStoneHan,final,demo,first_paint,3,1,1128.750000,1131.459000,1131.500000,139
6,en,BabelStoneHan,final,demo,warm,3,30,229.207033,230.990400,231.026400,0
6,en,BabelStoneHan,final,demo,zoom_in,3,12,1233.927083,1235.204750,1235.236167,2778
6,en,BabelStoneHan,final,demo,zoom_out,3,12,831.437583,832.802000,832.822833,1822
6,en,BabelStoneHan,final,demo,pan,3,10,232.029100,233.791600,233.816700,0
6,en,BabelStoneHan,final,demo,first_paint,4,1,1101.333000,1103.625000,1103.625000,139
6,en,BabelStoneHan,final,demo,warm,4,30,229.983367,231.805500,231.843033,0
6,en,BabelStoneHan,final,demo,zoom_in,4,12,1252.746667,1254.062667,1254.080000,2778
6,en,BabelStoneHan,final,demo,zoom_out,4,12,827.586750,828.979083,829.006917,1822
6,en,BabelStoneHan,final,demo,pan,4,10,233.825100,235.649800,235.666500,0
6,en,BabelStoneHan,master,demo,first_paint,0,1,1772.750000,1776.833000,1776.833000,139
6,en,BabelStoneHan,master,demo,warm,0,30,230.469367,232.180567,232.198633,0
6,en,BabelStoneHan,master,demo,zoom_in,0,12,1319.215417,1320.468833,1320.486250,2778
6,en,BabelStoneHan,master,demo,zoom_out,0,12,877.763917,879.183917,879.201250,1822
6,en,BabelStoneHan,master,demo,pan,0,10,233.116500,234.916500,234.941700,0
6,en,BabelStoneHan,master,demo,first_paint,1,1,1129.166000,1131.333000,1131.375000,139
6,en,BabelStoneHan,master,demo,warm,1,30,225.840233,227.641700,227.665267,0
6,en,BabelStoneHan,master,demo,zoom_in,1,12,1281.642500,1282.829917,1282.843833,2778
6,en,BabelStoneHan,master,demo,zoom_out,1,12,887.125083,888.583500,888.604250,1822
6,en,BabelStoneHan,master,demo,pan,1,10,234.429100,236.129200,236.145700,0
6,en,BabelStoneHan,master,demo,first_paint,2,1,1215.500000,1218.500000,1218.500000,139
6,en,BabelStoneHan,master,demo,warm,2,30,229.749933,231.709733,231.726333,0
6,en,BabelStoneHan,master,demo,zoom_in,2,12,1313.086667,1314.402833,1314.420250,2778
6,en,BabelStoneHan,master,demo,zoom_out,2,12,875.621417,877.076333,877.093667,1822
6,en,BabelStoneHan,master,demo,pan,2,10,232.475100,234.912700,234.942100,0
6,en,BabelStoneHan,master,demo,first_paint,3,1,1155.459000,1157.834000,1157.875000,139
6,en,BabelStoneHan,master,demo,warm,3,30,228.627767,230.500033,230.520867,0
6,en,BabelStoneHan,master,demo,zoom_in,3,12,1296.868167,1298.087083,1298.114500,2778
6,en,BabelStoneHan,master,demo,zoom_out,3,12,875.888917,877.423667,877.448083,1822
6,en,BabelStoneHan,master,demo,pan,3,10,233.766600,235.462300,235.495700,0
6,en,BabelStoneHan,master,demo,first_paint,4,1,1123.250000,1125.459000,1125.500000,139
6,en,BabelStoneHan,master,demo,warm,4,30,226.284533,228.134567,228.159600,0
6,en,BabelStoneHan,master,demo,zoom_in,4,12,1307.774333,1309.045083,1309.076417,2778
6,en,BabelStoneHan,master,demo,zoom_out,4,12,872.180583,873.569500,873.590250,1822
6,en,BabelStoneHan,master,demo,pan,4,10,229.670700,231.449900,231.470700,0
6,en,BabelStoneHan,no_retention,demo,first_paint,0,1,1490.125000,1494.541000,1494.583000,139
6,en,BabelStoneHan,no_retention,demo,warm,0,30,233.243033,235.045733,235.062433,0
6,en,BabelStoneHan,no_retention,demo,zoom_in,0,12,1292.427000,1293.715083,1293.732583,2778
6,en,BabelStoneHan,no_retention,demo,zoom_out,0,12,863.850833,865.350667,865.378583,1822
6,en,BabelStoneHan,no_retention,demo,pan,0,10,241.425000,243.295800,243.329100,0
6,en,BabelStoneHan,no_retention,demo,first_paint,1,1,1160.666000,1163.333000,1163.375000,139
6,en,BabelStoneHan,no_retention,demo,warm,1,30,233.690167,235.440067,235.466667,0
6,en,BabelStoneHan,no_retention,demo,zoom_in,1,12,1308.475750,1310.076333,1310.090250,2778
6,en,BabelStoneHan,no_retention,demo,zoom_out,1,12,885.986000,887.503333,887.524250,1822
6,en,BabelStoneHan,no_retention,demo,pan,1,10,237.237400,239.050000,239.070900,0
6,en,BabelStoneHan,no_retention,demo,first_paint,2,1,1159.500000,1162.500000,1162.500000,139
6,en,BabelStoneHan,no_retention,demo,warm,2,30,231.061233,232.827900,232.851567,0
6,en,BabelStoneHan,no_retention,demo,zoom_in,2,12,1265.770750,1266.986083,1267.013833,2778
6,en,BabelStoneHan,no_retention,demo,zoom_out,2,12,850.208250,851.635333,851.656083,1822
6,en,BabelStoneHan,no_retention,demo,pan,2,10,236.145800,237.954100,237.970600,0
6,en,BabelStoneHan,no_retention,demo,first_paint,3,1,1143.584000,1145.917000,1145.959000,139
6,en,BabelStoneHan,no_retention,demo,warm,3,30,230.909800,232.695800,232.723600,0
6,en,BabelStoneHan,no_retention,demo,zoom_in,3,12,1263.027750,1264.215250,1264.239583,2778
6,en,BabelStoneHan,no_retention,demo,zoom_out,3,12,850.941000,852.302083,852.329833,1822
6,en,BabelStoneHan,no_retention,demo,pan,3,10,231.504100,233.229300,233.254100,0
6,en,BabelStoneHan,no_retention,demo,first_paint,4,1,1301.917000,1305.208000,1305.208000,139
6,en,BabelStoneHan,no_retention,demo,warm,4,30,232.018067,233.784700,233.802800,0
6,en,BabelStoneHan,no_retention,demo,zoom_in,4,12,1258.215167,1259.423583,1259.444417,2778
6,en,BabelStoneHan,no_retention,demo,zoom_out,4,12,851.086917,852.440917,852.468750,1822
6,en,BabelStoneHan,no_retention,demo,pan,4,10,236.841400,238.599800,238.616400,0
