backend,font,dpi,scene,scope,reported_frames,new_atlas_entries,metric,reference_version,candidate_version,reference_median,candidate_median,reference_process_median,candidate_process_median,paired_delta_us,paired_delta_us_ci95,paired_delta_pct,paired_bootstrap95,process_blocks,trials_per_process,samples_per_version,bootstrap_resamples
cpu,ptsans,2,demo,sum of reported phases; excludes 119 unreported warmup frames,65,5151,draw_us,master,prior,47838.9805,41126.229488,47778.270494000004,41056.417002,-6619.748998000003,"[-6748.522979999998, -6391.521507000001]",-13.790297948102946,"[-14.140700950836244, -13.40154895340262]",12,5,60,10000
cpu,ptsans,2,demo,sum of reported phases; excludes 119 unreported warmup frames,65,5151,submit_us,master,prior,47938.354995999995,41226.083486,47884.122495,41154.938989,-6626.582998999998,"[-6751.015497999993, -6396.194484999996]",-13.774005583196846,"[-14.116618750752124, -13.376276046201252]",12,5,60,10000
cpu,ptsans,2,demo,sum of reported phases; excludes 119 unreported warmup frames,65,5151,complete_us,master,prior,47939.750001,41227.581496,47885.936996,41156.187001,-6626.545499,"[-6751.478500999998, -6396.522999999997]",-13.77413900869473,"[-14.117044293822662, -13.375940851575407]",12,5,60,10000
cpu,ptsans,2,demo,sum of reported phases; excludes 119 unreported warmup frames,65,5151,draw_us,master,updated45,47838.9805,41309.190504,47778.270494000004,41114.0385,-6574.1444969999975,"[-6727.732999, -6250.2119969999985]",-13.792277864431597,"[-14.072986663940029, -12.969179520943875]",12,5,60,10000
cpu,ptsans,2,demo,sum of reported phases; excludes 119 unreported warmup frames,65,5151,submit_us,master,updated45,47938.354995999995,41406.211498,47884.122495,41212.357496,-6579.137993,"[-6728.4124999999985, -6251.667999000001]",-13.769042192211645,"[-14.04190840880074, -12.944955231230832]",12,5,60,10000
cpu,ptsans,2,demo,sum of reported phases; excludes 119 unreported warmup frames,65,5151,complete_us,master,updated45,47939.750001,41407.876504,47885.936996,41213.856491,-6579.178008000003,"[-6728.478015999994, -6251.648494999998]",-13.768900287946849,"[-14.041638610422492, -12.944539936030374]",12,5,60,10000
cpu,ptsans,2,demo,sum of reported phases; excludes 119 unreported warmup frames,65,5151,draw_us,master,final,47838.9805,41215.523994,47778.270494000004,41209.461499,-6448.770000000004,"[-6813.682497000002, -6330.163500999995]",-13.466411875801127,"[-14.259083112091758, -13.288456647572271]",12,5,60,10000
cpu,ptsans,2,demo,sum of reported phases; excludes 119 unreported warmup frames,65,5151,submit_us,master,final,47938.354995999995,41311.857993,47884.122495,41306.566498,-6450.0654829999985,"[-6819.952508000002, -6336.598494999998]",-13.440029650802988,"[-14.24222085160769, -13.264089015773694]",12,5,60,10000
cpu,ptsans,2,demo,sum of reported phases; excludes 119 unreported warmup frames,65,5151,complete_us,master,final,47939.750001,41312.978493,47885.936996,41307.791003000006,-6450.523001000001,"[-6819.597999999998, -6336.810492999997]",-13.440515970114436,"[-14.24110208808953, -13.263896432954597]",12,5,60,10000
cpu,ptsans,2,demo,sum of reported phases; excludes 119 unreported warmup frames,65,5151,draw_us,prior,updated45,41126.229488,41309.190504,41056.417002,41114.0385,149.3564830000032,"[-135.7745020000002, 245.83099300000322]",0.3608517713168946,"[-0.33298882181857503, 0.6024710966969882]",12,5,60,10000
cpu,ptsans,2,demo,sum of reported phases; excludes 119 unreported warmup frames,65,5151,submit_us,prior,updated45,41226.083486,41406.211498,41154.938989,41212.357496,148.52500000000146,"[-133.92049400000178, 245.20850499999506]",0.3617203776700828,"[-0.3276830773577821, 0.5994327376833586]",12,5,60,10000
cpu,ptsans,2,demo,sum of reported phases; excludes 119 unreported warmup frames,65,5151,complete_us,prior,updated45,41227.581496,41407.876504,41156.187001,41213.856491,148.44449199999872,"[-133.7915090000024, 245.18648000000394]",0.36150888204894427,"[-0.3273590687651873, 0.5993577213603829]",12,5,60,10000
cpu,ptsans,2,demo,sum of reported phases; excludes 119 unreported warmup frames,65,5151,draw_us,prior,final,41126.229488,41215.523994,41056.417002,41209.461499,20.89549899999838,"[-166.02450500000123, 230.2104890000046]",0.05030317965440956,"[-0.40479176989758336, 0.5576382335123808]",12,5,60,10000
cpu,ptsans,2,demo,sum of reported phases; excludes 119 unreported warmup frames,65,5151,submit_us,prior,final,41226.083486,41311.857993,41154.938989,41306.566498,22.018506000000343,"[-171.54200100000162, 225.72799799999848]",0.0530712316743398,"[-0.417254521677457, 0.5455083154844109]",12,5,60,10000
cpu,ptsans,2,demo,sum of reported phases; excludes 119 unreported warmup frames,65,5151,complete_us,prior,final,41227.581496,41312.978493,41156.187001,41307.791003000006,22.01849399999992,"[-171.10299799999848, 225.7094950000028]",0.05307069939441966,"[-0.41617494147354606, 0.5454463326666104]",12,5,60,10000
cpu,ptsans,2,demo,sum of reported phases; excludes 119 unreported warmup frames,65,5151,draw_us,updated45,final,41309.190504,41215.523994,41114.0385,41209.461499,-60.912498000001506,"[-428.2684900000022, 222.64400600000226]",-0.148634204574849,"[-1.0312561295814038, 0.5466071178997445]",12,5,60,10000
cpu,ptsans,2,demo,sum of reported phases; excludes 119 unreported warmup frames,65,5151,submit_us,updated45,final,41406.211498,41311.857993,41212.357496,41306.566498,-66.73100799999884,"[-423.5584839999974, 225.37498799999958]",-0.16238773141509788,"[-1.0176062215625559, 0.5520598140267285]",12,5,60,10000
cpu,ptsans,2,demo,sum of reported phases; excludes 119 unreported warmup frames,65,5151,complete_us,updated45,final,41407.876504,41312.978493,41213.856491,41307.791003000006,-66.31197699999757,"[-423.7894980000019, 225.36949800000366]",-0.1613624525915458,"[-1.0181213152473056, 0.5520277063865042]",12,5,60,10000
cpu,ptsans,2,font_variations,sum of reported phases; excludes 119 unreported warmup frames,63,2138,draw_us,master,prior,10527.771992999998,10258.834496,10533.333501000001,10269.105491,-276.20849500000077,"[-324.3130020000008, -195.8529979999994]",-2.6149192045457683,"[-3.0751797376774634, -1.8640286021570807]",12,5,60,10000
cpu,ptsans,2,font_variations,sum of reported phases; excludes 119 unreported warmup frames,63,2138,submit_us,master,prior,10533.708003,10264.190005,10539.354006999998,10274.232994999998,-276.8489869999994,"[-324.8330070000002, -196.45799199999965]",-2.6195401711332167,"[-3.0784498691602993, -1.8686732500590053]",12,5,60,10000
cpu,ptsans,2,font_variations,sum of reported phases; excludes 119 unreported warmup frames,63,2138,complete_us,master,prior,10535.04151,10265.562,10540.582004,10275.561495,-276.8289960000002,"[-325.1070180000006, -196.836495999999]",-2.619002797224168,"[-3.0805837010130013, -1.871938842563975]",12,5,60,10000
cpu,ptsans,2,font_variations,sum of reported phases; excludes 119 unreported warmup frames,63,2138,draw_us,master,updated45,10527.771992999998,10282.189004,10533.333501000001,10319.794501,-262.8485009999995,"[-323.0635000000011, -161.39500399999997]",-2.520505284937208,"[-3.04037731553648, -1.5330650381378041]",12,5,60,10000
cpu,ptsans,2,font_variations,sum of reported phases; excludes 119 unreported warmup frames,63,2138,submit_us,master,updated45,10533.708003,10287.421011,10539.354006999998,10325.561995,-263.8285029999997,"[-323.5849989999988, -161.7709959999993]",-2.528477569277787,"[-3.0454463893418993, -1.5358060557174757]",12,5,60,10000
cpu,ptsans,2,font_variations,sum of reported phases; excludes 119 unreported warmup frames,63,2138,complete_us,master,updated45,10535.04151,10288.688994,10540.582004,10326.918497999999,-263.4344940000001,"[-324.1250120000004, -161.9580019999994]",-2.524428517834049,"[-3.048691434617201, -1.537352987698276]",12,5,60,10000
cpu,ptsans,2,font_variations,sum of reported phases; excludes 119 unreported warmup frames,63,2138,draw_us,master,final,10527.771992999998,10305.581007,10533.333501000001,10275.062001999999,-272.4375090000003,"[-298.85649400000057, -171.27049799999986]",-2.5910153865575825,"[-2.8362676978899994, -1.63769027679459]",12,5,60,10000
cpu,ptsans,2,font_variations,sum of reported phases; excludes 119 unreported warmup frames,63,2138,submit_us,master,final,10533.708003,10310.542000000001,10539.354006999998,10280.249498,-273.1459959999993,"[-299.41900500000065, -171.66948899999988]",-2.5962868564755546,"[-2.8400466511261047, -1.6405625229176601]",12,5,60,10000
cpu,ptsans,2,font_variations,sum of reported phases; excludes 119 unreported warmup frames,63,2138,complete_us,master,final,10535.04151,10311.728997,10540.582004,10281.564502000001,-273.51949799999966,"[-299.39652000000024, -171.56250699999964]",-2.599438753715677,"[-2.839504087876482, -1.639292871122966]",12,5,60,10000
cpu,ptsans,2,font_variations,sum of reported phases; excludes 119 unreported warmup frames,63,2138,draw_us,prior,updated45,10258.834496,10282.189004,10269.105491,10319.794501,14.356001999999535,"[-28.774501999999302, 118.56250499999987]",0.1392430582829285,"[-0.2793210847327088, 1.1474104618553582]",12,5,60,10000
cpu,ptsans,2,font_variations,sum of reported phases; excludes 119 unreported warmup frames,63,2138,submit_us,prior,updated45,10264.190005,10287.421011,10274.232994999998,10325.561995,14.935001000000739,"[-28.732999999999265, 118.99600700000065]",0.1448104882648682,"[-0.2787787840292044, 1.1510193364683508]",12,5,60,10000
cpu,ptsans,2,font_variations,sum of reported phases; excludes 119 unreported warmup frames,63,2138,complete_us,prior,updated45,10265.562,10288.688994,10275.561495,10326.918497999999,14.834003000000848,"[-28.605991999999787, 118.73199899999963]",0.1437944388362311,"[-0.27749708376671456, 1.1483052961546392]",12,5,60,10000
cpu,ptsans,2,font_variations,sum of reported phases; excludes 119 unreported warmup frames,63,2138,draw_us,prior,final,10258.834496,10305.581007,10269.105491,10275.062001999999,-18.609996000000137,"[-52.019500000000335, 110.9794980000006]",-0.18031778894146977,"[-0.5037065979391075, 1.1136259682089422]",12,5,60,10000
cpu,ptsans,2,font_variations,sum of reported phases; excludes 119 unreported warmup frames,63,2138,submit_us,prior,final,10264.190005,10310.542000000001,10274.232994999998,10280.249498,-18.403495000000476,"[-51.60249399999975, 111.01951800000006]",-0.1782223543440098,"[-0.49940143043952223, 1.1133937062259625]",12,5,60,10000
cpu,ptsans,2,font_variations,sum of reported phases; excludes 119 unreported warmup frames,63,2138,complete_us,prior,final,10265.562,10311.728997,10275.561495,10281.564502000001,-18.58699499999966,"[-51.5170049999997, 110.83102300000064]",-0.17997196387629644,"[-0.49848892310971893, 1.1113215317710257]",12,5,60,10000
cpu,ptsans,2,font_variations,sum of reported phases; excludes 119 unreported warmup frames,63,2138,draw_us,updated45,final,10282.189004,10305.581007,10319.794501,10275.062001999999,-0.8174910000007003,"[-89.75249299999996, 44.02249599999959]",-0.007784563938234568,"[-0.8679139770606914, 0.4300330414184428]",12,5,60,10000
cpu,ptsans,2,font_variations,sum of reported phases; excludes 119 unreported warmup frames,63,2138,submit_us,updated45,final,10287.421011,10310.542000000001,10325.561995,10280.249498,-0.7959990000008474,"[-90.14499200000046, 43.795498999999836]",-0.007581912904541799,"[-0.8712079937645723, 0.4276052528974672]",12,5,60,10000
cpu,ptsans,2,font_variations,sum of reported phases; excludes 119 unreported warmup frames,63,2138,complete_us,updated45,final,10288.688994,10311.728997,10326.918497999999,10281.564502000001,-0.7330049999991388,"[-89.79349799999909, 43.982003999999506]",-0.00695095514633981,"[-0.8677085388847983, 0.42937169245942375]",12,5,60,10000
cpu,ptsans,2,grid_pollution,complete controlled sequence,67,6298,draw_us,master,prior,26226.72748,25462.581980000003,26246.727976000002,25433.833,-740.9144759999981,"[-959.2734880000007, -559.7469999999994]",-2.835519406454207,"[-3.627749553383286, -2.153203156937622]",12,5,60,10000
cpu,ptsans,2,grid_pollution,complete controlled sequence,67,6298,submit_us,master,prior,26231.355488,25466.898496,26251.333508,25438.165004000002,-742.2735200000006,"[-959.8139920000012, -559.0794920000008]",-2.83689691148607,"[-3.629069089642506, -2.150234509857257]",12,5,60,10000
cpu,ptsans,2,grid_pollution,complete controlled sequence,67,6298,complete_us,master,prior,26232.95802,25469.333,26253.290532,25440.605996,-742.2549920000001,"[-959.5229800000016, -559.2049920000009]",-2.835722191445061,"[-3.627687539985136, -2.1505310290752364]",12,5,60,10000
cpu,ptsans,2,grid_pollution,complete controlled sequence,67,6298,draw_us,master,updated45,26226.72748,25638.521011999997,26246.727976000002,25583.288004,-623.835500000001,"[-748.5835120000011, -436.1670239999985]",-2.3840560403914077,"[-2.8311826904385216, -1.6696189877215772]",12,5,60,10000
cpu,ptsans,2,grid_pollution,complete controlled sequence,67,6298,submit_us,master,updated45,26231.355488,25643.165,26251.333508,25587.729492,-623.7295280000017,"[-749.1269799999991, -437.04149999999754]",-2.383146635680655,"[-2.8326699168086056, -1.6725366188566348]",12,5,60,10000
cpu,ptsans,2,grid_pollution,complete controlled sequence,67,6298,complete_us,master,updated45,26232.95802,25645.415508000002,26253.290532,25589.89698,-623.7885160000005,"[-748.9604920000002, -437.2119760000023]",-2.383164798274634,"[-2.8318229096053136, -1.6730448552363941]",12,5,60,10000
cpu,ptsans,2,grid_pollution,complete controlled sequence,67,6298,draw_us,master,final,26226.72748,25327.747496,26246.727976000002,25327.747496,-810.0430279999982,"[-1040.5440199999994, -771.4544679999999]",-3.108566685809777,"[-3.9339264072160263, -2.9445065772276013]",12,5,60,10000
cpu,ptsans,2,grid_pollution,complete controlled sequence,67,6298,submit_us,master,final,26231.355488,25332.539004,26251.333508,25332.539004,-810.9614959999999,"[-1040.6289880000004, -771.1460239999979]",-3.1092695037330365,"[-3.9334645287481873, -2.9448050737971743]",12,5,60,10000
cpu,ptsans,2,grid_pollution,complete controlled sequence,67,6298,complete_us,master,final,26232.95802,25334.744488,26253.290532,25334.744488,-811.5480000000007,"[-1040.5059679999995, -770.7295279999998]",-3.110625305189485,"[-3.932690018448132, -2.943716077672093]",12,5,60,10000
cpu,ptsans,2,grid_pollution,complete controlled sequence,67,6298,draw_us,prior,updated45,25462.581980000003,25638.521011999997,25433.833,25583.288004,140.7074960000009,"[-46.689995999997336, 271.3549559999992]",0.5532417783326804,"[-0.18348097126896223, 1.058206827903374]",12,5,60,10000
cpu,ptsans,2,grid_pollution,complete controlled sequence,67,6298,submit_us,prior,updated45,25466.898496,25643.165,25438.165004000002,25587.729492,141.08200000000033,"[-45.20701999999983, 271.37603200000376]",0.5546188910319438,"[-0.17763143026623962, 1.058085451547086]",12,5,60,10000
cpu,ptsans,2,grid_pollution,complete controlled sequence,67,6298,complete_us,prior,updated45,25469.333,25645.415508000002,25440.605996,25589.89698,140.89350000000377,"[-44.80549600000086, 271.4399919999996]",0.5538242711180863,"[-0.17604171491164, 1.0582455043924188]",12,5,60,10000
cpu,ptsans,2,grid_pollution,complete controlled sequence,67,6298,draw_us,prior,final,25462.581980000003,25327.747496,25433.833,25327.747496,-122.44098799999665,"[-223.08553600000232, 45.228508000001966]",-0.47888140610509167,"[-0.870655250847896, 0.1778279924697035]",12,5,60,10000
cpu,ptsans,2,grid_pollution,complete controlled sequence,67,6298,submit_us,prior,final,25466.898496,25332.539004,25438.165004000002,25332.539004,-121.98098799999934,"[-223.83401199999753, 46.25048799999968]",-0.4770097862738021,"[-0.8733761549640395, 0.18181519715022576]",12,5,60,10000
cpu,ptsans,2,grid_pollution,complete controlled sequence,67,6298,complete_us,prior,final,25469.333,25334.744488,25440.605996,25334.744488,-121.93999599999916,"[-223.73203199999807, 45.95400400000108]",-0.4768082197713519,"[-0.8729020679742794, 0.18063233052652006]",12,5,60,10000
cpu,ptsans,2,grid_pollution,complete controlled sequence,67,6298,draw_us,updated45,final,25638.521011999997,25327.747496,25583.288004,25327.747496,-198.1859800000002,"[-373.87600399999974, -92.62398399999984]",-0.7761290090287642,"[-1.4552549757456068, -0.3621141400321659]",12,5,60,10000
cpu,ptsans,2,grid_pollution,complete controlled sequence,67,6298,submit_us,updated45,final,25643.165,25332.539004,25587.729492,25332.539004,-199.15049999999974,"[-373.91999600000236, -92.30900400000064]",-0.7797592886462812,"[-1.4551806278174206, -0.3608152892746519]",12,5,60,10000
cpu,ptsans,2,grid_pollution,complete controlled sequence,67,6298,complete_us,updated45,final,25645.415508000002,25334.744488,25589.89698,25334.744488,-199.0095079999992,"[-374.33602399999836, -92.2495160000035]",-0.7791428618878216,"[-1.4566953113187897, -0.36055153793499994]",12,5,60,10000
cpu,ptsans,2,grid_singleton,complete controlled sequence,1,94,draw_us,master,prior,475.27049999999997,424.313,474.5,424.417,-48.93800000000002,"[-54.45849999999999, -44.16650000000001]",-10.373208840479892,"[-11.272331867497948, -9.303476358299772]",12,5,60,10000
cpu,ptsans,2,grid_singleton,complete controlled sequence,1,94,submit_us,master,prior,475.41650000000004,424.41700000000003,474.60450000000003,424.54150000000004,-48.89699999999999,"[-54.47900000000001, -44.08349999999999]",-10.362254976202674,"[-11.27802600336631, -9.300650204201027]",12,5,60,10000
cpu,ptsans,2,grid_singleton,complete controlled sequence,1,94,complete_us,master,prior,475.4375,424.45849999999996,474.64599999999996,424.58349999999996,-48.89599999999999,"[-54.4795, -44.08349999999999]",-10.361142793161388,"[-11.269405689849904, -9.29578453772162]",12,5,60,10000
cpu,ptsans,2,grid_singleton,complete controlled sequence,1,94,draw_us,master,updated45,475.27049999999997,421.0625,474.5,418.70849999999996,-53.083500000000015,"[-57.95800000000003, -46.66749999999999]",-11.251097411952172,"[-12.140424776187642, -9.847582394546789]",12,5,60,10000
cpu,ptsans,2,grid_singleton,complete controlled sequence,1,94,submit_us,master,updated45,475.41650000000004,421.1875,474.60450000000003,418.83349999999996,-53.06300000000002,"[-57.97949999999997, -46.667]",-11.244282111640992,"[-12.141280749995115, -9.845005088480384]",12,5,60,10000
cpu,ptsans,2,grid_singleton,complete controlled sequence,1,94,complete_us,master,updated45,475.4375,421.20849999999996,474.64599999999996,418.854,-53.083500000000015,"[-57.9795, -46.66699999999997]",-11.247630160189386,"[-12.140212852719495, -9.844482245787393]",12,5,60,10000
cpu,ptsans,2,grid_singleton,complete controlled sequence,1,94,draw_us,master,final,475.27049999999997,422.64599999999996,474.5,420.66700000000003,-54.70849999999999,"[-64.37450000000001, -47.459]",-11.372927404040995,"[-13.510480496581671, -10.04250005258898]",12,5,60,10000
cpu,ptsans,2,grid_singleton,complete controlled sequence,1,94,submit_us,master,final,475.41650000000004,422.77099999999996,474.60450000000003,420.79200000000003,-54.70849999999999,"[-64.41649999999998, -47.43799999999999]",-11.374273781819106,"[-13.511336904577721, -10.035484547463241]",12,5,60,10000
cpu,ptsans,2,grid_singleton,complete controlled sequence,1,94,complete_us,master,final,475.4375,422.812,474.64599999999996,420.83349999999996,-54.6875,"[-64.39550000000003, -47.417]",-11.369473356513149,"[-13.506378125569068, -10.030584087758342]",12,5,60,10000
cpu,ptsans,2,grid_singleton,complete controlled sequence,1,94,draw_us,prior,updated45,424.313,421.0625,424.417,418.70849999999996,-4.666500000000013,"[-6.687999999999988, -0.125]",-1.0921345513574154,"[-1.562184029150404, -0.03081568747517749]",12,5,60,10000
cpu,ptsans,2,grid_singleton,complete controlled sequence,1,94,submit_us,prior,updated45,424.41700000000003,421.1875,424.54150000000004,418.83349999999996,-4.6875,"[-6.6875, -0.12549999999998818]",-1.0966452901980173,"[-1.5613330786698076, -0.030931912737874878]",12,5,60,10000
cpu,ptsans,2,grid_singleton,complete controlled sequence,1,94,complete_us,prior,updated45,424.45849999999996,421.20849999999996,424.58349999999996,418.854,-4.667000000000002,"[-6.708999999999975, -0.12499999999997158]",-1.096638936212846,"[-1.5661320175406224, -0.030808111400049132]",12,5,60,10000
cpu,ptsans,2,grid_singleton,complete controlled sequence,1,94,draw_us,prior,final,424.313,422.64599999999996,424.417,420.66700000000003,-4.478499999999997,"[-14.957999999999998, -0.9375]",-1.0486958224711407,"[-3.5391819582024753, -0.21815998878090825]",12,5,60,10000
cpu,ptsans,2,grid_singleton,complete controlled sequence,1,94,submit_us,prior,final,424.41700000000003,422.77099999999996,424.54150000000004,420.79200000000003,-4.499499999999983,"[-14.979000000000013, -0.9169999999999732]",-1.0532011509709838,"[-3.5430116374872367, -0.21328952421996172]",12,5,60,10000
cpu,ptsans,2,grid_singleton,complete controlled sequence,1,94,complete_us,prior,final,424.45849999999996,422.812,424.58349999999996,420.83349999999996,-4.479000000000013,"[-14.978500000000025, -0.9165000000000134]",-1.0484046966795335,"[-3.542543021553335, -0.21315302864941543]",12,5,60,10000
cpu,ptsans,2,grid_singleton,complete controlled sequence,1,94,draw_us,updated45,final,421.0625,422.64599999999996,418.70849999999996,420.66700000000003,-2.3540000000000134,"[-11.0, 0.021000000000015007]",-0.5587430013762718,"[-2.5429330086890634, 0.004800878387606344]",12,5,60,10000
cpu,ptsans,2,grid_singleton,complete controlled sequence,1,94,submit_us,updated45,final,421.1875,422.77099999999996,418.83349999999996,420.79200000000003,-2.374500000000012,"[-11.083499999999987, 0.04200000000000159]",-0.5633707002623722,"[-2.5614124449587274, 0.009837982548921431]",12,5,60,10000
cpu,ptsans,2,grid_singleton,complete controlled sequence,1,94,complete_us,updated45,final,421.20849999999996,422.812,418.854,420.83349999999996,-2.396000000000015,"[-11.083000000000027, 0.04200000000000159]",-0.5684805422892902,"[-2.5610458707907346, 0.0098372188178375]",12,5,60,10000
cpu,ptsans,2,grid_two_phases,complete controlled sequence,2,188,draw_us,master,prior,805.9585,516.1665,805.9585,518.3125,-289.0834999999999,"[-295.0205, -282.8544999999999]",-35.82408461971505,"[-36.44252577231106, -35.06430447934946]",12,5,60,10000
cpu,ptsans,2,grid_two_phases,complete controlled sequence,2,188,submit_us,master,prior,806.2080000000001,516.3330000000001,806.2080000000001,518.521,-289.124,"[-295.02099999999996, -282.87499999999994]",-35.81882568095244,"[-36.436434122969914, -35.0561292228697]",12,5,60,10000
cpu,ptsans,2,grid_two_phases,complete controlled sequence,2,188,complete_us,master,prior,806.2705000000001,516.3955000000001,806.2705000000001,518.562,-289.12499999999994,"[-295.02049999999997, -282.8539999999999]",-35.815258880783915,"[-36.430345051677854, -35.05166348251045]",12,5,60,10000
cpu,ptsans,2,grid_two_phases,complete controlled sequence,2,188,draw_us,master,updated45,805.9585,524.9995,805.9585,523.917,-281.45799999999997,"[-292.9589999999999, -277.3335]",-34.82086799217381,"[-36.117490253876014, -34.750690607743955]",12,5,60,10000
cpu,ptsans,2,grid_two_phases,complete controlled sequence,2,188,submit_us,master,updated45,806.2080000000001,525.125,806.2080000000001,524.105,-281.4995,"[-293.02149999999995, -277.35400000000004]",-34.815177338486215,"[-36.109802214437266, -34.743293184364276]",12,5,60,10000
cpu,ptsans,2,grid_two_phases,complete controlled sequence,2,188,complete_us,master,updated45,806.2705000000001,525.208,806.2705000000001,524.188,-281.4575,"[-293.02149999999995, -277.37549999999993]",-34.8125060650161,"[-36.1079218816257, -34.73970977096337]",12,5,60,10000
cpu,ptsans,2,grid_two_phases,complete controlled sequence,2,188,draw_us,master,final,805.9585,513.7915,805.9585,515.771,-292.6454999999999,"[-297.39599999999996, -285.834]",-36.185033162050416,"[-36.6800175976543, -35.67436786553892]",12,5,60,10000
cpu,ptsans,2,grid_two_phases,complete controlled sequence,2,188,submit_us,master,final,806.2080000000001,513.9585,806.2080000000001,515.9585,-292.687,"[-297.4375, -285.89650000000006]",-36.178357396811364,"[-36.67378785923036, -35.66848930514222]",12,5,60,10000
cpu,ptsans,2,grid_two_phases,complete controlled sequence,2,188,complete_us,master,final,806.2705000000001,514.0215,806.2705000000001,516.0,-292.70799999999997,"[-297.41650000000004, -285.93799999999993]",-36.1713441955409,"[-36.66937451857653, -35.67516597508832]",12,5,60,10000
cpu,ptsans,2,grid_two_phases,complete controlled sequence,2,188,draw_us,prior,updated45,516.1665,524.9995,518.3125,523.917,7.875500000000045,"[-3.334000000000003, 13.77150000000006]",1.5332155736437203,"[-0.6397887264640134, 2.668674019219841]",12,5,60,10000
cpu,ptsans,2,grid_two_phases,complete controlled sequence,2,188,submit_us,prior,updated45,516.3330000000001,525.125,518.521,524.105,7.874999999999943,"[-3.4174999999999613, 13.72999999999999]",1.5324225126566282,"[-0.6554164906173054, 2.659563377411467]",12,5,60,10000
cpu,ptsans,2,grid_two_phases,complete controlled sequence,2,188,complete_us,prior,updated45,516.3955000000001,525.208,518.562,524.188,7.896500000000003,"[-3.375499999999988, 13.70900000000006]",1.5363724898576625,"[-0.6473686118470823, 2.6551047052639887]",12,5,60,10000
cpu,ptsans,2,grid_two_phases,complete controlled sequence,2,188,draw_us,prior,final,516.1665,513.7915,518.3125,515.771,-1.5624999999999432,"[-5.895499999999913, 5.166499999999985]",-0.30308310487309753,"[-1.137379221470164, 0.9898303412524956]",12,5,60,10000
cpu,ptsans,2,grid_two_phases,complete controlled sequence,2,188,submit_us,prior,final,516.3330000000001,513.9585,518.521,515.9585,-1.6045000000000016,"[-5.9375, 5.2070000000000505]",-0.31111735968134546,"[-1.145029108753426, 0.9972447244262272]",12,5,60,10000
cpu,ptsans,2,grid_two_phases,complete controlled sequence,2,188,complete_us,prior,final,516.3955000000001,514.0215,518.562,516.0,-1.6044999999999163,"[-5.937000000000012, 5.144999999999982]",-0.3110647137686495,"[-1.1448347685852178, 0.9851702359810144]",12,5,60,10000
cpu,ptsans,2,grid_two_phases,complete controlled sequence,2,188,draw_us,updated45,final,524.9995,513.7915,523.917,515.771,-8.770500000000084,"[-12.644999999999925, -2.874999999999943]",-1.6557040608917994,"[-2.3980153214413438, -0.5510505959047063]",12,5,60,10000
cpu,ptsans,2,grid_two_phases,complete controlled sequence,2,188,submit_us,updated45,final,525.125,513.9585,524.105,515.9585,-8.791499999999985,"[-12.666499999999928, -2.895500000000027]",-1.6591298190761938,"[-2.4010530340365985, -0.5547569812650033]",12,5,60,10000
cpu,ptsans,2,grid_two_phases,complete controlled sequence,2,188,complete_us,updated45,final,525.208,514.0215,524.188,516.0,-8.79200000000003,"[-12.708499999999958, -2.895999999999958]",-1.6589939554646327,"[-2.4086551710303548, -0.5547661933208159]",12,5,60,10000
cpu,ptsans,2,grid_unique_sizes,complete controlled sequence,32,3008,draw_us,master,prior,12039.790496000001,11750.896,12057.565008000001,11774.477488,-256.1230079999996,"[-362.50150399999984, -181.8095200000007]",-2.1165462574699587,"[-3.004834962293046, -1.5255990330977909]",12,5,60,10000
cpu,ptsans,2,grid_unique_sizes,complete controlled sequence,32,3008,submit_us,master,prior,12042.166000000001,11753.083504,12060.063504,11776.854,-256.5429919999997,"[-362.6914880000013, -182.08348800000113]",-2.119592194012754,"[-3.00581970771322, -1.527593466601651]",12,5,60,10000
cpu,ptsans,2,grid_unique_sizes,complete controlled sequence,32,3008,complete_us,master,prior,12042.959504,11754.124,12061.148000000001,11777.936496,-256.47800000000007,"[-362.64851199999976, -182.2895039999994]",-2.118856338168773,"[-3.005220167587519, -1.5291971708787433]",12,5,60,10000
cpu,ptsans,2,grid_unique_sizes,complete controlled sequence,32,3008,draw_us,master,updated45,12039.790496000001,11877.376,12057.565008000001,11835.645008,-174.4359999999997,"[-270.72800000000007, -134.4985119999992]",-1.4555462206586045,"[-2.2306662677827327, -1.1153118878357682]",12,5,60,10000
cpu,ptsans,2,grid_unique_sizes,complete controlled sequence,32,3008,submit_us,master,updated45,12042.166000000001,11879.542512,12060.063504,11837.604496,-174.85399999999936,"[-270.8739999999998, -135.00099200000022]",-1.4587114712229676,"[-2.2314412581070755, -1.1192597424174389]",12,5,60,10000
cpu,ptsans,2,grid_unique_sizes,complete controlled sequence,32,3008,complete_us,master,updated45,12042.959504,11880.542992,12061.148000000001,11838.728512000002,-174.83398399999987,"[-270.7904959999996, -134.93598399999973]",-1.4584078694689029,"[-2.230574013776787, -1.1186123151438632]",12,5,60,10000
cpu,ptsans,2,grid_unique_sizes,complete controlled sequence,32,3008,draw_us,master,final,12039.790496000001,11775.168496,12057.565008000001,11810.709504,-225.28851200000008,"[-259.125008, -182.1870080000008]",-1.8565086465296032,"[-2.1480442841410765, -1.5166264241696703]",12,5,60,10000
cpu,ptsans,2,grid_unique_sizes,complete controlled sequence,32,3008,submit_us,master,final,12042.166000000001,11777.478,12060.063504,11813.002,-225.66499199999907,"[-259.30049600000075, -182.49948800000038]",-1.8592228949678158,"[-2.1490836870274865, -1.5189182412587654]",12,5,60,10000
cpu,ptsans,2,grid_unique_sizes,complete controlled sequence,32,3008,complete_us,master,final,12042.959504,11778.520496000001,12061.148000000001,11813.814512,-225.66099200000008,"[-259.41999999999916, -182.37348800000018]",-1.8590249604508002,"[-2.1499153870037704, -1.5177392110880428]",12,5,60,10000
cpu,ptsans,2,grid_unique_sizes,complete controlled sequence,32,3008,draw_us,prior,updated45,11750.896,11877.376,11774.477488,11835.645008,74.0415039999998,"[1.75, 195.1464960000003]",0.6309454524078828,"[0.015264980772417003, 1.6733831533715327]",12,5,60,10000
cpu,ptsans,2,grid_unique_sizes,complete controlled sequence,32,3008,submit_us,prior,updated45,11753.083504,11879.542512,11776.854,11837.604496,73.93449600000076,"[2.2099840000000768, 195.04348800000025]",0.6299133373264931,"[0.019173268684474776, 1.6721877956210607]",12,5,60,10000
cpu,ptsans,2,grid_unique_sizes,complete controlled sequence,32,3008,complete_us,prior,updated45,11754.124,11880.542992,11777.936496,11838.728512000002,73.89550400000007,"[2.459008000000722, 195.14500800000042]",0.6295208643088301,"[0.0213096301851734, 1.672910110019421]",12,5,60,10000
cpu,ptsans,2,grid_unique_sizes,complete controlled sequence,32,3008,draw_us,prior,final,11750.896,11775.168496,11774.477488,11810.709504,66.02350399999978,"[-8.312992000000122, 88.06299200000012]",0.5577948536824251,"[-0.07023311331683657, 0.7522703535600916]",12,5,60,10000
cpu,ptsans,2,grid_unique_sizes,complete controlled sequence,32,3008,submit_us,prior,final,11753.083504,11777.478,11776.854,11813.002,66.3159999999998,"[-8.581999999999425, 87.95699200000035]",0.5601697514453274,"[-0.07250452652600714, 0.7512307929626427]",12,5,60,10000
cpu,ptsans,2,grid_unique_sizes,complete controlled sequence,32,3008,complete_us,prior,final,11754.124,11778.520496000001,11777.936496,11813.814512,66.12899199999993,"[-8.581999999999425, 87.72952000000078]",0.5585343471431914,"[-0.0724962343649882, 0.749206933230151]",12,5,60,10000
cpu,ptsans,2,grid_unique_sizes,complete controlled sequence,32,3008,draw_us,updated45,final,11877.376,11775.168496,11835.645008,11810.709504,-73.00249600000006,"[-109.06100799999967, 55.89750400000048]",-0.6248059173611542,"[-0.919624024329796, 0.473182366523639]",12,5,60,10000
cpu,ptsans,2,grid_unique_sizes,complete controlled sequence,32,3008,submit_us,updated45,final,11879.542512,11777.478,11837.604496,11813.002,-73.1484959999998,"[-108.92000000000007, 55.87151999999969]",-0.6259341020301568,"[-0.9182744843235169, 0.4728625905021988]",12,5,60,10000
cpu,ptsans,2,grid_unique_sizes,complete controlled sequence,32,3008,complete_us,updated45,final,11880.542992,11778.520496000001,11838.728512000002,11813.814512,-73.00348799999938,"[-109.27051200000005, 55.89499199999955]",-0.624643508788636,"[-0.921145520172928, 0.47302020454369487]",12,5,60,10000
cpu,ptsans,2,grid_unique_variations,complete controlled sequence,32,3008,draw_us,master,prior,7967.210016,5563.0844959999995,7971.250512,5561.649008,-2400.706992,"[-2487.915504, -2383.56]",-30.174561288715466,"[-30.783253725772617, -29.851433531006393]",12,5,60,10000
cpu,ptsans,2,grid_unique_variations,complete controlled sequence,32,3008,submit_us,master,prior,7969.585999999999,5565.252,7973.793008000001,5563.980496,-2401.166496,"[-2488.4350240000003, -2383.707504]",-30.168408709414745,"[-30.77976172945034, -29.84649566201329]",12,5,60,10000
cpu,ptsans,2,grid_unique_variations,complete controlled sequence,32,3008,complete_us,master,prior,7970.4825120000005,5566.1875039999995,7974.814496000001,5564.876,-2401.356,"[-2488.331488, -2383.5]",-30.16362090425508,"[-30.77484098680339, -29.841820897445288]",12,5,60,10000
cpu,ptsans,2,grid_unique_variations,complete controlled sequence,32,3008,draw_us,master,updated45,7967.210016,5634.563504,7971.250512,5626.541504,-2305.874992,"[-2370.6685279999997, -2269.1905119999997]",-29.19416486525669,"[-29.62071748626898, -28.63020529122055]",12,5,60,10000
cpu,ptsans,2,grid_unique_variations,complete controlled sequence,32,3008,submit_us,master,updated45,7969.585999999999,5636.916496,7973.793008000001,5628.601504,-2306.0414880000003,"[-2370.9615200000003, -2269.433488]",-29.18819042234655,"[-29.614562356022624, -28.624442085610447]",12,5,60,10000
cpu,ptsans,2,grid_unique_variations,complete controlled sequence,32,3008,complete_us,master,updated45,7970.4825120000005,5637.896000000001,7974.814496000001,5629.644992,-2305.832512,"[-2370.838, -2269.418]",-29.182625816157586,"[-29.61141992352102, -28.620634296632563]",12,5,60,10000
cpu,ptsans,2,grid_unique_variations,complete controlled sequence,32,3008,draw_us,master,final,7967.210016,5581.251488,7971.250512,5604.269504,-2403.438016,"[-2435.562992, -2313.231504]",-30.082274018162288,"[-30.621974918843506, -29.392787289978862]",12,5,60,10000
cpu,ptsans,2,grid_unique_variations,complete controlled sequence,32,3008,submit_us,master,final,7969.585999999999,5583.396000000001,7973.793008000001,5606.625504,-2403.6674879999996,"[-2435.857008, -2314.0440000000003]",-30.075478511787423,"[-30.618170377794513, -29.390290695472963]",12,5,60,10000
cpu,ptsans,2,grid_unique_variations,complete controlled sequence,32,3008,complete_us,master,final,7970.4825120000005,5584.354,7974.814496000001,5607.728,-2403.5010080000006,"[-2436.021984, -2314.21]",-30.071297310182892,"[-30.616761897770665, -29.388720886330916]",12,5,60,10000
cpu,ptsans,2,grid_unique_variations,complete controlled sequence,32,3008,draw_us,prior,updated45,5563.0844959999995,5634.563504,5561.649008,5626.541504,69.24851199999966,"[35.31099200000017, 148.62299200000007]",1.24655186604542,"[0.6268410922556034, 2.658555449838018]",12,5,60,10000
cpu,ptsans,2,grid_unique_variations,complete controlled sequence,32,3008,submit_us,prior,updated45,5565.252,5636.916496,5563.980496,5628.601504,69.03900799999974,"[35.53948799999989, 149.02150400000028]",1.242280453947353,"[0.6306454911892412, 2.6647275349043653]",12,5,60,10000
cpu,ptsans,2,grid_unique_variations,complete controlled sequence,32,3008,complete_us,prior,updated45,5566.1875039999995,5637.896000000001,5564.876,5629.644992,69.0829920000001,"[35.60348799999974, 148.8929919999996]",1.2428525051952022,"[0.6316767472343776, 2.661902376162273]",12,5,60,10000
cpu,ptsans,2,grid_unique_variations,complete controlled sequence,32,3008,draw_us,prior,final,5563.0844959999995,5581.251488,5561.649008,5604.269504,9.51950399999987,"[-19.084992000000057, 70.68699199999992]",0.170092341052952,"[-0.34665878632796354, 1.271764327720426]",12,5,60,10000
cpu,ptsans,2,grid_unique_variations,complete controlled sequence,32,3008,submit_us,prior,final,5565.252,5583.396000000001,5563.980496,5606.625504,9.627008000000387,"[-19.04249600000003, 70.9770080000003]",0.17194984630920507,"[-0.34577338696631377, 1.276491225950671]",12,5,60,10000
cpu,ptsans,2,grid_unique_variations,complete controlled sequence,32,3008,complete_us,prior,final,5566.1875039999995,5584.354,5564.876,5607.728,9.606991999999536,"[-18.998000000000047, 70.870496]",0.17155428964301112,"[-0.3449358181385809, 1.2743402407155657]",12,5,60,10000
cpu,ptsans,2,grid_unique_variations,complete controlled sequence,32,3008,draw_us,updated45,final,5634.563504,5581.251488,5626.541504,5604.269504,-55.374992000000475,"[-98.64900799999987, -27.06300800000008]",-0.976278548071402,"[-1.7175879110122139, -0.49161848377946016]",12,5,60,10000
cpu,ptsans,2,grid_unique_variations,complete controlled sequence,32,3008,submit_us,updated45,final,5636.916496,5583.396000000001,5628.601504,5606.625504,-55.37647999999945,"[-98.77048000000013, -27.496991999999864]",-0.9759168007360985,"[-1.7190643883735646, -0.4992566427729439]",12,5,60,10000
cpu,ptsans,2,grid_unique_variations,complete controlled sequence,32,3008,complete_us,updated45,final,5637.896000000001,5584.354,5629.644992,5607.728,-55.478991999999835,"[-99.02249600000005, -27.334015999999792]",-0.9775130452335745,"[-1.7231055074076351, -0.496209019309396]",12,5,60,10000
cpu,ptsans,2,text,sum of reported phases; excludes 119 unreported warmup frames,88,7114,draw_us,master,prior,101753.249996,93931.8320055,101471.47900050001,93923.5210105,-7605.9769925,"[-7949.315998500002, -7412.51949150001]",-7.464647060488772,"[-7.812416617183866, -7.308944514249216]",12,5,60,10000
cpu,ptsans,2,text,sum of reported phases; excludes 119 unreported warmup frames,88,7114,submit_us,master,prior,101790.558002,93969.3500025,101510.4369925,93960.46050049999,-7609.396496499998,"[-7951.710511500001, -7410.809998000004]",-7.465051533840955,"[-7.81181334070577, -7.307877548372755]",12,5,60,10000
cpu,ptsans,2,text,sum of reported phases; excludes 119 unreported warmup frames,88,7114,complete_us,master,prior,101792.28698850001,93971.141497,101512.2500085,93962.208497,-7610.07849,"[-7951.3789999999935, -7410.184490500003]",-7.465542750974102,"[-7.811361426984203, -7.307730587564554]",12,5,60,10000
cpu,ptsans,2,text,sum of reported phases; excludes 119 unreported warmup frames,88,7114,draw_us,master,updated45,101753.249996,94418.70401,101471.47900050001,94325.2670045,-7122.125007499992,"[-7427.793995000007, -6865.687492500001]",-7.025886732900172,"[-7.299478060352499, -6.701760802267781]",12,5,60,10000
cpu,ptsans,2,text,sum of reported phases; excludes 119 unreported warmup frames,88,7114,submit_us,master,updated45,101790.558002,94455.769999,101510.4369925,94361.5015,-7125.764510000001,"[-7428.60100100001, -6866.502986000007]",-7.025557047775294,"[-7.297585396636386, -6.699990237647557]",12,5,60,10000
cpu,ptsans,2,text,sum of reported phases; excludes 119 unreported warmup frames,88,7114,complete_us,master,updated45,101792.28698850001,94457.5615055,101512.2500085,94363.183502,-7126.8520004999955,"[-7428.685501999986, -6866.2919994999975]",-7.026047874332231,"[-7.297542380168071, -6.699587504784333]",12,5,60,10000
cpu,ptsans,2,text,sum of reported phases; excludes 119 unreported warmup frames,88,7114,draw_us,master,final,101753.249996,94601.2519995,101471.47900050001,94548.458505,-7063.558994000006,"[-7435.731010500007, -6851.704506999995]",-7.0017230740144045,"[-7.312503635920475, -6.758607640300424]",12,5,60,10000
cpu,ptsans,2,text,sum of reported phases; excludes 119 unreported warmup frames,88,7114,submit_us,master,final,101790.558002,94638.5404955,101510.4369925,94584.1485,-7063.536495,"[-7438.165998500001, -6854.789013000009]",-6.999161631867445,"[-7.309149163196277, -6.756412745031615]",12,5,60,10000
cpu,ptsans,2,text,sum of reported phases; excludes 119 unreported warmup frames,88,7114,complete_us,master,final,101792.28698850001,94640.6830095,101512.2500085,94586.2665045,-7063.181500999999,"[-7438.128004500002, -6855.5830059999935]",-6.9986829822255014,"[-7.308721855643425, -6.75662936888346]",12,5,60,10000
cpu,ptsans,2,text,sum of reported phases; excludes 119 unreported warmup frames,88,7114,draw_us,prior,updated45,93931.8320055,94418.70401,93923.5210105,94325.2670045,420.33599399999366,"[69.81349250001222, 565.0200060000134]",0.44482752685000015,"[0.07454465025668044, 0.6042596065852779]",12,5,60,10000
cpu,ptsans,2,text,sum of reported phases; excludes 119 unreported warmup frames,88,7114,submit_us,prior,updated45,93969.3500025,94455.769999,93960.46050049999,94361.5015,420.8730069999947,"[67.67100750000827, 565.6034844999886]",0.44569337463833403,"[0.07285223974072275, 0.6045995739818233]",12,5,60,10000
cpu,ptsans,2,text,sum of reported phases; excludes 119 unreported warmup frames,88,7114,complete_us,prior,updated45,93971.141497,94457.5615055,93962.208497,94363.183502,420.7455035000021,"[67.27199450000626, 565.8520074999979]",0.4456360686874494,"[0.07251615263542122, 0.6048512678797136]",12,5,60,10000
cpu,ptsans,2,text,sum of reported phases; excludes 119 unreported warmup frames,88,7114,draw_us,prior,final,93931.8320055,94601.2519995,93923.5210105,94548.458505,749.2304970000041,"[267.58448900000076, 851.0650025000068]",0.8003592069968701,"[0.2840730653227874, 0.9029371897795513]",12,5,60,10000
cpu,ptsans,2,text,sum of reported phases; excludes 119 unreported warmup frames,88,7114,submit_us,prior,final,93969.3500025,94638.5404955,93960.46050049999,94584.1485,748.7539954999957,"[267.18902250000974, 849.9594934999986]",0.7995404371785808,"[0.2835385164859483, 0.9014067398746772]",12,5,60,10000
cpu,ptsans,2,text,sum of reported phases; excludes 119 unreported warmup frames,88,7114,complete_us,prior,final,93971.141497,94640.6830095,93962.208497,94586.2665045,748.3739894999962,"[267.2965014999936, 849.9190080000044]",0.7991157128680149,"[0.28364714455890727, 0.901346530814362]",12,5,60,10000
cpu,ptsans,2,text,sum of reported phases; excludes 119 unreported warmup frames,88,7114,draw_us,updated45,final,94418.70401,94601.2519995,94325.2670045,94548.458505,249.40001200000552,"[-313.3135020000045, 471.85650349999923]",0.26665420416411845,"[-0.32939130267573, 0.4993033607592956]",12,5,60,10000
cpu,ptsans,2,text,sum of reported phases; excludes 119 unreported warmup frames,88,7114,submit_us,updated45,final,94455.769999,94638.5404955,94361.5015,94584.1485,249.7124834999995,"[-313.2960110000058, 470.13150750000204]",0.26688666027794294,"[-0.329247077906869, 0.497303268988214]",12,5,60,10000
cpu,ptsans,2,text,sum of reported phases; excludes 119 unreported warmup frames,88,7114,complete_us,updated45,final,94457.5615055,94640.6830095,94363.183502,94586.2665045,249.7994850000032,"[-313.6085039999962, 470.2319950000019]",0.26697456184500146,"[-0.32956855228188364, 0.4974036758652267]",12,5,60,10000
cpu,stock,2,demo,sum of reported phases; excludes 119 unreported warmup frames,65,5054,draw_us,master,prior,36881.543501,35817.348495,36757.373999,35706.188003999996,-1170.5395139999964,"[-1680.390994999998, -934.4354960000019]",-3.2539455473956203,"[-4.378310436884142, -2.536049298339588]",12,5,60,10000
cpu,stock,2,demo,sum of reported phases; excludes 119 unreported warmup frames,65,5054,submit_us,master,prior,36982.210494,35914.7635,36855.686506,35802.581007,-1172.0824790000006,"[-1690.6814980000017, -930.749491999999]",-3.2496096603031988,"[-4.392715948107739, -2.519210287702811]",12,5,60,10000
cpu,stock,2,demo,sum of reported phases; excludes 119 unreported warmup frames,65,5054,complete_us,master,prior,36983.645496,35916.684499,36857.062997,35804.104501,-1172.2509989999999,"[-1690.6614990000016, -930.8770029999978]",-3.249908766554377,"[-4.392473086197279, -2.5194557608375465]",12,5,60,10000
cpu,stock,2,demo,sum of reported phases; excludes 119 unreported warmup frames,65,5054,draw_us,master,updated45,36881.543501,35822.103501000005,36757.373999,35670.563993,-986.0035040000039,"[-1436.8745019999988, -736.3564969999934]",-2.6975857494062447,"[-3.909947809743053, -2.0329858807071277]",12,5,60,10000
cpu,stock,2,demo,sum of reported phases; excludes 119 unreported warmup frames,65,5054,submit_us,master,updated45,36982.210494,35915.062996,36855.686506,35768.790491,-987.3200120000001,"[-1433.1669949999996, -740.6649809999981]",-2.693958028131671,"[-3.8890477890249686, -2.03937199819097]",12,5,60,10000
cpu,stock,2,demo,sum of reported phases; excludes 119 unreported warmup frames,65,5054,complete_us,master,updated45,36983.645496,35916.586007000005,36857.062997,35770.313007000004,-987.1924990000007,"[-1433.3930140000048, -740.7044999999998]",-2.693511239622276,"[-3.889468556929693, -2.0394114680532818]",12,5,60,10000
cpu,stock,2,demo,sum of reported phases; excludes 119 unreported warmup frames,65,5054,draw_us,master,final,36881.543501,35827.665508000006,36757.373999,35892.811006,-867.024508999999,"[-1496.584993999997, -691.6669949999996]",-2.298907002913392,"[-4.064913010788279, -1.8947672481400557]",12,5,60,10000
cpu,stock,2,demo,sum of reported phases; excludes 119 unreported warmup frames,65,5054,submit_us,master,final,36982.210494,35926.312492,36855.686506,35989.958001,-870.5534849999967,"[-1497.3395049999963, -692.0645140000015]",-2.3021295739317993,"[-4.0557527327492515, -1.8845870642251183]",12,5,60,10000
cpu,stock,2,demo,sum of reported phases; excludes 119 unreported warmup frames,65,5054,complete_us,master,final,36983.645496,35928.001009,36857.062997,35991.584503000005,-870.381515000001,"[-1497.1065050000034, -691.7530039999947]",-2.3015822315429038,"[-4.054938686866133, -1.8850600231251124]",12,5,60,10000
cpu,stock,2,demo,sum of reported phases; excludes 119 unreported warmup frames,65,5054,draw_us,prior,updated45,35817.348495,35822.103501000005,35706.188003999996,35670.563993,77.03799000000436,"[-208.9975000000013, 423.74649800000043]",0.21603897310493725,"[-0.585955642756758, 1.2248819578124182]",12,5,60,10000
cpu,stock,2,demo,sum of reported phases; excludes 119 unreported warmup frames,65,5054,submit_us,prior,updated45,35914.7635,35915.062996,35802.581007,35768.790491,77.45599700000093,"[-206.60000799999762, 417.04299800000445]",0.21667655052035606,"[-0.5776451401516614, 1.2022972658912279]",12,5,60,10000
cpu,stock,2,demo,sum of reported phases; excludes 119 unreported warmup frames,65,5054,complete_us,prior,updated45,35916.684499,35916.586007000005,35804.104501,35770.313007000004,77.45649799999956,"[-206.68450000000303, 416.56400299999586]",0.21666718709423272,"[-0.5778544477126057, 1.2008620689396121]",12,5,60,10000
cpu,stock,2,demo,sum of reported phases; excludes 119 unreported warmup frames,65,5054,draw_us,prior,final,35817.348495,35827.665508000006,35706.188003999996,35892.811006,164.47650000000067,"[-391.29249199999686, 463.768501999999]",0.4740813271832178,"[-1.0941530345939754, 1.3094021980255999]",12,5,60,10000
cpu,stock,2,demo,sum of reported phases; excludes 119 unreported warmup frames,65,5054,submit_us,prior,final,35914.7635,35926.312492,35802.581007,35989.958001,157.333000000006,"[-388.00250899999446, 464.6664869999986]",0.4530977776865064,"[-1.0819888931714816, 1.308396609910667]",12,5,60,10000
cpu,stock,2,demo,sum of reported phases; excludes 119 unreported warmup frames,65,5054,complete_us,prior,final,35916.684499,35928.001009,35804.104501,35991.584503000005,157.68799699999727,"[-388.023503000004, 464.6494980000025]",0.45407297089632426,"[-1.0819964640621405, 1.3082887940903398]",12,5,60,10000
cpu,stock,2,demo,sum of reported phases; excludes 119 unreported warmup frames,65,5054,draw_us,updated45,final,35822.103501000005,35827.665508000006,35670.563993,35892.811006,103.12300700000196,"[-210.75199799999973, 266.5659909999995]",0.28646572188297803,"[-0.5874946870035036, 0.7318227487044582]",12,5,60,10000
cpu,stock,2,demo,sum of reported phases; excludes 119 unreported warmup frames,65,5054,submit_us,updated45,final,35915.062996,35926.312492,35768.790491,35989.958001,107.10349500000302,"[-207.2510000000002, 270.78599600000234]",0.2967295007618831,"[-0.5760774608023045, 0.7413035265521062]",12,5,60,10000
cpu,stock,2,demo,sum of reported phases; excludes 119 unreported warmup frames,65,5054,complete_us,updated45,final,35916.586007000005,35928.001009,35770.313007000004,35991.584503000005,106.93750700000237,"[-206.95750300000145, 271.1625009999989]",0.29625670981643926,"[-0.5752363736335087, 0.7423516793750196]",12,5,60,10000
cpu,stock,2,font_variations,sum of reported phases; excludes 119 unreported warmup frames,63,2138,draw_us,master,prior,10504.770499,10222.209502,10504.770499,10249.270492,-324.89650100000017,"[-403.04251900000054, -266.1614920000002]",-3.1593626112630058,"[-3.8218701832626047, -2.4776007425186988]",12,5,60,10000
cpu,stock,2,font_variations,sum of reported phases; excludes 119 unreported warmup frames,63,2138,submit_us,master,prior,10510.504004999999,10227.352493999999,10510.504004999999,10254.815491,-325.5410009999996,"[-404.16751099999965, -266.7100099999998]",-3.163885927240595,"[-3.8303048375763926, -2.4811086824796105]",12,5,60,10000
cpu,stock,2,font_variations,sum of reported phases; excludes 119 unreported warmup frames,63,2138,complete_us,master,prior,10511.938003,10229.125004,10511.938003,10256.419505999998,-326.10549999999967,"[-404.0609860000004, -266.8279939999993]",-3.1687574742470916,"[-3.82874081905355, -2.4818837999744825]",12,5,60,10000
cpu,stock,2,font_variations,sum of reported phases; excludes 119 unreported warmup frames,63,2138,draw_us,master,updated45,10504.770499,10241.956004,10504.770499,10201.687996,-312.93897899999956,"[-411.08198900000025, -261.0224989999997]",-2.920589618497804,"[-3.906622891047906, -2.5197262854341096]",12,5,60,10000
cpu,stock,2,font_variations,sum of reported phases; excludes 119 unreported warmup frames,63,2138,submit_us,master,updated45,10510.504004999999,10247.374511,10510.504004999999,10207.080992,-313.946011,"[-411.6410019999994, -261.72399099999984]",-2.926688339387906,"[-3.9098047061288614, -2.5265487852239197]",12,5,60,10000
cpu,stock,2,font_variations,sum of reported phases; excludes 119 unreported warmup frames,63,2138,complete_us,master,updated45,10511.938003,10249.162508,10511.938003,10208.499007999999,-313.4819980000002,"[-411.8940080000002, -261.7890069999994]",-2.926849509395002,"[-3.9115724244650654, -2.522226335784916]",12,5,60,10000
cpu,stock,2,font_variations,sum of reported phases; excludes 119 unreported warmup frames,63,2138,draw_us,master,final,10504.770499,10297.206504,10504.770499,10300.584992,-263.0380189999996,"[-380.78800499999943, -177.81699500000104]",-2.5034485091618985,"[-3.6661140913002432, -1.6544547526401887]",12,5,60,10000
cpu,stock,2,font_variations,sum of reported phases; excludes 119 unreported warmup frames,63,2138,submit_us,master,final,10510.504004999999,10302.770509000002,10510.504004999999,10306.294007,-263.37299899999925,"[-381.64550899999995, -178.61250699999982]",-2.5044762262045217,"[-3.668367498032504, -1.6608805431652163]",12,5,60,10000
cpu,stock,2,font_variations,sum of reported phases; excludes 119 unreported warmup frames,63,2138,complete_us,master,final,10511.938003,10304.539997,10511.938003,10307.94101,-263.14299800000026,"[-381.5184939999999, -178.41951599999993]",-2.4990116710419064,"[-3.666782853988681, -1.658873707881503]",12,5,60,10000
cpu,stock,2,font_variations,sum of reported phases; excludes 119 unreported warmup frames,63,2138,draw_us,prior,updated45,10222.209502,10241.956004,10249.270492,10201.687996,-20.648980999999367,"[-108.49598400000013, 44.916009000001395]",-0.1952479753837777,"[-1.0655343127354444, 0.45191180730844716]",12,5,60,10000
cpu,stock,2,font_variations,sum of reported phases; excludes 119 unreported warmup frames,63,2138,submit_us,prior,updated45,10227.352493999999,10247.374511,10254.815491,10207.080992,-20.711512000000766,"[-108.79198899999938, 44.61250699999982]",-0.1957488164256782,"[-1.0678543488275127, 0.4486752826017182]",12,5,60,10000
cpu,stock,2,font_variations,sum of reported phases; excludes 119 unreported warmup frames,63,2138,complete_us,prior,updated45,10229.125004,10249.162508,10256.419505999998,10208.499007999999,-20.46001200000046,"[-108.79400299999998, 44.396999000000505]",-0.19335074375135264,"[-1.067728094909065, 0.44643676914796204]",12,5,60,10000
cpu,stock,2,font_variations,sum of reported phases; excludes 119 unreported warmup frames,63,2138,draw_us,prior,final,10222.209502,10297.206504,10249.270492,10300.584992,65.31001500000002,"[8.563498000000436, 120.91899999999987]",0.6288900429070265,"[0.09220663076521252, 1.1505476002292792]",12,5,60,10000
cpu,stock,2,font_variations,sum of reported phases; excludes 119 unreported warmup frames,63,2138,submit_us,prior,final,10227.352493999999,10302.770509000002,10254.815491,10306.294007,65.20849499999986,"[8.87650399999984, 121.29501899999923]",0.6275026216829516,"[0.09551969277338812, 1.1537099872397594]",12,5,60,10000
cpu,stock,2,font_variations,sum of reported phases; excludes 119 unreported warmup frames,63,2138,complete_us,prior,final,10229.125004,10304.539997,10256.419505999998,10307.94101,65.45498599999974,"[8.916004000001521, 121.33449699999983]",0.6297305826382549,"[0.09593981045117328, 1.15393154332748]",12,5,60,10000
cpu,stock,2,font_variations,sum of reported phases; excludes 119 unreported warmup frames,63,2138,draw_us,updated45,final,10241.956004,10297.206504,10201.687996,10300.584992,65.26698699999997,"[5.356492999999318, 255.0189939999991]",0.6361932742157683,"[0.05052777378729556, 2.523466623456483]",12,5,60,10000
cpu,stock,2,font_variations,sum of reported phases; excludes 119 unreported warmup frames,63,2138,submit_us,updated45,final,10247.374511,10302.770509000002,10207.080992,10306.294007,65.2019990000008,"[6.100983999999698, 255.0640029999986]",0.6352340819522628,"[0.058030753707016824, 2.5225602865861174]",12,5,60,10000
cpu,stock,2,font_variations,sum of reported phases; excludes 119 unreported warmup frames,63,2138,complete_us,updated45,final,10249.162508,10304.539997,10208.499007999999,10307.94101,64.87299799999982,"[6.416997000000265, 255.4339910000008]",0.6319235758481034,"[0.061209467209749624, 2.5258913114529213]",12,5,60,10000
cpu,stock,2,grid_pollution,complete controlled sequence,67,6298,draw_us,master,prior,13367.603992,12737.874508,13356.250508000001,12737.979996,-654.4350039999999,"[-747.6020080000008, -519.8970080000008]",-4.738718775943224,"[-5.543710075623665, -3.8965281658043747]",12,5,60,10000
cpu,stock,2,grid_pollution,complete controlled sequence,67,6298,submit_us,master,prior,13371.980500000001,12741.731983999998,13360.415988,12741.731983999998,-652.4140120000002,"[-748.1385200000013, -520.0169640000013]",-4.723067343094295,"[-5.545924639105371, -3.8962499919524496]",12,5,60,10000
cpu,stock,2,grid_pollution,complete controlled sequence,67,6298,complete_us,master,prior,13373.209496,12743.211516,13363.604012,12743.211516,-652.6850160000004,"[-748.0979800000005, -521.9380120000005]",-4.7245644072503925,"[-5.545032658910443, -3.909644689774577]",12,5,60,10000
cpu,stock,2,grid_pollution,complete controlled sequence,67,6298,draw_us,master,updated45,13367.603992,12738.501972,13356.250508000001,12717.958508,-626.1670040000017,"[-844.2034960000001, -434.3105000000005]",-4.68868305732944,"[-6.122131129328128, -3.3425944032581203]",12,5,60,10000
cpu,stock,2,grid_pollution,complete controlled sequence,67,6298,submit_us,master,updated45,13371.980500000001,12742.711019999999,13360.415988,12722.019504,-626.1850080000004,"[-844.8974959999996, -434.28846799999974]",-4.687353222717178,"[-6.125051498305329, -3.341403386626529]",12,5,60,10000
cpu,stock,2,grid_pollution,complete controlled sequence,67,6298,complete_us,master,updated45,13373.209496,12744.104992,13363.604012,12723.4355,-628.1040200000007,"[-845.044492, -434.43401599999925]",-4.700605997211837,"[-6.1255091741278855, -3.3421269705115164]",12,5,60,10000
cpu,stock,2,grid_pollution,complete controlled sequence,67,6298,draw_us,master,final,13367.603992,12794.02198,13356.250508000001,12764.543496,-619.667996000001,"[-729.1654800000006, -435.7054960000023]",-4.6144412420139,"[-5.436511840428632, -3.2953340473509343]",12,5,60,10000
cpu,stock,2,grid_pollution,complete controlled sequence,67,6298,submit_us,master,final,13371.980500000001,12797.832,13360.415988,12768.477492,-619.8494960000007,"[-729.3515279999992, -435.39849200000117]",-4.614342194555727,"[-5.436180373281996, -3.292053101142778]",12,5,60,10000
cpu,stock,2,grid_pollution,complete controlled sequence,67,6298,complete_us,master,final,13373.209496,12799.311004,13363.604012,12769.9995,-621.5990039999997,"[-729.355004, -435.83251999999993]",-4.626267784728627,"[-5.435640584649682, -3.29491331735941]",12,5,60,10000
cpu,stock,2,grid_pollution,complete controlled sequence,67,6298,draw_us,prior,updated45,12737.874508,12738.501972,12737.979996,12717.958508,-32.72851600000013,"[-89.85248400000091, 58.7705160000005]",-0.2572874125339242,"[-0.7020540933276143, 0.47557092859022987]",12,5,60,10000
cpu,stock,2,grid_pollution,complete controlled sequence,67,6298,submit_us,prior,updated45,12741.731983999998,12742.711019999999,12741.731983999998,12722.019504,-32.47699199999988,"[-89.6330280000002, 58.255527999999686]",-0.25523011555921293,"[-0.7001296948507596, 0.4713990725508488]",12,5,60,10000
cpu,stock,2,grid_pollution,complete controlled sequence,67,6298,complete_us,prior,updated45,12743.211516,12744.104992,12743.211516,12723.4355,-32.396028000000115,"[-89.79800399999931, 58.20751200000086]",-0.2545686294417038,"[-0.7013468680996782, 0.4709433404363139]",12,5,60,10000
cpu,stock,2,grid_pollution,complete controlled sequence,67,6298,draw_us,prior,final,12737.874508,12794.02198,12737.979996,12764.543496,-10.560488000000078,"[-119.37398400000075, 117.72850799999924]",-0.08320395367265587,"[-0.944419132325941, 0.9233895856770369]",12,5,60,10000
cpu,stock,2,grid_pollution,complete controlled sequence,67,6298,submit_us,prior,final,12741.731983999998,12797.832,12741.731983999998,12768.477492,-10.212515999999596,"[-118.68702800000119, 118.16251200000079]",-0.08044223617128532,"[-0.9385686376475022, 0.9265069344502996]",12,5,60,10000
cpu,stock,2,grid_pollution,complete controlled sequence,67,6298,complete_us,prior,final,12743.211516,12799.311004,12743.211516,12769.9995,-10.234511999999995,"[-118.85551599999962, 118.12648000000081]",-0.08060739899696245,"[-0.9398198004103075, 0.9261248036969594]",12,5,60,10000
cpu,stock,2,grid_pollution,complete controlled sequence,67,6298,draw_us,updated45,final,12738.501972,12794.02198,12717.958508,12764.543496,21.795971999999892,"[-50.835988000000725, 187.06198799999947]",0.17226072690516014,"[-0.3968459597438301, 1.4723454007904313]",12,5,60,10000
cpu,stock,2,grid_pollution,complete controlled sequence,67,6298,submit_us,updated45,final,12742.711019999999,12797.832,12722.019504,12768.477492,21.66646800000035,"[-50.69450799999959, 187.79649599999993]",0.17118299203091603,"[-0.3956403563622979, 1.4776713120155605]",12,5,60,10000
cpu,stock,2,grid_pollution,complete controlled sequence,67,6298,complete_us,updated45,final,12744.104992,12799.311004,12723.4355,12769.9995,21.561507999999776,"[-50.814979999998286, 187.75601600000118]",0.1703367507914999,"[-0.3965229410254678, 1.4771886907818388]",12,5,60,10000
cpu,stock,2,grid_singleton,complete controlled sequence,1,94,draw_us,master,prior,246.125,189.91649999999998,244.14600000000002,189.60399999999998,-55.5625,"[-67.2705, -51.438]",-22.38391374718046,"[-25.971443846227608, -21.439824720380805]",12,5,60,10000
cpu,stock,2,grid_singleton,complete controlled sequence,1,94,submit_us,master,prior,246.27100000000002,190.0625,244.27100000000002,189.75,-55.5625,"[-67.29149999999998, -51.438]",-22.366042455895013,"[-25.958885120169406, -21.428799174767462]",12,5,60,10000
cpu,stock,2,grid_singleton,complete controlled sequence,1,94,complete_us,master,prior,246.3125,190.08350000000002,244.3125,189.792,-55.542,"[-67.3335, -51.417]",-22.370616855247675,"[-25.97089559421478, -21.418230024498058]",12,5,60,10000
cpu,stock,2,grid_singleton,complete controlled sequence,1,94,draw_us,master,updated45,246.125,184.312,244.14600000000002,184.312,-60.041,"[-65.334, -58.0835]",-24.62053367359782,"[-26.297954379611014, -23.956990293444107]",12,5,60,10000
cpu,stock,2,grid_singleton,complete controlled sequence,1,94,submit_us,master,updated45,246.27100000000002,184.458,244.27100000000002,184.458,-60.041,"[-65.3755, -58.1045]",-24.607917485043927,"[-26.29884803283395, -23.9531782047452]",12,5,60,10000
cpu,stock,2,grid_singleton,complete controlled sequence,1,94,complete_us,master,updated45,246.3125,184.458,244.3125,184.458,-60.0415,"[-65.3545, -58.104]",-24.612088089610033,"[-26.290612738716305, -23.951500792677017]",12,5,60,10000
cpu,stock,2,grid_singleton,complete controlled sequence,1,94,draw_us,master,final,246.125,188.375,244.14600000000002,189.04149999999998,-57.1255,"[-64.688, -52.688]",-22.89875364564663,"[-25.34433483195378, -22.19778899363841]",12,5,60,10000
cpu,stock,2,grid_singleton,complete controlled sequence,1,94,submit_us,master,final,246.27100000000002,188.5205,244.27100000000002,189.1875,-57.105000000000004,"[-64.6045, -52.667]",-22.887347769142714,"[-25.300876585841625, -22.17928358955245]",12,5,60,10000
cpu,stock,2,grid_singleton,complete controlled sequence,1,94,complete_us,master,final,246.3125,188.54149999999998,244.3125,189.20850000000002,-57.1255,"[-64.5835, -52.6875]",-22.877293721189417,"[-25.29307595510491, -22.18396253231414]",12,5,60,10000
cpu,stock,2,grid_singleton,complete controlled sequence,1,94,draw_us,prior,updated45,189.91649999999998,184.312,189.60399999999998,184.312,-5.374499999999998,"[-9.125500000000002, 1.0210000000000008]",-2.7491887870609633,"[-4.784540484746207, 0.6061427624530935]",12,5,60,10000
cpu,stock,2,grid_singleton,complete controlled sequence,1,94,submit_us,prior,updated45,190.0625,184.458,189.75,184.458,-5.395499999999998,"[-9.125500000000002, 1.0215000000000032]",-2.758310308951717,"[-4.780890077409728, 0.6068875676958574]",12,5,60,10000
cpu,stock,2,grid_singleton,complete controlled sequence,1,94,complete_us,prior,updated45,190.08350000000002,184.458,189.792,184.458,-5.395499999999998,"[-9.146500000000003, 1.0005000000000024]",-2.7577254324600786,"[-4.791308616522278, 0.5960909524503066]",12,5,60,10000
cpu,stock,2,grid_singleton,complete controlled sequence,1,94,draw_us,prior,final,189.91649999999998,188.375,189.60399999999998,189.04149999999998,-1.5835000000000008,"[-4.833500000000001, 7.167000000000002]",-0.8364805889994498,"[-2.5414238661786603, 3.831185834319095]",12,5,60,10000
cpu,stock,2,grid_singleton,complete controlled sequence,1,94,submit_us,prior,final,190.0625,188.5205,189.75,189.1875,-1.6045000000000016,"[-4.813000000000002, 7.271500000000003]",-0.8468994826051068,"[-2.5290751976963177, 3.883684593192449]",12,5,60,10000
cpu,stock,2,grid_singleton,complete controlled sequence,1,94,complete_us,prior,final,190.08350000000002,188.54149999999998,189.792,189.20850000000002,-1.6045000000000016,"[-4.813000000000002, 7.250500000000002]",-0.8468851571790004,"[-2.5287166195746114, 3.8710089632514433]",12,5,60,10000
cpu,stock,2,grid_singleton,complete controlled sequence,1,94,draw_us,updated45,final,184.312,188.375,184.312,189.04149999999998,4.854500000000002,"[2.2079999999999984, 7.729500000000002]",2.647207807262475,"[1.1701644621282203, 4.175743998175319]",12,5,60,10000
cpu,stock,2,grid_singleton,complete controlled sequence,1,94,submit_us,updated45,final,184.458,188.5205,184.458,189.1875,4.832999999999998,"[2.228999999999999, 7.770499999999998]",2.6330475513010265,"[1.1803174671737304, 4.195547456004489]",12,5,60,10000
cpu,stock,2,grid_singleton,complete controlled sequence,1,94,complete_us,updated45,final,184.458,188.54149999999998,184.458,189.20850000000002,4.853999999999999,"[2.228999999999999, 7.75]",2.644528168192839,"[1.180174107172105, 4.183925282200751]",12,5,60,10000
cpu,stock,2,grid_two_phases,complete controlled sequence,2,188,draw_us,master,prior,375.7085,280.5,375.041,276.0,-98.45799999999997,"[-102.91650000000004, -92.06300000000002]",-26.047696391402187,"[-27.114998563130953, -25.080779483050478]",12,5,60,10000
cpu,stock,2,grid_two_phases,complete controlled sequence,2,188,submit_us,master,prior,375.9165,280.7085,375.229,276.1875,-98.5,"[-102.91699999999997, -92.10499999999996]",-26.044368799786426,"[-27.101691999142375, -25.0771628154735]",12,5,60,10000
cpu,stock,2,grid_two_phases,complete controlled sequence,2,188,complete_us,master,prior,375.97950000000003,280.729,375.27049999999997,276.20849999999996,-98.47900000000001,"[-102.87550000000002, -92.126]",-26.031588348451656,"[-27.08927521229377, -25.07301297459117]",12,5,60,10000
cpu,stock,2,grid_two_phases,complete controlled sequence,2,188,draw_us,master,updated45,375.7085,291.313,375.041,291.95799999999997,-86.18699999999998,"[-98.18799999999996, -82.77099999999999]",-23.021539839943614,"[-25.638853074408463, -22.06969061709172]",12,5,60,10000
cpu,stock,2,grid_two_phases,complete controlled sequence,2,188,submit_us,master,updated45,375.9165,291.52099999999996,375.229,292.14549999999997,-86.31300000000002,"[-98.18800000000002, -82.81299999999999]",-23.021432332057046,"[-25.626043427679257, -22.06980332383945]",12,5,60,10000
cpu,stock,2,grid_two_phases,complete controlled sequence,2,188,complete_us,master,updated45,375.97950000000003,291.5625,375.27049999999997,292.208,-86.29149999999998,"[-98.22999999999999, -82.792]",-23.01504957020115,"[-25.63139084842252, -22.06177700938573]",12,5,60,10000
cpu,stock,2,grid_two_phases,complete controlled sequence,2,188,draw_us,master,final,375.7085,285.5005,375.041,284.584,-88.81199999999998,"[-103.39600000000002, -80.1035]",-23.374514199611525,"[-27.508883357039167, -21.706141528657575]",12,5,60,10000
cpu,stock,2,grid_two_phases,complete controlled sequence,2,188,submit_us,master,final,375.9165,285.709,375.229,284.834,-88.83349999999999,"[-103.459, -80.08349999999999]",-23.362064162323726,"[-27.50856010330694, -21.68937847246269]",12,5,60,10000
cpu,stock,2,grid_two_phases,complete controlled sequence,2,188,complete_us,master,final,375.97950000000003,285.7505,375.27049999999997,284.85450000000003,-88.79100000000003,"[-103.45849999999999, -80.12450000000001]",-23.359299362739492,"[-27.50557560427547, -21.69702708899777]",12,5,60,10000
cpu,stock,2,grid_two_phases,complete controlled sequence,2,188,draw_us,prior,updated45,280.5,291.313,276.0,291.95799999999997,8.66700000000003,"[-1.9584999999999866, 18.14500000000001]",3.1863064515085138,"[-0.6828538909274873, 6.621660190635625]",12,5,60,10000
cpu,stock,2,grid_two_phases,complete controlled sequence,2,188,submit_us,prior,updated45,280.7085,291.52099999999996,276.1875,292.14549999999997,8.66749999999999,"[-1.97950000000003, 18.10300000000001]",3.1847589623226424,"[-0.6894729863091198, 6.601925653637419]",12,5,60,10000
cpu,stock,2,grid_two_phases,complete controlled sequence,2,188,complete_us,prior,updated45,280.729,291.5625,276.20849999999996,292.208,8.646500000000032,"[-2.0209999999999866, 18.124000000000024]",3.176429184449514,"[-0.7037435796311498, 6.608388027106327]",12,5,60,10000
cpu,stock,2,grid_two_phases,complete controlled sequence,2,188,draw_us,prior,final,280.5,285.5005,276.0,284.584,5.978999999999985,"[-5.228499999999968, 15.292500000000047]",2.1607698301475575,"[-1.74551581166702, 5.668004232791413]",12,5,60,10000
cpu,stock,2,grid_two_phases,complete controlled sequence,2,188,submit_us,prior,final,280.7085,285.709,276.1875,284.834,6.021000000000015,"[-5.186999999999983, 15.334499999999991]",2.1744912358696133,"[-1.7310994666482116, 5.680189093216237]",12,5,60,10000
cpu,stock,2,grid_two_phases,complete controlled sequence,2,188,complete_us,prior,final,280.729,285.7505,276.20849999999996,284.85450000000003,6.042000000000002,"[-5.206999999999994, 15.313500000000005]",2.1818773204621666,"[-1.7371494950878141, 5.671251903284302]",12,5,60,10000
cpu,stock,2,grid_two_phases,complete controlled sequence,2,188,draw_us,updated45,final,291.313,285.5005,291.95799999999997,284.584,-3.9579999999999984,"[-9.645499999999998, 0.70799999999997]",-1.3391876173945605,"[-3.3585189622170217, 0.24171767210325323]",12,5,60,10000
cpu,stock,2,grid_two_phases,complete controlled sequence,2,188,submit_us,updated45,final,291.52099999999996,285.709,292.14549999999997,284.834,-3.9159999999999684,"[-9.645499999999998, 0.7284999999999968]",-1.3254989761711078,"[-3.3567501057003515, 0.24862527658539024]",12,5,60,10000
cpu,stock,2,grid_two_phases,complete controlled sequence,2,188,complete_us,updated45,final,291.5625,285.7505,292.208,284.85450000000003,-3.9155000000000086,"[-9.624499999999983, 0.7080000000000268]",-1.3251293638399386,"[-3.3489464343951614, 0.24154920201672758]",12,5,60,10000
cpu,stock,2,grid_unique_sizes,complete controlled sequence,32,3008,draw_us,master,prior,5849.27,5579.789504,5855.979504,5573.688,-280.0215040000003,"[-349.0219999999995, -237.83300800000052]",-4.787893377894031,"[-5.7222105698516215, -4.043519212669572]",12,5,60,10000
cpu,stock,2,grid_unique_sizes,complete controlled sequence,32,3008,submit_us,master,prior,5851.772992,5581.582512,5857.873503999999,5575.622512,-280.01699199999985,"[-349.0195039999994, -237.9174880000005]",-4.786248358906292,"[-5.724735573788864, -4.043608723657361]",12,5,60,10000
cpu,stock,2,grid_unique_sizes,complete controlled sequence,32,3008,complete_us,master,prior,5852.5,5582.312,5858.603488,5576.248512,-279.9964799999998,"[-349.29499199999964, -237.97700799999984]",-4.785351029645939,"[-5.7231519516948985, -4.044107068699237]",12,5,60,10000
cpu,stock,2,grid_unique_sizes,complete controlled sequence,32,3008,draw_us,master,updated45,5849.27,5619.668496,5855.979504,5618.396,-235.8575039999996,"[-284.5614879999998, -203.62451200000032]",-4.0399559059687675,"[-4.726491210260903, -3.479548935800464]",12,5,60,10000
cpu,stock,2,grid_unique_sizes,complete controlled sequence,32,3008,submit_us,master,updated45,5851.772992,5621.542992000001,5857.873503999999,5620.293487999999,-235.62351999999964,"[-284.8095040000003, -203.52102400000012]",-4.034697206772686,"[-4.728810538735195, -3.476675238691368]",12,5,60,10000
cpu,stock,2,grid_unique_sizes,complete controlled sequence,32,3008,complete_us,master,updated45,5852.5,5622.167504,5858.603488,5620.876496000001,-235.7939839999999,"[-284.7484959999997, -203.74750399999994]",-4.037083705418054,"[-4.727295633362938, -3.4800652586752245]",12,5,60,10000
cpu,stock,2,grid_unique_sizes,complete controlled sequence,32,3008,draw_us,master,final,5849.27,5565.354496,5855.979504,5545.3124960000005,-338.0435040000002,"[-394.18750400000044, -284.5210079999997]",-5.719565806989962,"[-6.526141734946911, -4.883392758402477]",12,5,60,10000
cpu,stock,2,grid_unique_sizes,complete controlled sequence,32,3008,submit_us,master,final,5851.772992,5567.311008,5857.873503999999,5547.271504,-338.00201599999946,"[-394.33099200000015, -284.4365120000002]",-5.720492703469493,"[-6.528198323345063, -4.880393774845671]",12,5,60,10000
cpu,stock,2,grid_unique_sizes,complete controlled sequence,32,3008,complete_us,master,final,5852.5,5567.874,5858.603488,5547.854512,-337.9409919999998,"[-394.22447999999986, -284.58299200000056]",-5.716986918232253,"[-6.528357171989157, -4.882254975070505]",12,5,60,10000
cpu,stock,2,grid_unique_sizes,complete controlled sequence,32,3008,draw_us,prior,updated45,5579.789504,5619.668496,5573.688,5618.396,25.312016000000312,"[-47.39598399999977, 57.79001599999992]",0.45227350156434865,"[-0.8297504349377538, 1.0133035169849203]",12,5,60,10000
cpu,stock,2,grid_unique_sizes,complete controlled sequence,32,3008,submit_us,prior,updated45,5581.582512,5621.542992000001,5575.622512,5620.293487999999,25.39998400000013,"[-47.37451200000032, 57.79499199999964]",0.4537074707328115,"[-0.8290898259742607, 1.013052527707714]",12,5,60,10000
cpu,stock,2,grid_unique_sizes,complete controlled sequence,32,3008,complete_us,prior,updated45,5582.312,5622.167504,5576.248512,5620.876496000001,25.378495999999814,"[-47.47950400000036, 57.64849600000025]",0.45324095078791427,"[-0.8307836059349372, 1.0103883089174204]",12,5,60,10000
cpu,stock,2,grid_unique_sizes,complete controlled sequence,32,3008,draw_us,prior,final,5579.789504,5565.354496,5573.688,5545.3124960000005,-23.394496000000345,"[-98.2709920000002, 11.874992000000475]",-0.4219299466423909,"[-1.709778644050658, 0.2148507337785821]",12,5,60,10000
cpu,stock,2,grid_unique_sizes,complete controlled sequence,32,3008,submit_us,prior,final,5581.582512,5567.311008,5575.622512,5547.271504,-23.41299200000003,"[-98.43950399999994, 11.850495999999566]",-0.4221336213278748,"[-1.7120334029829487, 0.21431306567470942]",12,5,60,10000
cpu,stock,2,grid_unique_sizes,complete controlled sequence,32,3008,complete_us,prior,final,5582.312,5567.874,5576.248512,5547.854512,-23.309487999999874,"[-98.4380000000001, 11.725503999999546]",-0.4201906772168085,"[-1.7118084047006488, 0.21204154993739177]",12,5,60,10000
cpu,stock,2,grid_unique_sizes,complete controlled sequence,32,3008,draw_us,updated45,final,5619.668496,5565.354496,5618.396,5545.3124960000005,-60.33300800000006,"[-114.10299200000009, 4.125984000000244]",-1.0785093943530166,"[-2.029694332518223, 0.07250349801368183]",12,5,60,10000
cpu,stock,2,grid_unique_sizes,complete controlled sequence,32,3008,submit_us,updated45,final,5621.542992000001,5567.311008,5620.293487999999,5547.271504,-60.34999999999991,"[-114.27249600000005, 4.123008000000027]",-1.0791919680316397,"[-2.0320060853810107, 0.07243048290879739]",12,5,60,10000
cpu,stock,2,grid_unique_sizes,complete controlled sequence,32,3008,complete_us,updated45,final,5622.167504,5567.874,5620.876496000001,5547.854512,-60.183504000000084,"[-114.10449600000038, 4.10150399999975]",-1.0738021140297982,"[-2.02879109241057, 0.07203239138870443]",12,5,60,10000
cpu,stock,2,grid_unique_variations,complete controlled sequence,32,3008,draw_us,master,prior,7896.272000000001,5507.436992,7863.167504,5510.353488,-2359.480496,"[-2555.8959839999998, -2236.3319999999994]",-29.89556919313148,"[-31.57158860886664, -29.11196449436822]",12,5,60,10000
cpu,stock,2,grid_unique_variations,complete controlled sequence,32,3008,submit_us,master,prior,7898.815008,5509.498992,7865.144,5512.414495999999,-2359.3799999999997,"[-2556.729488, -2236.5369920000003]",-29.88664214883941,"[-31.571512619873417, -29.105731260764006]",12,5,60,10000
cpu,stock,2,grid_unique_variations,complete controlled sequence,32,3008,complete_us,master,prior,7899.460512,5510.018,7865.854,5512.913488,-2359.5450080000005,"[-2556.6669920000004, -2236.4315039999997]",-29.885979928605938,"[-31.56823225151772, -29.103613294715394]",12,5,60,10000
cpu,stock,2,grid_unique_variations,complete controlled sequence,32,3008,draw_us,master,updated45,7896.272000000001,5518.520512,7863.167504,5512.541504000001,-2299.8139840000003,"[-2497.4374879999996, -2247.726016]",-29.37049144330683,"[-30.824859807694857, -28.86924212676476]",12,5,60,10000
cpu,stock,2,grid_unique_variations,complete controlled sequence,32,3008,submit_us,master,updated45,7898.815008,5520.500496000001,7865.144,5514.374496,-2300.208992,"[-2497.77448, -2248.057504]",-29.366165411221438,"[-30.820156839605655, -28.866954289757157]",12,5,60,10000
cpu,stock,2,grid_unique_variations,complete controlled sequence,32,3008,complete_us,master,updated45,7899.460512,5521.293008000001,7865.854,5515.125008,-2300.208,"[-2497.795008, -2247.8304959999996]",-29.3635103393272,"[-30.817784628204187, -28.862932847510727]",12,5,60,10000
cpu,stock,2,grid_unique_variations,complete controlled sequence,32,3008,draw_us,master,final,7896.272000000001,5477.289008,7863.167504,5479.437488,-2404.3779999999997,"[-2512.603488, -2258.104512]",-30.527984721374743,"[-31.099259736925433, -29.395810305598012]",12,5,60,10000
cpu,stock,2,grid_unique_variations,complete controlled sequence,32,3008,submit_us,master,final,7898.815008,5479.288992,7865.144,5481.397488,-2404.3715039999997,"[-2513.2949919999996, -2258.205504]",-30.52276989183318,"[-31.095113032443688, -29.38583227452888]",12,5,60,10000
cpu,stock,2,grid_unique_variations,complete controlled sequence,32,3008,complete_us,master,final,7899.460512,5479.830512,7865.854,5481.9195039999995,-2404.500992,"[-2513.231008, -2258.102]",-30.520761959411338,"[-31.09269238521667, -29.382677521423133]",12,5,60,10000
cpu,stock,2,grid_unique_variations,complete controlled sequence,32,3008,draw_us,prior,updated45,5507.436992,5518.520512,5510.353488,5512.541504000001,16.146991999999955,"[-50.25049600000011, 56.18801599999961]",0.29471799829963174,"[-0.9043542351828804, 1.0528858542604103]",12,5,60,10000
cpu,stock,2,grid_unique_variations,complete controlled sequence,32,3008,submit_us,prior,updated45,5509.498992,5520.500496000001,5512.414495999999,5514.374496,15.773503999999775,"[-50.33548800000017, 56.0430080000001]",0.287795634193877,"[-0.9055415696564539, 1.0498381865776785]",12,5,60,10000
cpu,stock,2,grid_unique_variations,complete controlled sequence,32,3008,complete_us,prior,updated45,5510.018,5521.293008000001,5512.913488,5515.125008,15.938015999999607,"[-50.21350399999983, 56.12700799999993]",0.2907659819952224,"[-0.9032447817527656, 1.0512234711590684]",12,5,60,10000
cpu,stock,2,grid_unique_variations,complete controlled sequence,32,3008,draw_us,prior,final,5507.436992,5477.289008,5510.353488,5479.437488,-12.773008000000118,"[-72.6039839999994, 9.375999999999749]",-0.23222640364951586,"[-1.300606443389124, 0.17147251355073]",12,5,60,10000
cpu,stock,2,grid_unique_variations,complete controlled sequence,32,3008,submit_us,prior,final,5509.498992,5479.288992,5512.414495999999,5481.397488,-12.898975999999948,"[-72.26398399999971, 9.108991999999489]",-0.23444814328039687,"[-1.2940685663097973, 0.16653000143908026]",12,5,60,10000
cpu,stock,2,grid_unique_variations,complete controlled sequence,32,3008,complete_us,prior,final,5510.018,5479.830512,5512.913488,5481.9195039999995,-12.837488000000121,"[-72.24748799999998, 9.191024000000198]",-0.233314196614004,"[-1.2936482950296646, 0.1680124883926548]",12,5,60,10000
cpu,stock,2,grid_unique_variations,complete controlled sequence,32,3008,draw_us,updated45,final,5518.520512,5477.289008,5512.541504000001,5479.437488,-18.894992000000002,"[-42.66601600000013, 4.980975999999828]",-0.34285691278880814,"[-0.7877846332395688, 0.0893574107699413]",12,5,60,10000
cpu,stock,2,grid_unique_variations,complete controlled sequence,32,3008,submit_us,updated45,final,5520.500496000001,5479.288992,5514.374496,5481.397488,-18.60700799999995,"[-42.37201600000026, 4.772976000000199]",-0.33795815921441874,"[-0.7820173137996267, 0.08559285932097094]",12,5,60,10000
cpu,stock,2,grid_unique_variations,complete controlled sequence,32,3008,complete_us,updated45,final,5521.293008000001,5479.830512,5515.125008,5481.9195039999995,-18.72950400000036,"[-42.43651200000022, 4.773503999999775]",-0.34012132518855265,"[-0.7830709429538396, 0.08555448307080438]",12,5,60,10000
cpu,stock,2,text,sum of reported phases; excludes 119 unreported warmup frames,88,"{""final"": 8083, ""master"": 8081, ""prior"": 8081, ""updated45"": 8081}",draw_us,master,prior,94672.2064855,91947.4390065,94783.18650350001,91830.7694925,-3176.7499979999993,"[-3931.564993, -2524.3075104999953]",-3.4170407780644894,"[-4.063504891267505, -2.684941942443586]",12,5,60,10000
cpu,stock,2,text,sum of reported phases; excludes 119 unreported warmup frames,88,"{""final"": 8083, ""master"": 8081, ""prior"": 8081, ""updated45"": 8081}",submit_us,master,prior,94710.1890025,91985.51799250001,94822.0239955,91868.35099100001,-3178.7304865000187,"[-3934.627999499993, -2523.5860020000036]",-3.4177630916950195,"[-4.064853574044847, -2.683045374639126]",12,5,60,10000
cpu,stock,2,text,sum of reported phases; excludes 119 unreported warmup frames,88,"{""final"": 8083, ""master"": 8081, ""prior"": 8081, ""updated45"": 8081}",complete_us,master,prior,94712.816995,91987.559489,94824.480002,91870.5605,-3178.6485124999963,"[-3934.584501000012, -2523.519510500002]",-3.4175844816734857,"[-4.0647345257974585, -2.6829043707482625]",12,5,60,10000
cpu,stock,2,text,sum of reported phases; excludes 119 unreported warmup frames,88,"{""final"": 8083, ""master"": 8081, ""prior"": 8081, ""updated45"": 8081}",draw_us,master,updated45,94672.2064855,92203.94050150001,94783.18650350001,92225.439993,-2257.5264950000055,"[-3137.1434834999964, -1574.1470030000055]",-2.372562863648736,"[-3.303619825171072, -1.6978112715825278]",12,5,60,10000
cpu,stock,2,text,sum of reported phases; excludes 119 unreported warmup frames,88,"{""final"": 8083, ""master"": 8081, ""prior"": 8081, ""updated45"": 8081}",submit_us,master,updated45,94710.1890025,92240.8364955,94822.0239955,92261.94249700001,-2259.883989999995,"[-3138.640501499991, -1577.3554955000072]",-2.374044403678904,"[-3.303868887474043, -1.7005630807897354]",12,5,60,10000
cpu,stock,2,text,sum of reported phases; excludes 119 unreported warmup frames,88,"{""final"": 8083, ""master"": 8081, ""prior"": 8081, ""updated45"": 8081}",complete_us,master,updated45,94712.816995,92243.2935035,94824.480002,92264.234002,-2259.358502499992,"[-3139.2259880000056, -1577.5684950000068]",-2.3734428122778093,"[-3.30439935241737, -1.7007628929684437]",12,5,60,10000
cpu,stock,2,text,sum of reported phases; excludes 119 unreported warmup frames,88,"{""final"": 8083, ""master"": 8081, ""prior"": 8081, ""updated45"": 8081}",draw_us,master,final,94672.2064855,92554.8310035,94783.18650350001,92399.8110055,-2382.54249900001,"[-2908.4350044999956, -1597.395485999994]",-2.513671970440096,"[-3.0566826596054586, -1.689606504270491]",12,5,60,10000
cpu,stock,2,text,sum of reported phases; excludes 119 unreported warmup frames,88,"{""final"": 8083, ""master"": 8081, ""prior"": 8081, ""updated45"": 8081}",submit_us,master,final,94710.1890025,92590.37449350001,94822.0239955,92436.332503,-2387.855487000008,"[-2908.7664974999934, -1600.789497999991]",-2.5181792457570626,"[-3.0558426055161956, -1.690889595602979]",12,5,60,10000
cpu,stock,2,text,sum of reported phases; excludes 119 unreported warmup frames,88,"{""final"": 8083, ""master"": 8081, ""prior"": 8081, ""updated45"": 8081}",complete_us,master,final,94712.816995,92592.9809995,94824.480002,92438.71049,-2387.855508000008,"[-2908.721491000004, -1599.793000500009]",-2.5181214426181375,"[-3.0557198355330053, -1.6903820671557657]",12,5,60,10000
cpu,stock,2,text,sum of reported phases; excludes 119 unreported warmup frames,88,"{""final"": 8083, ""master"": 8081, ""prior"": 8081, ""updated45"": 8081}",draw_us,prior,updated45,91947.4390065,92203.94050150001,91830.7694925,92225.439993,563.4374964999879,"[-37.7984964999996, 1406.0825009999971]",0.6133097088033668,"[-0.040779493358938934, 1.571981173973691]",12,5,60,10000
cpu,stock,2,text,sum of reported phases; excludes 119 unreported warmup frames,88,"{""final"": 8083, ""master"": 8081, ""prior"": 8081, ""updated45"": 8081}",submit_us,prior,updated45,91985.51799250001,92240.8364955,91868.35099100001,92261.94249700001,560.8360149999935,"[-38.9459904999967, 1405.479496500011]",0.6102190530211438,"[-0.0420166990920956, 1.5706686104524414]",12,5,60,10000
cpu,stock,2,text,sum of reported phases; excludes 119 unreported warmup frames,88,"{""final"": 8083, ""master"": 8081, ""prior"": 8081, ""updated45"": 8081}",complete_us,prior,updated45,91987.559489,92243.2935035,91870.5605,92264.234002,561.1049974999914,"[-39.07049799999368, 1405.0805084999956]",0.6104988009685619,"[-0.04215029314952323, 1.5701701450371641]",12,5,60,10000
cpu,stock,2,text,sum of reported phases; excludes 119 unreported warmup frames,88,"{""final"": 8083, ""master"": 8081, ""prior"": 8081, ""updated45"": 8081}",draw_us,prior,final,91947.4390065,92554.8310035,91830.7694925,92399.8110055,610.4385009999969,"[222.46549650000088, 1101.5440075000006]",0.6677546993610783,"[0.23746284902617099, 1.2308283725100844]",12,5,60,10000
cpu,stock,2,text,sum of reported phases; excludes 119 unreported warmup frames,88,"{""final"": 8083, ""master"": 8081, ""prior"": 8081, ""updated45"": 8081}",submit_us,prior,final,91985.51799250001,92590.37449350001,91868.35099100001,92436.332503,610.2955039999943,"[223.40402200000244, 1103.5439920000063]",0.6673273850157813,"[0.23827562033782446, 1.232591237800007]",12,5,60,10000
cpu,stock,2,text,sum of reported phases; excludes 119 unreported warmup frames,88,"{""final"": 8083, ""master"": 8081, ""prior"": 8081, ""updated45"": 8081}",complete_us,prior,final,91987.559489,92592.9809995,91870.5605,92438.71049,609.8139969999975,"[224.2325229999915, 1104.0374930000035]",0.6667832561216613,"[0.239159746230877, 1.2331041024272849]",12,5,60,10000
cpu,stock,2,text,sum of reported phases; excludes 119 unreported warmup frames,88,"{""final"": 8083, ""master"": 8081, ""prior"": 8081, ""updated45"": 8081}",draw_us,updated45,final,92203.94050150001,92554.8310035,92225.439993,92399.8110055,79.14798250000604,"[-478.01748450000014, 633.2889934999912]",0.08541349500204021,"[-0.5231729119575868, 0.6879799132798348]",12,5,60,10000
cpu,stock,2,text,sum of reported phases; excludes 119 unreported warmup frames,88,"{""final"": 8083, ""master"": 8081, ""prior"": 8081, ""updated45"": 8081}",submit_us,updated45,final,92240.8364955,92590.37449350001,92261.94249700001,92436.332503,77.62849599999754,"[-475.7050039999958, 636.1669970000003]",0.08374625156225557,"[-0.5203945557034739, 0.6908273027524614]",12,5,60,10000
cpu,stock,2,text,sum of reported phases; excludes 119 unreported warmup frames,88,"{""final"": 8083, ""master"": 8081, ""prior"": 8081, ""updated45"": 8081}",complete_us,updated45,final,92243.2935035,92592.9809995,92264.234002,92438.71049,77.75148749999789,"[-474.51602199999616, 636.3749940000052]",0.08388246997418358,"[-0.5190903806067904, 0.6910370079236783]",12,5,60,10000
cpu,vollkorn,2,demo,sum of reported phases; excludes 119 unreported warmup frames,65,5102,draw_us,master,prior,138710.06148600002,92691.0855,138123.27450499998,92639.670492,-45770.291996,"[-46377.607004, -45034.68799800001]",-33.08977062275102,"[-33.590686499961684, -32.59821567353245]",12,5,60,10000
cpu,vollkorn,2,demo,sum of reported phases; excludes 119 unreported warmup frames,65,5102,submit_us,master,prior,138814.078997,92794.210008,138229.227998,92743.021001,-45768.03999799999,"[-46381.291004, -45035.981987999985]",-33.062142668603784,"[-33.56836184272278, -32.57190897599482]",12,5,60,10000
cpu,vollkorn,2,demo,sum of reported phases; excludes 119 unreported warmup frames,65,5102,complete_us,master,prior,138815.311507,92796.2305,138230.54050200002,92744.78998599999,-45767.64299400001,"[-46381.148515, -45035.725982]",-33.06181517063342,"[-33.567660454260945, -32.57138741929416]",12,5,60,10000
cpu,vollkorn,2,demo,sum of reported phases; excludes 119 unreported warmup frames,65,5102,draw_us,master,updated45,138710.06148600002,92723.60150799999,138123.27450499998,92482.582005,-45989.227999,"[-46937.24950699999, -45301.271489000006]",-33.215636259942364,"[-33.77049304221327, -32.8733262308411]",12,5,60,10000
cpu,vollkorn,2,demo,sum of reported phases; excludes 119 unreported warmup frames,65,5102,submit_us,master,updated45,138814.078997,92819.202499,138229.227998,92578.939502,-45994.184503000004,"[-46938.74497600001, -45307.897504999986]",-33.194092500181284,"[-33.74581400760144, -32.85413140309295]",12,5,60,10000
cpu,vollkorn,2,demo,sum of reported phases; excludes 119 unreported warmup frames,65,5102,complete_us,master,updated45,138815.311507,92820.68349699999,138230.54050200002,92580.25050599998,-45993.98099900001,"[-46938.91550499999, -45308.05999900001]",-33.19369038282635,"[-33.74543792112983, -32.853889490905665]",12,5,60,10000
cpu,vollkorn,2,demo,sum of reported phases; excludes 119 unreported warmup frames,65,5102,draw_us,master,final,138710.06148600002,93316.082497,138123.27450499998,93035.979988,-44926.084507,"[-46289.873004999994, -44536.519015]",-32.68222323788051,"[-33.05067037589481, -32.45254511929999]",12,5,60,10000
cpu,vollkorn,2,demo,sum of reported phases; excludes 119 unreported warmup frames,65,5102,submit_us,master,final,138814.078997,93419.47800199999,138229.227998,93139.2495,-44930.49900999999,"[-46291.970476, -44538.045488]",-32.661674882306926,"[-33.029643510967034, -32.429630175602156]",12,5,60,10000
cpu,vollkorn,2,demo,sum of reported phases; excludes 119 unreported warmup frames,65,5102,complete_us,master,final,138815.311507,93420.95699199999,138230.54050200002,93140.644988,-44930.43851200002,"[-46291.60399599998, -44538.311514999994]",-32.66132648489636,"[-33.029264273045044, -32.42927117085742]",12,5,60,10000
cpu,vollkorn,2,demo,sum of reported phases; excludes 119 unreported warmup frames,65,5102,draw_us,prior,updated45,92691.0855,92723.60150799999,92639.670492,92482.582005,-300.4824970000045,"[-942.8130040000033, -147.54299799999717]",-0.322582864367954,"[-0.9987420717747331, -0.1593420034736115]",12,5,60,10000
cpu,vollkorn,2,demo,sum of reported phases; excludes 119 unreported warmup frames,65,5102,submit_us,prior,updated45,92794.210008,92819.202499,92743.021001,92578.939502,-303.6854950000052,"[-950.6649960000068, -150.74701900000218]",-0.3256643191003272,"[-1.0059894255787627, -0.1662354648251485]",12,5,60,10000
cpu,vollkorn,2,demo,sum of reported phases; excludes 119 unreported warmup frames,65,5102,complete_us,prior,updated45,92796.2305,92820.68349699999,92744.78998599999,92580.25050599998,-304.2274830000024,"[-951.0835099999967, -151.22651800000313]",-0.32623899187622096,"[-1.0064202513548504, -0.16675869326270298]",12,5,60,10000
cpu,vollkorn,2,demo,sum of reported phases; excludes 119 unreported warmup frames,65,5102,draw_us,prior,final,92691.0855,93316.082497,92639.670492,93035.979988,187.72800100000313,"[-14.312494000005245, 964.2520229999864]",0.20244323912850248,"[-0.015348525238401134, 1.0163936982834243]",12,5,60,10000
cpu,vollkorn,2,demo,sum of reported phases; excludes 119 unreported warmup frames,65,5102,submit_us,prior,final,92794.210008,93419.47800199999,92743.021001,93139.2495,181.64849400000094,"[-17.315508000006957, 962.2939919999917]",0.19576696350497302,"[-0.01853895720255183, 1.012847424966301]",12,5,60,10000
cpu,vollkorn,2,demo,sum of reported phases; excludes 119 unreported warmup frames,65,5102,complete_us,prior,final,92796.2305,93420.95699199999,92744.78998599999,93140.644988,181.62299399999756,"[-17.27598699999362, 961.6080050000019]",0.19573467020602697,"[-0.018493970608490784, 1.0120959699970733]",12,5,60,10000
cpu,vollkorn,2,demo,sum of reported phases; excludes 119 unreported warmup frames,65,5102,draw_us,updated45,final,92723.60150799999,93316.082497,92482.582005,93035.979988,595.730484000007,"[232.2765089999957, 1529.2930089999936]",0.6445087294509211,"[0.24986584050136207, 1.6918942690241634]",12,5,60,10000
cpu,vollkorn,2,demo,sum of reported phases; excludes 119 unreported warmup frames,65,5102,submit_us,updated45,final,92819.202499,93419.47800199999,92578.939502,93139.2495,596.2705089999945,"[231.66951400000107, 1526.4544919999898]",0.6444043701303581,"[0.248955874521406, 1.6868615996863845]",12,5,60,10000
cpu,vollkorn,2,demo,sum of reported phases; excludes 119 unreported warmup frames,65,5102,complete_us,updated45,final,92820.68349699999,93420.95699199999,92580.25050599998,93140.644988,596.2689960000062,"[232.31149500000902, 1526.3490210000018]",0.6443941685068122,"[0.249644966161644, 1.6867189906964564]",12,5,60,10000
cpu,vollkorn,2,font_variations,sum of reported phases; excludes 119 unreported warmup frames,63,2138,draw_us,master,prior,10578.35749,10281.539999,10532.5645,10263.105005000001,-315.33250599999974,"[-385.18598100000145, -238.56149000000005]",-2.9572782480350446,"[-3.6218381783198526, -2.273821678158833]",12,5,60,10000
cpu,vollkorn,2,font_variations,sum of reported phases; excludes 119 unreported warmup frames,63,2138,submit_us,master,prior,10584.102001,10287.559000000001,10538.327503,10268.353502,-315.541506999999,"[-385.18700100000024, -238.43801200000053]",-2.9576005509117986,"[-3.619816768965667, -2.2714168620110553]",12,5,60,10000
cpu,vollkorn,2,font_variations,sum of reported phases; excludes 119 unreported warmup frames,63,2138,complete_us,master,prior,10585.356506,10289.333005,10539.602998999999,10269.709001,-315.72950299999957,"[-384.8089950000003, -238.27199400000063]",-2.9589801317337407,"[-3.6158424907813016, -2.269555806816209]",12,5,60,10000
cpu,vollkorn,2,font_variations,sum of reported phases; excludes 119 unreported warmup frames,63,2138,draw_us,master,updated45,10578.35749,10288.543000999998,10532.5645,10286.165491,-296.68799800000033,"[-416.74499800000103, -226.8965040000012]",-2.7851223334907194,"[-3.9197173756441996, -2.1608639217810532]",12,5,60,10000
cpu,vollkorn,2,font_variations,sum of reported phases; excludes 119 unreported warmup frames,63,2138,submit_us,master,updated45,10584.102001,10293.604995,10538.327503,10291.207494,-296.76999499999965,"[-417.4995030000009, -227.6470109999991]",-2.7842936424362366,"[-3.924574665881814, -2.1668181108406626]",12,5,60,10000
cpu,vollkorn,2,font_variations,sum of reported phases; excludes 119 unreported warmup frames,63,2138,complete_us,master,updated45,10585.356506,10295.001002,10539.602998999999,10292.520993,-296.7910039999997,"[-417.6459990000003, -227.62549799999942]",-2.7841446658499915,"[-3.9254260485433345, -2.1663278607674807]",12,5,60,10000
cpu,vollkorn,2,font_variations,sum of reported phases; excludes 119 unreported warmup frames,63,2138,draw_us,master,final,10578.35749,10349.394495999999,10532.5645,10316.125990999999,-268.95799700000043,"[-335.5000050000008, -221.66349400000036]",-2.527875806748303,"[-3.1555987195436397, -2.1217136621707047]",12,5,60,10000
cpu,vollkorn,2,font_variations,sum of reported phases; excludes 119 unreported warmup frames,63,2138,submit_us,master,final,10584.102001,10354.874006,10538.327503,10321.978005,-269.7910100000008,"[-335.75050100000044, -221.9714950000007]",-2.530788887100066,"[-3.1562035508430233, -2.120536407023371]",12,5,60,10000
cpu,vollkorn,2,font_variations,sum of reported phases; excludes 119 unreported warmup frames,63,2138,complete_us,master,final,10585.356506,10356.518508,10539.602998999999,10323.872496,-269.8514789999999,"[-335.5454950000003, -222.18099600000005]",-2.531918376163894,"[-3.153935926855728, -2.1196972472021622]",12,5,60,10000
cpu,vollkorn,2,font_variations,sum of reported phases; excludes 119 unreported warmup frames,63,2138,draw_us,prior,updated45,10281.539999,10288.543000999998,10263.105005000001,10286.165491,8.400480999999672,"[-59.186008000000584, 43.37251599999945]",0.08252962189957413,"[-0.5761052060746119, 0.41762029257287336]",12,5,60,10000
cpu,vollkorn,2,font_variations,sum of reported phases; excludes 119 unreported warmup frames,63,2138,submit_us,prior,updated45,10287.559000000001,10293.604995,10268.353502,10291.207494,7.855499999998756,"[-59.54200799999944, 42.915507000000616]",0.07719907271350746,"[-0.5792463052647634, 0.412991849756017]",12,5,60,10000
cpu,vollkorn,2,font_variations,sum of reported phases; excludes 119 unreported warmup frames,63,2138,complete_us,prior,updated45,10289.333005,10295.001002,10269.709001,10292.520993,7.691498000000138,"[-59.936995000000934, 42.60550299999977]",0.07559837627149069,"[-0.5829759930374823, 0.4098983830018166]",12,5,60,10000
cpu,vollkorn,2,font_variations,sum of reported phases; excludes 119 unreported warmup frames,63,2138,draw_us,prior,final,10281.539999,10349.394495999999,10263.105005000001,10316.125990999999,34.874988999999005,"[-54.419504999999845, 87.33300899999995]",0.3398167437971167,"[-0.5348915103431162, 0.8546687186336888]",12,5,60,10000
cpu,vollkorn,2,font_variations,sum of reported phases; excludes 119 unreported warmup frames,63,2138,submit_us,prior,final,10287.559000000001,10354.874006,10268.353502,10321.978005,34.91501199999948,"[-53.93999100000019, 87.15000499999951]",0.3400262468679527,"[-0.5298084030747441, 0.8523942768241421]",12,5,60,10000
cpu,vollkorn,2,font_variations,sum of reported phases; excludes 119 unreported warmup frames,63,2138,complete_us,prior,final,10289.333005,10356.518508,10269.709001,10323.872496,35.22500299999956,"[-54.37550799999917, 86.81399599999986]",0.34300824308536315,"[-0.5339986753614634, 0.8489872708396962]",12,5,60,10000
cpu,vollkorn,2,font_variations,sum of reported phases; excludes 119 unreported warmup frames,63,2138,draw_us,updated45,final,10288.543000999998,10349.394495999999,10286.165491,10316.125990999999,15.521994000000632,"[-59.044480999999905, 61.308993999999984]",0.14897064454851838,"[-0.5796491790805713, 0.5740555217965682]",12,5,60,10000
cpu,vollkorn,2,font_variations,sum of reported phases; excludes 119 unreported warmup frames,63,2138,submit_us,updated45,final,10293.604995,10354.874006,10291.207494,10321.978005,15.480001999999331,"[-58.308506999999736, 61.39499899999919]",0.1484900420806179,"[-0.572077938088067, 0.5743653559056594]",12,5,60,10000
cpu,vollkorn,2,font_variations,sum of reported phases; excludes 119 unreported warmup frames,63,2138,complete_us,updated45,final,10295.001002,10356.518508,10292.520993,10323.872496,15.357512000000497,"[-58.57950500000061, 61.6835059999994]",0.14728738262722585,"[-0.5746659575366353, 0.5771151461337443]",12,5,60,10000
cpu,vollkorn,2,grid_pollution,complete controlled sequence,67,6298,draw_us,master,prior,101636.523008,98923.501996,101636.523008,98910.14748799999,-2668.8765120000025,"[-3069.646507999998, -2013.7509879999925]",-2.6268764704613865,"[-3.0267889014828295, -1.962910328945322]",12,5,60,10000
cpu,vollkorn,2,grid_pollution,complete controlled sequence,67,6298,submit_us,master,prior,101643.646996,98929.669024,101643.646996,98915.99902399999,-2670.271983999999,"[-3070.5625199999995, -2012.1625039999926]",-2.628067340198964,"[-3.027487645724597, -1.9642514279077428]",12,5,60,10000
cpu,vollkorn,2,grid_pollution,complete controlled sequence,67,6298,complete_us,master,prior,101645.54399199999,98931.47949200001,101645.54399199999,98917.894492,-2669.855023999997,"[-3070.329995999993, -2013.0640159999966]",-2.6276073930462607,"[-3.02719903612112, -1.96503795171446]",12,5,60,10000
cpu,vollkorn,2,grid_pollution,complete controlled sequence,67,6298,draw_us,master,updated45,101636.523008,98815.230492,101636.523008,98930.33198399999,-2593.8400240000046,"[-2775.9359960000074, -2104.061968000002]",-2.551833772402884,"[-2.7049560786435114, -2.090110215522656]",12,5,60,10000
cpu,vollkorn,2,grid_pollution,complete controlled sequence,67,6298,submit_us,master,updated45,101643.646996,98820.856492,101643.646996,98936.45851600001,-2594.7969999999914,"[-2776.309012000005, -2104.1609800000006]",-2.5525867933241466,"[-2.705429276510679, -2.0886417170633553]",12,5,60,10000
cpu,vollkorn,2,grid_pollution,complete controlled sequence,67,6298,complete_us,master,updated45,101645.54399199999,98823.12949200001,101645.54399199999,98938.770996,-2594.4455119999984,"[-2776.3520080000017, -2103.9335079999946]",-2.5521929156324563,"[-2.7052098536238747, -2.0885555814477486]",12,5,60,10000
cpu,vollkorn,2,grid_pollution,complete controlled sequence,67,6298,draw_us,master,final,101636.523008,99740.06002,101636.523008,99366.18848000001,-2067.209995999998,"[-2394.958476000007, -1376.205980000006]",-2.0560246432768436,"[-2.361862554049016, -1.3179235273771461]",12,5,60,10000
cpu,vollkorn,2,grid_pollution,complete controlled sequence,67,6298,submit_us,master,final,101643.646996,99747.541012,101643.646996,99373.2515,-2067.3099839999995,"[-2395.4164880000026, -1376.9555319999927]",-2.0530959977858143,"[-2.3621493229208146, -1.3184668121666576]",12,5,60,10000
cpu,vollkorn,2,grid_pollution,complete controlled sequence,67,6298,complete_us,master,final,101645.54399199999,99749.809996,101645.54399199999,99375.588524,-2067.2704999999987,"[-2395.707024000003, -1376.9769959999976]",-2.052886736615611,"[-2.3623855153848963, -1.3184538701004223]",12,5,60,10000
cpu,vollkorn,2,grid_pollution,complete controlled sequence,67,6298,draw_us,prior,updated45,98923.501996,98815.230492,98910.14748799999,98930.33198399999,31.45600800000102,"[-466.7710000000079, 408.692031999999]",0.03184229599645372,"[-0.4666130615170072, 0.4078801446874669]",12,5,60,10000
cpu,vollkorn,2,grid_pollution,complete controlled sequence,67,6298,submit_us,prior,updated45,98929.669024,98820.856492,98915.99902399999,98936.45851600001,32.601503999998386,"[-467.04198400000314, 408.23101999999926]",0.0329994106369802,"[-0.46685905431868013, 0.40738939429217913]",12,5,60,10000
cpu,vollkorn,2,grid_pollution,complete controlled sequence,67,6298,complete_us,prior,updated45,98931.47949200001,98823.12949200001,98917.894492,98938.770996,32.89201199999661,"[-466.1194960000066, 408.0860160000011]",0.033293440697634846,"[-0.4659290306838981, 0.4072362947391883]",12,5,60,10000
cpu,vollkorn,2,grid_pollution,complete controlled sequence,67,6298,draw_us,prior,final,98923.501996,99740.06002,98910.14748799999,99366.18848000001,294.503503999993,"[-85.24797199999739, 1026.6429880000069]",0.28835882404645297,"[-0.08657552777631694, 1.0298924778974428]",12,5,60,10000
cpu,vollkorn,2,grid_pollution,complete controlled sequence,67,6298,submit_us,prior,final,98929.669024,99747.541012,98915.99902399999,99373.2515,292.7265000000043,"[-83.85098000000289, 1028.9985040000029]",0.2866862655033886,"[-0.08601681358271773, 1.0321596133234912]",12,5,60,10000
cpu,vollkorn,2,grid_pollution,complete controlled sequence,67,6298,complete_us,prior,final,98931.47949200001,99749.809996,98917.894492,99375.588524,293.1865160000016,"[-83.08099600001151, 1029.0845280000067]",0.2871238116589847,"[-0.08548668566457085, 1.0322235301943983]",12,5,60,10000
cpu,vollkorn,2,grid_pollution,complete controlled sequence,67,6298,draw_us,updated45,final,98815.230492,99740.06002,98930.33198399999,99366.18848000001,349.4135080000051,"[167.88054799999372, 666.1034880000007]",0.3583195489438751,"[0.16985593211553685, 0.6810580544762912]",12,5,60,10000
cpu,vollkorn,2,grid_pollution,complete controlled sequence,67,6298,submit_us,updated45,final,98820.856492,99747.541012,98936.45851600001,99373.2515,350.9784880000079,"[167.5025039999964, 666.523500000003]",0.359904290306412,"[0.16946336498113723, 0.6814443047799768]",12,5,60,10000
cpu,vollkorn,2,grid_pollution,complete controlled sequence,67,6298,complete_us,updated45,final,98823.12949200001,99749.809996,98938.770996,99375.588524,350.89049999999406,"[167.21547199999623, 666.7105240000092]",0.35980385681477767,"[0.16917017078796892, 0.6816207600039537]",12,5,60,10000
cpu,vollkorn,2,grid_singleton,complete controlled sequence,1,94,draw_us,master,prior,1611.3960000000002,1533.4585,1611.417,1538.4795,-75.0625,"[-86.83350000000007, -61.22950000000003]",-4.7010479788906,"[-5.201963132758397, -3.791385224388588]",12,5,60,10000
cpu,vollkorn,2,grid_singleton,complete controlled sequence,1,94,submit_us,master,prior,1611.5415,1533.6045,1611.542,1538.6255,-75.10450000000003,"[-87.04199999999992, -61.20850000000007]",-4.699398043854853,"[-5.216491896633663, -3.7897735382957376]",12,5,60,10000
cpu,vollkorn,2,grid_singleton,complete controlled sequence,1,94,complete_us,master,prior,1611.5625,1533.6465,1611.5625,1538.667,-75.12549999999999,"[-87.0625, -61.20799999999997]",-4.7005573366256606,"[-5.2176899894852635, -3.7896455948775607]",12,5,60,10000
cpu,vollkorn,2,grid_singleton,complete controlled sequence,1,94,draw_us,master,updated45,1611.3960000000002,1523.4165,1611.417,1523.2705,-92.85450000000003,"[-109.52099999999996, -84.41700000000003]",-5.718210451801808,"[-6.561937075529068, -5.247116095266091]",12,5,60,10000
cpu,vollkorn,2,grid_singleton,complete controlled sequence,1,94,submit_us,master,updated45,1611.5415,1523.5205,1611.542,1523.4165,-92.77150000000006,"[-109.79199999999992, -84.39649999999995]",-5.7127173289255655,"[-6.563888333456008, -5.245360837926172]",12,5,60,10000
cpu,vollkorn,2,grid_singleton,complete controlled sequence,1,94,complete_us,master,updated45,1611.5625,1523.5625,1611.5625,1523.4375,-92.77100000000007,"[-109.79200000000003, -84.41650000000004]",-5.712542087320782,"[-6.563716765082328, -5.246475408892354]",12,5,60,10000
cpu,vollkorn,2,grid_singleton,complete controlled sequence,1,94,draw_us,master,final,1611.3960000000002,1533.625,1611.417,1524.7915,-83.41750000000002,"[-99.97950000000003, -73.16650000000004]",-5.176555471565575,"[-5.954402686939847, -4.585601562733737]",12,5,60,10000
cpu,vollkorn,2,grid_singleton,complete controlled sequence,1,94,submit_us,master,final,1611.5415,1533.7915,1611.542,1524.916,-83.41750000000002,"[-100.125, -73.14600000000007]",-5.176158109351931,"[-5.9612034133453236, -4.583959658643472]",12,5,60,10000
cpu,vollkorn,2,grid_singleton,complete controlled sequence,1,94,complete_us,master,final,1611.5625,1533.812,1611.5625,1524.958,-83.41699999999992,"[-100.14550000000008, -73.14599999999996]",-5.176059163801423,"[-5.962324998718172, -4.583839007908619]",12,5,60,10000
cpu,vollkorn,2,grid_singleton,complete controlled sequence,1,94,draw_us,prior,updated45,1533.4585,1523.4165,1538.4795,1523.2705,-18.166999999999916,"[-26.854000000000042, -6.645999999999958]",-1.1609373706178372,"[-1.72344008956552, -0.4338451700652224]",12,5,60,10000
cpu,vollkorn,2,grid_singleton,complete controlled sequence,1,94,submit_us,prior,updated45,1533.6045,1523.5205,1538.6255,1523.4165,-18.208499999999958,"[-26.791500000000042, -6.625499999999988]",-1.1631978243781038,"[-1.7192785003039335, -0.4324600960744607]",12,5,60,10000
cpu,vollkorn,2,grid_singleton,complete controlled sequence,1,94,complete_us,prior,updated45,1533.6465,1523.5625,1538.667,1523.4375,-18.1875,"[-26.791500000000042, -6.625499999999988]",-1.161781812945828,"[-1.7192321107920405, -0.4324494899421383]",12,5,60,10000
cpu,vollkorn,2,grid_singleton,complete controlled sequence,1,94,draw_us,prior,final,1533.4585,1533.625,1538.4795,1524.7915,-14.833499999999958,"[-22.833999999999946, 4.583000000000084]",-0.9552962644234386,"[-1.4961292618696331, 0.30340662827221254]",12,5,60,10000
cpu,vollkorn,2,grid_singleton,complete controlled sequence,1,94,submit_us,prior,final,1533.6045,1533.7915,1538.6255,1524.916,-14.833499999999958,"[-22.813499999999976, 4.583000000000084]",-0.9552193551341182,"[-1.4946785378813499, 0.3034209292586354]",12,5,60,10000
cpu,vollkorn,2,grid_singleton,complete controlled sequence,1,94,complete_us,prior,final,1533.6465,1533.812,1538.667,1524.958,-14.833500000000072,"[-22.791999999999916, 4.562000000000012]",-0.9551935163927827,"[-1.493241301382603, 0.3020343527185332]",12,5,60,10000
cpu,vollkorn,2,grid_singleton,complete controlled sequence,1,94,draw_us,updated45,final,1523.4165,1533.625,1523.2705,1524.7915,7.52049999999997,"[-4.89549999999997, 16.729499999999916]",0.5015212732963792,"[-0.32052388085193617, 1.0920794052786453]",12,5,60,10000
cpu,vollkorn,2,grid_singleton,complete controlled sequence,1,94,submit_us,updated45,final,1523.5205,1533.7915,1523.4165,1524.916,7.520500000000084,"[-4.875, 16.708499999999958]",0.5014730479724672,"[-0.31915796352074977, 1.090621596362662]",12,5,60,10000
cpu,vollkorn,2,grid_singleton,complete controlled sequence,1,94,complete_us,updated45,final,1523.5625,1533.812,1523.4375,1524.958,7.521000000000072,"[-4.875, 16.687999999999988]",0.5014993879038587,"[-0.31914918791437485, 1.0892463300663624]",12,5,60,10000
cpu,vollkorn,2,grid_two_phases,complete controlled sequence,2,188,draw_us,master,prior,3017.3755,1666.9995,3012.6255,1671.4585,-1345.0410000000002,"[-1361.9580000000003, -1325.6875]",-44.65631799327711,"[-44.95474436532584, -44.44769117655768]",12,5,60,10000
cpu,vollkorn,2,grid_two_phases,complete controlled sequence,2,188,submit_us,master,prior,3017.5834999999997,1667.208,3012.8545,1671.6460000000002,-1345.083,"[-1361.979, -1325.7705]",-44.65368570751902,"[-44.95273317982932, -44.44610249268554]",12,5,60,10000
cpu,vollkorn,2,grid_two_phases,complete controlled sequence,2,188,complete_us,master,prior,3017.6675,1667.2910000000002,3012.9175,1671.7085,-1345.1035,"[-1362.0, -1325.75]",-44.65313398531088,"[-44.95218932140891, -44.445823131866035]",12,5,60,10000
cpu,vollkorn,2,grid_two_phases,complete controlled sequence,2,188,draw_us,master,updated45,3017.3755,1669.646,3012.6255,1673.1460000000002,-1346.2295,"[-1360.4585, -1331.937]",-44.54203026128364,"[-45.129069557686094, -44.22954955908869]",12,5,60,10000
cpu,vollkorn,2,grid_two_phases,complete controlled sequence,2,188,submit_us,master,updated45,3017.5834999999997,1669.896,3012.8545,1673.375,-1346.2499999999995,"[-1360.542, -1331.9585000000002]",-44.5389554309054,"[-45.12703052533595, -44.22695210693216]",12,5,60,10000
cpu,vollkorn,2,grid_two_phases,complete controlled sequence,2,188,complete_us,master,updated45,3017.6675,1669.917,3012.9175,1673.4370000000001,-1346.2720000000002,"[-1360.5629999999999, -1331.9789999999998]",-44.53844405308196,"[-45.12580694127917, -44.22601255792765]",12,5,60,10000
cpu,vollkorn,2,grid_two_phases,complete controlled sequence,2,188,draw_us,master,final,3017.3755,1671.8955,3012.6255,1662.2504999999999,-1343.6255,"[-1370.9370000000004, -1326.646]",-44.69229654918424,"[-45.012938986393586, -44.21044657517237]",12,5,60,10000
cpu,vollkorn,2,grid_two_phases,complete controlled sequence,2,188,submit_us,master,final,3017.5834999999997,1672.1664999999998,3012.8545,1662.4585,-1343.6875,"[-1370.9370000000001, -1326.6459999999997]",-44.68996040293209,"[-45.00955730181175, -44.207081086718816]",12,5,60,10000
cpu,vollkorn,2,grid_two_phases,complete controlled sequence,2,188,complete_us,master,final,3017.6675,1672.1664999999998,3012.9175,1662.521,-1343.667,"[-1370.98, -1326.6665000000003]",-44.68791519317878,"[-45.00972777301553, -44.20725477360662]",12,5,60,10000
cpu,vollkorn,2,grid_two_phases,complete controlled sequence,2,188,draw_us,prior,updated45,1666.9995,1669.646,1671.4585,1673.1460000000002,2.666499999999928,"[-9.959499999999935, 10.855000000000132]",0.1587573788466523,"[-0.595893020420285, 0.6506101216194882]",12,5,60,10000
cpu,vollkorn,2,grid_two_phases,complete controlled sequence,2,188,submit_us,prior,updated45,1667.208,1669.896,1671.6460000000002,1673.375,2.686999999999898,"[-10.0, 10.813499999999976]",0.15996336990153903,"[-0.5982577369586461, 0.6480347463350022]",12,5,60,10000
cpu,vollkorn,2,grid_two_phases,complete controlled sequence,2,188,complete_us,prior,updated45,1667.2910000000002,1669.917,1671.7085,1673.4370000000001,2.6455000000000837,"[-10.000999999999863, 10.833000000000084]",0.15748386696181615,"[-0.5982872777314463, 0.6491837777922727]",12,5,60,10000
cpu,vollkorn,2,grid_two_phases,complete controlled sequence,2,188,draw_us,prior,final,1666.9995,1671.8955,1671.4585,1662.2504999999999,-1.7705000000000837,"[-10.853999999999928, 12.853999999999928]",-0.10571820570576818,"[-0.6452377280981636, 0.7623632222850896]",12,5,60,10000
cpu,vollkorn,2,grid_two_phases,complete controlled sequence,2,188,submit_us,prior,final,1667.208,1672.1664999999998,1671.6460000000002,1662.4585,-1.7285000000001673,"[-10.833500000000072, 12.791999999999803]",-0.103223723058532,"[-0.6439427338842563, 0.7586579594327736]",12,5,60,10000
cpu,vollkorn,2,grid_two_phases,complete controlled sequence,2,188,complete_us,prior,final,1667.2910000000002,1672.1664999999998,1671.7085,1662.521,-1.7504999999998745,"[-10.833500000000072, 12.833999999999833]",-0.10452087461977899,"[-0.6439319128966114, 0.7611375991731673]",12,5,60,10000
cpu,vollkorn,2,grid_two_phases,complete controlled sequence,2,188,draw_us,updated45,final,1669.646,1671.8955,1673.1460000000002,1662.2504999999999,0.2504999999997608,"[-11.666000000000281, 11.85450000000003]",0.015165381641757403,"[-0.7036904365404384, 0.725918100079348]",12,5,60,10000
cpu,vollkorn,2,grid_two_phases,complete controlled sequence,2,188,submit_us,updated45,final,1669.896,1672.1664999999998,1673.375,1662.4585,0.2709999999998445,"[-11.645500000000084, 11.875]",0.016379175714242855,"[-0.7023538867950874, 0.727075794934684]",12,5,60,10000
cpu,vollkorn,2,grid_two_phases,complete controlled sequence,2,188,complete_us,updated45,final,1669.917,1672.1664999999998,1673.4370000000001,1662.521,0.27049999999997,"[-11.6875, 11.875499999999988]",0.016342659173523844,"[-0.704853256279464, 0.7270688908597056]",12,5,60,10000
cpu,vollkorn,2,grid_unique_sizes,complete controlled sequence,32,3008,draw_us,master,prior,47955.164496,47110.419008,47860.852992,47045.981503999996,-748.9589920000035,"[-1018.7674880000013, -321.6434879999979]",-1.5664631159356956,"[-2.1196069163732734, -0.6544141412658966]",12,5,60,10000
cpu,vollkorn,2,grid_unique_sizes,complete controlled sequence,32,3008,submit_us,master,prior,47959.186496,47113.187008,47864.293008,47049.144496,-748.8950080000031,"[-1018.9810079999988, -321.62601599999834]",-1.5662160100617828,"[-2.1199026605126017, -0.6543377294000285]",12,5,60,10000
cpu,vollkorn,2,grid_unique_sizes,complete controlled sequence,32,3008,complete_us,master,prior,47960.395504,47114.020000000004,47865.438512,47050.082,-749.5005119999987,"[-1019.0824959999954, -321.89352000000144]",-1.5674455862863812,"[-2.1200678706774836, -0.6548608160259595]",12,5,60,10000
cpu,vollkorn,2,grid_unique_sizes,complete controlled sequence,32,3008,draw_us,master,updated45,47955.164496,47209.228992000004,47860.852992,47210.019488000005,-453.16649600000164,"[-879.4564959999989, -138.81348799999614]",-0.9619900289655925,"[-1.8297333726754184, -0.29155212363028427]",12,5,60,10000
cpu,vollkorn,2,grid_unique_sizes,complete controlled sequence,32,3008,submit_us,master,updated45,47959.186496,47211.582,47864.293008,47212.585488,-453.796495999999,"[-880.2685119999987, -139.75251199999911]",-0.9632449131732057,"[-1.8312942056643189, -0.2935037260466289]",12,5,60,10000
cpu,vollkorn,2,grid_unique_sizes,complete controlled sequence,32,3008,complete_us,master,updated45,47960.395504,47212.706496,47865.438512,47213.707008,-453.98100799999884,"[-880.2679839999983, -139.58451199999763]",-0.963613526206708,"[-1.8312536773991805, -0.293145035659248]",12,5,60,10000
cpu,vollkorn,2,grid_unique_sizes,complete controlled sequence,32,3008,draw_us,master,final,47955.164496,47394.086016,47860.852992,47377.439008,-459.0604960000019,"[-779.770496000001, 89.14601599999878]",-0.9663840859136075,"[-1.6103467253359538, 0.1936249822250491]",12,5,60,10000
cpu,vollkorn,2,grid_unique_sizes,complete controlled sequence,32,3008,submit_us,master,final,47959.186496,47397.587504,47864.293008,47380.878,-460.08100800000466,"[-779.1044959999999, 88.86999999999534]",-0.9669818011299347,"[-1.6135080124759282, 0.19303154903546615]",12,5,60,10000
cpu,vollkorn,2,grid_unique_sizes,complete controlled sequence,32,3008,complete_us,master,final,47960.395504,47398.231488000005,47865.438512,47381.836,-460.22851200000514,"[-779.0634879999961, 88.95548800000324]",-0.9672674580785967,"[-1.613431071967586, 0.19320766680103185]",12,5,60,10000
cpu,vollkorn,2,grid_unique_sizes,complete controlled sequence,32,3008,draw_us,prior,updated45,47110.419008,47209.228992000004,47045.981503999996,47210.019488000005,213.4774879999968,"[-35.66851200000019, 484.0619839999963]",0.45787987270460295,"[-0.07848130404122244, 1.0241533010772907]",12,5,60,10000
cpu,vollkorn,2,grid_unique_sizes,complete controlled sequence,32,3008,submit_us,prior,updated45,47113.187008,47211.582,47049.144496,47212.585488,213.99801599999773,"[-35.64251200000217, 483.05700799999977]",0.45897397032720333,"[-0.07841483859394316, 1.0219423945684314]",12,5,60,10000
cpu,vollkorn,2,grid_unique_sizes,complete controlled sequence,32,3008,complete_us,prior,updated45,47114.020000000004,47212.706496,47050.082,47213.707008,214.2490080000025,"[-35.47849600000336, 482.95299199999863]",0.45949856535543177,"[-0.07806139437133708, 1.0216946816851702]",12,5,60,10000
cpu,vollkorn,2,grid_unique_sizes,complete controlled sequence,32,3008,draw_us,prior,final,47110.419008,47394.086016,47045.981503999996,47377.439008,295.5619999999981,"[1.521999999997206, 610.8539999999994]",0.6364957601805443,"[0.004546308995012627, 1.3118308084593022]",12,5,60,10000
cpu,vollkorn,2,grid_unique_sizes,complete controlled sequence,32,3008,submit_us,prior,final,47113.187008,47397.587504,47049.144496,47380.878,295.4844959999973,"[0.6209919999964768, 611.2290079999984]",0.6363010773129063,"[0.002627807758676104, 1.3125513430590097]",12,5,60,10000
cpu,vollkorn,2,grid_unique_sizes,complete controlled sequence,32,3008,complete_us,prior,final,47114.020000000004,47398.231488000005,47050.082,47381.836,295.46348800000123,"[0.620496000003186, 611.5805120000005]",0.6362508532149258,"[0.002625988659182843, 1.3132810955356011]",12,5,60,10000
cpu,vollkorn,2,grid_unique_sizes,complete controlled sequence,32,3008,draw_us,updated45,final,47209.228992000004,47394.086016,47210.019488000005,47377.439008,140.14651199999935,"[-213.7494880000013, 437.89851199999976]",0.2993053194732531,"[-0.4510650484314038, 0.9296477112981094]",12,5,60,10000
cpu,vollkorn,2,grid_unique_sizes,complete controlled sequence,32,3008,submit_us,updated45,final,47211.582,47397.587504,47212.585488,47380.878,140.10800000000017,"[-212.35199999999895, 437.35799999999654]",0.29919944033901524,"[-0.44813656015733616, 0.9289298180806593]",12,5,60,10000
cpu,vollkorn,2,grid_unique_sizes,complete controlled sequence,32,3008,complete_us,updated45,final,47212.706496,47398.231488000005,47213.707008,47381.836,139.9619840000014,"[-212.22847999999794, 437.2549919999947]",0.29888638049426763,"[-0.44786703880104195, 0.9289047268907336]",12,5,60,10000
cpu,vollkorn,2,grid_unique_variations,complete controlled sequence,32,3008,draw_us,master,prior,7971.290992,5598.164496,7951.310992000001,5587.271488,-2376.997504,"[-2479.065488, -2322.3524959999995]",-30.044513995891336,"[-30.611822478276558, -29.144023395267492]",12,5,60,10000
cpu,vollkorn,2,grid_unique_variations,complete controlled sequence,32,3008,submit_us,master,prior,7973.832992,5600.5624960000005,7953.873504,5589.500016,-2377.142496,"[-2479.778512, -2322.7744800000005]",-30.04110508146371,"[-30.60925275888371, -29.139317284870565]",12,5,60,10000
cpu,vollkorn,2,grid_unique_variations,complete controlled sequence,32,3008,complete_us,master,prior,7975.04,5601.373504,7954.9580000000005,5590.5,-2377.226992,"[-2480.298496, -2323.147984]",-30.038773253502992,"[-30.60977465588367, -29.139546722832105]",12,5,60,10000
cpu,vollkorn,2,grid_unique_variations,complete controlled sequence,32,3008,draw_us,master,updated45,7971.290992,5698.6450079999995,7951.310992000001,5668.685504,-2329.664992,"[-2414.353008, -2274.312]",-29.120763381700936,"[-29.63286242767274, -28.769103624195065]",12,5,60,10000
cpu,vollkorn,2,grid_unique_variations,complete controlled sequence,32,3008,submit_us,master,updated45,7973.832992,5700.854512,7953.873504,5670.851504,-2329.752496,"[-2414.687504, -2274.666016]",-29.11518578418447,"[-29.62601235421921, -28.762653482682776]",12,5,60,10000
cpu,vollkorn,2,grid_unique_variations,complete controlled sequence,32,3008,complete_us,master,updated45,7975.04,5701.853504000001,7954.9580000000005,5672.016496,-2329.9364960000003,"[-2414.7910079999997, -2274.645984]",-29.11290500823639,"[-29.62245738325924, -28.759411678619358]",12,5,60,10000
cpu,vollkorn,2,grid_unique_variations,complete controlled sequence,32,3008,draw_us,master,final,7971.290992,5602.398992,7951.310992000001,5582.936496,-2378.287008,"[-2459.706496, -2259.393984]",-29.578128671312253,"[-30.481823076471734, -29.11238472272345]",12,5,60,10000
cpu,vollkorn,2,grid_unique_variations,complete controlled sequence,32,3008,submit_us,master,final,7973.832992,5604.816511999999,7953.873504,5585.293504,-2378.372496000001,"[-2460.0429919999997, -2259.520512]",-29.569181666679107,"[-30.472651809685097, -29.104874293707905]",12,5,60,10000
cpu,vollkorn,2,grid_unique_variations,complete controlled sequence,32,3008,complete_us,master,final,7975.04,5605.878000000001,7954.9580000000005,5586.314,-2378.392976,"[-2460.1675039999996, -2259.7484959999997]",-29.56409517229425,"[-30.46943321446302, -29.103839861365778]",12,5,60,10000
cpu,vollkorn,2,grid_unique_variations,complete controlled sequence,32,3008,draw_us,prior,updated45,5598.164496,5698.6450079999995,5587.271488,5668.685504,61.727487999999994,"[24.165999999999713, 106.45649600000024]",1.1241755249599805,"[0.435498265972456, 1.8629586472380333]",12,5,60,10000
cpu,vollkorn,2,grid_unique_variations,complete controlled sequence,32,3008,submit_us,prior,updated45,5600.5624960000005,5700.854512,5589.500016,5670.851504,61.98150399999986,"[24.183983999999782, 106.25049600000011]",1.1244926747212114,"[0.43563235180106297, 1.8586694998340647]",12,5,60,10000
cpu,vollkorn,2,grid_unique_variations,complete controlled sequence,32,3008,complete_us,prior,updated45,5601.373504,5701.853504000001,5590.5,5672.016496,62.229983999999604,"[24.311487999999827, 106.73000000000047]",1.1276389926892283,"[0.43787947566407137, 1.866753411610822]",12,5,60,10000
cpu,vollkorn,2,grid_unique_variations,complete controlled sequence,32,3008,draw_us,prior,final,5598.164496,5602.398992,5587.271488,5582.936496,21.816495999999916,"[-26.230000000000018, 62.1030080000005]",0.3910708974371624,"[-0.46699661995471264, 1.1153216396926013]",12,5,60,10000
cpu,vollkorn,2,grid_unique_variations,complete controlled sequence,32,3008,submit_us,prior,final,5600.5624960000005,5604.816511999999,5589.500016,5585.293504,21.879999999999654,"[-25.91500799999949, 62.05899200000022]",0.3920420111491407,"[-0.4612290152056775, 1.1145046541017]",12,5,60,10000
cpu,vollkorn,2,grid_unique_variations,complete controlled sequence,32,3008,complete_us,prior,final,5601.373504,5605.878000000001,5590.5,5586.314,21.877504000000044,"[-25.62500799999998, 62.352495999999974]",0.39192323877074164,"[-0.4559664015176934, 1.1192102162399853]",12,5,60,10000
cpu,vollkorn,2,grid_unique_variations,complete controlled sequence,32,3008,draw_us,updated45,final,5698.6450079999995,5602.398992,5668.685504,5582.936496,-45.66499199999953,"[-120.20800000000008, 10.355023999999958]",-0.7676951626098938,"[-2.1343934637924225, 0.18862262736253355]",12,5,60,10000
cpu,vollkorn,2,grid_unique_variations,complete controlled sequence,32,3008,submit_us,updated45,final,5700.854512,5604.816511999999,5670.851504,5585.293504,-45.67251199999964,"[-120.10248000000001, 10.710000000000036]",-0.7674649334606487,"[-2.1316908367665253, 0.19499335554866715]",12,5,60,10000
cpu,vollkorn,2,grid_unique_variations,complete controlled sequence,32,3008,complete_us,updated45,final,5701.853504000001,5605.878000000001,5672.016496,5586.314,-45.50100799999973,"[-120.03948799999989, 10.585504000000128]",-0.7644020259435225,"[-2.13021189482781, 0.19266893111992145]",12,5,60,10000
cpu,vollkorn,2,text,sum of reported phases; excludes 119 unreported warmup frames,88,"{""final"": 7255, ""master"": 7251, ""prior"": 7251, ""updated45"": 7251}",draw_us,master,prior,195444.1665,142133.33500300001,195362.7320085,141999.41700150003,-53376.83450699999,"[-54371.60249749999, -52902.694995]",-27.329980483238543,"[-27.709073546513622, -27.193531142521277]",12,5,60,10000
cpu,vollkorn,2,text,sum of reported phases; excludes 119 unreported warmup frames,88,"{""final"": 7255, ""master"": 7251, ""prior"": 7251, ""updated45"": 7251}",submit_us,master,prior,195485.24750350002,142172.35700100003,195404.9779965,142038.48350600002,-53379.20999249999,"[-54377.45350300001, -52903.350001]",-27.326423190471793,"[-27.704158101432256, -27.187429418796555]",12,5,60,10000
cpu,vollkorn,2,text,sum of reported phases; excludes 119 unreported warmup frames,88,"{""final"": 7255, ""master"": 7251, ""prior"": 7251, ""updated45"": 7251}",complete_us,master,prior,195486.87451350002,142174.35501199999,195406.66801249998,142040.690007,-53378.726513500005,"[-54377.22551250001, -52903.16649]",-27.326121805528015,"[-27.70345405934256, -27.186888857815447]",12,5,60,10000
cpu,vollkorn,2,text,sum of reported phases; excludes 119 unreported warmup frames,88,"{""final"": 7255, ""master"": 7251, ""prior"": 7251, ""updated45"": 7251}",draw_us,master,updated45,195444.1665,143860.4760055,195362.7320085,143700.999502,-51980.420001999984,"[-53096.95548849998, -51644.77700700001]",-26.798781157392433,"[-26.93568786535497, -26.44894508625254]",12,5,60,10000
cpu,vollkorn,2,text,sum of reported phases; excludes 119 unreported warmup frames,88,"{""final"": 7255, ""master"": 7251, ""prior"": 7251, ""updated45"": 7251}",submit_us,master,updated45,195485.24750350002,143899.021003,195404.9779965,143736.4835045,-51986.452485999995,"[-53101.55898800002, -51646.14450550001]",-26.794297014810745,"[-26.93338915527852, -26.444395703662455]",12,5,60,10000
cpu,vollkorn,2,text,sum of reported phases; excludes 119 unreported warmup frames,88,"{""final"": 7255, ""master"": 7251, ""prior"": 7251, ""updated45"": 7251}",complete_us,master,updated45,195486.87451350002,143900.916502,195406.66801249998,143738.293507,-51986.51999300001,"[-53101.786492, -51646.1460005]",-26.79407246774128,"[-26.933226019656246, -26.44411035136293]",12,5,60,10000
cpu,vollkorn,2,text,sum of reported phases; excludes 119 unreported warmup frames,88,"{""final"": 7255, ""master"": 7251, ""prior"": 7251, ""updated45"": 7251}",draw_us,master,final,195444.1665,141949.332488,195362.7320085,142032.5395025,-53331.232001,"[-53529.00499300001, -53062.6685115]",-27.333651334288135,"[-27.510452939182656, -27.201922118173965]",12,5,60,10000
cpu,vollkorn,2,text,sum of reported phases; excludes 119 unreported warmup frames,88,"{""final"": 7255, ""master"": 7251, ""prior"": 7251, ""updated45"": 7251}",submit_us,master,final,195485.24750350002,141987.106997,195404.9779965,142073.74800000002,-53331.2299965,"[-53527.8310035, -53064.98049449999]",-27.327295838678406,"[-27.505600174581467, -27.196619190849276]",12,5,60,10000
cpu,vollkorn,2,text,sum of reported phases; excludes 119 unreported warmup frames,88,"{""final"": 7255, ""master"": 7251, ""prior"": 7251, ""updated45"": 7251}",complete_us,master,final,195486.87451350002,141989.4169985,195406.66801249998,142076.1409975,-53330.527014999985,"[-53527.887984, -53064.876994000006]",-27.326839852308872,"[-27.505375623085104, -27.196121274379266]",12,5,60,10000
cpu,vollkorn,2,text,sum of reported phases; excludes 119 unreported warmup frames,88,"{""final"": 7255, ""master"": 7251, ""prior"": 7251, ""updated45"": 7251}",draw_us,prior,updated45,142133.33500300001,143860.4760055,141999.41700150003,143700.999502,1570.580992999996,"[780.5059945000103, 2346.4430069999944]",1.1171693691158668,"[0.5540528846879278, 1.660149631785579]",12,5,60,10000
cpu,vollkorn,2,text,sum of reported phases; excludes 119 unreported warmup frames,88,"{""final"": 7255, ""master"": 7251, ""prior"": 7251, ""updated45"": 7251}",submit_us,prior,updated45,142172.35700100003,143899.021003,142038.48350600002,143736.4835045,1568.6399915000075,"[778.0835129999905, 2344.984019999989]",1.115490342374592,"[0.552187332722176, 1.6586737250905204]",12,5,60,10000
cpu,vollkorn,2,text,sum of reported phases; excludes 119 unreported warmup frames,88,"{""final"": 7255, ""master"": 7251, ""prior"": 7251, ""updated45"": 7251}",complete_us,prior,updated45,142174.35501199999,143900.916502,142040.690007,143738.293507,1567.8940025000047,"[777.7305079999933, 2344.6259995]",1.114936489287477,"[0.5519288372009212, 1.6583934377057963]",12,5,60,10000
cpu,vollkorn,2,text,sum of reported phases; excludes 119 unreported warmup frames,88,"{""final"": 7255, ""master"": 7251, ""prior"": 7251, ""updated45"": 7251}",draw_us,prior,final,142133.33500300001,141949.332488,141999.41700150003,142032.5395025,-310.6429829999979,"[-597.6459965000104, 656.3360025000147]",-0.22293583867569744,"[-0.41606014245454404, 0.46611150268808244]",12,5,60,10000
cpu,vollkorn,2,text,sum of reported phases; excludes 119 unreported warmup frames,88,"{""final"": 7255, ""master"": 7251, ""prior"": 7251, ""updated45"": 7251}",submit_us,prior,final,142172.35700100003,141987.106997,142038.48350600002,142073.74800000002,-308.3355004999903,"[-598.5834975000034, 657.3345150000096]",-0.2212662647371133,"[-0.4166190424284344, 0.4666979363757151]",12,5,60,10000
cpu,vollkorn,2,text,sum of reported phases; excludes 119 unreported warmup frames,88,"{""final"": 7255, ""master"": 7251, ""prior"": 7251, ""updated45"": 7251}",complete_us,prior,final,142174.35501199999,141989.4169985,142040.690007,142076.1409975,-308.2309965000022,"[-598.5624910000042, 657.0215060000046]",-0.22119662196665724,"[-0.4166014320956646, 0.4664679761678392]",12,5,60,10000
cpu,vollkorn,2,text,sum of reported phases; excludes 119 unreported warmup frames,88,"{""final"": 7255, ""master"": 7251, ""prior"": 7251, ""updated45"": 7251}",draw_us,updated45,final,143860.4760055,141949.332488,143700.999502,142032.5395025,-1466.6900045000075,"[-2456.2454884999897, -1179.0449835000181]",-1.0220901695814022,"[-1.7251965455624352, -0.8231992858205139]",12,5,60,10000
cpu,vollkorn,2,text,sum of reported phases; excludes 119 unreported warmup frames,88,"{""final"": 7255, ""master"": 7251, ""prior"": 7251, ""updated45"": 7251}",submit_us,updated45,final,143899.021003,141987.106997,143736.4835045,142073.74800000002,-1463.0690059999906,"[-2455.8540015000035, -1175.252497999987]",-1.019299639892829,"[-1.7244962819680965, -0.8209897366894536]",12,5,60,10000
cpu,vollkorn,2,text,sum of reported phases; excludes 119 unreported warmup frames,88,"{""final"": 7255, ""master"": 7251, ""prior"": 7251, ""updated45"": 7251}",complete_us,updated45,final,143900.916502,141989.4169985,143738.293507,142076.1409975,-1462.4635019999841,"[-2455.8969964999997, -1175.3135089999996]",-1.018865094830007,"[-1.7245031665407973, -0.8210668517109443]",12,5,60,10000
gpu,ptsans,2,demo,sum of reported phases; excludes 119 unreported warmup frames,65,5151,draw_us,master,prior,68095.583002,60970.062,68171.937005,59974.562991,-6585.66849,"[-12372.602502999995, -4542.771505999997]",-10.240744285315273,"[-13.720856307174817, -7.221489422638028]",12,3,36,10000
gpu,ptsans,2,demo,sum of reported phases; excludes 119 unreported warmup frames,65,5151,submit_us,master,prior,96807.209007,88542.54050500001,97021.689012,87477.352498,-7072.126513000003,"[-16595.128509999995, -3081.5014970000047]",-7.841578488397006,"[-11.969165763109224, -3.313234072712512]",12,3,36,10000
gpu,ptsans,2,demo,sum of reported phases; excludes 119 unreported warmup frames,65,5151,complete_us,master,prior,158516.16849299998,146776.272498,158181.418502,143988.248,-7571.894004000002,"[-26893.02448600001, -1477.9639969999844]",-4.732431422936906,"[-15.27682476463244, -1.4318784127594184]",12,3,36,10000
gpu,ptsans,2,demo,sum of reported phases; excludes 119 unreported warmup frames,65,5151,draw_us,master,updated45,68095.583002,60452.519493,68171.937005,60453.33349800001,-7518.271000999997,"[-9759.186015, -5825.314007999994]",-11.096331162637751,"[-13.972519034126424, -9.21703596017981]",12,3,36,10000
gpu,ptsans,2,demo,sum of reported phases; excludes 119 unreported warmup frames,65,5151,submit_us,master,updated45,96807.209007,88643.250012,97021.689012,88643.250012,-7968.021016000006,"[-12266.604501000002, -5715.067498000004]",-8.213525646035075,"[-12.211354572163868, -6.2889913508406226]",12,3,36,10000
gpu,ptsans,2,demo,sum of reported phases; excludes 119 unreported warmup frames,65,5151,complete_us,master,updated45,158516.16849299998,151231.065488,158181.418502,148077.104004,-9966.205494000009,"[-27154.856992, -6131.6309949999995]",-5.987045571986938,"[-12.94822097653548, -4.101541910771189]",12,3,36,10000
gpu,ptsans,2,demo,sum of reported phases; excludes 119 unreported warmup frames,65,5151,draw_us,master,final,68095.583002,60856.290012,68171.937005,61955.999505,-7246.439997999994,"[-9726.316006000001, -4530.982499999998]",-10.534551769900146,"[-14.456557694777151, -7.179748792306213]",12,3,36,10000
gpu,ptsans,2,demo,sum of reported phases; excludes 119 unreported warmup frames,65,5151,submit_us,master,final,96807.209007,89078.269003,97021.689012,90333.644495,-7734.711997999999,"[-11579.561506999999, -3146.7074880000073]",-8.208522967689413,"[-11.877670693986119, -3.66960737579507]",12,3,36,10000
gpu,ptsans,2,demo,sum of reported phases; excludes 119 unreported warmup frames,65,5151,complete_us,master,final,158516.16849299998,149151.99999699998,158181.418502,159837.002506,-9693.232013000015,"[-18769.457996999976, -4629.355003999997]",-5.765098350939473,"[-10.432805063383348, -2.507355857946564]",12,3,36,10000
gpu,ptsans,2,demo,sum of reported phases; excludes 119 unreported warmup frames,65,5151,draw_us,prior,updated45,60970.062,60452.519493,59974.562991,60453.33349800001,431.794005000007,"[-2452.0010139999977, 1871.684014999999]",0.6232527768599061,"[-3.8565868018703764, 3.2616174492935968]",12,3,36,10000
gpu,ptsans,2,demo,sum of reported phases; excludes 119 unreported warmup frames,65,5151,submit_us,prior,updated45,88542.54050500001,88643.250012,87477.352498,88643.250012,1099.2545019999961,"[-4333.291493999997, 3283.4185050000015]",1.081855200422499,"[-4.602155745443009, 3.8729288327714273]",12,3,36,10000
gpu,ptsans,2,demo,sum of reported phases; excludes 119 unreported warmup frames,65,5151,complete_us,prior,updated45,146776.272498,151231.065488,143988.248,148077.104004,667.810507999995,"[-3098.1650040000095, 8735.787494000018]",0.48380441041138145,"[-2.1644341399092215, 5.030406263129872]",12,3,36,10000
gpu,ptsans,2,demo,sum of reported phases; excludes 119 unreported warmup frames,65,5151,draw_us,prior,final,60970.062,60856.290012,59974.562991,61955.999505,-325.2274959999995,"[-2400.8765069999936, 1873.5635209999964]",-0.5969433639188337,"[-3.6041050846799596, 3.0669226706439234]",12,3,36,10000
gpu,ptsans,2,demo,sum of reported phases; excludes 119 unreported warmup frames,65,5151,submit_us,prior,final,88542.54050500001,89078.269003,87477.352498,90333.644495,-512.4189820000029,"[-3992.019494, 3417.355496999997]",-0.6123175553417404,"[-4.114645412401346, 3.934836781024975]",12,3,36,10000
gpu,ptsans,2,demo,sum of reported phases; excludes 119 unreported warmup frames,65,5151,complete_us,prior,final,146776.272498,149151.99999699998,143988.248,159837.002506,-2144.1085160000075,"[-6932.169499999989, 5199.633005000011]",-1.3817358360445675,"[-3.826567614792975, 3.71395458153857]",12,3,36,10000
gpu,ptsans,2,demo,sum of reported phases; excludes 119 unreported warmup frames,65,5151,draw_us,updated45,final,60452.519493,60856.290012,60453.33349800001,61955.999505,-314.6689879999976,"[-1870.479003000004, 2848.6039969999983]",-0.5356521264185121,"[-3.3306758182008567, 2.9765915728008907]",12,3,36,10000
gpu,ptsans,2,demo,sum of reported phases; excludes 119 unreported warmup frames,65,5151,submit_us,updated45,final,88643.250012,89078.269003,88643.250012,90333.644495,-192.0189790000004,"[-3012.996509000004, 5123.646483000004]",-0.22699409068511756,"[-3.6642383230968187, 3.7263770993026912]",12,3,36,10000
gpu,ptsans,2,demo,sum of reported phases; excludes 119 unreported warmup frames,65,5151,complete_us,updated45,final,151231.065488,149151.99999699998,148077.104004,159837.002506,-1095.122480999984,"[-12938.727505000003, 8590.102995000008]",-0.7926252809590695,"[-7.155880740417553, 5.4317108958777505]",12,3,36,10000
gpu,ptsans,2,font_variations,sum of reported phases; excludes 119 unreported warmup frames,63,2138,draw_us,master,prior,18218.371010000003,17713.916494,18133.498509,17485.374497,-293.8120170000002,"[-607.5834800000002, 1388.6464959999994]",-1.7596512136223874,"[-3.5711413576437034, 7.430621952950623]",12,3,36,10000
gpu,ptsans,2,font_variations,sum of reported phases; excludes 119 unreported warmup frames,63,2138,submit_us,master,prior,23378.230503,22678.750006,23229.667007,22441.959506,-200.64199499999995,"[-959.2719999999972, 2440.2030030000005]",-0.9394350426820575,"[-4.269404399404292, 9.87156105387864]",12,3,36,10000
gpu,ptsans,2,font_variations,sum of reported phases; excludes 119 unreported warmup frames,63,2138,complete_us,master,prior,46778.248503,45660.685002,45663.898999,46564.435505,995.0200099999965,"[-5753.092000000001, 7403.895498999991]",2.352399748598999,"[-11.28430542495807, 9.005937626739913]",12,3,36,10000
gpu,ptsans,2,font_variations,sum of reported phases; excludes 119 unreported warmup frames,63,2138,draw_us,master,updated45,18218.371010000003,17943.274000999998,18133.498509,17802.311995,-117.79101300000002,"[-603.625997000001, 410.3579899999986]",-0.6746986301266467,"[-3.258478285657146, 2.3526236078436846]",12,3,36,10000
gpu,ptsans,2,font_variations,sum of reported phases; excludes 119 unreported warmup frames,63,2138,submit_us,master,updated45,23378.230503,23185.896503,23229.667007,22889.941005,-89.26849799999945,"[-982.914503, 942.0009999999984]",-0.3996543902179128,"[-4.114984480867539, 4.224376943461339]",12,3,36,10000
gpu,ptsans,2,font_variations,sum of reported phases; excludes 119 unreported warmup frames,63,2138,complete_us,master,updated45,46778.248503,49238.023012000005,45663.898999,48843.042004,749.4549999999981,"[-3714.5435020000004, 5053.168507999999]",2.09734125872128,"[-7.925250474874685, 11.522123617856517]",12,3,36,10000
gpu,ptsans,2,font_variations,sum of reported phases; excludes 119 unreported warmup frames,63,2138,draw_us,master,final,18218.371010000003,18117.646500000003,18133.498509,18025.477003,-389.4810039999993,"[-604.3954909999993, -84.11248400000113]",-2.3090368949822415,"[-3.33271087754613, -0.4841634507852799]",12,3,36,10000
gpu,ptsans,2,font_variations,sum of reported phases; excludes 119 unreported warmup frames,63,2138,submit_us,master,final,23378.230503,23166.64151,23229.667007,23110.289505,-479.5044969999981,"[-821.8134900000005, -112.33450300000186]",-2.2189171931933203,"[-2.5515012185483297, -0.5106132691367282]",12,3,36,10000
gpu,ptsans,2,font_variations,sum of reported phases; excludes 119 unreported warmup frames,63,2138,complete_us,master,final,46778.248503,43786.105002,45663.898999,43160.790995,-323.23099900000307,"[-5318.621996000002, 3863.0760169999994]",-0.8116426605457638,"[-7.600447793298192, 7.7905860277732275]",12,3,36,10000
gpu,ptsans,2,font_variations,sum of reported phases; excludes 119 unreported warmup frames,63,2138,draw_us,prior,updated45,17713.916494,17943.274000999998,17485.374497,17802.311995,100.52200600000106,"[-639.6715129999975, 880.1424880000004]",0.6434523401680492,"[-3.1284352007549754, 5.447305102092493]",12,3,36,10000
gpu,ptsans,2,font_variations,sum of reported phases; excludes 119 unreported warmup frames,63,2138,submit_us,prior,updated45,22678.750006,23185.896503,22441.959506,22889.941005,119.77300300000024,"[-804.8155019999995, 1491.8109800000002]",0.6245743327011111,"[-2.9942757138540776, 6.787994477525761]",12,3,36,10000
gpu,ptsans,2,font_variations,sum of reported phases; excludes 119 unreported warmup frames,63,2138,complete_us,prior,updated45,45660.685002,49238.023012000005,46564.435505,48843.042004,2574.2265060000027,"[-4616.227505999999, 4872.414013999998]",5.8861455785954035,"[-8.434973722705031, 10.852035216621758]",12,3,36,10000
gpu,ptsans,2,font_variations,sum of reported phases; excludes 119 unreported warmup frames,63,2138,draw_us,prior,final,17713.916494,18117.646500000003,17485.374497,18025.477003,-70.92050199999903,"[-1476.6294980000002, 791.4584910000003]",-0.4369591396359507,"[-6.969645418795517, 4.656395820925196]",12,3,36,10000
gpu,ptsans,2,font_variations,sum of reported phases; excludes 119 unreported warmup frames,63,2138,submit_us,prior,final,22678.750006,23166.64151,22441.959506,23110.289505,-59.49800799999866,"[-2470.0674850000014, 1001.9970000000012]",-0.2860899829804586,"[-7.5748236991455435, 4.730733243498175]",12,3,36,10000
gpu,ptsans,2,font_variations,sum of reported phases; excludes 119 unreported warmup frames,63,2138,complete_us,prior,final,45660.685002,43786.105002,46564.435505,43160.790995,-231.17100700000083,"[-7590.896483000004, 4058.536995000006]",-0.5823670325325103,"[-13.737067747268423, 9.817996075583501]",12,3,36,10000
gpu,ptsans,2,font_variations,sum of reported phases; excludes 119 unreported warmup frames,63,2138,draw_us,updated45,final,17943.274000999998,18117.646500000003,17802.311995,18025.477003,-100.02099199999975,"[-706.8749929999976, 480.4194980000011]",-0.6000759711155212,"[-4.0311987190771665, 2.5794962556556]",12,3,36,10000
gpu,ptsans,2,font_variations,sum of reported phases; excludes 119 unreported warmup frames,63,2138,submit_us,updated45,final,23185.896503,23166.64151,22889.941005,23110.289505,-33.019994000000224,"[-1194.788494999997, 775.2070029999995]",-0.17322220919281373,"[-5.2066426718299414, 3.2143397914187966]",12,3,36,10000
gpu,ptsans,2,font_variations,sum of reported phases; excludes 119 unreported warmup frames,63,2138,complete_us,updated45,final,49238.023012000005,43786.105002,48843.042004,43160.790995,-860.6045099999974,"[-4539.730014000001, 2452.2915019999964]",-1.7989564401190095,"[-10.169904626226378, 4.775862425978328]",12,3,36,10000
gpu,ptsans,2,grid_pollution,complete controlled sequence,67,6298,draw_us,master,prior,50061.71,49013.982508,50292.975527999995,49174.836988,-1072.2310319999997,"[-2295.8305, 2981.0609680000016]",-2.1806153107890136,"[-4.456803142416849, 5.070236113085935]",12,3,36,10000
gpu,ptsans,2,grid_pollution,complete controlled sequence,67,6298,submit_us,master,prior,54281.0805,53306.06350799999,54687.770019999996,53425.728019999995,-1052.438011999995,"[-2493.5235040000007, 3677.602492000002]",-1.96668757791994,"[-4.451774668637359, 4.6501398934898575]",12,3,36,10000
gpu,ptsans,2,grid_pollution,complete controlled sequence,67,6298,complete_us,master,prior,93937.684012,92998.163496,92901.640516,91853.28847999999,-1028.266008000006,"[-8455.337996000002, 18040.99800400001]",-1.18894862611012,"[-7.645826453023191, 17.76529433632249]",12,3,36,10000
gpu,ptsans,2,grid_pollution,complete controlled sequence,67,6298,draw_us,master,updated45,50061.71,48381.851515999995,50292.975527999995,48502.728016,-1260.044496000006,"[-2545.727515999999, 1160.3949919999977]",-2.5751286360128187,"[-5.076365690583123, 2.210685779715049]",12,3,36,10000
gpu,ptsans,2,grid_pollution,complete controlled sequence,67,6298,submit_us,master,updated45,54281.0805,52460.353992000004,54687.770019999996,52825.580492,-1357.000500000002,"[-2684.0425119999963, 1882.0024920000033]",-2.600600729860658,"[-4.931538881875285, 3.3250242433880475]",12,3,36,10000
gpu,ptsans,2,grid_pollution,complete controlled sequence,67,6298,complete_us,master,updated45,93937.684012,93317.52601999999,92901.640516,91748.08602399999,-2199.316512000005,"[-11016.662984000002, 15082.146523999996]",-2.4481743549687405,"[-10.968666871081266, 15.00849750109623]",12,3,36,10000
gpu,ptsans,2,grid_pollution,complete controlled sequence,67,6298,draw_us,master,final,50061.71,49577.6045,50292.975527999995,49221.48002,-1204.395496000001,"[-2074.7085039999984, 488.62196799999947]",-2.623915336285915,"[-4.047014323692311, 0.9269666278703736]",12,3,36,10000
gpu,ptsans,2,grid_pollution,complete controlled sequence,67,6298,submit_us,master,final,54281.0805,53860.917004,54687.770019999996,53413.953488,-1231.8710040000042,"[-2299.6285240000034, 1253.8319880000126]",-2.432589321828049,"[-4.1757264442909285, 1.173758819279458]",12,3,36,10000
gpu,ptsans,2,grid_pollution,complete controlled sequence,67,6298,complete_us,master,final,93937.684012,92994.64250399999,92901.640516,91883.9155,-3997.5414960000053,"[-9827.201483999997, 1171.9315080000015]",-4.603434571223458,"[-9.817913788137705, 1.3261073834587855]",12,3,36,10000
gpu,ptsans,2,grid_pollution,complete controlled sequence,67,6298,draw_us,prior,updated45,49013.982508,48381.851515999995,49174.836988,48502.728016,227.47646400000303,"[-504.5429880000047, 2244.2944879999995]",0.5205537870717869,"[-1.0485250632836174, 4.2811236779550566]",12,3,36,10000
gpu,ptsans,2,grid_pollution,complete controlled sequence,67,6298,submit_us,prior,updated45,53306.06350799999,52460.353992000004,53425.728019999995,52825.580492,302.1439919999975,"[-460.3829960000003, 3213.622500000005]",0.6374364786426723,"[-0.9269964622718452, 5.610655804447006]",12,3,36,10000
gpu,ptsans,2,grid_pollution,complete controlled sequence,67,6298,complete_us,prior,updated45,92998.163496,93317.52601999999,91853.28847999999,91748.08602399999,-3088.9225039999947,"[-6901.331992000014, 169.61000399999466]",-2.971170518444982,"[-6.073596231873079, 0.23551107255228576]",12,3,36,10000
gpu,ptsans,2,grid_pollution,complete controlled sequence,67,6298,draw_us,prior,final,49013.982508,49577.6045,49174.836988,49221.48002,-138.3935119999951,"[-1987.5199839999877, 1254.9579919999996]",-0.3067311242474169,"[-2.2494379935857065, 2.551188569568874]",12,3,36,10000
gpu,ptsans,2,grid_pollution,complete controlled sequence,67,6298,submit_us,prior,final,53306.06350799999,53860.917004,53425.728019999995,53413.953488,-170.70851600000242,"[-1939.2360399999961, 1721.587488000001]",-0.34762357282562273,"[-2.037651662568718, 3.2209672190479877]",12,3,36,10000
gpu,ptsans,2,grid_pollution,complete controlled sequence,67,6298,complete_us,prior,final,92998.163496,92994.64250399999,91853.28847999999,91883.9155,-390.6019960000049,"[-13194.190011999992, 1241.5405000000028]",-0.4663373979589325,"[-10.896536348111624, 1.368165928301357]",12,3,36,10000
gpu,ptsans,2,grid_pollution,complete controlled sequence,67,6298,draw_us,updated45,final,48381.851515999995,49577.6045,48502.728016,49221.48002,-265.7269959999976,"[-1544.0224799999996, 496.0854720000025]",-0.5760329905764694,"[-3.0452616481879136, 1.0502426048668578]",12,3,36,10000
gpu,ptsans,2,grid_pollution,complete controlled sequence,67,6298,submit_us,updated45,final,52460.353992000004,53860.917004,52825.580492,53413.953488,-443.4195159999981,"[-1542.2525080000014, 626.0199879999964]",-0.8659134920995182,"[-2.773326293555234, 1.2249914756248037]",12,3,36,10000
gpu,ptsans,2,grid_pollution,complete controlled sequence,67,6298,complete_us,updated45,final,93317.52601999999,92994.64250399999,91748.08602399999,91883.9155,1385.9075040000025,"[-5340.24902399999, 12371.418987999998]",1.5646904220582125,"[-5.9083742053354875, 11.23012859468082]",12,3,36,10000
gpu,ptsans,2,grid_singleton,complete controlled sequence,1,94,draw_us,master,prior,848.4580000000001,792.75,858.0205000000001,777.2085,-41.91699999999997,"[-94.3334999999999, -23.771000000000015]",-4.922562570273847,"[-7.912089328738558, -2.823238415046619]",12,3,36,10000
gpu,ptsans,2,grid_singleton,complete controlled sequence,1,94,submit_us,master,prior,2338.5205,2285.3959999999997,2330.416,2258.4375,-46.85400000000004,"[-95.60400000000004, 77.12599999999975]",-2.267886618287429,"[-4.267776590133493, 3.3259138996819537]",12,3,36,10000
gpu,ptsans,2,grid_singleton,complete controlled sequence,1,94,complete_us,master,prior,3497.3125,3171.3334999999997,3484.2709999999997,3142.75,-51.375,"[-390.25, 296.6875]",-1.71112447617362,"[-11.283642290853846, 8.848452366192461]",12,3,36,10000
gpu,ptsans,2,grid_singleton,complete controlled sequence,1,94,draw_us,master,updated45,848.4580000000001,798.2705000000001,858.0205000000001,792.9995,-59.271000000000015,"[-94.08350000000002, -18.459000000000003]",-7.341609195782711,"[-10.684445840730351, -2.2376917931693496]",12,3,36,10000
gpu,ptsans,2,grid_singleton,complete controlled sequence,1,94,submit_us,master,updated45,2338.5205,2300.0205,2330.416,2319.437,-23.624500000000126,"[-171.72900000000004, 74.58349999999996]",-0.9660654397772306,"[-7.292281317168964, 3.2686834820140342]",12,3,36,10000
gpu,ptsans,2,grid_singleton,complete controlled sequence,1,94,complete_us,master,updated45,3497.3125,3519.792,3484.2709999999997,3501.7705,103.22999999999979,"[-283.9794999999999, 160.0625]",3.107217047565014,"[-7.597936651792109, 5.119906829714671]",12,3,36,10000
gpu,ptsans,2,grid_singleton,complete controlled sequence,1,94,draw_us,master,final,848.4580000000001,790.9995,858.0205000000001,802.6875,-37.85500000000002,"[-106.93700000000001, -5.999500000000012]",-4.669680569125978,"[-7.462050714112184, -0.9108325108427184]",12,3,36,10000
gpu,ptsans,2,grid_singleton,complete controlled sequence,1,94,submit_us,master,final,2338.5205,2288.8125,2330.416,2329.708,13.8125,"[-15.229499999999916, 27.020999999999958]",0.6141422275078967,"[-0.6345049769723776, 1.2401401179401916]",12,3,36,10000
gpu,ptsans,2,grid_singleton,complete controlled sequence,1,94,complete_us,master,final,3497.3125,3265.375,3484.2709999999997,3289.0205,16.270500000000084,"[-256.4794999999999, 184.85400000000004]",0.4414109378972575,"[-7.388247724509589, 5.447754740887046]",12,3,36,10000
gpu,ptsans,2,grid_singleton,complete controlled sequence,1,94,draw_us,prior,updated45,792.75,798.2705000000001,777.2085,792.9995,0.20799999999997,"[-39.458500000000015, 66.291]",0.021784560764642746,"[-4.722384604410884, 9.275433714813142]",12,3,36,10000
gpu,ptsans,2,grid_singleton,complete controlled sequence,1,94,submit_us,prior,updated45,2285.3959999999997,2300.0205,2258.4375,2319.437,22.166500000000042,"[-73.85449999999992, 182.72900000000004]",1.0900024129002261,"[-3.285779816909534, 7.7943313692442455]",12,3,36,10000
gpu,ptsans,2,grid_singleton,complete controlled sequence,1,94,complete_us,prior,updated45,3171.3334999999997,3519.792,3142.75,3501.7705,160.37549999999987,"[-68.72900000000004, 340.6044999999999]",5.442839574691482,"[-1.926939260967847, 11.072814484401627]",12,3,36,10000
gpu,ptsans,2,grid_singleton,complete controlled sequence,1,94,draw_us,prior,final,792.75,790.9995,777.2085,802.6875,-0.688000000000045,"[-38.187000000000126, 46.43749999999994]",-0.13577346396214107,"[-2.25238804195787, 6.146843061813634]",12,3,36,10000
gpu,ptsans,2,grid_singleton,complete controlled sequence,1,94,submit_us,prior,final,2285.3959999999997,2288.8125,2258.4375,2329.708,72.47949999999992,"[-49.833000000000084, 89.29100000000017]",3.4850550283884396,"[-0.849703975970173, 3.986570592321348]",12,3,36,10000
gpu,ptsans,2,grid_singleton,complete controlled sequence,1,94,complete_us,prior,final,3171.3334999999997,3265.375,3142.75,3289.0205,53.708000000000084,"[-20.729000000000042, 187.60400000000004]",1.738016358585437,"[-0.5650458772079703, 4.296508874006388]",12,3,36,10000
gpu,ptsans,2,grid_singleton,complete controlled sequence,1,94,draw_us,updated45,final,798.2705000000001,790.9995,792.9995,802.6875,30.396500000000003,"[-53.77050000000003, 50.8965]",4.109371734276513,"[-6.876440075096479, 6.7264756038494795]",12,3,36,10000
gpu,ptsans,2,grid_singleton,complete controlled sequence,1,94,submit_us,updated45,final,2300.0205,2288.8125,2319.437,2329.708,44.75,"[-94.47900000000004, 115.33349999999996]",1.909416766663119,"[-4.044579706915419, 5.251527147120405]",12,3,36,10000
gpu,ptsans,2,grid_singleton,complete controlled sequence,1,94,complete_us,updated45,final,3519.792,3265.375,3501.7705,3289.0205,-152.43799999999987,"[-340.8539999999998, 168.29150000000004]",-4.557341758941336,"[-9.178747592636537, 5.421936755040768]",12,3,36,10000
gpu,ptsans,2,grid_two_phases,complete controlled sequence,2,188,draw_us,master,prior,1547.646,1188.0205,1571.042,1192.604,-326.062,"[-414.70849999999984, -259.91650000000004]",-21.9760812647348,"[-24.967237768405187, -14.209389867812867]",12,3,36,10000
gpu,ptsans,2,grid_two_phases,complete controlled sequence,2,188,submit_us,master,prior,2974.6455,2609.1040000000003,3003.792,2639.0415000000003,-290.18849999999975,"[-475.0205000000001, -208.37450000000013]",-10.088637888096859,"[-14.77934507101019, -7.215770713910596]",12,3,36,10000
gpu,ptsans,2,grid_two_phases,complete controlled sequence,2,188,complete_us,master,prior,5144.854,4674.625,5216.4375,4081.5415000000003,-327.8950000000002,"[-1370.0209999999997, -56.6255000000001]",-7.8873678638474605,"[-22.54734003444802, -1.2840954393767479]",12,3,36,10000
gpu,ptsans,2,grid_two_phases,complete controlled sequence,2,188,draw_us,master,updated45,1547.646,1229.625,1571.042,1209.479,-321.2919999999999,"[-408.812, -259.45849999999996]",-21.45639997042052,"[-25.85758551650538, -17.00420945626476]",12,3,36,10000
gpu,ptsans,2,grid_two_phases,complete controlled sequence,2,188,submit_us,master,updated45,2974.6455,2693.5834999999997,3003.792,2720.3745,-292.4174999999998,"[-390.14599999999996, -246.43799999999987]",-9.802661052086659,"[-13.069548058532675, -8.843334700313449]",12,3,36,10000
gpu,ptsans,2,grid_two_phases,complete controlled sequence,2,188,complete_us,master,updated45,5144.854,4825.853999999999,5216.4375,4862.415999999999,-302.18700000000035,"[-1097.5, 603.083000000001]",-6.455241235252146,"[-20.206167384835027, 12.5064138673332]",12,3,36,10000
gpu,ptsans,2,grid_two_phases,complete controlled sequence,2,188,draw_us,master,final,1547.646,1212.563,1571.042,1240.8754999999999,-339.2500000000001,"[-397.375, -294.10450000000003]",-21.689574046734286,"[-24.987544584945415, -19.459508732568796]",12,3,36,10000
gpu,ptsans,2,grid_two_phases,complete controlled sequence,2,188,submit_us,master,final,2974.6455,2609.125,3003.792,2623.584,-367.37400000000025,"[-499.9780000000003, -263.37599999999975]",-12.601198532610603,"[-15.765532583344278, -9.152254944097654]",12,3,36,10000
gpu,ptsans,2,grid_two_phases,complete controlled sequence,2,188,complete_us,master,final,5144.854,4803.833500000001,5216.4375,4494.8330000000005,-330.4585000000002,"[-1300.6045, -79.58349999999973]",-6.285504367210903,"[-24.185396031835932, -1.3716992807911]",12,3,36,10000
gpu,ptsans,2,grid_two_phases,complete controlled sequence,2,188,draw_us,prior,updated45,1188.0205,1229.625,1192.604,1209.479,13.625,"[-57.271499999999946, 57.875499999999874]",1.2639599674458823,"[-4.2842474412050695, 5.053965010027495]",12,3,36,10000
gpu,ptsans,2,grid_two_phases,complete controlled sequence,2,188,submit_us,prior,updated45,2609.1040000000003,2693.5834999999997,2639.0415000000003,2720.3745,4.5620000000001255,"[-100.20849999999996, 129.95849999999996]",0.16343112128434645,"[-3.6025722987041653, 5.130932154358692]",12,3,36,10000
gpu,ptsans,2,grid_two_phases,complete controlled sequence,2,188,complete_us,prior,updated45,4674.625,4825.853999999999,4081.5415000000003,4862.415999999999,191.47899999999981,"[-137.06200000000035, 849.2905000000003]",4.608138088069769,"[-3.2426219799775504, 22.22687847374982]",12,3,36,10000
gpu,ptsans,2,grid_two_phases,complete controlled sequence,2,188,draw_us,prior,final,1188.0205,1212.563,1192.604,1240.8754999999999,28.812000000000012,"[-97.37500000000011, 59.25099999999986]",2.6641697860051328,"[-7.083034333582283, 4.919447754323891]",12,3,36,10000
gpu,ptsans,2,grid_two_phases,complete controlled sequence,2,188,submit_us,prior,final,2609.1040000000003,2609.125,2639.0415000000003,2623.584,-44.02000000000021,"[-158.43800000000078, 76.12549999999987]",-1.5985854067063432,"[-3.2730365226660396, 3.1438694618118546]",12,3,36,10000
gpu,ptsans,2,grid_two_phases,complete controlled sequence,2,188,complete_us,prior,final,4674.625,4803.833500000001,4081.5415000000003,4494.8330000000005,125.95750000000021,"[-141.0625, 441.18749999999955]",2.924070893511921,"[-3.4936621425725902, 5.823755101980687]",12,3,36,10000
gpu,ptsans,2,grid_two_phases,complete controlled sequence,2,188,draw_us,updated45,final,1229.625,1212.563,1209.479,1240.8754999999999,14.708499999999958,"[-101.75000000000011, 85.62549999999999]",1.2184952981196262,"[-7.95443722439656, 7.686220330048166]",12,3,36,10000
gpu,ptsans,2,grid_two_phases,complete controlled sequence,2,188,submit_us,updated45,final,2693.5834999999997,2609.125,2720.3745,2623.584,-26.103000000000293,"[-144.3530000000003, 63.8125]",-0.9599070913513641,"[-5.093790782741131, 2.7218896927603597]",12,3,36,10000
gpu,ptsans,2,grid_two_phases,complete controlled sequence,2,188,complete_us,updated45,final,4825.853999999999,4803.833500000001,4862.415999999999,4494.8330000000005,-23.0625,"[-808.9165000000007, 208.66650000000027]",-0.586452412290378,"[-15.788715434858336, 5.197615482797402]",12,3,36,10000
gpu,ptsans,2,grid_unique_sizes,complete controlled sequence,32,3008,draw_us,master,prior,22983.0,22899.394992,23160.064496,22780.106,-447.89552000000003,"[-1033.3329919999996, 757.854527999998]",-1.9540388148174548,"[-3.398948316338124, 3.4802661873859386]",12,3,36,10000
gpu,ptsans,2,grid_unique_sizes,complete controlled sequence,32,3008,submit_us,master,prior,25662.333008,25446.102511999998,25706.939504,25307.646992,-289.4765119999993,"[-1197.3755199999996, 888.3984799999998]",-1.1631600974224332,"[-3.182872219504179, 3.675831090819204]",12,3,36,10000
gpu,ptsans,2,grid_unique_sizes,complete controlled sequence,32,3008,complete_us,master,prior,53260.914992000005,47720.54300799999,50218.814,46740.773504,-1339.8720160000012,"[-4984.082992, 9065.223984]",-2.940987936984679,"[-10.28846855613541, 16.412623179817686]",12,3,36,10000
gpu,ptsans,2,grid_unique_sizes,complete controlled sequence,32,3008,draw_us,master,updated45,22983.0,22764.270496,23160.064496,22609.042512,-437.270496000001,"[-985.4804960000001, 243.62401599999976]",-1.9561846991464404,"[-4.269065478395179, 1.0215324171122586]",12,3,36,10000
gpu,ptsans,2,grid_unique_sizes,complete controlled sequence,32,3008,submit_us,master,updated45,25662.333008,25581.959007999998,25706.939504,25414.085008000002,-338.9825120000005,"[-1040.95752, 757.0675040000006]",-1.3125023868526764,"[-4.188494094716294, 2.8424678591001395]",12,3,36,10000
gpu,ptsans,2,grid_unique_sizes,complete controlled sequence,32,3008,complete_us,master,updated45,53260.914992000005,48894.354496,50218.814,52318.669008,-2013.6009919999997,"[-3653.1219839999976, 720.9804960000001]",-4.563857118369402,"[-6.77916752833675, 1.5292704368586318]",12,3,36,10000
gpu,ptsans,2,grid_unique_sizes,complete controlled sequence,32,3008,draw_us,master,final,22983.0,23002.042016,23160.064496,23161.376496,-907.3934880000015,"[-1303.4339840000011, -17.254000000000815]",-3.7556481048758474,"[-4.9518034560240505, -0.16037157809745128]",12,3,36,10000
gpu,ptsans,2,grid_unique_sizes,complete controlled sequence,32,3008,submit_us,master,final,25662.333008,25585.604992,25706.939504,25830.918496,-874.3940000000002,"[-1151.4155039999987, 169.24700800000028]",-2.4447479139357076,"[-4.262598428279563, 0.6582813168692692]",12,3,36,10000
gpu,ptsans,2,grid_unique_sizes,complete controlled sequence,32,3008,complete_us,master,final,53260.914992000005,47901.210496,50218.814,49701.876000000004,88.23300800000288,"[-4657.875007999999, 908.9749919999958]",0.13680543527102573,"[-9.156602218472054, 1.9364676296409034]",12,3,36,10000
gpu,ptsans,2,grid_unique_sizes,complete controlled sequence,32,3008,draw_us,prior,updated45,22899.394992,22764.270496,22780.106,22609.042512,213.64651200000117,"[-682.3975039999987, 1051.478000000001]",0.985846936182766,"[-3.1354352483096593, 4.322505784441322]",12,3,36,10000
gpu,ptsans,2,grid_unique_sizes,complete controlled sequence,32,3008,submit_us,prior,updated45,25446.102511999998,25581.959007999998,25307.646992,25414.085008000002,176.25249599999916,"[-757.2740000000013, 1530.6035040000006]",0.7740987503120189,"[-3.1345894819096443, 5.946194839811946]",12,3,36,10000
gpu,ptsans,2,grid_unique_sizes,complete controlled sequence,32,3008,complete_us,prior,updated45,47720.54300799999,48894.354496,46740.773504,52318.669008,-615.7484960000002,"[-3430.557983999999, 1800.3514880000002]",-1.4400143611104532,"[-5.516120313941508, 3.507037307086547]",12,3,36,10000
gpu,ptsans,2,grid_unique_sizes,complete controlled sequence,32,3008,draw_us,prior,final,22899.394992,23002.042016,22780.106,23161.376496,-37.167999999999665,"[-616.2264960000011, 759.7915040000007]",-0.43633428432137134,"[-2.9032089362401536, 3.350954145910856]",12,3,36,10000
gpu,ptsans,2,grid_unique_sizes,complete controlled sequence,32,3008,submit_us,prior,final,25446.102511999998,25585.604992,25307.646992,25830.918496,198.83399999999892,"[-586.9589920000017, 1518.1659999999993]",0.36366735303409725,"[-2.4808455064605495, 4.376673025549104]",12,3,36,10000
gpu,ptsans,2,grid_unique_sizes,complete controlled sequence,32,3008,complete_us,prior,final,47720.54300799999,47901.210496,46740.773504,49701.876000000004,199.20952000000398,"[-13775.086000000003, 3463.623488000001]",0.4517094814652678,"[-20.278828086225772, 6.9936387505594055]",12,3,36,10000
gpu,ptsans,2,grid_unique_sizes,complete controlled sequence,32,3008,draw_us,updated45,final,22764.270496,23002.042016,22609.042512,23161.376496,-40.12550399999782,"[-759.5619999999999, 869.707488]",-0.16551560578510482,"[-3.299440020379707, 3.7265533214217994]",12,3,36,10000
gpu,ptsans,2,grid_unique_sizes,complete controlled sequence,32,3008,submit_us,updated45,final,25581.959007999998,25585.604992,25414.085008000002,25830.918496,91.2960000000021,"[-1168.3115039999993, 702.0610079999988]",0.3839997812402962,"[-4.420189381619583, 2.6803732487461707]",12,3,36,10000
gpu,ptsans,2,grid_unique_sizes,complete controlled sequence,32,3008,complete_us,updated45,final,48894.354496,47901.210496,52318.669008,49701.876000000004,2054.833488000004,"[-8094.792000000001, 5624.540495999998]",4.686334137635195,"[-14.790890741227543, 10.854115907706396]",12,3,36,10000
gpu,ptsans,2,grid_unique_variations,complete controlled sequence,32,3008,draw_us,master,prior,18883.894496,15498.586,18970.978496,15157.333488,-2802.352016,"[-3592.7045119999993, -1748.873504000001]",-16.346621353219824,"[-19.234962613396288, -9.281396619058896]",12,3,36,10000
gpu,ptsans,2,grid_unique_variations,complete controlled sequence,32,3008,submit_us,master,prior,21710.606,18148.564496,21710.606,17830.789488000002,-2800.328511999998,"[-3539.687008000001, -1839.3315039999998]",-14.350345703698208,"[-16.653344587687748, -6.041144908161344]",12,3,36,10000
gpu,ptsans,2,grid_unique_variations,complete controlled sequence,32,3008,complete_us,master,prior,42769.062496,39194.892496,47790.061504,40659.494496,-1682.2274880000004,"[-5724.587520000001, 1714.1834879999988]",-2.7675097409145866,"[-11.918514227439347, 4.898414229676817]",12,3,36,10000
gpu,ptsans,2,grid_unique_variations,complete controlled sequence,32,3008,draw_us,master,updated45,18883.894496,15768.583504,18970.978496,15699.814,-3094.209007999999,"[-3548.123504, -2454.2870079999993]",-17.00594059747185,"[-19.035863874039606, -13.792410635400532]",12,3,36,10000
gpu,ptsans,2,grid_unique_variations,complete controlled sequence,32,3008,submit_us,master,updated45,21710.606,18512.437504,21710.606,18512.437504,-2897.041008000002,"[-3574.729487999999, -2485.1460000000006]",-14.063080904720604,"[-16.72354181329704, -12.125866848789101]",12,3,36,10000
gpu,ptsans,2,grid_unique_variations,complete controlled sequence,32,3008,complete_us,master,updated45,42769.062496,39006.915008,47790.061504,40693.019504,-3924.8770080000013,"[-10756.065487999997, -586.3944960000008]",-10.301916280767731,"[-19.14679501786371, -0.9653963386520528]",12,3,36,10000
gpu,ptsans,2,grid_unique_variations,complete controlled sequence,32,3008,draw_us,master,final,18883.894496,15930.917504000001,18970.978496,15911.52,-3013.626,"[-3945.0415040000016, -2643.8959999999997]",-15.59729242130249,"[-19.48190359357431, -12.055494968369857]",12,3,36,10000
gpu,ptsans,2,grid_unique_variations,complete controlled sequence,32,3008,submit_us,master,final,21710.606,18541.543488,21710.606,18501.646,-2995.4979840000015,"[-4241.892, -2616.3120160000017]",-13.66436113033102,"[-17.140544986222334, -10.030725864300438]",12,3,36,10000
gpu,ptsans,2,grid_unique_variations,complete controlled sequence,32,3008,complete_us,master,final,42769.062496,37379.898512,47790.061504,37080.020000000004,-6932.918496000002,"[-17121.168496, -1528.9365120000002]",-16.350691221827553,"[-23.943526231564466, -4.020347714098177]",12,3,36,10000
gpu,ptsans,2,grid_unique_variations,complete controlled sequence,32,3008,draw_us,prior,updated45,15498.586,15768.583504,15157.333488,15699.814,358.5855039999997,"[-94.0, 682.7110080000002]",2.385600687474798,"[-0.6376452310473513, 4.466007358649904]",12,3,36,10000
gpu,ptsans,2,grid_unique_variations,complete controlled sequence,32,3008,submit_us,prior,updated45,18148.564496,18512.437504,17830.789488000002,18512.437504,367.02299199999834,"[-149.73247999999876, 965.9195039999977]",2.1999119058648486,"[-0.8714949629234026, 5.3214066603258665]",12,3,36,10000
gpu,ptsans,2,grid_unique_variations,complete controlled sequence,32,3008,complete_us,prior,updated45,39194.892496,39006.915008,40659.494496,40693.019504,-496.9170079999967,"[-6101.314000000004, 1571.9374880000032]",-1.0808223601708522,"[-13.375606719129518, 3.7778733010880416]",12,3,36,10000
gpu,ptsans,2,grid_unique_variations,complete controlled sequence,32,3008,draw_us,prior,final,15498.586,15930.917504000001,15157.333488,15911.52,161.37300799999957,"[-1549.496000000001, 1055.937007999999]",1.125718252762531,"[-4.937801866525981, 6.937707358289713]",12,3,36,10000
gpu,ptsans,2,grid_unique_variations,complete controlled sequence,32,3008,submit_us,prior,final,18148.564496,18541.543488,17830.789488000002,18501.646,120.72651199999927,"[-1720.8320000000003, 1398.5859999999975]",0.6549595938812047,"[-3.043151047711901, 7.776326183053728]",12,3,36,10000
gpu,ptsans,2,grid_unique_variations,complete controlled sequence,32,3008,complete_us,prior,final,39194.892496,37379.898512,40659.494496,37080.020000000004,-5855.502511999999,"[-12911.606000000003, -1286.3104959999982]",-14.02206796927477,"[-17.931724687830304, -3.5991158512926056]",12,3,36,10000
gpu,ptsans,2,grid_unique_variations,complete controlled sequence,32,3008,draw_us,updated45,final,15768.583504,15930.917504000001,15699.814,15911.52,165.58150399999886,"[-351.39299200000005, 1114.4764959999993]",1.0774666128353871,"[-2.3809064943633276, 6.812581187186451]",12,3,36,10000
gpu,ptsans,2,grid_unique_variations,complete controlled sequence,32,3008,submit_us,updated45,final,18512.437504,18541.543488,18512.437504,18501.646,62.22899199999847,"[-480.2315039999994, 1689.606991999999]",0.35453713621255156,"[-2.725448146254905, 9.219813491170337]",12,3,36,10000
gpu,ptsans,2,grid_unique_variations,complete controlled sequence,32,3008,complete_us,updated45,final,39006.915008,37379.898512,40693.019504,37080.020000000004,-3773.436991999999,"[-8740.750496, 2479.3774879999946]",-10.567354477273433,"[-18.343690846758385, 5.45367472692454]",12,3,36,10000
gpu,ptsans,2,text,sum of reported phases; excludes 119 unreported warmup frames,88,7114,draw_us,master,prior,132425.27049800003,122842.41299100002,132117.562995,122288.09948500001,-9081.852519500004,"[-14076.50149200001, -6373.922006999994]",-7.010424500021722,"[-8.65225606002788, -5.012188537972628]",12,3,36,10000
gpu,ptsans,2,text,sum of reported phases; excludes 119 unreported warmup frames,88,7114,submit_us,master,prior,155201.24801450002,144283.185,154311.648005,143569.935498,-9624.85651550001,"[-14699.477496000007, -5713.480020499992]",-6.170191051766022,"[-7.970652446510995, -3.6884428781619576]",12,3,36,10000
gpu,ptsans,2,text,sum of reported phases; excludes 119 unreported warmup frames,88,7114,complete_us,master,prior,234286.3949915,221209.146503,238046.3539925,220013.330509,-11711.586995499994,"[-22331.166483500012, -1938.6689935000177]",-5.387266533003854,"[-8.58545229794751, -0.915395676223496]",12,3,36,10000
gpu,ptsans,2,text,sum of reported phases; excludes 119 unreported warmup frames,88,7114,draw_us,master,updated45,132425.27049800003,124061.1024945,132117.562995,124061.1024945,-8133.9200229999915,"[-9942.751517000004, -7523.417002000009]",-6.4087346545805275,"[-7.242126934068183, -5.650894992850548]",12,3,36,10000
gpu,ptsans,2,text,sum of reported phases; excludes 119 unreported warmup frames,88,7114,submit_us,master,updated45,155201.24801450002,145864.06349200002,154311.648005,145864.06349200002,-8321.622518499993,"[-11036.146009999997, -6634.441495999985]",-5.590620279347064,"[-6.963499659468736, -4.278660996538869]",12,3,36,10000
gpu,ptsans,2,text,sum of reported phases; excludes 119 unreported warmup frames,88,7114,complete_us,master,updated45,234286.3949915,224380.7555,238046.3539925,225396.78899700003,-13144.102999499999,"[-15400.793489500022, -8831.098496499995]",-5.177436582888673,"[-6.604634817210098, -3.7651150951165726]",12,3,36,10000
gpu,ptsans,2,text,sum of reported phases; excludes 119 unreported warmup frames,88,7114,draw_us,master,final,132425.27049800003,123757.54350999999,132117.562995,123939.207501,-9121.286497499997,"[-13616.687505999995, -5177.621994500005]",-7.141156944575372,"[-10.383742732552676, -3.863042467347999]",12,3,36,10000
gpu,ptsans,2,text,sum of reported phases; excludes 119 unreported warmup frames,88,7114,submit_us,master,final,155201.24801450002,145647.831495,154311.648005,145766.31399300002,-9437.979007000016,"[-15690.72252299999, -3407.3139979999833]",-6.331975448660643,"[-10.262325495269685, -2.1768368751398537]",12,3,36,10000
gpu,ptsans,2,text,sum of reported phases; excludes 119 unreported warmup frames,88,7114,complete_us,master,final,234286.3949915,221583.623998,238046.3539925,222241.76699799998,-9822.138983500015,"[-33974.62849450001, 11436.94300699998]",-4.2853801464879435,"[-10.492598507783175, 4.8399380364738676]",12,3,36,10000
gpu,ptsans,2,text,sum of reported phases; excludes 119 unreported warmup frames,88,7114,draw_us,prior,updated45,122842.41299100002,124061.1024945,122288.09948500001,124061.1024945,1071.2709985000038,"[-2685.480006999991, 5295.107989000004]",0.9148641831317139,"[-2.096186995329913, 4.188174402525058]",12,3,36,10000
gpu,ptsans,2,text,sum of reported phases; excludes 119 unreported warmup frames,88,7114,submit_us,prior,updated45,144283.185,145864.06349200002,143569.935498,145864.06349200002,1546.6260005000076,"[-3415.041989499994, 7697.501999500004]",1.1170772542185459,"[-2.2309930833891323, 5.163846476208123]",12,3,36,10000
gpu,ptsans,2,text,sum of reported phases; excludes 119 unreported warmup frames,88,7114,complete_us,prior,updated45,221209.146503,224380.7555,220013.330509,225396.78899700003,1108.8539825000043,"[-1788.875028999988, 8646.879510499974]",0.5040633297220598,"[-0.8471168432906462, 3.9025379664748394]",12,3,36,10000
gpu,ptsans,2,text,sum of reported phases; excludes 119 unreported warmup frames,88,7114,draw_us,prior,final,122842.41299100002,123757.54350999999,122288.09948500001,123939.207501,33.520003499994345,"[-6257.1655035, 7027.4250015]",0.027898563098893714,"[-4.715660931391125, 5.793258521124034]",12,3,36,10000
gpu,ptsans,2,text,sum of reported phases; excludes 119 unreported warmup frames,88,7114,submit_us,prior,final,144283.185,145647.831495,143569.935498,145766.31399300002,-383.11900299998524,"[-8660.274003499988, 10731.813008000012]",-0.2662329693492671,"[-5.41554334157493, 7.538030304554155]",12,3,36,10000
gpu,ptsans,2,text,sum of reported phases; excludes 119 unreported warmup frames,88,7114,complete_us,prior,final,221209.146503,221583.623998,220013.330509,222241.76699799998,2788.855487000008,"[-18118.090006000013, 21703.94449899999]",1.2937992917751662,"[-7.225522172044402, 9.87924894660358]",12,3,36,10000
gpu,ptsans,2,text,sum of reported phases; excludes 119 unreported warmup frames,88,7114,draw_us,updated45,final,124061.1024945,123757.54350999999,124061.1024945,123939.207501,-325.168505499998,"[-6274.2209914999985, 1497.7709945000024]",-0.2660222612093255,"[-5.168382926867632, 1.1819116880503855]",12,3,36,10000
gpu,ptsans,2,text,sum of reported phases; excludes 119 unreported warmup frames,88,7114,submit_us,updated45,final,145864.06349200002,145647.831495,145864.06349200002,145766.31399300002,-348.0004960000224,"[-8243.663019000014, 3034.311008500008]",-0.2650112631464918,"[-3.876971485744396, 2.026843502686071]",12,3,36,10000
gpu,ptsans,2,text,sum of reported phases; excludes 119 unreported warmup frames,88,7114,complete_us,updated45,final,224380.7555,221583.623998,225396.78899700003,222241.76699799998,1385.2069980000088,"[-7729.582994499971, 13688.675007999991]",0.6371266113685548,"[-2.980573817430354, 6.186830317742575]",12,3,36,10000
gpu,stock,2,demo,sum of reported phases; excludes 119 unreported warmup frames,65,5054,draw_us,master,prior,55240.121994,55998.999493999996,54341.123986000006,55653.623498,-693.6680020000058,"[-1163.0650110000024, 1825.7085210000005]",-1.4049947385492978,"[-2.1341418463637964, 3.3585628865720807]",12,3,36,10000
gpu,stock,2,demo,sum of reported phases; excludes 119 unreported warmup frames,65,5054,submit_us,master,prior,82780.62650000001,85735.186995,81816.54400200001,85101.812005,295.06249099999695,"[-1806.1904960000102, 4010.6619859999846]",0.2174971204330245,"[-2.284798597709603, 4.378589742042593]",12,3,36,10000
gpu,stock,2,demo,sum of reported phases; excludes 119 unreported warmup frames,65,5054,complete_us,master,prior,138272.961,157963.20901,137834.914988,152458.852998,6238.691488000004,"[1393.5629950000002, 17866.790988000008]",4.962633455590682,"[1.138332252624219, 11.405835613670167]",12,3,36,10000
gpu,stock,2,demo,sum of reported phases; excludes 119 unreported warmup frames,65,5054,draw_us,master,updated45,55240.121994,51815.252005,54341.123986000006,51166.666994,-879.5009900000041,"[-1997.0025019999994, 1998.753512999996]",-1.7279088266764442,"[-3.8340865428531545, 3.531983202467226]",12,3,36,10000
gpu,stock,2,demo,sum of reported phases; excludes 119 unreported warmup frames,65,5054,submit_us,master,updated45,82780.62650000001,78914.9415,81816.54400200001,77882.689495,-911.8815029999969,"[-3220.751500999999, 4122.267982999998]",-1.1859877557418796,"[-4.082729006270997, 4.851610699121478]",12,3,36,10000
gpu,stock,2,demo,sum of reported phases; excludes 119 unreported warmup frames,65,5054,complete_us,master,updated45,138272.961,133635.019494,137834.914988,131615.687504,3209.5245140000043,"[-4944.14748800001, 17224.355011000007]",2.2257326540369937,"[-3.7896642997582717, 12.214940862563672]",12,3,36,10000
gpu,stock,2,demo,sum of reported phases; excludes 119 unreported warmup frames,65,5054,draw_us,master,final,55240.121994,52009.627514,54341.123986000006,50725.99699,-1706.8209930000012,"[-3262.3730069999983, 53.56201300000248]",-3.2677521578097615,"[-5.781643628142019, 0.012810557759040941]",12,3,36,10000
gpu,stock,2,demo,sum of reported phases; excludes 119 unreported warmup frames,65,5054,submit_us,master,final,82780.62650000001,79668.377494,81816.54400200001,77593.667514,-1832.6279880000075,"[-4080.726014, 766.9139740000028]",-2.3207602733861075,"[-4.906837125995478, 0.8254338641062786]",12,3,36,10000
gpu,stock,2,demo,sum of reported phases; excludes 119 unreported warmup frames,65,5054,complete_us,master,final,138272.961,137404.483509,137834.914988,132364.95050099998,-227.77250900000217,"[-8434.583493999999, 3126.6870090000084]",-0.1746260919116116,"[-5.3124337730818425, 2.3513016038791523]",12,3,36,10000
gpu,stock,2,demo,sum of reported phases; excludes 119 unreported warmup frames,65,5054,draw_us,prior,updated45,55998.999493999996,51815.252005,55653.623498,51166.666994,-55.542498000002524,"[-2152.544511, 1620.5810050000036]",-0.11264780957315201,"[-3.940987256364936, 2.8813273728565347]",12,3,36,10000
gpu,stock,2,demo,sum of reported phases; excludes 119 unreported warmup frames,65,5054,submit_us,prior,updated45,85735.186995,78914.9415,85101.812005,77882.689495,-228.1710200000016,"[-3416.0595179999946, 2066.707497000003]",-0.30317704245494403,"[-4.089110041099254, 2.423725864314208]",12,3,36,10000
gpu,stock,2,demo,sum of reported phases; excludes 119 unreported warmup frames,65,5054,complete_us,prior,updated45,157963.20901,133635.019494,152458.852998,131615.687504,-1367.9389839999858,"[-8773.528501000008, 6924.899019999997]",-0.9702260558490494,"[-6.353543966631009, 4.506839211336988]",12,3,36,10000
gpu,stock,2,demo,sum of reported phases; excludes 119 unreported warmup frames,65,5054,draw_us,prior,final,55998.999493999996,52009.627514,55653.623498,50725.99699,-546.2519930000017,"[-6957.063008000001, -166.5505069999963]",-1.0078931589378337,"[-11.941272882758136, -0.31754472199719275]",12,3,36,10000
gpu,stock,2,demo,sum of reported phases; excludes 119 unreported warmup frames,65,5054,submit_us,prior,final,85735.186995,79668.377494,85101.812005,77593.667514,-1681.086507,"[-10317.000998000003, -148.52350199999637]",-1.899770056893374,"[-11.547363482512596, -0.19451572642717463]",12,3,36,10000
gpu,stock,2,demo,sum of reported phases; excludes 119 unreported warmup frames,65,5054,complete_us,prior,final,157963.20901,137404.483509,152458.852998,132364.95050099998,-9673.241493000001,"[-32701.104500999994, -4441.670473999999]",-7.158498725604429,"[-18.228038266335528, -2.958999818903485]",12,3,36,10000
gpu,stock,2,demo,sum of reported phases; excludes 119 unreported warmup frames,65,5054,draw_us,updated45,final,51815.252005,52009.627514,51166.666994,50725.99699,-482.33750399999553,"[-1091.4644960000005, 60.233507000004465]",-0.9703109668403487,"[-1.9358962388111411, 0.12637653656885073]",12,3,36,10000
gpu,stock,2,demo,sum of reported phases; excludes 119 unreported warmup frames,65,5054,submit_us,updated45,final,78914.9415,79668.377494,77882.689495,77593.667514,-347.1634879999983,"[-1703.709508, 77.10301400000026]",-0.46912170456538393,"[-1.9026097919438323, 0.10014516054529521]",12,3,36,10000
gpu,stock,2,demo,sum of reported phases; excludes 119 unreported warmup frames,65,5054,complete_us,updated45,final,133635.019494,137404.483509,131615.687504,132364.95050099998,-5158.606491999992,"[-21495.190009000013, 560.3074910000068]",-4.048841664623437,"[-12.357668284282358, 0.4305784662391121]",12,3,36,10000
gpu,stock,2,font_variations,sum of reported phases; excludes 119 unreported warmup frames,63,2138,draw_us,master,prior,18050.081489,18124.230505,17597.624000000003,18412.106004,205.39999399999942,"[-169.35799100000077, 1580.4850119999974]",1.1217143653197426,"[-0.9886018426709553, 7.61507703114177]",12,3,36,10000
gpu,stock,2,font_variations,sum of reported phases; excludes 119 unreported warmup frames,63,2138,submit_us,master,prior,23403.603992,23470.583004,22684.143996,23886.979006,-56.912499000000025,"[-475.6945140000007, 2022.5844970000016]",-0.26870593929595454,"[-2.2326459977958346, 9.01403179438105]",12,3,36,10000
gpu,stock,2,font_variations,sum of reported phases; excludes 119 unreported warmup frames,63,2138,complete_us,master,prior,47025.584992000004,49338.981508,45038.249994,52117.91400800001,953.480015000001,"[-118.62300599999799, 10243.310004000003]",1.5654735208791126,"[-0.19371582329111847, 23.244426847984244]",12,3,36,10000
gpu,stock,2,font_variations,sum of reported phases; excludes 119 unreported warmup frames,63,2138,draw_us,master,updated45,18050.081489,17067.814502,17597.624000000003,16817.291495999998,-160.20949500000097,"[-647.04, 830.8994949999997]",-0.968554397152388,"[-3.782762807337975, 4.583396022371322]",12,3,36,10000
gpu,stock,2,font_variations,sum of reported phases; excludes 119 unreported warmup frames,63,2138,submit_us,master,updated45,23403.603992,21880.685996,22684.143996,21679.524501,-41.185514999999214,"[-745.7204890000012, 1089.3564999999999]",-0.18196100313678798,"[-3.4180484343321713, 4.6020035256171266]",12,3,36,10000
gpu,stock,2,font_variations,sum of reported phases; excludes 119 unreported warmup frames,63,2138,complete_us,master,updated45,47025.584992000004,43523.1045,45038.249994,41674.626002,384.6490019999983,"[-2910.772493000004, 6017.253516000001]",0.7126625507815176,"[-6.524536867882757, 13.866423322746023]",12,3,36,10000
gpu,stock,2,font_variations,sum of reported phases; excludes 119 unreported warmup frames,63,2138,draw_us,master,final,18050.081489,17486.418996,17597.624000000003,17168.705997999998,-70.6054839999997,"[-450.58199200000126, 145.26999899999828]",-0.42259209414443055,"[-2.6432245009893665, 0.814009871365573]",12,3,36,10000
gpu,stock,2,font_variations,sum of reported phases; excludes 119 unreported warmup frames,63,2138,submit_us,master,final,23403.603992,22525.772496,22684.143996,21989.245996,-227.66650599999775,"[-618.1270139999997, 139.2484919999988]",-0.9882443062847079,"[-2.9010766931821195, 0.6495927807325885]",12,3,36,10000
gpu,stock,2,font_variations,sum of reported phases; excludes 119 unreported warmup frames,63,2138,complete_us,master,final,47025.584992000004,45377.481502,45038.249994,44073.186497999995,-132.7750070000002,"[-3573.6899930000036, 2229.168493000001]",-0.316424884022376,"[-7.965671562164845, 4.493457032431946]",12,3,36,10000
gpu,stock,2,font_variations,sum of reported phases; excludes 119 unreported warmup frames,63,2138,draw_us,prior,updated45,18124.230505,17067.814502,18412.106004,16817.291495999998,-249.64200399999754,"[-1129.414495, 233.33298900000136]",-0.9518617594373058,"[-6.393474965087226, 1.437166325373318]",12,3,36,10000
gpu,stock,2,font_variations,sum of reported phases; excludes 119 unreported warmup frames,63,2138,submit_us,prior,updated45,23470.583004,21880.685996,23886.979006,21679.524501,-650.8104790000016,"[-1387.812006, 247.96148900000117]",-1.6205128232145982,"[-5.715119936954621, 1.191031100836648]",12,3,36,10000
gpu,stock,2,font_variations,sum of reported phases; excludes 119 unreported warmup frames,63,2138,complete_us,prior,updated45,49338.981508,43523.1045,52117.91400800001,41674.626002,-564.7510159999983,"[-6886.536493000007, 1045.084511000001]",-1.3914224610323989,"[-14.14046228297859, 2.275242374330899]",12,3,36,10000
gpu,stock,2,font_variations,sum of reported phases; excludes 119 unreported warmup frames,63,2138,draw_us,prior,final,18124.230505,17486.418996,18412.106004,17168.705997999998,-208.72451199999978,"[-1792.4840050000003, 282.6839910000008]",-1.2637339424503347,"[-9.639074560387556, 1.7167716505004371]",12,3,36,10000
gpu,stock,2,font_variations,sum of reported phases; excludes 119 unreported warmup frames,63,2138,submit_us,prior,final,23470.583004,22525.772496,23886.979006,21989.245996,-350.2044999999998,"[-2937.2525079999978, 466.39300699999876]",-1.6290036822377951,"[-11.950171362959761, 2.093550902747776]",12,3,36,10000
gpu,stock,2,font_variations,sum of reported phases; excludes 119 unreported warmup frames,63,2138,complete_us,prior,final,49338.981508,45377.481502,52117.91400800001,44073.186497999995,-2897.979503999999,"[-10498.753511000003, 1844.6049989999992]",-6.18023142041001,"[-19.498751768970074, 3.5601605098513733]",12,3,36,10000
gpu,stock,2,font_variations,sum of reported phases; excludes 119 unreported warmup frames,63,2138,draw_us,updated45,final,17067.814502,17486.418996,16817.291495999998,17168.705997999998,-147.22999400000117,"[-765.919992000001, 187.58100899999954]",-0.889694864631424,"[-4.043774686394269, 1.0369240027450766]",12,3,36,10000
gpu,stock,2,font_variations,sum of reported phases; excludes 119 unreported warmup frames,63,2138,submit_us,updated45,final,21880.685996,22525.772496,21679.524501,21989.245996,-266.13000699999793,"[-1132.7494909999987, 661.0409979999986]",-1.275543545211022,"[-4.7955459640594835, 2.8117963695299064]",12,3,36,10000
gpu,stock,2,font_variations,sum of reported phases; excludes 119 unreported warmup frames,63,2138,complete_us,updated45,final,43523.1045,45377.481502,41674.626002,44073.186497999995,-118.44051299999774,"[-5159.664011000001, 1719.357992000001]",-0.28372283203240145,"[-9.712949841753277, 3.768107431560186]",12,3,36,10000
gpu,stock,2,grid_pollution,complete controlled sequence,67,6298,draw_us,master,prior,33929.207484,35576.581508,33995.372004,36322.288008,-414.3545159999994,"[-719.4955120000013, 1910.6854959999982]",-1.3064745279980694,"[-2.24978538986077, 4.729835879519184]",12,3,36,10000
gpu,stock,2,grid_pollution,complete controlled sequence,67,6298,submit_us,master,prior,37969.376008,40220.228508,38096.456484,41067.333020000005,-315.8319920000031,"[-819.8130279999968, 2503.4760160000005]",-0.8954748602150675,"[-2.227887580280746, 5.405662786861509]",12,3,36,10000
gpu,stock,2,grid_pollution,complete controlled sequence,67,6298,complete_us,master,prior,79512.348016,81896.937516,79001.646488,83208.064004,-1982.507500000007,"[-10809.042515999994, 5737.542991999995]",-2.138302267799652,"[-8.095046233654575, 7.178497627143399]",12,3,36,10000
gpu,stock,2,grid_pollution,complete controlled sequence,67,6298,draw_us,master,updated45,33929.207484,31431.670488,33995.372004,31400.001992,-603.0409920000002,"[-1059.2914999999975, 1097.43448]",-1.8973722326707188,"[-3.290120227286952, 3.0669780883148645]",12,3,36,10000
gpu,stock,2,grid_pollution,complete controlled sequence,67,6298,submit_us,master,updated45,37969.376008,35129.044471999994,38096.456484,35124.980496,-664.9840079999994,"[-1076.7705000000024, 1694.519003999998]",-1.8788125867059358,"[-2.9834762634121437, 4.196935954376579]",12,3,36,10000
gpu,stock,2,grid_pollution,complete controlled sequence,67,6298,complete_us,master,updated45,79512.348016,71884.3725,79001.646488,71130.58702800001,-271.040992000002,"[-7187.405495999999, 6997.1869679999945]",-0.38603828931529915,"[-9.823558242417146, 8.262011036797857]",12,3,36,10000
gpu,stock,2,grid_pollution,complete controlled sequence,67,6298,draw_us,master,final,33929.207484,32756.287023999997,33995.372004,32682.334492,-889.9395079999995,"[-1564.8530280000014, -421.0590080000002]",-2.6471815738532745,"[-4.589813015518884, -1.3283734316685059]",12,3,36,10000
gpu,stock,2,grid_pollution,complete controlled sequence,67,6298,submit_us,master,final,37969.376008,36698.686,38096.456484,36466.939979999996,-885.9815359999993,"[-1899.1660040000024, -402.3529959999978]",-2.4829506030770334,"[-4.94611563312456, -1.139085343517915]",12,3,36,10000
gpu,stock,2,grid_pollution,complete controlled sequence,67,6298,complete_us,master,final,79512.348016,71443.26801599999,79001.646488,71338.685016,-5158.063023999999,"[-18266.920491999997, 3114.6919839999973]",-5.877434964308054,"[-19.286666638498307, 4.439861014493696]",12,3,36,10000
gpu,stock,2,grid_pollution,complete controlled sequence,67,6298,draw_us,prior,updated45,35576.581508,31431.670488,36322.288008,31400.001992,-253.43449599999985,"[-6208.411971999996, 464.1655000000028]",-0.8105520170658409,"[-16.662732534724494, 1.3202936685326905]",12,3,36,10000
gpu,stock,2,grid_pollution,complete controlled sequence,67,6298,submit_us,prior,updated45,40220.228508,35129.044471999994,41067.333020000005,35124.980496,-386.460024,"[-8295.372520000004, 617.8300279999967]",-1.1043546214725142,"[-19.286805646829322, 1.5436665031809182]",12,3,36,10000
gpu,stock,2,grid_pollution,complete controlled sequence,67,6298,complete_us,prior,updated45,81896.937516,71884.3725,83208.064004,71130.58702800001,-2413.8565039999958,"[-13526.015975999995, 5980.001504]",-3.541876230476493,"[-15.924547837202713, 5.856835788184017]",12,3,36,10000
gpu,stock,2,grid_pollution,complete controlled sequence,67,6298,draw_us,prior,final,35576.581508,32756.287023999997,36322.288008,32682.334492,-1580.9169840000013,"[-4450.189011999997, 18.55801600000268]",-4.221022174038092,"[-12.017020394548755, 0.0592016459778244]",12,3,36,10000
gpu,stock,2,grid_pollution,complete controlled sequence,67,6298,submit_us,prior,final,40220.228508,36698.686,41067.333020000005,36466.939979999996,-2383.1245039999994,"[-5868.896008000003, 12.788508000001457]",-5.150598651736793,"[-13.733659972814333, 0.03645320692935439]",12,3,36,10000
gpu,stock,2,grid_pollution,complete controlled sequence,67,6298,complete_us,prior,final,81896.937516,71443.26801599999,83208.064004,71338.685016,-5092.5625159999945,"[-14901.104972000008, -1087.3895359999951]",-7.318403748869818,"[-17.442850105390523, -1.5590230814446049]",12,3,36,10000
gpu,stock,2,grid_pollution,complete controlled sequence,67,6298,draw_us,updated45,final,31431.670488,32756.287023999997,31400.001992,32682.334492,-187.37350399999923,"[-2023.939011999999, 0.6244680000017979]",-0.6006327390960853,"[-5.4835102506995135, 0.002862356506122543]",12,3,36,10000
gpu,stock,2,grid_pollution,complete controlled sequence,67,6298,submit_us,updated45,final,35129.044471999994,36698.686,35124.980496,36466.939979999996,-223.56300799999735,"[-2632.9575079999995, 312.172004]",-0.6421942279350168,"[-6.226310894664244, 0.8691602796876974]",12,3,36,10000
gpu,stock,2,grid_pollution,complete controlled sequence,67,6298,complete_us,updated45,final,71884.3725,71443.26801599999,71130.58702800001,71338.685016,-412.24650799999654,"[-17868.019508, 919.5020040000018]",-0.3700013008334391,"[-18.793718223646948, 1.2770978892409524]",12,3,36,10000
gpu,stock,2,grid_singleton,complete controlled sequence,1,94,draw_us,master,prior,598.6665,545.875,592.8330000000001,534.625,-37.25,"[-105.87500000000003, -10.333000000000027]",-7.297903348414803,"[-16.460313602316635, -1.6749581951903236]",12,3,36,10000
gpu,stock,2,grid_singleton,complete controlled sequence,1,94,submit_us,master,prior,2100.2915000000003,2109.1875,2091.0415000000003,2029.8545,-48.97900000000004,"[-120.33300000000008, 3.6249999999997726]",-2.498746216350151,"[-6.270649910573922, 0.0416035460774955]",12,3,36,10000
gpu,stock,2,grid_singleton,complete controlled sequence,1,94,complete_us,master,prior,3280.5415000000003,3367.6045,3340.6459999999997,3391.2705,71.25,"[-98.52099999999996, 476.3955000000001]",2.57044833549126,"[-3.1189443652031192, 11.844581251667696]",12,3,36,10000
gpu,stock,2,grid_singleton,complete controlled sequence,1,94,draw_us,master,updated45,598.6665,500.60400000000004,592.8330000000001,503.2915,-76.50049999999999,"[-114.64599999999999, -17.958000000000027]",-12.433153123099322,"[-19.574917459630164, -3.166453614636733]",12,3,36,10000
gpu,stock,2,grid_singleton,complete controlled sequence,1,94,submit_us,master,updated45,2100.2915000000003,1979.6460000000002,2091.0415000000003,1943.063,-105.68700000000013,"[-184.125, -0.8749999999998863]",-5.62740831149594,"[-9.149355005691827, 0.004767623983675806]",12,3,36,10000
gpu,stock,2,grid_singleton,complete controlled sequence,1,94,complete_us,master,updated45,3280.5415000000003,3033.2709999999997,3340.6459999999997,2922.2709999999997,-112.70800000000008,"[-336.41650000000004, 54.20849999999996]",-3.9077929555445756,"[-9.960779013591415, 2.026569839899428]",12,3,36,10000
gpu,stock,2,grid_singleton,complete controlled sequence,1,94,draw_us,master,final,598.6665,518.979,592.8330000000001,504.83399999999995,-85.31200000000004,"[-107.31250000000003, -58.083500000000015]",-14.150612591294365,"[-17.00044765543639, -9.188259656590901]",12,3,36,10000
gpu,stock,2,grid_singleton,complete controlled sequence,1,94,submit_us,master,final,2100.2915000000003,1981.9375,2091.0415000000003,1943.146,-114.37450000000013,"[-196.063, -33.500499999999874]",-5.29876024245614,"[-9.174481571183989, -1.5288806958487555]",12,3,36,10000
gpu,stock,2,grid_singleton,complete controlled sequence,1,94,complete_us,master,final,3280.5415000000003,3144.208,3340.6459999999997,3120.6455,-73.39599999999996,"[-192.20849999999996, -3.625]",-2.5342420026271126,"[-5.647645604367713, -0.11987362470914364]",12,3,36,10000
gpu,stock,2,grid_singleton,complete controlled sequence,1,94,draw_us,prior,updated45,545.875,500.60400000000004,534.625,503.2915,-4.50049999999996,"[-18.125499999999988, 7.646000000000043]",-0.9517430315324871,"[-3.716473369094997, 1.0780223758510843]",12,3,36,10000
gpu,stock,2,grid_singleton,complete controlled sequence,1,94,submit_us,prior,updated45,2109.1875,1979.6460000000002,2029.8545,1943.063,-20.979000000000042,"[-118.08349999999996, 20.60450000000003]",-1.0325755689580107,"[-3.4999534347300907, 1.0629547322360544]",12,3,36,10000
gpu,stock,2,grid_singleton,complete controlled sequence,1,94,complete_us,prior,updated45,3367.6045,3033.2709999999997,3391.2705,2922.2709999999997,-164.89599999999996,"[-525.6659999999999, 28.416999999999916]",-5.053753512481984,"[-12.902013243931753, 1.0498853207422831]",12,3,36,10000
gpu,stock,2,grid_singleton,complete controlled sequence,1,94,draw_us,prior,final,545.875,518.979,534.625,504.83399999999995,-28.708499999999987,"[-125.54100000000005, 15.6875]",-5.050759826646073,"[-17.440405672179303, 3.3110742983077035]",12,3,36,10000
gpu,stock,2,grid_singleton,complete controlled sequence,1,94,submit_us,prior,final,2109.1875,1981.9375,2029.8545,1943.146,-52.52099999999996,"[-244.64549999999997, 27.58299999999997]",-2.7161673394764274,"[-10.89492694105667, 1.5587980899224751]",12,3,36,10000
gpu,stock,2,grid_singleton,complete controlled sequence,1,94,complete_us,prior,final,3367.6045,3144.208,3391.2705,3120.6455,-193.87549999999987,"[-496.9370000000001, 9.770500000000084]",-6.685198583762614,"[-13.587930253444364, 0.3910681227918211]",12,3,36,10000
gpu,stock,2,grid_singleton,complete controlled sequence,1,94,draw_us,updated45,final,500.60400000000004,518.979,503.2915,504.83399999999995,8.624499999999983,"[-49.97900000000001, 26.9795]",1.794993744443607,"[-9.205116950221997, 5.8189970972702625]",12,3,36,10000
gpu,stock,2,grid_singleton,complete controlled sequence,1,94,submit_us,updated45,final,1979.6460000000002,1981.9375,1943.063,1943.146,-5.958999999999946,"[-119.95850000000007, 60.29150000000004]",-0.31372060659230483,"[-5.7690367458143985, 3.3401695946810195]",12,3,36,10000
gpu,stock,2,grid_singleton,complete controlled sequence,1,94,complete_us,updated45,final,3033.2709999999997,3144.208,2922.2709999999997,3120.6455,-1.0205000000000837,"[-166.20899999999983, 205.79100000000017]",-0.015740099629640847,"[-5.36113203421767, 6.7228673517777615]",12,3,36,10000
gpu,stock,2,grid_two_phases,complete controlled sequence,2,188,draw_us,master,prior,1114.25,985.5619999999999,1059.3125,975.6465,-106.23049999999989,"[-137.08300000000008, 28.208000000000084]",-9.98658734174231,"[-13.592234714683748, 2.5394409565337783]",12,3,36,10000
gpu,stock,2,grid_two_phases,complete controlled sequence,2,188,submit_us,master,prior,2562.8955,2460.8125,2562.8955,2489.459,-122.9369999999999,"[-190.2924999999998, 87.35449999999992]",-5.377813150497968,"[-7.3183903688734455, 3.5080963776777496]",12,3,36,10000
gpu,stock,2,grid_two_phases,complete controlled sequence,2,188,complete_us,master,prior,4103.271,4731.479,3890.7084999999997,4693.229,226.95850000000019,"[-202.77150000000006, 1006.6455000000005]",6.346499340034162,"[-4.469369360492109, 22.74345003693856]",12,3,36,10000
gpu,stock,2,grid_two_phases,complete controlled sequence,2,188,draw_us,master,updated45,1114.25,935.729,1059.3125,888.2295,-125.95850000000002,"[-172.37450000000007, -67.31249999999989]",-13.020511000822054,"[-16.559570155890334, -6.596072072299847]",12,3,36,10000
gpu,stock,2,grid_two_phases,complete controlled sequence,2,188,submit_us,master,updated45,2562.8955,2310.1045,2562.8955,2227.8545,-180.12450000000013,"[-342.0205000000001, -21.77000000000021]",-7.064738721828151,"[-13.61074845867526, -0.9717519496669991]",12,3,36,10000
gpu,stock,2,grid_two_phases,complete controlled sequence,2,188,complete_us,master,updated45,4103.271,4198.5,3890.7084999999997,4081.9795,-69.35350000000017,"[-369.7494999999999, 475.1039999999998]",-1.8930170163962867,"[-7.727844126332756, 10.591146561837927]",12,3,36,10000
gpu,stock,2,grid_two_phases,complete controlled sequence,2,188,draw_us,master,final,1114.25,938.2495,1059.3125,933.0,-162.27050000000014,"[-218.29149999999998, -88.39550000000003]",-16.101881449228188,"[-19.42552513689591, -8.284381351415004]",12,3,36,10000
gpu,stock,2,grid_two_phases,complete controlled sequence,2,188,submit_us,master,final,2562.8955,2394.6875,2562.8955,2410.1045,-160.87549999999987,"[-404.0620000000001, -124.27099999999996]",-6.52414989729836,"[-13.778169850632278, -5.03813870406899]",12,3,36,10000
gpu,stock,2,grid_two_phases,complete controlled sequence,2,188,complete_us,master,final,4103.271,4469.2085,3890.7084999999997,4469.2085,-172.8119999999999,"[-366.3544999999999, 348.5615]",-3.9067199910399752,"[-7.577343438240646, 9.219690033797468]",12,3,36,10000
gpu,stock,2,grid_two_phases,complete controlled sequence,2,188,draw_us,prior,updated45,985.5619999999999,935.729,975.6465,888.2295,-14.478999999999985,"[-61.70849999999996, 13.47850000000011]",-1.6374216294735844,"[-5.804794492146676, 1.3934459269963728]",12,3,36,10000
gpu,stock,2,grid_two_phases,complete controlled sequence,2,188,submit_us,prior,updated45,2460.8125,2310.1045,2489.459,2227.8545,-45.10500000000002,"[-109.12450000000013, 78.39549999999986]",-2.087713944801506,"[-4.344726565748147, 3.3814293612789426]",12,3,36,10000
gpu,stock,2,grid_two_phases,complete controlled sequence,2,188,complete_us,prior,updated45,4731.479,4198.5,4693.229,4081.9795,-0.6044999999999163,"[-750.1665000000003, 354.60400000000004]",-0.05932455064402431,"[-16.33001278153351, 7.546681422405377]",12,3,36,10000
gpu,stock,2,grid_two_phases,complete controlled sequence,2,188,draw_us,prior,final,985.5619999999999,938.2495,975.6465,933.0,-29.771000000000015,"[-206.64550000000003, -0.24950000000006867]",-3.433769598423564,"[-16.52791703937372, 0.052178561102717014]",12,3,36,10000
gpu,stock,2,grid_two_phases,complete controlled sequence,2,188,submit_us,prior,final,2460.8125,2394.6875,2489.459,2410.1045,-29.271999999999935,"[-319.8120000000001, 64.58399999999983]",-1.1497873977913964,"[-11.100323202692557, 2.8966478731184186]",12,3,36,10000
gpu,stock,2,grid_two_phases,complete controlled sequence,2,188,complete_us,prior,final,4731.479,4469.2085,4693.229,4469.2085,-153.85400000000027,"[-737.9165000000007, 118.68749999999955]",-2.5384342591460496,"[-15.484515245057645, 2.934892172114223]",12,3,36,10000
gpu,stock,2,grid_two_phases,complete controlled sequence,2,188,draw_us,updated45,final,935.729,938.2495,888.2295,933.0,7.9379999999998745,"[-37.99950000000007, 43.43700000000007]",0.8676450460188112,"[-3.959850966926182, 5.1050831780643176]",12,3,36,10000
gpu,stock,2,grid_two_phases,complete controlled sequence,2,188,submit_us,updated45,final,2310.1045,2394.6875,2227.8545,2410.1045,30.145500000000084,"[-162.25049999999987, 91.625]",1.4495717218741988,"[-6.220952975758881, 4.301196143566354]",12,3,36,10000
gpu,stock,2,grid_two_phases,complete controlled sequence,2,188,complete_us,updated45,final,4198.5,4469.2085,4081.9795,4469.2085,31.083499999999958,"[-271.39649999999983, 125.79200000000014]",0.8779269184636007,"[-5.62607183100095, 3.1215358494814827]",12,3,36,10000
gpu,stock,2,grid_unique_sizes,complete controlled sequence,32,3008,draw_us,master,prior,16090.083008,16702.750992,15615.459984000001,16756.145504,-158.28999999999905,"[-655.835008, 1277.979008000002]",-1.0273122029869908,"[-4.36792069836367, 8.448902897143917]",12,3,36,10000
gpu,stock,2,grid_unique_sizes,complete controlled sequence,32,3008,submit_us,master,prior,18642.396,19637.601007999998,18124.916,19808.811007999997,-226.94100799999978,"[-694.5184960000006, 1921.8934879999997]",-1.3394589931821521,"[-3.9878097671679935, 10.632910531689788]",12,3,36,10000
gpu,stock,2,grid_unique_sizes,complete controlled sequence,32,3008,complete_us,master,prior,41271.311504,43038.060512,40396.479007999995,46449.434496,337.5420000000013,"[-3443.2119999999977, 10623.145008]",1.338978521783235,"[-7.992466059464165, 22.780026269737988]",12,3,36,10000
gpu,stock,2,grid_unique_sizes,complete controlled sequence,32,3008,draw_us,master,updated45,16090.083008,14713.248992,15615.459984000001,14628.874,-445.3754879999997,"[-855.6055040000001, 86.24900800000069]",-3.027244695783354,"[-5.151476514130115, 0.465968866050015]",12,3,36,10000
gpu,stock,2,grid_unique_sizes,complete controlled sequence,32,3008,submit_us,master,updated45,18642.396,17188.021504,18124.916,16993.978496,-388.1055039999992,"[-878.4599839999992, 357.10348800000065]",-2.291187638796699,"[-4.450257538161573, 1.8222271656063715]",12,3,36,10000
gpu,stock,2,grid_unique_sizes,complete controlled sequence,32,3008,complete_us,master,updated45,41271.311504,38191.875503999996,40396.479007999995,37917.083504,-908.1644959999976,"[-4222.084511999998, 7680.5639999999985]",-2.4526050032838533,"[-10.673945020334541, 16.01997327993635]",12,3,36,10000
gpu,stock,2,grid_unique_sizes,complete controlled sequence,32,3008,draw_us,master,final,16090.083008,15015.145504,15615.459984000001,15031.021504,-614.8764799999999,"[-1182.4204959999997, -311.78948799999944]",-4.124086912024133,"[-7.118662713543989, -2.126360300960084]",12,3,36,10000
gpu,stock,2,grid_unique_sizes,complete controlled sequence,32,3008,submit_us,master,final,18642.396,17501.835008000002,18124.916,17461.998496,-664.7284959999997,"[-1172.855504000001, -305.95851199999925]",-3.845768305112973,"[-6.052943101126356, -1.8018139870581151]",12,3,36,10000
gpu,stock,2,grid_unique_sizes,complete controlled sequence,32,3008,complete_us,master,final,41271.311504,37546.856016000005,40396.479007999995,36989.794,-2101.5820160000003,"[-5179.331007999999, -1489.6249759999992]",-4.915178454981028,"[-13.258178729729153, -3.3220021649033873]",12,3,36,10000
gpu,stock,2,grid_unique_sizes,complete controlled sequence,32,3008,draw_us,prior,updated45,16702.750992,14713.248992,16756.145504,14628.874,-173.89750400000048,"[-1320.0209920000007, 241.70899200000076]",-1.096505718076013,"[-8.103806851125823, 1.6750237846027471]",12,3,36,10000
gpu,stock,2,grid_unique_sizes,complete controlled sequence,32,3008,submit_us,prior,updated45,19637.601007999998,17188.021504,19808.811007999997,16993.978496,-161.16449599999942,"[-1564.789999999999, 285.83400000000074]",-0.9647232284098417,"[-7.9486590903642576, 1.7307724281927839]",12,3,36,10000
gpu,stock,2,grid_unique_sizes,complete controlled sequence,32,3008,complete_us,prior,updated45,43038.060512,38191.875503999996,46449.434496,37917.083504,-1579.3730079999987,"[-4094.4380160000037, 1985.188992000003]",-3.4342234071132074,"[-6.77645092353194, 3.1824413752398084]",12,3,36,10000
gpu,stock,2,grid_unique_sizes,complete controlled sequence,32,3008,draw_us,prior,final,16702.750992,15015.145504,16756.145504,15031.021504,-358.5659999999989,"[-1878.5604960000019, -87.58400000000074]",-2.377607052265801,"[-11.00612857179425, -0.6086218426497758]",12,3,36,10000
gpu,stock,2,grid_unique_sizes,complete controlled sequence,32,3008,submit_us,prior,final,19637.601007999998,17501.835008000002,19808.811007999997,17461.998496,-484.93950399999994,"[-2894.3279999999995, 68.02100799999971]",-2.8793888826627145,"[-14.015467445149104, 0.40444218300010326]",12,3,36,10000
gpu,stock,2,grid_unique_sizes,complete controlled sequence,32,3008,complete_us,prior,final,43038.060512,37546.856016000005,46449.434496,36989.794,-2445.4584959999975,"[-13815.476991999996, -876.9175200000009]",-6.85192012066187,"[-26.181927859514953, -2.081585761763438]",12,3,36,10000
gpu,stock,2,grid_unique_sizes,complete controlled sequence,32,3008,draw_us,updated45,final,14713.248992,15015.145504,14628.874,15031.021504,-269.1029920000001,"[-787.251487999999, 78.35599999999977]",-1.7384087405777737,"[-4.773116107617087, 0.5539570523023896]",12,3,36,10000
gpu,stock,2,grid_unique_sizes,complete controlled sequence,32,3008,submit_us,updated45,final,17188.021504,17501.835008000002,16993.978496,17461.998496,-245.0840160000007,"[-1124.5840160000007, 59.126000000000204]",-1.3531304257973664,"[-5.527565513236427, 0.3573322948869806]",12,3,36,10000
gpu,stock,2,grid_unique_sizes,complete controlled sequence,32,3008,complete_us,updated45,final,38191.875503999996,37546.856016000005,37917.083504,36989.794,-1866.3080160000045,"[-4853.6704960000025, 5.752511999999115]",-4.939201690396433,"[-13.169232224167317, 0.015858767507415106]",12,3,36,10000
gpu,stock,2,grid_unique_variations,complete controlled sequence,32,3008,draw_us,master,prior,17714.834496,15816.831999999999,18030.522992,16202.185008,-2568.1464960000003,"[-2865.7299999999996, -1451.107984000002]",-14.782511416568834,"[-15.707465483998872, -7.324851641356311]",12,3,36,10000
gpu,stock,2,grid_unique_variations,complete controlled sequence,32,3008,submit_us,master,prior,20300.439008,18739.916992,20500.791504,19123.166495999998,-2503.5650079999987,"[-2987.6479679999993, -1300.8775039999982]",-12.909448998578283,"[-14.074603638348858, -5.571908734657893]",12,3,36,10000
gpu,stock,2,grid_unique_variations,complete controlled sequence,32,3008,complete_us,master,prior,39178.311488,38292.938512,40107.104,38768.979007999995,-1896.2110080000002,"[-3541.3744960000004, 3708.540495999998]",-5.3386083032601395,"[-10.133176985695169, 9.247644099512609]",12,3,36,10000
gpu,stock,2,grid_unique_variations,complete controlled sequence,32,3008,draw_us,master,updated45,17714.834496,14400.685504000001,18030.522992,14359.372992,-2599.982015999999,"[-3948.351504, -2329.7915040000007]",-15.5908004505322,"[-19.62250381851538, -13.058391164367016]",12,3,36,10000
gpu,stock,2,grid_unique_variations,complete controlled sequence,32,3008,submit_us,master,updated45,20300.439008,16774.856,20500.791504,16689.813503999998,-2604.877488,"[-4593.414495999999, -2238.1669919999995]",-13.71551925729163,"[-19.221566853268016, -10.927085229022765]",12,3,36,10000
gpu,stock,2,grid_unique_variations,complete controlled sequence,32,3008,complete_us,master,updated45,39178.311488,34907.127007999996,40107.104,33116.209008,-2776.4784959999997,"[-6547.085984000001, 5616.625504]",-7.5772425501975045,"[-17.16964513841483, 13.177359409496624]",12,3,36,10000
gpu,stock,2,grid_unique_variations,complete controlled sequence,32,3008,draw_us,master,final,17714.834496,14995.124,18030.522992,14935.250496,-2927.0820160000003,"[-3346.7079839999997, -2393.7864959999997]",-16.030301961848348,"[-18.538888088594913, -14.35466810878378]",12,3,36,10000
gpu,stock,2,grid_unique_variations,complete controlled sequence,32,3008,submit_us,master,final,20300.439008,17602.914991999998,20500.791504,17467.644992,-2764.314496000001,"[-3285.9364960000003, -2428.7520000000004]",-13.622681201502651,"[-15.991670742640668, -12.596381970689253]",12,3,36,10000
gpu,stock,2,grid_unique_variations,complete controlled sequence,32,3008,complete_us,master,final,39178.311488,35290.337008,40107.104,34455.980992,-2926.3500000000004,"[-9138.125488000001, 379.0189919999975]",-8.701891931874535,"[-22.338384584935667, 1.148677858969649]",12,3,36,10000
gpu,stock,2,grid_unique_variations,complete controlled sequence,32,3008,draw_us,prior,updated45,15816.831999999999,14400.685504000001,16202.185008,14359.372992,-319.085008,"[-3541.892015999998, 68.83400000000074]",-2.1982076413590015,"[-18.08895568853376, 0.4903609510555018]",12,3,36,10000
gpu,stock,2,grid_unique_variations,complete controlled sequence,32,3008,submit_us,prior,updated45,18739.916992,16774.856,19123.166495999998,16689.813503999998,-453.97799999999916,"[-4726.516992000001, -8.12348800000018]",-2.6488867121895856,"[-20.235637284640802, -0.04951074343028661]",12,3,36,10000
gpu,stock,2,grid_unique_variations,complete controlled sequence,32,3008,complete_us,prior,updated45,38292.938512,34907.127007999996,38768.979007999995,33116.209008,-3065.083504,"[-7975.126511999999, 1457.6465119999993]",-6.824439196356751,"[-20.565571515369868, 2.840192045944434]",12,3,36,10000
gpu,stock,2,grid_unique_variations,complete controlled sequence,32,3008,draw_us,prior,final,15816.831999999999,14995.124,16202.185008,14935.250496,-302.10148800000024,"[-2208.4350079999986, 253.46099200000026]",-2.0613543592241546,"[-13.129251338054733, 1.8094443033338736]",12,3,36,10000
gpu,stock,2,grid_unique_variations,complete controlled sequence,32,3008,submit_us,prior,final,18739.916992,17602.914991999998,19123.166495999998,17467.644992,-351.3544959999999,"[-2766.0380159999995, 266.16900799999985]",-2.0007204777423846,"[-13.910499865304793, 1.6086726766444959]",12,3,36,10000
gpu,stock,2,grid_unique_variations,complete controlled sequence,32,3008,complete_us,prior,final,38292.938512,35290.337008,38768.979007999995,34455.980992,-5115.096991999999,"[-9756.872, 2110.7730079999983]",-12.907405238080415,"[-20.13622482904895, 5.646434543219736]",12,3,36,10000
gpu,stock,2,grid_unique_variations,complete controlled sequence,32,3008,draw_us,updated45,final,14400.685504000001,14995.124,14359.372992,14935.250496,-15.832495999999992,"[-567.3295040000012, 443.8134880000007]",-0.10954801212492149,"[-3.4817382000091657, 3.0031581393046736]",12,3,36,10000
gpu,stock,2,grid_unique_variations,complete controlled sequence,32,3008,submit_us,updated45,final,16774.856,17602.914991999998,16689.813503999998,17467.644992,58.189008000000285,"[-526.6050080000005, 550.4989919999989]",0.35546191772083957,"[-2.6876027518605348, 3.1806350154159446]",12,3,36,10000
gpu,stock,2,grid_unique_variations,complete controlled sequence,32,3008,complete_us,updated45,final,34907.127007999996,35290.337008,33116.209008,34455.980992,-533.2900000000009,"[-3526.938511999999, 3020.4584959999975]",-1.0094067503173487,"[-8.20877803038731, 9.794004545755753]",12,3,36,10000
gpu,stock,2,text,sum of reported phases; excludes 119 unreported warmup frames,88,"{""final"": 8083, ""master"": 8081, ""prior"": 8081, ""updated45"": 8081}",draw_us,master,prior,124977.06199449999,127253.2049995,124089.168989,127710.93698900001,-2691.537494999997,"[-3170.501971999991, 173.97300400000677]",-2.171076103388897,"[-2.3777716354578926, 0.197664837788325]",12,3,36,10000
gpu,stock,2,text,sum of reported phases; excludes 119 unreported warmup frames,88,"{""final"": 8083, ""master"": 8081, ""prior"": 8081, ""updated45"": 8081}",submit_us,master,prior,146544.69000499998,150941.5795065,144772.774994,151361.37199100002,-2189.6264940000037,"[-3459.125007499999, 1953.8340044999932]",-1.4767309189726963,"[-2.30640746965447, 1.3063497433609628]",12,3,36,10000
gpu,stock,2,text,sum of reported phases; excludes 119 unreported warmup frames,88,"{""final"": 8083, ""master"": 8081, ""prior"": 8081, ""updated45"": 8081}",complete_us,master,prior,229719.897007,238176.95899999997,226991.3740095,242685.5639995,-3524.911497500012,"[-6737.954497500003, 10436.703995000018]",-1.6119943358603284,"[-2.9184815211817594, 4.684920061065745]",12,3,36,10000
gpu,stock,2,text,sum of reported phases; excludes 119 unreported warmup frames,88,"{""final"": 8083, ""master"": 8081, ""prior"": 8081, ""updated45"": 8081}",draw_us,master,updated45,124977.06199449999,119951.08349349999,124089.168989,119951.08349349999,-1907.892994000009,"[-3087.1274935000038, -498.66650200000004]",-1.5898721452840603,"[-2.5671983936051914, -0.40096607173472076]",12,3,36,10000
gpu,stock,2,text,sum of reported phases; excludes 119 unreported warmup frames,88,"{""final"": 8083, ""master"": 8081, ""prior"": 8081, ""updated45"": 8081}",submit_us,master,updated45,146544.69000499998,140663.774497,144772.774994,140602.75350450003,-1975.9529955000035,"[-4156.413506500001, 688.7714950000081]",-1.4120018116533795,"[-2.8247479669604445, 0.4926447489357888]",12,3,36,10000
gpu,stock,2,text,sum of reported phases; excludes 119 unreported warmup frames,88,"{""final"": 8083, ""master"": 8081, ""prior"": 8081, ""updated45"": 8081}",complete_us,master,updated45,229719.897007,221457.1290055,226991.3740095,222444.1065085,-2566.327508000002,"[-5220.268504000007, 1907.3494940000091]",-1.1678156384006488,"[-2.199387902181338, 0.8517442220388971]",12,3,36,10000
gpu,stock,2,text,sum of reported phases; excludes 119 unreported warmup frames,88,"{""final"": 8083, ""master"": 8081, ""prior"": 8081, ""updated45"": 8081}",draw_us,master,final,124977.06199449999,121890.8745095,124089.168989,120849.1880085,-2406.1479844999994,"[-5882.4394834999985, -1221.2494975000081]",-2.0205437080914157,"[-4.548517823384445, -1.0523950214630762]",12,3,36,10000
gpu,stock,2,text,sum of reported phases; excludes 119 unreported warmup frames,88,"{""final"": 8083, ""master"": 8081, ""prior"": 8081, ""updated45"": 8081}",submit_us,master,final,146544.69000499998,143775.22700900002,144772.774994,142858.0809975,-2015.0199925000197,"[-5779.147497000013, -680.0580144999985]",-1.4425137837461355,"[-3.8060661278595083, -0.4699438137859724]",12,3,36,10000
gpu,stock,2,text,sum of reported phases; excludes 119 unreported warmup frames,88,"{""final"": 8083, ""master"": 8081, ""prior"": 8081, ""updated45"": 8081}",complete_us,master,final,229719.897007,222889.37200099998,226991.3740095,221986.52348250002,-2777.7285164999776,"[-21615.826019, -1393.3790060000028]",-1.2639754460159858,"[-8.603549806150113, -0.6294267923578845]",12,3,36,10000
gpu,stock,2,text,sum of reported phases; excludes 119 unreported warmup frames,88,"{""final"": 8083, ""master"": 8081, ""prior"": 8081, ""updated45"": 8081}",draw_us,prior,updated45,127253.2049995,119951.08349349999,127710.93698900001,119951.08349349999,60.22800599999755,"[-7387.191003500004, 883.4994920000026]",0.04932982307702671,"[-4.434949415766265, 0.7754303189709821]",12,3,36,10000
gpu,stock,2,text,sum of reported phases; excludes 119 unreported warmup frames,88,"{""final"": 8083, ""master"": 8081, ""prior"": 8081, ""updated45"": 8081}",submit_us,prior,updated45,150941.5795065,140663.774497,151361.37199100002,140602.75350450003,-480.7700039999909,"[-9720.68399400002, 682.0850130000035]",-0.35149124949910293,"[-5.208976715956936, 0.5111717665476245]",12,3,36,10000
gpu,stock,2,text,sum of reported phases; excludes 119 unreported warmup frames,88,"{""final"": 8083, ""master"": 8081, ""prior"": 8081, ""updated45"": 8081}",complete_us,prior,updated45,238176.95899999997,221457.1290055,242685.5639995,222444.1065085,160.73498900000413,"[-21175.669989, 2704.142987500003]",0.07213804930082945,"[-8.501018296189356, 1.2882219481211488]",12,3,36,10000
gpu,stock,2,text,sum of reported phases; excludes 119 unreported warmup frames,88,"{""final"": 8083, ""master"": 8081, ""prior"": 8081, ""updated45"": 8081}",draw_us,prior,final,127253.2049995,121890.8745095,127710.93698900001,120849.1880085,-520.4575074999884,"[-8459.292989000001, 1769.142504000003]",-0.4453118393742572,"[-6.538223450047137, 1.5617413862957674]",12,3,36,10000
gpu,stock,2,text,sum of reported phases; excludes 119 unreported warmup frames,88,"{""final"": 8083, ""master"": 8081, ""prior"": 8081, ""updated45"": 8081}",submit_us,prior,final,150941.5795065,143775.22700900002,151361.37199100002,142858.0809975,-936.9624885000085,"[-11706.941013999996, 1968.233001499997]",-0.680949213505333,"[-7.565140892005301, 1.4791060662364575]",12,3,36,10000
gpu,stock,2,text,sum of reported phases; excludes 119 unreported warmup frames,88,"{""final"": 8083, ""master"": 8081, ""prior"": 8081, ""updated45"": 8081}",complete_us,prior,final,238176.95899999997,222889.37200099998,242685.5639995,221986.52348250002,-1811.9915044999943,"[-31595.250492499996, 3327.332486000014]",-0.7958028614672152,"[-12.199389284697487, 1.58262501788069]",12,3,36,10000
gpu,stock,2,text,sum of reported phases; excludes 119 unreported warmup frames,88,"{""final"": 8083, ""master"": 8081, ""prior"": 8081, ""updated45"": 8081}",draw_us,updated45,final,119951.08349349999,121890.8745095,119951.08349349999,120849.1880085,-363.3574979999903,"[-1648.771990500005, 847.0160020000039]",-0.3050385853909432,"[-1.379859656587562, 0.7088592502689006]",12,3,36,10000
gpu,stock,2,text,sum of reported phases; excludes 119 unreported warmup frames,88,"{""final"": 8083, ""master"": 8081, ""prior"": 8081, ""updated45"": 8081}",submit_us,updated45,final,140663.774497,143775.22700900002,140602.75350450003,142858.0809975,-39.06699700001627,"[-2104.5234950000013, 1673.0404914999817]",-0.03067860671395195,"[-1.4995622225993488, 1.1549319680362213]",12,3,36,10000
gpu,stock,2,text,sum of reported phases; excludes 119 unreported warmup frames,88,"{""final"": 8083, ""master"": 8081, ""prior"": 8081, ""updated45"": 8081}",complete_us,updated45,final,221457.1290055,222889.37200099998,222444.1065085,221986.52348250002,-3201.6814949999825,"[-9443.560500499996, 1665.850494000013]",-1.4598323062190222,"[-3.358378274375595, 0.7709814015871785]",12,3,36,10000
gpu,vollkorn,2,demo,sum of reported phases; excludes 119 unreported warmup frames,65,5102,draw_us,master,prior,166075.08399100002,113086.457505,165326.104009,112788.748495,-49599.127509000005,"[-52329.818496, -45457.71749100001]",-30.18570829195665,"[-32.14480401389875, -29.19259706654119]",12,3,36,10000
gpu,vollkorn,2,demo,sum of reported phases; excludes 119 unreported warmup frames,65,5102,submit_us,master,prior,196996.352493,140310.35651100002,194560.731495,139997.45801,-50325.22999799998,"[-54807.109486, -45599.92100400002]",-26.006299238948603,"[-28.492528137899132, -25.077367597326706]",12,3,36,10000
gpu,vollkorn,2,demo,sum of reported phases; excludes 119 unreported warmup frames,65,5102,complete_us,master,prior,274289.686507,209487.187996,271123.414507,206115.123505,-58119.27299500001,"[-66028.568996, -42122.916998999994]",-22.627428598035515,"[-23.16257584025294, -16.52852929602416]",12,3,36,10000
gpu,vollkorn,2,demo,sum of reported phases; excludes 119 unreported warmup frames,65,5102,draw_us,master,updated45,166075.08399100002,113752.354505,165326.104009,113669.856007,-50972.415488,"[-54111.62399700002, -47426.33749699999]",-30.828030777635476,"[-32.19194142468562, -29.66013383737754]",12,3,36,10000
gpu,vollkorn,2,demo,sum of reported phases; excludes 119 unreported warmup frames,65,5102,submit_us,master,updated45,196996.352493,141271.478507,194560.731495,141257.04499999998,-50986.233496000015,"[-57077.016493999996, -47295.418001]",-26.460926975563382,"[-28.859480291057046, -25.41757227474688]",12,3,36,10000
gpu,vollkorn,2,demo,sum of reported phases; excludes 119 unreported warmup frames,65,5102,complete_us,master,updated45,274289.686507,210554.868997,271123.414507,210124.582005,-58723.70951100002,"[-68476.15050699998, -49304.268996]",-21.798884787860107,"[-24.141770916997892, -18.651637502045105]",12,3,36,10000
gpu,vollkorn,2,demo,sum of reported phases; excludes 119 unreported warmup frames,65,5102,draw_us,master,final,166075.08399100002,117011.33750600001,165326.104009,116753.982504,-47189.08400200001,"[-51023.896502, -46428.541000000005]",-30.01962732803848,"[-30.77616871049726, -28.280417682464343]",12,3,36,10000
gpu,vollkorn,2,demo,sum of reported phases; excludes 119 unreported warmup frames,65,5102,submit_us,master,final,196996.352493,146506.708491,194560.731495,146623.979489,-47185.39299999998,"[-52398.265501, -44209.83700300001]",-25.169895660939765,"[-27.0365954158356, -23.187173332802665]",12,3,36,10000
gpu,vollkorn,2,demo,sum of reported phases; excludes 119 unreported warmup frames,65,5102,complete_us,master,final,274289.686507,221011.310497,271123.414507,219180.53950400001,-49614.95848699998,"[-60403.37650300002, -44647.91649799998]",-19.066129303240267,"[-21.85171307488296, -16.044922529573007]",12,3,36,10000
gpu,vollkorn,2,demo,sum of reported phases; excludes 119 unreported warmup frames,65,5102,draw_us,prior,updated45,113086.457505,113752.354505,112788.748495,113669.856007,-552.1455019999921,"[-4032.269988, 876.750494999993]",-0.5234569759977326,"[-3.3662746567211355, 0.8214999736015471]",12,3,36,10000
gpu,vollkorn,2,demo,sum of reported phases; excludes 119 unreported warmup frames,65,5102,submit_us,prior,updated45,140310.35651100002,141271.478507,139997.45801,141257.04499999998,-300.1655100000062,"[-5563.187491999997, 1667.5864969999966]",-0.2281322600009239,"[-3.8231011579993703, 1.1931919058998264]",12,3,36,10000
gpu,vollkorn,2,demo,sum of reported phases; excludes 119 unreported warmup frames,65,5102,complete_us,prior,updated45,209487.187996,210554.868997,206115.123505,210124.582005,2040.9155249999894,"[-808.3300119999913, 5242.481998000003]",0.9127439145576899,"[-0.3671006422008072, 2.6210164316710416]",12,3,36,10000
gpu,vollkorn,2,demo,sum of reported phases; excludes 119 unreported warmup frames,65,5102,draw_us,prior,final,113086.457505,117011.33750600001,112788.748495,116753.982504,504.4369940000106,"[-3382.2245029999976, 4174.126509999987]",0.43854253381546693,"[-2.8196533519481095, 3.7087745524470805]",12,3,36,10000
gpu,vollkorn,2,demo,sum of reported phases; excludes 119 unreported warmup frames,65,5102,submit_us,prior,final,140310.35651100002,146506.708491,139997.45801,146623.979489,2148.0174979999865,"[-4576.641504999992, 6626.521478999988]",1.4725943687117327,"[-3.0357604178430084, 4.7389759674047465]",12,3,36,10000
gpu,vollkorn,2,demo,sum of reported phases; excludes 119 unreported warmup frames,65,5102,complete_us,prior,final,209487.187996,221011.310497,206115.123505,219180.53950400001,-1446.3970049999916,"[-9844.731977999996, 17120.79348800001]",-0.7493740074390076,"[-4.2331714282167034, 8.183366313269346]",12,3,36,10000
gpu,vollkorn,2,demo,sum of reported phases; excludes 119 unreported warmup frames,65,5102,draw_us,updated45,final,113752.354505,117011.33750600001,113669.856007,116753.982504,2040.0654900000009,"[-348.0214990000022, 3782.4149980000075]",1.7088466564510907,"[-0.26710322032690303, 3.3353123018134867]",12,3,36,10000
gpu,vollkorn,2,demo,sum of reported phases; excludes 119 unreported warmup frames,65,5102,submit_us,updated45,final,141271.478507,146506.708491,141257.04499999998,146623.979489,3734.126000000004,"[-550.606492999992, 5381.998485999997]",2.4989217090374716,"[-0.3505390843581535, 3.7473363999435017]",12,3,36,10000
gpu,vollkorn,2,demo,sum of reported phases; excludes 119 unreported warmup frames,65,5102,complete_us,updated45,final,210554.868997,221011.310497,210124.582005,219180.53950400001,4842.961494000003,"[-5985.565493999995, 17683.979496999993]",2.363875018896222,"[-2.7579887102065106, 8.474625731456376]",12,3,36,10000
gpu,vollkorn,2,font_variations,sum of reported phases; excludes 119 unreported warmup frames,63,2138,draw_us,master,prior,18320.003,16759.980999,18167.625505,16910.870003999997,-760.5000049999999,"[-1320.3550010000017, 300.14850600000136]",-4.146297295386386,"[-7.033134521048067, 1.7160917177106438]",12,3,36,10000
gpu,vollkorn,2,font_variations,sum of reported phases; excludes 119 unreported warmup frames,63,2138,submit_us,master,prior,23748.166000999998,21651.080995,23337.460501,21708.579499,-1025.0579940000025,"[-2263.830495, 335.1869920000008]",-4.603706672094959,"[-8.683855575009536, 1.2726166586390197]",12,3,36,10000
gpu,vollkorn,2,font_variations,sum of reported phases; excludes 119 unreported warmup frames,63,2138,complete_us,master,prior,49541.310497,43078.251005,48446.685989000005,41821.417508,-740.1259860000027,"[-5596.349494000002, 1496.4575070000028]",-1.81730361385799,"[-9.938174754893137, 3.065486213570412]",12,3,36,10000
gpu,vollkorn,2,font_variations,sum of reported phases; excludes 119 unreported warmup frames,63,2138,draw_us,master,updated45,18320.003,17549.373505,18167.625505,17650.227006,-576.772997,"[-1105.9715099999994, -227.22649600000295]",-3.2322236636567636,"[-5.737705246126485, -1.2935333573394325]",12,3,36,10000
gpu,vollkorn,2,font_variations,sum of reported phases; excludes 119 unreported warmup frames,63,2138,submit_us,master,updated45,23748.166000999998,22357.500004,23337.460501,22665.164006,-944.7129859999986,"[-2036.379997, -401.97899900000084]",-4.080557318341838,"[-8.063308499025357, -1.834706373807743]",12,3,36,10000
gpu,vollkorn,2,font_variations,sum of reported phases; excludes 119 unreported warmup frames,63,2138,complete_us,master,updated45,49541.310497,43822.500002,48446.685989000005,44858.62049,-1177.1254880000015,"[-3453.524989999998, -248.19100600000093]",-2.156428139839184,"[-6.7303943791581275, -0.40446135351188683]",12,3,36,10000
gpu,vollkorn,2,font_variations,sum of reported phases; excludes 119 unreported warmup frames,63,2138,draw_us,master,final,18320.003,18123.586001,18167.625505,18145.751008,-107.16949199999908,"[-833.6889940000001, 546.9145110000018]",-0.5765822200142767,"[-4.549826563911907, 3.041823136156596]",12,3,36,10000
gpu,vollkorn,2,font_variations,sum of reported phases; excludes 119 unreported warmup frames,63,2138,submit_us,master,final,23748.166000999998,23459.729005,23337.460501,23481.915488,-301.855494999998,"[-1125.7900019999997, 1172.6904989999985]",-1.2719900930002914,"[-4.635101202952674, 5.356554500688793]",12,3,36,10000
gpu,vollkorn,2,font_variations,sum of reported phases; excludes 119 unreported warmup frames,63,2138,complete_us,master,final,49541.310497,45913.147987,48446.685989000005,46588.31299,-698.9815039999994,"[-5001.419486999999, 4172.752998]",-1.7229925457739492,"[-9.667798921615944, 8.597570407667321]",12,3,36,10000
gpu,vollkorn,2,font_variations,sum of reported phases; excludes 119 unreported warmup frames,63,2138,draw_us,prior,updated45,16759.980999,17549.373505,16910.870003999997,17650.227006,318.7055029999992,"[-174.14950600000157, 522.6045019999983]",1.9232876266392918,"[-0.9816835324540363, 2.9807396276978815]",12,3,36,10000
gpu,vollkorn,2,font_variations,sum of reported phases; excludes 119 unreported warmup frames,63,2138,submit_us,prior,updated45,21651.080995,22357.500004,21708.579499,22665.164006,234.2905069999997,"[-665.4195059999984, 897.4765020000013]",1.1393828447079368,"[-2.8499271985296115, 4.014091609231063]",12,3,36,10000
gpu,vollkorn,2,font_variations,sum of reported phases; excludes 119 unreported warmup frames,63,2138,complete_us,prior,updated45,43078.251005,43822.500002,41821.417508,44858.62049,76.081005,"[-1861.9245059999994, 770.832483000002]",0.19805296207769385,"[-4.3610072866931695, 1.7074034816204398]",12,3,36,10000
gpu,vollkorn,2,font_variations,sum of reported phases; excludes 119 unreported warmup frames,63,2138,draw_us,prior,final,16759.980999,18123.586001,16910.870003999997,18145.751008,844.3535000000011,"[90.58649700000024, 1790.4605070000016]",4.70238396737539,"[0.5518727625703157, 10.895999778707377]",12,3,36,10000
gpu,vollkorn,2,font_variations,sum of reported phases; excludes 119 unreported warmup frames,63,2138,submit_us,prior,final,21651.080995,23459.729005,21708.579499,23481.915488,1412.6209920000001,"[3.748501000001852, 2897.0059930000007]",6.0810974075475865,"[0.01307463499579109, 13.842876607755183]",12,3,36,10000
gpu,vollkorn,2,font_variations,sum of reported phases; excludes 119 unreported warmup frames,63,2138,complete_us,prior,final,43078.251005,45913.147987,41821.417508,46588.31299,1057.9770039999967,"[-3376.148503999997, 12104.3505]",2.6663247676299573,"[-7.693589501801945, 23.179698526600312]",12,3,36,10000
gpu,vollkorn,2,font_variations,sum of reported phases; excludes 119 unreported warmup frames,63,2138,draw_us,updated45,final,17549.373505,18123.586001,17650.227006,18145.751008,334.12401300000147,"[-135.62900499999887, 1108.2939950000018]",1.9548466401878906,"[-0.7564686973950074, 6.3633792552279855]",12,3,36,10000
gpu,vollkorn,2,font_variations,sum of reported phases; excludes 119 unreported warmup frames,63,2138,submit_us,updated45,final,22357.500004,23459.729005,22665.164006,23481.915488,730.1849829999992,"[91.93598100000054, 2177.4804989999993]",3.316103598700082,"[0.41360625374334825, 9.723461104211728]",12,3,36,10000
gpu,vollkorn,2,font_variations,sum of reported phases; excludes 119 unreported warmup frames,63,2138,complete_us,updated45,final,43822.500002,45913.147987,44858.62049,46588.31299,494.4165069999981,"[-1564.9144960000049, 5858.270496000001]",1.2271321670530466,"[-3.1511349511450018, 10.984616358356957]",12,3,36,10000
gpu,vollkorn,2,grid_pollution,complete controlled sequence,67,6298,draw_us,master,prior,133119.604484,125206.830984,133457.00048400002,124164.83350800001,-1944.501519999998,"[-6986.730479999984, -1192.0640039999998]",-1.623729041523747,"[-5.040156482322971, -0.9272345879469679]",12,3,36,10000
gpu,vollkorn,2,grid_pollution,complete controlled sequence,67,6298,submit_us,master,prior,138560.64499200002,129684.184012,139046.064008,128498.20800000001,-1846.1020119999957,"[-8743.379999999983, -1080.7040040000065]",-1.4911455355582748,"[-5.9594430174919335, -0.8375111477012143]",12,3,36,10000
gpu,vollkorn,2,grid_pollution,complete controlled sequence,67,6298,complete_us,master,prior,213467.726492,200060.504496,217260.14797599998,198691.24952399998,-5061.141971999998,"[-22012.815000000017, -3219.3914840000216]",-2.4818908334631296,"[-9.174197186203935, -1.626838613291065]",12,3,36,10000
gpu,vollkorn,2,grid_pollution,complete controlled sequence,67,6298,draw_us,master,updated45,133119.604484,126908.8945,133457.00048400002,127883.31202,-3690.856491999999,"[-7789.162500000006, -2019.7529919999797]",-2.957288995789259,"[-5.707514691373366, -1.557003061107548]",12,3,36,10000
gpu,vollkorn,2,grid_pollution,complete controlled sequence,67,6298,submit_us,master,updated45,138560.64499200002,131348.916008,139046.064008,132699.959016,-3982.3085240000073,"[-8935.246479999973, -1793.9589879999912]",-3.056391837911981,"[-6.375990408209142, -1.3453986543488394]",12,3,36,10000
gpu,vollkorn,2,grid_pollution,complete controlled sequence,67,6298,complete_us,master,updated45,213467.726492,201984.961488,217260.14797599998,202634.085992,-10121.232508000001,"[-20351.497508, -3272.3734879999975]",-4.893023395659207,"[-8.997660548234187, -1.5609237503943663]",12,3,36,10000
gpu,vollkorn,2,grid_pollution,complete controlled sequence,67,6298,draw_us,master,final,133119.604484,131022.729496,133457.00048400002,131554.1465,-442.2514919999958,"[-5345.724499999997, 1486.1464960000158]",-0.37711881721602114,"[-3.9002268840452827, 1.0839664717926523]",12,3,36,10000
gpu,vollkorn,2,grid_pollution,complete controlled sequence,67,6298,submit_us,master,final,138560.64499200002,135798.251016,139046.064008,137017.191,-303.1639920000016,"[-6229.355011999985, 2648.162011999986]",-0.25062862387438267,"[-4.4116955136539735, 1.8391882908514012]",12,3,36,10000
gpu,vollkorn,2,grid_pollution,complete controlled sequence,67,6298,complete_us,master,final,213467.726492,207038.83550400002,217260.14797599998,207615.622512,-3016.2945079999918,"[-9271.185495999991, 6992.2900040000095]",-1.587604714335078,"[-4.072480217910046, 3.0915791148931726]",12,3,36,10000
gpu,vollkorn,2,grid_pollution,complete controlled sequence,67,6298,draw_us,prior,updated45,125206.830984,126908.8945,124164.83350800001,127883.31202,-1912.9384919999866,"[-3042.2275200000004, 4014.5584640000015]",-1.4559380550954848,"[-2.4228529536509837, 3.2838795333564708]",12,3,36,10000
gpu,vollkorn,2,grid_pollution,complete controlled sequence,67,6298,submit_us,prior,updated45,129684.184012,131348.916008,128498.20800000001,132699.959016,-2269.956019999998,"[-3368.62202000001, 4063.955992000003]",-1.655352563969209,"[-2.5799107656651166, 3.215364142195354]",12,3,36,10000
gpu,vollkorn,2,grid_pollution,complete controlled sequence,67,6298,complete_us,prior,updated45,200060.504496,201984.961488,198691.24952399998,202634.085992,-192.20652799999516,"[-12627.682995999974, 5079.416975999993]",-0.10707841168970389,"[-5.62277609198914, 2.643002920969373]",12,3,36,10000
gpu,vollkorn,2,grid_pollution,complete controlled sequence,67,6298,draw_us,prior,final,125206.830984,131022.729496,124164.83350800001,131554.1465,788.4770080000089,"[-978.7884919999924, 5820.499499999998]",0.6791413887325626,"[-0.7270714641179954, 4.722494598549565]",12,3,36,10000
gpu,vollkorn,2,grid_pollution,complete controlled sequence,67,6298,submit_us,prior,final,129684.184012,135798.251016,128498.20800000001,137017.191,777.5400120000049,"[-1059.4730079999863, 6727.041492000004]",0.647733246247284,"[-0.7596565501967911, 5.277040847752422]",12,3,36,10000
gpu,vollkorn,2,grid_pollution,complete controlled sequence,67,6298,complete_us,prior,final,200060.504496,207038.83550400002,198691.24952399998,207615.622512,3073.0794720000267,"[-1709.726496000003, 16811.880967999998]",1.6664049374285672,"[-0.8335759630660355, 8.45874380050381]",12,3,36,10000
gpu,vollkorn,2,grid_pollution,complete controlled sequence,67,6298,draw_us,updated45,final,126908.8945,131022.729496,127883.31202,131554.1465,2518.9389880000017,"[1171.6054799999984, 4068.066023999985]",1.9424801488332921,"[0.9176306751511598, 3.2417376939050335]",12,3,36,10000
gpu,vollkorn,2,grid_pollution,complete controlled sequence,67,6298,submit_us,updated45,final,131348.916008,135798.251016,132699.959016,137017.191,3502.460500000001,"[1302.2474920000022, 4918.809519999981]",2.6254455609473037,"[0.9820754947846178, 3.604692398116238]",12,3,36,10000
gpu,vollkorn,2,grid_pollution,complete controlled sequence,67,6298,complete_us,updated45,final,201984.961488,207038.83550400002,202634.085992,207615.622512,7477.89701200003,"[2151.9530120000127, 16265.391983999987]",3.655408677528005,"[1.0664306759691045, 7.616860435752404]",12,3,36,10000
gpu,vollkorn,2,grid_singleton,complete controlled sequence,1,94,draw_us,master,prior,2072.2505,1912.6875,2071.6040000000003,1910.979,-106.68799999999999,"[-146.58300000000008, -35.666999999999916]",-5.102129208360129,"[-7.316603794123704, -1.7059462455083274]",12,3,36,10000
gpu,vollkorn,2,grid_singleton,complete controlled sequence,1,94,submit_us,master,prior,3629.542,3356.5625,3602.2705,3349.4584999999997,-167.97949999999992,"[-228.22900000000004, -48.9375]",-5.096635576889802,"[-6.1081603011946095, -1.5309688097291052]",12,3,36,10000
gpu,vollkorn,2,grid_singleton,complete controlled sequence,1,94,complete_us,master,prior,4787.771000000001,4368.875,4687.959,4369.8955,-241.70800000000008,"[-352.5630000000001, -58.0630000000001]",-4.969411231028592,"[-7.8510223719116645, -1.2141825753264668]",12,3,36,10000
gpu,vollkorn,2,grid_singleton,complete controlled sequence,1,94,draw_us,master,updated45,2072.2505,1957.25,2071.6040000000003,1942.813,-124.74950000000001,"[-132.2299999999999, -101.77099999999996]",-6.19921743238081,"[-6.573505990725553, -4.825189271993513]",12,3,36,10000
gpu,vollkorn,2,grid_singleton,complete controlled sequence,1,94,submit_us,master,updated45,3629.542,3413.333,3602.2705,3412.708,-170.6875,"[-228.625, -130.45800000000008]",-4.862558297352631,"[-6.0996580449030775, -3.9496096353302312]",12,3,36,10000
gpu,vollkorn,2,grid_singleton,complete controlled sequence,1,94,complete_us,master,updated45,4787.771000000001,4541.5,4687.959,4651.146000000001,-91.8755000000001,"[-306.6659999999997, 142.8125]",-1.8617147368241826,"[-6.768263868314439, 3.196077423206767]",12,3,36,10000
gpu,vollkorn,2,grid_singleton,complete controlled sequence,1,94,draw_us,master,final,2072.2505,2002.5415,2071.6040000000003,2007.3335,-65.20850000000007,"[-107.22950000000003, -2.9379999999998745]",-3.281844336758699,"[-5.279865358982189, -0.13982575137644893]",12,3,36,10000
gpu,vollkorn,2,grid_singleton,complete controlled sequence,1,94,submit_us,master,final,3629.542,3543.25,3602.2705,3587.5834999999997,-71.22949999999992,"[-129.8125, 17.812000000000126]",-1.9762426834839364,"[-3.889180467280889, 0.485545772388396]",12,3,36,10000
gpu,vollkorn,2,grid_singleton,complete controlled sequence,1,94,complete_us,master,final,4787.771000000001,4729.438,4687.959,4784.353999999999,66.625,"[-212.60399999999981, 313.6875]",1.4920305405548007,"[-4.941405213712196, 6.3123204178976655]",12,3,36,10000
gpu,vollkorn,2,grid_singleton,complete controlled sequence,1,94,draw_us,prior,updated45,1912.6875,1957.25,1910.979,1942.813,5.208999999999946,"[-95.29150000000016, 38.124999999999886]",0.2886224630290368,"[-4.869045970559455, 2.0549735746157816]",12,3,36,10000
gpu,vollkorn,2,grid_singleton,complete controlled sequence,1,94,submit_us,prior,updated45,3356.5625,3413.333,3349.4584999999997,3412.708,25.708499999999958,"[-200.22900000000004, 56.062999999999874]",0.8050872737223713,"[-5.437707998999553, 1.6688142003648876]",12,3,36,10000
gpu,vollkorn,2,grid_singleton,complete controlled sequence,1,94,complete_us,prior,updated45,4368.875,4541.5,4369.8955,4651.146000000001,57.62550000000056,"[-55.854499999999916, 420.0]",1.2029703963244875,"[-1.2908993116925838, 9.222563291086406]",12,3,36,10000
gpu,vollkorn,2,grid_singleton,complete controlled sequence,1,94,draw_us,prior,final,1912.6875,2002.5415,1910.979,2007.3335,16.416500000000042,"[-11.228999999999928, 125.29150000000004]",0.8000262583299889,"[-0.6390223454583177, 6.571491247358564]",12,3,36,10000
gpu,vollkorn,2,grid_singleton,complete controlled sequence,1,94,submit_us,prior,final,3356.5625,3543.25,3349.4584999999997,3587.5834999999997,104.9375,"[10.208000000000084, 306.79150000000004]",3.0858161589934485,"[0.3010236559047863, 9.264175979685218]",12,3,36,10000
gpu,vollkorn,2,grid_singleton,complete controlled sequence,1,94,complete_us,prior,final,4368.875,4729.438,4369.8955,4784.353999999999,346.1044999999999,"[66.04199999999992, 660.7505000000006]",7.541882278787327,"[1.595950427281656, 15.502621336067246]",12,3,36,10000
gpu,vollkorn,2,grid_singleton,complete controlled sequence,1,94,draw_us,updated45,final,1957.25,2002.5415,1942.813,2007.3335,54.37450000000001,"[8.625, 114.97850000000005]",2.7868072251345133,"[0.44464402250065094, 5.8438313251755964]",12,3,36,10000
gpu,vollkorn,2,grid_singleton,complete controlled sequence,1,94,submit_us,updated45,final,3413.333,3543.25,3412.708,3587.5834999999997,130.54199999999992,"[28.75, 217.02050000000008]",3.868687828602879,"[0.8762587152348789, 6.236718573474387]",12,3,36,10000
gpu,vollkorn,2,grid_singleton,complete controlled sequence,1,94,complete_us,updated45,final,4541.5,4729.438,4651.146000000001,4784.353999999999,54.146000000000186,"[-59.12550000000056, 488.47950000000037]",1.3015900369228284,"[-1.1892895113317925, 10.503215436255907]",12,3,36,10000
gpu,vollkorn,2,grid_two_phases,complete controlled sequence,2,188,draw_us,master,prior,3954.5209999999997,2368.6255,3967.958,2358.8125,-1512.9370000000001,"[-1564.3339999999998, -1317.2079999999996]",-37.52204091632756,"[-40.45601894548654, -35.614996166896894]",12,3,36,10000
gpu,vollkorn,2,grid_two_phases,complete controlled sequence,2,188,submit_us,master,prior,5478.375,3752.917,5472.083500000001,3760.3334999999997,-1602.6460000000002,"[-1663.7719999999995, -1333.0199999999998]",-29.01804547712988,"[-30.696728186945162, -27.468511666930176]",12,3,36,10000
gpu,vollkorn,2,grid_two_phases,complete controlled sequence,2,188,complete_us,master,prior,7780.271,5778.1245,7799.021,5778.1245,-1969.4165000000003,"[-2612.3740000000003, -1609.625]",-26.325981260345095,"[-34.080187711921255, -21.200415664843966]",12,3,36,10000
gpu,vollkorn,2,grid_two_phases,complete controlled sequence,2,188,draw_us,master,updated45,3954.5209999999997,2382.125,3967.958,2390.9170000000004,-1550.2695000000003,"[-1622.1044999999997, -1420.9585000000002]",-39.463447765971296,"[-40.2753978730485, -37.23733700920461]",12,3,36,10000
gpu,vollkorn,2,grid_two_phases,complete controlled sequence,2,188,submit_us,master,updated45,5478.375,3748.7915000000003,5472.083500000001,3744.3540000000003,-1692.5005,"[-1820.1880000000003, -1421.7295000000001]",-30.625657705059602,"[-32.67962875271409, -27.97130878541163]",12,3,36,10000
gpu,vollkorn,2,grid_two_phases,complete controlled sequence,2,188,complete_us,master,updated45,7780.271,5978.0215,7799.021,5972.2715,-1812.5215000000003,"[-2253.146000000001, -1635.438]",-23.515076868168634,"[-26.108334337569904, -21.529601285535144]",12,3,36,10000
gpu,vollkorn,2,grid_two_phases,complete controlled sequence,2,188,draw_us,master,final,3954.5209999999997,2502.5205,3967.958,2503.9790000000003,-1414.457,"[-1496.875, -1326.395]",-36.74190114185802,"[-37.76145717648575, -35.60977786044842]",12,3,36,10000
gpu,vollkorn,2,grid_two_phases,complete controlled sequence,2,188,submit_us,master,final,5478.375,3946.625,5472.083500000001,3929.3540000000003,-1442.3960000000002,"[-1639.7915, -1301.4795]",-28.742531058367177,"[-29.698370396981954, -24.32304439077247]",12,3,36,10000
gpu,vollkorn,2,grid_two_phases,complete controlled sequence,2,188,complete_us,master,final,7780.271,6107.854,7799.021,6156.0205000000005,-1993.0414999999994,"[-2477.7915000000003, -1185.4379999999996]",-23.717176288331984,"[-30.636606910298568, -15.835220983301024]",12,3,36,10000
gpu,vollkorn,2,grid_two_phases,complete controlled sequence,2,188,draw_us,prior,updated45,2368.6255,2382.125,2358.8125,2390.9170000000004,-26.166999999999916,"[-113.58449999999993, 43.14699999999971]",-1.0550481163145164,"[-4.621872188123428, 1.9773756411221588]",12,3,36,10000
gpu,vollkorn,2,grid_two_phases,complete controlled sequence,2,188,submit_us,prior,updated45,3752.917,3748.7915000000003,3760.3334999999997,3744.3540000000003,-87.81349999999975,"[-236.97900000000004, 71.08300000000008]",-2.1995295627763314,"[-5.980671489877798, 2.080234518206703]",12,3,36,10000
gpu,vollkorn,2,grid_two_phases,complete controlled sequence,2,188,complete_us,prior,updated45,5778.1245,5978.0215,5778.1245,5972.2715,161.12499999999955,"[-417.89599999999973, 571.7094999999999]",2.6055456965703216,"[-7.629047744073947, 10.524187813386177]",12,3,36,10000
gpu,vollkorn,2,grid_two_phases,complete controlled sequence,2,188,draw_us,prior,final,2368.6255,2502.5205,2358.8125,2503.9790000000003,29.624500000000126,"[-38.895500000000084, 257.14599999999973]",1.1649872370722458,"[-1.6496344843757837, 11.436511678598759]",12,3,36,10000
gpu,vollkorn,2,grid_two_phases,complete controlled sequence,2,188,submit_us,prior,final,3752.917,3946.625,3760.3334999999997,3929.3540000000003,0.47900000000004184,"[-50.4994999999999, 450.2504999999999]",0.0013924677633059268,"[-1.343729669799515, 12.587099577186667]",12,3,36,10000
gpu,vollkorn,2,grid_two_phases,complete controlled sequence,2,188,complete_us,prior,final,5778.1245,6107.854,5778.1245,6156.0205000000005,294.3125,"[-224.33299999999963, 1144.8534999999993]",5.225179405883573,"[-3.482379558371812, 19.06830929056227]",12,3,36,10000
gpu,vollkorn,2,grid_two_phases,complete controlled sequence,2,188,draw_us,updated45,final,2382.125,2502.5205,2390.9170000000004,2503.9790000000003,92.4994999999999,"[-0.06199999999989814, 156.27050000000008]",3.7827342405678643,"[0.0012319015021633462, 6.4442103820837815]",12,3,36,10000
gpu,vollkorn,2,grid_two_phases,complete controlled sequence,2,188,submit_us,updated45,final,3748.7915000000003,3946.625,3744.3540000000003,3929.3540000000003,104.5625,"[4.792500000000018, 323.7294999999999]",2.863673291647717,"[0.06541845467129548, 9.008222673250831]",12,3,36,10000
gpu,vollkorn,2,grid_two_phases,complete controlled sequence,2,188,complete_us,updated45,final,5978.0215,6107.854,5972.2715,6156.0205000000005,173.64600000000019,"[-388.33299999999963, 450.89649999999983]",3.640593622611721,"[-6.220736087724793, 7.550299431831653]",12,3,36,10000
gpu,vollkorn,2,grid_unique_sizes,complete controlled sequence,32,3008,draw_us,master,prior,62372.272496000005,60490.246992,62577.667504,60005.478495999996,-322.9604959999997,"[-2628.7095039999986, -156.39699200000177]",-0.5769354496506618,"[-4.095031717636566, -0.24622565418119802]",12,3,36,10000
gpu,vollkorn,2,grid_unique_sizes,complete controlled sequence,32,3008,submit_us,master,prior,65447.794,63266.980496000004,65777.709504,62746.646991999994,-658.1909919999962,"[-3457.606000000007, -143.30800000000454]",-0.9784921212587228,"[-5.047542644898007, -0.23927594105747074]",12,3,36,10000
gpu,vollkorn,2,grid_unique_sizes,complete controlled sequence,32,3008,complete_us,master,prior,99502.522,95536.147504,102537.459504,97245.810992,-3459.084495999996,"[-9716.061008000011, 587.2910239999983]",-3.2751623512551786,"[-8.856338606485753, 0.6589642300049214]",12,3,36,10000
gpu,vollkorn,2,grid_unique_sizes,complete controlled sequence,32,3008,draw_us,master,updated45,62372.272496000005,60598.998992,62577.667504,60812.894,-1431.790015999999,"[-2995.313008000001, -199.10398399999758]",-2.4025581471250668,"[-4.686015780398606, -0.32504455497969764]",12,3,36,10000
gpu,vollkorn,2,grid_unique_sizes,complete controlled sequence,32,3008,submit_us,master,updated45,65447.794,63266.957504,65777.709504,63608.437504,-1883.666495999998,"[-3627.061999999998, -234.51800000000367]",-2.9198312557063124,"[-5.476748275719629, -0.37494270498832916]",12,3,36,10000
gpu,vollkorn,2,grid_unique_sizes,complete controlled sequence,32,3008,complete_us,master,updated45,99502.522,99227.999504,102537.459504,99093.31350399999,-3240.5020000000004,"[-4555.144016000006, -1196.6649759999927]",-3.175119867688986,"[-4.535693289326659, -1.1283796181851324]",12,3,36,10000
gpu,vollkorn,2,grid_unique_sizes,complete controlled sequence,32,3008,draw_us,master,final,62372.272496000005,62123.023008000004,62577.667504,62387.061504,-377.207488,"[-1630.397984000003, 1247.541503999997]",-0.6750167781543914,"[-2.710496195870787, 2.003302550213071]",12,3,36,10000
gpu,vollkorn,2,grid_unique_sizes,complete controlled sequence,32,3008,submit_us,master,final,65447.794,65379.312496,65777.709504,65549.440512,-209.6065120000021,"[-2163.5020159999985, 1721.691007999998]",-0.3573204331527746,"[-3.381996767789708, 2.626738910855808]",12,3,36,10000
gpu,vollkorn,2,grid_unique_sizes,complete controlled sequence,32,3008,complete_us,master,final,99502.522,100180.77051199999,102537.459504,101456.835008,-1749.0829920000033,"[-3280.8330080000014, 2908.7444960000066]",-1.7247730362611402,"[-3.188499526608629, 3.143326958268944]",12,3,36,10000
gpu,vollkorn,2,grid_unique_sizes,complete controlled sequence,32,3008,draw_us,prior,updated45,60490.246992,60598.998992,60005.478495999996,60812.894,-231.77300800000012,"[-908.2515039999998, 551.5434879999957]",-0.4107696560284646,"[-1.4948001377322384, 0.89035943686393]",12,3,36,10000
gpu,vollkorn,2,grid_unique_sizes,complete controlled sequence,32,3008,submit_us,prior,updated45,63266.980496000004,63266.957504,62746.646991999994,63608.437504,-304.3554879999974,"[-948.6065119999985, 797.6699999999983]",-0.5012335258570866,"[-1.4745437945179685, 1.21803989917193]",12,3,36,10000
gpu,vollkorn,2,grid_unique_sizes,complete controlled sequence,32,3008,complete_us,prior,updated45,95536.147504,99227.999504,97245.810992,99093.31350399999,-328.3119999999981,"[-2029.5034879999948, 4283.836000000003]",-0.36767321021696775,"[-2.1982902500847166, 4.3832313512134675]",12,3,36,10000
gpu,vollkorn,2,grid_unique_sizes,complete controlled sequence,32,3008,draw_us,prior,final,60490.246992,62123.023008000004,60005.478495999996,62387.061504,651.5865120000017,"[-135.87348799999745, 5263.062495999999]",1.0819807481113664,"[-0.21386137933816496, 8.218436597001022]",12,3,36,10000
gpu,vollkorn,2,grid_unique_sizes,complete controlled sequence,32,3008,submit_us,prior,final,63266.980496000004,65379.312496,62746.646991999994,65549.440512,919.3324800000009,"[-180.979503999999, 5857.377007999996]",1.4517080775258595,"[-0.2759928877949014, 8.5943527793248]",12,3,36,10000
gpu,vollkorn,2,grid_unique_sizes,complete controlled sequence,32,3008,complete_us,prior,final,95536.147504,100180.77051199999,97245.810992,101456.835008,2833.437008000008,"[-953.2715040000039, 8199.353503999999]",2.985164752927172,"[-1.0153617895715616, 8.704862741511732]",12,3,36,10000
gpu,vollkorn,2,grid_unique_sizes,complete controlled sequence,32,3008,draw_us,updated45,final,60598.998992,62123.023008000004,60812.894,62387.061504,695.2120160000013,"[206.20750399999815, 3857.562992000003]",1.1626277192628542,"[0.34369158424496504, 6.3748103333748585]",12,3,36,10000
gpu,vollkorn,2,grid_unique_sizes,complete controlled sequence,32,3008,submit_us,updated45,final,63266.957504,65379.312496,63608.437504,65549.440512,805.5210079999961,"[240.3314879999998, 4771.997504000003]",1.2336564222821589,"[0.41994509014123826, 7.5138365118616495]",12,3,36,10000
gpu,vollkorn,2,grid_unique_sizes,complete controlled sequence,32,3008,complete_us,updated45,final,99227.999504,100180.77051199999,99093.31350399999,101456.835008,1966.2895040000003,"[-510.0025120000064, 3693.042496000002]",2.0991347415189487,"[-0.47604157154025883, 3.6522877992008596]",12,3,36,10000
gpu,vollkorn,2,grid_unique_variations,complete controlled sequence,32,3008,draw_us,master,prior,19532.501008,14931.145504,19182.834992,14913.810991999999,-3443.377488,"[-4840.147503999999, -2511.792495999998]",-18.886614373491305,"[-24.54768332131497, -14.72767690344493]",12,3,36,10000
gpu,vollkorn,2,grid_unique_variations,complete controlled sequence,32,3008,submit_us,master,prior,22530.228496,17483.354992,22208.148,17472.957984,-3488.626495999999,"[-5550.226496, -2548.4375199999977]",-16.77300253649227,"[-23.547334753588867, -12.716543597595798]",12,3,36,10000
gpu,vollkorn,2,grid_unique_variations,complete controlled sequence,32,3008,complete_us,master,prior,49361.414496,38407.770000000004,53324.167504,38688.373999999996,-7621.146991999998,"[-15733.396, -4431.331487999996]",-18.97038349343833,"[-26.18742020307553, -8.31818432651087]",12,3,36,10000
gpu,vollkorn,2,grid_unique_variations,complete controlled sequence,32,3008,draw_us,master,updated45,19532.501008,15819.873504,19182.834992,15841.002,-3633.063488,"[-4558.829008000001, -2667.8950080000004]",-19.424773235315477,"[-22.454647730828356, -14.503865726990156]",12,3,36,10000
gpu,vollkorn,2,grid_unique_variations,complete controlled sequence,32,3008,submit_us,master,updated45,22530.228496,18439.061999999998,22208.148,18470.146512,-3803.3520000000008,"[-5360.811487999999, -2656.1475040000005]",-17.60647068111834,"[-22.58893403771929, -12.424795552151874]",12,3,36,10000
gpu,vollkorn,2,grid_unique_variations,complete controlled sequence,32,3008,complete_us,master,updated45,49361.414496,39525.416992,53324.167504,42161.146991999994,-5056.085503999999,"[-10261.686512, -2475.1035200000006]",-10.571160928053462,"[-17.63770277401752, -4.901734130240076]",12,3,36,10000
gpu,vollkorn,2,grid_unique_variations,complete controlled sequence,32,3008,draw_us,master,final,19532.501008,15871.271487999998,19182.834992,16214.496512,-3166.329007999999,"[-3826.8744959999985, -1645.7504959999987]",-16.913414799390203,"[-21.121769451172774, -9.339056345339568]",12,3,36,10000
gpu,vollkorn,2,grid_unique_variations,complete controlled sequence,32,3008,submit_us,master,final,22530.228496,18783.084000000003,22208.148,19077.958,-3419.037504,"[-4246.351999999999, -1181.4185120000002]",-15.761361232489861,"[-19.211483482022302, -6.085437219004247]",12,3,36,10000
gpu,vollkorn,2,grid_unique_variations,complete controlled sequence,32,3008,complete_us,master,final,49361.414496,39610.916496,53324.167504,38804.332991999996,-6521.984495999997,"[-14946.477487999999, -3058.506512]",-12.332804560513027,"[-27.170111643972312, -7.898245864052445]",12,3,36,10000
gpu,vollkorn,2,grid_unique_variations,complete controlled sequence,32,3008,draw_us,prior,updated45,14931.145504,15819.873504,14913.810991999999,15841.002,144.81198399999903,"[-249.71148800000083, 853.4994880000004]",0.9289963237525067,"[-1.6324844375297742, 5.530377425775468]",12,3,36,10000
gpu,vollkorn,2,grid_unique_variations,complete controlled sequence,32,3008,submit_us,prior,updated45,17483.354992,18439.061999999998,17472.957984,18470.146512,121.0190079999993,"[-308.3960160000006, 987.1219839999994]",0.6239083876276807,"[-1.6673811685716855, 5.469035685591927]",12,3,36,10000
gpu,vollkorn,2,grid_unique_variations,complete controlled sequence,32,3008,complete_us,prior,updated45,38407.770000000004,39525.416992,38688.373999999996,42161.146991999994,991.6459839999952,"[-3157.5390079999997, 5418.7734880000025]",2.058898770134132,"[-8.260764517205459, 13.759948429298019]",12,3,36,10000
gpu,vollkorn,2,grid_unique_variations,complete controlled sequence,32,3008,draw_us,prior,final,14931.145504,15871.271487999998,14913.810991999999,16214.496512,257.47700799999893,"[-108.4815039999994, 2030.1010079999996]",1.697576940986112,"[-0.7962442050278129, 14.017708501976823]",12,3,36,10000
gpu,vollkorn,2,grid_unique_variations,complete controlled sequence,32,3008,submit_us,prior,final,17483.354992,18783.084000000003,17472.957984,19077.958,454.99900799999887,"[-143.41651199999978, 2797.7685119999987]",2.515488155002954,"[-0.8572617610858646, 16.518890638794513]",12,3,36,10000
gpu,vollkorn,2,grid_unique_variations,complete controlled sequence,32,3008,complete_us,prior,final,38407.770000000004,39610.916496,38688.373999999996,38804.332991999996,-431.042512,"[-8384.356015999998, 8718.584496000003]",-0.5453000814373887,"[-19.16941023508845, 25.04455369823514]",12,3,36,10000
gpu,vollkorn,2,grid_unique_variations,complete controlled sequence,32,3008,draw_us,updated45,final,15819.873504,15871.271487999998,15841.002,16214.496512,149.9165120000007,"[-39.372495999999046, 1690.6644960000003]",1.0052965986166118,"[-0.27716938108757194, 10.714033253109212]",12,3,36,10000
gpu,vollkorn,2,grid_unique_variations,complete controlled sequence,32,3008,submit_us,updated45,final,18439.061999999998,18783.084000000003,18470.146512,19077.958,389.5389919999998,"[-32.104991999998674, 2175.565504]",2.1079861046445214,"[-0.19609370590193964, 12.597893570448104]",12,3,36,10000
gpu,vollkorn,2,grid_unique_variations,complete controlled sequence,32,3008,complete_us,updated45,final,39525.416992,39610.916496,42161.146991999994,38804.332991999996,-1353.811999999998,"[-3953.379008, 37.953519999999116]",-2.9827630391957847,"[-9.13421448943898, 0.12531010545837606]",12,3,36,10000
gpu,vollkorn,2,text,sum of reported phases; excludes 119 unreported warmup frames,88,"{""final"": 7255, ""master"": 7251, ""prior"": 7251, ""updated45"": 7251}",draw_us,master,prior,233583.79249700002,170298.420004,233516.810993,170394.562996,-59172.1669905,"[-61364.524491000004, -54707.28349949999]",-25.375936575229574,"[-26.594964059767946, -24.868801208301743]",12,3,36,10000
gpu,vollkorn,2,text,sum of reported phases; excludes 119 unreported warmup frames,88,"{""final"": 7255, ""master"": 7251, ""prior"": 7251, ""updated45"": 7251}",submit_us,master,prior,257586.02149949997,192179.2474985,257753.001986,192074.10100049997,-60274.41401949999,"[-62914.66649749999, -54870.59948800002]",-23.2053833796692,"[-24.98335303679228, -22.724383409995966]",12,3,36,10000
gpu,vollkorn,2,text,sum of reported phases; excludes 119 unreported warmup frames,88,"{""final"": 7255, ""master"": 7251, ""prior"": 7251, ""updated45"": 7251}",complete_us,master,prior,348164.8535,276271.852986,349448.437996,275793.603495,-63731.93451399999,"[-74375.83648000003, -57099.536996499985]",-19.07525488253198,"[-21.450505398499082, -16.92917569737817]",12,3,36,10000
gpu,vollkorn,2,text,sum of reported phases; excludes 119 unreported warmup frames,88,"{""final"": 7255, ""master"": 7251, ""prior"": 7251, ""updated45"": 7251}",draw_us,master,updated45,233583.79249700002,170262.765005,233516.810993,170677.8959985,-60350.49898599998,"[-63762.977478000015, -57894.20699250001]",-26.04750380387591,"[-27.169920140345145, -25.28155821611663]",12,3,36,10000
gpu,vollkorn,2,text,sum of reported phases; excludes 119 unreported warmup frames,88,"{""final"": 7255, ""master"": 7251, ""prior"": 7251, ""updated45"": 7251}",submit_us,master,updated45,257586.02149949997,192349.788,257753.001986,192452.08098799997,-61657.417490999986,"[-66267.7940125, -58912.78649849999]",-24.270558366426098,"[-25.499283841397563, -23.236247038748914]",12,3,36,10000
gpu,vollkorn,2,text,sum of reported phases; excludes 119 unreported warmup frames,88,"{""final"": 7255, ""master"": 7251, ""prior"": 7251, ""updated45"": 7251}",complete_us,master,updated45,348164.8535,278216.7054975,349448.437996,277340.8955005,-65774.43799600002,"[-70307.85350150001, -62007.811005999974]",-18.977271154215074,"[-20.796304499272306, -17.96715949106296]",12,3,36,10000
gpu,vollkorn,2,text,sum of reported phases; excludes 119 unreported warmup frames,88,"{""final"": 7255, ""master"": 7251, ""prior"": 7251, ""updated45"": 7251}",draw_us,master,final,233583.79249700002,176024.189991,233516.810993,177027.9984865,-56822.56200950002,"[-60176.91499599999, -53022.56098149998]",-25.39695080608896,"[-25.99258471151831, -22.742902829697137]",12,3,36,10000
gpu,vollkorn,2,text,sum of reported phases; excludes 119 unreported warmup frames,88,"{""final"": 7255, ""master"": 7251, ""prior"": 7251, ""updated45"": 7251}",submit_us,master,final,257586.02149949997,200116.4794995,257753.001986,201286.37849099998,-56867.314987000005,"[-60796.74651449999, -52052.0434905]",-23.065145343888133,"[-23.815330783983356, -20.189616699299613]",12,3,36,10000
gpu,vollkorn,2,text,sum of reported phases; excludes 119 unreported warmup frames,88,"{""final"": 7255, ""master"": 7251, ""prior"": 7251, ""updated45"": 7251}",complete_us,master,final,348164.8535,286699.08449649997,349448.437996,289946.8325045,-58481.4355085,"[-66729.68500600004, -52994.432990499976]",-17.013993076534966,"[-18.96866866843395, -15.52139205344928]",12,3,36,10000
gpu,vollkorn,2,text,sum of reported phases; excludes 119 unreported warmup frames,88,"{""final"": 7255, ""master"": 7251, ""prior"": 7251, ""updated45"": 7251}",draw_us,prior,updated45,170298.420004,170262.765005,170394.562996,170677.8959985,-591.9614770000189,"[-4382.917999999991, 1014.0255050000269]",-0.347652071483473,"[-2.5216841435440394, 0.600668605303678]",12,3,36,10000
gpu,vollkorn,2,text,sum of reported phases; excludes 119 unreported warmup frames,88,"{""final"": 7255, ""master"": 7251, ""prior"": 7251, ""updated45"": 7251}",submit_us,prior,updated45,192179.2474985,192349.788,192074.10100049997,192452.08098799997,-1456.3694969999779,"[-4810.940984000001, 1822.5019995000039]",-0.7874895044447661,"[-2.4448232508712477, 0.9641651233898596]",12,3,36,10000
gpu,vollkorn,2,text,sum of reported phases; excludes 119 unreported warmup frames,88,"{""final"": 7255, ""master"": 7251, ""prior"": 7251, ""updated45"": 7251}",complete_us,prior,updated45,276271.852986,278216.7054975,275793.603495,277340.8955005,-439.8715175000252,"[-5322.9810105000215, 7990.836496500007]",-0.1361188044405548,"[-2.016440252585733, 2.8046275398207254]",12,3,36,10000
gpu,vollkorn,2,text,sum of reported phases; excludes 119 unreported warmup frames,88,"{""final"": 7255, ""master"": 7251, ""prior"": 7251, ""updated45"": 7251}",draw_us,prior,final,170298.420004,176024.189991,170394.562996,177027.9984865,-337.7794730000169,"[-2294.4585044999985, 6987.562502000015]",-0.20742857420482097,"[-1.284446410355361, 4.1001360361123895]",12,3,36,10000
gpu,vollkorn,2,text,sum of reported phases; excludes 119 unreported warmup frames,88,"{""final"": 7255, ""master"": 7251, ""prior"": 7251, ""updated45"": 7251}",submit_us,prior,final,192179.2474985,200116.4794995,192074.10100049997,201286.37849099998,414.6559960000159,"[-2093.9145055000117, 9803.06899700001]",0.22347320666623594,"[-1.0326162612394385, 5.103513533289316]",12,3,36,10000
gpu,vollkorn,2,text,sum of reported phases; excludes 119 unreported warmup frames,88,"{""final"": 7255, ""master"": 7251, ""prior"": 7251, ""updated45"": 7251}",complete_us,prior,final,276271.852986,286699.08449649997,275793.603495,289946.8325045,3752.5609920000134,"[-2333.003004500002, 13541.355981]",1.380627808838486,"[-0.8499923866899961, 4.8060198388436675]",12,3,36,10000
gpu,vollkorn,2,text,sum of reported phases; excludes 119 unreported warmup frames,88,"{""final"": 7255, ""master"": 7251, ""prior"": 7251, ""updated45"": 7251}",draw_us,updated45,final,170262.765005,176024.189991,170677.8959985,177027.9984865,1718.2059875000123,"[530.0819974999904, 9723.039513000025]",1.025611394940995,"[0.3034808013803847, 5.694131200917707]",12,3,36,10000
gpu,vollkorn,2,text,sum of reported phases; excludes 119 unreported warmup frames,88,"{""final"": 7255, ""master"": 7251, ""prior"": 7251, ""updated45"": 7251}",submit_us,updated45,final,192349.788,200116.4794995,192452.08098799997,201286.37849099998,3136.2080055000115,"[1297.18600099998, 13248.877507500001]",1.6566177203463317,"[0.6644295941198974, 6.8799922528255735]",12,3,36,10000
gpu,vollkorn,2,text,sum of reported phases; excludes 119 unreported warmup frames,88,"{""final"": 7255, ""master"": 7251, ""prior"": 7251, ""updated45"": 7251}",complete_us,updated45,final,278216.7054975,286699.08449649997,277340.8955005,289946.8325045,5812.519996999996,"[531.5605009999999, 12218.204012000002]",2.191038001694001,"[0.17894425867646668, 4.383210653438296]",12,3,36,10000
