backend,font,dpi,scene,scope,reported_frames,new_atlas_entries,metric,reference_version,candidate_version,reference_median,candidate_median,reference_process_median,candidate_process_median,paired_delta_us,paired_delta_us_ci95,paired_delta_pct,paired_bootstrap95,process_blocks,trials_per_process,samples_per_version,bootstrap_resamples
cpu,ptsans,2,demo,sum of reported phases; excludes 119 unreported warmup frames,65,5151,draw_us,master,current,49583.91450100001,43650.710004,49567.02099999999,43714.835002,-5891.129504,"[-6856.996991999993, -5236.042012000005]",-12.3709963746784,"[-13.349726147719664, -10.654253647001688]",8,5,40,10000
cpu,ptsans,2,demo,sum of reported phases; excludes 119 unreported warmup frames,65,5151,submit_us,master,current,49687.539514000004,43756.524498,49673.330992999996,43822.002,-5891.397505000001,"[-6857.164984000003, -5237.499012]",-12.349498799318065,"[-13.332815258309605, -10.633858726986611]",8,5,40,10000
cpu,ptsans,2,demo,sum of reported phases; excludes 119 unreported warmup frames,65,5151,complete_us,master,current,49688.891994,43757.980002,49674.894004999995,43823.271502,-5891.541992999999,"[-6857.210995999994, -5237.665988000008]",-12.34909727961226,"[-13.332040584222494, -10.6338836076468]",8,5,40,10000
cpu,ptsans,2,demo,sum of reported phases; excludes 119 unreported warmup frames,65,5151,draw_us,master,scaler,49583.91450100001,43992.039496,49567.02099999999,44056.732003,-5392.043001999995,"[-6038.789987999997, -4716.676004000001]",-11.157381617109497,"[-12.082130591115693, -9.826756988043982]",8,5,40,10000
cpu,ptsans,2,demo,sum of reported phases; excludes 119 unreported warmup frames,65,5151,submit_us,master,scaler,49687.539514000004,44096.581997999994,49673.330992999996,44162.566,-5387.561985,"[-6041.951990000001, -4722.799010000002]",-11.12294738800546,"[-12.0622623523429, -9.818104361224167]",8,5,40,10000
cpu,ptsans,2,demo,sum of reported phases; excludes 119 unreported warmup frames,65,5151,complete_us,master,scaler,49688.891994,44098.123993999994,49674.894004999995,44164.187988000005,-5387.749999999996,"[-6041.704023999999, -4722.749985999995]",-11.122683549511619,"[-12.061396238680056, -9.817747732251924]",8,5,40,10000
cpu,ptsans,2,demo,sum of reported phases; excludes 119 unreported warmup frames,65,5151,draw_us,master,prepass,49583.91450100001,43237.085495,49567.02099999999,43192.0655,-6769.540506999998,"[-7009.158997999992, -5676.917998000004]",-13.499404797850477,"[-14.067276551853091, -11.827332121199309]",8,5,40,10000
cpu,ptsans,2,demo,sum of reported phases; excludes 119 unreported warmup frames,65,5151,submit_us,master,prepass,49687.539514000004,43343.733003999994,49673.330992999996,43299.417996,-6772.479997000002,"[-7008.124028000006, -5679.0009900000005]",-13.473549694746866,"[-14.045926054065827, -11.80592785533664]",8,5,40,10000
cpu,ptsans,2,demo,sum of reported phases; excludes 119 unreported warmup frames,65,5151,complete_us,master,prepass,49688.891994,43345.086513999995,49674.894004999995,43300.91951,-6772.455491000004,"[-7007.950999999994, -5678.706985999997]",-13.473484913291568,"[-14.045326351968157, -11.805010385727567]",8,5,40,10000
cpu,ptsans,2,demo,sum of reported phases; excludes 119 unreported warmup frames,65,5151,draw_us,master,instance,49583.91450100001,43236.874002,49567.02099999999,42990.563503,-6286.251514000003,"[-6751.785991999997, -5748.089988]",-12.881053600161335,"[-13.493363445491413, -11.735501783957325]",8,5,40,10000
cpu,ptsans,2,demo,sum of reported phases; excludes 119 unreported warmup frames,65,5151,submit_us,master,instance,49687.539514000004,43343.834498,49673.330992999996,43087.833984,-6291.6035090000005,"[-6761.332032000006, -5746.210992]",-12.861553620306122,"[-13.483785989327101, -11.714821257784491]",8,5,40,10000
cpu,ptsans,2,demo,sum of reported phases; excludes 119 unreported warmup frames,65,5151,complete_us,master,instance,49688.891994,43345.124500000005,49674.894004999995,43089.146001999994,-6291.500507000001,"[-6761.454998000001, -5746.207009999998]",-12.861161825525674,"[-13.483673314058453, -11.714421624362137]",8,5,40,10000
cpu,ptsans,2,demo,sum of reported phases; excludes 119 unreported warmup frames,65,5151,draw_us,master,entry,49583.91450100001,43183.188995000004,49567.02099999999,43304.003499,-6441.2925,"[-6772.129000000001, -5977.004988000001]",-13.002703426896765,"[-13.340864511607942, -12.45253553214013]",8,5,40,10000
cpu,ptsans,2,demo,sum of reported phases; excludes 119 unreported warmup frames,65,5151,submit_us,master,entry,49687.539514000004,43286.79249000001,49673.330992999996,43406.922007,-6449.101501000001,"[-6772.627004000002, -5980.997991999997]",-12.98649109706253,"[-13.312823035905518, -12.433741589551172]",8,5,40,10000
cpu,ptsans,2,demo,sum of reported phases; excludes 119 unreported warmup frames,65,5151,complete_us,master,entry,49688.891994,43288.251000000004,49674.894004999995,43408.232004000005,-6449.1834979999985,"[-6772.715981999987, -5980.958001999999]",-12.986136885331312,"[-13.312626869121146, -12.433335881614793]",8,5,40,10000
cpu,ptsans,2,demo,sum of reported phases; excludes 119 unreported warmup frames,65,5151,draw_us,master,arena,49583.91450100001,42924.834002,49567.02099999999,42878.022005,-6640.457491999998,"[-7026.285983999995, -6226.879992000002]",-13.221671574282468,"[-14.041948392086157, -12.973126927354084]",8,5,40,10000
cpu,ptsans,2,demo,sum of reported phases; excludes 119 unreported warmup frames,65,5151,submit_us,master,arena,49687.539514000004,43031.20649,49673.330992999996,42983.687498,-6641.583977000002,"[-7026.583028000001, -6225.001001999997]",-13.1899086673041,"[-14.012762771800224, -12.940993118053722]",8,5,40,10000
cpu,ptsans,2,demo,sum of reported phases; excludes 119 unreported warmup frames,65,5151,complete_us,master,arena,49688.891994,43032.685503,49674.894004999995,42985.126504,-6641.831512999997,"[-7026.411997999996, -6224.875977999996]",-13.189919017023394,"[-14.012049770210222, -12.940397479799815]",8,5,40,10000
cpu,ptsans,2,demo,sum of reported phases; excludes 119 unreported warmup frames,65,5151,draw_us,master,pixels,49583.91450100001,43925.728491,49567.02099999999,43905.437001,-5780.150497999999,"[-6402.871007999995, -4802.664987999997]",-11.894350218583057,"[-12.796061028580052, -9.770873189253892]",8,5,40,10000
cpu,ptsans,2,demo,sum of reported phases; excludes 119 unreported warmup frames,65,5151,submit_us,master,pixels,49687.539514000004,44028.564502,49673.330992999996,44014.728995,-5785.313507999999,"[-6412.998004000001, -4795.119982000004]",-11.879518292200592,"[-12.789120875393479, -9.734909679907322]",8,5,40,10000
cpu,ptsans,2,demo,sum of reported phases; excludes 119 unreported warmup frames,65,5151,complete_us,master,pixels,49688.891994,44030.043496,49674.894004999995,44016.104002,-5785.189496999999,"[-6412.704013999995, -4795.497985999995]",-11.878914566878134,"[-12.788195145882597, -9.735363823925013]",8,5,40,10000
cpu,ptsans,2,demo,sum of reported phases; excludes 119 unreported warmup frames,65,5151,draw_us,current,scaler,43650.710004,43992.039496,43714.835002,44056.732003,836.7910039999988,"[-257.61898400000064, 1449.7469899999996]",1.926251713399374,"[-0.5828484197822115, 3.256589724955683]",8,5,40,10000
cpu,ptsans,2,demo,sum of reported phases; excludes 119 unreported warmup frames,65,5151,submit_us,current,scaler,43756.524498,44096.581997999994,43822.002,44162.566,840.2299960000018,"[-261.03199000000313, 1449.5379940000057]",1.9295451347758896,"[-0.5891201312560601, 3.248146131474794]",8,5,40,10000
cpu,ptsans,2,demo,sum of reported phases; excludes 119 unreported warmup frames,65,5151,complete_us,current,scaler,43757.980002,44098.123993999994,43823.271502,44164.187988000005,840.3324999999968,"[-260.4510240000018, 1449.3370099999956]",1.9297179471341797,"[-0.5877929303835239, 3.2475898078611065]",8,5,40,10000
cpu,ptsans,2,demo,sum of reported phases; excludes 119 unreported warmup frames,65,5151,draw_us,current,prepass,43650.710004,43237.085495,43714.835002,43192.0655,-446.9149949999992,"[-898.0060180000073, 265.7079799999992]",-1.0138008464170845,"[-2.011414269248013, 0.6105334373132321]",8,5,40,10000
cpu,ptsans,2,demo,sum of reported phases; excludes 119 unreported warmup frames,65,5151,submit_us,current,prepass,43756.524498,43343.733003999994,43822.002,43299.417996,-443.0390169999955,"[-892.9999879999959, 266.25098000000435]",-1.002480161531949,"[-1.9955993306664865, 0.6102690307276282]",8,5,40,10000
cpu,ptsans,2,demo,sum of reported phases; excludes 119 unreported warmup frames,65,5151,complete_us,current,prepass,43757.980002,43345.086513999995,43823.271502,43300.91951,-442.9740010000023,"[-892.9550120000058, 266.1249919999973]",-1.0023018555867291,"[-1.9954320669536285, 0.6099627659692741]",8,5,40,10000
cpu,ptsans,2,demo,sum of reported phases; excludes 119 unreported warmup frames,65,5151,draw_us,current,instance,43650.710004,43236.874002,43714.835002,42990.563503,-129.93399000000136,"[-1213.957997999998, 368.2470039999971]",-0.30987538634140166,"[-2.7647106725949167, 0.8768368490574607]",8,5,40,10000
cpu,ptsans,2,demo,sum of reported phases; excludes 119 unreported warmup frames,65,5151,submit_us,current,instance,43756.524498,43343.834498,43822.002,43087.833984,-128.84801599999628,"[-1222.710011999996, 366.6989920000051]",-0.3063362979496054,"[-2.7779050332007005, 0.8709964949054738]",8,5,40,10000
cpu,ptsans,2,demo,sum of reported phases; excludes 119 unreported warmup frames,65,5151,complete_us,current,instance,43757.980002,43345.124500000005,43823.271502,43089.146001999994,-128.996493000006,"[-1222.5820079999976, 366.70100800000364]",-0.3066666636607207,"[-2.7775329398737614, 0.8709745544614123]",8,5,40,10000
cpu,ptsans,2,demo,sum of reported phases; excludes 119 unreported warmup frames,65,5151,draw_us,current,entry,43650.710004,43183.188995000004,43714.835002,43304.003499,-521.3735010000019,"[-1168.7889880000002, 87.67201000000205]",-1.2057525693127125,"[-2.6618411793972285, 0.20220531826824484]",8,5,40,10000
cpu,ptsans,2,demo,sum of reported phases; excludes 119 unreported warmup frames,65,5151,submit_us,current,entry,43756.524498,43286.79249000001,43822.002,43406.922007,-522.3729919999969,"[-1176.1649980000002, 88.13201000000117]",-1.1974562910221087,"[-2.6721582679071987, 0.2027956210306936]",8,5,40,10000
cpu,ptsans,2,demo,sum of reported phases; excludes 119 unreported warmup frames,65,5151,complete_us,current,entry,43757.980002,43288.251000000004,43823.271502,43408.232004000005,-522.3745120000021,"[-1176.1610039999941, 87.96399999999994]",-1.1974115169506472,"[-2.6720710020501026, 0.2024018410370143]",8,5,40,10000
cpu,ptsans,2,demo,sum of reported phases; excludes 119 unreported warmup frames,65,5151,draw_us,current,arena,43650.710004,42924.834002,43714.835002,42878.022005,-348.27049599999737,"[-1164.5410019999981, -225.79198799999722]",-0.8017357469216224,"[-2.6521666665635157, -0.5376356987288333]",8,5,40,10000
cpu,ptsans,2,demo,sum of reported phases; excludes 119 unreported warmup frames,65,5151,submit_us,current,arena,43756.524498,43031.20649,43822.002,42983.687498,-347.896507999998,"[-1165.7519879999963, -223.12599199999386]",-0.7989350839731069,"[-2.6485006936615485, -0.5299767962119173]",8,5,40,10000
cpu,ptsans,2,demo,sum of reported phases; excludes 119 unreported warmup frames,65,5151,complete_us,current,arena,43757.980002,43032.685503,43823.271502,42985.126504,-347.81249200000093,"[-1165.6640039999984, -223.04499199999555]",-0.7987171184138386,"[-2.6482233066979277, -0.5297681443298452]",8,5,40,10000
cpu,ptsans,2,demo,sum of reported phases; excludes 119 unreported warmup frames,65,5151,draw_us,current,pixels,43650.710004,43925.728491,43714.835002,43905.437001,245.1855030000006,"[-295.2939860000042, 1076.6589939999976]",0.5770638616171997,"[-0.6614193281091474, 2.473905060815329]",8,5,40,10000
cpu,ptsans,2,demo,sum of reported phases; excludes 119 unreported warmup frames,65,5151,submit_us,current,pixels,43756.524498,44028.564502,43822.002,44014.728995,242.54349800000273,"[-286.6269820000016, 1084.0369879999998]",0.5696035628890317,"[-0.6405292509703342, 2.4847014720458027]",8,5,40,10000
cpu,ptsans,2,demo,sum of reported phases; excludes 119 unreported warmup frames,65,5151,complete_us,current,pixels,43757.980002,44030.043496,43823.271502,44016.104002,242.83100099999865,"[-286.9169919999986, 1084.2430000000022]",0.5702733896835843,"[-0.6411558910547566, 2.485102411061124]",8,5,40,10000
cpu,ptsans,2,font_variations,sum of reported phases; excludes 119 unreported warmup frames,63,2138,draw_us,master,current,11028.313505,11305.956498,11026.563993,11365.020993999999,279.8379930000001,"[235.95501200000035, 675.9170019999983]",2.578089669244843,"[2.107140594596646, 6.147379158907484]",8,5,40,10000
cpu,ptsans,2,font_variations,sum of reported phases; excludes 119 unreported warmup frames,63,2138,submit_us,master,current,11034.439998,11311.54,11032.517496,11371.041501,279.6120009999986,"[235.95299800000066, 676.2530019999995]",2.574508369780082,"[2.1058923090969683, 6.147105211383219]",8,5,40,10000
cpu,ptsans,2,font_variations,sum of reported phases; excludes 119 unreported warmup frames,63,2138,complete_us,master,current,11035.854502999999,11312.895002000001,11034.122492999999,11372.354997,279.67198499999995,"[236.1630120000009, 675.8369920000005]",2.574754117739808,"[2.1075161517769114, 6.14239294499348]",8,5,40,10000
cpu,ptsans,2,font_variations,sum of reported phases; excludes 119 unreported warmup frames,63,2138,draw_us,master,scaler,11028.313505,11326.686999,11026.563993,11355.707498,314.31549899999936,"[128.12699599999905, 374.4559999999983]",2.8746256133163173,"[1.2134486174568915, 3.4193509994550286]",8,5,40,10000
cpu,ptsans,2,font_variations,sum of reported phases; excludes 119 unreported warmup frames,63,2138,submit_us,master,scaler,11034.439998,11332.603503999999,11032.517496,11361.624003,313.64899499999956,"[128.08599999999933, 374.0020079999995]",2.8679729316316016,"[1.2123953080616978, 3.413128393471454]",8,5,40,10000
cpu,ptsans,2,font_variations,sum of reported phases; excludes 119 unreported warmup frames,63,2138,complete_us,master,scaler,11035.854502999999,11333.832507,11034.122492999999,11362.893999,313.7150100000008,"[127.95597599999746, 373.8739939999996]",2.8685848856589535,"[1.2110063828639772, 3.411557576273161]",8,5,40,10000
cpu,ptsans,2,font_variations,sum of reported phases; excludes 119 unreported warmup frames,63,2138,draw_us,master,prepass,11028.313505,10845.771499999999,11026.563993,10875.751003,-149.4399940000012,"[-275.6249919999991, 153.37300800000048]",-1.382189502058262,"[-2.478103383464214, 1.3696614813683006]",8,5,40,10000
cpu,ptsans,2,font_variations,sum of reported phases; excludes 119 unreported warmup frames,63,2138,submit_us,master,prepass,11034.439998,10851.936494000001,11032.517496,10881.956992,-149.5795050000006,"[-275.7090100000005, 153.54399000000012]",-1.3827378938268797,"[-2.4773929337533196, 1.3703877907457862]",8,5,40,10000
cpu,ptsans,2,font_variations,sum of reported phases; excludes 119 unreported warmup frames,63,2138,complete_us,master,prepass,11035.854502999999,10853.22499,11034.122492999999,10883.395495,-149.62449499999911,"[-275.6650219999992, 153.62602200000038]",-1.3829964179538523,"[-2.476719714331521, 1.3709569502705854]",8,5,40,10000
cpu,ptsans,2,font_variations,sum of reported phases; excludes 119 unreported warmup frames,63,2138,draw_us,master,instance,11028.313505,11115.372995,11026.563993,11088.397988,141.6484959999998,"[71.83299399999851, 349.6190140000017]",1.3025408841914943,"[0.6559441425100454, 3.3093620926480716]",8,5,40,10000
cpu,ptsans,2,font_variations,sum of reported phases; excludes 119 unreported warmup frames,63,2138,submit_us,master,instance,11034.439998,11121.206512,11032.517496,11093.923499,142.21449399999983,"[70.33900599999834, 349.53300800000034]",1.306721520388654,"[0.6419111486352103, 3.3066706311533745]",8,5,40,10000
cpu,ptsans,2,font_variations,sum of reported phases; excludes 119 unreported warmup frames,63,2138,complete_us,master,instance,11035.854502999999,11122.644489,11034.122492999999,11095.317497,142.27498899999955,"[70.45897999999943, 349.53100000000086]",1.3071360059246695,"[0.6429301606772908, 3.306272540992228]",8,5,40,10000
cpu,ptsans,2,font_variations,sum of reported phases; excludes 119 unreported warmup frames,63,2138,draw_us,master,entry,11028.313505,11167.916995,11026.563993,11211.498512,225.54300799999965,"[97.58199800000148, 243.8350019999998]",2.0371924309601996,"[0.866179730181571, 2.308050421077956]",8,5,40,10000
cpu,ptsans,2,font_variations,sum of reported phases; excludes 119 unreported warmup frames,63,2138,submit_us,master,entry,11034.439998,11173.729001,11032.517496,11217.373501999999,225.12900399999944,"[97.49701200000163, 243.91699799999878]",2.033648378864894,"[0.864935683782786, 2.3075164727380804]",8,5,40,10000
cpu,ptsans,2,font_variations,sum of reported phases; excludes 119 unreported warmup frames,63,2138,complete_us,master,entry,11035.854502999999,11175.145999,11034.122492999999,11218.870497,225.21149699999842,"[97.54001799999969, 243.7899980000002]",2.0330022993618413,"[0.8651959349921245, 2.306050611121613]",8,5,40,10000
cpu,ptsans,2,font_variations,sum of reported phases; excludes 119 unreported warmup frames,63,2138,draw_us,master,arena,11028.313505,10920.000004000001,11026.563993,10860.229995000002,-83.45700300000044,"[-250.1649780000007, 39.997002000000066]",-0.7747855702862072,"[-2.220571802033766, 0.35960710698044185]",8,5,40,10000
cpu,ptsans,2,font_variations,sum of reported phases; excludes 119 unreported warmup frames,63,2138,submit_us,master,arena,11034.439998,10925.270003,11032.517496,10865.688501,-84.18550600000071,"[-250.8329880000001, 41.920006000000285]",-0.781062343503014,"[-2.225241548849255, 0.3766736772486956]",8,5,40,10000
cpu,ptsans,2,font_variations,sum of reported phases; excludes 119 unreported warmup frames,63,2138,complete_us,master,arena,11035.854502999999,10926.792,11034.122492999999,10867.148495000001,-84.2520110000005,"[-250.95800200000122, 42.252990000000864]",-0.7816161449473669,"[-2.22603858022814, 0.37962311127908155]",8,5,40,10000
cpu,ptsans,2,font_variations,sum of reported phases; excludes 119 unreported warmup frames,63,2138,draw_us,master,pixels,11028.313505,11387.249503,11026.563993,11332.291495000001,322.2275090000003,"[208.49600400000054, 508.79000599999927]",2.984625645237704,"[1.8854899159739036, 4.6460241404299385]",8,5,40,10000
cpu,ptsans,2,font_variations,sum of reported phases; excludes 119 unreported warmup frames,63,2138,submit_us,master,pixels,11034.439998,11393.498495,11032.517496,11338.225505,321.4134989999993,"[208.49900800000069, 507.62500999999975]",2.9753600242643063,"[1.8845029038412786, 4.632566932280291]",8,5,40,10000
cpu,ptsans,2,font_variations,sum of reported phases; excludes 119 unreported warmup frames,63,2138,complete_us,master,pixels,11035.854502999999,11394.937001,11034.122492999999,11339.707498,321.8704770000004,"[208.33501800000158, 507.54197600000043]",2.979264810224913,"[1.8827581194261311, 4.631262674823677]",8,5,40,10000
cpu,ptsans,2,font_variations,sum of reported phases; excludes 119 unreported warmup frames,63,2138,draw_us,current,scaler,11305.956498,11326.686999,11365.020993999999,11355.707498,8.123502000000371,"[-130.7529880000002, 79.04601600000206]",0.0698203397668129,"[-1.2086843966990113, 0.6990997749932948]",8,5,40,10000
cpu,ptsans,2,font_variations,sum of reported phases; excludes 119 unreported warmup frames,63,2138,submit_us,current,scaler,11311.54,11332.603503999999,11371.041501,11361.624003,7.958497999999963,"[-130.46498799999972, 79.08601599999929]",0.06830381480461556,"[-1.2054133797247846, 0.6991083428530498]",8,5,40,10000
cpu,ptsans,2,font_variations,sum of reported phases; excludes 119 unreported warmup frames,63,2138,complete_us,current,scaler,11312.895002000001,11333.832507,11372.354997,11362.893999,7.956514999999854,"[-130.67100400000163, 79.12699799999973]",0.06827159332900568,"[-1.2071544448404081, 0.6993881430248816]",8,5,40,10000
cpu,ptsans,2,font_variations,sum of reported phases; excludes 119 unreported warmup frames,63,2138,draw_us,current,prepass,11305.956498,10845.771499999999,11365.020993999999,10875.751003,-461.9385030000003,"[-585.4119900000005, -157.20500600000014]",-4.255935004885219,"[-5.046049600047542, -1.3933374008484822]",8,5,40,10000
cpu,ptsans,2,font_variations,sum of reported phases; excludes 119 unreported warmup frames,63,2138,submit_us,current,prepass,11311.54,10851.936494000001,11371.041501,10881.956992,-461.7930030000007,"[-585.5830180000012, -156.5350039999994]",-4.252515960996222,"[-5.042857518775968, -1.3866976234181316]",8,5,40,10000
cpu,ptsans,2,font_variations,sum of reported phases; excludes 119 unreported warmup frames,63,2138,complete_us,current,prepass,11312.895002000001,10853.22499,11372.354997,10883.395495,-462.08798300000035,"[-585.6669880000009, -156.45300999999927]",-4.254611246590007,"[-5.042287001333867, -1.3857868746648738]",8,5,40,10000
cpu,ptsans,2,font_variations,sum of reported phases; excludes 119 unreported warmup frames,63,2138,draw_us,current,instance,11305.956498,11115.372995,11365.020993999999,11088.397988,-138.1894970000003,"[-676.5410040000006, 290.58899399999973]",-1.2435300720059883,"[-5.782669628478643, 2.5755446592784503]",8,5,40,10000
cpu,ptsans,2,font_variations,sum of reported phases; excludes 119 unreported warmup frames,63,2138,submit_us,current,instance,11311.54,11121.206512,11371.041501,11093.923499,-137.39750699999877,"[-678.4570100000019, 292.5949959999998]",-1.23601900978762,"[-5.795536321704842, 2.592013129390769]",8,5,40,10000
cpu,ptsans,2,font_variations,sum of reported phases; excludes 119 unreported warmup frames,63,2138,complete_us,current,instance,11312.895002000001,11122.644489,11372.354997,11095.317497,-137.3969960000004,"[-678.335000000001, 292.5939900000012]",-1.235851009124339,"[-5.793855143565252, 2.591659380332989]",8,5,40,10000
cpu,ptsans,2,font_variations,sum of reported phases; excludes 119 unreported warmup frames,63,2138,draw_us,current,entry,11305.956498,11167.916995,11365.020993999999,11211.498512,-89.49649099999988,"[-456.707989999999, 80.74999200000093]",-0.8052230118758441,"[-3.913145204621693, 0.7157022974943805]",8,5,40,10000
cpu,ptsans,2,font_variations,sum of reported phases; excludes 119 unreported warmup frames,63,2138,submit_us,current,entry,11311.54,11173.729001,11371.041501,11217.373501999999,-88.97998800000096,"[-456.99700200000007, 81.33599800000047]",-0.8001180423879761,"[-3.9135117002614073, 0.7205317165031255]",8,5,40,10000
cpu,ptsans,2,font_variations,sum of reported phases; excludes 119 unreported warmup frames,63,2138,complete_us,current,entry,11312.895002000001,11175.145999,11372.354997,11218.870497,-89.2109930000006,"[-456.7089820000019, 81.45701200000076]",-0.8021513923790968,"[-3.910626286163821, 0.721507742669969]",8,5,40,10000
cpu,ptsans,2,font_variations,sum of reported phases; excludes 119 unreported warmup frames,63,2138,draw_us,current,arena,11305.956498,10920.000004000001,11365.020993999999,10860.229995000002,-300.3744910000005,"[-840.4159899999995, -211.45302400000037]",-2.7258286822920583,"[-7.1833754228159075, -1.8493626964090182]",8,5,40,10000
cpu,ptsans,2,font_variations,sum of reported phases; excludes 119 unreported warmup frames,63,2138,submit_us,current,arena,11311.54,10925.270003,11371.041501,10865.688501,-300.4395050000003,"[-841.8330080000014, -212.12098800000058]",-2.7250531119910937,"[-7.191131792822125, -1.854144148783654]",8,5,40,10000
cpu,ptsans,2,font_variations,sum of reported phases; excludes 119 unreported warmup frames,63,2138,complete_us,current,arena,11312.895002000001,10926.792,11372.354997,10867.148495000001,-300.62949800000024,"[-841.7069940000001, -212.12200200000007]",-2.726434544038331,"[-7.189262527455808, -1.853903131941037]",8,5,40,10000
cpu,ptsans,2,font_variations,sum of reported phases; excludes 119 unreported warmup frames,63,2138,draw_us,current,pixels,11305.956498,11387.249503,11365.020993999999,11332.291495000001,-28.58650200000011,"[-180.83100999999988, 246.66898800000126]",-0.2581186357088816,"[-1.581543351434711, 2.1134983154577514]",8,5,40,10000
cpu,ptsans,2,font_variations,sum of reported phases; excludes 119 unreported warmup frames,63,2138,submit_us,current,pixels,11311.54,11393.498495,11371.041501,11338.225505,-28.923509999999624,"[-181.41699400000107, 247.50000799999907]",-0.26096214432583253,"[-1.5857613199266263, 2.119475998494158]",8,5,40,10000
cpu,ptsans,2,font_variations,sum of reported phases; excludes 119 unreported warmup frames,63,2138,complete_us,current,pixels,11312.895002000001,11394.937001,11372.354997,11339.707498,-28.83999700000004,"[-181.62300600000162, 247.83500400000048]",-0.26022946769727606,"[-1.5873481132614886, 2.122117408397961]",8,5,40,10000
cpu,ptsans,2,grid_pollution,complete controlled sequence,67,6298,draw_us,master,current,27687.311008,28961.934476,27740.607492,29018.748983999998,1208.5605000000014,"[902.3350080000018, 1350.1229920000042]",4.345819286336994,"[3.4141638895018867, 4.881898133862639]",8,5,40,10000
cpu,ptsans,2,grid_pollution,complete controlled sequence,67,6298,submit_us,master,current,27692.544016,28966.896512,27746.293008,29025.18948,1209.7109639999999,"[902.3239920000015, 1349.7039919999988]",4.349119257415158,"[3.4135728926687703, 4.881742716139703]",8,5,40,10000
cpu,ptsans,2,grid_pollution,complete controlled sequence,67,6298,complete_us,master,current,27693.7925,28968.27002,27747.792008,29026.750028000002,1209.5835080000015,"[902.1970000000038, 1349.8770000000004]",4.348396980852309,"[3.412925266791822, 4.882624770574329]",8,5,40,10000
cpu,ptsans,2,grid_pollution,complete controlled sequence,67,6298,draw_us,master,scaler,27687.311008,28260.643987999996,27740.607492,28304.958491999998,471.1655400000018,"[187.83202399999936, 744.7110160000011]",1.6941354124924146,"[0.6679421219801585, 2.7025003287435734]",8,5,40,10000
cpu,ptsans,2,grid_pollution,complete controlled sequence,67,6298,submit_us,master,scaler,27692.544016,28265.354988,27746.293008,28310.890504,470.7689799999971,"[187.4489999999969, 744.706000000002]",1.6923875741670535,"[0.6664320428443782, 2.70189323421397]",8,5,40,10000
cpu,ptsans,2,grid_pollution,complete controlled sequence,67,6298,complete_us,master,scaler,27693.7925,28266.83252,27747.792008,28312.325504,470.6244960000022,"[187.44696799999656, 744.7850240000007]",1.691765322080896,"[0.6663862713415458, 2.7020656371491647]",8,5,40,10000
cpu,ptsans,2,grid_pollution,complete controlled sequence,67,6298,draw_us,master,prepass,27687.311008,28776.812996,27740.607492,28877.645504,1037.707996000001,"[572.5390160000024, 1406.2490079999989]",3.8344770562950714,"[1.9921214662390607, 5.279356562895421]",8,5,40,10000
cpu,ptsans,2,grid_pollution,complete controlled sequence,67,6298,submit_us,master,prepass,27692.544016,28782.249991999997,27746.293008,28882.83302,1037.773996,"[573.9669599999979, 1406.6629759999996]",3.8341159417836335,"[1.9965867515949531, 5.280092995191699]",8,5,40,10000
cpu,ptsans,2,grid_pollution,complete controlled sequence,67,6298,complete_us,master,prepass,27693.7925,28783.708512,27747.792008,28884.269500000002,1037.727992,"[573.6300080000001, 1406.9139920000016]",3.833749625399341,"[1.9952871390087834, 5.280795574568908]",8,5,40,10000
cpu,ptsans,2,grid_pollution,complete controlled sequence,67,6298,draw_us,master,instance,27687.311008,28719.646988,27740.607492,28540.333008,923.9995239999989,"[743.3749920000009, 1146.3340480000006]",3.407568485984247,"[2.5865368780884745, 4.303580763542314]",8,5,40,10000
cpu,ptsans,2,grid_pollution,complete controlled sequence,67,6298,submit_us,master,instance,27692.544016,28724.978488,27746.293008,28545.454488000003,923.5454719999998,"[742.132999999998, 1146.6659919999984]",3.405296148900838,"[2.5815648268698643, 4.304160396259515]",8,5,40,10000
cpu,ptsans,2,grid_pollution,complete controlled sequence,67,6298,complete_us,master,instance,27693.7925,28726.268008,27747.792008,28547.001512,923.478492000002,"[742.0090000000018, 1146.9979999999996]",3.404883402656167,"[2.5809685582710573, 4.305211261584607]",8,5,40,10000
cpu,ptsans,2,grid_pollution,complete controlled sequence,67,6298,draw_us,master,entry,27687.311008,28681.333496,27740.607492,28726.836496,1064.0650000000005,"[1008.2160240000012, 1150.9580239999996]",3.835387987376482,"[3.60790203013186, 4.32094014861808]",8,5,40,10000
cpu,ptsans,2,grid_pollution,complete controlled sequence,67,6298,submit_us,master,entry,27692.544016,28685.683492,27746.293008,28730.97952,1064.47998,"[1005.8359920000039, 1150.8319759999977]",3.828461345513512,"[3.6125063762546317, 4.3197979607022985]",8,5,40,10000
cpu,ptsans,2,grid_pollution,complete controlled sequence,67,6298,complete_us,master,entry,27693.7925,28687.058992,27747.792008,28732.522476,1064.5415000000012,"[1006.2549599999984, 1151.125039999999]",3.828719518374646,"[3.611552219491254, 4.320701941677352]",8,5,40,10000
cpu,ptsans,2,grid_pollution,complete controlled sequence,67,6298,draw_us,master,arena,27687.311008,27350.04402,27740.607492,27395.542999999998,-334.52048399999876,"[-453.33395999999993, -184.54000799999994]",-1.2101673091157394,"[-1.5773533119202487, -0.6982438073398822]",8,5,40,10000
cpu,ptsans,2,grid_pollution,complete controlled sequence,67,6298,submit_us,master,arena,27692.544016,27354.583996,27746.293008,27400.123524000002,-335.9000079999987,"[-454.1950399999987, -184.50604799999928]",-1.2148976909998443,"[-1.5799512214154987, -0.6980029895805373]",8,5,40,10000
cpu,ptsans,2,grid_pollution,complete controlled sequence,67,6298,complete_us,master,arena,27693.7925,27356.063523999997,27747.792008,27401.624499999998,-335.8585320000002,"[-454.5800079999972, -184.55103999999483]",-1.2146825063974631,"[-1.5811893223216966, -0.6981389956170148]",8,5,40,10000
cpu,ptsans,2,grid_pollution,complete controlled sequence,67,6298,draw_us,master,pixels,27687.311008,29596.935976,27740.607492,29638.521,1831.918496000002,"[1559.454999999998, 2411.7829920000004]",6.86921305681456,"[5.614649395253002, 8.576447269887023]",8,5,40,10000
cpu,ptsans,2,grid_pollution,complete controlled sequence,67,6298,submit_us,master,pixels,27692.544016,29601.833995999998,27746.293008,29643.790999999997,1831.995979999996,"[1557.7149600000012, 2413.663007999996]",6.867919890129615,"[5.607241699874166, 8.58122672918704]",8,5,40,10000
cpu,ptsans,2,grid_pollution,complete controlled sequence,67,6298,complete_us,master,pixels,27693.7925,29603.251512000003,27747.792008,29645.125004,1831.978508000002,"[1557.755008, 2413.6209759999983]",6.867988092277589,"[5.607048798437408, 8.58058094931895]",8,5,40,10000
cpu,ptsans,2,grid_pollution,complete controlled sequence,67,6298,draw_us,current,scaler,28961.934476,28260.643987999996,29018.748983999998,28304.958491999998,-737.3949599999996,"[-803.1279919999979, -132.7899759999964]",-2.5411831787743813,"[-2.8747692459377028, -0.4590619802240403]",8,5,40,10000
cpu,ptsans,2,grid_pollution,complete controlled sequence,67,6298,submit_us,current,scaler,28966.896512,28265.354988,29025.18948,28310.890504,-738.9419840000028,"[-802.9570160000003, -131.54102400000193]",-2.5459508186383872,"[-2.8737164697534623, -0.4546650202021163]",8,5,40,10000
cpu,ptsans,2,grid_pollution,complete controlled sequence,67,6298,complete_us,current,scaler,28968.27002,28266.83252,29026.750028000002,28312.325504,-738.9590119999993,"[-803.2150079999992, -131.4940319999987]",-2.5458727872717413,"[-2.874485182380482, -0.4544829745495971]",8,5,40,10000
cpu,ptsans,2,grid_pollution,complete controlled sequence,67,6298,draw_us,current,prepass,28961.934476,28776.812996,29018.748983999998,28877.645504,1.4785160000010364,"[-220.0809999999983, 170.4179839999997]",0.004897592181862809,"[-0.7589655072027468, 0.6235222505176718]",8,5,40,10000
cpu,ptsans,2,grid_pollution,complete controlled sequence,67,6298,submit_us,current,prepass,28966.896512,28782.249991999997,29025.18948,28882.83302,1.3105479999976524,"[-220.21197600000232, 171.4720159999997]",0.0043258427405157285,"[-0.759289379859629, 0.6272813664608634]",8,5,40,10000
cpu,ptsans,2,grid_pollution,complete controlled sequence,67,6298,complete_us,current,prepass,28968.27002,28783.708512,29026.750028000002,28884.269500000002,0.7864960000006249,"[-220.2100160000009, 171.6769839999979]",0.0025221903716399208,"[-0.7592434051126196, 0.6280043496111221]",8,5,40,10000
cpu,ptsans,2,grid_pollution,complete controlled sequence,67,6298,draw_us,current,instance,28961.934476,28719.646988,29018.748983999998,28540.333008,-120.4179839999997,"[-750.7069919999958, 557.1690000000017]",-0.4251328873483673,"[-2.580610203610878, 1.926162743334281]",8,5,40,10000
cpu,ptsans,2,grid_pollution,complete controlled sequence,67,6298,submit_us,current,instance,28966.896512,28724.978488,29025.18948,28545.454488000003,-121.26998800000001,"[-749.8859840000005, 558.1269919999977]",-0.42797081896005507,"[-2.577388790073154, 1.9291382443018312]",8,5,40,10000
cpu,ptsans,2,grid_pollution,complete controlled sequence,67,6298,complete_us,current,instance,28968.27002,28726.268008,29026.750028000002,28547.001512,-121.41899600000033,"[-750.2119760000023, 558.5909920000013]",-0.42845783445804586,"[-2.578328278130493, 1.9306586902801293]",8,5,40,10000
cpu,ptsans,2,grid_pollution,complete controlled sequence,67,6298,draw_us,current,entry,28961.934476,28681.333496,29018.748983999998,28726.836496,-95.68098399999872,"[-525.7030079999968, 188.87795999999798]",-0.3288472752755789,"[-1.8071425482523495, 0.6910632782299864]",8,5,40,10000
cpu,ptsans,2,grid_pollution,complete controlled sequence,67,6298,submit_us,current,entry,28966.896512,28685.683492,29025.18948,28730.97952,-96.64847200000077,"[-526.5819520000005, 188.13398400000005]",-0.332097335733611,"[-1.8098837011196078, 0.6882344146536878]",8,5,40,10000
cpu,ptsans,2,grid_pollution,complete controlled sequence,67,6298,complete_us,current,entry,28968.27002,28687.058992,29026.750028000002,28732.522476,-96.71052400000008,"[-527.0390160000024, 188.59196800000063]",-0.3322924567183805,"[-1.8113275208910706, 0.6898803406618637]",8,5,40,10000
cpu,ptsans,2,grid_pollution,complete controlled sequence,67,6298,draw_us,current,arena,28961.934476,27350.04402,29018.748983999998,27395.542999999998,-1440.2265000000007,"[-1775.125976000003, -1086.8750160000018]",-4.963212456865717,"[-6.109203734712809, -3.976638733197002]",8,5,40,10000
cpu,ptsans,2,grid_pollution,complete controlled sequence,67,6298,submit_us,current,arena,28966.896512,27354.583996,29025.18948,27400.123524000002,-1441.982476000001,"[-1775.6699439999975, -1086.8300400000007]",-4.968166697528586,"[-6.109963257245987, -3.9758571019653743]",8,5,40,10000
cpu,ptsans,2,grid_pollution,complete controlled sequence,67,6298,complete_us,current,arena,28968.27002,27356.063523999997,29026.750028000002,27401.624499999998,-1442.1210199999987,"[-1775.5039840000027, -1086.7480399999986]",-4.968377315130057,"[-6.109076670615399, -3.9753872659561984]",8,5,40,10000
cpu,ptsans,2,grid_pollution,complete controlled sequence,67,6298,draw_us,current,pixels,28961.934476,29596.935976,29018.748983999998,29638.521,721.6049879999973,"[548.2059840000002, 1307.3329760000015]",2.615572639001784,"[1.8877615884070442, 4.473268477165648]",8,5,40,10000
cpu,ptsans,2,grid_pollution,complete controlled sequence,67,6298,submit_us,current,pixels,28966.896512,29601.833995999998,29025.18948,29643.790999999997,721.4750079999976,"[545.2920079999967, 1309.0379919999978]",2.614700102803136,"[1.8772100999332242, 4.478118618053695]",8,5,40,10000
cpu,ptsans,2,grid_pollution,complete controlled sequence,67,6298,complete_us,current,pixels,28968.27002,29603.251512000003,29026.750028000002,29645.125004,721.4960040000005,"[545.0879920000007, 1309.1229759999987]",2.614654569596686,"[1.87640291505895, 4.478179547943206]",8,5,40,10000
cpu,ptsans,2,grid_singleton,complete controlled sequence,1,94,draw_us,master,current,508.416,528.5625,508.541,533.9794999999999,19.79249999999999,"[14.790999999999997, 26.291999999999973]",3.8779228493326046,"[3.0921908122776065, 5.151092442243188]",8,5,40,10000
cpu,ptsans,2,grid_singleton,complete controlled sequence,1,94,submit_us,master,current,508.541,528.7505,508.687,534.1875,19.813499999999948,"[14.834000000000003, 26.374999999999943]",3.8809573015355814,"[3.1001044932079447, 5.165663564983536]",8,5,40,10000
cpu,ptsans,2,grid_singleton,complete controlled sequence,1,94,complete_us,master,current,508.562,528.7919999999999,508.72900000000004,534.2295,19.833999999999975,"[14.834000000000003, 26.375]",3.8847882368964526,"[3.1001044932079447, 5.165238678090578]",8,5,40,10000
cpu,ptsans,2,grid_singleton,complete controlled sequence,1,94,draw_us,master,scaler,508.416,520.9580000000001,508.541,521.5625,8.958499999999987,"[6.270499999999998, 16.334000000000003]",1.7515707186253282,"[1.2920251114903802, 3.2238200313421395]",8,5,40,10000
cpu,ptsans,2,grid_singleton,complete controlled sequence,1,94,submit_us,master,scaler,508.541,521.166,508.687,521.7915,9.021000000000043,"[6.271000000000015, 16.334000000000003]",1.7634877412302186,"[1.2945577499552718, 3.2230248761323743]",8,5,40,10000
cpu,ptsans,2,grid_singleton,complete controlled sequence,1,94,complete_us,master,scaler,508.562,521.166,508.72900000000004,521.8125,9.021000000000015,"[6.271500000000003, 16.334000000000003]",1.7604782861568191,"[1.294403962370605, 3.22275779201433]",8,5,40,10000
cpu,ptsans,2,grid_singleton,complete controlled sequence,1,94,draw_us,master,prepass,508.416,472.6255,508.541,472.45849999999996,-34.166000000000025,"[-38.22900000000004, -29.540999999999997]",-6.695075076256785,"[-7.543422017636036, -6.088841688025526]",8,5,40,10000
cpu,ptsans,2,grid_singleton,complete controlled sequence,1,94,submit_us,master,prepass,508.541,472.8125,508.687,472.6875,-34.124000000000024,"[-38.166000000000025, -29.5]",-6.684879150751238,"[-7.529200081471194, -6.09529780564263]",8,5,40,10000
cpu,ptsans,2,grid_singleton,complete controlled sequence,1,94,complete_us,master,prepass,508.562,472.83349999999996,508.72900000000004,472.70849999999996,-34.12400000000005,"[-38.16650000000001, -29.540999999999997]",-6.684605951201583,"[-7.529200081471194, -6.086729362591436]",8,5,40,10000
cpu,ptsans,2,grid_singleton,complete controlled sequence,1,94,draw_us,master,instance,508.416,525.1665,508.541,520.396,15.604499999999945,"[5.83299999999997, 21.666000000000054]",3.1225674049443652,"[1.1687434755341286, 4.216200437849693]",8,5,40,10000
cpu,ptsans,2,grid_singleton,complete controlled sequence,1,94,submit_us,master,instance,508.541,525.3125,508.687,520.521,15.604499999999945,"[5.875, 21.625]",3.1217859395990866,"[1.176864152818058, 4.206862876696604]",8,5,40,10000
cpu,ptsans,2,grid_singleton,complete controlled sequence,1,94,complete_us,master,instance,508.562,525.3125,508.72900000000004,520.5625,15.625499999999988,"[5.916999999999973, 21.625]",3.125725934487089,"[1.185277479527569, 4.206862876696604]",8,5,40,10000
cpu,ptsans,2,grid_singleton,complete controlled sequence,1,94,draw_us,master,entry,508.416,526.312,508.541,529.271,22.083499999999987,"[14.16700000000003, 28.58299999999997]",4.477440303114366,"[2.7568961323279018, 5.552339585696742]",8,5,40,10000
cpu,ptsans,2,grid_singleton,complete controlled sequence,1,94,submit_us,master,entry,508.541,526.479,508.687,529.396,22.062999999999988,"[14.125999999999976, 28.58400000000006]",4.471838612726831,"[2.748029826414622, 5.550743944166325]",8,5,40,10000
cpu,ptsans,2,grid_singleton,complete controlled sequence,1,94,complete_us,master,entry,508.562,526.5,508.72900000000004,529.417,22.062999999999988,"[14.125999999999976, 28.625999999999976]",4.4716437528373625,"[2.748029826414622, 5.558899949122065]",8,5,40,10000
cpu,ptsans,2,grid_singleton,complete controlled sequence,1,94,draw_us,master,arena,508.416,511.604,508.541,509.64549999999997,4.937499999999943,"[-3.6240000000000236, 14.709000000000003]",0.9589415174487526,"[-0.7152640990317094, 2.88176702924674]",8,5,40,10000
cpu,ptsans,2,grid_singleton,complete controlled sequence,1,94,submit_us,master,arena,508.541,511.812,508.687,509.77049999999997,5.0625,"[-3.6240000000000236, 14.708000000000027]",0.9829638632630755,"[-0.7150876791419014, 2.8806286147404103]",8,5,40,10000
cpu,ptsans,2,grid_singleton,complete controlled sequence,1,94,complete_us,master,arena,508.562,511.85400000000004,508.72900000000004,509.8125,5.0625,"[-3.625, 14.70799999999997]",0.9829638632630755,"[-0.7152257252388883, 2.8803916768665783]",8,5,40,10000
cpu,ptsans,2,grid_singleton,complete controlled sequence,1,94,draw_us,master,pixels,508.416,530.6044999999999,508.541,531.6044999999999,21.99999999999997,"[20.20799999999997, 33.41699999999997]",4.3994020909946645,"[3.975776621422522, 6.695679876894212]",8,5,40,10000
cpu,ptsans,2,grid_singleton,complete controlled sequence,1,94,submit_us,master,pixels,508.541,530.8335,508.687,531.8335,22.041499999999985,"[20.250999999999976, 33.49999999999994]",4.40682118829212,"[3.979519331243453, 6.710629637345544]",8,5,40,10000
cpu,ptsans,2,grid_singleton,complete controlled sequence,1,94,complete_us,master,pixels,508.562,530.854,508.72900000000004,531.854,22.042,"[20.291999999999916, 33.49999999999994]",4.406492909603543,"[3.9882967607105524, 6.710629637345544]",8,5,40,10000
cpu,ptsans,2,grid_singleton,complete controlled sequence,1,94,draw_us,current,scaler,528.5625,520.9580000000001,533.9794999999999,521.5625,-11.500000000000028,"[-15.250499999999931, -5.04200000000003]",-2.2210840125625078,"[-2.847255432790824, -0.9450796626054414]",8,5,40,10000
cpu,ptsans,2,grid_singleton,complete controlled sequence,1,94,submit_us,current,scaler,528.7505,521.166,534.1875,521.7915,-11.520999999999958,"[-15.249999999999943, -5.125]",-2.224885043711078,"[-2.846049678431517, -0.9601873536299821]",8,5,40,10000
cpu,ptsans,2,grid_singleton,complete controlled sequence,1,94,complete_us,current,scaler,528.7919999999999,521.166,534.2295,521.8125,-11.500000000000028,"[-15.291999999999973, -5.125]",-2.220528439362024,"[-2.8536649058010677, -0.9601118038486955]",8,5,40,10000
cpu,ptsans,2,grid_singleton,complete controlled sequence,1,94,draw_us,current,prepass,528.5625,472.6255,533.9794999999999,472.45849999999996,-54.1045,"[-64.95799999999997, -43.916]",-10.178057102103061,"[-12.103042995446312, -8.905652724968316]",8,5,40,10000
cpu,ptsans,2,grid_singleton,complete controlled sequence,1,94,submit_us,current,prepass,528.7505,472.8125,534.1875,472.6875,-54.103999999999985,"[-64.95799999999997, -44.0]",-10.170869324801663,"[-12.097407990941555, -8.91890686634207]",8,5,40,10000
cpu,ptsans,2,grid_singleton,complete controlled sequence,1,94,complete_us,current,prepass,528.7919999999999,472.83349999999996,534.2295,472.70849999999996,-54.146000000000015,"[-65.0, -43.959]",-10.17390589985369,"[-12.104283054003728, -8.910596066762078]",8,5,40,10000
cpu,ptsans,2,grid_singleton,complete controlled sequence,1,94,draw_us,current,instance,528.5625,525.1665,533.9794999999999,520.396,-4.562000000000012,"[-14.459000000000003, 2.875]",-0.8521903326802749,"[-2.7506006654402837, 0.5742339718814993]",8,5,40,10000
cpu,ptsans,2,grid_singleton,complete controlled sequence,1,94,submit_us,current,instance,528.7505,525.3125,534.1875,520.521,-4.687000000000012,"[-14.50099999999992, 2.875]",-0.8751417839273301,"[-2.757714411772516, 0.574090640425573]",8,5,40,10000
cpu,ptsans,2,grid_singleton,complete controlled sequence,1,94,complete_us,current,instance,528.7919999999999,525.3125,534.2295,520.5625,-4.6875,"[-14.5, 2.91700000000003]",-0.875166828594448,"[-2.757309246493944, 0.5824773558683161]",8,5,40,10000
cpu,ptsans,2,grid_singleton,complete controlled sequence,1,94,draw_us,current,entry,528.5625,526.312,533.9794999999999,529.271,3.6875,"[-6.416999999999916, 6.54200000000003]",0.6965157332952776,"[-1.2006533709788658, 1.2262417994376884]",8,5,40,10000
cpu,ptsans,2,grid_singleton,complete controlled sequence,1,94,submit_us,current,entry,528.7505,526.479,534.1875,529.396,3.625000000000057,"[-6.45799999999997, 6.5]",0.684537099599758,"[-1.2079494973111893, 1.2177985948477854]",8,5,40,10000
cpu,ptsans,2,grid_singleton,complete controlled sequence,1,94,complete_us,current,entry,528.7919999999999,526.5,534.2295,529.417,3.625,"[-6.5, 6.5]",0.6844856426661439,"[-1.215709965268097, 1.2177027756129721]",8,5,40,10000
cpu,ptsans,2,grid_singleton,complete controlled sequence,1,94,draw_us,current,arena,528.5625,511.604,533.9794999999999,509.64549999999997,-15.3125,"[-25.208999999999946, -6.75]",-2.8556594565953333,"[-4.716732247001165, -1.3688212927756682]",8,5,40,10000
cpu,ptsans,2,grid_singleton,complete controlled sequence,1,94,submit_us,current,arena,528.7505,511.812,534.1875,509.77049999999997,-15.312499999999943,"[-25.25, -6.834000000000003]",-2.8545941615543136,"[-4.722936637830255, -1.3852683982859437]",8,5,40,10000
cpu,ptsans,2,grid_singleton,complete controlled sequence,1,94,complete_us,current,arena,528.7919999999999,511.85400000000004,534.2295,509.8125,-15.333500000000015,"[-25.250000000000057, -6.79200000000003]",-2.858287668467213,"[-4.722565634310715, -1.376754896277177]",8,5,40,10000
cpu,ptsans,2,grid_singleton,complete controlled sequence,1,94,draw_us,current,pixels,528.5625,530.6044999999999,533.9794999999999,531.6044999999999,3.4375,"[-3.1875, 9.125]",0.6769420915279545,"[-0.5940457572420565, 1.822568693363058]",8,5,40,10000
cpu,ptsans,2,grid_singleton,complete controlled sequence,1,94,submit_us,current,pixels,528.7505,530.8335,534.1875,531.8335,3.353999999999985,"[-3.165999999999997, 9.208000000000027]",0.6606779476248992,"[-0.5897531229196007, 1.8386875189699614]",8,5,40,10000
cpu,ptsans,2,grid_singleton,complete controlled sequence,1,94,complete_us,current,pixels,528.7919999999999,530.854,534.2295,531.854,3.375,"[-3.16700000000003, 9.208000000000027]",0.6649162718533663,"[-0.5898936123693743, 1.8386875189699614]",8,5,40,10000
cpu,ptsans,2,grid_two_phases,complete controlled sequence,2,188,draw_us,master,current,845.1465,620.458,850.4169999999999,623.3745,-229.87499999999994,"[-234.87599999999998, -225.45799999999997]",-27.327569784318356,"[-27.578373466606088, -26.43375615681244]",8,5,40,10000
cpu,ptsans,2,grid_two_phases,complete controlled sequence,2,188,submit_us,master,current,845.3755,620.729,850.688,623.7080000000001,-229.91649999999993,"[-234.6260000000001, -225.62599999999998]",-27.311299540563198,"[-27.57002271006813, -26.443098220804895]",8,5,40,10000
cpu,ptsans,2,grid_two_phases,complete controlled sequence,2,188,complete_us,master,current,845.438,620.7705000000001,850.75,623.75,-229.95850000000007,"[-234.66700000000003, -225.66600000000005]",-27.306799303676055,"[-27.577391066344205, -26.44524470517372]",8,5,40,10000
cpu,ptsans,2,grid_two_phases,complete controlled sequence,2,188,draw_us,master,scaler,845.1465,610.208,850.4169999999999,610.1669999999999,-242.875,"[-251.08399999999995, -222.6679999999999]",-28.357939585290765,"[-29.4243251088534, -26.26058918502635]",8,5,40,10000
cpu,ptsans,2,grid_two_phases,complete controlled sequence,2,188,submit_us,master,scaler,845.3755,610.4159999999999,850.688,610.313,-242.959,"[-251.16600000000005, -222.66700000000003]",-28.35881059365604,"[-29.413861114883954, -26.254030950626383]",8,5,40,10000
cpu,ptsans,2,grid_two_phases,complete controlled sequence,2,188,complete_us,master,scaler,845.438,610.479,850.75,610.375,-242.95800000000003,"[-251.20900000000006, -222.6679999999999]",-28.35665591723121,"[-29.41578641903655, -26.252848790391504]",8,5,40,10000
cpu,ptsans,2,grid_two_phases,complete controlled sequence,2,188,draw_us,master,prepass,845.1465,567.6875,850.4169999999999,570.4585,-278.56299999999993,"[-288.1249999999999, -275.2499999999999]",-33.13177642854423,"[-33.604179970972424, -32.196107926266514]",8,5,40,10000
cpu,ptsans,2,grid_two_phases,complete controlled sequence,2,188,submit_us,master,prepass,845.3755,567.937,850.688,570.7085,-278.60499999999996,"[-288.08299999999997, -275.29099999999994]",-33.12382933733677,"[-33.58802995529457, -32.189946773182655]",8,5,40,10000
cpu,ptsans,2,grid_two_phases,complete controlled sequence,2,188,complete_us,master,prepass,845.438,567.979,850.75,570.7505,-278.6255000000001,"[-288.0419999999999, -275.33299999999997]",-33.12380017191547,"[-33.58955310504933, -32.19327681964338]",8,5,40,10000
cpu,ptsans,2,grid_two_phases,complete controlled sequence,2,188,draw_us,master,instance,845.1465,597.7284999999999,850.4169999999999,602.9165,-239.85400000000004,"[-251.70800000000008, -232.95799999999986]",-28.45323791995854,"[-29.39304637170148, -27.706622689859817]",8,5,40,10000
cpu,ptsans,2,grid_two_phases,complete controlled sequence,2,188,submit_us,master,instance,845.3755,597.9575,850.688,603.1455000000001,-239.875,"[-251.70900000000006, -233.0]",-28.448792168967284,"[-29.384366044449052, -27.709630126910955]",8,5,40,10000
cpu,ptsans,2,grid_two_phases,complete controlled sequence,2,188,complete_us,master,instance,845.438,597.9784999999999,850.75,603.2085,-239.89600000000002,"[-251.66599999999994, -232.95799999999997]",-28.448516496954017,"[-29.382908252459305, -27.70313460204794]",8,5,40,10000
cpu,ptsans,2,grid_two_phases,complete controlled sequence,2,188,draw_us,master,entry,845.1465,618.479,850.4169999999999,619.2705,-231.02050000000008,"[-239.79200000000003, -225.08399999999995]",-27.419035467650744,"[-28.076812932341234, -26.557314920629715]",8,5,40,10000
cpu,ptsans,2,grid_two_phases,complete controlled sequence,2,188,submit_us,master,entry,845.3755,618.6659999999999,850.688,619.499,-231.10450000000003,"[-239.75200000000007, -225.12599999999998]",-27.418386299013452,"[-28.074789098789143, -26.55798355487787]",8,5,40,10000
cpu,ptsans,2,grid_two_phases,complete controlled sequence,2,188,complete_us,master,entry,845.438,618.6869999999999,850.75,619.499,-231.12450000000013,"[-239.793, -225.12599999999998]",-27.422990447237872,"[-28.068151248682717, -26.561590178310436]",8,5,40,10000
cpu,ptsans,2,grid_two_phases,complete controlled sequence,2,188,draw_us,master,arena,845.1465,604.5425,850.4169999999999,604.042,-246.02099999999996,"[-247.29100000000005, -244.41599999999994]",-28.903086851977083,"[-29.95595941238831, -28.70161664816584]",8,5,40,10000
cpu,ptsans,2,grid_two_phases,complete controlled sequence,2,188,submit_us,master,arena,845.3755,604.75,850.688,604.25,-246.14649999999995,"[-247.33300000000008, -244.41699999999992]",-28.903005933110997,"[-29.95706283118851, -28.701555644942513]",8,5,40,10000
cpu,ptsans,2,grid_two_phases,complete controlled sequence,2,188,complete_us,master,arena,845.438,604.813,850.75,604.271,-246.20850000000002,"[-247.41700000000014, -244.41599999999994]",-28.905704368511625,"[-29.964188352070785, -28.705057000876934]",8,5,40,10000
cpu,ptsans,2,grid_two_phases,complete controlled sequence,2,188,draw_us,master,pixels,845.1465,623.4169999999999,850.4169999999999,621.0,-227.563,"[-231.04200000000003, -219.3320000000001]",-26.84926204631961,"[-27.07388004799266, -26.47779069767443]",8,5,40,10000
cpu,ptsans,2,grid_two_phases,complete controlled sequence,2,188,submit_us,master,pixels,845.3755,623.6665,850.688,621.209,-227.56349999999998,"[-231.04099999999994, -219.28999999999996]",-26.845116383346955,"[-27.061747530641757, -26.466591258635997]",8,5,40,10000
cpu,ptsans,2,grid_two_phases,complete controlled sequence,2,188,complete_us,master,pixels,845.438,623.6875,850.75,621.25,-227.54200000000003,"[-231.04200000000003, -219.332]",-26.840735341209083,"[-27.0655277686599, -26.465213600697478]",8,5,40,10000
cpu,ptsans,2,grid_two_phases,complete controlled sequence,2,188,draw_us,current,scaler,620.458,610.208,623.3745,610.1669999999999,-10.916000000000054,"[-17.916999999999916, -2.2480000000000473]",-1.7518785979839357,"[-2.8632840591290343, -0.38473979575246453]",8,5,40,10000
cpu,ptsans,2,grid_two_phases,complete controlled sequence,2,188,submit_us,current,scaler,620.729,610.4159999999999,623.7080000000001,610.313,-11.041000000000054,"[-17.916999999999916, -2.2490000000000236]",-1.7709983938777096,"[-2.8623326165653107, -0.3848009608902636]",8,5,40,10000
cpu,ptsans,2,grid_two_phases,complete controlled sequence,2,188,complete_us,current,scaler,620.7705000000001,610.479,623.75,610.375,-11.041499999999985,"[-17.958999999999946, -2.2480000000000473]",-1.770961477286237,"[-2.868657374425354, -0.3846028821264058]",8,5,40,10000
cpu,ptsans,2,grid_two_phases,complete controlled sequence,2,188,draw_us,current,prepass,620.458,567.6875,623.3745,570.4585,-51.14550000000003,"[-54.45900000000006, -41.95799999999997]",-8.363123084510526,"[-8.679292192796673, -6.7497285340840545]",8,5,40,10000
cpu,ptsans,2,grid_two_phases,complete controlled sequence,2,188,submit_us,current,prepass,620.729,567.937,623.7080000000001,570.7085,-51.24950000000001,"[-54.375, -41.916000000000054]",-8.374915825407697,"[-8.663612826130251, -6.7407165589475015]",8,5,40,10000
cpu,ptsans,2,grid_two_phases,complete controlled sequence,2,188,complete_us,current,prepass,620.7705000000001,567.979,623.75,570.7505,-51.20800000000003,"[-54.37600000000009, -42.0]",-8.368130863049345,"[-8.663192425282851, -6.753312741089246]",8,5,40,10000
cpu,ptsans,2,grid_two_phases,complete controlled sequence,2,188,draw_us,current,instance,620.458,597.7284999999999,623.3745,602.9165,-12.021000000000072,"[-16.832000000000107, 0.33400000000006]",-1.9618635276999918,"[-2.7070812987347037, 0.0537301427709691]",8,5,40,10000
cpu,ptsans,2,grid_two_phases,complete controlled sequence,2,188,submit_us,current,instance,620.729,597.9575,623.7080000000001,603.1455000000001,-12.063000000000045,"[-17.08299999999997, 0.3749999999998863]",-1.9682187155085795,"[-2.730732772469835, 0.06030558043716994]",8,5,40,10000
cpu,ptsans,2,grid_two_phases,complete controlled sequence,2,188,complete_us,current,instance,620.7705000000001,597.9784999999999,623.75,603.2085,-12.021000000000015,"[-16.99899999999991, 0.375]",-1.9612950945491259,"[-2.7173052976183665, 0.06029743518829456]",8,5,40,10000
cpu,ptsans,2,grid_two_phases,complete controlled sequence,2,188,draw_us,current,entry,620.458,618.479,623.3745,619.2705,-0.7705000000000837,"[-9.12600000000009, 7.04099999999994]",-0.13233980638181486,"[-1.454437660468666, 1.1464308567539438]",8,5,40,10000
cpu,ptsans,2,grid_two_phases,complete controlled sequence,2,188,submit_us,current,entry,620.729,618.6659999999999,623.7080000000001,619.499,-0.791499999999985,"[-9.08400000000006, 7.08199999999988]",-0.1356628305087315,"[-1.4473610834495165, 1.1527931060302476]",8,5,40,10000
cpu,ptsans,2,grid_two_phases,complete controlled sequence,2,188,complete_us,current,entry,620.7705000000001,618.6869999999999,623.75,619.499,-0.7915000000000987,"[-9.12600000000009, 7.082000000000107]",-0.13540943969386765,"[-1.4539556803209508, 1.1527142987356465]",8,5,40,10000
cpu,ptsans,2,grid_two_phases,complete controlled sequence,2,188,draw_us,current,arena,620.458,604.5425,623.3745,604.042,-12.374000000000024,"[-21.20900000000006, -12.08299999999997]",-2.0487278001654117,"[-3.38014117257065, -1.9437763925196028]",8,5,40,10000
cpu,ptsans,2,grid_two_phases,complete controlled sequence,2,188,submit_us,current,arena,620.729,604.75,623.7080000000001,604.25,-12.458500000000015,"[-21.208999999999946, -12.083000000000084]",-2.060400738144513,"[-3.3792471619199294, -1.9431262091268997]",8,5,40,10000
cpu,ptsans,2,grid_two_phases,complete controlled sequence,2,188,complete_us,current,arena,620.7705000000001,604.813,623.75,604.271,-12.415999999999997,"[-21.250999999999976, -12.16700000000003]",-2.04993511976288,"[-3.3857124876725986, -1.9563703838293534]",8,5,40,10000
cpu,ptsans,2,grid_two_phases,complete controlled sequence,2,188,draw_us,current,pixels,620.458,623.4169999999999,623.3745,621.0,4.58299999999997,"[-6.625000000000114, 7.166999999999916]",0.7394959190120787,"[-1.0558458799698633, 1.1464925358808609]",8,5,40,10000
cpu,ptsans,2,grid_two_phases,complete controlled sequence,2,188,submit_us,current,pixels,620.729,623.6665,623.7080000000001,621.209,4.583500000000015,"[-6.624000000000024, 6.95799999999997]",0.7394152059582271,"[-1.0554072893845912, 1.1265137956876448]",8,5,40,10000
cpu,ptsans,2,grid_two_phases,complete controlled sequence,2,188,complete_us,current,pixels,620.7705000000001,623.6875,623.75,621.25,4.603499999999997,"[-6.625000000000114, 7.0]",0.7425998008098733,"[-1.0554959875220593, 1.1194202214203974]",8,5,40,10000
cpu,ptsans,2,grid_unique_sizes,complete controlled sequence,32,3008,draw_us,master,current,12568.396496000001,13449.605504,12618.084992,13471.687488,695.2094880000004,"[572.4579839999988, 914.9569919999994]",5.432793326427121,"[4.693817895725427, 7.286960804924125]",8,5,40,10000
cpu,ptsans,2,grid_unique_sizes,complete controlled sequence,32,3008,submit_us,master,current,12570.498992,13451.831488,12620.166496,13474.356,695.149504,"[572.3300159999999, 915.2940159999998]",5.431185913592795,"[4.6920138240756915, 7.288485750978202]",8,5,40,10000
cpu,ptsans,2,grid_unique_sizes,complete controlled sequence,32,3008,complete_us,master,current,12571.272992,13452.581504,12620.961488,13474.96,695.0470080000005,"[572.4560000000001, 915.0820160000003]",5.4302214313793336,"[4.692806586792031, 7.286287588462947]",8,5,40,10000
cpu,ptsans,2,grid_unique_sizes,complete controlled sequence,32,3008,draw_us,master,scaler,12568.396496000001,13099.542496,12618.084992,13103.604992,358.5199999999995,"[209.41699199999857, 621.1659840000011]",2.822291868825122,"[1.7170958431747207, 4.978287591689923]",8,5,40,10000
cpu,ptsans,2,grid_unique_sizes,complete controlled sequence,32,3008,submit_us,master,scaler,12570.498992,13101.73,12620.166496,13105.998992,358.355520000001,"[209.3270080000002, 621.209984000001]",2.8227720342939078,"[1.7160819594134402, 4.977743414926961]",8,5,40,10000
cpu,ptsans,2,grid_unique_sizes,complete controlled sequence,32,3008,complete_us,master,scaler,12571.272992,13102.520992,12620.961488,13106.727503999999,358.35952,"[209.28601600000002, 621.2119999999995]",2.821458134924215,"[1.715658136884346, 4.977478387007661]",8,5,40,10000
cpu,ptsans,2,grid_unique_sizes,complete controlled sequence,32,3008,draw_us,master,prepass,12568.396496000001,13379.333504,12618.084992,13398.209504,627.0229919999992,"[496.00198400000045, 928.3720000000012]",5.02683882381727,"[3.825060798851432, 7.440366869915982]",8,5,40,10000
cpu,ptsans,2,grid_unique_sizes,complete controlled sequence,32,3008,submit_us,master,prepass,12570.498992,13381.956496,12620.166496,13401.000496,627.4980160000005,"[495.1689920000008, 929.0419840000013]",5.029810633367626,"[3.8176671606095836, 7.444395191894859]",8,5,40,10000
cpu,ptsans,2,grid_unique_sizes,complete controlled sequence,32,3008,complete_us,master,prepass,12571.272992,13382.688,12620.961488,13401.585008,627.4635199999993,"[495.37801600000057, 928.835008]",5.029267319664554,"[3.819119405707627, 7.442316274341265]",8,5,40,10000
cpu,ptsans,2,grid_unique_sizes,complete controlled sequence,32,3008,draw_us,master,instance,12568.396496000001,13259.062,12618.084992,13225.104496,613.4155040000005,"[514.8739839999998, 791.4560000000001]",4.806170623208894,"[4.154638333874616, 6.303366061190796]",8,5,40,10000
cpu,ptsans,2,grid_unique_sizes,complete controlled sequence,32,3008,submit_us,master,instance,12570.498992,13261.355007999999,12620.166496,13227.208496,613.2529920000006,"[515.0430080000006, 791.5390079999997]",4.806279777738842,"[4.1553031278509955, 6.303024689665859]",8,5,40,10000
cpu,ptsans,2,grid_unique_sizes,complete controlled sequence,32,3008,complete_us,master,instance,12571.272992,13262.042512,12620.961488,13227.918000000001,613.2984960000003,"[514.8359999999993, 791.286016]",4.806055962606825,"[4.15334014215778, 6.300569103638787]",8,5,40,10000
cpu,ptsans,2,grid_unique_sizes,complete controlled sequence,32,3008,draw_us,master,entry,12568.396496000001,13387.021504,12618.084992,13424.333999999999,619.6454880000001,"[566.5429760000006, 828.0830079999996]",5.0409097972574095,"[4.36905778256369, 6.59507329336817]",8,5,40,10000
cpu,ptsans,2,grid_unique_sizes,complete controlled sequence,32,3008,submit_us,master,entry,12570.498992,13389.310512,12620.166496,13426.419008,619.3910080000005,"[565.1220160000012, 828.2480319999995]",5.038019357333001,"[4.356992859158426, 6.595338627787695]",8,5,40,10000
cpu,ptsans,2,grid_unique_sizes,complete controlled sequence,32,3008,complete_us,master,entry,12571.272992,13390.020496000001,12620.961488,13427.063488,619.393008,"[565.331008000001, 828.0369919999994]",5.037730239457572,"[4.3584223634604236, 6.593196622932851]",8,5,40,10000
cpu,ptsans,2,grid_unique_sizes,complete controlled sequence,32,3008,draw_us,master,arena,12568.396496000001,12716.936496,12618.084992,12679.459008000002,142.49900800000069,"[-164.12598400000024, 190.79001600000083]",1.146056531207451,"[-1.294360283101803, 1.5195024254897938]",8,5,40,10000
cpu,ptsans,2,grid_unique_sizes,complete controlled sequence,32,3008,submit_us,master,arena,12570.498992,12719.038992,12620.166496,12681.585488,142.39398400000027,"[-164.12601600000016, 190.87702399999944]",1.1450143055768192,"[-1.2941394701655784, 1.5199536381685697]",8,5,40,10000
cpu,ptsans,2,grid_unique_sizes,complete controlled sequence,32,3008,complete_us,master,arena,12571.272992,12719.624496,12620.961488,12682.125504,142.24948799999947,"[-164.21398399999998, 190.74902400000065]",1.1437790289271832,"[-1.2947605157782704, 1.5188280632570494]",8,5,40,10000
cpu,ptsans,2,grid_unique_sizes,complete controlled sequence,32,3008,draw_us,master,pixels,12568.396496000001,13674.376496,12618.084992,13654.249488,1013.0209920000007,"[752.0, 1347.4189760000008]",7.9703938819103755,"[6.165956552691765, 10.391005824537448]",8,5,40,10000
cpu,ptsans,2,grid_unique_sizes,complete controlled sequence,32,3008,submit_us,master,pixels,12570.498992,13676.709504,12620.166496,13656.5,1012.8974880000005,"[751.9140160000006, 1348.1219840000012]",7.967868093079266,"[6.164259883214429, 10.393786989821496]",8,5,40,10000
cpu,ptsans,2,grid_unique_sizes,complete controlled sequence,32,3008,complete_us,master,pixels,12571.272992,13677.397487999999,12620.961488,13657.231008,1012.7955039999997,"[751.9959999999992, 1348.3740160000016]",7.966631649842593,"[6.164616637857323, 10.3952965297869]",8,5,40,10000
cpu,ptsans,2,grid_unique_sizes,complete controlled sequence,32,3008,draw_us,current,scaler,13449.605504,13099.542496,13471.687488,13103.604992,-355.149488,"[-373.66399999999885, -325.58099200000106]",-2.6216957588415024,"[-2.843264399351164, -2.4130071062097302]",8,5,40,10000
cpu,ptsans,2,grid_unique_sizes,complete controlled sequence,32,3008,submit_us,current,scaler,13451.831488,13101.73,13474.356,13105.998992,-355.2349919999997,"[-374.37500799999907, -325.45699199999945]",-2.62186072851609,"[-2.842558621198177, -2.411670916044506]",8,5,40,10000
cpu,ptsans,2,grid_unique_sizes,complete controlled sequence,32,3008,complete_us,current,scaler,13452.581504,13102.520992,13474.96,13106.727503999999,-355.1080000000011,"[-374.20899199999985, -325.414976]",-2.6207964805543824,"[-2.843699148937784, -2.4112704171320942]",8,5,40,10000
cpu,ptsans,2,grid_unique_sizes,complete controlled sequence,32,3008,draw_us,current,prepass,13449.605504,13379.333504,13471.687488,13398.209504,-20.68699199999992,"[-143.2889920000016, 71.91900800000076]",-0.15331440238326444,"[-1.0980807170489326, 0.563255278574859]",8,5,40,10000
cpu,ptsans,2,grid_unique_sizes,complete controlled sequence,32,3008,submit_us,current,prepass,13451.831488,13381.956496,13474.356,13401.000496,-20.728015999999116,"[-142.6659839999993, 72.5]",-0.15358091441992627,"[-1.0931595875560585, 0.5677239457940519]",8,5,40,10000
cpu,ptsans,2,grid_unique_sizes,complete controlled sequence,32,3008,complete_us,current,prepass,13452.581504,13382.688,13474.96,13401.585008,-20.66548799999964,"[-143.0409920000002, 72.25401599999896]",-0.15310943171435998,"[-1.0959631690278582, 0.5657644983307231]",8,5,40,10000
cpu,ptsans,2,grid_unique_sizes,complete controlled sequence,32,3008,draw_us,current,instance,13449.605504,13259.062,13471.687488,13225.104496,-100.37548799999968,"[-369.664992, -41.33097599999928]",-0.7446591629241828,"[-2.7438825348179208, -0.3236959330786382]",8,5,40,10000
cpu,ptsans,2,grid_unique_sizes,complete controlled sequence,32,3008,submit_us,current,instance,13451.831488,13261.355007999999,13474.356,13227.208496,-100.35599999999977,"[-370.53999999999905, -41.00300799999968]",-0.7443873522350264,"[-2.7497644585633974, -0.32108123436116465]",8,5,40,10000
cpu,ptsans,2,grid_unique_sizes,complete controlled sequence,32,3008,complete_us,current,instance,13452.581504,13262.042512,13474.96,13227.918000000001,-100.31348800000069,"[-370.28799999999865, -41.12700799999948]",-0.744039311321304,"[-2.747784060509173, -0.32203332544122887]",8,5,40,10000
cpu,ptsans,2,grid_unique_sizes,complete controlled sequence,32,3008,draw_us,current,entry,13449.605504,13387.021504,13471.687488,13424.333999999999,-36.3944960000008,"[-97.21299200000067, 95.62499199999911]",-0.2753460178709477,"[-0.7134286390919953, 0.7115969211086925]",8,5,40,10000
cpu,ptsans,2,grid_unique_sizes,complete controlled sequence,32,3008,submit_us,current,entry,13451.831488,13389.310512,13474.356,13426.419008,-36.58150399999977,"[-97.45798399999876, 95.04000000000087]",-0.2766968055465613,"[-0.715101898678161, 0.707114340231696]",8,5,40,10000
cpu,ptsans,2,grid_unique_sizes,complete controlled sequence,32,3008,complete_us,current,entry,13452.581504,13390.020496000001,13474.96,13427.063488,-36.49899199999982,"[-97.58300799999961, 95.20800000000054]",-0.27606518140679825,"[-0.7159842777598846, 0.7083336185277345]",8,5,40,10000
cpu,ptsans,2,grid_unique_sizes,complete controlled sequence,32,3008,draw_us,current,arena,13449.605504,12716.936496,13471.687488,12679.459008000002,-632.6455040000001,"[-856.1229759999987, -509.99798400000145]",-4.819063281715885,"[-6.354674995847953, -3.9083180371889514]",8,5,40,10000
cpu,ptsans,2,grid_unique_sizes,complete controlled sequence,32,3008,submit_us,current,arena,13451.831488,12719.038992,13474.356,12681.585488,-632.7865119999997,"[-857.0420159999994, -509.7110080000002]",-4.819317352630648,"[-6.360079006564289, -3.9055944497468076]",8,5,40,10000
cpu,ptsans,2,grid_unique_sizes,complete controlled sequence,32,3008,complete_us,current,arena,13452.581504,12719.624496,13474.96,12682.125504,-632.7059999999992,"[-857.0009919999993, -509.835008]",-4.818427444303486,"[-6.3595192543591805, -3.9062955537180644]",8,5,40,10000
cpu,ptsans,2,grid_unique_sizes,complete controlled sequence,32,3008,draw_us,current,pixels,13449.605504,13674.376496,13471.687488,13654.249488,190.31300800000008,"[77.49950400000034, 702.9590079999998]",1.4482243575697495,"[0.5753004042138743, 5.197638289203033]",8,5,40,10000
cpu,ptsans,2,grid_unique_sizes,complete controlled sequence,32,3008,submit_us,current,pixels,13451.831488,13676.709504,13474.356,13656.5,190.35449600000084,"[76.89449599999989, 704.6670080000004]",1.4483107678825768,"[0.5707087935450827, 5.209448630402447]",8,5,40,10000
cpu,ptsans,2,grid_unique_sizes,complete controlled sequence,32,3008,complete_us,current,pixels,13452.581504,13677.397487999999,13474.96,13657.231008,190.43851199999972,"[77.0415039999998, 709.829984]",1.4488552205461191,"[0.5717718417040829, 5.247325264021896]",8,5,40,10000
cpu,ptsans,2,grid_unique_variations,complete controlled sequence,32,3008,draw_us,master,current,8348.603503999999,9237.75,8311.872992,9273.583008,836.9369920000008,"[625.2530240000006, 1021.9180159999996]",9.843607914936248,"[7.772631583938683, 12.346232278656988]",8,5,40,10000
cpu,ptsans,2,grid_unique_variations,complete controlled sequence,32,3008,submit_us,master,current,8351.102496,9240.125504,8314.101504,9276.102496,836.7740000000003,"[625.0449919999992, 1022.6219839999994]",9.838765610771427,"[7.7679934651464055, 12.351564681225401]",8,5,40,10000
cpu,ptsans,2,grid_unique_variations,complete controlled sequence,32,3008,complete_us,master,current,8351.896496000001,9240.853008,8314.934496,9276.830495999999,836.6914879999995,"[625.1659840000002, 1022.4159999999993]",9.836961006850276,"[7.76889080098726, 12.347773274902396]",8,5,40,10000
cpu,ptsans,2,grid_unique_variations,complete controlled sequence,32,3008,draw_us,master,scaler,8348.603503999999,8807.709008,8311.872992,8814.959008,422.02152000000024,"[282.16400000000067, 520.7079999999987]",5.090893199771907,"[3.252500716167095, 6.14516527982758]",8,5,40,10000
cpu,ptsans,2,grid_unique_variations,complete controlled sequence,32,3008,submit_us,master,scaler,8351.102496,8810.208496,8314.101504,8817.332,422.4610080000002,"[282.49702400000024, 521.2470080000003]",5.094885936504401,"[3.2552922016830133, 6.149708387212449]",8,5,40,10000
cpu,ptsans,2,grid_unique_variations,complete controlled sequence,32,3008,complete_us,master,scaler,8351.896496000001,8810.874496,8314.934496,8818.060991999999,422.2724960000005,"[282.33200000000033, 521.0860159999993]",5.092099240270887,"[3.253157036738652, 6.147358605777975]",8,5,40,10000
cpu,ptsans,2,grid_unique_variations,complete controlled sequence,32,3008,draw_us,master,prepass,8348.603503999999,6948.04,8311.872992,6972.060496,-1493.8145119999995,"[-1555.4610080000002, -1352.6219839999994]",-17.68139570296214,"[-18.596430334517432, -16.205701296093046]",8,5,40,10000
cpu,ptsans,2,grid_unique_variations,complete controlled sequence,32,3008,submit_us,master,prepass,8351.102496,6950.416496,8314.101504,6974.415008,-1494.1699839999997,"[-1555.5060000000003, -1352.2430080000004]",-17.677307773307433,"[-18.590967955341277, -16.196637454077855]",8,5,40,10000
cpu,ptsans,2,grid_unique_variations,complete controlled sequence,32,3008,complete_us,master,prepass,8351.896496000001,6951.123504,8314.934496,6975.061504,-1494.067008,"[-1555.4389920000003, -1352.4939839999997]",-17.67573038435347,"[-18.587674386556152, -16.198106950857184]",8,5,40,10000
cpu,ptsans,2,grid_unique_variations,complete controlled sequence,32,3008,draw_us,master,instance,8348.603503999999,8942.854496,8311.872992,8865.894496,479.9364959999998,"[383.0860159999993, 749.584992]",5.813623767460285,"[4.637447177609033, 9.056059565376362]",8,5,40,10000
cpu,ptsans,2,grid_unique_variations,complete controlled sequence,32,3008,submit_us,master,instance,8351.102496,8945.062992,8314.101504,8868.227503999999,479.9169920000004,"[382.9670079999996, 749.833983999999]",5.81179778076012,"[4.634442396127869, 9.056741492423193]",8,5,40,10000
cpu,ptsans,2,grid_unique_variations,complete controlled sequence,32,3008,complete_us,master,instance,8351.896496000001,8945.834512,8314.934496,8869.019008,480.01948800000036,"[382.84000000000015, 749.6710079999993]",5.81260490075961,"[4.632530937736634, 9.053817269635388]",8,5,40,10000
cpu,ptsans,2,grid_unique_variations,complete controlled sequence,32,3008,draw_us,master,entry,8348.603503999999,9153.396,8311.872992,9185.874512,700.2725120000009,"[575.5840000000007, 831.4580160000005]",8.47995371227559,"[6.9677312269130764, 9.961659951505087]",8,5,40,10000
cpu,ptsans,2,grid_unique_variations,complete controlled sequence,32,3008,submit_us,master,entry,8351.102496,9155.686495999998,8314.101504,9188.041504,700.042496,"[574.668991999999, 831.1710079999993]",8.474811715637998,"[6.954307511170432, 9.955440996383702]",8,5,40,10000
cpu,ptsans,2,grid_unique_variations,complete controlled sequence,32,3008,complete_us,master,entry,8351.896496000001,9156.373488,8314.934496,9188.793488,700.2714880000008,"[574.6679999999997, 831.0899840000002]",8.476962240353636,"[6.953733384513727, 9.953526304645056]",8,5,40,10000
cpu,ptsans,2,grid_unique_variations,complete controlled sequence,32,3008,draw_us,master,arena,8348.603503999999,8482.478512000002,8311.872992,8482.478512000002,158.6860160000001,"[10.0, 229.33398400000078]",1.949122190633068,"[0.11801557264008444, 2.7089620729842334]",8,5,40,10000
cpu,ptsans,2,grid_unique_variations,complete controlled sequence,32,3008,submit_us,master,arena,8351.102496,8484.956,8314.101504,8484.956,158.83300800000006,"[10.07798399999956, 229.29500800000096]",1.9504280194368229,"[0.11890075488163454, 2.707742365832111]",8,5,40,10000
cpu,ptsans,2,grid_unique_variations,complete controlled sequence,32,3008,complete_us,master,arena,8351.896496000001,8485.582495999999,8314.934496,8485.582495999999,158.83099200000015,"[10.083007999999609, 229.12998399999924]",1.9502378796469877,"[0.11895131340642351, 2.7055939018993946]",8,5,40,10000
cpu,ptsans,2,grid_unique_variations,complete controlled sequence,32,3008,draw_us,master,pixels,8348.603503999999,9290.937999999998,8311.872992,9349.416,908.1244960000004,"[707.7940160000007, 1020.0860159999993]",10.801282441450688,"[8.798713340864083, 12.324099096561781]",8,5,40,10000
cpu,ptsans,2,grid_unique_variations,complete controlled sequence,32,3008,submit_us,master,pixels,8351.102496,9293.227008,8314.101504,9351.704,908.018,"[707.6699840000001, 1020.4159999999993]",10.797006254019292,"[8.794848181412629, 12.324920080886216]",8,5,40,10000
cpu,ptsans,2,grid_unique_variations,complete controlled sequence,32,3008,complete_us,master,pixels,8351.896496000001,9293.916992,8314.934496,9352.434496,907.9359839999997,"[707.6710080000003, 1020.2520000000004]",10.795105533972038,"[8.79417454705369, 12.32163852997774]",8,5,40,10000
cpu,ptsans,2,grid_unique_variations,complete controlled sequence,32,3008,draw_us,current,scaler,9237.75,8807.709008,9273.583008,8814.959008,-415.1035039999997,"[-522.9560000000001, -179.00099199999931]",-4.637045821289249,"[-5.557713274509457, -2.035538391089309]",8,5,40,10000
cpu,ptsans,2,grid_unique_variations,complete controlled sequence,32,3008,submit_us,current,scaler,9240.125504,8810.208496,9276.102496,8817.332,-415.1669919999995,"[-523.4939839999988, -178.49398400000064]",-4.636682065021786,"[-5.550109411404591, -2.0293023435501656]",8,5,40,10000
cpu,ptsans,2,grid_unique_variations,complete controlled sequence,32,3008,complete_us,current,scaler,9240.853008,8810.874496,9276.830495999999,8818.060991999999,-415.12150399999973,"[-523.4959999999992, -178.49599999999919]",-4.635776002406944,"[-5.5510759170355195, -2.0291716156069284]",8,5,40,10000
cpu,ptsans,2,grid_unique_variations,complete controlled sequence,32,3008,draw_us,current,prepass,9237.75,6948.04,9273.583008,6972.060496,-2260.8330079999996,"[-2517.919008, -2162.7080000000005]",-24.6225498037841,"[-26.521859157408844, -24.070852991186985]",8,5,40,10000
cpu,ptsans,2,grid_unique_variations,complete controlled sequence,32,3008,submit_us,current,prepass,9240.125504,6950.416496,9276.102496,6974.415008,-2261.0619999999994,"[-2518.2909760000002, -2162.534976]",-24.615555903952973,"[-26.51786695721533, -24.05999860773479]",8,5,40,10000
cpu,ptsans,2,grid_unique_variations,complete controlled sequence,32,3008,complete_us,current,prepass,9240.853008,6951.123504,9276.830495999999,6975.061504,-2261.1029919999996,"[-2518.540992, -2162.620991999999]",-24.61449683189099,"[-26.518167983162723, -24.05963237722216]",8,5,40,10000
cpu,ptsans,2,grid_unique_variations,complete controlled sequence,32,3008,draw_us,current,instance,9237.75,8942.854496,9273.583008,8865.894496,-280.8340159999998,"[-438.1239999999998, -188.95999999999913]",-3.0285976298115136,"[-4.756445035785539, -1.9903620769615937]",8,5,40,10000
cpu,ptsans,2,grid_unique_variations,complete controlled sequence,32,3008,submit_us,current,instance,9240.125504,8945.062992,9276.102496,8868.227503999999,-280.9775040000004,"[-438.0869760000005, -187.66697600000043]",-3.029316102864088,"[-4.754880587521337, -1.9761528549554486]",8,5,40,10000
cpu,ptsans,2,grid_unique_variations,complete controlled sequence,32,3008,complete_us,current,instance,9240.853008,8945.834512,9276.830495999999,8869.019008,-280.99649599999975,"[-437.87897599999997, -187.70800000000054]",-3.0292842560613096,"[-4.75227845608307, -1.9764110616403707]",8,5,40,10000
cpu,ptsans,2,grid_unique_variations,complete controlled sequence,32,3008,draw_us,current,entry,9237.75,9153.396,9273.583008,9185.874512,-80.10300799999914,"[-229.79199999999946, -12.123999999999796]",-0.8957175617973268,"[-2.420455558791068, -0.13037844688094102]",8,5,40,10000
cpu,ptsans,2,grid_unique_variations,complete controlled sequence,32,3008,submit_us,current,entry,9240.125504,9155.686495999998,9276.102496,9188.041504,-80.02148799999941,"[-230.24899200000073, -12.620992000000115]",-0.8946036853507311,"[-2.424545930187594, -0.13568168193848207]",8,5,40,10000
cpu,ptsans,2,grid_unique_variations,complete controlled sequence,32,3008,complete_us,current,entry,9240.853008,9156.373488,9276.830495999999,9188.793488,-80.14399999999932,"[-230.5859840000012, -12.62198399999943]",-0.8959273044586213,"[-2.42788101432454, -0.1356826026116198]",8,5,40,10000
cpu,ptsans,2,grid_unique_variations,complete controlled sequence,32,3008,draw_us,current,arena,9237.75,8482.478512000002,9273.583008,8482.478512000002,-765.395504000001,"[-923.5429759999988, -480.5870080000004]",-8.15177607675252,"[-9.819658195796933, -5.543394935079382]",8,5,40,10000
cpu,ptsans,2,grid_unique_variations,complete controlled sequence,32,3008,submit_us,current,arena,9240.125504,8484.956,9276.102496,8484.956,-765.8964960000003,"[-923.8390080000008, -480.3319999999994]",-8.154807352000187,"[-9.82002003068544, -5.539228688133246]",8,5,40,10000
cpu,ptsans,2,grid_unique_variations,complete controlled sequence,32,3008,complete_us,current,arena,9240.853008,8485.582495999999,9276.830495999999,8485.582495999999,-765.8129919999992,"[-923.8370240000004, -480.3339839999999]",-8.153374229976102,"[-9.819346602926583, -5.538773159677102]",8,5,40,10000
cpu,ptsans,2,grid_unique_variations,complete controlled sequence,32,3008,draw_us,current,pixels,9237.75,9290.937999999998,9273.583008,9349.416,43.12348799999927,"[-1.8320000000003347, 140.2100160000009]",0.46790320828665743,"[-0.01970086726211795, 1.490796279681983]",8,5,40,10000
cpu,ptsans,2,grid_unique_variations,complete controlled sequence,32,3008,submit_us,current,pixels,9240.125504,9293.227008,9276.102496,9351.704,43.416511999999784,"[-2.2059840000001714, 141.12297599999874]",0.47110040298032896,"[-0.023715379856781293, 1.5000778697471073]",8,5,40,10000
cpu,ptsans,2,grid_unique_variations,complete controlled sequence,32,3008,complete_us,current,pixels,9240.853008,9293.916992,9276.830495999999,9352.434496,43.523504000000685,"[-2.1639999999988504, 141.2070079999994]",0.47223173558844644,"[-0.023262361293707734, 1.5008713856376366]",8,5,40,10000
cpu,ptsans,2,text,sum of reported phases; excludes 119 unreported warmup frames,88,7114,draw_us,master,current,106307.2284895,98319.0049925,106533.18749049999,98655.4774945,-7423.920507499992,"[-7717.80000599999, -7238.705979999999]",-7.035035749470481,"[-7.398662576778758, -6.903678242089695]",8,5,40,10000
cpu,ptsans,2,text,sum of reported phases; excludes 119 unreported warmup frames,88,7114,submit_us,master,current,106348.43800600001,98355.4819955,106575.6685045,98698.0389915,-7418.959992999997,"[-7714.427005000005, -7241.292989999987]",-7.031468874539831,"[-7.386584859273593, -6.897743477862861]",8,5,40,10000
cpu,ptsans,2,text,sum of reported phases; excludes 119 unreported warmup frames,88,7114,complete_us,master,current,106350.3755,98357.315008,106577.4780015,98700.199492,-7418.540507499994,"[-7714.014024999997, -7241.501999000015]",-7.0313018376375265,"[-7.386148957732008, -6.897701280882229]",8,5,40,10000
cpu,ptsans,2,text,sum of reported phases; excludes 119 unreported warmup frames,88,7114,draw_us,master,scaler,106307.2284895,103060.33150700001,106533.18749049999,103296.8740055,-3196.5869894999923,"[-4200.884986999998, -2647.9890030000097]",-3.0138032420418845,"[-3.910866288796244, -2.4752062411315667]",8,5,40,10000
cpu,ptsans,2,text,sum of reported phases; excludes 119 unreported warmup frames,88,7114,submit_us,master,scaler,106348.43800600001,103099.790494,106575.6685045,103339.337,-3197.5879985000065,"[-4205.956008000008, -2646.165003999995]",-3.011971509359168,"[-3.9139963068098083, -2.472543956514739]",8,5,40,10000
cpu,ptsans,2,text,sum of reported phases; excludes 119 unreported warmup frames,88,7114,complete_us,master,scaler,106350.3755,103101.80749949999,106577.4780015,103341.3789995,-3197.480521000005,"[-4205.915009000004, -2646.9530060000106]",-3.0117777945498245,"[-3.9138868030635043, -2.4732273117018533]",8,5,40,10000
cpu,ptsans,2,text,sum of reported phases; excludes 119 unreported warmup frames,88,7114,draw_us,master,prepass,106307.2284895,95433.5654895,106533.18749049999,95472.101008,-10340.851998499995,"[-11772.344994, -9533.626018999988]",-9.901797477451813,"[-10.959611443681238, -9.285401533921721]",8,5,40,10000
cpu,ptsans,2,text,sum of reported phases; excludes 119 unreported warmup frames,88,7114,submit_us,master,prepass,106348.43800600001,95475.31700450002,106575.6685045,95510.61999849998,-10341.9570045,"[-11777.217998000022, -9536.203995000003]",-9.899076522980721,"[-10.959693268543102, -9.280448141064745]",8,5,40,10000
cpu,ptsans,2,text,sum of reported phases; excludes 119 unreported warmup frames,88,7114,complete_us,master,prepass,106350.3755,95477.3354975,106577.4780015,95512.4575035,-10342.079010500005,"[-11777.256987999994, -9535.582021999988]",-9.899007086356796,"[-10.959529758205965, -9.280242519446846]",8,5,40,10000
cpu,ptsans,2,text,sum of reported phases; excludes 119 unreported warmup frames,88,7114,draw_us,master,instance,106307.2284895,98328.897987,106533.18749049999,97826.398992,-8292.064002499988,"[-9522.411995000002, -6999.916012999995]",-7.970141321390472,"[-8.918193338472225, -6.641286413827574]",8,5,40,10000
cpu,ptsans,2,text,sum of reported phases; excludes 119 unreported warmup frames,88,7114,submit_us,master,instance,106348.43800600001,98369.812493,106575.6685045,97867.7534905,-8295.084498000018,"[-9527.913012999983, -6997.532014000011]",-7.969952817856229,"[-8.919554862529145, -6.636477570584976]",8,5,40,10000
cpu,ptsans,2,text,sum of reported phases; excludes 119 unreported warmup frames,88,7114,complete_us,master,instance,106350.3755,98371.8755045,106577.4780015,97869.7095075,-8294.750001999993,"[-9527.993988999995, -6997.327995999993]",-7.969492535500927,"[-8.919474441524876, -6.636163364791958]",8,5,40,10000
cpu,ptsans,2,text,sum of reported phases; excludes 119 unreported warmup frames,88,7114,draw_us,master,entry,106307.2284895,97790.585501,106533.18749049999,97811.546502,-8417.441993999993,"[-9077.578995000003, -7407.373985999991]",-7.971639572121209,"[-8.485261893962903, -7.36745168051236]",8,5,40,10000
cpu,ptsans,2,text,sum of reported phases; excludes 119 unreported warmup frames,88,7114,submit_us,master,entry,106348.43800600001,97831.77550250001,106575.6685045,97853.25300950001,-8417.772510500014,"[-9078.586985999995, -7410.832978999999]",-7.96856445712602,"[-8.482919754435581, -7.368149657473277]",8,5,40,10000
cpu,ptsans,2,text,sum of reported phases; excludes 119 unreported warmup frames,88,7114,complete_us,master,entry,106350.3755,97833.504005,106577.4780015,97855.044999,-8418.166004500003,"[-9078.832007999998, -7410.500018000006]",-7.96867231859822,"[-8.48296710581591, -7.367715033192168]",8,5,40,10000
cpu,ptsans,2,text,sum of reported phases; excludes 119 unreported warmup frames,88,7114,draw_us,master,arena,106307.2284895,97380.98051299999,106533.18749049999,97540.315007,-8333.994999999995,"[-9653.703996000011, -7319.084015]",-7.951633404556397,"[-9.023794416768528, -7.25446665076912]",8,5,40,10000
cpu,ptsans,2,text,sum of reported phases; excludes 119 unreported warmup frames,88,7114,submit_us,master,arena,106348.43800600001,97422.2709945,106575.6685045,97582.7934985,-8333.523996499993,"[-9651.292004999996, -7321.129971000002]",-7.948240033690569,"[-9.018048263600198, -7.251044338397761]",8,5,40,10000
cpu,ptsans,2,text,sum of reported phases; excludes 119 unreported warmup frames,88,7114,complete_us,master,arena,106350.3755,97424.08748399999,106577.4780015,97584.5259865,-8333.589008500006,"[-9651.869019000005, -7320.876017000002]",-7.9481582173089595,"[-9.01839436236661, -7.251070846275242]",8,5,40,10000
cpu,ptsans,2,text,sum of reported phases; excludes 119 unreported warmup frames,88,7114,draw_us,master,pixels,106307.2284895,98912.498995,106533.18749049999,98843.5390005,-7561.764492999988,"[-8056.209003999989, -5734.589001999993]",-7.239755136426751,"[-7.478414301149772, -5.395165593256079]",8,5,40,10000
cpu,ptsans,2,text,sum of reported phases; excludes 119 unreported warmup frames,88,7114,submit_us,master,pixels,106348.43800600001,98955.2659975,106575.6685045,98886.0170045,-7562.933987999997,"[-8055.996996000002, -5727.132997000008]",-7.238116907306591,"[-7.475204826236325, -5.386144889290579]",8,5,40,10000
cpu,ptsans,2,text,sum of reported phases; excludes 119 unreported warmup frames,88,7114,complete_us,master,pixels,106350.3755,98957.1234965,106577.4780015,98887.56349649999,-7562.996511000005,"[-8056.368992000003, -5727.00602500001]",-7.238039675499064,"[-7.475391160618717, -5.385936935875879]",8,5,40,10000
cpu,ptsans,2,text,sum of reported phases; excludes 119 unreported warmup frames,88,7114,draw_us,current,scaler,98319.0049925,103060.33150700001,98655.4774945,103296.8740055,4248.479016999998,"[3975.205004000003, 4647.5030229999975]",4.422393595925933,"[3.999050824630568, 4.640930444949354]",8,5,40,10000
cpu,ptsans,2,text,sum of reported phases; excludes 119 unreported warmup frames,88,7114,submit_us,current,scaler,98355.4819955,103099.790494,98698.0389915,103339.337,4245.876003999998,"[3972.9590069999977, 4646.914992000005]",4.413966772342615,"[3.994838939614209, 4.638278100777704]",8,5,40,10000
cpu,ptsans,2,text,sum of reported phases; excludes 119 unreported warmup frames,88,7114,complete_us,current,scaler,98357.315008,103101.80749949999,98700.199492,103341.3789995,4245.437005999993,"[3973.2560010000016, 4646.958006000001]",4.413546846543726,"[3.9950657839869175, 4.638236082037639]",8,5,40,10000
cpu,ptsans,2,text,sum of reported phases; excludes 119 unreported warmup frames,88,7114,draw_us,current,prepass,98319.0049925,95433.5654895,98655.4774945,95472.101008,-2892.1084905000025,"[-4294.595001000009, -2094.872013]",-2.939466962585607,"[-4.284139558749612, -2.250055651220384]",8,5,40,10000
cpu,ptsans,2,text,sum of reported phases; excludes 119 unreported warmup frames,88,7114,submit_us,current,prepass,98355.4819955,95475.31700450002,98698.0389915,95510.61999849998,-2895.1674895000106,"[-4297.259995, -2106.8290200000047]",-2.941331578138046,"[-4.284735883573143, -2.261761491315517]",8,5,40,10000
cpu,ptsans,2,text,sum of reported phases; excludes 119 unreported warmup frames,88,7114,complete_us,current,prepass,98357.315008,95477.3354975,98700.199492,95512.4575035,-2895.6214869999967,"[-4297.092980999994, -2106.5410319999937]",-2.941725522471883,"[-4.284485582687392, -2.261409888672694]",8,5,40,10000
cpu,ptsans,2,text,sum of reported phases; excludes 119 unreported warmup frames,88,7114,draw_us,current,instance,98319.0049925,98328.897987,98655.4774945,97826.398992,-233.58149999999296,"[-2151.000992000001, 409.17099600000074]",-0.24986688086553466,"[-2.1639040709053092, 0.4175601340568935]",8,5,40,10000
cpu,ptsans,2,text,sum of reported phases; excludes 119 unreported warmup frames,88,7114,submit_us,current,instance,98355.4819955,98369.812493,98698.0389915,97867.7534905,-240.54250100001082,"[-2159.7090099999914, 411.01299699998344]",-0.25717733712852797,"[-2.171602988146215, 0.4192645082712554]",8,5,40,10000
cpu,ptsans,2,text,sum of reported phases; excludes 119 unreported warmup frames,88,7114,complete_us,current,instance,98357.315008,98371.8755045,98700.199492,97869.7095075,-240.47550399999454,"[-2159.706005999993, 410.7120290000021]",-0.2570955781528772,"[-2.1715609479656117, 0.41894714317849413]",8,5,40,10000
cpu,ptsans,2,text,sum of reported phases; excludes 119 unreported warmup frames,88,7114,draw_us,current,entry,98319.0049925,97790.585501,98655.4774945,97811.546502,-963.4750035000034,"[-1954.248992000008, 230.0809930000105]",-0.9845758299010354,"[-1.9825307651418655, 0.23302289774920215]",8,5,40,10000
cpu,ptsans,2,text,sum of reported phases; excludes 119 unreported warmup frames,88,7114,submit_us,current,entry,98355.4819955,97831.77550250001,98698.0389915,97853.25300950001,-964.6680080000006,"[-1958.873001999993, 233.12702600000193]",-0.9853469131524517,"[-1.986356005168477, 0.2360070985484075]",8,5,40,10000
cpu,ptsans,2,text,sum of reported phases; excludes 119 unreported warmup frames,88,7114,complete_us,current,entry,98357.315008,97833.504005,98700.199492,97855.044999,-964.6279944999987,"[-1959.0310029999964, 232.55098700000963]",-0.9852880199510305,"[-1.9864726932149357, 0.2354187952119835]",8,5,40,10000
cpu,ptsans,2,text,sum of reported phases; excludes 119 unreported warmup frames,88,7114,draw_us,current,arena,98319.0049925,97380.98051299999,98655.4774945,97540.315007,-365.8350014999887,"[-2917.2139830000087, 119.66999099998793]",-0.37142756749953265,"[-2.910111855250075, 0.12853488798363344]",8,5,40,10000
cpu,ptsans,2,text,sum of reported phases; excludes 119 unreported warmup frames,88,7114,submit_us,current,arena,98355.4819955,97422.2709945,98698.0389915,97582.7934985,-366.2059800000061,"[-2921.628005999999, 108.2450039999967]",-0.3716451298907575,"[-2.9131130930700078, 0.11620514970620555]",8,5,40,10000
cpu,ptsans,2,text,sum of reported phases; excludes 119 unreported warmup frames,88,7114,complete_us,current,arena,98357.315008,97424.08748399999,98700.199492,97584.5259865,-366.4959879999951,"[-2921.8750040000014, 108.16497299999173]",-0.3719328368651298,"[-2.913302408024554, 0.11611705437228892]",8,5,40,10000
cpu,ptsans,2,text,sum of reported phases; excludes 119 unreported warmup frames,88,7114,draw_us,current,pixels,98319.0049925,98912.498995,98655.4774945,98843.5390005,14.708494000005885,"[-471.66499699999986, 1983.211003999997]",0.014561895375175826,"[-0.47099796031574437, 2.0119119136267516]",8,5,40,10000
cpu,ptsans,2,text,sum of reported phases; excludes 119 unreported warmup frames,88,7114,submit_us,current,pixels,98355.4819955,98955.2659975,98698.0389915,98886.0170045,14.25401449999481,"[-472.6239799999894, 1987.2940079999971]",0.014087981517546533,"[-0.47174554733846463, 2.0151757580995744]",8,5,40,10000
cpu,ptsans,2,text,sum of reported phases; excludes 119 unreported warmup frames,88,7114,complete_us,current,pixels,98357.315008,98957.1234965,98700.199492,98887.56349649999,13.529506000006222,"[-472.54099199999473, 1987.007999999987]",0.013351611181877665,"[-0.47165407488216626, 2.0148415860469227]",8,5,40,10000
cpu,stock,2,demo,sum of reported phases; excludes 119 unreported warmup frames,65,5054,draw_us,master,current,38444.899501,37888.788002,38195.317006,37756.494995,-573.9235009999975,"[-1350.584004000004, -214.4959960000051]",-1.5445915401103905,"[-3.4356169540525228, -0.5690851672412123]",8,5,40,10000
cpu,stock,2,demo,sum of reported phases; excludes 119 unreported warmup frames,65,5054,submit_us,master,current,38551.58300299999,37994.559493,38300.624996,37859.03649,-572.9159869999967,"[-1358.3339960000012, -213.12101999999868]",-1.5377596461561227,"[-3.446046558526916, -0.5638887199925113]",8,5,40,10000
cpu,stock,2,demo,sum of reported phases; excludes 119 unreported warmup frames,65,5054,complete_us,master,current,38553.106007,37996.14200199999,38302.107002000004,37860.497004000004,-572.8359960000016,"[-1357.7059799999988, -213.03999799999292]",-1.537480295107857,"[-3.4443513301637974, -0.5636513805432397]",8,5,40,10000
cpu,stock,2,demo,sum of reported phases; excludes 119 unreported warmup frames,65,5054,draw_us,master,scaler,38444.899501,38070.104509,38195.317006,37922.18599699999,-391.2724980000021,"[-1312.4180239999987, 35.79801800000132]",-1.0550079861029737,"[-3.244867945023522, 0.09497669625699867]",8,5,40,10000
cpu,stock,2,demo,sum of reported phases; excludes 119 unreported warmup frames,65,5054,submit_us,master,scaler,38551.58300299999,38172.518486,38300.624996,38022.333484,-394.9559939999963,"[-1330.3699780000024, 36.047998000001826]",-1.0618879660784397,"[-3.2791255931036156, 0.0953780131613291]",8,5,40,10000
cpu,stock,2,demo,sum of reported phases; excludes 119 unreported warmup frames,65,5054,complete_us,master,scaler,38553.106007,38173.706507,38302.107002000004,38023.580512,-395.21149499999956,"[-1330.4130059999952, 35.883010000005015]",-1.062521690529783,"[-3.279113644509113, 0.09493760943684038]",8,5,40,10000
cpu,stock,2,demo,sum of reported phases; excludes 119 unreported warmup frames,65,5054,draw_us,master,prepass,38444.899501,37630.793502,38195.317006,37466.627502,-757.857,"[-1702.7990139999965, -190.61901000000216]",-2.0735322226264286,"[-4.210059475186134, -0.5057364855668656]",8,5,40,10000
cpu,stock,2,demo,sum of reported phases; excludes 119 unreported warmup frames,65,5054,submit_us,master,prepass,38551.58300299999,37736.042006,38300.624996,37571.043007,-756.8969900000047,"[-1718.4170060000033, -190.50000400000135]",-2.0653530437653336,"[-4.235592562356427, -0.5040366427212617]",8,5,40,10000
cpu,stock,2,demo,sum of reported phases; excludes 119 unreported warmup frames,65,5054,complete_us,master,prepass,38553.106007,37737.601504000006,38302.107002000004,37572.626006000006,-756.5420019999983,"[-1718.5029920000015, -190.41099599999143]",-2.064323033038301,"[-4.235652074794105, -0.5037806129063793]",8,5,40,10000
cpu,stock,2,demo,sum of reported phases; excludes 119 unreported warmup frames,65,5054,draw_us,master,instance,38444.899501,37916.481004,38195.317006,38102.126509,-529.6299900000013,"[-1335.7099919999964, -173.1580180000019]",-1.3665320471507425,"[-3.320689330041282, -0.4594102522673005]",8,5,40,10000
cpu,stock,2,demo,sum of reported phases; excludes 119 unreported warmup frames,65,5054,submit_us,master,instance,38551.58300299999,38024.375006999995,38300.624996,38208.858496,-527.354503999999,"[-1348.2499979999993, -168.78801999999996]",-1.355901360472067,"[-3.341888348070754, -0.4465897382992634]",8,5,40,10000
cpu,stock,2,demo,sum of reported phases; excludes 119 unreported warmup frames,65,5054,complete_us,master,instance,38553.106007,38026.024006,38302.107002000004,38210.379014000006,-527.1884759999994,"[-1348.3739979999955, -168.78399999999237]",-1.3553546455780996,"[-3.342078404382387, -0.4465609064341458]",8,5,40,10000
cpu,stock,2,demo,sum of reported phases; excludes 119 unreported warmup frames,65,5054,draw_us,master,entry,38444.899501,37839.31401,38195.317006,37799.706999999995,-448.9019939999962,"[-579.9570000000022, -125.41199800000322]",-1.1863698483698226,"[-1.6039872771814512, -0.332733986586331]",8,5,40,10000
cpu,stock,2,demo,sum of reported phases; excludes 119 unreported warmup frames,65,5054,submit_us,master,entry,38551.58300299999,37947.461006,38300.624996,37906.917512,-445.0034960000012,"[-578.452996, -124.95900999999867]",-1.1727873485613882,"[-1.5954979423773774, -0.33062424438674576]",8,5,40,10000
cpu,stock,2,demo,sum of reported phases; excludes 119 unreported warmup frames,65,5054,complete_us,master,entry,38553.106007,37948.670005,38302.107002000004,37908.28851,-445.1305079999984,"[-578.2119779999994, -124.83100799999374]",-1.1730619706899703,"[-1.594778045981693, -0.33027211159569747]",8,5,40,10000
cpu,stock,2,demo,sum of reported phases; excludes 119 unreported warmup frames,65,5054,draw_us,master,arena,38444.899501,37184.373502999995,38195.317006,37298.790999,-904.2140059999983,"[-2636.0470059999934, -452.966004000009]",-2.396352500097759,"[-6.5534384100882415, -1.1929260966645816]",8,5,40,10000
cpu,stock,2,demo,sum of reported phases; excludes 119 unreported warmup frames,65,5054,submit_us,master,arena,38551.58300299999,37289.164497,38300.624996,37401.016493,-900.6524979999995,"[-2646.455990000002, -452.9640100000033]",-2.3800688958865335,"[-6.559733320810334, -1.1896222294766723]",8,5,40,10000
cpu,stock,2,demo,sum of reported phases; excludes 119 unreported warmup frames,65,5054,complete_us,master,arena,38553.106007,37290.557501999996,38302.107002000004,37402.56049,-900.5665080000035,"[-2646.537995999999, -452.797980000003]",-2.3797546950520667,"[-6.559706354415362, -1.1891445225650554]",8,5,40,10000
cpu,stock,2,demo,sum of reported phases; excludes 119 unreported warmup frames,65,5054,draw_us,master,pixels,38444.899501,38079.101498,38195.317006,38202.938512,-407.6499970000041,"[-1308.295014000003, 110.79199599999993]",-1.0919975096989942,"[-3.252533348972675, 0.3064174619800131]",8,5,40,10000
cpu,stock,2,demo,sum of reported phases; excludes 119 unreported warmup frames,65,5054,submit_us,master,pixels,38551.58300299999,38181.730002,38300.624996,38306.503494000004,-412.16600200000175,"[-1320.4989879999994, 110.58900800000265]",-1.1010201955312549,"[-3.273102309054421, 0.3050283012339339]",8,5,40,10000
cpu,stock,2,demo,sum of reported phases; excludes 119 unreported warmup frames,65,5054,complete_us,master,pixels,38553.106007,38182.915987,38302.107002000004,38307.710493,-411.99549900000056,"[-1320.5820039999962, 110.66599799999676]",-1.1005355657190463,"[-3.2731931966433647, 0.3052301072307584]",8,5,40,10000
cpu,stock,2,demo,sum of reported phases; excludes 119 unreported warmup frames,65,5054,draw_us,current,scaler,37888.788002,38070.104509,37756.494995,37922.18599699999,157.08600499999739,"[38.21100999999908, 250.29401400000643]",0.4311512713523924,"[0.09941442007967982, 0.6678625703234742]",8,5,40,10000
cpu,stock,2,demo,sum of reported phases; excludes 119 unreported warmup frames,65,5054,submit_us,current,scaler,37994.559493,38172.518486,37859.03649,38022.333484,156.8789869999964,"[41.16599399999541, 249.1690180000005]",0.42924867249573007,"[0.10681540560852909, 0.6630053455101148]",8,5,40,10000
cpu,stock,2,demo,sum of reported phases; excludes 119 unreported warmup frames,65,5054,complete_us,current,scaler,37996.14200199999,38173.706507,37860.497004000004,38023.580512,156.70601099999476,"[40.74700000000303, 248.92300799999794]",0.4287511481109618,"[0.10572387616722967, 0.6623221780804878]",8,5,40,10000
cpu,stock,2,demo,sum of reported phases; excludes 119 unreported warmup frames,65,5054,draw_us,current,prepass,37888.788002,37630.793502,37756.494995,37466.627502,-234.30948600000193,"[-729.2040320000015, 23.876986000002944]",-0.6404691060519607,"[-1.964267848057355, 0.0637112529648487]",8,5,40,10000
cpu,stock,2,demo,sum of reported phases; excludes 119 unreported warmup frames,65,5054,submit_us,current,prepass,37994.559493,37736.042006,37859.03649,37571.043007,-229.10001000000557,"[-725.9169920000058, 22.621015999997326]",-0.6250579448499494,"[-1.9500750882382567, 0.06019149029543591]",8,5,40,10000
cpu,stock,2,demo,sum of reported phases; excludes 119 unreported warmup frames,65,5054,complete_us,current,prepass,37996.14200199999,37737.601504000006,37860.497004000004,37572.626006000006,-228.9760080000051,"[-725.9110079999955, 22.629002000001492]",-0.6246995490728491,"[-1.94997844676833, 0.06021014293877691]",8,5,40,10000
cpu,stock,2,demo,sum of reported phases; excludes 119 unreported warmup frames,65,5054,draw_us,current,instance,37888.788002,37916.481004,37756.494995,38102.126509,63.50250000000233,"[-329.1210199999987, 558.8290200000047]",0.16901622970618702,"[-0.886558232450696, 1.4721264516959653]",8,5,40,10000
cpu,stock,2,demo,sum of reported phases; excludes 119 unreported warmup frames,65,5054,submit_us,current,instance,37994.559493,38024.375006999995,37859.03649,38208.858496,68.64900199999829,"[-328.2029740000071, 571.1639900000009]",0.18222623982914188,"[-0.8816716656814605, 1.500739551933017]",8,5,40,10000
cpu,stock,2,demo,sum of reported phases; excludes 119 unreported warmup frames,65,5054,complete_us,current,instance,37996.14200199999,38026.024006,37860.497004000004,38210.379014000006,68.77550599999813,"[-328.32200600000215, 570.5770039999989]",0.18255450357403946,"[-0.8819549893087641, 1.4991265353465844]",8,5,40,10000
cpu,stock,2,demo,sum of reported phases; excludes 119 unreported warmup frames,65,5054,draw_us,current,entry,37888.788002,37839.31401,37756.494995,37799.706999999995,86.31349899999987,"[2.8810099999973318, 786.1240099999995]",0.22989371494310795,"[0.00760258058210006, 2.0708909308866597]",8,5,40,10000
cpu,stock,2,demo,sum of reported phases; excludes 119 unreported warmup frames,65,5054,submit_us,current,entry,37994.559493,37947.461006,37859.03649,37906.917512,89.81401099999493,"[4.296031999998377, 792.1619800000044]",0.23855057814244907,"[0.011304667010114677, 2.0814141572958356]",8,5,40,10000
cpu,stock,2,demo,sum of reported phases; excludes 119 unreported warmup frames,65,5054,complete_us,current,entry,37996.14200199999,37948.670005,37860.497004000004,37908.28851,89.99950199999512,"[3.792998000004445, 791.6959980000029]",0.23903337314884476,"[0.009980545948540254, 2.0800916794913693]",8,5,40,10000
cpu,stock,2,demo,sum of reported phases; excludes 119 unreported warmup frames,65,5054,draw_us,current,arena,37888.788002,37184.373502999995,37756.494995,37298.790999,-611.5570060000027,"[-960.284010000003, -99.79398600000422]",-1.674931044589234,"[-2.5867314538471797, -0.2652837321671875]",8,5,40,10000
cpu,stock,2,demo,sum of reported phases; excludes 119 unreported warmup frames,65,5054,submit_us,current,arena,37994.559493,37289.164497,37859.03649,37401.016493,-609.5609949999998,"[-950.0349780000033, -92.46000400000776]",-1.664756448804039,"[-2.55213690266225, -0.24514934943876687]",8,5,40,10000
cpu,stock,2,demo,sum of reported phases; excludes 119 unreported warmup frames,65,5054,complete_us,current,arena,37996.14200199999,37290.557501999996,37860.497004000004,37402.56049,-609.5999980000015,"[-950.3639840000033, -92.25499000000855]",-1.6647820995305873,"[-2.5529152540209155, -0.24459737486050015]",8,5,40,10000
cpu,stock,2,demo,sum of reported phases; excludes 119 unreported warmup frames,65,5054,draw_us,current,pixels,37888.788002,38079.101498,37756.494995,38202.938512,416.9600050000008,"[-632.0740120000046, 734.1669939999992]",1.0993817527904626,"[-1.7026272550344612, 2.0661070104719403]",8,5,40,10000
cpu,stock,2,demo,sum of reported phases; excludes 119 unreported warmup frames,65,5054,submit_us,current,pixels,37994.559493,38181.730002,37859.03649,38306.503494000004,415.93849200000477,"[-636.9500019999978, 733.7479759999987]",1.0937178793972269,"[-1.7110776370330427, 2.059229109246763]",8,5,40,10000
cpu,stock,2,demo,sum of reported phases; excludes 119 unreported warmup frames,65,5054,complete_us,current,pixels,37996.14200199999,38182.915987,37860.497004000004,38307.710493,415.6474879999987,"[-637.3179979999986, 733.6609839999946]",1.0929034417821781,"[-1.7119954734693188, 2.0589030932310237]",8,5,40,10000
cpu,stock,2,font_variations,sum of reported phases; excludes 119 unreported warmup frames,63,2138,draw_us,master,current,10957.623505,11144.167495,10988.352995000001,11144.500498,84.25300199999947,"[8.997984000001452, 185.58499999999913]",0.7599788996661916,"[0.07881848787603118, 1.6938540347514408]",8,5,40,10000
cpu,stock,2,font_variations,sum of reported phases; excludes 119 unreported warmup frames,63,2138,submit_us,master,current,10963.353495,11149.623995999998,10994.709499,11149.955995,82.25300100000004,"[6.962011999999959, 185.3279939999993]",0.7416116430643327,"[0.06094065886190769, 1.690607798315602]",8,5,40,10000
cpu,stock,2,font_variations,sum of reported phases; excludes 119 unreported warmup frames,63,2138,complete_us,master,current,10965.061495,11150.99849,10996.231005000001,11151.332996,82.48199199999908,"[7.208004000000074, 184.74698999999964]",0.7435860429123142,"[0.06308608415501737, 1.6850387370613396]",8,5,40,10000
cpu,stock,2,font_variations,sum of reported phases; excludes 119 unreported warmup frames,63,2138,draw_us,master,scaler,10957.623505,11223.001507,10988.352995000001,11236.773003999999,132.50250899999992,"[52.20899600000121, 243.6629899999989]",1.1899333377801469,"[0.4573284547122025, 2.2639203937831365]",8,5,40,10000
cpu,stock,2,font_variations,sum of reported phases; excludes 119 unreported warmup frames,63,2138,submit_us,master,scaler,10963.353495,11229.020994999999,10994.709499,11242.772496,130.9600019999998,"[50.29999599999974, 244.04499000000033]",1.1755589881813466,"[0.44029152736184685, 2.2662336420167017]",8,5,40,10000
cpu,stock,2,font_variations,sum of reported phases; excludes 119 unreported warmup frames,63,2138,complete_us,master,scaler,10965.061495,11230.436995,10996.231005000001,11244.251500000002,131.17198999999982,"[50.132002000000284, 243.54100800000015]",1.177287252733339,"[0.4387666401171719, 2.261228760546241]",8,5,40,10000
cpu,stock,2,font_variations,sum of reported phases; excludes 119 unreported warmup frames,63,2138,draw_us,master,prepass,10957.623505,10828.791997,10988.352995000001,10839.853498,-216.64350600000034,"[-344.9200159999982, -114.62900000000081]",-1.9395409053103274,"[-3.0063516345183228, -1.0650404101951283]",8,5,40,10000
cpu,stock,2,font_variations,sum of reported phases; excludes 119 unreported warmup frames,63,2138,submit_us,master,prepass,10963.353495,10834.936001,10994.709499,10845.957993,-218.10350199999993,"[-347.08398599999964, -114.99899600000026]",-1.9512059889838118,"[-3.0230831545656867, -1.0678956922383187]",8,5,40,10000
cpu,stock,2,font_variations,sum of reported phases; excludes 119 unreported warmup frames,63,2138,complete_us,master,prepass,10965.061495,10836.123005,10996.231005000001,10847.27101,-217.95750100000078,"[-346.78801999999996, -115.13099399999919]",-1.9497137092613637,"[-3.0201991039938925, -1.0689678793769142]",8,5,40,10000
cpu,stock,2,font_variations,sum of reported phases; excludes 119 unreported warmup frames,63,2138,draw_us,master,instance,10957.623505,11120.229002,10988.352995000001,11127.768499999998,143.2294979999997,"[13.62701399999969, 347.9190060000001]",1.2582831873681477,"[0.13082141510936118, 3.157064940387966]",8,5,40,10000
cpu,stock,2,font_variations,sum of reported phases; excludes 119 unreported warmup frames,63,2138,submit_us,master,instance,10963.353495,11126.000992000001,10994.709499,11133.187502,141.16651100000036,"[13.122011999999813, 347.41700200000014]",1.2392618135988798,"[0.12590275575481424, 3.1505436552933475]",8,5,40,10000
cpu,stock,2,font_variations,sum of reported phases; excludes 119 unreported warmup frames,63,2138,complete_us,master,instance,10965.061495,11127.457494999999,10996.231005000001,11134.602498,141.4190039999994,"[13.371002000001681, 347.288998]",1.2413454205944419,"[0.12827894610798474, 3.14901361253066]",8,5,40,10000
cpu,stock,2,font_variations,sum of reported phases; excludes 119 unreported warmup frames,63,2138,draw_us,master,entry,10957.623505,11135.852004,10988.352995000001,11167.06201,122.4159920000011,"[41.6220059999996, 234.87701000000015]",1.1110064742464565,"[0.3995776128659534, 2.1313063120620424]",8,5,40,10000
cpu,stock,2,font_variations,sum of reported phases; excludes 119 unreported warmup frames,63,2138,submit_us,master,entry,10963.353495,11144.8125,10994.709499,11172.522501,121.55949499999952,"[40.867019999999684, 234.08601400000043]",1.1027575091552277,"[0.38547625039313527, 2.1228040134910087]",8,5,40,10000
cpu,stock,2,font_variations,sum of reported phases; excludes 119 unreported warmup frames,63,2138,complete_us,master,entry,10965.061495,11146.270004999998,10996.231005000001,11173.896508,121.22901899999943,"[41.283018000000084, 234.16498599999977]",1.099602815934675,"[0.3897566422814913, 2.123271202769428]",8,5,40,10000
cpu,stock,2,font_variations,sum of reported phases; excludes 119 unreported warmup frames,63,2138,draw_us,master,arena,10957.623505,10833.003502,10988.352995000001,10788.231506,-154.5189989999999,"[-330.1629980000016, 216.29300800000055]",-1.4236538916168218,"[-2.9241479242375523, 1.9626725204194617]",8,5,40,10000
cpu,stock,2,font_variations,sum of reported phases; excludes 119 unreported warmup frames,63,2138,submit_us,master,arena,10963.353495,10838.56699,10994.709499,10793.560499,-154.70600699999977,"[-333.2560080000003, 215.08400400000028]",-1.4246053261547709,"[-2.9493096753754555, 1.9504846920453511]",8,5,40,10000
cpu,stock,2,font_variations,sum of reported phases; excludes 119 unreported warmup frames,63,2138,complete_us,master,arena,10965.061495,10840.006505000001,10996.231005000001,10794.897498999999,-155.01800300000014,"[-333.12500199999886, 215.45798199999808]",-1.4272497710093979,"[-2.9478573004343644, 1.9536470264064576]",8,5,40,10000
cpu,stock,2,font_variations,sum of reported phases; excludes 119 unreported warmup frames,63,2138,draw_us,master,pixels,10957.623505,11145.396499,10988.352995000001,11080.144505,162.831502,"[-121.87699999999859, 285.4190060000001]",1.499098593867254,"[-1.0675903454446134, 2.589931339258267]",8,5,40,10000
cpu,stock,2,font_variations,sum of reported phases; excludes 119 unreported warmup frames,63,2138,submit_us,master,pixels,10963.353495,11151.355995,10994.709499,11085.853994000001,162.831490999999,"[-124.2510080000011, 284.9130099999984]",1.4982614836290598,"[-1.0876077622067881, 2.58372754009899]",8,5,40,10000
cpu,stock,2,font_variations,sum of reported phases; excludes 119 unreported warmup frames,63,2138,complete_us,master,pixels,10965.061495,11152.669492,10996.231005000001,11087.146,162.47950599999967,"[-124.08199800000148, 285.07899199999883]",1.4947992730961368,"[-1.085993760262871, 2.5849296454087956]",8,5,40,10000
cpu,stock,2,font_variations,sum of reported phases; excludes 119 unreported warmup frames,63,2138,draw_us,current,scaler,11144.167495,11223.001507,11144.500498,11236.773003999999,58.104503999999906,"[-66.2059960000006, 169.12300800000048]",0.5248856270567259,"[-0.5842027359482471, 1.5784986031114556]",8,5,40,10000
cpu,stock,2,font_variations,sum of reported phases; excludes 119 unreported warmup frames,63,2138,submit_us,current,scaler,11149.623995999998,11229.020994999999,11149.955995,11242.772496,59.019002,"[-66.75600800000029, 169.69900599999892]",0.5329353667156034,"[-0.5887396715315796, 1.583141451733816]",8,5,40,10000
cpu,stock,2,font_variations,sum of reported phases; excludes 119 unreported warmup frames,63,2138,complete_us,current,scaler,11150.99849,11230.436995,11151.332996,11244.251500000002,58.646004000001994,"[-66.46200400000089, 169.6689920000008]",0.5294736303740111,"[-0.5860801437068908, 1.5826594641877634]",8,5,40,10000
cpu,stock,2,font_variations,sum of reported phases; excludes 119 unreported warmup frames,63,2138,draw_us,current,prepass,11144.167495,10828.791997,11144.500498,10839.853498,-301.1689959999994,"[-418.66598799999883, -188.1739980000002]",-2.7262815633827655,"[-3.664446565993218, -1.7563097800678773]",8,5,40,10000
cpu,stock,2,font_variations,sum of reported phases; excludes 119 unreported warmup frames,63,2138,submit_us,current,prepass,11149.623995999998,10834.936001,11149.955995,10845.957993,-300.6059919999998,"[-418.96100600000136, -187.55199800000082]",-2.7198920376744704,"[-3.6650626279588483, -1.7496940576617326]",8,5,40,10000
cpu,stock,2,font_variations,sum of reported phases; excludes 119 unreported warmup frames,63,2138,complete_us,current,prepass,11150.99849,10836.123005,11151.332996,10847.27101,-300.56548699999894,"[-419.28798200000165, -187.42100000000028]",-2.719200202180888,"[-3.66738980564153, -1.748248845832323]",8,5,40,10000
cpu,stock,2,font_variations,sum of reported phases; excludes 119 unreported warmup frames,63,2138,draw_us,current,instance,11144.167495,11120.229002,11144.500498,11127.768499999998,123.81249899999966,"[-99.87599599999885, 194.2069960000008]",1.1596768413058678,"[-0.8963952123324681, 1.8126183747894986]",8,5,40,10000
cpu,stock,2,font_variations,sum of reported phases; excludes 119 unreported warmup frames,63,2138,submit_us,current,instance,11149.623995999998,11126.000992000001,11149.955995,11133.187502,123.76700400000027,"[-99.5339899999999, 194.6190119999992]",1.1583405845401407,"[-0.8928785992265209, 1.8156230402002649]",8,5,40,10000
cpu,stock,2,font_variations,sum of reported phases; excludes 119 unreported warmup frames,63,2138,complete_us,current,instance,11150.99849,11127.457494999999,11151.332996,11134.602498,123.8940050000001,"[-99.58100000000013, 194.4190120000003]",1.1594719548210453,"[-0.8932066394729876, 1.8135257699876783]",8,5,40,10000
cpu,stock,2,font_variations,sum of reported phases; excludes 119 unreported warmup frames,63,2138,draw_us,current,entry,11144.167495,11135.852004,11144.500498,11167.06201,103.87450100000024,"[-135.70798400000058, 154.07699200000025]",0.9385788848865428,"[-1.1781114968168915, 1.4059026617866621]",8,5,40,10000
cpu,stock,2,font_variations,sum of reported phases; excludes 119 unreported warmup frames,63,2138,submit_us,current,entry,11149.623995999998,11144.8125,11149.955995,11172.522501,104.5549919999994,"[-136.13101199999983, 154.2340120000008]",0.9443156881173476,"[-1.172861244583756, 1.4066931253382764]",8,5,40,10000
cpu,stock,2,font_variations,sum of reported phases; excludes 119 unreported warmup frames,63,2138,complete_us,current,entry,11150.99849,11146.270004999998,11151.332996,11173.896508,104.20851099999982,"[-136.0859840000012, 154.28299400000287]",0.9411106818058013,"[-1.169203249588735, 1.4069368637426916]",8,5,40,10000
cpu,stock,2,font_variations,sum of reported phases; excludes 119 unreported warmup frames,63,2138,draw_us,current,arena,11144.167495,10833.003502,11144.500498,10788.231506,-250.47849899999892,"[-371.9589960000012, 89.58300200000122]",-2.278338660531171,"[-3.282171951974866, 0.8036482689186109]",8,5,40,10000
cpu,stock,2,font_variations,sum of reported phases; excludes 119 unreported warmup frames,63,2138,submit_us,current,arena,11149.623995999998,10838.56699,11149.955995,10793.560499,-250.33199500000046,"[-372.5970120000002, 89.91900600000008]",-2.2758688136878313,"[-3.2860359543746998, 0.8062768884803839]",8,5,40,10000
cpu,stock,2,font_variations,sum of reported phases; excludes 119 unreported warmup frames,63,2138,complete_us,current,arena,11150.99849,10840.006505000001,11151.332996,10794.897498999999,-250.34699099999943,"[-372.6319939999994, 90.00099000000046]",-2.275775265185981,"[-3.285970922473236, 0.806897336353618]",8,5,40,10000
cpu,stock,2,font_variations,sum of reported phases; excludes 119 unreported warmup frames,63,2138,draw_us,current,pixels,11144.167495,11145.396499,11144.500498,11080.144505,57.3504980000007,"[-130.87498400000004, 238.24901000000136]",0.532054744688204,"[-1.145505962842197, 2.161608113352742]",8,5,40,10000
cpu,stock,2,font_variations,sum of reported phases; excludes 119 unreported warmup frames,63,2138,submit_us,current,pixels,11149.623995999998,11151.355995,11149.955995,11085.853994000001,57.95200199999999,"[-131.21302000000105, 237.49801600000137]",0.5373820683992725,"[-1.1478489143775361, 2.1748484991711226]",8,5,40,10000
cpu,stock,2,font_variations,sum of reported phases; excludes 119 unreported warmup frames,63,2138,complete_us,current,pixels,11150.99849,11152.669492,11151.332996,11087.146,57.8740140000009,"[-131.29000200000155, 237.70900400000028]",0.5366052576424529,"[-1.1483553919689027, 2.175122831500409]",8,5,40,10000
cpu,stock,2,grid_pollution,complete controlled sequence,67,6298,draw_us,master,current,13962.625504,15494.102008,13941.584483999999,15484.559008,1533.5160160000005,"[1278.9180079999987, 1583.1650000000009]",11.041536412944208,"[9.486411076062229, 11.195433857819026]",8,5,40,10000
cpu,stock,2,grid_pollution,complete controlled sequence,67,6298,submit_us,master,current,13967.748975999999,15498.524504,13946.291996,15488.975016,1533.7030239999995,"[1278.7109999999993, 1582.781992000002]",11.03927240772512,"[9.464510317909557, 11.18846955924846]",8,5,40,10000
cpu,stock,2,grid_pollution,complete controlled sequence,67,6298,complete_us,master,current,13969.042496,15500.025524,13947.689,15490.661479999999,1533.910968000001,"[1278.7079680000006, 1583.0339999999978]",11.03969676084452,"[9.466414435462323, 11.189130998445274]",8,5,40,10000
cpu,stock,2,grid_pollution,complete controlled sequence,67,6298,draw_us,master,scaler,13962.625504,14735.830508,13941.584483999999,14739.12398,635.2695280000007,"[522.2070480000002, 809.9560000000001]",4.5062958344645025,"[3.9778617634221636, 5.788362824780213]",8,5,40,10000
cpu,stock,2,grid_pollution,complete controlled sequence,67,6298,submit_us,master,scaler,13967.748975999999,14740.413508,13946.291996,14743.603488,634.2714760000008,"[521.8299999999999, 809.3700160000008]",4.4976165358210585,"[3.9737152831596845, 5.782126333836879]",8,5,40,10000
cpu,stock,2,grid_pollution,complete controlled sequence,67,6298,complete_us,master,scaler,13969.042496,14741.954023999999,13947.689,14745.062507999999,634.5220199999994,"[522.1629919999996, 809.579991999999]",4.498912570027835,"[3.975885262878065, 5.783057074631648]",8,5,40,10000
cpu,stock,2,grid_pollution,complete controlled sequence,67,6298,draw_us,master,prepass,13962.625504,15539.956975999998,13941.584483999999,15508.748496,1567.1640119999993,"[1377.880008, 1619.4979760000006]",11.241574885348838,"[9.384851222856483, 11.74751589322578]",8,5,40,10000
cpu,stock,2,grid_pollution,complete controlled sequence,67,6298,submit_us,master,prepass,13967.748975999999,15544.583004,13946.291996,15513.167496,1566.875500000001,"[1376.5019919999977, 1619.7530159999988]",11.235722909954193,"[9.370970777728992, 11.745780648466852]",8,5,40,10000
cpu,stock,2,grid_pollution,complete controlled sequence,67,6298,complete_us,master,prepass,13969.042496,15545.935495999998,13947.689,15514.648008,1566.9590079999998,"[1376.9640240000008, 1620.0429840000015]",11.235194845423667,"[9.37342641790222, 11.74678108395344]",8,5,40,10000
cpu,stock,2,grid_pollution,complete controlled sequence,67,6298,draw_us,master,instance,13962.625504,15333.917019999999,13941.584483999999,15329.625512,1274.6850239999994,"[969.7890080000016, 1421.8750400000008]",9.381183389643422,"[6.605310698173361, 10.161451514673514]",8,5,40,10000
cpu,stock,2,grid_pollution,complete controlled sequence,67,6298,submit_us,master,instance,13967.748975999999,15338.419492,13946.291996,15333.98,1274.4555039999996,"[968.2450159999989, 1421.3739920000007]",9.37769294363574,"[6.5916328514966205, 10.154272862727387]",8,5,40,10000
cpu,stock,2,grid_pollution,complete controlled sequence,67,6298,complete_us,master,instance,13969.042496,15339.790520000002,13947.689,15335.503008,1274.5199840000014,"[968.6620399999993, 1421.7090079999998]",9.37563232371853,"[6.593986623832837, 10.155666417188257]",8,5,40,10000
cpu,stock,2,grid_pollution,complete controlled sequence,67,6298,draw_us,master,entry,13962.625504,15524.58152,13941.584483999999,15664.145512,1588.6669999999995,"[1387.2469920000003, 1832.5420159999994]",11.432359429410477,"[10.22770013309604, 12.958916431200995]",8,5,40,10000
cpu,stock,2,grid_pollution,complete controlled sequence,67,6298,submit_us,master,entry,13967.748975999999,15529.522496,13946.291996,15669.059996,1588.9170160000012,"[1387.1279919999997, 1832.579984]",11.430404956489305,"[10.223463350112727, 12.954257421114246]",8,5,40,10000
cpu,stock,2,grid_pollution,complete controlled sequence,67,6298,complete_us,master,entry,13969.042496,15530.958988,13947.689,15670.309003999999,1588.955500000001,"[1387.0090560000008, 1832.4939919999997]",11.429574757787863,"[10.221395743130678, 12.952353095607517]",8,5,40,10000
cpu,stock,2,grid_pollution,complete controlled sequence,67,6298,draw_us,master,arena,13962.625504,14239.603496,13941.584483999999,14165.873476,185.28849999999966,"[-612.1240159999998, 381.58395999999993]",1.3559216785264838,"[-4.1692257574996505, 2.6983908723251515]",8,5,40,10000
cpu,stock,2,grid_pollution,complete controlled sequence,67,6298,submit_us,master,arena,13967.748975999999,14243.686024,13946.291996,14170.211004,185.1465159999998,"[-614.8319840000004, 381.3250080000016]",1.3544365553615045,"[-4.185662344669638, 2.6955343602293125]",8,5,40,10000
cpu,stock,2,grid_pollution,complete controlled sequence,67,6298,complete_us,master,arena,13969.042496,14245.332511999999,13947.689,14171.772984,185.06400800000029,"[-614.3699840000008, 381.57300799999757]",1.3536750562349043,"[-4.1822093664168, 2.6970174816098647]",8,5,40,10000
cpu,stock,2,grid_pollution,complete controlled sequence,67,6298,draw_us,master,pixels,13962.625504,15987.124487999998,13941.584483999999,16034.460004,1962.1249800000005,"[1279.6270240000013, 2278.4159839999993]",14.343127874876117,"[8.715642270198764, 16.402887225630124]",8,5,40,10000
cpu,stock,2,grid_pollution,complete controlled sequence,67,6298,submit_us,master,pixels,13967.748975999999,15991.849999999999,13946.291996,16038.960500000001,1961.931028,"[1276.753976, 2279.0429600000007]",14.337169931369033,"[8.691904747672407, 16.40213799080734]",8,5,40,10000
cpu,stock,2,grid_pollution,complete controlled sequence,67,6298,complete_us,master,pixels,13969.042496,15993.204496,13947.689,16040.335492000002,1961.7880000000005,"[1276.9620400000003, 2278.875032]",14.334613070986457,"[8.692681516561018, 16.39925823378494]",8,5,40,10000
cpu,stock,2,grid_pollution,complete controlled sequence,67,6298,draw_us,current,scaler,15494.102008,14735.830508,15484.559008,14739.12398,-758.9804679999997,"[-967.5829599999979, -723.956048]",-4.850992249245767,"[-6.378179025642217, -4.662638564970189]",8,5,40,10000
cpu,stock,2,grid_pollution,complete controlled sequence,67,6298,submit_us,current,scaler,15498.524504,14740.413508,15488.975016,14743.603488,-758.647023999999,"[-967.701031999999, -724.2070399999993]",-4.8458279143726415,"[-6.37715350774587, -4.658190055832723]",8,5,40,10000
cpu,stock,2,grid_pollution,complete controlled sequence,67,6298,complete_us,current,scaler,15500.025524,14741.954023999999,15490.661479999999,14745.062507999999,-758.459492,"[-967.5820080000012, -724.4129760000014]",-4.846043557230423,"[-6.3757212587081895, -4.6593108837195585]",8,5,40,10000
cpu,stock,2,grid_pollution,complete controlled sequence,67,6298,draw_us,current,prepass,15494.102008,15539.956975999998,15484.559008,15508.748496,60.06550799999968,"[-14.910976000001028, 290.7459680000011]",0.39121802776321823,"[-0.09276023591199278, 1.8490195176759094]",8,5,40,10000
cpu,stock,2,grid_pollution,complete controlled sequence,67,6298,submit_us,current,prepass,15498.524504,15544.583004,15488.975016,15513.167496,59.96400799999992,"[-13.74002400000063, 291.2970239999995]",0.39042891878906527,"[-0.0854519331506598, 1.8519355963351414]",8,5,40,10000
cpu,stock,2,grid_pollution,complete controlled sequence,67,6298,complete_us,current,prepass,15500.025524,15545.935495999998,15490.661479999999,15514.648008,60.04951600000095,"[-13.660015999997995, 291.08699999999953]",0.39095504190909125,"[-0.0849466185949943, 1.8504041339535204]",8,5,40,10000
cpu,stock,2,grid_pollution,complete controlled sequence,67,6298,draw_us,current,instance,15494.102008,15333.917019999999,15484.559008,15329.625512,-154.93349599999965,"[-384.079007999997, 124.62395999999899]",-1.0013298825935213,"[-2.531798072399971, 0.7925548752925726]",8,5,40,10000
cpu,stock,2,grid_pollution,complete controlled sequence,67,6298,submit_us,current,instance,15498.524504,15338.419492,15488.975016,15333.98,-154.99501599999985,"[-383.8339840000008, 125.59002399999736]",-1.0014432933125206,"[-2.529467424870613, 0.7984449439146335]",8,5,40,10000
cpu,stock,2,grid_pollution,complete controlled sequence,67,6298,complete_us,current,instance,15500.025524,15339.790520000002,15490.661479999999,15335.503008,-155.15847200000007,"[-383.9959680000011, 125.21302400000059]",-1.0023927982496128,"[-2.5302777813080546, 0.7959637401684816]",8,5,40,10000
cpu,stock,2,grid_pollution,complete controlled sequence,67,6298,draw_us,current,entry,15494.102008,15524.58152,15484.559008,15664.145512,179.58650399999988,"[-61.78501600000163, 249.37701599999855]",1.1599185304508763,"[-0.40332288095121793, 1.5859307457146699]",8,5,40,10000
cpu,stock,2,grid_pollution,complete controlled sequence,67,6298,submit_us,current,entry,15498.524504,15529.522496,15488.975016,15669.059996,180.08498000000145,"[-61.620975999998336, 249.79799199999798]",1.162816287232038,"[-0.40212298318652584, 1.5881033967509284]",8,5,40,10000
cpu,stock,2,grid_pollution,complete controlled sequence,67,6298,complete_us,current,entry,15500.025524,15530.958988,15490.661479999999,15670.309003999999,179.64752399999998,"[-61.70496800000001, 249.45999200000188]",1.1598628261894506,"[-0.4026370936746404, 1.5857863815725848]",8,5,40,10000
cpu,stock,2,grid_pollution,complete controlled sequence,67,6298,draw_us,current,arena,15494.102008,14239.603496,15484.559008,14165.873476,-1213.6440120000007,"[-1406.7509679999985, -1047.295008000001]",-8.07607873830391,"[-9.27311650713597, -6.737162908464455]",8,5,40,10000
cpu,stock,2,grid_pollution,complete controlled sequence,67,6298,submit_us,current,arena,15498.524504,14243.686024,15488.975016,14170.211004,-1213.4995040000003,"[-1406.9990080000007, -1046.1279919999997]",-8.072855958812003,"[-9.27212885235631, -6.727601628460523]",8,5,40,10000
cpu,stock,2,grid_pollution,complete controlled sequence,67,6298,complete_us,current,arena,15500.025524,14245.332511999999,15490.661479999999,14171.772984,-1213.5235000000002,"[-1407.2890160000006, -1045.922983999999]",-8.072255962408198,"[-9.273097703629196, -6.725740842985905]",8,5,40,10000
cpu,stock,2,grid_pollution,complete controlled sequence,67,6298,draw_us,current,pixels,15494.102008,15987.124487999998,15484.559008,16034.460004,558.1714679999995,"[248.7940000000017, 726.378983999999]",3.6183004034258004,"[1.6400171748638837, 4.703804469781603]",8,5,40,10000
cpu,stock,2,grid_pollution,complete controlled sequence,67,6298,submit_us,current,pixels,15498.524504,15991.849999999999,15488.975016,16038.960500000001,557.8545040000008,"[248.70602399999916, 727.253976]",3.6151052648870863,"[1.6389736508507946, 4.708187371690853]",8,5,40,10000
cpu,stock,2,grid_pollution,complete controlled sequence,67,6298,complete_us,current,pixels,15500.025524,15993.204496,15490.661479999999,16040.335492000002,557.709492,"[248.4160240000001, 726.9230400000015]",3.61381026516685,"[1.6368962135771437, 4.705563906182597]",8,5,40,10000
cpu,stock,2,grid_singleton,complete controlled sequence,1,94,draw_us,master,current,258.25,273.3125,257.687,273.66700000000003,16.251000000000005,"[1.0, 22.749000000000024]",6.4847630229068365,"[0.3664681630783262, 9.006508725810036]",8,5,40,10000
cpu,stock,2,grid_singleton,complete controlled sequence,1,94,submit_us,master,current,258.375,273.5,257.854,273.91650000000004,16.250500000000002,"[1.25, 22.958000000000027]",6.480757475103549,"[0.4579459110925388, 9.08328387734918]",8,5,40,10000
cpu,stock,2,grid_singleton,complete controlled sequence,1,94,complete_us,master,current,258.4165,273.52049999999997,257.854,273.91650000000004,16.250500000000002,"[1.2080000000000268, 23.0]",6.480757475103549,"[0.44249084249086135, 9.099901088031647]",8,5,40,10000
cpu,stock,2,grid_singleton,complete controlled sequence,1,94,draw_us,master,scaler,258.25,262.08349999999996,257.687,261.83349999999996,3.1670000000000016,"[-9.416999999999973, 10.0]",1.2436017613967287,"[-3.4584196377418275, 4.041427802236086]",8,5,40,10000
cpu,stock,2,grid_singleton,complete controlled sequence,1,94,submit_us,master,scaler,258.375,262.1875,257.854,261.97900000000004,3.1255000000000024,"[-9.416999999999973, 9.959000000000003]",1.2264145941965898,"[-3.4568327233616025, 4.0387734915924955]",8,5,40,10000
cpu,stock,2,grid_singleton,complete controlled sequence,1,94,complete_us,master,scaler,258.4165,262.2295,257.854,262.0,3.1255000000000024,"[-9.459000000000003, 10.0]",1.2264145941965898,"[-3.471715010331833, 4.055390702274986]",8,5,40,10000
cpu,stock,2,grid_singleton,complete controlled sequence,1,94,draw_us,master,prepass,258.25,222.25,257.687,222.958,-32.9165,"[-48.458999999999975, -30.50000000000003]",-12.794428989511541,"[-17.796703538847993, -11.738308836829825]",8,5,40,10000
cpu,stock,2,grid_singleton,complete controlled sequence,1,94,submit_us,master,prepass,258.375,222.41649999999998,257.854,223.083,-32.896000000000015,"[-48.458999999999975, -30.5]",-12.786851651813263,"[-17.7885374260784, -11.730769230769234]",8,5,40,10000
cpu,stock,2,grid_singleton,complete controlled sequence,1,94,complete_us,master,prepass,258.4165,222.4375,257.854,223.10399999999998,-32.917,"[-48.459, -30.458]",-12.778458634803414,"[-17.785795293970843, -11.714615384615378]",8,5,40,10000
cpu,stock,2,grid_singleton,complete controlled sequence,1,94,draw_us,master,instance,258.25,272.85400000000004,257.687,273.4585,15.396499999999989,"[2.084000000000003, 24.790999999999997]",6.091429619804767,"[0.7637196518552436, 9.81495264941563]",8,5,40,10000
cpu,stock,2,grid_singleton,complete controlled sequence,1,94,submit_us,master,instance,258.375,273.0,257.854,273.5835,15.375499999999988,"[2.1259999999999764, 24.791999999999973]",6.0797158782132765,"[0.778874405586194, 9.808902077151327]",8,5,40,10000
cpu,stock,2,grid_singleton,complete controlled sequence,1,94,complete_us,master,instance,258.4165,273.0205,257.854,273.60400000000004,15.396000000000015,"[2.125, 24.833000000000027]",6.087732835054682,"[0.7783882783882756, 9.825123639960442]",8,5,40,10000
cpu,stock,2,grid_singleton,complete controlled sequence,1,94,draw_us,master,entry,258.25,273.58299999999997,257.687,276.563,18.9165,"[5.91700000000003, 30.583000000000027]",7.419668877158192,"[2.173034830255771, 11.207695831424648]",8,5,40,10000
cpu,stock,2,grid_singleton,complete controlled sequence,1,94,submit_us,master,entry,258.375,273.687,257.854,276.72950000000003,18.875000000000014,"[5.958000000000027, 30.666999999999973]",7.399163329955638,"[2.1870881773164097, 11.235061804380141]",8,5,40,10000
cpu,stock,2,grid_singleton,complete controlled sequence,1,94,complete_us,master,entry,258.4165,273.70799999999997,257.854,276.77099999999996,18.875000000000014,"[5.95799999999997, 30.625]",7.399163329955638,"[2.1867510341005314, 11.217948717948723]",8,5,40,10000
cpu,stock,2,grid_singleton,complete controlled sequence,1,94,draw_us,master,arena,258.25,260.875,257.687,260.29200000000003,4.021999999999991,"[-11.916999999999973, 20.206999999999994]",1.5630044125941822,"[-4.376551643089033, 8.000110854210885]",8,5,40,10000
cpu,stock,2,grid_singleton,complete controlled sequence,1,94,submit_us,master,arena,258.375,261.0,257.854,260.45849999999996,4.041999999999987,"[-11.916999999999973, 20.208000000000027]",1.569815285102838,"[-4.374543438918998, 7.995252225519289]",8,5,40,10000
cpu,stock,2,grid_singleton,complete controlled sequence,1,94,complete_us,master,arena,258.4165,261.02099999999996,257.854,260.4795,4.041999999999987,"[-11.91700000000003, 20.25]",1.569815285102838,"[-4.373869095900673, 8.01186943620178]",8,5,40,10000
cpu,stock,2,grid_singleton,complete controlled sequence,1,94,draw_us,master,pixels,258.25,272.875,257.687,271.14599999999996,16.938000000000002,"[-3.625, 20.543000000000006]",6.6957272058174695,"[-1.3312914077534432, 8.392056897516653]",8,5,40,10000
cpu,stock,2,grid_singleton,complete controlled sequence,1,94,submit_us,master,pixels,258.375,273.042,257.854,271.3125,16.9375,"[-3.58299999999997, 20.625999999999976]",6.691643433824379,"[-1.315262997536859, 8.421662937496933]",8,5,40,10000
cpu,stock,2,grid_singleton,complete controlled sequence,1,94,complete_us,master,pixels,258.4165,273.0625,257.854,271.3335,16.979000000000013,"[-3.625, 20.668000000000006]",6.708049109470016,"[-1.3304754109792705, 8.438811674206658]",8,5,40,10000
cpu,stock,2,grid_singleton,complete controlled sequence,1,94,draw_us,current,scaler,273.3125,262.08349999999996,273.66700000000003,261.83349999999996,-11.708500000000015,"[-21.583, -4.625]",-4.214661559735205,"[-8.520995530849774, -1.7831325301204792]",8,5,40,10000
cpu,stock,2,grid_singleton,complete controlled sequence,1,94,submit_us,current,scaler,273.5,262.1875,273.91650000000004,261.97900000000004,-11.812999999999988,"[-21.583, -4.625]",-4.26474845419107,"[-8.516792480378188, -1.7822736030828512]",8,5,40,10000
cpu,stock,2,grid_singleton,complete controlled sequence,1,94,complete_us,current,scaler,273.52049999999997,262.2295,273.91650000000004,262.0,-11.792000000000002,"[-21.583, -4.625]",-4.257274054011689,"[-8.516792480378188, -1.7822736030828512]",8,5,40,10000
cpu,stock,2,grid_singleton,complete controlled sequence,1,94,draw_us,current,prepass,273.3125,222.25,273.66700000000003,222.958,-50.688,"[-52.75, -39.792]",-18.544843742737132,"[-20.337349397590366, -15.385983566940553]",8,5,40,10000
cpu,stock,2,grid_singleton,complete controlled sequence,1,94,submit_us,current,prepass,273.5,222.41649999999998,273.91650000000004,223.083,-50.688,"[-52.75, -39.79199999999997]",-18.55326494682359,"[-20.327552986512522, -15.376054901233417]",8,5,40,10000
cpu,stock,2,grid_singleton,complete controlled sequence,1,94,complete_us,current,prepass,273.52049999999997,222.4375,273.91650000000004,223.10399999999998,-50.688,"[-52.75, -39.791000000000025]",-18.545790546644202,"[-20.327552986512522, -15.373232933976745]",8,5,40,10000
cpu,stock,2,grid_singleton,complete controlled sequence,1,94,draw_us,current,instance,273.3125,272.85400000000004,273.66700000000003,273.4585,1.5629999999999882,"[-2.66700000000003, 7.0]",0.5687241955450117,"[-0.9752833148662265, 2.706621556307387]",8,5,40,10000
cpu,stock,2,grid_singleton,complete controlled sequence,1,94,submit_us,current,instance,273.5,273.0,273.91650000000004,273.5835,1.3549999999999613,"[-2.708000000000027, 6.958000000000027]",0.4923310137406878,"[-0.9896756509821913, 2.6886457077498704]",8,5,40,10000
cpu,stock,2,grid_singleton,complete controlled sequence,1,94,complete_us,current,instance,273.52049999999997,273.0205,273.91650000000004,273.60400000000004,1.375,"[-2.666999999999973, 6.916999999999973]",0.49957510796840854,"[-0.9746916400182659, 2.6723794879323526]",8,5,40,10000
cpu,stock,2,grid_singleton,complete controlled sequence,1,94,draw_us,current,entry,273.3125,273.58299999999997,273.66700000000003,276.563,3.4994999999999976,"[-1.6259999999999764, 10.040999999999997]",1.3723479106641845,"[-0.5792475481726567, 3.8824552924118017]",8,5,40,10000
cpu,stock,2,grid_singleton,complete controlled sequence,1,94,submit_us,current,entry,273.5,273.687,273.91650000000004,276.72950000000003,3.478500000000011,"[-1.7509999999999764, 9.958000000000027]",1.363582961188603,"[-0.6232226054335266, 3.8478778323905116]",8,5,40,10000
cpu,stock,2,grid_singleton,complete controlled sequence,1,94,complete_us,current,entry,273.52049999999997,273.70799999999997,273.91650000000004,276.77099999999996,3.4994999999999976,"[-1.7509999999999764, 9.916999999999973]",1.3716754467377301,"[-0.6232226054335266, 3.8314279863850276]",8,5,40,10000
cpu,stock,2,grid_singleton,complete controlled sequence,1,94,draw_us,current,arena,273.3125,260.875,273.66700000000003,260.29200000000003,-14.021,"[-23.875, -2.54200000000003]",-5.274136531557317,"[-9.425880012001963, -0.9232456697889524]",8,5,40,10000
cpu,stock,2,grid_singleton,complete controlled sequence,1,94,submit_us,current,arena,273.5,261.0,273.91650000000004,260.45849999999996,-14.000000000000014,"[-23.917, -2.75]",-5.26361849534941,"[-9.437804093648017, -0.9974320658087565]",8,5,40,10000
cpu,stock,2,grid_singleton,complete controlled sequence,1,94,complete_us,current,arena,273.52049999999997,261.02099999999996,273.91650000000004,260.4795,-13.979000000000013,"[-23.917, -2.75]",-5.255526009800277,"[-9.437804093648017, -0.9972801450589319]",8,5,40,10000
cpu,stock,2,grid_singleton,complete controlled sequence,1,94,draw_us,current,pixels,273.3125,272.875,273.66700000000003,271.14599999999996,0.5204999999999984,"[-3.334000000000003, 5.959000000000003]",0.19009630813349165,"[-1.3162673909953737, 2.2974457831325346]",8,5,40,10000
cpu,stock,2,grid_singleton,complete controlled sequence,1,94,submit_us,current,pixels,273.5,273.042,273.91650000000004,271.3125,0.4374999999999716,"[-3.3760000000000048, 6.041999999999973]",0.15961490701258407,"[-1.332191605140931, 2.3283236994219525]",8,5,40,10000
cpu,stock,2,grid_singleton,complete controlled sequence,1,94,complete_us,current,pixels,273.52049999999997,273.0625,273.91650000000004,271.3335,0.4795000000000016,"[-3.334000000000003, 6.084000000000003]",0.17494806422121423,"[-1.3156181313802917, 2.344508670520229]",8,5,40,10000
cpu,stock,2,grid_two_phases,complete controlled sequence,2,188,draw_us,master,current,390.9575,370.85450000000003,393.3125,370.66700000000003,-18.0625,"[-24.08299999999997, -13.74799999999999]",-4.8725314730492855,"[-6.095033217336276, -3.402624981128155]",8,5,40,10000
cpu,stock,2,grid_two_phases,complete controlled sequence,2,188,submit_us,master,current,391.187,371.0625,393.5215,370.875,-18.0625,"[-24.084000000000003, -13.706999999999994]",-4.86959254397804,"[-6.092063925693214, -3.3903797017494797]",8,5,40,10000
cpu,stock,2,grid_two_phases,complete controlled sequence,2,188,complete_us,master,current,391.2285,371.0835,393.563,370.91650000000004,-18.041500000000013,"[-24.083999999999946, -13.706999999999994]",-4.86346412624068,"[-6.091416777953129, -3.3900275268157642]",8,5,40,10000
cpu,stock,2,grid_two_phases,complete controlled sequence,2,188,draw_us,master,scaler,390.9575,359.5,393.3125,357.271,-31.666500000000013,"[-38.918000000000006, -24.541999999999973]",-8.064613666987691,"[-9.49219512195122, -6.661236709445928]",8,5,40,10000
cpu,stock,2,grid_two_phases,complete controlled sequence,2,188,submit_us,master,scaler,391.187,359.687,393.5215,357.47950000000003,-31.688000000000017,"[-39.0, -24.54200000000003]",-8.065748209371677,"[-9.50544857186728, -6.668206541166899]",8,5,40,10000
cpu,stock,2,grid_two_phases,complete controlled sequence,2,188,complete_us,master,scaler,391.2285,359.70799999999997,393.563,357.5415,-31.667,"[-39.0, -24.583000000000027]",-8.059859019705662,"[-9.504475633205223, -6.656657482415196]",8,5,40,10000
cpu,stock,2,grid_two_phases,complete controlled sequence,2,188,draw_us,master,prepass,390.9575,324.02049999999997,393.3125,324.6255,-68.83249999999998,"[-74.95800000000003, -64.166]",-17.37317921115853,"[-19.66259052986109, -16.60800349863878]",8,5,40,10000
cpu,stock,2,grid_two_phases,complete controlled sequence,2,188,submit_us,master,prepass,391.187,324.2085,393.5215,324.875,-68.8125,"[-75.04199999999997, -64.166]",-17.358071078931026,"[-19.660622659253256, -16.604337742563924]",8,5,40,10000
cpu,stock,2,grid_two_phases,complete controlled sequence,2,188,complete_us,master,prepass,391.2285,324.2915,393.563,324.9375,-68.77099999999999,"[-75.0, -64.207]",-17.346674957367064,"[-19.649073600501556, -16.592657818442298]",8,5,40,10000
cpu,stock,2,grid_two_phases,complete controlled sequence,2,188,draw_us,master,instance,390.9575,367.709,393.3125,366.1675,-27.708500000000015,"[-30.165999999999997, -19.437999999999988]",-7.2324978875261685,"[-7.634546029737422, -5.094625385627117]",8,5,40,10000
cpu,stock,2,grid_two_phases,complete controlled sequence,2,188,submit_us,master,instance,391.187,367.938,393.5215,366.3965,-27.790999999999997,"[-30.166999999999973, -19.45900000000003]",-7.249887374388392,"[-7.630762848629258, -5.097388229110194]",8,5,40,10000
cpu,stock,2,grid_two_phases,complete controlled sequence,2,188,complete_us,master,instance,391.2285,367.97950000000003,393.563,366.4385,-27.74999999999997,"[-30.166999999999973, -19.43750000000003]",-7.238234944424865,"[-7.629952247986715, -5.091484475793146]",8,5,40,10000
cpu,stock,2,grid_two_phases,complete controlled sequence,2,188,draw_us,master,entry,390.9575,374.70799999999997,393.3125,375.25,-19.83250000000001,"[-26.541999999999973, -9.958500000000015]",-5.217262692929358,"[-6.919475264870267, -2.547842926629734]",8,5,40,10000
cpu,stock,2,grid_two_phases,complete controlled sequence,2,188,submit_us,master,entry,391.187,374.89549999999997,393.5215,375.45849999999996,-19.894499999999994,"[-26.58400000000006, -10.001000000000005]",-5.230875540370183,"[-6.926668612164932, -2.557461968391145]",8,5,40,10000
cpu,stock,2,grid_two_phases,complete controlled sequence,2,188,complete_us,master,entry,391.2285,374.95799999999997,393.563,375.52099999999996,-19.85300000000001,"[-26.54200000000003, -9.959000000000003]",-5.219956025780026,"[-6.91572518447493, -2.5463354547023087]",8,5,40,10000
cpu,stock,2,grid_two_phases,complete controlled sequence,2,188,draw_us,master,arena,390.9575,356.6455,393.3125,358.04200000000003,-38.041,"[-43.91699999999997, -31.33299999999997]",-10.018120259794793,"[-10.869441467573825, -8.00332056194124]",8,5,40,10000
cpu,stock,2,grid_two_phases,complete controlled sequence,2,188,submit_us,master,arena,391.187,356.791,393.5215,358.1875,-38.14499999999998,"[-44.0, -31.376000000000033]",-10.033381598471225,"[-10.883249936308248, -8.010027852308731]",8,5,40,10000
cpu,stock,2,grid_two_phases,complete controlled sequence,2,188,complete_us,master,arena,391.2285,356.854,393.563,358.25,-38.08249999999998,"[-43.958999999999946, -31.375]",-10.022509080177205,"[-10.8719792844017, -8.008934269304401]",8,5,40,10000
cpu,stock,2,grid_two_phases,complete controlled sequence,2,188,draw_us,master,pixels,390.9575,371.79150000000004,393.3125,373.146,-20.1875,"[-31.08299999999997, -13.3125]",-5.3272052319574055,"[-7.581219512195114, -3.4661152572451726]",8,5,40,10000
cpu,stock,2,grid_two_phases,complete controlled sequence,2,188,submit_us,master,pixels,391.187,372.0,393.5215,373.333,-20.291999999999973,"[-31.165999999999997, -13.375]",-5.351756488435299,"[-7.596072056174763, -3.475288683602784]",8,5,40,10000
cpu,stock,2,grid_two_phases,complete controlled sequence,2,188,complete_us,master,pixels,391.2285,372.0625,393.563,373.375,-20.250499999999988,"[-31.123999999999967, -13.332999999999998]",-5.340066675044913,"[-7.585058964304592, -3.4638283946837767]",8,5,40,10000
cpu,stock,2,grid_two_phases,complete controlled sequence,2,188,draw_us,current,scaler,370.85450000000003,359.5,370.66700000000003,357.271,-9.146500000000003,"[-21.58299999999997, -3.708000000000027]",-2.4918702421734773,"[-5.652471106478474, -1.0813143743657383]",8,5,40,10000
cpu,stock,2,grid_two_phases,complete controlled sequence,2,188,submit_us,current,scaler,371.0625,359.687,370.875,357.47950000000003,-9.187499999999972,"[-21.583000000000027, -3.75]",-2.5074502787017785,"[-5.649378864103949, -1.09276560032171]",8,5,40,10000
cpu,stock,2,grid_two_phases,complete controlled sequence,2,188,complete_us,current,scaler,371.0835,359.70799999999997,370.91650000000004,357.5415,-9.16700000000003,"[-21.625, -3.75]",-2.4959783614053377,"[-5.659142950605167, -1.09263187338291]",8,5,40,10000
cpu,stock,2,grid_two_phases,complete controlled sequence,2,188,draw_us,current,prepass,370.85450000000003,324.02049999999997,370.66700000000003,324.6255,-48.9785,"[-54.49899999999997, -45.0]",-13.273079876088312,"[-14.859907382565996, -12.150376507241777]",8,5,40,10000
cpu,stock,2,grid_two_phases,complete controlled sequence,2,188,submit_us,current,prepass,371.0625,324.2085,370.875,324.875,-48.978999999999985,"[-54.499000000000024, -45.04099999999994]",-13.259580670451182,"[-14.861320760215168, -12.132255892255895]",8,5,40,10000
cpu,stock,2,grid_two_phases,complete controlled sequence,2,188,complete_us,current,prepass,371.0835,324.2915,370.91650000000004,324.9375,-48.9785,"[-54.581999999999994, -45.0]",-13.253245931112438,"[-14.859502109507927, -12.119840987686237]",8,5,40,10000
cpu,stock,2,grid_two_phases,complete controlled sequence,2,188,draw_us,current,instance,370.85450000000003,367.709,370.66700000000003,366.1675,-6.333000000000027,"[-14.29000000000002, -0.5419999999999732]",-1.779574580474802,"[-3.737192314491933, -0.1500175758598954]",8,5,40,10000
cpu,stock,2,grid_two_phases,complete controlled sequence,2,188,submit_us,current,instance,371.0625,367.938,370.875,366.3965,-6.394999999999982,"[-14.29000000000002, -0.5830000000000268]",-1.7964831101069445,"[-3.7416604698415457, -0.16125418693869742]",8,5,40,10000
cpu,stock,2,grid_two_phases,complete controlled sequence,2,188,complete_us,current,instance,371.0835,367.97950000000003,370.91650000000004,366.4385,-6.374499999999983,"[-14.24799999999999, -0.5830000000000268]",-1.7902977949304455,"[-3.730663287214986, -0.16125418693869742]",8,5,40,10000
cpu,stock,2,grid_two_phases,complete controlled sequence,2,188,draw_us,current,entry,370.85450000000003,374.70799999999997,370.66700000000003,375.25,0.8334999999999866,"[-4.831999999999994, 10.540999999999997]",0.23748956446341118,"[-1.2660284122766985, 2.9028571428571404]",8,5,40,10000
cpu,stock,2,grid_two_phases,complete controlled sequence,2,188,submit_us,current,entry,371.0625,374.89549999999997,370.875,375.45849999999996,0.7919999999999732,"[-4.831999999999994, 10.5]",0.22462430525034272,"[-1.2651996774159735, 2.8899109081751417]",8,5,40,10000
cpu,stock,2,grid_two_phases,complete controlled sequence,2,188,complete_us,current,entry,371.0835,374.95799999999997,370.91650000000004,375.52099999999996,0.75,"[-4.7900000000000205, 10.540999999999997]",0.21358564903714017,"[-1.254202494789436, 2.900859993120064]",8,5,40,10000
cpu,stock,2,grid_two_phases,complete controlled sequence,2,188,draw_us,current,arena,370.85450000000003,356.6455,370.66700000000003,358.04200000000003,-17.68750000000003,"[-22.123999999999967, -7.792000000000002]",-4.964082799720576,"[-5.796691347932481, -2.1384839511227716]",8,5,40,10000
cpu,stock,2,grid_two_phases,complete controlled sequence,2,188,submit_us,current,arena,371.0625,356.791,370.875,358.1875,-17.749499999999983,"[-22.248999999999967, -7.812500000000028]",-4.978479274129304,"[-5.825626577572018, -2.142773904973072]",8,5,40,10000
cpu,stock,2,grid_two_phases,complete controlled sequence,2,188,complete_us,current,arena,371.0835,356.854,370.91650000000004,358.25,-17.75,"[-22.165999999999997, -7.791499999999985]",-4.978026618331249,"[-5.803894050000524, -2.136887905417889]",8,5,40,10000
cpu,stock,2,grid_two_phases,complete controlled sequence,2,188,draw_us,current,pixels,370.85450000000003,371.79150000000004,370.66700000000003,373.146,0.9380000000000166,"[-2.20799999999997, 3.45799999999997]",0.2531600114404564,"[-0.5782632721634817, 0.9319699656642477]",8,5,40,10000
cpu,stock,2,grid_two_phases,complete controlled sequence,2,188,submit_us,current,pixels,371.0625,372.0,370.875,373.333,0.8965000000000032,"[-2.29200000000003, 3.3740000000000236]",0.2418130415862363,"[-0.5999340386659169, 0.9088215488215479]",8,5,40,10000
cpu,stock,2,grid_two_phases,complete controlled sequence,2,188,complete_us,current,pixels,371.0835,372.0625,370.91650000000004,373.375,0.9595000000000198,"[-2.29200000000003, 3.373999999999967]",0.25892857261036184,"[-0.599803729146231, 0.9087187442767375]",8,5,40,10000
cpu,stock,2,grid_unique_sizes,complete controlled sequence,32,3008,draw_us,master,current,6101.834,6909.666496,6108.083504,6941.3950079999995,680.0834880000002,"[615.9190079999998, 851.4590079999998]",11.30679281626742,"[10.25636732651165, 13.864210964817026]",8,5,40,10000
cpu,stock,2,grid_unique_sizes,complete controlled sequence,32,3008,submit_us,master,current,6103.794,6911.581504,6110.168496,6943.477504,679.5364959999997,"[615.6749760000002, 851.2900159999999]",11.302761842944452,"[10.233086999273343, 13.856288068144229]",8,5,40,10000
cpu,stock,2,grid_unique_sizes,complete controlled sequence,32,3008,complete_us,master,current,6104.459504,6912.332992,6110.687008,6944.165999999999,679.4950079999999,"[615.8400000000001, 851.4560000000001]",11.300288709258265,"[10.23169556655068, 13.857577734472383]",8,5,40,10000
cpu,stock,2,grid_unique_sizes,complete controlled sequence,32,3008,draw_us,master,scaler,6101.834,6485.605008,6108.083504,6517.228992,261.1484800000003,"[213.20899199999985, 381.585024]",4.397235790502552,"[3.3453305929407096, 6.2133058949923825]",8,5,40,10000
cpu,stock,2,grid_unique_sizes,complete controlled sequence,32,3008,submit_us,master,scaler,6103.794,6487.666496,6110.168496,6519.206,261.1669920000004,"[213.21500800000013, 381.4620160000004]",4.397221066884061,"[3.344244884386982, 6.208985752689777]",8,5,40,10000
cpu,stock,2,grid_unique_sizes,complete controlled sequence,32,3008,complete_us,master,scaler,6104.459504,6488.230496,6110.687008,6519.936512,261.0630080000001,"[213.38297599999987, 381.50297599999976]",4.3923406084861005,"[3.3465083320791456, 6.209818889833807]",8,5,40,10000
cpu,stock,2,grid_unique_sizes,complete controlled sequence,32,3008,draw_us,master,prepass,6101.834,6848.853008,6108.083504,6854.395504,688.330496,"[563.2939839999999, 771.3740159999998]",11.559708566916216,"[8.729857738863833, 12.768283898494182]",8,5,40,10000
cpu,stock,2,grid_unique_sizes,complete controlled sequence,32,3008,submit_us,master,prepass,6103.794,6851.1875039999995,6110.168496,6856.518512000001,688.268016,"[561.7129919999998, 771.5790080000006]",11.554749957577204,"[8.700465118058798, 12.766345439293602]",8,5,40,10000
cpu,stock,2,grid_unique_sizes,complete controlled sequence,32,3008,complete_us,master,prepass,6104.459504,6851.813504,6110.687008,6857.206512000001,688.1810080000005,"[561.6230080000005, 771.7520000000004]",11.55187519200237,"[8.697888494416306, 12.764106982804968]",8,5,40,10000
cpu,stock,2,grid_unique_sizes,complete controlled sequence,32,3008,draw_us,master,instance,6101.834,6721.625008,6108.083504,6716.52,603.7909919999997,"[536.5859840000003, 669.5410239999992]",10.047009406908325,"[8.315940588828074, 10.902060955511805]",8,5,40,10000
cpu,stock,2,grid_unique_sizes,complete controlled sequence,32,3008,submit_us,master,instance,6103.794,6723.665008,6110.168496,6718.437008,603.5629920000001,"[535.3329919999996, 669.2920000000004]",10.039413914515961,"[8.291860949945873, 10.893940466117712]",8,5,40,10000
cpu,stock,2,grid_unique_sizes,complete controlled sequence,32,3008,complete_us,master,instance,6104.459504,6724.228496,6110.687008,6719.124496,603.8769920000004,"[535.0390079999997, 669.3760000000002]",10.042563211341294,"[8.286180525829012, 10.894197649191728]",8,5,40,10000
cpu,stock,2,grid_unique_sizes,complete controlled sequence,32,3008,draw_us,master,entry,6101.834,6913.103999999999,6108.083504,6921.958992,799.1039839999999,"[670.753984, 854.3349760000001]",13.163763244451353,"[11.188556864053378, 13.918407774782482]",8,5,40,10000
cpu,stock,2,grid_unique_sizes,complete controlled sequence,32,3008,submit_us,master,entry,6103.794,6915.248496,6110.168496,6924.083488,799.1009919999997,"[670.8419840000006, 854.4550079999999]",13.157884782043539,"[11.18629658055903, 13.915731681336219]",8,5,40,10000
cpu,stock,2,grid_unique_sizes,complete controlled sequence,32,3008,complete_us,master,entry,6104.459504,6915.895984,6110.687008,6924.855488,799.2719999999999,"[670.8830079999998, 854.5409920000002]",13.158778122518132,"[11.185818658679247, 13.915812977297804]",8,5,40,10000
cpu,stock,2,grid_unique_sizes,complete controlled sequence,32,3008,draw_us,master,arena,6101.834,6238.789504,6108.083504,6238.103504,191.1655039999996,"[84.79299199999969, 276.25398399999995]",3.1640810202472114,"[1.414395195996665, 4.500594856507711]",8,5,40,10000
cpu,stock,2,grid_unique_sizes,complete controlled sequence,32,3008,submit_us,master,arena,6103.794,6240.833008,6110.168496,6240.124512,191.18451200000027,"[84.71398400000089, 276.2900159999999]",3.1633671900199944,"[1.412606503687086, 4.499684234852186]",8,5,40,10000
cpu,stock,2,grid_unique_sizes,complete controlled sequence,32,3008,complete_us,master,arena,6104.459504,6241.458495999999,6110.687008,6240.790992,191.2484959999997,"[84.75500800000009, 276.29199999999946]",3.164087471078436,"[1.4131437800596558, 4.4992900693095805]",8,5,40,10000
cpu,stock,2,grid_unique_sizes,complete controlled sequence,32,3008,draw_us,master,pixels,6101.834,7008.418496,6108.083504,7001.792,870.353008,"[687.5859840000003, 955.3360000000002]",14.596224885018149,"[10.78848694877015, 15.880250150303654]",8,5,40,10000
cpu,stock,2,grid_unique_sizes,complete controlled sequence,32,3008,submit_us,master,pixels,6103.794,7010.500496000001,6110.168496,7003.938991999999,870.2515039999998,"[687.584992, 955.7060159999992]",14.589391527544615,"[10.784665740215015, 15.881445696000739]",8,5,40,10000
cpu,stock,2,grid_unique_sizes,complete controlled sequence,32,3008,complete_us,master,pixels,6104.459504,7011.146992,6110.687008,7004.667504,870.227488,"[687.5459839999994, 955.8710079999992]",14.587341885764415,"[10.782858160828868, 15.882208073390224]",8,5,40,10000
cpu,stock,2,grid_unique_sizes,complete controlled sequence,32,3008,draw_us,current,scaler,6909.666496,6485.605008,6941.3950079999995,6517.228992,-406.8119999999999,"[-562.624992, -383.49801599999955]",-6.207978199941727,"[-7.908377537091605, -5.696071696383919]",8,5,40,10000
cpu,stock,2,grid_unique_sizes,complete controlled sequence,32,3008,submit_us,current,scaler,6911.581504,6487.666496,6943.477504,6519.206,-406.7070079999994,"[-562.911008, -383.41900799999985]",-6.204594518547146,"[-7.909622802638749, -5.693004784551537]",8,5,40,10000
cpu,stock,2,grid_unique_sizes,complete controlled sequence,32,3008,complete_us,current,scaler,6912.332992,6488.230496,6944.165999999999,6519.936512,-406.8970079999999,"[-563.164992, -383.37398399999984]",-6.2068993702359405,"[-7.912215489672203, -5.689511690506421]",8,5,40,10000
cpu,stock,2,grid_unique_sizes,complete controlled sequence,32,3008,draw_us,current,prepass,6909.666496,6848.853008,6941.3950079999995,6854.395504,-12.313008000000082,"[-116.33200000000033, 53.12499200000002]",-0.16464016380320357,"[-1.6656035775105438, 0.7457229798474962]",8,5,40,10000
cpu,stock,2,grid_unique_sizes,complete controlled sequence,32,3008,submit_us,current,prepass,6911.581504,6851.1875039999995,6943.477504,6856.518512000001,-11.980495999999675,"[-116.29001599999992, 52.95897599999989]",-0.1595835451632832,"[-1.6644867489731485, 0.7431358714741432]",8,5,40,10000
cpu,stock,2,grid_unique_sizes,complete controlled sequence,32,3008,complete_us,current,prepass,6912.332992,6851.813504,6944.165999999999,6857.206512000001,-12.146495999999843,"[-116.54399999999987, 53.04102400000011]",-0.16211583175946287,"[-1.6679623678012678, 0.7442130493153343]",8,5,40,10000
cpu,stock,2,grid_unique_sizes,complete controlled sequence,32,3008,draw_us,current,instance,6909.666496,6721.625008,6941.3950079999995,6716.52,-153.56200000000035,"[-239.5830079999996, -47.250976000000264]",-2.1806992560866325,"[-3.363060358608372, -0.7037416854093759]",8,5,40,10000
cpu,stock,2,grid_unique_sizes,complete controlled sequence,32,3008,submit_us,current,instance,6911.581504,6723.665008,6943.477504,6718.437008,-153.663008,"[-239.91900799999985, -46.95600000000013]",-2.181424939030252,"[-3.3666138313039218, -0.6991490976098858]",8,5,40,10000
cpu,stock,2,grid_unique_sizes,complete controlled sequence,32,3008,complete_us,current,instance,6912.332992,6724.228496,6944.165999999999,6719.124496,-153.85099200000013,"[-239.83798399999978, -47.0]",-2.183820171839118,"[-3.365141619707057, -0.6997347401478615]",8,5,40,10000
cpu,stock,2,grid_unique_sizes,complete controlled sequence,32,3008,draw_us,current,entry,6909.666496,6913.103999999999,6941.3950079999995,6921.958992,17.666975999999977,"[-79.4580160000005, 88.70799999999963]",0.2814168939103523,"[-1.1168789119063383, 1.3211900094781903]",8,5,40,10000
cpu,stock,2,grid_unique_sizes,complete controlled sequence,32,3008,submit_us,current,entry,6911.581504,6915.248496,6943.477504,6924.083488,17.75148799999988,"[-79.37100800000007, 88.66899199999989]",0.28258798109143113,"[-1.1152646258877574, 1.3202326804407916]",8,5,40,10000
cpu,stock,2,grid_unique_sizes,complete controlled sequence,32,3008,complete_us,current,entry,6912.332992,6915.895984,6944.165999999999,6924.855488,17.752992000000177,"[-79.66799999999967, 88.83699199999955]",0.2825795994756797,"[-1.1192996592217175, 1.3226027555880426]",8,5,40,10000
cpu,stock,2,grid_unique_sizes,complete controlled sequence,32,3008,draw_us,current,arena,6909.666496,6238.789504,6941.3950079999995,6238.103504,-567.5415040000003,"[-709.5380159999995, -476.16697600000043]",-8.469611862993704,"[-9.959884861848122, -7.091886318422791]",8,5,40,10000
cpu,stock,2,grid_unique_sizes,complete controlled sequence,32,3008,submit_us,current,arena,6911.581504,6240.833008,6943.477504,6240.124512,-567.4785120000001,"[-709.9200000000001, -476.08198399999947]",-8.466185097069651,"[-9.961805490289798, -7.088599742352919]",8,5,40,10000
cpu,stock,2,grid_unique_sizes,complete controlled sequence,32,3008,complete_us,current,arena,6912.332992,6241.458495999999,6944.165999999999,6240.790992,-567.6055040000006,"[-710.0459840000003, -476.0380160000004]",-8.467163059147225,"[-9.962580792307907, -7.087241221835427]",8,5,40,10000
cpu,stock,2,grid_unique_sizes,complete controlled sequence,32,3008,draw_us,current,pixels,6909.666496,7008.418496,6941.3950079999995,7001.792,113.60600000000022,"[74.789984, 172.37398399999984]",1.6375897739609346,"[1.0498375177397934, 2.6074133383181097]",8,5,40,10000
cpu,stock,2,grid_unique_sizes,complete controlled sequence,32,3008,submit_us,current,pixels,6911.581504,7010.500496000001,6943.477504,7003.938991999999,113.7539999999999,"[74.5379840000005, 172.79001599999992]",1.6392501729051712,"[1.0459388357087152, 2.613013167429279]",8,5,40,10000
cpu,stock,2,grid_unique_sizes,complete controlled sequence,32,3008,complete_us,current,pixels,6912.332992,7011.146992,6944.165999999999,7004.667504,113.66849600000023,"[74.82800000000043, 172.7519999999995]",1.6378525078876716,"[1.0499038264074168, 2.612126996877584]",8,5,40,10000
cpu,stock,2,grid_unique_variations,complete controlled sequence,32,3008,draw_us,master,current,8168.206,9032.981007999999,8123.061503999999,9012.647008,763.5425119999995,"[598.3330240000005, 898.4630079999997]",9.244086835312993,"[7.353920510145251, 11.019299690686491]",8,5,40,10000
cpu,stock,2,grid_unique_variations,complete controlled sequence,32,3008,submit_us,master,current,8170.352992,9035.145488,8125.163504,9014.810992,763.2130080000011,"[598.0409919999993, 898.5469760000005]",9.237467404059917,"[7.345874015930787, 11.017348679534944]",8,5,40,10000
cpu,stock,2,grid_unique_variations,complete controlled sequence,32,3008,complete_us,master,current,8171.040496,9035.876,8125.934992,9015.540496000001,763.2964959999999,"[598.1260160000002, 898.6720000000005]",9.237684294801273,"[7.3432974977259535, 11.01786711723709]",8,5,40,10000
cpu,stock,2,grid_unique_variations,complete controlled sequence,32,3008,draw_us,master,scaler,8168.206,8609.168,8123.061503999999,8623.916000000001,311.28899200000023,"[160.4620160000004, 518.3544960000004]",3.8250596110971924,"[1.9354624103238516, 6.377611689012042]",8,5,40,10000
cpu,stock,2,grid_unique_variations,complete controlled sequence,32,3008,submit_us,master,scaler,8170.352992,8611.332,8125.163504,8626.458496,311.22950400000036,"[159.91900799999985, 518.6899839999996]",3.823405436343097,"[1.9308639020957585, 6.380085408543135]",8,5,40,10000
cpu,stock,2,grid_unique_variations,complete controlled sequence,32,3008,complete_us,master,scaler,8171.040496,8612.146,8125.934992,8627.168,311.39599999999973,"[160.21100800000022, 518.5840000000003]",3.82518512505442,"[1.9317276777468306, 6.3781712718755434]",8,5,40,10000
cpu,stock,2,grid_unique_variations,complete controlled sequence,32,3008,draw_us,master,prepass,8168.206,6824.396,8123.061503999999,6864.125008,-1338.084496,"[-1595.375008, -1245.42]",-17.015846668605434,"[-18.690873329973247, -15.562316821701938]",8,5,40,10000
cpu,stock,2,grid_unique_variations,complete controlled sequence,32,3008,submit_us,master,prepass,8170.352992,6826.686992,8125.163504,6866.521488,-1338.2500000000005,"[-1595.7059839999993, -1244.7509760000003]",-17.013045177300512,"[-18.688090711268458, -15.550241729633008]",8,5,40,10000
cpu,stock,2,grid_unique_variations,complete controlled sequence,32,3008,complete_us,master,prepass,8171.040496,6827.375488,8125.934992,6867.227984,-1338.1639999999998,"[-1595.7490239999997, -1245.1269760000005]",-17.01074008283957,"[-18.687320994853675, -15.553400085519641]",8,5,40,10000
cpu,stock,2,grid_unique_variations,complete controlled sequence,32,3008,draw_us,master,instance,8168.206,8742.604,8123.061503999999,8776.354,628.2709920000002,"[328.41401600000063, 698.9590080000007]",7.839006538100069,"[3.867085971394535, 8.572460648994195]",8,5,40,10000
cpu,stock,2,grid_unique_variations,complete controlled sequence,32,3008,submit_us,master,instance,8170.352992,8744.768992000001,8125.163504,8778.894,628.0639999999994,"[328.0789760000007, 698.8769920000004]",7.834422658348361,"[3.861739857452795, 8.569136295183032]",8,5,40,10000
cpu,stock,2,grid_unique_variations,complete controlled sequence,32,3008,complete_us,master,instance,8171.040496,8745.372496,8125.934992,8779.497503999999,628.2089919999994,"[327.9550080000008, 698.9169920000004]",7.835572468732243,"[3.859959447314476, 8.56883773371715]",8,5,40,10000
cpu,stock,2,grid_unique_variations,complete controlled sequence,32,3008,draw_us,master,entry,8168.206,9032.893488000002,8123.061503999999,9027.643488000002,856.2085120000002,"[624.709984000001, 930.8739840000007]",10.702814890160571,"[7.334362005595341, 11.4168077178747]",8,5,40,10000
cpu,stock,2,grid_unique_variations,complete controlled sequence,32,3008,submit_us,master,entry,8170.352992,9035.228496,8125.163504,9029.792512,856.2530079999997,"[623.8760000000002, 930.8399999999992]",10.700615818510718,"[7.324071215948225, 11.41330294216949]",8,5,40,10000
cpu,stock,2,grid_unique_variations,complete controlled sequence,32,3008,complete_us,master,entry,8171.040496,9035.976512000001,8125.934992,9030.581504,856.2925119999991,"[623.8339840000008, 930.754015999999]",10.701524002727636,"[7.325666928944785, 11.411197931083583]",8,5,40,10000
cpu,stock,2,grid_unique_variations,complete controlled sequence,32,3008,draw_us,master,arena,8168.206,8362.478992,8123.061503999999,8333.456992,228.39548800000057,"[-93.37401599999976, 317.4969920000003]",2.845026502249204,"[-1.093938350930268, 3.765835256531913]",8,5,40,10000
cpu,stock,2,grid_unique_variations,complete controlled sequence,32,3008,submit_us,master,arena,8170.352992,8364.643008,8125.163504,8335.682496,228.51851199999965,"[-93.7899839999991, 317.9969920000003]",2.8458251262399203,"[-1.0984202267680376, 3.7685836055355804]",8,5,40,10000
cpu,stock,2,grid_unique_variations,complete controlled sequence,32,3008,complete_us,master,arena,8171.040496,8365.248992,8125.934992,8336.225984,228.49748799999998,"[-93.70499199999904, 318.1270079999995]",2.845351981901023,"[-1.0973500456448848, 3.7656249487227234]",8,5,40,10000
cpu,stock,2,grid_unique_variations,complete controlled sequence,32,3008,draw_us,master,pixels,8168.206,9020.333999999999,8123.061503999999,8957.167008,801.3330079999996,"[730.9950080000017, 945.2089919999999]",10.084865642225203,"[8.607490554228448, 11.679941880924849]",8,5,40,10000
cpu,stock,2,grid_unique_variations,complete controlled sequence,32,3008,submit_us,master,pixels,8170.352992,9022.474495999999,8125.163504,8959.330495999999,801.1220000000003,"[730.0809919999992, 945.4969919999994]",10.081516193050154,"[8.59361029575716, 11.680616858790449]",8,5,40,10000
cpu,stock,2,grid_unique_variations,complete controlled sequence,32,3008,complete_us,master,pixels,8171.040496,9023.228,8125.934992,8960.063008000001,801.2910080000001,"[730.1260160000002, 945.3770240000003]",10.081214020523266,"[8.59342514809005, 11.67799216829466]",8,5,40,10000
cpu,stock,2,grid_unique_variations,complete controlled sequence,32,3008,draw_us,current,scaler,9032.981007999999,8609.168,9012.647008,8623.916000000001,-451.832496,"[-541.0900159999983, -307.81001599999945]",-5.132462895571321,"[-5.820177981061048, -3.4847692030797575]",8,5,40,10000
cpu,stock,2,grid_unique_variations,complete controlled sequence,32,3008,submit_us,current,scaler,9035.145488,8611.332,9014.810992,8626.458496,-451.5590080000002,"[-541.0030079999997, -307.6869919999999]",-5.131867812352169,"[-5.817704563764914, -3.478816900812248]",8,5,40,10000
cpu,stock,2,grid_unique_variations,complete controlled sequence,32,3008,complete_us,current,scaler,9035.876,8612.146,9015.540496000001,8627.168,-451.4544960000003,"[-541.0009919999993, -307.68750400000044]",-5.12888579499553,"[-5.817239988128975, -3.4799969192281233]",8,5,40,10000
cpu,stock,2,grid_unique_variations,complete controlled sequence,32,3008,draw_us,current,prepass,9032.981007999999,6824.396,9012.647008,6864.125008,-2158.1235039999997,"[-2314.6240000000007, -2011.2930239999996]",-23.837779792728004,"[-25.26060119713702, -23.19042888881234]",8,5,40,10000
cpu,stock,2,grid_unique_variations,complete controlled sequence,32,3008,submit_us,current,prepass,9035.145488,6826.686992,9014.810992,6866.521488,-2157.894496,"[-2316.2919999999995, -2010.5499840000011]",-23.829475091289797,"[-25.253935328727085, -23.18490936460157]",8,5,40,10000
cpu,stock,2,grid_unique_variations,complete controlled sequence,32,3008,complete_us,current,prepass,9035.876,6827.375488,9015.540496000001,6867.227984,-2157.8715040000006,"[-2316.2919999999995, -2010.9669760000006]",-23.827792429319324,"[-25.252016482301297, -23.18354410242285]",8,5,40,10000
cpu,stock,2,grid_unique_variations,complete controlled sequence,32,3008,draw_us,current,instance,9032.981007999999,8742.604,9012.647008,8776.354,-169.35649599999942,"[-285.7489920000007, -74.04700799999955]",-1.9179734130793713,"[-3.2320901393651402, -0.7964788718723081]",8,5,40,10000
cpu,stock,2,grid_unique_variations,complete controlled sequence,32,3008,submit_us,current,instance,9035.145488,8744.768992000001,9014.810992,8778.894,-170.29348799999934,"[-285.91200000000026, -73.17401600000085]",-1.919395336943991,"[-3.233202139334568, -0.786880665240608]",8,5,40,10000
cpu,stock,2,grid_unique_variations,complete controlled sequence,32,3008,complete_us,current,instance,9035.876,8745.372496,9015.540496000001,8779.497503999999,-170.35801600000013,"[-285.95603200000005, -73.42300799999975]",-1.9204317896055145,"[-3.2334558030871707, -0.7894981053681915]",8,5,40,10000
cpu,stock,2,grid_unique_variations,complete controlled sequence,32,3008,draw_us,current,entry,9032.981007999999,9032.893488000002,9012.647008,9027.643488000002,14.996480000000702,"[-67.49798399999963, 348.5009919999993]",0.1655531355745643,"[-0.7634657500853903, 3.8225066797702656]",8,5,40,10000
cpu,stock,2,grid_unique_variations,complete controlled sequence,32,3008,submit_us,current,entry,9035.145488,9035.228496,9014.810992,9029.792512,14.981519999999364,"[-67.45600000000013, 348.79500800000096]",0.16534996753698183,"[-0.7628182220786539, 3.824630799420703]",8,5,40,10000
cpu,stock,2,grid_unique_variations,complete controlled sequence,32,3008,complete_us,current,entry,9035.876,9035.976512000001,9015.540496000001,9030.581504,15.041007999999238,"[-67.41500799999994, 348.96399999999994]",0.1660065985286785,"[-0.762297082205865, 3.8262572799587335]",8,5,40,10000
cpu,stock,2,grid_unique_variations,complete controlled sequence,32,3008,draw_us,current,arena,9032.981007999999,8362.478992,9012.647008,8333.456992,-591.2920159999999,"[-854.5860159999993, -307.0380160000004]",-6.810202857847475,"[-9.192264810234263, -3.3677231745251834]",8,5,40,10000
cpu,stock,2,grid_unique_variations,complete controlled sequence,32,3008,submit_us,current,arena,9035.145488,8364.643008,9014.810992,8335.682496,-591.2920000000004,"[-854.4169920000004, -306.08099199999924]",-6.8086313711776985,"[-9.188018477185055, -3.3562601593209562]",8,5,40,10000
cpu,stock,2,grid_unique_variations,complete controlled sequence,32,3008,complete_us,current,arena,9035.876,8365.248992,9015.540496000001,8336.225984,-591.3945120000003,"[-854.4579839999988, -305.78400000000147]",-6.80932958594147,"[-9.187759775310845, -3.3539848043511955]",8,5,40,10000
cpu,stock,2,grid_unique_variations,complete controlled sequence,32,3008,draw_us,current,pixels,9032.981007999999,9020.333999999999,9012.647008,8957.167008,55.85499200000049,"[-110.5789760000007, 106.46000000000095]",0.6285968532414921,"[-1.2507523314402302, 1.167698429760411]",8,5,40,10000
cpu,stock,2,grid_unique_variations,complete controlled sequence,32,3008,submit_us,current,pixels,9035.145488,9022.474495999999,9014.810992,8959.330495999999,56.099999999999454,"[-110.79199999999946, 106.00300799999968]",0.631220112334574,"[-1.2528782682124318, 1.162351409651019]",8,5,40,10000
cpu,stock,2,grid_unique_variations,complete controlled sequence,32,3008,complete_us,current,pixels,9035.876,9023.228,9015.540496000001,8960.063008000001,56.06150399999933,"[-110.70799999999872, 106.21500799999922]",0.6307205433889296,"[-1.251833796071733, 1.1646070872665115]",8,5,40,10000
cpu,stock,2,text,sum of reported phases; excludes 119 unreported warmup frames,88,8081,draw_us,master,current,99027.42250449999,96242.688009,98870.41699900001,96137.876002,-3253.3350130000035,"[-4466.073989000011, -2361.166985999982]",-3.2457546747436563,"[-4.346294121472438, -2.374818129328371]",8,5,40,10000
cpu,stock,2,text,sum of reported phases; excludes 119 unreported warmup frames,88,8081,submit_us,master,current,99069.878994,96280.44049899999,98913.669498,96179.334504,-3260.816500999994,"[-4468.362013000005, -2364.082984000008]",-3.2505405743324722,"[-4.3463567362255535, -2.376703182856621]",8,5,40,10000
cpu,stock,2,text,sum of reported phases; excludes 119 unreported warmup frames,88,8081,complete_us,master,current,99071.752497,96282.4825,98915.35598699999,96181.312003,-3261.1669865000003,"[-4468.5729950000095, -2364.2459979999985]",-3.250647450733929,"[-4.346480700324462, -2.3768193249540714]",8,5,40,10000
cpu,stock,2,text,sum of reported phases; excludes 119 unreported warmup frames,88,8081,draw_us,master,scaler,99027.42250449999,99315.31200949999,98870.41699900001,99274.7944975,-331.8525029999946,"[-2275.545009999987, 508.5889959999913]",-0.3518461725314781,"[-2.192097344154109, 0.5173021067916395]",8,5,40,10000
cpu,stock,2,text,sum of reported phases; excludes 119 unreported warmup frames,88,8081,submit_us,master,scaler,99069.878994,99359.4339935,98913.669498,99317.123502,-339.8964974999981,"[-2275.755005999992, 506.6979900000006]",-0.3600535669023963,"[-2.191216914956662, 0.5151551111712616]",8,5,40,10000
cpu,stock,2,text,sum of reported phases; excludes 119 unreported warmup frames,88,8081,complete_us,master,scaler,99071.752497,99361.33399849999,98915.35598699999,99319.01951400001,-339.93499200000224,"[-2275.4610010000033, 506.99402600001486]",-0.3600884501383017,"[-2.1908916628160746, 0.5154488825529491]",8,5,40,10000
cpu,stock,2,text,sum of reported phases; excludes 119 unreported warmup frames,88,8081,draw_us,master,prepass,99027.42250449999,93319.2314965,98870.41699900001,92821.943998,-5788.106511999991,"[-7369.199013000005, -5255.661999999982]",-5.86454139086311,"[-7.171557486295443, -5.3827117540232505]",8,5,40,10000
cpu,stock,2,text,sum of reported phases; excludes 119 unreported warmup frames,88,8081,submit_us,master,prepass,99069.878994,93359.028498,98913.669498,92864.2380075,-5793.729019499988,"[-7368.232016000009, -5258.205987999987]",-5.86752906435859,"[-7.167047961566853, -5.371273981864433]",8,5,40,10000
cpu,stock,2,text,sum of reported phases; excludes 119 unreported warmup frames,88,8081,complete_us,master,prepass,99071.752497,93360.8845,98915.35598699999,92866.210504,-5793.765483499999,"[-7368.3229890000075, -5258.045989000006]",-5.867444216449857,"[-7.1670024639366, -5.371096017798493]",8,5,40,10000
cpu,stock,2,text,sum of reported phases; excludes 119 unreported warmup frames,88,8081,draw_us,master,instance,99027.42250449999,96114.16799,98870.41699900001,96127.01749299999,-2896.7490020000114,"[-5103.577992999999, -1817.0420139999915]",-2.8570158305629754,"[-4.9667003018950435, -1.9000720658763126]",8,5,40,10000
cpu,stock,2,text,sum of reported phases; excludes 119 unreported warmup frames,88,8081,submit_us,master,instance,99069.878994,96155.56050600001,98913.669498,96169.078508,-2899.7529980000036,"[-5111.200012000001, -1812.0430179999967]",-2.8585580087508946,"[-4.971642525319342, -1.8940820964849614]",8,5,40,10000
cpu,stock,2,text,sum of reported phases; excludes 119 unreported warmup frames,88,8081,complete_us,master,instance,99071.752497,96157.16550900001,98915.35598699999,96170.997499,-2899.4179854999966,"[-5111.081976000001, -1812.0050219999976]",-2.8581790138227925,"[-4.971434771529381, -1.8940076354549418]",8,5,40,10000
cpu,stock,2,text,sum of reported phases; excludes 119 unreported warmup frames,88,8081,draw_us,master,entry,99027.42250449999,96497.39650900001,98870.41699900001,97141.5619995,-1870.0634825000016,"[-4995.450001999998, -1787.578985]",-1.9114006766765557,"[-4.861472297879121, -1.7741389025178855]",8,5,40,10000
cpu,stock,2,text,sum of reported phases; excludes 119 unreported warmup frames,88,8081,submit_us,master,entry,99069.878994,96539.336006,98913.669498,97184.49899600001,-1876.3800090000004,"[-5003.030015000011, -1789.4989959999948]",-1.9137921537873637,"[-4.866426029039362, -1.7790057435422169]",8,5,40,10000
cpu,stock,2,text,sum of reported phases; excludes 119 unreported warmup frames,88,8081,complete_us,master,entry,99071.752497,96541.296497,98915.35598699999,97186.5869955,-1876.129000000008,"[-5002.992992999993, -1788.9119859999919]",-1.9135219260647651,"[-4.86629904272895, -1.7786511066268051]",8,5,40,10000
cpu,stock,2,text,sum of reported phases; excludes 119 unreported warmup frames,88,8081,draw_us,master,arena,99027.42250449999,95198.580987,98870.41699900001,94900.60399949999,-3427.7050014999986,"[-5909.4490020000085, -2215.7920069999964]",-3.4934226285312397,"[-5.750957893172892, -2.228602661414869]",8,5,40,10000
cpu,stock,2,text,sum of reported phases; excludes 119 unreported warmup frames,88,8081,submit_us,master,arena,99069.878994,95238.643504,98913.669498,94941.33249599999,-3432.6914954999957,"[-5917.362017000007, -2216.8370159999904]",-3.4969118933177388,"[-5.75579288080238, -2.22867117079234]",8,5,40,10000
cpu,stock,2,text,sum of reported phases; excludes 119 unreported warmup frames,88,8081,complete_us,master,arena,99071.752497,95240.54099400001,98915.35598699999,94943.104989,-3432.2725004999957,"[-5917.276999000009, -2216.504998000004]",-3.4964283517883166,"[-5.755602583510521, -2.228292621647776]",8,5,40,10000
cpu,stock,2,text,sum of reported phases; excludes 119 unreported warmup frames,88,8081,draw_us,master,pixels,99027.42250449999,96269.668997,98870.41699900001,96530.333997,-2546.4585125000012,"[-5863.789009999993, -2154.581995000015]",-2.6124167397006848,"[-5.648755027482899, -2.191494141703476]",8,5,40,10000
cpu,stock,2,text,sum of reported phases; excludes 119 unreported warmup frames,88,8081,submit_us,master,pixels,99069.878994,96310.95750749999,98913.669498,96572.1635065,-2547.5849984999877,"[-5874.463006999984, -2156.254998000004]",-2.612470920714066,"[-5.6562427296822815, -2.1922443055443885]",8,5,40,10000
cpu,stock,2,text,sum of reported phases; excludes 119 unreported warmup frames,88,8081,complete_us,master,pixels,99071.752497,96312.897504,98915.35598699999,96574.019986,-2547.5870045000047,"[-5874.542990999995, -2155.9619949999906]",-2.6124238193252713,"[-5.656210876029199, -2.191915770521058]",8,5,40,10000
cpu,stock,2,text,sum of reported phases; excludes 119 unreported warmup frames,88,8081,draw_us,current,scaler,96242.688009,99315.31200949999,96137.876002,99274.7944975,2921.482510000009,"[2557.455995000011, 4175.288016999999]",3.0829318279884665,"[2.601953722534245, 4.445200550271644]",8,5,40,10000
cpu,stock,2,text,sum of reported phases; excludes 119 unreported warmup frames,88,8081,submit_us,current,scaler,96280.44049899999,99359.4339935,96179.334504,99317.123502,2920.920003499996,"[2555.0000030000083, 4177.2460040000005]",3.082482189323066,"[2.5981630782621945, 4.445486622478878]",8,5,40,10000
cpu,stock,2,text,sum of reported phases; excludes 119 unreported warmup frames,88,8081,complete_us,current,scaler,96282.4825,99361.33399849999,96181.312003,99319.01951400001,2921.231994499998,"[2555.1209960000124, 4177.289996000007]",3.0822932160136096,"[2.598240908609406, 4.445436881473652]",8,5,40,10000
cpu,stock,2,text,sum of reported phases; excludes 119 unreported warmup frames,88,8081,draw_us,current,prepass,96242.688009,93319.2314965,96137.876002,92821.943998,-2821.416017000003,"[-4131.160002999997, -2037.127994999988]",-2.9085116131209396,"[-4.145966534370727, -2.2561108023688714]",8,5,40,10000
cpu,stock,2,text,sum of reported phases; excludes 119 unreported warmup frames,88,8081,submit_us,current,prepass,96280.44049899999,93359.028498,96179.334504,92864.2380075,-2818.8919950000054,"[-4133.159004000001, -2036.917014999999]",-2.904607665421144,"[-4.145997999297524, -2.254993663690885]",8,5,40,10000
cpu,stock,2,text,sum of reported phases; excludes 119 unreported warmup frames,88,8081,complete_us,current,prepass,96282.4825,93360.8845,96181.312003,92866.210504,-2818.9379954999895,"[-4133.122994000005, -2036.4559910000098]",-2.9045987783474834,"[-4.145892425879771, -2.2544437728240996]",8,5,40,10000
cpu,stock,2,text,sum of reported phases; excludes 119 unreported warmup frames,88,8081,draw_us,current,instance,96242.688009,96114.16799,96137.876002,96127.01749299999,116.98149700000067,"[-433.6700020000135, 681.2490130000078]",0.11962832800036516,"[-0.4489566063140549, 0.7158756310225334]",8,5,40,10000
cpu,stock,2,text,sum of reported phases; excludes 119 unreported warmup frames,88,8081,submit_us,current,instance,96280.44049899999,96155.56050600001,96179.334504,96169.078508,117.04150649999065,"[-436.54300999999396, 680.9600060000084]",0.11971570228832551,"[-0.4517239569366449, 0.715282237709447]",8,5,40,10000
cpu,stock,2,text,sum of reported phases; excludes 119 unreported warmup frames,88,8081,complete_us,current,instance,96282.4825,96157.16550900001,96181.312003,96170.997499,117.2099939999971,"[-436.20601599999645, 681.4989960000094]",0.1198786309856148,"[-0.4513670749306864, 0.7158364837736464]",8,5,40,10000
cpu,stock,2,text,sum of reported phases; excludes 119 unreported warmup frames,88,8081,draw_us,current,entry,96242.688009,96497.39650900001,96137.876002,97141.5619995,854.6445109999986,"[-93.2949959999969, 1337.9970179999946]",0.9104309497501406,"[-0.09932607424164575, 1.385160600662405]",8,5,40,10000
cpu,stock,2,text,sum of reported phases; excludes 119 unreported warmup frames,88,8081,submit_us,current,entry,96280.44049899999,96539.336006,96179.334504,97184.49899600001,856.417505999998,"[-92.46499599999515, 1338.2079809999996]",0.9119155119523548,"[-0.09840260841040838, 1.384744665552029]",8,5,40,10000
cpu,stock,2,text,sum of reported phases; excludes 119 unreported warmup frames,88,8081,complete_us,current,entry,96282.4825,96541.296497,96181.312003,97186.5869955,856.3359915000037,"[-92.46400199999334, 1338.4639860000025]",0.911966450157764,"[-0.09839941327822732, 1.384984507551823]",8,5,40,10000
cpu,stock,2,text,sum of reported phases; excludes 119 unreported warmup frames,88,8081,draw_us,current,arena,96242.688009,95198.580987,96137.876002,94900.60399949999,-1032.66248549999,"[-1443.3750129999971, 145.37497899998561]",-1.1159744334342636,"[-1.468488605641971, 0.14977228734609493]",8,5,40,10000
cpu,stock,2,text,sum of reported phases; excludes 119 unreported warmup frames,88,8081,submit_us,current,arena,96280.44049899999,95238.643504,96179.334504,94941.33249599999,-1033.023000000001,"[-1449.0000040000014, 147.24596800001746]",-1.115901234757949,"[-1.4734787891875323, 0.15163594847811268]",8,5,40,10000
cpu,stock,2,text,sum of reported phases; excludes 119 unreported warmup frames,88,8081,complete_us,current,arena,96282.4825,95240.54099400001,96181.312003,94943.104989,-1032.6260059999986,"[-1448.7040039999993, 147.74099999999453]",-1.1154545139722638,"[-1.4731521573935868, 0.15214286430667023]",8,5,40,10000
cpu,stock,2,text,sum of reported phases; excludes 119 unreported warmup frames,88,8081,draw_us,current,pixels,96242.688009,96269.668997,96137.876002,96530.333997,217.6235075000077,"[-865.1709940000001, 1347.8790020000015]",0.2298536767685211,"[-0.9211001882862169, 1.3953909185996372]",8,5,40,10000
cpu,stock,2,text,sum of reported phases; excludes 119 unreported warmup frames,88,8081,submit_us,current,pixels,96280.44049899999,96310.95750749999,96179.334504,96572.1635065,217.8514995000005,"[-865.7509999999893, 1344.248993000001]",0.230014429627734,"[-0.921344944782343, 1.3909957560105601]",8,5,40,10000
cpu,stock,2,text,sum of reported phases; excludes 119 unreported warmup frames,88,8081,complete_us,current,pixels,96282.4825,96312.897504,96181.312003,96574.019986,218.16699350000272,"[-866.0879940000013, 1344.4189960000076]",0.23035154734381003,"[-0.9216835591533856, 1.3911464937379048]",8,5,40,10000
cpu,vollkorn,2,demo,sum of reported phases; excludes 119 unreported warmup frames,65,5102,draw_us,master,current,143121.250498,97867.103502,143121.250498,97338.017489,-46180.395494,"[-46992.70998, -45491.127022]",-32.28670401937457,"[-32.8532935464426, -31.89417688183511]",8,5,40,10000
cpu,vollkorn,2,demo,sum of reported phases; excludes 119 unreported warmup frames,65,5102,submit_us,master,current,143236.20799199998,97983.43449700001,143236.20799199998,97446.604003,-46183.749004,"[-47005.37397999999, -45500.706985999976]",-32.263486665005225,"[-32.82861153988102, -31.873298420818795]",8,5,40,10000
cpu,vollkorn,2,demo,sum of reported phases; excludes 119 unreported warmup frames,65,5102,complete_us,master,current,143237.585493,97984.72950700001,143237.585493,97447.978495,-46183.561013,"[-47005.377991999994, -45500.91498599999]",-32.26323028048337,"[-32.828190035101834, -31.87288260756741]",8,5,40,10000
cpu,vollkorn,2,demo,sum of reported phases; excludes 119 unreported warmup frames,65,5102,draw_us,master,scaler,143121.250498,97297.52501099999,143121.250498,97171.943006,-46513.313492,"[-46950.49999200001, -44801.28901000001]",-32.262375097091606,"[-33.354014014564235, -31.62087246821279]",8,5,40,10000
cpu,vollkorn,2,demo,sum of reported phases; excludes 119 unreported warmup frames,65,5102,submit_us,master,scaler,143236.20799199998,97404.026505,143236.20799199998,97278.56700899999,-46521.77299000001,"[-46953.33301599999, -44807.49897399999]",-32.239825270849025,"[-33.33222897074856, -31.597323969854184]",8,5,40,10000
cpu,vollkorn,2,demo,sum of reported phases; excludes 119 unreported warmup frames,65,5102,complete_us,master,scaler,143237.585493,97405.111494,143237.585493,97279.899001,-46521.501519,"[-46952.86899999999, -44807.542986]",-32.23920514205516,"[-33.3316539527134, -31.596963349271512]",8,5,40,10000
cpu,vollkorn,2,demo,sum of reported phases; excludes 119 unreported warmup frames,65,5102,draw_us,master,prepass,143121.250498,96838.706502,143121.250498,96973.875003,-47025.498498,"[-48912.871, -45383.209002]",-32.99941579463537,"[-33.612835828115585, -31.99510301380821]",8,5,40,10000
cpu,vollkorn,2,demo,sum of reported phases; excludes 119 unreported warmup frames,65,5102,submit_us,master,prepass,143236.20799199998,96949.000513,143236.20799199998,97084.958014,-47034.833977,"[-48912.21200799999, -45376.53701399999]",-32.974881899404146,"[-33.59082208241793, -31.971459634437636]",8,5,40,10000
cpu,vollkorn,2,demo,sum of reported phases; excludes 119 unreported warmup frames,65,5102,complete_us,master,prepass,143237.585493,96950.208996,143237.585493,97086.415498,-47034.85551199999,"[-48911.62202399998, -45376.20501399999]",-32.97443230866163,"[-33.59077194676773, -31.971186818628272]",8,5,40,10000
cpu,vollkorn,2,demo,sum of reported phases; excludes 119 unreported warmup frames,65,5102,draw_us,master,instance,143121.250498,96937.083997,143121.250498,96930.791512,-45922.082494,"[-46823.418968, -44857.329998]",-32.48480275169629,"[-32.65887169768325, -31.622928720258148]",8,5,40,10000
cpu,vollkorn,2,demo,sum of reported phases; excludes 119 unreported warmup frames,65,5102,submit_us,master,instance,143236.20799199998,97045.81549499999,143236.20799199998,97040.64248899999,-45928.774981,"[-46836.959010000006, -44848.33202799999]",-32.462691565138186,"[-32.636074867581236, -31.60191558157104]",8,5,40,10000
cpu,vollkorn,2,demo,sum of reported phases; excludes 119 unreported warmup frames,65,5102,complete_us,master,instance,143237.585493,97047.106499,143237.585493,97041.913007,-45928.94100099999,"[-46837.003020000004, -44848.08001599999]",-32.462285737689484,"[-32.635706332570834, -31.6017873789766]",8,5,40,10000
cpu,vollkorn,2,demo,sum of reported phases; excludes 119 unreported warmup frames,65,5102,draw_us,master,entry,143121.250498,97065.939495,143121.250498,97065.939495,-46071.750003,"[-47522.788985999985, -45077.917992]",-32.44569973496765,"[-32.86774578259964, -31.618052087609115]",8,5,40,10000
cpu,vollkorn,2,demo,sum of reported phases; excludes 119 unreported warmup frames,65,5102,submit_us,master,entry,143236.20799199998,97177.42101399999,143236.20799199998,97177.42101399999,-46073.563510999986,"[-47531.659990000015, -45071.961014]",-32.421108175926555,"[-32.84633698818327, -31.59557851431384]",8,5,40,10000
cpu,vollkorn,2,demo,sum of reported phases; excludes 119 unreported warmup frames,65,5102,complete_us,master,entry,143237.585493,97178.834501,143237.585493,97178.834501,-46073.28900899999,"[-47531.70900800002, -45071.75000999999]",-32.42076270527641,"[-32.84602993599744, -31.595163463100416]",8,5,40,10000
cpu,vollkorn,2,demo,sum of reported phases; excludes 119 unreported warmup frames,65,5102,draw_us,master,arena,143121.250498,96940.29500000001,143121.250498,97381.144507,-46365.254995999996,"[-47096.920016000004, -45250.29201599999]",-32.367676260493404,"[-32.9160559838038, -31.963336878110905]",8,5,40,10000
cpu,vollkorn,2,demo,sum of reported phases; excludes 119 unreported warmup frames,65,5102,submit_us,master,arena,143236.20799199998,97051.729988,143236.20799199998,97495.49900200001,-46373.252981999976,"[-47091.20501799999, -45242.461004]",-32.34241137635698,"[-32.88723398295848, -31.94274391861932]",8,5,40,10000
cpu,vollkorn,2,demo,sum of reported phases; excludes 119 unreported warmup frames,65,5102,complete_us,master,arena,143237.585493,97053.314988,143237.585493,97496.869504,-46373.25399199999,"[-47090.82902399999, -45242.210021999985]",-32.342124560723875,"[-32.88679264438421, -31.9421566963879]",8,5,40,10000
cpu,vollkorn,2,demo,sum of reported phases; excludes 119 unreported warmup frames,65,5102,draw_us,master,pixels,143121.250498,97507.766996,143121.250498,97752.460002,-45757.560003,"[-46487.12700000001, -44471.042996000004]",-31.8719332804731,"[-32.38988685301951, -31.453825334216578]",8,5,40,10000
cpu,vollkorn,2,demo,sum of reported phases; excludes 119 unreported warmup frames,65,5102,submit_us,master,pixels,143236.20799199998,97615.582504,143236.20799199998,97863.272002,-45762.23348200001,"[-46480.08301799999, -44479.79898199999]",-31.848983539015663,"[-32.36736722715457, -31.42648249297981]",8,5,40,10000
cpu,vollkorn,2,demo,sum of reported phases; excludes 119 unreported warmup frames,65,5102,complete_us,master,pixels,143237.585493,97617.125993,143237.585493,97864.666995,-45762.230509,"[-46479.87001799999, -44480.252991999994]",-31.848722603378256,"[-32.36713517333671, -31.425982533638408]",8,5,40,10000
cpu,vollkorn,2,demo,sum of reported phases; excludes 119 unreported warmup frames,65,5102,draw_us,current,scaler,97867.103502,97297.52501099999,97338.017489,97171.943006,-4.788984000013443,"[-704.834996000005, 689.8380119999929]",-0.00463485033496136,"[-0.7457111369534863, 0.7160022151224243]",8,5,40,10000
cpu,vollkorn,2,demo,sum of reported phases; excludes 119 unreported warmup frames,65,5102,submit_us,current,scaler,97983.43449700001,97404.026505,97446.604003,97278.56700899999,-4.20449699999881,"[-709.4190119999985, 693.2080119999882]",-0.004037485763397353,"[-0.7497499194416002, 0.7187244848570362]",8,5,40,10000
cpu,vollkorn,2,demo,sum of reported phases; excludes 119 unreported warmup frames,65,5102,complete_us,current,scaler,97984.72950700001,97405.111494,97447.978495,97279.899001,-3.932998000003863,"[-709.207991999996, 693.3719999999885]",-0.003761512545025214,"[-0.7495166765264516, 0.7188842681262297]",8,5,40,10000
cpu,vollkorn,2,demo,sum of reported phases; excludes 119 unreported warmup frames,65,5102,draw_us,current,prepass,97867.103502,96838.706502,97338.017489,96973.875003,-1097.0129930000112,"[-2076.6250040000014, 676.2080040000001]",-1.1142705207362325,"[-2.1088312650860974, 0.7018552476454776]",8,5,40,10000
cpu,vollkorn,2,demo,sum of reported phases; excludes 119 unreported warmup frames,65,5102,submit_us,current,prepass,97983.43449700001,96949.000513,97446.604003,97084.958014,-1100.09399999999,"[-2077.627013999998, 686.4950039999967]",-1.1160919772410016,"[-2.107434974694722, 0.7117643760107484]",8,5,40,10000
cpu,vollkorn,2,demo,sum of reported phases; excludes 119 unreported warmup frames,65,5102,complete_us,current,prepass,97984.72950700001,96950.208996,97447.978495,97086.415498,-1100.0744940000004,"[-2078.005010000008, 686.7880000000005]",-1.1160556412967981,"[-2.1077836510391856, 0.7120580132135235]",8,5,40,10000
cpu,vollkorn,2,demo,sum of reported phases; excludes 119 unreported warmup frames,65,5102,draw_us,current,instance,97867.103502,96937.083997,97338.017489,96930.791512,576.4614940000029,"[-2139.8699919999926, 1075.209011999992]",0.621873018546304,"[-2.171274833555503, 1.1191044865366262]",8,5,40,10000
cpu,vollkorn,2,demo,sum of reported phases; excludes 119 unreported warmup frames,65,5102,submit_us,current,instance,97983.43449700001,97045.81549499999,97446.604003,97040.64248899999,577.9824850000005,"[-2147.6609939999908, 1082.7899860000034]",0.6227852521425548,"[-2.176601721926885, 1.1257768518378342]",8,5,40,10000
cpu,vollkorn,2,demo,sum of reported phases; excludes 119 unreported warmup frames,65,5102,complete_us,current,instance,97984.72950700001,97047.106499,97447.978495,97041.913007,577.8979860000036,"[-2147.7019940000173, 1082.749014000001]",0.6226812712209817,"[-2.1766102292473555, 1.1257181952999407]",8,5,40,10000
cpu,vollkorn,2,demo,sum of reported phases; excludes 119 unreported warmup frames,65,5102,draw_us,current,entry,97867.103502,97065.939495,97338.017489,97065.939495,275.60950500000035,"[-1407.6629939999984, 720.9580019999848]",0.28088004305542036,"[-1.4294943606736443, 0.7483025253213205]",8,5,40,10000
cpu,vollkorn,2,demo,sum of reported phases; excludes 119 unreported warmup frames,65,5102,submit_us,current,entry,97983.43449700001,97177.42101399999,97446.604003,97177.42101399999,276.64499000000797,"[-1408.0759860000107, 727.5810079999792]",0.2816269145230921,"[-1.428277818842505, 0.7543627253496776]",8,5,40,10000
cpu,vollkorn,2,demo,sum of reported phases; excludes 119 unreported warmup frames,65,5102,complete_us,current,entry,97984.72950700001,97178.834501,97447.978495,97178.834501,276.8560060000018,"[-1408.247990000018, 727.5809960000042]",0.2818442507349195,"[-1.4284287456702627, 0.7543519666384446]",8,5,40,10000
cpu,vollkorn,2,demo,sum of reported phases; excludes 119 unreported warmup frames,65,5102,draw_us,current,arena,97867.103502,96940.29500000001,97338.017489,97381.144507,-20.978999000006297,"[-747.423987999995, 383.08599000000686]",-0.021620644942632605,"[-0.7757723142743367, 0.41713045048161757]",8,5,40,10000
cpu,vollkorn,2,demo,sum of reported phases; excludes 119 unreported warmup frames,65,5102,submit_us,current,arena,97983.43449700001,97051.729988,97446.604003,97495.49900200001,-19.16299599999911,"[-747.4250020000036, 382.2080079999869]",-0.019777339342325062,"[-0.7749371620530687, 0.4156974690460835]",8,5,40,10000
cpu,vollkorn,2,demo,sum of reported phases; excludes 119 unreported warmup frames,65,5102,complete_us,current,arena,97984.72950700001,97053.314988,97447.978495,97496.869504,-19.039993999998842,"[-747.2160060000024, 381.9159820000059]",-0.019652187311153257,"[-0.7747094367893892, 0.4153725096892158]",8,5,40,10000
cpu,vollkorn,2,demo,sum of reported phases; excludes 119 unreported warmup frames,65,5102,draw_us,current,pixels,97867.103502,97507.766996,97338.017489,97752.460002,650.6870089999939,"[-241.4620040000009, 1220.6390179999871]",0.6722131578140722,"[-0.25546533097217106, 1.2413668402990075]",8,5,40,10000
cpu,vollkorn,2,demo,sum of reported phases; excludes 119 unreported warmup frames,65,5102,submit_us,current,pixels,97983.43449700001,97615.582504,97446.604003,97863.272002,652.6790089999922,"[-236.16901399999915, 1226.2200080000039]",0.6735089612848078,"[-0.24959536779527447, 1.2456085022292784]",8,5,40,10000
cpu,vollkorn,2,demo,sum of reported phases; excludes 119 unreported warmup frames,65,5102,complete_us,current,pixels,97984.72950700001,97617.125993,97447.978495,97864.666995,652.4960059999939,"[-236.2090099999914, 1226.3460059999925]",0.6733106553453272,"[-0.24963423161874498, 1.2457190931165485]",8,5,40,10000
cpu,vollkorn,2,font_variations,sum of reported phases; excludes 119 unreported warmup frames,63,2138,draw_us,master,current,10982.705012999999,11383.018998,10968.604008,11318.560501,291.7109929999997,"[173.04401999999936, 425.0849899999994]",2.6085658993502236,"[1.6347108613849803, 3.9049982576294884]",8,5,40,10000
cpu,vollkorn,2,font_variations,sum of reported phases; excludes 119 unreported warmup frames,63,2138,submit_us,master,current,10988.830995,11388.666496,10974.858,11324.707493999998,291.0429979999999,"[173.17002400000092, 425.7160019999992]",2.601007291832247,"[1.6371307845661098, 3.90883691799635]",8,5,40,10000
cpu,vollkorn,2,font_variations,sum of reported phases; excludes 119 unreported warmup frames,63,2138,complete_us,master,current,10990.291495,11389.9385,10976.315503999998,11325.914507000001,291.04349999999977,"[173.0880079999988, 425.710024]",2.6007300870741323,"[1.6373123760763608, 3.9083015296917045]",8,5,40,10000
cpu,vollkorn,2,font_variations,sum of reported phases; excludes 119 unreported warmup frames,63,2138,draw_us,master,scaler,10982.705012999999,11249.414005999999,10968.604008,11303.168496,230.06199900000047,"[-0.6670020000001387, 493.42299599999933]",2.1398825662100163,"[-0.0058889710715659405, 4.532778114923142]",8,5,40,10000
cpu,vollkorn,2,font_variations,sum of reported phases; excludes 119 unreported warmup frames,63,2138,submit_us,master,scaler,10988.830995,11255.6405,10974.858,11309.086501,230.4150039999986,"[-0.28800799999953597, 495.8030039999994]",2.1420604937593346,"[-0.0025414994129668855, 4.552361379379599]",8,5,40,10000
cpu,vollkorn,2,font_variations,sum of reported phases; excludes 119 unreported warmup frames,63,2138,complete_us,master,scaler,10990.291495,11256.934497,10976.315503999998,11310.442507,230.292007,"[-0.20197399999960908, 495.50602400000025]",2.1406582298906573,"[-0.001782071536737817, 4.549075291613658]",8,5,40,10000
cpu,vollkorn,2,font_variations,sum of reported phases; excludes 119 unreported warmup frames,63,2138,draw_us,master,prepass,10982.705012999999,10912.583991,10968.604008,10917.540006,-94.0605000000005,"[-302.3329900000008, 23.20302400000037]",-0.8678724793956261,"[-2.669302688881514, 0.21086780080556977]",8,5,40,10000
cpu,vollkorn,2,font_variations,sum of reported phases; excludes 119 unreported warmup frames,63,2138,submit_us,master,prepass,10988.830995,10918.580999,10974.858,10923.624499000001,-94.14700500000072,"[-302.0780159999995, 23.831004000001485]",-0.8680974949435538,"[-2.665658941194393, 0.2164617348107356]",8,5,40,10000
cpu,vollkorn,2,font_variations,sum of reported phases; excludes 119 unreported warmup frames,63,2138,complete_us,master,prepass,10990.291495,10920.122012,10976.315503999998,10924.918996,-94.26849399999901,"[-302.03798800000004, 23.575000000000728]",-0.8690748797617387,"[-2.6649633191860644, 0.21410882251329255]",8,5,40,10000
cpu,vollkorn,2,font_variations,sum of reported phases; excludes 119 unreported warmup frames,63,2138,draw_us,master,instance,10982.705012999999,11120.688001999999,10968.604008,11117.394500999999,166.20849799999996,"[-113.58098600000085, 367.1319999999996]",1.5152865776273061,"[-1.0055866862135887, 3.529325019425933]",8,5,40,10000
cpu,vollkorn,2,font_variations,sum of reported phases; excludes 119 unreported warmup frames,63,2138,submit_us,master,instance,10988.830995,11127.855997999999,10974.858,11122.957501,165.95500099999936,"[-114.83501199999955, 367.33999399999993]",1.5121104074344416,"[-1.0160592105793564, 3.529557750324974]",8,5,40,10000
cpu,vollkorn,2,font_variations,sum of reported phases; excludes 119 unreported warmup frames,63,2138,complete_us,master,instance,10990.291495,11129.086502,10976.315503999998,11124.270497,165.7249980000006,"[-114.86899000000085, 367.387021999999]",1.5098147143710383,"[-1.016240349207076, 3.529530430243666]",8,5,40,10000
cpu,vollkorn,2,font_variations,sum of reported phases; excludes 119 unreported warmup frames,63,2138,draw_us,master,entry,10982.705012999999,11145.5605,10968.604008,11149.853502,206.1845000000003,"[-93.41698600000018, 268.840001999999]",1.8761306351504525,"[-0.8270651690574393, 2.55076529496423]",8,5,40,10000
cpu,vollkorn,2,font_variations,sum of reported phases; excludes 119 unreported warmup frames,63,2138,submit_us,master,entry,10988.830995,11151.3955,10974.858,11155.521506000001,205.8110110000007,"[-94.62299000000166, 268.9250120000015]",1.8716863108016013,"[-0.8372234116373889, 2.550680311294662]",8,5,40,10000
cpu,vollkorn,2,font_variations,sum of reported phases; excludes 119 unreported warmup frames,63,2138,complete_us,master,entry,10990.291495,11152.915505,10976.315503999998,11157.040005,205.76600300000155,"[-94.33300000000054, 269.21002000000044]",1.8710362322034713,"[-0.8345594477826568, 2.550757048632768]",8,5,40,10000
cpu,vollkorn,2,font_variations,sum of reported phases; excludes 119 unreported warmup frames,63,2138,draw_us,master,arena,10982.705012999999,10976.542003999999,10968.604008,10988.770999,48.85500000000047,"[-71.03801600000043, 149.71198599999843]",0.4417057556516557,"[-0.6474975889917078, 1.3753133096424897]",8,5,40,10000
cpu,vollkorn,2,font_variations,sum of reported phases; excludes 119 unreported warmup frames,63,2138,submit_us,master,arena,10988.830995,10982.48001,10974.858,10994.646993999999,48.73398999999972,"[-71.66899399999966, 150.55299000000014]",0.4403550191277028,"[-0.6528568604677654, 1.3823466410988638]",8,5,40,10000
cpu,vollkorn,2,font_variations,sum of reported phases; excludes 119 unreported warmup frames,63,2138,complete_us,master,arena,10990.291495,10983.961003,10976.315503999998,10996.064492000001,48.71701899999971,"[-71.83399599999939, 150.58900200000062]",0.44011297538076866,"[-0.654275465524834, 1.3825073258583842]",8,5,40,10000
cpu,vollkorn,2,font_variations,sum of reported phases; excludes 119 unreported warmup frames,63,2138,draw_us,master,pixels,10982.705012999999,11238.689495999999,10968.604008,11254.686497,249.56150900000102,"[-7.416000000001077, 423.744005999999]",2.3308725569402,"[-0.06547597978224795, 3.86414615226105]",8,5,40,10000
cpu,vollkorn,2,font_variations,sum of reported phases; excludes 119 unreported warmup frames,63,2138,submit_us,master,pixels,10988.830995,11244.189493,10974.858,11260.334492999998,249.43900499999927,"[-7.253010000000359, 423.4499939999987]",2.328502077052663,"[-0.06400350218492834, 3.8593812084360968]",8,5,40,10000
cpu,vollkorn,2,font_variations,sum of reported phases; excludes 119 unreported warmup frames,63,2138,complete_us,master,pixels,10990.291495,11245.64501,10976.315503999998,11262.023503,249.7745160000004,"[-7.660992000000988, 423.3689940000004]",2.331285440600428,"[-0.06759501612287888, 3.8581162128143998]",8,5,40,10000
cpu,vollkorn,2,font_variations,sum of reported phases; excludes 119 unreported warmup frames,63,2138,draw_us,current,scaler,11383.018998,11249.414005999999,11318.560501,11303.168496,-35.12550099999953,"[-242.82300199999918, 68.33800599999995]",-0.31022684771417897,"[-2.1071917674897023, 0.60418638931794]",8,5,40,10000
cpu,vollkorn,2,font_variations,sum of reported phases; excludes 119 unreported warmup frames,63,2138,submit_us,current,scaler,11388.666496,11255.6405,11324.707493999998,11309.086501,-35.085478000000876,"[-243.0769900000014, 70.08700200000021]",-0.3097037134367542,"[-2.10833578506876, 0.6193163935528601]",8,5,40,10000
cpu,vollkorn,2,font_variations,sum of reported phases; excludes 119 unreported warmup frames,63,2138,complete_us,current,scaler,11389.9385,11256.934497,11325.914507000001,11310.442507,-35.02099500000077,"[-243.15799799999877, 69.79600000000028]",-0.3091051576919468,"[-2.1088095911400706, 0.6166723471452862]",8,5,40,10000
cpu,vollkorn,2,font_variations,sum of reported phases; excludes 119 unreported warmup frames,63,2138,draw_us,current,prepass,11383.018998,10912.583991,11318.560501,10917.540006,-419.1865020000005,"[-654.5, -217.21098800000073]",-3.7477939755860055,"[-5.604335776931457, -1.9961736131815622]",8,5,40,10000
cpu,vollkorn,2,font_variations,sum of reported phases; excludes 119 unreported warmup frames,63,2138,submit_us,current,prepass,11388.666496,10918.580999,11324.707493999998,10923.624499000001,-419.0990099999999,"[-654.4520099999991, -216.00801200000024]",-3.745031948159533,"[-5.60098777934871, -1.994380428814313]",8,5,40,10000
cpu,vollkorn,2,font_variations,sum of reported phases; excludes 119 unreported warmup frames,63,2138,complete_us,current,prepass,11389.9385,10920.122012,11325.914507000001,10924.918996,-419.18400100000053,"[-654.0399980000002, -216.8799799999979]",-3.745340788136786,"[-5.596942425976737, -1.9940683461848852]",8,5,40,10000
cpu,vollkorn,2,font_variations,sum of reported phases; excludes 119 unreported warmup frames,63,2138,draw_us,current,instance,11383.018998,11120.688001999999,11318.560501,11117.394500999999,-165.85600299999987,"[-342.1199940000006, 58.79399999999987]",-1.4921503840995332,"[-2.968880332228274, 0.5119088413158002]",8,5,40,10000
cpu,vollkorn,2,font_variations,sum of reported phases; excludes 119 unreported warmup frames,63,2138,submit_us,current,instance,11388.666496,11127.855997999999,11324.707493999998,11122.957501,-166.41399999999976,"[-342.16500199999973, 58.6279799999993]",-1.496356064125648,"[-2.9677787194695826, 0.5101875683880097]",8,5,40,10000
cpu,vollkorn,2,font_variations,sum of reported phases; excludes 119 unreported warmup frames,63,2138,complete_us,current,instance,11389.9385,11129.086502,11325.914507000001,11124.270497,-166.41350899999998,"[-342.1209980000003, 58.62901999999849]",-1.4961763511845527,"[-2.967075102801342, 0.5101356686087799]",8,5,40,10000
cpu,vollkorn,2,font_variations,sum of reported phases; excludes 119 unreported warmup frames,63,2138,draw_us,current,entry,11383.018998,11145.5605,11318.560501,11149.853502,-127.37399499999992,"[-321.9559939999999, -52.28700200000094]",-1.1449286551959925,"[-2.7938993195165462, -0.46163945524657635]",8,5,40,10000
cpu,vollkorn,2,font_variations,sum of reported phases; excludes 119 unreported warmup frames,63,2138,submit_us,current,entry,11388.666496,11151.3955,11324.707493999998,11155.521506000001,-128.023498999999,"[-321.95298000000184, -52.16397799999868]",-1.1502014276107475,"[-2.7924691219992748, -0.46030090984768846]",8,5,40,10000
cpu,vollkorn,2,font_variations,sum of reported phases; excludes 119 unreported warmup frames,63,2138,complete_us,current,entry,11389.9385,11152.915505,11325.914507000001,11157.040005,-127.75299499999983,"[-321.585008, -51.45599200000106]",-1.1476346146670424,"[-2.7889748838829553, -0.45401025238637205]",8,5,40,10000
cpu,vollkorn,2,font_variations,sum of reported phases; excludes 119 unreported warmup frames,63,2138,draw_us,current,arena,11383.018998,10976.542003999999,11318.560501,10988.770999,-261.49600400000145,"[-375.2470200000007, -178.75100199999906]",-2.3104148777443543,"[-3.267208681420064, -1.6907361699850854]",8,5,40,10000
cpu,vollkorn,2,font_variations,sum of reported phases; excludes 119 unreported warmup frames,63,2138,submit_us,current,arena,11388.666496,10982.48001,11324.707493999998,10994.646993999999,-261.5994959999989,"[-375.87102400000003, -179.16399600000113]",-2.31007338464706,"[-3.270873800565355, -1.6937543414190404]",8,5,40,10000
cpu,vollkorn,2,font_variations,sum of reported phases; excludes 119 unreported warmup frames,63,2138,complete_us,current,arena,11389.9385,10983.961003,11325.914507000001,10996.064492000001,-261.492518,"[-375.73997600000257, -179.3259939999989]",-2.308881671484553,"[-3.2693427909901374, -1.6950526574903813]",8,5,40,10000
cpu,vollkorn,2,font_variations,sum of reported phases; excludes 119 unreported warmup frames,63,2138,draw_us,current,pixels,11383.018998,11238.689495999999,11318.560501,11254.686497,-7.188001999999869,"[-331.15899999999965, 69.33100800000102]",-0.07275276655589469,"[-2.8737620109404727, 0.6557750256814154]",8,5,40,10000
cpu,vollkorn,2,font_variations,sum of reported phases; excludes 119 unreported warmup frames,63,2138,submit_us,current,pixels,11388.666496,11244.189493,11324.707493999998,11260.334492999998,-7.145513000000392,"[-331.2869920000012, 68.74402399999963]",-0.07238148921723253,"[-2.8734279635492688, 0.6498821844574953]",8,5,40,10000
cpu,vollkorn,2,font_variations,sum of reported phases; excludes 119 unreported warmup frames,63,2138,complete_us,current,pixels,11389.9385,11245.64501,11325.914507000001,11262.023503,-7.188495999999759,"[-330.7459979999985, 68.87001600000076]",-0.07273188795828278,"[-2.8684243929890996, 0.6509837254391915]",8,5,40,10000
cpu,vollkorn,2,grid_pollution,complete controlled sequence,67,6298,draw_us,master,current,105256.519,106274.918988,105313.435996,106093.977472,793.6654760000092,"[247.41602400000556, 2428.660959999994]",0.7682199804384116,"[0.23486661467897463, 2.2565099010722234]",8,5,40,10000
cpu,vollkorn,2,grid_pollution,complete controlled sequence,67,6298,submit_us,master,current,105263.022,106283.26997600001,105321.268988,106101.161976,793.0184480000025,"[245.6639839999989, 2426.2070160000003]",0.7675564424324266,"[0.23318351935426307, 2.253967288379677]",8,5,40,10000
cpu,vollkorn,2,grid_pollution,complete controlled sequence,67,6298,complete_us,master,current,105264.29098399999,106284.65048000001,105322.646484,106102.60348,793.1254879999979,"[245.3700159999862, 2426.410023999997]",0.7676531339360748,"[0.23290106592299686, 2.2541296666949817]",8,5,40,10000
cpu,vollkorn,2,grid_pollution,complete controlled sequence,67,6298,draw_us,master,scaler,105256.519,104734.044028,105313.435996,104685.77350000001,-737.9339760000003,"[-1828.6290239999944, -262.8360320000065]",-0.7007250677660948,"[-1.6990100989822898, -0.2487591590922933]",8,5,40,10000
cpu,vollkorn,2,grid_pollution,complete controlled sequence,67,6298,submit_us,master,scaler,105263.022,104740.521016,105321.268988,104693.4365,-739.228479999998,"[-1833.7530239999905, -271.043055999995]",-0.701902598017573,"[-1.703572409034404, -0.25648688891443117]",8,5,40,10000
cpu,vollkorn,2,grid_pollution,complete controlled sequence,67,6298,complete_us,master,scaler,105264.29098399999,104742.02298000001,105322.646484,104694.920492,-739.0399880000041,"[-1833.4209919999994, -271.0389839999989]",-0.7017145597219887,"[-1.703244137936577, -0.2564797057154622]",8,5,40,10000
cpu,vollkorn,2,grid_pollution,complete controlled sequence,67,6298,draw_us,master,prepass,105256.519,106301.354504,105313.435996,106228.8725,876.8574999999983,"[-1667.8810400000075, 1465.0829920000106]",0.8325427851035738,"[-1.5496564331361595, 1.3866521963697087]",8,5,40,10000
cpu,vollkorn,2,grid_pollution,complete controlled sequence,67,6298,submit_us,master,prepass,105263.022,106309.5855,105321.268988,106237.081,877.4825000000055,"[-1671.965983999995, 1464.0859599999967]",0.8330718552540084,"[-1.5532708504951143, 1.385582328764623]",8,5,40,10000
cpu,vollkorn,2,grid_pollution,complete controlled sequence,67,6298,complete_us,master,prepass,105264.29098399999,106311.001004,105322.646484,106238.6635,877.7515239999921,"[-1671.6350000000093, 1464.2930239999987]",0.8333160356589153,"[-1.552945301130071, 1.385759746623716]",8,5,40,10000
cpu,vollkorn,2,grid_pollution,complete controlled sequence,67,6298,draw_us,master,instance,105256.519,105408.687972,105313.435996,105544.980008,448.6879919999992,"[-405.25202400000126, 1755.379992000002]",0.43144039113869326,"[-0.383547689194641, 1.6672861754953638]",8,5,40,10000
cpu,vollkorn,2,grid_pollution,complete controlled sequence,67,6298,submit_us,master,instance,105263.022,105415.04249200001,105321.268988,105554.043496,447.47901199999615,"[-410.374032000007, 1755.8800480000064]",0.43025275678597596,"[-0.3883351977810978, 1.667655549872138]",8,5,40,10000
cpu,vollkorn,2,grid_pollution,complete controlled sequence,67,6298,complete_us,master,instance,105264.29098399999,105416.58549200001,105322.646484,105555.313496,447.459007999998,"[-410.37102399999276, 1756.127999999997]",0.4302293728185802,"[-0.38832730965989715, 1.6678719076690829]",8,5,40,10000
cpu,vollkorn,2,grid_pollution,complete controlled sequence,67,6298,draw_us,master,entry,105256.519,106194.35499200001,105313.435996,106095.918492,861.7725079999946,"[116.66800799999328, 2312.374960000001]",0.8316751954467683,"[0.11320296156889231, 2.1885857897627536]",8,5,40,10000
cpu,vollkorn,2,grid_pollution,complete controlled sequence,67,6298,submit_us,master,entry,105263.022,106200.084992,105321.268988,106103.60098799999,861.3899880000026,"[114.69600799999898, 2320.078959999999]",0.8312491499027463,"[0.11128192096094836, 2.19567736877595]",8,5,40,10000
cpu,vollkorn,2,grid_pollution,complete controlled sequence,67,6298,complete_us,master,entry,105264.29098399999,106201.565,105322.646484,106104.87298,861.0999879999945,"[114.5340000000142, 2319.9599759999983]",0.8309544969193783,"[0.11112312134200497, 2.195535385217351]",8,5,40,10000
cpu,vollkorn,2,grid_pollution,complete controlled sequence,67,6298,draw_us,master,arena,105256.519,103482.415484,105313.435996,103253.33197999999,-2244.1035080000074,"[-2747.413016000006, -1072.6680639999977]",-2.2034145221318804,"[-2.609533981718548, -1.0200326742288102]",8,5,40,10000
cpu,vollkorn,2,grid_pollution,complete controlled sequence,67,6298,submit_us,master,arena,105263.022,103491.644984,105321.268988,103260.95602000001,-2244.337492000006,"[-2748.4089759999915, -1072.2869999999966]",-2.2034985587765843,"[-2.6103146894148055, -1.0195822546599453]",8,5,40,10000
cpu,vollkorn,2,grid_pollution,complete controlled sequence,67,6298,complete_us,master,arena,105264.29098399999,103493.062488,105322.646484,103262.41548,-2244.522008,"[-2748.1189920000033, -1072.1630319999967]",-2.2036495217960583,"[-2.610009330577645, -1.0194522531683736]",8,5,40,10000
cpu,vollkorn,2,grid_pollution,complete controlled sequence,67,6298,draw_us,master,pixels,105256.519,107275.538504,105313.435996,107400.231504,2022.9564920000048,"[1550.5409519999957, 2299.1240240000043]",1.9194725640373167,"[1.440633776320066, 2.2630755774993183]",8,5,40,10000
cpu,vollkorn,2,grid_pollution,complete controlled sequence,67,6298,submit_us,master,pixels,105263.022,107285.981512,105321.268988,107409.4375,2023.1039759999985,"[1546.4160240000056, 2298.4099600000045]",1.9193920078112048,"[1.4366338524849809, 2.2628694645860925]",8,5,40,10000
cpu,vollkorn,2,grid_pollution,complete controlled sequence,67,6298,complete_us,master,pixels,105264.29098399999,107287.41699200001,105322.646484,107411.127484,2023.3369840000087,"[1546.9160320000083, 2298.4089999999997]",1.919589651198561,"[1.4370816494851946, 2.262959358103944]",8,5,40,10000
cpu,vollkorn,2,grid_pollution,complete controlled sequence,67,6298,draw_us,current,scaler,106274.918988,104734.044028,106093.977472,104685.77350000001,-1612.6265080000012,"[-2295.335008000009, -1007.9139839999989]",-1.5079796349092955,"[-2.1314017585537526, -0.994843815566615]",8,5,40,10000
cpu,vollkorn,2,grid_pollution,complete controlled sequence,67,6298,submit_us,current,scaler,106283.26997600001,104740.521016,106101.161976,104693.4365,-1613.4829839999948,"[-2299.2100000000064, -1008.0859679999994]",-1.5089852262694325,"[-2.134761310093336, -0.9949599590585056]",8,5,40,10000
cpu,vollkorn,2,grid_pollution,complete controlled sequence,67,6298,complete_us,current,scaler,106284.65048000001,104742.02298000001,106102.60348,104694.920492,-1613.5084760000027,"[-2299.4999360000074, -1008.5030159999878]",-1.5089302603730315,"[-2.1349974838533625, -0.9953552394057485]",8,5,40,10000
cpu,vollkorn,2,grid_pollution,complete controlled sequence,67,6298,draw_us,current,prepass,106274.918988,106301.354504,106093.977472,106228.8725,-883.338980000015,"[-1694.4580080000014, 593.9170319999976]",-0.8193788934118318,"[-1.6457699925046532, 0.5575257016143809]",8,5,40,10000
cpu,vollkorn,2,grid_pollution,complete controlled sequence,67,6298,submit_us,current,prepass,106283.26997600001,106309.5855,106101.161976,106237.081,-888.1069799999968,"[-1693.4120079999993, 594.421015999993]",-0.8237002962953155,"[-1.6446787939370378, 0.5579562590842801]",8,5,40,10000
cpu,vollkorn,2,grid_pollution,complete controlled sequence,67,6298,complete_us,current,prepass,106284.65048000001,106311.001004,106102.60348,106238.6635,-888.0219600000055,"[-1693.377959999998, 594.6620399999956]",-0.8236107104695689,"[-1.6446197061654622, 0.5581752671778295]",8,5,40,10000
cpu,vollkorn,2,grid_pollution,complete controlled sequence,67,6298,draw_us,current,instance,106274.918988,105408.687972,106093.977472,105544.980008,-446.7270000000062,"[-2437.751000000004, 1047.3310479999927]",-0.43296917884429464,"[-2.2636463741488644, 0.983157488163644]",8,5,40,10000
cpu,vollkorn,2,grid_pollution,complete controlled sequence,67,6298,submit_us,current,instance,106283.26997600001,105415.04249200001,106101.161976,105554.043496,-447.5184520000039,"[-2438.5409760000184, 1051.7950319999945]",-0.43370093930498177,"[-2.264126777737596, 0.9872726663118891]",8,5,40,10000
cpu,vollkorn,2,grid_pollution,complete controlled sequence,67,6298,complete_us,current,instance,106284.65048000001,105416.58549200001,106102.60348,105555.313496,-447.30647599999793,"[-2438.8319760000013, 1051.9949919999926]",-0.43349798397824824,"[-2.26436193834324, 0.9874475689239492]",8,5,40,10000
cpu,vollkorn,2,grid_pollution,complete controlled sequence,67,6298,draw_us,current,entry,106274.918988,106194.35499200001,106093.977472,106095.918492,-119.3144880000109,"[-855.4170240000094, 868.1309839999885]",-0.1138348706936465,"[-0.7943229824386555, 0.8221667411373756]",8,5,40,10000
cpu,vollkorn,2,grid_pollution,complete controlled sequence,67,6298,submit_us,current,entry,106283.26997600001,106200.084992,106101.161976,106103.60098799999,-120.10948400000052,"[-860.6689680000127, 869.2050160000072]",-0.11456959684607582,"[-0.7991104830286866, 0.8231274057899363]",8,5,40,10000
cpu,vollkorn,2,grid_pollution,complete controlled sequence,67,6298,complete_us,current,entry,106284.65048000001,106201.565,106102.60348,106104.87298,-120.2704839999933,"[-860.9129920000123, 869.2479759999987]",-0.11473463183560018,"[-0.799324689233949, 0.8231583209590276]",8,5,40,10000
cpu,vollkorn,2,grid_pollution,complete controlled sequence,67,6298,draw_us,current,arena,106274.918988,103482.415484,106093.977472,103253.33197999999,-3012.9554839999983,"[-4165.422024000014, -2200.33002400001]",-2.910449244376734,"[-3.8679268150961343, -2.137106443481873]",8,5,40,10000
cpu,vollkorn,2,grid_pollution,complete controlled sequence,67,6298,submit_us,current,arena,106283.26997600001,103491.644984,106101.161976,103260.95602000001,-3012.930963999999,"[-4169.421960000007, -2199.2939840000035]",-2.910248801214715,"[-3.871208234855239, -2.136002437699791]",8,5,40,10000
cpu,vollkorn,2,grid_pollution,complete controlled sequence,67,6298,complete_us,current,arena,106284.65048000001,103493.062488,106102.60348,103262.41548,-3013.2024960000053,"[-4169.713000000003, -2199.504967999994]",-2.9104721623147203,"[-3.871418574108032, -2.1361735534703774]",8,5,40,10000
cpu,vollkorn,2,grid_pollution,complete controlled sequence,67,6298,draw_us,current,pixels,106274.918988,107275.538504,106093.977472,107400.231504,964.9159999999974,"[-577.8819680000015, 1582.9590319999988]",0.9208892920178346,"[-0.5355510789865625, 1.5624319418912958]",8,5,40,10000
cpu,vollkorn,2,grid_pollution,complete controlled sequence,67,6298,submit_us,current,pixels,106283.26997600001,107285.981512,106101.161976,107409.4375,965.916495999998,"[-580.0439919999917, 1582.0380080000032]",0.9218037616215424,"[-0.5374841831430222, 1.5614387280794784]",8,5,40,10000
cpu,vollkorn,2,grid_pollution,complete controlled sequence,67,6298,complete_us,current,pixels,106284.65048000001,107287.41699200001,106102.60348,107411.127484,965.8290200000047,"[-579.5829839999933, 1581.789008000007]",0.9217047435912229,"[-0.5370509943304458, 1.5611673458270081]",8,5,40,10000
cpu,vollkorn,2,grid_singleton,complete controlled sequence,1,94,draw_us,master,current,1681.25,1705.021,1681.2705,1706.6039999999998,27.624999999999886,"[16.541999999999916, 39.41599999999994]",1.6935474619099722,"[0.973011317682726, 2.3625383981419112]",8,5,40,10000
cpu,vollkorn,2,grid_singleton,complete controlled sequence,1,94,submit_us,master,current,1681.417,1705.1875,1681.479,1706.7495,27.666499999999928,"[16.58400000000006, 39.41599999999994]",1.6958841921399515,"[0.9753624526625204, 2.3623614024572914]",8,5,40,10000
cpu,vollkorn,2,grid_singleton,complete controlled sequence,1,94,complete_us,master,current,1681.438,1705.229,1681.5,1706.7915,27.64549999999997,"[16.583999999999833, 39.41600000000017]",1.6946146283844943,"[0.9753383601917909, 2.3623019378595345]",8,5,40,10000
cpu,vollkorn,2,grid_singleton,complete controlled sequence,1,94,draw_us,master,scaler,1681.25,1689.9375,1681.2705,1702.417,19.000499999999988,"[-5.66599999999994, 27.33400000000006]",1.1479868035337848,"[-0.3307406056183848, 1.634197743068544]",8,5,40,10000
cpu,vollkorn,2,grid_singleton,complete controlled sequence,1,94,submit_us,master,scaler,1681.417,1690.0835,1681.479,1702.542,19.000499999999988,"[-5.91599999999994, 27.375999999999976]",1.149129879122457,"[-0.34525824336153477, 1.636627552447889]",8,5,40,10000
cpu,vollkorn,2,grid_singleton,complete controlled sequence,1,94,complete_us,master,scaler,1681.438,1690.0835,1681.5,1702.583,19.0,"[-5.875, 27.375]",1.1478129099531609,"[-0.34286548001166706, 1.6365266776266596]",8,5,40,10000
cpu,vollkorn,2,grid_singleton,complete controlled sequence,1,94,draw_us,master,prepass,1681.25,1624.3545,1681.2705,1628.9795,-45.770500000000084,"[-89.54199999999992, -30.916999999999916]",-2.7317834385860165,"[-5.226822327617652, -1.8484119273596833]",8,5,40,10000
cpu,vollkorn,2,grid_singleton,complete controlled sequence,1,94,submit_us,master,prepass,1681.417,1624.5835000000002,1681.479,1629.146,-45.66650000000004,"[-89.70800000000008, -30.875]",-2.725387770403093,"[-5.2353662095126925, -1.8458093104116169]",8,5,40,10000
cpu,vollkorn,2,grid_singleton,complete controlled sequence,1,94,complete_us,master,prepass,1681.438,1624.604,1681.5,1629.167,-45.66649999999993,"[-89.70800000000008, -30.875]",-2.725319457173825,"[-5.2353662095126925, -1.8457629651771001]",8,5,40,10000
cpu,vollkorn,2,grid_singleton,complete controlled sequence,1,94,draw_us,master,instance,1681.25,1688.6045,1681.2705,1680.3745,5.062000000000012,"[-29.041999999999916, 36.541999999999916]",0.3031012859080473,"[-1.695264502006566, 2.172102669328835]",8,5,40,10000
cpu,vollkorn,2,grid_singleton,complete controlled sequence,1,94,submit_us,master,instance,1681.417,1688.75,1681.479,1680.5415,5.08299999999997,"[-29.25, 36.541999999999916]",0.3043339171477255,"[-1.7070323898453421, 2.1719412906592517]",8,5,40,10000
cpu,vollkorn,2,grid_singleton,complete controlled sequence,1,94,complete_us,master,instance,1681.438,1688.792,1681.5,1680.562,5.0620000000001255,"[-29.20900000000006, 36.541999999999916]",0.303070846635245,"[-1.7046396264954855, 2.1718870728083095]",8,5,40,10000
cpu,vollkorn,2,grid_singleton,complete controlled sequence,1,94,draw_us,master,entry,1681.25,1698.8545,1681.2705,1701.104,22.708499999999958,"[-28.75, 44.041999999999916]",1.3448570922782177,"[-1.6782196278730344, 2.633106643748584]",8,5,40,10000
cpu,vollkorn,2,grid_singleton,complete controlled sequence,1,94,submit_us,master,entry,1681.417,1698.9795,1681.479,1702.3960000000002,22.812999999999988,"[-29.0, 44.20899999999983]",1.3509457212406484,"[-1.6924423694193225, 2.644590949955039]",8,5,40,10000
cpu,vollkorn,2,grid_singleton,complete controlled sequence,1,94,complete_us,master,entry,1681.438,1699.0005,1681.5,1702.417,22.770999999999958,"[-28.95900000000006, 44.166999999999916]",1.34842892612691,"[-1.6900496060694548, 2.6445243811663133]",8,5,40,10000
cpu,vollkorn,2,grid_singleton,complete controlled sequence,1,94,draw_us,master,arena,1681.25,1679.125,1681.2705,1680.5414999999998,-4.541500000000042,"[-33.08400000000006, 13.333999999999833]",-0.26818205270423556,"[-1.931207588471362, 0.7925898142638665]",8,5,40,10000
cpu,vollkorn,2,grid_singleton,complete controlled sequence,1,94,submit_us,master,arena,1681.417,1679.3955,1681.479,1680.6875,-4.52049999999997,"[-33.33400000000006, 13.458999999999833]",-0.2669168270862332,"[-1.9453749635249484, 0.7999605339330751]",8,5,40,10000
cpu,vollkorn,2,grid_singleton,complete controlled sequence,1,94,complete_us,master,arena,1681.438,1679.4165,1681.5,1680.729,-4.521000000000072,"[-33.291999999999916, 13.416999999999916]",-0.26694017379990664,"[-1.942923840093369, 0.7974442793462044]",8,5,40,10000
cpu,vollkorn,2,grid_singleton,complete controlled sequence,1,94,draw_us,master,pixels,1681.25,1715.354,1681.2705,1716.0835,32.45849999999996,"[13.708999999999833, 71.79199999999992]",1.9139491361381489,"[0.8063723947595358, 4.3954746384955445]",8,5,40,10000
cpu,vollkorn,2,grid_singleton,complete controlled sequence,1,94,submit_us,master,pixels,1681.417,1715.521,1681.479,1716.25,32.562999999999874,"[13.667000000000144, 71.83299999999986]",1.9198063536191912,"[0.8038035842099944, 4.400179802217563]",8,5,40,10000
cpu,vollkorn,2,grid_singleton,complete controlled sequence,1,94,complete_us,master,pixels,1681.438,1715.542,1681.5,1716.2915,32.5625,"[13.666999999999916, 71.83299999999986]",1.91974986678205,"[0.8037837294224026, 4.400009109749714]",8,5,40,10000
cpu,vollkorn,2,grid_singleton,complete controlled sequence,1,94,draw_us,current,scaler,1705.021,1689.9375,1706.6039999999998,1702.417,-4.62399999999991,"[-54.70699999999988, -0.5419999999999163]",-0.2795673918479735,"[-3.1045315821551345, -0.03178108345348596]",8,5,40,10000
cpu,vollkorn,2,grid_singleton,complete controlled sequence,1,94,submit_us,current,scaler,1705.1875,1690.0835,1706.7495,1702.542,-4.644999999999868,"[-54.91599999999994, -0.5830000000000837]",-0.280774696388969,"[-3.115801418439712, -0.03418186039613191]",8,5,40,10000
cpu,vollkorn,2,grid_singleton,complete controlled sequence,1,94,complete_us,current,scaler,1705.229,1690.0835,1706.7915,1702.583,-4.644999999999982,"[-54.91599999999994, -0.58400000000006]",-0.28077137563215504,"[-3.1157289390714826, -0.034239648222800234]",8,5,40,10000
cpu,vollkorn,2,grid_singleton,complete controlled sequence,1,94,draw_us,current,prepass,1705.021,1624.3545,1706.6039999999998,1628.9795,-78.93700000000001,"[-110.95800000000008, -57.666999999999916]",-4.605459648589527,"[-6.618597065956921, -3.3814017334176882]",8,5,40,10000
cpu,vollkorn,2,grid_singleton,complete controlled sequence,1,94,submit_us,current,prepass,1705.1875,1624.5835000000002,1706.7495,1629.146,-78.9375,"[-111.0, -57.66600000000017]",-4.604863488827776,"[-6.620442853947662, -3.381013999318716]",8,5,40,10000
cpu,vollkorn,2,grid_singleton,complete controlled sequence,1,94,complete_us,current,prepass,1705.229,1624.604,1706.7915,1629.167,-78.9375,"[-110.95800000000008, -57.66599999999994]",-4.604800812884784,"[-6.61793782151644, -3.3809307438622205]",8,5,40,10000
cpu,vollkorn,2,grid_singleton,complete controlled sequence,1,94,draw_us,current,instance,1705.021,1688.6045,1706.6039999999998,1680.3745,-24.375000000000114,"[-33.332999999999856, 7.75]",-1.438983503097646,"[-1.9518196313249025, 0.45291840163634856]",8,5,40,10000
cpu,vollkorn,2,grid_singleton,complete controlled sequence,1,94,submit_us,current,instance,1705.1875,1688.75,1706.7495,1680.5415,-24.458500000000072,"[-33.375, 7.666999999999916]",-1.443704268886381,"[-1.9541359176915019, 0.4480133322970925]",8,5,40,10000
cpu,vollkorn,2,grid_singleton,complete controlled sequence,1,94,complete_us,current,instance,1705.229,1688.792,1706.7915,1680.562,-24.458499999999958,"[-33.375, 7.708999999999833]",-1.4436888928949565,"[-1.954087863987286, 0.4504675594989349]",8,5,40,10000
cpu,vollkorn,2,grid_singleton,complete controlled sequence,1,94,draw_us,current,entry,1705.021,1698.8545,1706.6039999999998,1701.104,0.04150000000004184,"[-34.042000000000144, 12.041999999999916]",0.0024760478341379066,"[-2.03059068583884, 0.7064310332184354]",8,5,40,10000
cpu,vollkorn,2,grid_singleton,complete controlled sequence,1,94,submit_us,current,entry,1705.1875,1698.9795,1706.7495,1702.3960000000002,0.08349999999995816,"[-34.041999999999916, 12.125]",0.004934315160720626,"[-2.03038842913591, 0.7112304609594666]",8,5,40,10000
cpu,vollkorn,2,grid_singleton,complete controlled sequence,1,94,complete_us,current,entry,1705.229,1699.0005,1706.7915,1702.417,0.0625,"[-34.041999999999916, 12.083999999999833]",0.003711608600698302,"[-2.03038842913591, 0.7088084287434571]",8,5,40,10000
cpu,vollkorn,2,grid_singleton,complete controlled sequence,1,94,draw_us,current,arena,1705.021,1679.125,1706.6039999999998,1680.5414999999998,-24.0625,"[-58.042000000000144, -15.458000000000084]",-1.4063989657761788,"[-3.462180382687796, -0.9033822777412603]",8,5,40,10000
cpu,vollkorn,2,grid_singleton,complete controlled sequence,1,94,submit_us,current,arena,1705.1875,1679.3955,1706.7495,1680.6875,-24.062000000000012,"[-58.08400000000006, -15.416000000000167]",-1.4061993665834827,"[-3.4643405651233916, -0.9008182510358953]",8,5,40,10000
cpu,vollkorn,2,grid_singleton,complete controlled sequence,1,94,complete_us,current,arena,1705.229,1679.4165,1706.7915,1680.729,-24.0625,"[-58.041999999999916, -15.416000000000167]",-1.4061941665452882,"[-3.461835532692159, -0.9008182510358953]",8,5,40,10000
cpu,vollkorn,2,grid_singleton,complete controlled sequence,1,94,draw_us,current,pixels,1705.021,1715.354,1706.6039999999998,1716.0835,5.916500000000042,"[-20.16599999999994, 33.917000000000144]",0.346214894250918,"[-1.1443870781753795, 1.9860158532279515]",8,5,40,10000
cpu,vollkorn,2,grid_singleton,complete controlled sequence,1,94,submit_us,current,pixels,1705.1875,1715.521,1706.7495,1716.25,5.896499999999833,"[-19.958000000000084, 34.000999999999976]",0.34500748694968886,"[-1.132368794326244, 1.9907887741551722]",8,5,40,10000
cpu,vollkorn,2,grid_singleton,complete controlled sequence,1,94,complete_us,current,pixels,1705.229,1715.542,1706.7915,1716.2915,5.91700000000003,"[-19.999000000000024, 34.0]",0.3462020744783967,"[-1.134668640332337, 1.9906812696799392]",8,5,40,10000
cpu,vollkorn,2,grid_two_phases,complete controlled sequence,2,188,draw_us,master,current,3109.645,1818.3539999999998,3110.4790000000003,1818.3539999999998,-1285.7085000000002,"[-1303.0829999999999, -1249.2900000000002]",-41.35103292662558,"[-41.85547002979483, -40.72191846010903]",8,5,40,10000
cpu,vollkorn,2,grid_two_phases,complete controlled sequence,2,188,submit_us,master,current,3109.937,1818.6045,3110.8545,1818.6045,-1285.75,"[-1303.2079999999999, -1249.4579999999999]",-41.34904547779144,"[-41.85444365116757, -40.721317166725825]",8,5,40,10000
cpu,vollkorn,2,grid_two_phases,complete controlled sequence,2,188,complete_us,master,current,3109.9995,1818.625,3110.917,1818.625,-1285.75,"[-1303.2499999999998, -1249.458]",-41.348768732323435,"[-41.85522796125135, -40.719321203934314]",8,5,40,10000
cpu,vollkorn,2,grid_two_phases,complete controlled sequence,2,188,draw_us,master,scaler,3109.645,1813.1660000000002,3110.4790000000003,1822.2705,-1291.6235000000001,"[-1309.667, -1274.6250000000002]",-41.46217047241493,"[-42.03928458631658, -41.076286496619865]",8,5,40,10000
cpu,vollkorn,2,grid_two_phases,complete controlled sequence,2,188,submit_us,master,scaler,3109.937,1813.333,3110.8545,1822.5210000000002,-1291.7705,"[-1309.749, -1274.666]",-41.46300121266644,"[-42.038020274299335, -41.074685335633134]",8,5,40,10000
cpu,vollkorn,2,grid_two_phases,complete controlled sequence,2,188,complete_us,master,scaler,3109.9995,1813.4160000000002,3110.917,1822.5835000000002,-1291.7485000000001,"[-1309.7899999999995, -1274.625]",-41.46147159310752,"[-42.03745877216667, -41.073023409214784]",8,5,40,10000
cpu,vollkorn,2,grid_two_phases,complete controlled sequence,2,188,draw_us,master,prepass,3109.645,1757.958,3110.4790000000003,1757.6875,-1347.6045,"[-1358.334, -1335.459]",-43.62604230483508,"[-43.75940457042642, -43.089526705705964]",8,5,40,10000
cpu,vollkorn,2,grid_two_phases,complete controlled sequence,2,188,submit_us,master,prepass,3109.937,1758.2295,3110.8545,1757.9375,-1347.5835000000002,"[-1358.5, -1335.4589999999998]",-43.62546902029224,"[-43.756676605048696, -43.082640195332836]",8,5,40,10000
cpu,vollkorn,2,grid_two_phases,complete controlled sequence,2,188,complete_us,master,prepass,3109.9995,1758.2704999999999,3110.917,1757.9785000000002,-1347.6039999999998,"[-1358.4599999999998, -1335.4589999999998]",-43.62462566154561,"[-43.75609214681131, -43.08204255253744]",8,5,40,10000
cpu,vollkorn,2,grid_two_phases,complete controlled sequence,2,188,draw_us,master,instance,3109.645,1809.875,3110.4790000000003,1808.5210000000002,-1296.7504999999999,"[-1316.6670000000001, -1281.293]",-41.7104085844946,"[-42.240588047299454, -41.16046241811618]",8,5,40,10000
cpu,vollkorn,2,grid_two_phases,complete controlled sequence,2,188,submit_us,master,instance,3109.937,1810.104,3110.8545,1808.75,-1296.7925,"[-1316.709, -1281.46]",-41.70852008008774,"[-42.23952067106052, -41.158058792249264]",8,5,40,10000
cpu,vollkorn,2,grid_two_phases,complete controlled sequence,2,188,complete_us,master,instance,3109.9995,1810.125,3110.917,1808.792,-1296.8124999999998,"[-1316.709, -1281.4599999999998]",-41.70688390135868,"[-42.24029587619674, -41.15748089342015]",8,5,40,10000
cpu,vollkorn,2,grid_two_phases,complete controlled sequence,2,188,draw_us,master,entry,3109.645,1827.6255,3110.4790000000003,1830.75,-1275.6245000000001,"[-1295.1240000000003, -1263.1680000000001]",-41.1624227821928,"[-41.425096673063535, -40.80163417397854]",8,5,40,10000
cpu,vollkorn,2,grid_two_phases,complete controlled sequence,2,188,submit_us,master,entry,3109.937,1827.8345,3110.8545,1831.0,-1275.7704999999999,"[-1295.208, -1263.168]",-41.16149535274144,"[-41.421796852629015, -40.79779934351087]",8,5,40,10000
cpu,vollkorn,2,grid_two_phases,complete controlled sequence,2,188,complete_us,master,entry,3109.9995,1827.8965,3110.917,1831.0835000000002,-1275.7709999999997,"[-1295.25, -1263.0839999999998]",-41.16066960433345,"[-41.42190017467918, -40.79508631155877]",8,5,40,10000
cpu,vollkorn,2,grid_two_phases,complete controlled sequence,2,188,draw_us,master,arena,3109.645,1794.8129999999999,3110.4790000000003,1790.3545,-1309.8960000000002,"[-1327.6240000000003, -1283.542]",-42.33484547642351,"[-42.8201421903126, -41.85308405241292]",8,5,40,10000
cpu,vollkorn,2,grid_two_phases,complete controlled sequence,2,188,submit_us,master,arena,3109.937,1795.021,3110.8545,1790.5835000000002,-1309.9789999999998,"[-1327.625, -1283.6045]",-42.33217286650809,"[-42.82036729233389, -41.8520631116437]",8,5,40,10000
cpu,vollkorn,2,grid_two_phases,complete controlled sequence,2,188,complete_us,master,arena,3109.9995,1795.042,3110.917,1790.6045,-1309.9579999999999,"[-1327.6240000000003, -1283.6254999999996]",-42.332285022375146,"[-42.81922380856626, -41.850159310823706]",8,5,40,10000
cpu,vollkorn,2,grid_two_phases,complete controlled sequence,2,188,draw_us,master,pixels,3109.645,1834.6875,3110.4790000000003,1835.1045,-1266.7709999999997,"[-1283.208, -1251.333]",-40.88994800717718,"[-41.415598016046694, -40.266006707284504]",8,5,40,10000
cpu,vollkorn,2,grid_two_phases,complete controlled sequence,2,188,submit_us,master,pixels,3109.937,1834.896,3110.8545,1835.2925,-1266.8120000000001,"[-1283.2089999999998, -1251.3759999999997]",-40.89022971953444,"[-41.41433715220949, -40.2625189749688]",8,5,40,10000
cpu,vollkorn,2,grid_two_phases,complete controlled sequence,2,188,complete_us,master,pixels,3109.9995,1834.958,3110.917,1835.3335,-1266.8129999999996,"[-1283.1660000000002, -1251.417]",-40.88931032459807,"[-41.41324474654206, -40.262762919766736]",8,5,40,10000
cpu,vollkorn,2,grid_two_phases,complete controlled sequence,2,188,draw_us,current,scaler,1818.3539999999998,1813.1660000000002,1818.3539999999998,1822.2705,-6.333999999999946,"[-35.875, 7.210000000000036]",-0.35526554787480014,"[-1.9304489511272171, 0.3974551843095142]",8,5,40,10000
cpu,vollkorn,2,grid_two_phases,complete controlled sequence,2,188,submit_us,current,scaler,1818.6045,1813.333,1818.6045,1822.5210000000002,-6.3120000000001255,"[-35.917000000000144, 7.250999999999976]",-0.35402126272532364,"[-1.9324926933622644, 0.3996692848284411]",8,5,40,10000
cpu,vollkorn,2,grid_two_phases,complete controlled sequence,2,188,complete_us,current,scaler,1818.625,1813.4160000000002,1818.625,1822.5835000000002,-6.312499999999886,"[-35.91599999999994, 7.250999999999976]",-0.3540319372261902,"[-1.932352594628295, 0.39966025295832264]",8,5,40,10000
cpu,vollkorn,2,grid_two_phases,complete controlled sequence,2,188,draw_us,current,prepass,1818.3539999999998,1757.958,1818.3539999999998,1757.6875,-55.60550000000012,"[-93.29200000000014, -53.623999999999796]",-3.0524839078314434,"[-5.187690384544819, -2.9560522612223084]",8,5,40,10000
cpu,vollkorn,2,grid_two_phases,complete controlled sequence,2,188,submit_us,current,prepass,1818.6045,1758.2295,1818.6045,1757.9375,-55.5630000000001,"[-93.29300000000012, -53.541999999999916]",-3.0497958634463638,"[-5.187143148648666, -2.9511919525974872]",8,5,40,10000
cpu,vollkorn,2,grid_two_phases,complete controlled sequence,2,188,complete_us,current,prepass,1818.625,1758.2704999999999,1818.625,1757.9785000000002,-55.500999999999976,"[-93.29299999999989, -53.582999999999856]",-3.0463857639927427,"[-5.187024904035608, -2.953385096437111]",8,5,40,10000
cpu,vollkorn,2,grid_two_phases,complete controlled sequence,2,188,draw_us,current,instance,1818.3539999999998,1809.875,1818.3539999999998,1808.5210000000002,-5.270999999999958,"[-41.29299999999989, 4.749000000000024]",-0.2887768651063105,"[-2.2961807984501204, 0.260552256665636]",8,5,40,10000
cpu,vollkorn,2,grid_two_phases,complete controlled sequence,2,188,submit_us,current,instance,1818.6045,1810.104,1818.6045,1808.75,-5.271499999999833,"[-41.294000000000096, 4.707000000000107]",-0.28877145488596656,"[-2.295969570924916, 0.2582065751341789]",8,5,40,10000
cpu,vollkorn,2,grid_two_phases,complete controlled sequence,2,188,complete_us,current,instance,1818.625,1810.125,1818.625,1808.792,-5.228999999999928,"[-41.29299999999989, 4.749000000000024]",-0.28643826553267915,"[-2.295861633373808, 0.2605105216299419]",8,5,40,10000
cpu,vollkorn,2,grid_two_phases,complete controlled sequence,2,188,draw_us,current,entry,1818.3539999999998,1827.6255,1818.3539999999998,1830.75,16.083500000000072,"[-13.667000000000144, 26.291999999999916]",0.883930149231027,"[-0.7599811825834468, 1.4789829784203512]",8,5,40,10000
cpu,vollkorn,2,grid_two_phases,complete controlled sequence,2,188,submit_us,current,entry,1818.6045,1827.8345,1818.6045,1831.0,16.14549999999997,"[-13.626000000000204, 26.208000000000084]",0.8872295671615293,"[-0.7576132458328888, 1.483571669882644]",8,5,40,10000
cpu,vollkorn,2,grid_two_phases,complete controlled sequence,2,188,complete_us,current,entry,1818.625,1827.8965,1818.625,1831.0835000000002,16.146000000000186,"[-13.625, 26.208000000000084]",0.8872368116665141,"[-0.7575403762070554, 1.481108025350708]",8,5,40,10000
cpu,vollkorn,2,grid_two_phases,complete controlled sequence,2,188,draw_us,current,arena,1818.3539999999998,1794.8129999999999,1818.3539999999998,1790.3545,-32.812499999999886,"[-67.75, 3.04099999999994]",-1.8177747223310503,"[-3.8601239227975204, 0.16684342230368632]",8,5,40,10000
cpu,vollkorn,2,grid_two_phases,complete controlled sequence,2,188,submit_us,current,arena,1818.6045,1795.021,1818.6045,1790.5835000000002,-32.771499999999946,"[-67.75000000000023, 2.9570000000001073]",-1.8152945193008863,"[-3.8597588661937077, 0.1622088044766823]",8,5,40,10000
cpu,vollkorn,2,grid_two_phases,complete controlled sequence,2,188,complete_us,current,arena,1818.625,1795.042,1818.625,1790.6045,-32.791999999999916,"[-67.79199999999992, 2.9990000000000236]",-1.816383210441469,"[-3.861966816207363, 0.16451275097246754]",8,5,40,10000
cpu,vollkorn,2,grid_two_phases,complete controlled sequence,2,188,draw_us,current,pixels,1818.3539999999998,1834.6875,1818.3539999999998,1835.1045,14.125,"[-2.4170000000001437, 35.25]",0.7768232271797015,"[-0.13227824512686004, 2.008403959831928]",8,5,40,10000
cpu,vollkorn,2,grid_two_phases,complete controlled sequence,2,188,submit_us,current,pixels,1818.6045,1834.896,1818.6045,1835.2925,14.104000000000042,"[-2.3750000000002274, 35.33399999999983]",0.7755765375952461,"[-0.1299619471418878, 2.012999553920114]",8,5,40,10000
cpu,vollkorn,2,grid_two_phases,complete controlled sequence,2,188,complete_us,current,pixels,1818.625,1834.958,1818.625,1835.3335,14.125499999999988,"[-2.45900000000006, 35.292000000000144]",0.7767239821168337,"[-0.13455231124647193, 2.0105105746635488]",8,5,40,10000
cpu,vollkorn,2,grid_unique_sizes,complete controlled sequence,32,3008,draw_us,master,current,49142.270000000004,50333.854496,49176.143504,50298.479504,1178.775504000001,"[457.99801599999773, 2117.959999999999]",2.4141139372987452,"[0.9666534683423267, 4.314545516177692]",8,5,40,10000
cpu,vollkorn,2,grid_unique_sizes,complete controlled sequence,32,3008,submit_us,master,current,49145.142991999994,50336.792496,49178.937999999995,50302.210016,1179.5660160000007,"[457.6739840000009, 2122.332000000002]",2.4155791502307067,"[0.9659238365179235, 4.323242300244212]",8,5,40,10000
cpu,vollkorn,2,grid_unique_sizes,complete controlled sequence,32,3008,complete_us,master,current,49145.937999999995,50337.459008,49179.625503999996,50302.877007999996,1179.4415200000003,"[457.96502399999736, 2122.2479999999996]",2.415290558370531,"[0.966527022555419, 4.323019762577762]",8,5,40,10000
cpu,vollkorn,2,grid_unique_sizes,complete controlled sequence,32,3008,draw_us,master,scaler,49142.270000000004,49773.584496,49176.143504,49890.5,577.3115039999975,"[393.540992000002, 821.5880000000034]",1.1683789254410049,"[0.7972751304699877, 1.6677433604008973]",8,5,40,10000
cpu,vollkorn,2,grid_unique_sizes,complete controlled sequence,32,3008,submit_us,master,scaler,49145.142991999994,49776.334016,49178.937999999995,49893.75,574.6259999999966,"[393.872000000003, 822.1280000000042]",1.1628366343173435,"[0.7978911165713809, 1.6687307739086998]",8,5,40,10000
cpu,vollkorn,2,grid_unique_sizes,complete controlled sequence,32,3008,complete_us,master,scaler,49145.937999999995,49777.127007999996,49179.625503999996,49894.538992,574.8164959999995,"[394.0379840000023, 822.0060159999994]",1.163205114746546,"[0.7982152816508714, 1.6684563863009316]",8,5,40,10000
cpu,vollkorn,2,grid_unique_sizes,complete controlled sequence,32,3008,draw_us,master,prepass,49142.270000000004,50312.875488000005,49176.143504,50359.541488,1077.9990079999989,"[469.667008000004, 1444.7539840000027]",2.175905538812073,"[0.9748587258455066, 2.932709416676893]",8,5,40,10000
cpu,vollkorn,2,grid_unique_sizes,complete controlled sequence,32,3008,submit_us,master,prepass,49145.142991999994,50316.166496000005,49178.937999999995,50362.604,1076.1015039999984,"[470.0, 1446.9599999999991]",2.1718640414393975,"[0.9755034884834979, 2.936996040294093]",8,5,40,10000
cpu,vollkorn,2,grid_unique_sizes,complete controlled sequence,32,3008,complete_us,master,prepass,49145.937999999995,50316.873984000005,49179.625503999996,50363.354,1076.2110079999984,"[470.08700799999497, 1446.5440000000017]",2.1720571702903535,"[0.9756722915651439, 2.936104514915483]",8,5,40,10000
cpu,vollkorn,2,grid_unique_sizes,complete controlled sequence,32,3008,draw_us,master,instance,49142.270000000004,50130.040496,49176.143504,50190.334,1174.7704959999974,"[359.66499199999816, 1513.9580159999969]",2.3819343885461586,"[0.7286457046443706, 3.0845012699813434]",8,5,40,10000
cpu,vollkorn,2,grid_unique_sizes,complete controlled sequence,32,3008,submit_us,master,instance,49145.142991999994,50133.58,49178.937999999995,50192.980496000004,1174.1644799999995,"[359.2020160000029, 1512.8349759999983]",2.3805542340244124,"[0.7276579640617564, 3.081969961049147]",8,5,40,10000
cpu,vollkorn,2,grid_unique_sizes,complete controlled sequence,32,3008,complete_us,master,instance,49145.937999999995,50134.309008,49179.625503999996,50193.520992000005,1174.2689920000012,"[359.331008000001, 1512.8359999999957]",2.3807363356059374,"[0.7279082560645023, 3.081927595031475]",8,5,40,10000
cpu,vollkorn,2,grid_unique_sizes,complete controlled sequence,32,3008,draw_us,master,entry,49142.270000000004,50446.436,49176.143504,50487.270496,1108.7895040000003,"[949.081984000004, 1974.4209919999994]",2.2381287775671943,"[1.9143111439063443, 4.007881687712267]",8,5,40,10000
cpu,vollkorn,2,grid_unique_sizes,complete controlled sequence,32,3008,submit_us,master,entry,49145.142991999994,50448.831999999995,49178.937999999995,50490.084512,1106.187023999999,"[948.0840000000026, 1977.9190080000044]",2.232656423485646,"[1.9121326629959912, 4.014720721041676]",8,5,40,10000
cpu,vollkorn,2,grid_unique_sizes,complete controlled sequence,32,3008,complete_us,master,entry,49145.937999999995,50449.457008,49179.625503999996,50490.835999999996,1106.2515039999998,"[948.2539840000027, 1977.7929920000024]",2.2327578851202734,"[1.9124514249906799, 4.014400483759517]",8,5,40,10000
cpu,vollkorn,2,grid_unique_sizes,complete controlled sequence,32,3008,draw_us,master,arena,49142.270000000004,49093.958,49176.143504,49113.852992,-58.91550400000051,"[-507.4559999999983, 449.58102399999916]",-0.12258508544955582,"[-1.0299174903510067, 0.904312833325438]",8,5,40,10000
cpu,vollkorn,2,grid_unique_sizes,complete controlled sequence,32,3008,submit_us,master,arena,49145.142991999994,49097.226991999996,49178.937999999995,49118.060992,-58.3525120000013,"[-507.540992000002, 446.91599999999744]",-0.12142574070528322,"[-1.0288422349805981, 0.8988294740428948]",8,5,40,10000
cpu,vollkorn,2,grid_unique_sizes,complete controlled sequence,32,3008,complete_us,master,arena,49145.937999999995,49097.852992,49179.625503999996,49118.790496,-58.37100800000189,"[-507.4529920000059, 447.04300800000055]",-0.12146333408173393,"[-1.0289036115476047, 0.899075941564087]",8,5,40,10000
cpu,vollkorn,2,grid_unique_sizes,complete controlled sequence,32,3008,draw_us,master,pixels,49142.270000000004,50788.834,49176.143504,50915.771488,1775.4364959999984,"[1085.1670079999967, 2008.5809920000029]",3.6758187714148294,"[2.182766618805876, 4.069186450737883]",8,5,40,10000
cpu,vollkorn,2,grid_unique_sizes,complete controlled sequence,32,3008,submit_us,master,pixels,49145.142991999994,50792.185008,49178.937999999995,50919.686512,1777.3530080000019,"[1082.749023999997, 2012.6209920000038]",3.6795452737359846,"[2.177605491328083, 4.077092076973887]",8,5,40,10000
cpu,vollkorn,2,grid_unique_sizes,complete controlled sequence,32,3008,complete_us,master,pixels,49145.937999999995,50792.915504000004,49179.625503999996,50920.374496000004,1777.4204959999988,"[1082.9620159999977, 2012.5830080000014]",3.679766669529183,"[2.178012130352669, 4.07695343547505]",8,5,40,10000
cpu,vollkorn,2,grid_unique_sizes,complete controlled sequence,32,3008,draw_us,current,scaler,50333.854496,49773.584496,50298.479504,49890.5,-686.4799999999996,"[-1223.2070079999976, 46.25299200000154]",-1.3466276234659957,"[-2.490747223554557, 0.0930493194321258]",8,5,40,10000
cpu,vollkorn,2,grid_unique_sizes,complete controlled sequence,32,3008,submit_us,current,scaler,50336.792496,49776.334016,50302.210016,49893.75,-689.0825119999972,"[-1222.7110080000057, 47.54198400000314]",-1.3515645167305856,"[-2.4896189764816667, 0.09563778920720356]",8,5,40,10000
cpu,vollkorn,2,grid_unique_sizes,complete controlled sequence,32,3008,complete_us,current,scaler,50337.459008,49777.127007999996,50302.877007999996,49894.538992,-688.9160000000011,"[-1222.7500160000054, 47.70297600000049]",-1.3512242924994422,"[-2.4896710280805645, 0.09596019697111213]",8,5,40,10000
cpu,vollkorn,2,grid_unique_sizes,complete controlled sequence,32,3008,draw_us,current,prepass,50333.854496,50312.875488000005,50298.479504,50359.541488,-180.95902399999977,"[-462.4190079999971, 403.91897600000084]",-0.35838282874002814,"[-0.9415976631609091, 0.8093264813214818]",8,5,40,10000
cpu,vollkorn,2,grid_unique_sizes,complete controlled sequence,32,3008,submit_us,current,prepass,50336.792496,50316.166496000005,50302.210016,50362.604,-181.64550400000007,"[-462.1270080000031, 403.9989760000026]",-0.3596283719272342,"[-0.9409583794811938, 0.809442807151739]",8,5,40,10000
cpu,vollkorn,2,grid_unique_sizes,complete controlled sequence,32,3008,complete_us,current,prepass,50337.459008,50316.873984000005,50302.877007999996,50363.354,-181.70751999999993,"[-461.998016000005, 403.99798400000145]",-0.3597625906955726,"[-0.9406853898302536, 0.8094286567223996]",8,5,40,10000
cpu,vollkorn,2,grid_unique_sizes,complete controlled sequence,32,3008,draw_us,current,instance,50333.854496,50130.040496,50298.479504,50190.334,46.5,"[-1144.412000000004, 584.1649919999982]",0.09197693821004771,"[-2.235076140613179, 1.1895021222129598]",8,5,40,10000
cpu,vollkorn,2,grid_unique_sizes,complete controlled sequence,32,3008,submit_us,current,instance,50336.792496,50133.58,50302.210016,50192.980496000004,46.24649600000339,"[-1148.4119999999966, 584.6659839999993]",0.09147846674923965,"[-2.2425871202014114, 1.1904657103321892]",8,5,40,10000
cpu,vollkorn,2,grid_unique_sizes,complete controlled sequence,32,3008,complete_us,current,instance,50337.459008,50134.309008,50302.877007999996,50193.520992000005,46.41198399999848,"[-1148.663999999997, 584.8359999999957]",0.09180622804583205,"[-2.2430482072665625, 1.1907987947869403]",8,5,40,10000
cpu,vollkorn,2,grid_unique_sizes,complete controlled sequence,32,3008,draw_us,current,entry,50333.854496,50446.436,50298.479504,50487.270496,92.43948799999998,"[-356.0400000000009, 739.168991999999]",0.1865599589607303,"[-0.6953584103486454, 1.487021026681501]",8,5,40,10000
cpu,vollkorn,2,grid_unique_sizes,complete controlled sequence,32,3008,submit_us,current,entry,50336.792496,50448.831999999995,50302.210016,50490.084512,92.85398400000122,"[-360.2859840000019, 739.0830080000014]",0.18737337997538628,"[-0.7035564826103347, 1.4867756660244424]",8,5,40,10000
cpu,vollkorn,2,grid_unique_sizes,complete controlled sequence,32,3008,complete_us,current,entry,50337.459008,50449.457008,50302.877007999996,50490.835999999996,93.06300800000099,"[-360.331008000001, 739.0400000000009]",0.18779513051563335,"[-0.7036346760383894, 1.4866666593196909]",8,5,40,10000
cpu,vollkorn,2,grid_unique_sizes,complete controlled sequence,32,3008,draw_us,current,arena,50333.854496,49093.958,50298.479504,49113.852992,-1115.6844960000017,"[-1831.4620159999977, -855.6630080000032]",-2.2092034313915376,"[-3.5765997916838765, -1.7213775177538082]",8,5,40,10000
cpu,vollkorn,2,grid_unique_sizes,complete controlled sequence,32,3008,submit_us,current,arena,50336.792496,49097.226991999996,50302.210016,49118.060992,-1115.6860159999997,"[-1833.6710079999975, -854.2090239999961]",-2.2089356110431444,"[-3.580441618174246, -1.7183688122101803]",8,5,40,10000
cpu,vollkorn,2,grid_unique_sizes,complete controlled sequence,32,3008,complete_us,current,arena,50337.459008,49097.852992,50302.877007999996,49118.790496,-1115.872496,"[-1833.421024000003, -854.2520000000004]",-2.2092751012074086,"[-3.5799185463909033, -1.718429269129107]",8,5,40,10000
cpu,vollkorn,2,grid_unique_sizes,complete controlled sequence,32,3008,draw_us,current,pixels,50333.854496,50788.834,50298.479504,50915.771488,-66.56350400000156,"[-401.9950080000053, 1148.7909760000039]",-0.12829082565008476,"[-0.7851101273198879, 2.4014318725604333]",8,5,40,10000
cpu,vollkorn,2,grid_unique_sizes,complete controlled sequence,32,3008,submit_us,current,pixels,50336.792496,50792.185008,50302.210016,50919.686512,-66.42150400000173,"[-404.49798400000145, 1149.0810239999992]",-0.12796019024748362,"[-0.7898924506760996, 2.401941836579491]",8,5,40,10000
cpu,vollkorn,2,grid_unique_sizes,complete controlled sequence,32,3008,complete_us,current,pixels,50337.459008,50792.915504000004,50302.877007999996,50920.374496000004,-66.20849600000292,"[-404.4969920000003, 1148.9169919999986]",-0.12753413701251382,"[-0.7898795929447755, 2.401557140047883]",8,5,40,10000
cpu,vollkorn,2,grid_unique_variations,complete controlled sequence,32,3008,draw_us,master,current,8271.457504,9219.312496,8274.376496,9258.811488,851.0404959999996,"[707.8760000000002, 1207.2070079999994]",10.12168240703628,"[8.696082909156665, 14.172631165240034]",8,5,40,10000
cpu,vollkorn,2,grid_unique_variations,complete controlled sequence,32,3008,submit_us,master,current,8273.979503999999,9221.625504,8276.917504000001,9261.105504,851.1229919999996,"[708.0859839999994, 1208.9609920000003]",10.119298809840682,"[8.689726560125877, 14.188575576379158]",8,5,40,10000
cpu,vollkorn,2,grid_unique_variations,complete controlled sequence,32,3008,complete_us,master,current,8274.605504,9222.499504,8277.544,9261.833999999999,851.0394879999994,"[708.1279679999998, 1209.043968]",10.117520671841595,"[8.687293671887254, 14.188368750507374]",8,5,40,10000
cpu,vollkorn,2,grid_unique_variations,complete controlled sequence,32,3008,draw_us,master,scaler,8271.457504,8705.208992,8274.376496,8732.084496,359.2474880000009,"[204.87196799999947, 442.9169920000004]",4.396223341718619,"[2.387936016679948, 5.341685199364021]",8,5,40,10000
cpu,vollkorn,2,grid_unique_variations,complete controlled sequence,32,3008,submit_us,master,scaler,8273.979503999999,8707.418,8276.917504000001,8734.42,359.16948799999955,"[204.36998399999902, 442.7110080000002]",4.394039727024834,"[2.3812174049213874, 5.337538249195961]",8,5,40,10000
cpu,vollkorn,2,grid_unique_variations,complete controlled sequence,32,3008,complete_us,master,scaler,8274.605504,8708.124496,8277.544,8735.065504,359.3324799999996,"[204.58198400000038, 442.8330240000014]",4.395710439075618,"[2.3835256125078086, 5.338632802235543]",8,5,40,10000
cpu,vollkorn,2,grid_unique_variations,complete controlled sequence,32,3008,draw_us,master,prepass,8271.457504,6960.188496000001,8274.376496,6955.435503999999,-1401.8764960000003,"[-1588.956000000001, -1218.5860160000002]",-17.234754396642742,"[-18.654370937676955, -14.758138820623945]",8,5,40,10000
cpu,vollkorn,2,grid_unique_variations,complete controlled sequence,32,3008,submit_us,master,prepass,8273.979503999999,6962.814,8276.917504000001,6958.043008000001,-1401.707504,"[-1589.12, -1217.9160000000002]",-17.22668368414395,"[-18.650187532217434, -14.745561574294786]",8,5,40,10000
cpu,vollkorn,2,grid_unique_variations,complete controlled sequence,32,3008,complete_us,master,prepass,8274.605504,6963.521504,8277.544,6958.708496,-1401.647504,"[-1589.331008, -1218.0]",-17.225981305772336,"[-18.6511119570133, -14.7453860297318]",8,5,40,10000
cpu,vollkorn,2,grid_unique_variations,complete controlled sequence,32,3008,draw_us,master,instance,8271.457504,8912.521504,8274.376496,8935.21,630.3960160000001,"[427.03999999999905, 705.9579840000006]",7.804365249318446,"[5.013456990140419, 8.758783920595548]",8,5,40,10000
cpu,vollkorn,2,grid_unique_variations,complete controlled sequence,32,3008,submit_us,master,instance,8273.979503999999,8914.834496,8276.917504000001,8937.771504,630.1010080000005,"[426.58499200000006, 706.2080000000005]",7.798415715113882,"[5.006475344360073, 8.759623117185612]",8,5,40,10000
cpu,vollkorn,2,grid_unique_variations,complete controlled sequence,32,3008,complete_us,master,instance,8274.605504,8915.585504,8277.544,8938.561504000001,630.1645119999998,"[426.58499200000006, 706.5419840000004]",7.798473655653693,"[5.006058778772426, 8.763130986672385]",8,5,40,10000
cpu,vollkorn,2,grid_unique_variations,complete controlled sequence,32,3008,draw_us,master,entry,8271.457504,9177.854496,8274.376496,9167.896496000001,791.5624959999991,"[647.8710080000001, 901.3320000000003]",9.766837361771575,"[7.556446792489457, 11.04579888565036]",8,5,40,10000
cpu,vollkorn,2,grid_unique_variations,complete controlled sequence,32,3008,submit_us,master,entry,8273.979503999999,9180.478,8276.917504000001,9170.229503999999,791.4144799999995,"[648.0400000000009, 901.335008]",9.76228656341467,"[7.556290290917822, 11.037221519069274]",8,5,40,10000
cpu,vollkorn,2,grid_unique_variations,complete controlled sequence,32,3008,complete_us,master,entry,8274.605504,9181.206992,8277.544,9170.876496,791.3949919999995,"[648.2110079999984, 901.1679999999997]",9.762589215805095,"[7.557954699680747, 11.036140104554292]",8,5,40,10000
cpu,vollkorn,2,grid_unique_variations,complete controlled sequence,32,3008,draw_us,master,arena,8271.457504,8601.938,8274.376496,8601.938,252.72849599999927,"[96.00099199999931, 347.0400000000009]",3.0778623880350797,"[1.1189633636642826, 4.202956893532361]",8,5,40,10000
cpu,vollkorn,2,grid_unique_variations,complete controlled sequence,32,3008,submit_us,master,arena,8273.979503999999,8604.440496,8276.917504000001,8604.440496,253.001984,"[95.6239999999998, 347.04399999999987]",3.0800820170148513,"[1.1141632869541285, 4.201733675384478]",8,5,40,10000
cpu,vollkorn,2,grid_unique_variations,complete controlled sequence,32,3008,complete_us,master,arena,8274.605504,8605.231488,8277.544,8605.231488,253.00100799999973,"[95.62598400000024, 347.1659839999993]",3.079737784711012,"[1.1141107228936686, 4.202870648991519]",8,5,40,10000
cpu,vollkorn,2,grid_unique_variations,complete controlled sequence,32,3008,draw_us,master,pixels,8271.457504,9234.312,8274.376496,9320.272,826.3549919999991,"[734.6669759999986, 1076.1239999999998]",10.116418177088239,"[8.899732485847501, 13.03279963144195]",8,5,40,10000
cpu,vollkorn,2,grid_unique_variations,complete controlled sequence,32,3008,submit_us,master,pixels,8273.979503999999,9236.853503999999,8276.917504000001,9324.228992,826.2705119999991,"[734.2489919999989, 1076.0819839999986]",10.112330069566788,"[8.895793091885995, 13.028347730107237]",8,5,40,10000
cpu,vollkorn,2,grid_unique_variations,complete controlled sequence,32,3008,complete_us,master,pixels,8274.605504,9237.395488,8277.544,9324.854992,826.1874879999991,"[734.3739839999998, 1076.0]",10.110401434542338,"[8.897830780244686, 13.026301615756486]",8,5,40,10000
cpu,vollkorn,2,grid_unique_variations,complete controlled sequence,32,3008,draw_us,current,scaler,9219.312496,8705.208992,9258.811488,8732.084496,-522.5424959999991,"[-779.5059839999994, -401.0420159999994]",-5.656406398236813,"[-8.129588341982053, -4.573992789131587]",8,5,40,10000
cpu,vollkorn,2,grid_unique_variations,complete controlled sequence,32,3008,submit_us,current,scaler,9221.625504,8707.418,9261.105504,8734.42,-522.6455040000001,"[-779.8369919999986, -401.20800000000054]",-5.656020034474979,"[-8.130427994920419, -4.57469001734061]",8,5,40,10000
cpu,vollkorn,2,grid_unique_variations,complete controlled sequence,32,3008,complete_us,current,scaler,9222.499504,8708.124496,9261.833999999999,8735.065504,-522.5215040000003,"[-779.880000000001, -401.00198400000045]",-5.654325982838837,"[-8.130205057607554, -4.572014628681542]",8,5,40,10000
cpu,vollkorn,2,grid_unique_variations,complete controlled sequence,32,3008,draw_us,current,prepass,9219.312496,6960.188496000001,9258.811488,6955.435503999999,-2303.3759840000007,"[-2438.6720000000005, -2106.999008]",-24.93907479654233,"[-25.43328706648913, -23.106686546793853]",8,5,40,10000
cpu,vollkorn,2,grid_unique_variations,complete controlled sequence,32,3008,submit_us,current,prepass,9221.625504,6962.814,9261.105504,6958.043008000001,-2303.062496,"[-2438.962976, -2106.3729919999996]",-24.929821898020535,"[-25.42815109063823, -23.09639743035329]",8,5,40,10000
cpu,vollkorn,2,grid_unique_variations,complete controlled sequence,32,3008,complete_us,current,prepass,9222.499504,6963.521504,9261.833999999999,6958.708496,-2303.1255039999996,"[-2438.920000000001, -2106.244992]",-24.927877408727756,"[-25.42560357888417, -23.095053522958253]",8,5,40,10000
cpu,vollkorn,2,grid_unique_variations,complete controlled sequence,32,3008,draw_us,current,instance,9219.312496,8912.521504,9258.811488,8935.21,-251.53948800000035,"[-655.0859839999994, -55.46099199999844]",-2.7186085795199655,"[-6.831992938905063, -0.648063230022089]",8,5,40,10000
cpu,vollkorn,2,grid_unique_variations,complete controlled sequence,32,3008,submit_us,current,instance,9221.625504,8914.834496,9261.105504,8937.771504,-251.49900799999978,"[-655.5029759999998, -55.29196799999954]",-2.717507526928281,"[-6.834145855476493, -0.6459376779752501]",8,5,40,10000
cpu,vollkorn,2,grid_unique_variations,complete controlled sequence,32,3008,complete_us,current,instance,9222.499504,8915.585504,9261.833999999999,8938.561504000001,-251.58299199999965,"[-655.378976, -55.28998400000091]",-2.718191168245787,"[-6.832288897426331, -0.6458641733078752]",8,5,40,10000
cpu,vollkorn,2,grid_unique_variations,complete controlled sequence,32,3008,draw_us,current,entry,9219.312496,9177.854496,9258.811488,9167.896496000001,-59.291487999999845,"[-300.00499200000013, 12.919008000000758]",-0.6379319831644747,"[-3.128798412790146, 0.14126148109714354]",8,5,40,10000
cpu,vollkorn,2,grid_unique_variations,complete controlled sequence,32,3008,submit_us,current,entry,9221.625504,9180.478,9261.105504,9170.229503999999,-59.212000000000444,"[-299.99897599999895, 12.87801600000057]",-0.6369168167956518,"[-3.1277306641512292, 0.1407741145605712]",8,5,40,10000
cpu,vollkorn,2,grid_unique_variations,complete controlled sequence,32,3008,complete_us,current,entry,9222.499504,9181.206992,9261.833999999999,9170.876496,-59.27150400000028,"[-300.21196800000143, 12.923007999999754]",-0.6375122836262681,"[-3.129692850935939, 0.14125889658320734]",8,5,40,10000
cpu,vollkorn,2,grid_unique_variations,complete controlled sequence,32,3008,draw_us,current,arena,9219.312496,8601.938,9258.811488,8601.938,-574.9554879999996,"[-892.1299839999992, -488.8760000000002]",-6.266914745410474,"[-9.304161438559323, -5.247021939936758]",8,5,40,10000
cpu,vollkorn,2,grid_unique_variations,complete controlled sequence,32,3008,submit_us,current,arena,9221.625504,8604.440496,9261.105504,8604.440496,-574.7284959999997,"[-892.5019839999986, -488.16601600000104]",-6.262847172245539,"[-9.305051171816704, -5.2380418617567255]",8,5,40,10000
cpu,vollkorn,2,grid_unique_variations,complete controlled sequence,32,3008,complete_us,current,arena,9222.499504,8605.231488,9261.833999999999,8605.231488,-574.6440000000002,"[-892.6709760000012, -488.20998399999917]",-6.261472023948062,"[-9.306044627192222, -5.238162359101761]",8,5,40,10000
cpu,vollkorn,2,grid_unique_variations,complete controlled sequence,32,3008,draw_us,current,pixels,9219.312496,9234.312,9258.811488,9320.272,18.250496000000567,"[-119.58998400000019, 178.87299200000052]",0.20156728746992814,"[-1.2472224199682636, 2.0525055026140437]",8,5,40,10000
cpu,vollkorn,2,grid_unique_variations,complete controlled sequence,32,3008,submit_us,current,pixels,9221.625504,9236.853503999999,9261.105504,9324.228992,18.164991999999984,"[-119.79699199999959, 179.21203199999945]",0.200582879302158,"[-1.2489800143567154, 2.0509946655006495]",8,5,40,10000
cpu,vollkorn,2,grid_unique_variations,complete controlled sequence,32,3008,complete_us,current,pixels,9222.499504,9237.395488,9261.833999999999,9324.854992,18.12201599999935,"[-119.96499200000108, 179.29500799999914]",0.20009346711715725,"[-1.2506282821642567, 2.0523136144503518]",8,5,40,10000
cpu,vollkorn,2,text,sum of reported phases; excludes 119 unreported warmup frames,88,7251,draw_us,master,current,202026.2270055,147317.4359975,201729.1234935,147542.373008,-54510.2320095,"[-56051.955977000005, -53635.58101300002]",-27.497623951165487,"[-27.82363008474026, -25.873755904537333]",8,5,40,10000
cpu,vollkorn,2,text,sum of reported phases; excludes 119 unreported warmup frames,88,7251,submit_us,master,current,202072.9339945,147358.623494,201776.559494,147586.2255,-54512.52600950001,"[-56060.03700399998, -53637.707999999984]",-27.49344684408925,"[-27.82097254986323, -25.859087842582795]",8,5,40,10000
cpu,vollkorn,2,text,sum of reported phases; excludes 119 unreported warmup frames,88,7251,complete_us,master,current,202074.93549150001,147360.518514,201778.45449899998,147587.955514,-54512.731001999986,"[-56059.70198700001, -53637.79002399999]",-27.49326085759276,"[-27.82057075044707, -25.85876970027052]",8,5,40,10000
cpu,vollkorn,2,text,sum of reported phases; excludes 119 unreported warmup frames,88,7251,draw_us,master,scaler,202026.2270055,152498.502004,201729.1234935,152831.900994,-49519.056007499996,"[-52730.74599200001, -49168.498989000014]",-25.06358488146163,"[-25.734115137537806, -24.237815252004946]",8,5,40,10000
cpu,vollkorn,2,text,sum of reported phases; excludes 119 unreported warmup frames,88,7251,submit_us,master,scaler,202072.9339945,152546.586496,201776.559494,152877.46500799997,-49520.90948300001,"[-52739.82400700002, -49179.753975]",-25.059047799981435,"[-25.728623963182006, -24.237115587488955]",8,5,40,10000
cpu,vollkorn,2,text,sum of reported phases; excludes 119 unreported warmup frames,88,7251,complete_us,master,scaler,202074.93549150001,152548.6070025,201778.45449899998,152879.21250850003,-49520.952506999995,"[-52739.952996999986, -49179.840005000005]",-25.058820288433537,"[-25.72846358202434, -24.236919090684562]",8,5,40,10000
cpu,vollkorn,2,text,sum of reported phases; excludes 119 unreported warmup frames,88,7251,draw_us,master,prepass,202026.2270055,144558.354503,201729.1234935,144555.29351,-56986.9989815,"[-61356.41398199997, -55963.337002000015]",-28.62016796632814,"[-29.880914024636052, -27.64729067776843]",8,5,40,10000
cpu,vollkorn,2,text,sum of reported phases; excludes 119 unreported warmup frames,88,7251,submit_us,master,prepass,202072.9339945,144602.4150045,201776.559494,144598.6660025,-56992.10298899999,"[-61362.57901400002, -55966.72099500001]",-28.616554529823723,"[-29.875630386136763, -27.643226041492998]",8,5,40,10000
cpu,vollkorn,2,text,sum of reported phases; excludes 119 unreported warmup frames,88,7251,complete_us,master,prepass,202074.93549150001,144604.62099700002,201778.45449899998,144600.667502,-56991.912996,"[-61362.45601199998, -55966.88700400002]",-28.616290480136733,"[-29.875488435368226, -27.642787996773986]",8,5,40,10000
cpu,vollkorn,2,text,sum of reported phases; excludes 119 unreported warmup frames,88,7251,draw_us,master,instance,202026.2270055,146075.171504,201729.1234935,146283.310498,-55293.0784955,"[-59926.828991999995, -53964.78898200003]",-27.581135910249223,"[-29.089728783510726, -26.80707202217818]",8,5,40,10000
cpu,vollkorn,2,text,sum of reported phases; excludes 119 unreported warmup frames,88,7251,submit_us,master,instance,202072.9339945,146117.6930065,201776.559494,146326.6240125,-55298.57849300001,"[-59937.15400400001, -53958.745998]",-27.57724958634342,"[-29.087340249671577, -26.802422587198606]",8,5,40,10000
cpu,vollkorn,2,text,sum of reported phases; excludes 119 unreported warmup frames,88,7251,complete_us,master,instance,202074.93549150001,146119.60899,201778.45449899998,146328.538994,-55298.42950699999,"[-59937.24301599999, -53958.70500400002]",-27.576919525116026,"[-29.087106776403072, -26.802178623392525]",8,5,40,10000
cpu,vollkorn,2,text,sum of reported phases; excludes 119 unreported warmup frames,88,7251,draw_us,master,entry,202026.2270055,146355.807005,201729.1234935,146379.873497,-54311.31849250001,"[-59535.75098899999, -53064.79199]",-27.518048371960962,"[-28.89989138961181, -26.15850902683515]",8,5,40,10000
cpu,vollkorn,2,text,sum of reported phases; excludes 119 unreported warmup frames,88,7251,submit_us,master,entry,202072.9339945,146398.26749499998,201776.559494,146424.871498,-54314.656992000004,"[-59544.037012999994, -53066.834986]",-27.513572004685614,"[-28.896561627210104, -26.152774454132167]",8,5,40,10000
cpu,vollkorn,2,text,sum of reported phases; excludes 119 unreported warmup frames,88,7251,complete_us,master,entry,202074.93549150001,146400.20149900002,201778.45449899998,146426.934507,-54314.490494,"[-59543.788002000016, -53066.963001]",-27.513244083190337,"[-28.89616592847529, -26.152579766685403]",8,5,40,10000
cpu,vollkorn,2,text,sum of reported phases; excludes 119 unreported warmup frames,88,7251,draw_us,master,arena,202026.2270055,147547.789989,201729.1234935,147342.2730105,-54750.5409905,"[-58023.078977999976, -53200.46001400001]",-27.597382312629563,"[-28.16560894419371, -26.620120163385618]",8,5,40,10000
cpu,vollkorn,2,text,sum of reported phases; excludes 119 unreported warmup frames,88,7251,submit_us,master,arena,202072.9339945,147592.35249900003,201776.559494,147385.0619875,-54752.41501549998,"[-58033.03402399999, -53205.79899899999]",-27.592761338888828,"[-28.163275925049792, -26.616277355151986]",8,5,40,10000
cpu,vollkorn,2,text,sum of reported phases; excludes 119 unreported warmup frames,88,7251,complete_us,master,arena,202074.93549150001,147594.286493,201778.45449899998,147387.0819905,-54752.3110075,"[-58033.12001799999, -53205.720023]",-27.592534589254676,"[-28.16304977659335, -26.615829727597784]",8,5,40,10000
cpu,vollkorn,2,text,sum of reported phases; excludes 119 unreported warmup frames,88,7251,draw_us,master,pixels,202026.2270055,148068.7899975,201729.1234935,148297.293997,-54947.996990000014,"[-57685.62399999998, -52830.297995]",-27.652224780637624,"[-28.00180128155273, -26.224431298751405]",8,5,40,10000
cpu,vollkorn,2,text,sum of reported phases; excludes 119 unreported warmup frames,88,7251,submit_us,master,pixels,202072.9339945,148116.8734825,201776.559494,148343.4204985,-54951.39099149998,"[-57691.080018999986, -52825.96401199998]",-27.648916340935553,"[-27.997326562614113, -26.2159958009491]",8,5,40,10000
cpu,vollkorn,2,text,sum of reported phases; excludes 119 unreported warmup frames,88,7251,complete_us,master,pixels,202074.93549150001,148118.9374975,201778.45449899998,148345.337504,-54951.55651950001,"[-57691.038992999995, -52825.46298899999]",-27.648740027743436,"[-27.997040350739375, -26.215525206527126]",8,5,40,10000
cpu,vollkorn,2,text,sum of reported phases; excludes 119 unreported warmup frames,88,7251,draw_us,current,scaler,147317.4359975,152498.502004,147542.373008,152831.900994,4936.544491999986,"[4049.4110040000232, 5514.201000000001]",3.3236582959740413,"[2.8344318093084464, 3.695562054006918]",8,5,40,10000
cpu,vollkorn,2,text,sum of reported phases; excludes 119 unreported warmup frames,88,7251,submit_us,current,scaler,147358.623494,152546.586496,147586.2255,152877.46500799997,4932.295001499995,"[4050.002986000007, 5497.868015999993]",3.319761765853746,"[2.8340610315537473, 3.6989782310552277]",8,5,40,10000
cpu,vollkorn,2,text,sum of reported phases; excludes 119 unreported warmup frames,88,7251,complete_us,current,scaler,147360.518514,152548.6070025,147587.955514,152879.21250850003,4932.291997500011,"[4050.332972000004, 5497.612003000017]",3.3197185042570188,"[2.8342621753706387, 3.6988164228987097]",8,5,40,10000
cpu,vollkorn,2,text,sum of reported phases; excludes 119 unreported warmup frames,88,7251,draw_us,current,prepass,147317.4359975,144558.354503,147542.373008,144555.29351,-2737.6539884999947,"[-4153.877990999987, -1932.7529869999853]",-1.887298499060558,"[-2.907554678457258, -1.3151841492626937]",8,5,40,10000
cpu,vollkorn,2,text,sum of reported phases; excludes 119 unreported warmup frames,88,7251,submit_us,current,prepass,147358.623494,144602.4150045,147586.2255,144598.6660025,-2742.1559985000204,"[-4155.333011999988, -1929.83298799998]",-1.8896875960278947,"[-2.907767575270137, -1.3128286947445833]",8,5,40,10000
cpu,vollkorn,2,text,sum of reported phases; excludes 119 unreported warmup frames,88,7251,complete_us,current,prepass,147360.518514,144604.62099700002,147587.955514,144600.667502,-2742.4079895000177,"[-4155.124008999992, -1929.4170119999908]",-1.8898330077991743,"[-2.907590781818592, -1.3125293384570025]",8,5,40,10000
cpu,vollkorn,2,text,sum of reported phases; excludes 119 unreported warmup frames,88,7251,draw_us,current,instance,147317.4359975,146075.171504,147542.373008,146283.310498,-685.898979000005,"[-2047.9080210000102, 144.37202300000354]",-0.47312259130194434,"[-1.3825267588671308, 0.10335767046052435]",8,5,40,10000
cpu,vollkorn,2,text,sum of reported phases; excludes 119 unreported warmup frames,88,7251,submit_us,current,instance,147358.623494,146117.6930065,147586.2255,146326.6240125,-683.1465074999869,"[-2052.2779969999974, 142.70002399996156]",-0.47107839064947643,"[-1.3850424988498644, 0.10213260429119408]",8,5,40,10000
cpu,vollkorn,2,text,sum of reported phases; excludes 119 unreported warmup frames,88,7251,complete_us,current,instance,147360.518514,146119.60899,147587.955514,146328.538994,-682.9365059999836,"[-2052.0330280000053, 142.86800199997379]",-0.4709234992748168,"[-1.3848619770619797, 0.10225157730232581]",8,5,40,10000
cpu,vollkorn,2,text,sum of reported phases; excludes 119 unreported warmup frames,88,7251,draw_us,current,entry,147317.4359975,146355.807005,147542.373008,146379.873497,-155.40899300000456,"[-1656.8300180000078, 886.1169890000019]",-0.09996299461160763,"[-1.1185130441848656, 0.6094232880771377]",8,5,40,10000
cpu,vollkorn,2,text,sum of reported phases; excludes 119 unreported warmup frames,88,7251,submit_us,current,entry,147358.623494,146398.26749499998,147586.2255,146424.871498,-164.21999300000607,"[-1659.1610059999803, 891.7770059999893]",-0.10586258137252336,"[-1.1197354886149369, 0.6131463845033158]",8,5,40,10000
cpu,vollkorn,2,text,sum of reported phases; excludes 119 unreported warmup frames,88,7251,complete_us,current,entry,147360.518514,146400.20149900002,147587.955514,146426.934507,-164.13998250001168,"[-1658.578014000028, 891.6529990000126]",-0.10580266789237402,"[-1.1193297555343262, 0.6130525197186598]",8,5,40,10000
cpu,vollkorn,2,text,sum of reported phases; excludes 119 unreported warmup frames,88,7251,draw_us,current,arena,147317.4359975,147547.789989,147542.373008,147342.2730105,-125.97750599999563,"[-1105.2899969999853, 435.1209990000061]",-0.08484191302001176,"[-0.7521188140287682, 0.31150836492122025]",8,5,40,10000
cpu,vollkorn,2,text,sum of reported phases; excludes 119 unreported warmup frames,88,7251,submit_us,current,arena,147358.623494,147592.35249900003,147586.2255,147385.0619875,-128.09951049998926,"[-1106.0379899999825, 431.9090009999927]",-0.08624702338918544,"[-0.7524166183180636, 0.3091239220040176]",8,5,40,10000
cpu,vollkorn,2,text,sum of reported phases; excludes 119 unreported warmup frames,88,7251,complete_us,current,arena,147360.518514,147594.286493,147587.955514,147387.0819905,-127.85001999998349,"[-1105.7929959999747, 432.0700009999855]",-0.08607805951500458,"[-0.7522405682563016, 0.30923536753368897]",8,5,40,10000
cpu,vollkorn,2,text,sum of reported phases; excludes 119 unreported warmup frames,88,7251,draw_us,current,pixels,147317.4359975,148068.7899975,147542.373008,148297.293997,-127.06750649999594,"[-1349.0389949999808, 693.2890109999862]",-0.0904431034600528,"[-0.9179831643748804, 0.4963339547638057]",8,5,40,10000
cpu,vollkorn,2,text,sum of reported phases; excludes 119 unreported warmup frames,88,7251,submit_us,current,pixels,147358.623494,148116.8734825,147586.2255,148343.4204985,-127.14449299997068,"[-1351.533001999982, 692.164008999971]",-0.09047242671770817,"[-0.9194222080112335, 0.4953924383069186]",8,5,40,10000
cpu,vollkorn,2,text,sum of reported phases; excludes 119 unreported warmup frames,88,7251,complete_us,current,pixels,147360.518514,148118.9374975,147587.955514,148345.337504,-127.08201450000342,"[-1351.6190279999864, 692.2019999999902]",-0.09042412629139962,"[-0.9194692581402042, 0.4954135658160608]",8,5,40,10000
