backend,font,dpi,scene,phase,metric,frames,unit,reference_version,candidate_version,reference_mean_process_median_us,candidate_mean_process_median_us,mean_paired_savings_us,savings_ci95_low_us,savings_ci95_high_us,ratio_of_means_change_pct,ratio_change_ci95_low_pct,ratio_change_ci95_high_pct,classification,blocks,trials_per_process,bootstrap_resamples,bootstrap_seed
cpu,DoulosSIL-Regular,1,demo,first_paint,complete_us,1,us/frame,master,final,7120.246583333334,4862.038166666667,2258.2084166666664,2211.5540187499996,2309.0977750000006,-31.715311966197234,-32.27306648980586,-31.195817075152725,improvement,12,5,10000,2249049410520458099
cpu,DoulosSIL-Regular,1,demo,first_paint,draw_us,1,us/frame,master,final,7117.572916666667,4859.805583333333,2257.767333333334,2211.040804166667,2308.684600000001,-31.721028499005556,-32.2791051770529,-31.20242272481252,improvement,12,5,10000,2249049410520458099
cpu,DoulosSIL-Regular,1,demo,first_paint,submit_us,1,us/frame,master,final,7120.225666666667,4862.01725,2258.2084166666673,2211.5504229166663,2309.098108333333,-31.7154051343972,-32.27315830780661,-31.19605454460745,improvement,12,5,10000,2249049410520458099
cpu,DoulosSIL-Regular,1,demo,pan,complete_us,10,us/frame,master,final,210.51115,211.393425,-0.8822750000000212,-2.099066041666686,0.2857670833333259,0.4191108166954782,-0.13600989145582665,0.9941868733530599,uncertain,12,5,10000,2249049410520458099
cpu,DoulosSIL-Regular,1,demo,pan,draw_us,10,us/frame,master,final,208.76946666666666,209.63785,-0.8683833333333268,-2.110408333333339,0.3268118749999749,0.41595322687673075,-0.15654371435890793,1.0073266496782427,uncertain,12,5,10000,2249049410520458099
cpu,DoulosSIL-Regular,1,demo,pan,submit_us,10,us/frame,master,final,210.48961666666668,211.37188333333333,-0.8822666666666521,-2.097592708333289,0.2846952083333526,0.41914973319743254,-0.13616105519489774,0.9944815063556872,uncertain,12,5,10000,2249049410520458099
cpu,DoulosSIL-Regular,1,demo,reported_sequence,complete_us,65,us/sequence,master,final,141122.72533266665,96680.87791933333,44441.84741333332,43724.96628210831,45388.55276026669,-31.49163064174899,-32.01819975843385,-31.098859854322292,improvement,12,5,10000,2249049410520458099
cpu,DoulosSIL-Regular,1,demo,reported_sequence,draw_us,65,us/sequence,master,final,141014.90883416668,96578.96108216667,44435.94775200001,43721.64988229584,45382.19521124582,-31.511524646132717,-32.03874810008778,-31.11773789249973,improvement,12,5,10000,2249049410520458099
cpu,DoulosSIL-Regular,1,demo,reported_sequence,submit_us,65,us/sequence,master,final,141121.273663,96679.55566666667,44441.71799633333,43724.85909161667,45388.42745241252,-31.49186287990917,-32.018432958931804,-31.099069993914185,improvement,12,5,10000,2249049410520458099
cpu,DoulosSIL-Regular,1,demo,warm,complete_us,30,us/frame,master,final,207.9744055,207.768761,0.20564449999997692,-1.2899439625000226,1.6111708520833075,-0.09887971527341444,-0.7698908183308867,0.6260394922724943,uncertain,12,5,10000,2249049410520458099
cpu,DoulosSIL-Regular,1,demo,warm,draw_us,30,us/frame,master,final,206.27754733333333,206.16044166666666,0.11710566666667432,-1.3991495187500056,1.5316851104166591,-0.05677092256552996,-0.7367821050604234,0.6838660349967856,uncertain,12,5,10000,2249049410520458099
cpu,DoulosSIL-Regular,1,demo,warm,submit_us,30,us/frame,master,final,207.953475,207.74735558333333,0.20611941666666667,-1.2910700541666578,1.6124220000000093,-0.09911804391182777,-0.7701110556592461,0.6255941708141686,uncertain,12,5,10000,2249049410520458099
cpu,DoulosSIL-Regular,1,demo,zoom_in,complete_us,12,us/frame,master,final,6464.613965250001,4372.804638833333,2091.8093264166673,2062.2191022625007,2127.2532227187507,-32.357838188962496,-32.75252385712831,-32.04541020747207,improvement,12,5,10000,2249049410520458099
cpu,DoulosSIL-Regular,1,demo,zoom_in,draw_us,12,us/frame,master,final,6463.13684025,4371.43084725,2091.7059930000005,2062.2181025854156,2127.0649148458338,-32.36363463595011,-32.7579679776529,-32.05171349744461,improvement,12,5,10000,2249049410520458099
cpu,DoulosSIL-Regular,1,demo,zoom_in,submit_us,12,us/frame,master,final,6464.591125,4372.783798583333,2091.807326416667,2062.215906452083,2127.2521459416666,-32.35792157569234,-32.752604464646375,-32.04549152631213,improvement,12,5,10000,2249049410520458099
cpu,DoulosSIL-Regular,1,demo,zoom_out,complete_us,12,us/frame,master,final,4009.929097333333,2587.191319416667,1422.7377779166663,1394.006268116667,1460.9924291291663,-35.48037243009633,-36.141349741800084,-34.96740901814813,improvement,12,5,10000,2249049410520458099
cpu,DoulosSIL-Regular,1,demo,zoom_out,draw_us,12,us/frame,master,final,4008.405076416667,2585.794889,1422.610187416667,1393.915480175,1460.8091362083333,-35.49067921769065,-36.150762161695845,-34.97805432815221,improvement,12,5,10000,2249049410520458099
cpu,DoulosSIL-Regular,1,demo,zoom_out,submit_us,12,us/frame,master,final,4009.906520833333,2587.17103475,1422.735486083333,1394.000541897917,1460.9923515166663,-35.480515036736115,-36.14148789804863,-34.967572796479104,improvement,12,5,10000,2249049410520458099
cpu,DoulosSIL-Regular,1,font_variations,first_paint,complete_us,1,us/frame,master,final,1071.4376666666667,1029.257,42.18066666666664,33.9061625,49.451512500000106,-3.936828802919934,-4.597653602029161,-3.16990769845433,improvement,12,5,10000,2249049410520458099
cpu,DoulosSIL-Regular,1,font_variations,first_paint,draw_us,1,us/frame,master,final,1071.1529166666667,1029.0105,42.14241666666658,33.867993749999954,49.41693749999984,-3.93430443132341,-4.594303598006544,-3.168190957476463,improvement,12,5,10000,2249049410520458099
cpu,DoulosSIL-Regular,1,font_variations,first_paint,submit_us,1,us/frame,master,final,1071.4203333333332,1029.2326666666668,42.18766666666647,33.913247916666506,49.46209166666665,-3.937545830907929,-4.598240112150922,-3.1703020601255627,improvement,12,5,10000,2249049410520458099
cpu,DoulosSIL-Regular,1,font_variations,reported_sequence,complete_us,63,us/sequence,master,final,10591.7552505,10309.173001166666,282.5822493333344,237.56457552916703,327.1104776583348,-2.6679454221715915,-3.0804863318603455,-2.2504187386075323,improvement,12,5,10000,2249049410520458099
cpu,DoulosSIL-Regular,1,font_variations,reported_sequence,draw_us,63,us/sequence,master,final,10584.631416333334,10302.419581333334,282.21183500000006,237.41801564583346,326.5696723750004,-2.6662414958022462,-3.076883195957349,-2.2497157189590986,improvement,12,5,10000,2249049410520458099
cpu,DoulosSIL-Regular,1,font_variations,reported_sequence,submit_us,63,us/sequence,master,final,10590.3899995,10307.863747166666,282.5262523333331,237.50521516249864,327.04104358749987,-2.6677606051020986,-3.079824761442288,-2.2495640870040425,improvement,12,5,10000,2249049410520458099
cpu,DoulosSIL-Regular,1,font_variations,slant_advance,complete_us,10,us/frame,master,final,467.961775,454.318075,13.643699999999967,10.819448749999998,16.185012291666595,-2.9155586479258866,-3.4416768618386655,-2.3228480405696947,improvement,12,5,10000,2249049410520458099
cpu,DoulosSIL-Regular,1,font_variations,slant_advance,draw_us,10,us/frame,master,final,467.825325,454.18715833333334,13.638166666666677,10.818942083333301,16.17383375,-2.915226247460345,-3.440845370594989,-2.3230938602807263,improvement,12,5,10000,2249049410520458099
cpu,DoulosSIL-Regular,1,font_variations,slant_advance,submit_us,10,us/frame,master,final,467.9388666666667,454.2941083333333,13.644758333333357,10.820759791666546,16.18398354166667,-2.9159275506501436,-3.4416528623809137,-2.323332840377862,improvement,12,5,10000,2249049410520458099
cpu,DoulosSIL-Regular,1,font_variations,slant_return,complete_us,10,us/frame,master,final,39.39795,38.95624166666667,0.4417083333333309,0.16919041666666992,0.7244318750000034,-1.1211454741511417,-1.8280871400549974,-0.4320910345693741,improvement,12,5,10000,2249049410520458099
cpu,DoulosSIL-Regular,1,font_variations,slant_return,draw_us,10,us/frame,master,final,39.29549166666667,38.86181666666667,0.4336750000000009,0.16145812500000217,0.7156420833333368,-1.1036253310653388,-1.8100693922424858,-0.41425199450018096,improvement,12,5,10000,2249049410520458099
cpu,DoulosSIL-Regular,1,font_variations,slant_return,submit_us,10,us/frame,master,final,39.3764,38.93400833333333,0.44239166666666563,0.1729243749999922,0.7236181250000052,-1.1234944450652318,-1.826976988353857,-0.44162702449692026,improvement,12,5,10000,2249049410520458099
cpu,DoulosSIL-Regular,1,font_variations,warm,complete_us,30,us/frame,master,final,37.148100166666666,37.10215825,0.045941916666663474,-0.18253880416667254,0.24824736458333851,-0.12367231826269087,-0.6666753952940654,0.49200060125572076,uncertain,12,5,10000,2249049410520458099
cpu,DoulosSIL-Regular,1,font_variations,warm,draw_us,30,us/frame,master,final,37.05936391666667,37.01759166666667,0.041772250000001065,-0.18693085208334334,0.24420812916665943,-0.1127171262138571,-0.6572634622780368,0.5046708229452119,uncertain,12,5,10000,2249049410520458099
cpu,DoulosSIL-Regular,1,font_variations,warm,submit_us,30,us/frame,master,final,37.1279415,37.08135,0.04659149999999812,-0.1812698041666657,0.2485064979166736,-0.12548904711023878,-0.6674833303679192,0.4893011145164499,uncertain,12,5,10000,2249049410520458099
cpu,DoulosSIL-Regular,1,font_variations,weight_advance,complete_us,6,us/frame,master,final,515.26623625,497.40275,17.863486249999994,14.318291322916654,21.043557799999828,-3.466845873699531,-4.076748132410972,-2.779074262139498,improvement,12,5,10000,2249049410520458099
cpu,DoulosSIL-Regular,1,font_variations,weight_advance,draw_us,6,us/frame,master,final,515.0786666666667,497.23895841666666,17.83970825,14.296165379166618,21.017430127083273,-3.4634919682171583,-4.073001896223783,-2.7757505720388354,improvement,12,5,10000,2249049410520458099
cpu,DoulosSIL-Regular,1,font_variations,weight_advance,submit_us,6,us/frame,master,final,515.2448056666667,497.38248608333333,17.862319583333374,14.31876349791671,21.035945620833278,-3.4667636406778723,-4.076753222153422,-2.7798190970162704,improvement,12,5,10000,2249049410520458099
cpu,DoulosSIL-Regular,1,font_variations,weight_return,complete_us,6,us/frame,master,final,38.05906941666667,38.14401383333333,-0.08494441666666575,-0.6862913479166612,0.46600042708333406,0.22319099749050775,-1.2184100749820306,1.8139095386058426,uncertain,12,5,10000,2249049410520458099
cpu,DoulosSIL-Regular,1,font_variations,weight_return,draw_us,6,us/frame,master,final,37.96126391666667,38.05265275,-0.09138883333333325,-0.6915257208333386,0.4554470166666719,0.24074233548692092,-1.198874038047341,1.8319461045723908,uncertain,12,5,10000,2249049410520458099
cpu,DoulosSIL-Regular,1,font_variations,weight_return,submit_us,6,us/frame,master,final,38.0416805,38.12494433333333,-0.08326383333333354,-0.6821696354166727,0.4630173041666661,0.21887527637831639,-1.2173547886472136,1.8073465438294758,uncertain,12,5,10000,2249049410520458099
cpu,DoulosSIL-Regular,1,grid_pollution,hot_first,complete_us,1,us/frame,master,final,1615.1770000000001,1518.007,97.17000000000007,82.71491875000014,110.57625416666674,-6.016058921096579,-6.852529684686937,-5.130859895684877,improvement,12,5,10000,2249049410520458099
cpu,DoulosSIL-Regular,1,grid_pollution,hot_first,draw_us,1,us/frame,master,final,1614.89925,1517.8543333333332,97.04491666666672,82.61065000000008,110.4237499999999,-6.009348054788354,-6.846745038462721,-5.124495723092409,improvement,12,5,10000,2249049410520458099
cpu,DoulosSIL-Regular,1,grid_pollution,hot_first,submit_us,1,us/frame,master,final,1615.1423333333332,1517.96875,97.17358333333323,82.71858124999999,110.58025833333325,-6.016409905669818,-6.853523269156769,-5.131300812455435,improvement,12,5,10000,2249049410520458099
cpu,DoulosSIL-Regular,1,grid_pollution,hot_return,complete_us,1,us/frame,master,final,1548.1564166666667,1532.4685833333333,15.687833333333401,-1.601018750000031,34.66112291666652,-1.0133235352995484,-2.221872321001474,0.1038759957763785,uncertain,12,5,10000,2249049410520458099
cpu,DoulosSIL-Regular,1,grid_pollution,hot_return,draw_us,1,us/frame,master,final,1547.8475,1532.1249166666666,15.722583333333432,-1.521533333333206,34.66410208333343,-1.0157708258296427,-2.22219927844735,0.09873797288841807,uncertain,12,5,10000,2249049410520458099
cpu,DoulosSIL-Regular,1,grid_pollution,hot_return,submit_us,1,us/frame,master,final,1548.1286666666667,1532.4304166666666,15.698250000000144,-1.607268750000213,34.668037499999905,-1.0140145543458323,-2.2222392736015832,0.10438094084254639,uncertain,12,5,10000,2249049410520458099
cpu,DoulosSIL-Regular,1,grid_pollution,hot_second,complete_us,1,us/frame,master,final,1485.5139166666668,178.28816666666665,1307.22575,1296.9269979166666,1317.7432562500003,-87.99821632996033,-88.20062569696911,-87.80631166913261,improvement,12,5,10000,2249049410520458099
cpu,DoulosSIL-Regular,1,grid_pollution,hot_second,draw_us,1,us/frame,master,final,1485.3854166666667,178.17366666666666,1307.2117500000002,1296.9200770833334,1317.7086874999998,-88.00488649831343,-88.20704501657413,-87.8131159251092,improvement,12,5,10000,2249049410520458099
cpu,DoulosSIL-Regular,1,grid_pollution,hot_second,submit_us,1,us/frame,master,final,1485.48275,178.25,1307.23275,1296.9337458333332,1317.743595833333,-88.00053383319329,-88.2026276370132,-87.80870855770242,improvement,12,5,10000,2249049410520458099
cpu,DoulosSIL-Regular,1,grid_pollution,pollution,complete_us,64,us/frame,master,final,1533.6559855833334,1519.0509414166668,14.60504416666663,6.477652235416747,22.919621774999968,-0.9523024918206446,-1.4891802435337136,-0.422979119259342,improvement,12,5,10000,2249049410520458099
cpu,DoulosSIL-Regular,1,grid_pollution,pollution,draw_us,64,us/frame,master,final,1533.5193775,1518.9009830833334,14.61839441666666,6.512936533333567,22.923217068750144,-0.9532578871287667,-1.4890249970575167,-0.42520037029827695,improvement,12,5,10000,2249049410520458099
cpu,DoulosSIL-Regular,1,grid_pollution,pollution,submit_us,64,us/frame,master,final,1533.6246171666667,1519.0064324166667,14.618184749999955,6.512646600000079,22.92151337083356,-0.9531788017987486,-1.489390280068417,-0.42524774098953383,improvement,12,5,10000,2249049410520458099
cpu,DoulosSIL-Regular,1,grid_singleton,once,complete_us,1,us/frame,master,final,1626.2291666666667,1557.1249166666666,69.10425000000009,52.982912499999955,82.63533958333338,-4.249354975082953,-5.080766609777774,-3.2586437967551922,improvement,12,5,10000,2249049410520458099
cpu,DoulosSIL-Regular,1,grid_singleton,once,draw_us,1,us/frame,master,final,1626.0381666666667,1556.941,69.09716666666668,52.97915624999988,82.63917291666681,-4.249418499709268,-5.081515275698852,-3.2581390374473918,improvement,12,5,10000,2249049410520458099
cpu,DoulosSIL-Regular,1,grid_singleton,once,submit_us,1,us/frame,master,final,1626.1979166666667,1557.08675,69.1111666666668,52.97590416666681,82.64267291666657,-4.24986196073408,-5.081918627364011,-3.2584870342283905,improvement,12,5,10000,2249049410520458099
cpu,DoulosSIL-Regular,1,grid_two_phases,first,complete_us,1,us/frame,master,final,1558.8681666666666,1495.5418333333332,63.32633333333342,40.069329166666925,84.27110208333345,-4.062327699509338,-5.401216303635484,-2.5762282653060335,improvement,12,5,10000,2249049410520458099
cpu,DoulosSIL-Regular,1,grid_two_phases,first,draw_us,1,us/frame,master,final,1558.698,1495.3751666666667,63.32283333333339,40.06188333333291,84.28193541666668,-4.06254664683815,-5.402051623257997,-2.575600675122189,improvement,12,5,10000,2249049410520458099
cpu,DoulosSIL-Regular,1,grid_two_phases,first,submit_us,1,us/frame,master,final,1558.8368333333333,1495.5106666666666,63.32616666666672,40.07239791666629,84.26477291666677,-4.062398662421485,-5.401155038451845,-2.576489407209916,improvement,12,5,10000,2249049410520458099
cpu,DoulosSIL-Regular,1,grid_two_phases,second,complete_us,1,us/frame,master,final,1469.1215833333333,176.40641666666667,1292.7151666666666,1281.0449104166664,1301.8648291666668,-87.99238819523617,-88.15339453432178,-87.84544755711266,improvement,12,5,10000,2249049410520458099
cpu,DoulosSIL-Regular,1,grid_two_phases,second,draw_us,1,us/frame,master,final,1468.98975,176.28825,1292.7015,1281.0347416666666,1301.8510958333331,-87.99935465853319,-88.16027556825202,-87.8525063610771,improvement,12,5,10000,2249049410520458099
cpu,DoulosSIL-Regular,1,grid_two_phases,second,submit_us,1,us/frame,master,final,1469.0974166666667,176.36816666666667,1292.72925,1281.0587374999998,1301.8823333333335,-87.99479430936307,-88.1559238632554,-87.84805414635386,improvement,12,5,10000,2249049410520458099
cpu,DoulosSIL-Regular,1,grid_unique_sizes,sweep,complete_us,32,us/frame,master,final,1508.0628383333333,1498.29461475,9.768223583333338,0.6472808979166702,19.12598957708315,-0.6477331935404562,-1.2671717794031683,-0.04299577040061876,improvement,12,5,10000,2249049410520458099
cpu,DoulosSIL-Regular,1,grid_unique_sizes,sweep,draw_us,32,us/frame,master,final,1507.9398984166667,1498.164815,9.775083416666575,0.662801358333303,19.128993729166858,-0.6482409164271341,-1.2665098506591936,-0.044108390527841844,improvement,12,5,10000,2249049410520458099
cpu,DoulosSIL-Regular,1,grid_unique_sizes,sweep,submit_us,32,us/frame,master,final,1508.0307211666666,1498.2601066666666,9.770614499999965,0.6490700541667481,19.12773427291653,-0.6479055342082818,-1.267413216378268,-0.04311553938588568,improvement,12,5,10000,2249049410520458099
cpu,DoulosSIL-Regular,1,grid_unique_variations,sweep,complete_us,32,us/frame,master,final,250.00410925,174.89971091666666,75.10439833333334,73.74901681041665,76.41548539791667,-30.041265545051566,-30.50307874375316,-29.508847007437257,improvement,12,5,10000,2249049410520458099
cpu,DoulosSIL-Regular,1,grid_unique_variations,sweep,draw_us,32,us/frame,master,final,249.89375525,174.79414316666666,75.09961208333334,73.74830981666668,76.41027175208333,-30.0526165642682,-30.513829130971278,-29.52030537136755,improvement,12,5,10000,2249049410520458099
cpu,DoulosSIL-Regular,1,grid_unique_variations,sweep,submit_us,32,us/frame,master,final,249.97143766666667,174.86805475,75.10338291666667,73.74802322083329,76.41742391249997,-30.044785763410285,-30.507122019873858,-29.512007346726065,improvement,12,5,10000,2249049410520458099
cpu,DoulosSIL-Regular,1,text,first_paint,complete_us,1,us/frame,master,final,29631.514,23651.402666666665,5980.111333333334,5836.446100000001,6157.236768750008,-20.181592251186807,-20.72747666898226,-19.690731174206835,improvement,12,5,10000,2249049410520458099
cpu,DoulosSIL-Regular,1,text,first_paint,draw_us,1,us/frame,master,final,29628.347333333335,23647.982666666667,5980.364666666668,5837.35916249999,6157.056362500001,-20.18460428921213,-20.729042648504127,-19.695271763592533,improvement,12,5,10000,2249049410520458099
cpu,DoulosSIL-Regular,1,text,first_paint,submit_us,1,us/frame,master,final,29631.493000000002,23651.374833333335,5980.118166666667,5836.462997916664,6157.243437499998,-20.181629615040542,-20.727528581962606,-19.690701722076007,improvement,12,5,10000,2249049410520458099
cpu,DoulosSIL-Regular,1,text,reflow,complete_us,3,us/frame,master,final,3835.595889,3789.5808610833333,46.015027916666895,31.39510293958355,59.240914191667024,-1.1996839408612403,-1.5392893897438662,-0.8184012201049505,improvement,12,5,10000,2249049410520458099
cpu,DoulosSIL-Regular,1,text,reflow,draw_us,3,us/frame,master,final,3834.99758325,3789.033472166667,45.96411108333314,31.315445220833194,59.20964075625,-1.1985434171872589,-1.538654911128096,-0.8164562745295655,improvement,12,5,10000,2249049410520458099
cpu,DoulosSIL-Regular,1,text,reflow,submit_us,3,us/frame,master,final,3835.575139,3789.556638833333,46.018500166666854,31.399571724999557,59.2419480312499,-1.1997809584996078,-1.5392146245814444,-0.8184336553682677,improvement,12,5,10000,2249049410520458099
cpu,DoulosSIL-Regular,1,text,reported_sequence,complete_us,88,us/sequence,master,final,222721.79716616668,171000.14308075001,51721.65408541667,50994.107278125004,52574.344544056206,-23.222538046794117,-23.538955712385672,-22.958564655515865,improvement,12,5,10000,2249049410520458099
cpu,DoulosSIL-Regular,1,text,reported_sequence,draw_us,88,us/sequence,master,final,222678.68791316668,170958.81616466667,51719.87174850001,50992.75227754793,52571.2335367083,-23.226233382813945,-23.542094450146056,-22.96277508626446,improvement,12,5,10000,2249049410520458099
cpu,DoulosSIL-Regular,1,text,reported_sequence,submit_us,88,us/sequence,master,final,222719.83549083333,170998.31241616668,51721.52307466665,50993.987788770835,52574.11240600625,-23.222683763519303,-23.53907895699321,-22.95870391663183,improvement,12,5,10000,2249049410520458099
cpu,DoulosSIL-Regular,1,text,size_advance,complete_us,12,us/frame,master,final,13238.399951416666,9675.99652775,3562.4034236666666,3519.4901768479162,3610.9078182270828,-26.909622286229894,-27.184202742449582,-26.67822533938687,improvement,12,5,10000,2249049410520458099
cpu,DoulosSIL-Regular,1,text,size_advance,draw_us,12,us/frame,master,final,13237.378201333333,9675.119201416666,3562.2589999166667,3519.3882609999996,3610.734031337501,-26.91060832240827,-27.184798829481608,-26.67937990148463,improvement,12,5,10000,2249049410520458099
cpu,DoulosSIL-Regular,1,text,size_advance,submit_us,12,us/frame,master,final,13238.381125,9675.979763833333,3562.401361166667,3519.4926228604177,3610.9043452395817,-26.90964497493773,-27.184220869764783,-26.678260011895755,improvement,12,5,10000,2249049410520458099
cpu,DoulosSIL-Regular,1,text,size_return,complete_us,12,us/frame,master,final,270.96597933333334,275.740507,-4.774527666666643,-6.428731379166716,-3.0166000354166482,1.7620395292477609,1.1117470067801072,2.385892111090786,regression,12,5,10000,2249049410520458099
cpu,DoulosSIL-Regular,1,text,size_return,draw_us,12,us/frame,master,final,270.5446528333333,275.3380208333333,-4.793367999999987,-6.447668139583266,-3.0323049520833507,1.7717474545515755,1.1199018072962548,2.398521209460365,regression,12,5,10000,2249049410520458099
cpu,DoulosSIL-Regular,1,text,size_return,submit_us,12,us/frame,master,final,270.94603466666666,275.72024308333334,-4.774208416666681,-6.4287910062499645,-3.0138298708333084,1.762051407225873,1.111219753203498,2.3868177625504035,regression,12,5,10000,2249049410520458099
cpu,DoulosSIL-Regular,1,text,warm,complete_us,30,us/frame,master,final,249.57568875,256.3417611666667,-6.766072416666674,-9.843281424999956,-4.182428581249997,2.7110302492019844,1.6718472633201804,3.9772624418820834,regression,12,5,10000,2249049410520458099
cpu,DoulosSIL-Regular,1,text,warm,draw_us,30,us/frame,master,final,249.25231108333332,256.02891666666665,-6.776605583333321,-9.856585939583269,-4.1882379291666565,2.7187734203466096,1.6768641838985494,3.9888247626974405,regression,12,5,10000,2249049410520458099
cpu,DoulosSIL-Regular,1,text,warm,submit_us,30,us/frame,master,final,249.55450841666666,256.3196556666667,-6.7651472500000125,-9.840368281249965,-4.18378478333335,2.710889614025591,1.6721533255486343,3.9772153743544467,regression,12,5,10000,2249049410520458099
cpu,DoulosSIL-Regular,1,text,x_advance,complete_us,10,us/frame,master,final,699.3642833333333,381.779125,317.5851583333333,313.4612735416667,322.041385,-45.41054867995952,-45.96102757852231,-44.857649265273686,improvement,12,5,10000,2249049410520458099
cpu,DoulosSIL-Regular,1,text,x_advance,draw_us,10,us/frame,master,final,698.925375,381.36283333333336,317.5625416666667,313.45418249999994,322.00630729166653,-45.43582949276475,-45.9843114702089,-44.88416861807759,improvement,12,5,10000,2249049410520458099
cpu,DoulosSIL-Regular,1,text,x_advance,submit_us,10,us/frame,master,final,699.3371833333333,381.760375,317.5768083333333,313.4534685416667,322.0326418749999,-45.4111143954379,-45.9614177268943,-44.858073887862666,improvement,12,5,10000,2249049410520458099
cpu,DoulosSIL-Regular,1,text,x_return,complete_us,10,us/frame,master,final,254.88128333333333,259.3430916666667,-4.461808333333352,-6.726134375000052,-1.5353010416666484,1.7505437335303409,0.6017604830190565,2.640941246139164,regression,12,5,10000,2249049410520458099
cpu,DoulosSIL-Regular,1,text,x_return,draw_us,10,us/frame,master,final,254.50699166666666,258.9836833333333,-4.476691666666653,-6.740969166666642,-1.5568889583333054,1.758966084723479,0.611734273678512,2.6508375401128506,regression,12,5,10000,2249049410520458099
cpu,DoulosSIL-Regular,1,text,x_return,submit_us,10,us/frame,master,final,254.85941666666668,259.32259999999997,-4.463183333333291,-6.729301458333348,-1.5363995833333204,1.7512334414430342,0.6029330280652913,2.6425251867590225,regression,12,5,10000,2249049410520458099
cpu,DoulosSIL-Regular,1,text,y_advance,complete_us,10,us/frame,master,final,250.272175,254.46876666666668,-4.196591666666677,-5.968540833333327,-2.4813568750000075,1.6768111223977256,0.9864676573564846,2.386023133199639,regression,12,5,10000,2249049410520458099
cpu,DoulosSIL-Regular,1,text,y_advance,draw_us,10,us/frame,master,final,249.93021666666667,254.143075,-4.212858333333344,-5.983085208333323,-2.4928052083333636,1.6856138443444246,0.9928806102727472,2.39496419839768,regression,12,5,10000,2249049410520458099
cpu,DoulosSIL-Regular,1,text,y_advance,submit_us,10,us/frame,master,final,250.2528,254.44858333333335,-4.195783333333338,-5.969088124999953,-2.478824791666667,1.67661793727516,0.9844863542166188,2.3865891775736836,regression,12,5,10000,2249049410520458099
cpu,DoulosSIL-Regular,2,demo,first_paint,complete_us,1,us/frame,master,final,7123.309,4893.5692500000005,2229.7397499999997,2183.347495833335,2268.7337854166667,-31.302021995676444,-31.74792032846887,-30.73359315583844,improvement,12,5,10000,2249049410520458099
cpu,DoulosSIL-Regular,2,demo,first_paint,draw_us,1,us/frame,master,final,7120.718833333333,4890.9825,2229.7363333333333,2183.4611333333337,2268.568245833334,-31.313360146949588,-31.75715283015798,-30.74667828027453,improvement,12,5,10000,2249049410520458099
cpu,DoulosSIL-Regular,2,demo,first_paint,submit_us,1,us/frame,master,final,7123.284833333333,4893.548583333333,2229.73625,2183.3544937500005,2268.7296999999994,-31.302079057206498,-31.747959275722618,-30.73374459172409,improvement,12,5,10000,2249049410520458099
cpu,DoulosSIL-Regular,2,demo,pan,complete_us,10,us/frame,master,final,224.12324999999998,220.2781,3.8451499999999896,1.2124810416666172,6.732331458333308,-1.7156408360132214,-2.965336711045175,-0.547761318226839,improvement,12,5,10000,2249049410520458099
cpu,DoulosSIL-Regular,2,demo,pan,draw_us,10,us/frame,master,final,222.3455,218.5868,3.758699999999976,1.1477989583333184,6.6247822916666665,-1.6904772077689811,-2.9407936370597385,-0.5225809162207058,improvement,12,5,10000,2249049410520458099
cpu,DoulosSIL-Regular,2,demo,pan,submit_us,10,us/frame,master,final,224.100025,220.26075833333334,3.8392666666666457,1.2081399999999825,6.72332020833334,-1.7131933236806396,-2.9615295404545106,-0.5465905922043116,improvement,12,5,10000,2249049410520458099
cpu,DoulosSIL-Regular,2,demo,reported_sequence,complete_us,65,us/sequence,master,final,142021.72416666665,97304.02683216667,44717.697334499986,44074.042044229136,45430.29523432915,-31.486519120147037,-31.84557364885377,-31.144511435801522,improvement,12,5,10000,2249049410520458099
cpu,DoulosSIL-Regular,2,demo,reported_sequence,draw_us,65,us/sequence,master,final,141912.6468265,97202.53732983333,44710.10949666666,44069.89261093752,45420.555681850004,-31.505373549496607,-31.862988022529777,-31.162826501573583,improvement,12,5,10000,2249049410520458099
cpu,DoulosSIL-Regular,2,demo,reported_sequence,submit_us,65,us/sequence,master,final,142020.29891433334,97302.711166,44717.587748333346,44073.89811204168,45430.30527864999,-31.48675794247342,-31.845855576795895,-31.14473164681568,improvement,12,5,10000,2249049410520458099
cpu,DoulosSIL-Regular,2,demo,warm,complete_us,30,us/frame,master,final,216.64788891666666,216.3130695,0.3348194166666474,-1.480205847916649,2.1273178187499977,-0.15454543237919394,-0.9765272959936291,0.6874730210190297,uncertain,12,5,10000,2249049410520458099
cpu,DoulosSIL-Regular,2,demo,warm,draw_us,30,us/frame,master,final,214.92268883333332,214.67350275,0.2491860833333135,-1.51393993958334,1.9951585791666273,-0.11594219516142257,-0.9220191706585789,0.707882603924042,uncertain,12,5,10000,2249049410520458099
cpu,DoulosSIL-Regular,2,demo,warm,submit_us,30,us/frame,master,final,216.62440566666666,216.293975,0.33043066666667187,-1.4844830020832938,2.1229266250000145,-0.15253621384431204,-0.9748839914956894,0.6898052853064509,uncertain,12,5,10000,2249049410520458099
cpu,DoulosSIL-Regular,2,demo,zoom_in,complete_us,12,us/frame,master,final,6475.471388916667,4376.625895833334,2098.845493083333,2071.2175225437495,2129.808023118749,-32.41224255388866,-32.77935708566197,-32.06787710172579,improvement,12,5,10000,2249049410520458099
cpu,DoulosSIL-Regular,2,demo,zoom_in,draw_us,12,us/frame,master,final,6474.0477083333335,4375.27984025,2098.7678680833333,2071.1620012145827,2129.7135554958336,-32.418171175689956,-32.785438065974176,-32.073217479817316,improvement,12,5,10000,2249049410520458099
cpu,DoulosSIL-Regular,2,demo,zoom_in,submit_us,12,us/frame,master,final,6475.449381833333,4376.60389575,2098.8454860833326,2071.212387314583,2129.806998627084,-32.412352600138874,-32.77948614585218,-32.06802822382304,improvement,12,5,10000,2249049410520458099
cpu,DoulosSIL-Regular,2,demo,zoom_out,complete_us,12,us/frame,master,final,4030.9895902499998,2596.19265275,1434.7969374999998,1410.8959964937496,1462.13786355,-35.594161318859044,-36.06162607616696,-35.13303323530298,improvement,12,5,10000,2249049410520458099
cpu,DoulosSIL-Regular,2,demo,zoom_out,draw_us,12,us/frame,master,final,4029.4516528333334,2594.806104083333,1434.6455487500002,1410.7924525145831,1461.94829629375,-35.603989633210276,-36.07069877257715,-35.143393735430514,improvement,12,5,10000,2249049410520458099
cpu,DoulosSIL-Regular,2,demo,zoom_out,submit_us,12,us/frame,master,final,4030.96672925,2596.170090333333,1434.7966389166668,1410.8984938979158,1462.1358441812495,-35.594355778362484,-36.06176513540101,-35.133386919897696,improvement,12,5,10000,2249049410520458099
cpu,DoulosSIL-Regular,2,font_variations,first_paint,complete_us,1,us/frame,master,final,1075.8089166666666,1034.1738333333333,41.63508333333334,34.13515833333337,49.01008958333334,-3.8701188183434376,-4.534706191506372,-3.179765063753612,improvement,12,5,10000,2249049410520458099
cpu,DoulosSIL-Regular,2,font_variations,first_paint,draw_us,1,us/frame,master,final,1075.5068333333334,1033.9096666666667,41.59716666666668,34.11774583333326,48.9653333333333,-3.867680369611781,-4.532655551315704,-3.1787286352266286,improvement,12,5,10000,2249049410520458099
cpu,DoulosSIL-Regular,2,font_variations,first_paint,submit_us,1,us/frame,master,final,1075.7880833333334,1034.1424166666666,41.645666666666784,34.1424166666668,49.017254166666746,-3.871177540620041,-4.535750953323965,-3.1804874029490096,improvement,12,5,10000,2249049410520458099
cpu,DoulosSIL-Regular,2,font_variations,reported_sequence,complete_us,63,us/sequence,master,final,10630.1595835,10296.844502833334,333.3150806666672,289.44983103750053,376.7816403749986,-3.1355604593559905,-3.5337726721201284,-2.7302734189160334,improvement,12,5,10000,2249049410520458099
cpu,DoulosSIL-Regular,2,font_variations,reported_sequence,draw_us,63,us/sequence,master,final,10623.094415333333,10290.2015015,332.8929138333333,289.09614742083215,376.2588294916687,-3.1336717986130025,-3.5312721807826994,-2.728536864058495,improvement,12,5,10000,2249049410520458099
cpu,DoulosSIL-Regular,2,font_variations,reported_sequence,submit_us,63,us/sequence,master,final,10628.854251166667,10295.4959185,333.3583326666667,289.4609071291667,376.85952608333463,-3.1363524683770683,-3.5348055610657605,-2.7304250027883903,improvement,12,5,10000,2249049410520458099
cpu,DoulosSIL-Regular,2,font_variations,slant_advance,complete_us,10,us/frame,master,final,470.1933833333333,453.5454833333333,16.647899999999993,13.323853125000008,19.8310787499999,-3.540649568902554,-4.191285431322935,-2.849688997701455,improvement,12,5,10000,2249049410520458099
cpu,DoulosSIL-Regular,2,font_variations,slant_advance,draw_us,10,us/frame,master,final,470.05761666666666,453.41493333333335,16.64268333333331,13.31428083333336,19.825110833333262,-3.5405624211244713,-4.191097654973999,-2.8474452832141997,improvement,12,5,10000,2249049410520458099
cpu,DoulosSIL-Regular,2,font_variations,slant_advance,submit_us,10,us/frame,master,final,470.17255,453.524625,16.647924999999987,13.32229208333332,19.83334895833334,-3.5408117721887344,-4.191328684886202,-2.848352299662403,improvement,12,5,10000,2249049410520458099
cpu,DoulosSIL-Regular,2,font_variations,slant_return,complete_us,10,us/frame,master,final,39.73915,38.964908333333334,0.7742416666666685,0.3312083333333366,1.255809583333327,-1.9483095805186257,-3.1245513252011223,-0.8386386643500437,improvement,12,5,10000,2249049410520458099
cpu,DoulosSIL-Regular,2,font_variations,slant_return,draw_us,10,us/frame,master,final,39.633291666666665,38.869391666666665,0.7638999999999996,0.32152583333333473,1.2447670833333304,-1.9274200246215512,-3.1074850657745743,-0.8147512621221601,improvement,12,5,10000,2249049410520458099
cpu,DoulosSIL-Regular,2,font_variations,slant_return,submit_us,10,us/frame,master,final,39.716225,38.946925,0.7693000000000012,0.32824354166666386,1.2484837500000052,-1.9369917458167296,-3.1139909189630024,-0.8311769459213428,improvement,12,5,10000,2249049410520458099
cpu,DoulosSIL-Regular,2,font_variations,warm,complete_us,30,us/frame,master,final,37.36991675,37.076161166666665,0.2937555833333363,-0.03660760416666644,0.6523864854166661,-0.7860750274037875,-1.745031855028939,0.09783376453891433,uncertain,12,5,10000,2249049410520458099
cpu,DoulosSIL-Regular,2,font_variations,warm,draw_us,30,us/frame,master,final,37.27836108333334,36.991877833333334,0.2864832500000034,-0.04233868749999132,0.6452915562499916,-0.7684974383921794,-1.7269004193971393,0.11364774729607618,uncertain,12,5,10000,2249049410520458099
cpu,DoulosSIL-Regular,2,font_variations,warm,submit_us,30,us/frame,master,final,37.348280583333334,37.05450833333333,0.2937722500000035,-0.03652429166666433,0.6529934645833312,-0.7865750321344067,-1.7459768555504642,0.09774924487788197,uncertain,12,5,10000,2249049410520458099
cpu,DoulosSIL-Regular,2,font_variations,weight_advance,complete_us,6,us/frame,master,final,514.0469305833333,496.3929165833333,17.65401399999996,14.379505291666577,20.70273633333335,-3.4343195046348085,-4.01400488594132,-2.806742824459879,improvement,12,5,10000,2249049410520458099
cpu,DoulosSIL-Regular,2,font_variations,weight_advance,draw_us,6,us/frame,master,final,513.8622915833333,496.23376383333334,17.62852774999999,14.361008764583385,20.671292570833426,-3.4305937677742926,-4.009498279211665,-2.8046422764256262,improvement,12,5,10000,2249049410520458099
cpu,DoulosSIL-Regular,2,font_variations,weight_advance,submit_us,6,us/frame,master,final,514.028389,496.37609733333335,17.6522916666666,14.378340249999933,20.70270833333342,-3.4341083186101184,-4.014830534257987,-2.8054021666745226,improvement,12,5,10000,2249049410520458099
cpu,DoulosSIL-Regular,2,font_variations,weight_return,complete_us,6,us/frame,master,final,38.68920833333333,38.656875,0.03233333333333377,-0.4486381145833405,0.4982099874999976,-0.08357196935838695,-1.2757959595319917,1.1658797116871882,uncertain,12,5,10000,2249049410520458099
cpu,DoulosSIL-Regular,2,font_variations,weight_return,draw_us,6,us/frame,master,final,38.590888916666664,38.56656941666667,0.024319499999997163,-0.4595002645833318,0.49020779583333524,-0.06301876085962332,-1.2622382639542562,1.1980447741522282,uncertain,12,5,10000,2249049410520458099
cpu,DoulosSIL-Regular,2,font_variations,weight_return,submit_us,6,us/frame,master,final,38.6695555,38.63548616666667,0.03406933333333484,-0.4509175249999974,0.4988594229166646,-0.08810376248916674,-1.2841111028809102,1.1757811008472001,uncertain,12,5,10000,2249049410520458099
cpu,DoulosSIL-Regular,2,grid_pollution,hot_first,complete_us,1,us/frame,master,final,1608.9720833333333,1534.1283333333333,74.84375,57.24940624999995,91.08358125000015,-4.6516500053217165,-5.61532000870204,-3.5793696113755633,improvement,12,5,10000,2249049410520458099
cpu,DoulosSIL-Regular,2,grid_pollution,hot_first,draw_us,1,us/frame,master,final,1608.788,1533.9616666666666,74.82633333333342,57.252718749999794,91.06583958333354,-4.6510996684046235,-5.614856431380773,-3.5789341943552855,improvement,12,5,10000,2249049410520458099
cpu,DoulosSIL-Regular,2,grid_pollution,hot_first,submit_us,1,us/frame,master,final,1608.9304166666666,1534.0971666666667,74.83324999999991,57.24572291666682,91.07275208333337,-4.65111786220297,-5.614437007733829,-3.578601401958012,improvement,12,5,10000,2249049410520458099
cpu,DoulosSIL-Regular,2,grid_pollution,hot_return,complete_us,1,us/frame,master,final,1538.2535833333334,1527.9548333333332,10.298750000000155,-2.298179166666472,22.145754166666585,-0.6695092481230014,-1.4364276764789743,0.14998956654830808,uncertain,12,5,10000,2249049410520458099
cpu,DoulosSIL-Regular,2,grid_pollution,hot_return,draw_us,1,us/frame,master,final,1537.9581666666668,1527.5973333333334,10.360833333333403,-2.261006250000133,22.221837499999953,-0.6736745873777039,-1.4417780384891048,0.1475691123081096,uncertain,12,5,10000,2249049410520458099
cpu,DoulosSIL-Regular,2,grid_pollution,hot_return,submit_us,1,us/frame,master,final,1538.21175,1527.9166666666667,10.295083333333196,-2.3018395833334298,22.138752083333628,-0.6692890841155763,-1.4362394613823095,0.15005563547220374,uncertain,12,5,10000,2249049410520458099
cpu,DoulosSIL-Regular,2,grid_pollution,hot_second,complete_us,1,us/frame,master,final,1479.96875,178.22566666666665,1301.7430833333333,1290.13540625,1315.5906749999997,-87.95747094885168,-88.15046511186642,-87.7501397864354,improvement,12,5,10000,2249049410520458099
cpu,DoulosSIL-Regular,2,grid_pollution,hot_second,draw_us,1,us/frame,master,final,1479.85075,178.10775,1301.743,1290.135241666667,1315.5905104166666,-87.9644788503165,-88.15749365392492,-87.75714490789161,improvement,12,5,10000,2249049410520458099
cpu,DoulosSIL-Regular,2,grid_pollution,hot_second,submit_us,1,us/frame,master,final,1479.9375833333334,178.19091666666668,1301.7466666666667,1290.14199375,1315.5942666666667,-87.95956541185211,-88.15256711517263,-87.75221088707559,improvement,12,5,10000,2249049410520458099
cpu,DoulosSIL-Regular,2,grid_pollution,pollution,complete_us,64,us/frame,master,final,1533.536707,1517.3968450833333,16.139861916666632,6.409896595833049,26.109839641666564,-1.052460097172403,-1.701426147160662,-0.4185857517665593,improvement,12,5,10000,2249049410520458099
cpu,DoulosSIL-Regular,2,grid_pollution,pollution,draw_us,64,us/frame,master,final,1533.4016170833333,1517.27087625,16.130740833333448,6.4021289520836095,26.084906024999857,-1.051957990237129,-1.7009698740984274,-0.41776492673704313,improvement,12,5,10000,2249049410520458099
cpu,DoulosSIL-Regular,2,grid_pollution,pollution,submit_us,64,us/frame,master,final,1533.5029596666666,1517.3632056666665,16.13975400000004,6.409246933333543,26.11014542708345,-1.052476221076759,-1.701424566847349,-0.4186114634554554,improvement,12,5,10000,2249049410520458099
cpu,DoulosSIL-Regular,2,grid_singleton,once,complete_us,1,us/frame,master,final,1630.0243333333333,1546.26725,83.75708333333318,70.8853250000001,97.55968541666624,-5.138394662001966,-5.990636274244034,-4.345303843854489,improvement,12,5,10000,2249049410520458099
cpu,DoulosSIL-Regular,2,grid_singleton,once,draw_us,1,us/frame,master,final,1629.84725,1546.0935,83.75375000000008,70.88549583333345,97.57308541666654,-5.1387484317932275,-5.990573392259323,-4.346166678934056,improvement,12,5,10000,2249049410520458099
cpu,DoulosSIL-Regular,2,grid_singleton,once,submit_us,1,us/frame,master,final,1629.9964166666666,1546.2323333333334,83.76408333333325,70.8890791666668,97.56317708333317,-5.138912115195337,-5.990553848581578,-4.346634397554799,improvement,12,5,10000,2249049410520458099
cpu,DoulosSIL-Regular,2,grid_two_phases,first,complete_us,1,us/frame,master,final,1573.1771666666666,1490.23975,82.93741666666665,66.50673541666673,98.26545416666639,-5.271969262203246,-6.223408311353948,-4.239550885873461,improvement,12,5,10000,2249049410520458099
cpu,DoulosSIL-Regular,2,grid_two_phases,first,draw_us,1,us/frame,master,final,1572.9966666666667,1490.08,82.91666666666674,66.4859062499997,98.25835208333305,-5.271255077887438,-6.222387988266731,-4.23903559137919,improvement,12,5,10000,2249049410520458099
cpu,DoulosSIL-Regular,2,grid_two_phases,first,submit_us,1,us/frame,master,final,1573.1355833333332,1490.2014166666668,82.93416666666644,66.5069062500001,98.2655270833331,-5.271902024550002,-6.222916995589269,-4.239673525283525,improvement,12,5,10000,2249049410520458099
cpu,DoulosSIL-Regular,2,grid_two_phases,second,complete_us,1,us/frame,master,final,1474.79875,175.89225,1298.9065,1290.781075,1304.5942520833337,-88.07347443168094,-88.27462101049628,-87.87689831180676,improvement,12,5,10000,2249049410520458099
cpu,DoulosSIL-Regular,2,grid_two_phases,second,draw_us,1,us/frame,master,final,1474.6493333333333,175.76375,1298.8855833333332,1290.7669875000001,1304.5699187500004,-88.08097993014384,-88.28204293052924,-87.88423717225405,improvement,12,5,10000,2249049410520458099
cpu,DoulosSIL-Regular,2,grid_two_phases,second,submit_us,1,us/frame,master,final,1474.7604166666667,175.85758333333334,1298.9028333333333,1290.7706583333334,1304.59408125,-88.07551509072802,-88.27710985526576,-87.87879749893521,improvement,12,5,10000,2249049410520458099
cpu,DoulosSIL-Regular,2,grid_unique_sizes,sweep,complete_us,32,us/frame,master,final,1511.20550775,1498.21109125,12.994416499999943,4.087906510416684,21.715366233333224,-0.8598709065947618,-1.4369697759444435,-0.27057195258772926,improvement,12,5,10000,2249049410520458099
cpu,DoulosSIL-Regular,2,grid_unique_sizes,sweep,draw_us,32,us/frame,master,final,1511.0660599166667,1498.0790183333334,12.987041583333394,4.084612825000125,21.715547379167,-0.8594621987638051,-1.4371330787930858,-0.2700733710151552,improvement,12,5,10000,2249049410520458099
cpu,DoulosSIL-Regular,2,grid_unique_sizes,sweep,submit_us,32,us/frame,master,final,1511.1717525,1498.1764584166667,12.995294083333192,4.088489904167221,21.716138141666566,-0.8599481866858993,-1.43714575929054,-0.27064005741388786,improvement,12,5,10000,2249049410520458099
cpu,DoulosSIL-Regular,2,grid_unique_variations,sweep,complete_us,32,us/frame,master,final,249.9162135,175.318617,74.59759650000001,73.1994236125,76.0442090666667,-29.849042387159884,-30.28474873990617,-29.372688032549842,improvement,12,5,10000,2249049410520458099
cpu,DoulosSIL-Regular,2,grid_unique_variations,sweep,draw_us,32,us/frame,master,final,249.78839575,175.21213275,74.57626300000001,73.18525821666665,76.00111264583336,-29.855775636046545,-30.290448991785414,-29.381184090848,improvement,12,5,10000,2249049410520458099
cpu,DoulosSIL-Regular,2,grid_unique_variations,sweep,submit_us,32,us/frame,master,final,249.88248975,175.28507025,74.5974195,73.19926626250003,76.0438329416667,-29.85299993394195,-30.288516609318524,-29.37700950400965,improvement,12,5,10000,2249049410520458099
cpu,DoulosSIL-Regular,2,text,first_paint,complete_us,1,us/frame,master,final,29662.631916666665,23528.385416666668,6134.2464999999975,6001.949420833334,6282.474327083338,-20.680047937867997,-21.09694703608265,-20.28940082634174,improvement,12,5,10000,2249049410520458099
cpu,DoulosSIL-Regular,2,text,first_paint,draw_us,1,us/frame,master,final,29659.711750000002,23525.534666666666,6134.177083333336,6001.91545,6282.487550000002,-20.681849962123565,-21.09883556027799,-20.290773076898247,improvement,12,5,10000,2249049410520458099
cpu,DoulosSIL-Regular,2,text,first_paint,submit_us,1,us/frame,master,final,29662.607583333334,23528.368,6134.239583333336,6001.935760416667,6282.470741666668,-20.68004158467851,-21.096943970328116,-20.28937758359409,improvement,12,5,10000,2249049410520458099
cpu,DoulosSIL-Regular,2,text,reflow,complete_us,3,us/frame,master,final,3834.3298610833335,3779.4536389166665,54.87622216666705,43.23035625208303,65.84386436041633,-1.4311815663966554,-1.711475035129939,-1.1328151658004681,improvement,12,5,10000,2249049410520458099
cpu,DoulosSIL-Regular,2,text,reflow,draw_us,3,us/frame,master,final,3833.7998611666667,3778.8668889166665,54.93297225000015,43.37030283541698,65.83367894583314,-1.4328596754991652,-1.71201703205878,-1.1362909611491,improvement,12,5,10000,2249049410520458099
cpu,DoulosSIL-Regular,2,text,reflow,submit_us,3,us/frame,master,final,3834.3114721666666,3779.43402775,54.87744441666655,43.233941027082686,65.84395344583274,-1.4312203068275187,-1.7116305976505708,-1.1330651716159261,improvement,12,5,10000,2249049410520458099
cpu,DoulosSIL-Regular,2,text,reported_sequence,complete_us,88,us/sequence,master,final,222805.74191391666,170878.3527485,51927.38916541665,51409.100971293774,52467.41634555831,-23.30612699625997,-23.483959831382034,-23.106069743529215,improvement,12,5,10000,2249049410520458099
cpu,DoulosSIL-Regular,2,text,reported_sequence,draw_us,88,us/sequence,master,final,222762.38591558332,170836.96358441666,51925.42233116666,51408.49999736043,52464.32820075,-23.309780112897517,-23.487288052162466,-23.110281221192118,improvement,12,5,10000,2249049410520458099
cpu,DoulosSIL-Regular,2,text,reported_sequence,submit_us,88,us/sequence,master,final,222803.83591566666,170876.38749991666,51927.44841575,51409.228644714574,52467.50332273543,-23.306352963961096,-23.48414290544412,-23.10628503303582,improvement,12,5,10000,2249049410520458099
cpu,DoulosSIL-Regular,2,text,size_advance,complete_us,12,us/frame,master,final,13239.059625083333,9668.713499916666,3570.3461251666668,3532.084933327084,3609.461110572919,-26.968275891756875,-27.179256221151412,-26.74629816755338,improvement,12,5,10000,2249049410520458099
cpu,DoulosSIL-Regular,2,text,size_advance,draw_us,12,us/frame,master,final,13238.092562583333,9667.84460425,3570.2479583333334,3532.048593287499,3609.3543744791677,-26.96950441655336,-27.179993032285992,-26.74767576509512,improvement,12,5,10000,2249049410520458099
cpu,DoulosSIL-Regular,2,text,size_advance,submit_us,12,us/frame,master,final,13239.041090333334,9668.692145916666,3570.348944416668,3532.087878993752,3609.4665836250015,-26.968334942502803,-27.17932251814188,-26.746338686161245,improvement,12,5,10000,2249049410520458099
cpu,DoulosSIL-Regular,2,text,size_return,complete_us,12,us/frame,master,final,271.10902775,273.97190275,-2.862875000000031,-5.059850454166707,-0.1707979208332889,1.0559865983658767,0.06314497188887158,1.8714920037542568,regression,12,5,10000,2249049410520458099
cpu,DoulosSIL-Regular,2,text,size_return,draw_us,12,us/frame,master,final,270.68399325,273.5703194166667,-2.886326166666663,-5.08048923958341,-0.20024729374997538,1.066308403393812,0.07454964400258451,1.8840397470443258,regression,12,5,10000,2249049410520458099
cpu,DoulosSIL-Regular,2,text,size_return,submit_us,12,us/frame,master,final,271.0856181666667,273.9534306666667,-2.8678125000000136,-5.0642849604166695,-0.17790184375000637,1.057899168312515,0.06561988969833177,1.8735721364227107,regression,12,5,10000,2249049410520458099
cpu,DoulosSIL-Regular,2,text,warm,complete_us,30,us/frame,master,final,249.48491941666666,255.61586941666667,-6.130950000000013,-8.806459877083379,-3.648558089583346,2.4574431249532402,1.4569692012006474,3.540508221710877,regression,12,5,10000,2249049410520458099
cpu,DoulosSIL-Regular,2,text,warm,draw_us,30,us/frame,master,final,249.167925,255.30693891666667,-6.13901391666667,-8.810789977083314,-3.654414331250017,2.463805851682821,1.462333667647275,3.546412049384106,regression,12,5,10000,2249049410520458099
cpu,DoulosSIL-Regular,2,text,warm,submit_us,30,us/frame,master,final,249.46549441666667,255.59607208333333,-6.130577666666653,-8.803910154166635,-3.64954444374999,2.4574852249614754,1.4575996310449875,3.540478392680609,regression,12,5,10000,2249049410520458099
cpu,DoulosSIL-Regular,2,text,x_advance,complete_us,10,us/frame,master,final,699.0715083333333,379.18336666666664,319.8881416666667,314.11803958333337,325.58585249999993,-45.75900145456031,-46.2960728477943,-45.18980969572284,improvement,12,5,10000,2249049410520458099
cpu,DoulosSIL-Regular,2,text,x_advance,draw_us,10,us/frame,master,final,698.6458083333333,378.75936666666666,319.88644166666666,314.1166341666667,325.5696310416667,-45.786640075860085,-46.32283340455891,-45.218395540818584,improvement,12,5,10000,2249049410520458099
cpu,DoulosSIL-Regular,2,text,x_advance,submit_us,10,us/frame,master,final,699.0489749999999,379.16113333333334,319.8878416666666,314.1204641666666,325.581123125,-45.76043354711544,-46.29739119277448,-45.191369479181745,improvement,12,5,10000,2249049410520458099
cpu,DoulosSIL-Regular,2,text,x_return,complete_us,10,us/frame,master,final,254.59333333333333,258.339325,-3.74599166666664,-7.296413125000036,0.055803749999976476,1.471362826992051,-0.021998751996261657,2.872802362808173,uncertain,12,5,10000,2249049410520458099
cpu,DoulosSIL-Regular,2,text,x_return,draw_us,10,us/frame,master,final,254.22014166666668,257.98199166666666,-3.7618499999999813,-7.304270000000001,0.03057687500000444,1.479760799178731,-0.012031347296611308,2.8811984229936227,uncertain,12,5,10000,2249049410520458099
cpu,DoulosSIL-Regular,2,text,x_return,submit_us,10,us/frame,master,final,254.57254166666667,258.3209,-3.7483583333333286,-7.296705624999984,0.05312687499997356,1.4724126603729903,-0.020945027121750108,2.8736752576207953,uncertain,12,5,10000,2249049410520458099
cpu,DoulosSIL-Regular,2,text,y_advance,complete_us,10,us/frame,master,final,249.5861,254.77153333333334,-5.18543333333335,-8.619575416666606,-2.0225572916666428,2.0776130294649198,0.8072255852835925,3.4678084952166532,regression,12,5,10000,2249049410520458099
cpu,DoulosSIL-Regular,2,text,y_advance,draw_us,10,us/frame,master,final,249.24895,254.43440833333332,-5.185458333333315,-8.61083437499997,-2.03334770833336,2.0804333712672873,0.8129376216848949,3.4684963629616514,regression,12,5,10000,2249049410520458099
cpu,DoulosSIL-Regular,2,text,y_advance,submit_us,10,us/frame,master,final,249.56798333333333,254.75071666666668,-5.182733333333346,-8.616169166666719,-2.0194906249999605,2.076681978237205,0.8058371431006778,3.4681213039356593,regression,12,5,10000,2249049410520458099
cpu,Rye-Regular,1,demo,first_paint,complete_us,1,us/frame,master,final,6468.027666666667,3774.03825,2693.989416666667,2667.609887499999,2722.774260416666,-41.650864150601706,-41.89665231870353,-41.39757536815472,improvement,12,5,10000,2249049410520458099
cpu,Rye-Regular,1,demo,first_paint,draw_us,1,us/frame,master,final,6465.295,3771.5868333333333,2693.708166666667,2667.5133312499997,2722.2341583333327,-41.664118445742496,-41.90960414139672,-41.4117187659187,improvement,12,5,10000,2249049410520458099
cpu,Rye-Regular,1,demo,first_paint,submit_us,1,us/frame,master,final,6467.9965,3774.0035,2693.9930000000004,2667.6062979166672,2722.791516666667,-41.65112025029699,-41.89690649373407,-41.39777734254195,improvement,12,5,10000,2249049410520458099
cpu,Rye-Regular,1,demo,pan,complete_us,10,us/frame,master,final,214.1232,214.50349166666666,-0.3802916666666647,-1.6921843749999994,1.0537777083333466,0.1776041394237815,-0.49164707878294994,0.788691288099878,uncertain,12,5,10000,2249049410520458099
cpu,Rye-Regular,1,demo,pan,draw_us,10,us/frame,master,final,212.34233333333333,212.73955,-0.39721666666667943,-1.6894849999999948,1.0239500000000048,0.1870642845593684,-0.48207980008137,0.7940136623528721,uncertain,12,5,10000,2249049410520458099
cpu,Rye-Regular,1,demo,pan,submit_us,10,us/frame,master,final,214.08679166666667,214.468725,-0.3819333333333361,-1.690640833333309,1.051068541666674,0.17840116634939562,-0.4907365702445299,0.7884809624361532,uncertain,12,5,10000,2249049410520458099
cpu,Rye-Regular,1,demo,reported_sequence,complete_us,65,us/sequence,master,final,135902.54333083334,81725.43424966666,54177.10908116668,53576.825724416674,54699.443455170825,-39.86467637274531,-40.01605819420113,-39.70658814076872,improvement,12,5,10000,2249049410520458099
cpu,Rye-Regular,1,demo,reported_sequence,draw_us,65,us/sequence,master,final,135792.33842066667,81617.53124866667,54174.807172,53574.381705783315,54696.17857331248,-39.89533415661024,-40.04618326127906,-39.737630634231486,improvement,12,5,10000,2249049410520458099
cpu,Rye-Regular,1,demo,reported_sequence,submit_us,65,us/sequence,master,final,135900.60549883335,81723.54191666667,54177.06358216668,53576.80769532083,54699.372601304145,-39.865211330961856,-40.01663633223278,-39.707171751710646,improvement,12,5,10000,2249049410520458099
cpu,Rye-Regular,1,demo,warm,complete_us,30,us/frame,master,final,210.38555283333335,211.34904433333332,-0.9634914999999751,-2.564265872916693,0.6525533000000389,0.4579646686877048,-0.3090314383166426,1.2200411599779586,uncertain,12,5,10000,2249049410520458099
cpu,Rye-Regular,1,demo,warm,draw_us,30,us/frame,master,final,208.62212225000002,209.65092483333333,-1.0288025833333165,-2.5958855333333024,0.553816041666657,0.4931416535493227,-0.2641774774334388,1.2448599267617257,uncertain,12,5,10000,2249049410520458099
cpu,Rye-Regular,1,demo,warm,submit_us,30,us/frame,master,final,210.3645915,211.32801941666668,-0.9634279166666886,-2.563922266666675,0.651913735416647,0.4579800763032438,-0.30902080143409005,1.2200225491888295,uncertain,12,5,10000,2249049410520458099
cpu,Rye-Regular,1,demo,zoom_in,complete_us,12,us/frame,master,final,6073.469027749999,3482.4111735833335,2591.057854166666,2560.2728278499994,2620.1228600645836,-42.66190940182598,-42.843855008493406,-42.48866452880035,improvement,12,5,10000,2249049410520458099
cpu,Rye-Regular,1,demo,zoom_in,draw_us,12,us/frame,master,final,6071.986937583333,3480.9837778333335,2591.0031597499997,2560.209143,2619.998694504167,-42.67142183249205,-42.85297667465018,-42.49850308844953,improvement,12,5,10000,2249049410520458099
cpu,Rye-Regular,1,demo,zoom_in,submit_us,12,us/frame,master,final,6073.430513916667,3482.3729861666666,2591.0575277500006,2560.271633379166,2620.121352629167,-42.66217456201809,-42.844116311452744,-42.48890241461185,improvement,12,5,10000,2249049410520458099
cpu,Rye-Regular,1,demo,zoom_out,complete_us,12,us/frame,master,final,4007.164951333333,2303.9259515,1703.2389998333333,1683.1892288854167,1721.6986472499996,-42.50483872061723,-42.68140669552059,-42.305748199849425,improvement,12,5,10000,2249049410520458099
cpu,Rye-Regular,1,demo,zoom_out,draw_us,12,us/frame,master,final,4005.6068125,2302.44734025,1703.1594722500004,1683.1041337395827,1721.6083872895827,-42.51938724827102,-42.69622462763448,-42.319987511751705,improvement,12,5,10000,2249049410520458099
cpu,Rye-Regular,1,demo,zoom_out,submit_us,12,us/frame,master,final,4007.1293333333333,2303.8906318333334,1703.2387015,1683.1898345041668,1721.7007062416662,-42.50520908650481,-42.68179875380903,-42.306110029103216,improvement,12,5,10000,2249049410520458099
cpu,Rye-Regular,1,font_variations,first_paint,complete_us,1,us/frame,master,final,1072.4895833333333,1027.5519166666666,44.9376666666667,37.77099791666662,53.46583541666649,-4.190032925727715,-4.994949053927585,-3.5279755554705874,improvement,12,5,10000,2249049410520458099
cpu,Rye-Regular,1,font_variations,first_paint,draw_us,1,us/frame,master,final,1072.2049166666666,1027.2881666666667,44.916749999999865,37.739995833333346,53.44842291666658,-4.189194556171194,-4.996434778855352,-3.525771250937174,improvement,12,5,10000,2249049410520458099
cpu,Rye-Regular,1,font_variations,first_paint,submit_us,1,us/frame,master,final,1072.4583333333333,1027.52425,44.93408333333332,37.77091041666683,53.47225625000002,-4.189820894362639,-4.9953669199771396,-3.527393886926006,improvement,12,5,10000,2249049410520458099
cpu,Rye-Regular,1,font_variations,reported_sequence,complete_us,63,us/sequence,master,final,10593.131751166666,10323.948080833334,269.183670333332,231.12261678333044,309.6435035541656,-2.541115098504143,-2.9167657482946283,-2.182799784068229,improvement,12,5,10000,2249049410520458099
cpu,Rye-Regular,1,font_variations,reported_sequence,draw_us,63,us/sequence,master,final,10585.073669,10315.982253166667,269.0914158333326,231.1134374875008,309.421927362499,-2.542178016402552,-2.916540200232842,-2.184331009919573,improvement,12,5,10000,2249049410520458099
cpu,Rye-Regular,1,font_variations,reported_sequence,submit_us,63,us/sequence,master,final,10591.295750333333,10322.177248166667,269.1185021666661,230.98638288333268,309.578422008332,-2.5409403014564735,-2.9171237385574416,-2.1820914726560847,improvement,12,5,10000,2249049410520458099
cpu,Rye-Regular,1,font_variations,slant_advance,complete_us,10,us/frame,master,final,469.05378333333334,456.3985583333333,12.65522500000003,8.831092083333273,16.989238125000014,-2.698032816208329,-3.5914717936235028,-1.8899494331809308,improvement,12,5,10000,2249049410520458099
cpu,Rye-Regular,1,font_variations,slant_advance,draw_us,10,us/frame,master,final,468.881625,456.2413,12.640324999999962,8.813574375000053,16.97205625000005,-2.6958456732016245,-3.587306911552655,-1.888183094754181,improvement,12,5,10000,2249049410520458099
cpu,Rye-Regular,1,font_variations,slant_advance,submit_us,10,us/frame,master,final,469.01665833333334,456.36492499999997,12.651733333333368,8.827330208333391,16.98701270833336,-2.697501913533673,-3.5907478084846116,-1.889126313472602,improvement,12,5,10000,2249049410520458099
cpu,Rye-Regular,1,font_variations,slant_return,complete_us,10,us/frame,master,final,39.392316666666666,39.142358333333334,0.24995833333333195,-0.3241022916666661,0.8226583333333366,-0.6345357533766083,-2.059843052274452,0.8361277816192063,uncertain,12,5,10000,2249049410520458099
cpu,Rye-Regular,1,font_variations,slant_return,draw_us,10,us/frame,master,final,39.25689166666667,39.00135,0.2555416666666659,-0.3188739583333387,0.8257583333333329,-0.650947275287328,-2.07619109619526,0.8228492618309244,uncertain,12,5,10000,2249049410520458099
cpu,Rye-Regular,1,font_variations,slant_return,submit_us,10,us/frame,master,final,39.35798333333334,39.107641666666666,0.2503416666666709,-0.3264002083333256,0.8246762499999984,-0.6360632468042415,-2.0690643007212857,0.8433564373914911,uncertain,12,5,10000,2249049410520458099
cpu,Rye-Regular,1,font_variations,warm,complete_us,30,us/frame,master,final,37.15116125,37.186236083333334,-0.03507483333333283,-0.4707455875000022,0.4191544062500014,0.09441113589236938,-1.1160908818135442,1.2738366768134095,uncertain,12,5,10000,2249049410520458099
cpu,Rye-Regular,1,font_variations,warm,draw_us,30,us/frame,master,final,37.061788916666664,37.101375,-0.03958608333333302,-0.4750031250000015,0.4127523166666618,0.10681104309979705,-1.1021712375435513,1.2874930761203374,uncertain,12,5,10000,2249049410520458099
cpu,Rye-Regular,1,font_variations,warm,submit_us,30,us/frame,master,final,37.13103341666667,37.166550083333334,-0.0355166666666662,-0.4691014687500045,0.41705761041666306,0.09565224395484684,-1.112084138571998,1.2699865679862392,uncertain,12,5,10000,2249049410520458099
cpu,Rye-Regular,1,font_variations,weight_advance,complete_us,6,us/frame,master,final,512.827528,497.0156528333333,15.81187516666671,13.580983208333384,17.81776445833336,-3.0832734795521177,-3.458807073391958,-2.657127697037204,improvement,12,5,10000,2249049410520458099
cpu,Rye-Regular,1,font_variations,weight_advance,draw_us,6,us/frame,master,final,512.6186945000001,496.8275693333333,15.791125166666745,13.557859627083394,17.794679943750037,-3.0804817179110433,-3.455834802287948,-2.654770766818435,improvement,12,5,10000,2249049410520458099
cpu,Rye-Regular,1,font_variations,weight_advance,submit_us,6,us/frame,master,final,512.7905,496.97986108333333,15.810638916666619,13.578475002083353,17.815386595833466,-3.083255036250987,-3.4589026881634934,-2.657202036951674,improvement,12,5,10000,2249049410520458099
cpu,Rye-Regular,1,font_variations,weight_return,complete_us,6,us/frame,master,final,38.65152775,38.38777775,0.2637500000000017,-0.4203477749999992,0.9756139166666643,-0.6823792366137504,-2.50194519572089,1.0960929626472167,uncertain,12,5,10000,2249049410520458099
cpu,Rye-Regular,1,font_variations,weight_return,draw_us,6,us/frame,master,final,38.520764,38.25813875,0.26262524999999926,-0.41793241458333785,0.9721394874999977,-0.6817758079772251,-2.4968784440244396,1.0955898754076734,uncertain,12,5,10000,2249049410520458099
cpu,Rye-Regular,1,font_variations,weight_return,submit_us,6,us/frame,master,final,38.61690275,38.350124916666665,0.26677783333333593,-0.4166545958333365,0.978584083333332,-0.690831771414746,-2.5099471268653004,1.0856440462376853,uncertain,12,5,10000,2249049410520458099
cpu,Rye-Regular,1,grid_pollution,hot_first,complete_us,1,us/frame,master,final,2362.62825,2218.5245,144.10375000000022,123.19390208333333,162.54458541666668,-6.0992985248525695,-6.86351109486827,-5.219505751596895,improvement,12,5,10000,2249049410520458099
cpu,Rye-Regular,1,grid_pollution,hot_first,draw_us,1,us/frame,master,final,2362.447666666667,2218.3716666666664,144.07600000000048,123.2008145833334,162.5066666666671,-6.098590120444314,-6.863067803182607,-5.221158483960326,improvement,12,5,10000,2249049410520458099
cpu,Rye-Regular,1,grid_pollution,hot_first,submit_us,1,us/frame,master,final,2362.6073333333334,2218.507,144.1003333333333,123.19722916666647,162.53425208333303,-6.099207909002224,-6.862985317319754,-5.219980023655574,improvement,12,5,10000,2249049410520458099
cpu,Rye-Regular,1,grid_pollution,hot_return,complete_us,1,us/frame,master,final,2242.503583333333,2213.8159166666665,28.6876666666667,11.468660416667126,46.35102083333338,-1.2792696020589855,-2.046050133875531,-0.5155289201750767,improvement,12,5,10000,2249049410520458099
cpu,Rye-Regular,1,grid_pollution,hot_return,draw_us,1,us/frame,master,final,2242.1944166666667,2213.5834999999997,28.61091666666698,11.339995833333479,46.27450833333327,-1.2760230091555136,-2.0450292465324247,-0.5096523297387433,improvement,12,5,10000,2249049410520458099
cpu,Rye-Regular,1,grid_pollution,hot_return,submit_us,1,us/frame,master,final,2242.48275,2213.7986666666666,28.684083333333547,11.45141458333345,46.354095833332714,-1.2791216937269034,-2.045888704852203,-0.5147841911269175,improvement,12,5,10000,2249049410520458099
cpu,Rye-Regular,1,grid_pollution,hot_second,complete_us,1,us/frame,master,final,2180.9338333333335,338.54525,1842.3885833333334,1821.0862270833334,1861.6601895833332,-84.4770508474084,-84.63528397726046,-84.31447360778641,improvement,12,5,10000,2249049410520458099
cpu,Rye-Regular,1,grid_pollution,hot_second,draw_us,1,us/frame,master,final,2180.8123333333333,338.4479166666667,1842.3644166666666,1821.0512270833335,1861.6534395833332,-84.48064918317135,-84.63902604314187,-84.31772318804799,improvement,12,5,10000,2249049410520458099
cpu,Rye-Regular,1,grid_pollution,hot_second,submit_us,1,us/frame,master,final,2180.9129166666667,338.53141666666664,1842.3815,1821.0688145833337,1861.6531041666672,-84.47753626109555,-84.6355537823108,-84.31480666210075,improvement,12,5,10000,2249049410520458099
cpu,Rye-Regular,1,grid_pollution,pollution,complete_us,64,us/frame,master,final,2286.8892903333335,2259.602328,27.286962333333577,19.808194374999697,35.085067229166704,-1.193191224808099,-1.5253256573188958,-0.8714912202519018,improvement,12,5,10000,2249049410520458099
cpu,Rye-Regular,1,grid_pollution,pollution,draw_us,64,us/frame,master,final,2286.7688646666666,2259.4621301666666,27.306734499999948,19.84443936875034,35.097659964583805,-1.1941186939319448,-1.5252666027477124,-0.872661726320481,improvement,12,5,10000,2249049410520458099
cpu,Rye-Regular,1,grid_pollution,pollution,submit_us,64,us/frame,master,final,2286.86819025,2259.580513,27.287677250000343,19.809158029165907,35.08662906875055,-1.1932334957624802,-1.5252807094466958,-0.8715133647300399,improvement,12,5,10000,2249049410520458099
cpu,Rye-Regular,1,grid_singleton,once,complete_us,1,us/frame,master,final,2365.9477500000003,2254.802,111.14575000000013,85.04472916666677,137.25035208333375,-4.697726312848626,-5.741798561612002,-3.6073634250572195,improvement,12,5,10000,2249049410520458099
cpu,Rye-Regular,1,grid_singleton,once,draw_us,1,us/frame,master,final,2365.7569166666667,2254.6005833333334,111.15633333333335,85.02432708333286,137.33342916666723,-4.698552609113859,-5.744023857756703,-3.607795470596655,improvement,12,5,10000,2249049410520458099
cpu,Rye-Regular,1,grid_singleton,once,submit_us,1,us/frame,master,final,2365.9303333333332,2254.7880833333334,111.14224999999988,85.05139166666636,137.24308541666616,-4.69761296155381,-5.7415432025837925,-3.6070813711539786,improvement,12,5,10000,2249049410520458099
cpu,Rye-Regular,1,grid_two_phases,first,complete_us,1,us/frame,master,final,2300.65975,2191.0070833333334,109.65266666666639,84.66264583333337,132.42428124999986,-4.7661400894533195,-5.743831214293394,-3.687107777221467,improvement,12,5,10000,2249049410520458099
cpu,Rye-Regular,1,grid_two_phases,first,draw_us,1,us/frame,master,final,2300.5035,2190.8195833333334,109.68391666666639,84.69423333333339,132.47243124999974,-4.767822203559624,-5.744824725294771,-3.6895526507671184,improvement,12,5,10000,2249049410520458099
cpu,Rye-Regular,1,grid_two_phases,first,submit_us,1,us/frame,master,final,2300.6424166666666,2190.9861666666666,109.65625,84.65930833333317,132.43094583333277,-4.766331751758179,-5.744180718933848,-3.6874201780486606,improvement,12,5,10000,2249049410520458099
cpu,Rye-Regular,1,grid_two_phases,second,complete_us,1,us/frame,master,final,2182.6666666666665,338.43058333333335,1844.2360833333332,1820.8368291666666,1863.7161999999998,-84.49462813072694,-84.71215653367763,-84.24729376026214,improvement,12,5,10000,2249049410520458099
cpu,Rye-Regular,1,grid_two_phases,second,draw_us,1,us/frame,master,final,2182.520916666667,338.31600000000003,1844.2049166666668,1820.8224812499998,1863.6849499999998,-84.49884271823129,-84.7164924919093,-84.2514142345904,improvement,12,5,10000,2249049410520458099
cpu,Rye-Regular,1,grid_two_phases,second,submit_us,1,us/frame,master,final,2182.639,338.41325,1844.22575,1820.8334020833333,1863.7228541666664,-84.4952257336188,-84.71274158169668,-84.2476887629595,improvement,12,5,10000,2249049410520458099
cpu,Rye-Regular,1,grid_unique_sizes,sweep,complete_us,32,us/frame,master,final,2224.905802,2200.5819373333334,24.32386466666685,14.133590108332829,33.59192745208314,-1.093253684933615,-1.506478924537168,-0.6377356666460178,improvement,12,5,10000,2249049410520458099
cpu,Rye-Regular,1,grid_unique_sizes,sweep,draw_us,32,us/frame,master,final,2224.7820129166666,2200.4529089166667,24.329103999999916,14.15334228125007,33.59952905000006,-1.0935500133833154,-1.5067926645796803,-0.6383542690440469,improvement,12,5,10000,2249049410520458099
cpu,Rye-Regular,1,grid_unique_sizes,sweep,submit_us,32,us/frame,master,final,2224.88520325,2200.5607969166667,24.324406333333172,14.133314929166692,33.59239702499978,-1.0932881524764237,-1.5065616860829225,-0.6378347248060519,improvement,12,5,10000,2249049410520458099
cpu,Rye-Regular,1,grid_unique_variations,sweep,complete_us,32,us/frame,master,final,249.23249216666667,174.62588008333333,74.60661208333335,73.10297201041669,76.31696211874997,-29.934544823891752,-30.44422937308276,-29.416606567115227,improvement,12,5,10000,2249049410520458099
cpu,Rye-Regular,1,grid_unique_variations,sweep,draw_us,32,us/frame,master,final,249.1365,174.53830733333334,74.59819266666668,73.08974200833332,76.31172900833333,-29.94269914952914,-30.453510771370244,-29.424100840510576,improvement,12,5,10000,2249049410520458099
cpu,Rye-Regular,1,grid_unique_variations,sweep,submit_us,32,us/frame,master,final,249.21114058333333,174.60288266666666,74.60825791666667,73.10499493958336,76.31887046250004,-29.937769933571058,-30.447030291534947,-29.420057250728167,improvement,12,5,10000,2249049410520458099
cpu,Rye-Regular,1,text,first_paint,complete_us,1,us/frame,master,final,27405.01725,20102.816,7302.201250000002,7189.343229166663,7423.313618749998,-26.64549043478527,-27.009262235085185,-26.284837605701465,improvement,12,5,10000,2249049410520458099
cpu,Rye-Regular,1,text,first_paint,draw_us,1,us/frame,master,final,27402.097,20099.649416666667,7302.4475833333345,7189.475062500001,7423.7114854166675,-26.649229010952457,-27.013181023462113,-26.288206172393622,improvement,12,5,10000,2249049410520458099
cpu,Rye-Regular,1,text,first_paint,submit_us,1,us/frame,master,final,27404.98575,20102.781333333332,7302.204416666667,7189.346372916671,7423.323681250003,-26.64553261687672,-27.00929608512907,-26.28490364049897,improvement,12,5,10000,2249049410520458099
cpu,Rye-Regular,1,text,reflow,complete_us,3,us/frame,master,final,1632.8589165833332,1638.0520555833334,-5.193139000000201,-15.237111943749778,5.244421575000086,0.3180396632714855,-0.32004145100074294,0.9391891900504378,uncertain,12,5,10000,2249049410520458099
cpu,Rye-Regular,1,text,reflow,draw_us,3,us/frame,master,final,1632.295111,1637.4711111666668,-5.176000166666881,-15.203895297916853,5.280058062499739,0.3170995325407766,-0.32200960995932865,0.9380574920218928,uncertain,12,5,10000,2249049410520458099
cpu,Rye-Regular,1,text,reflow,submit_us,3,us/frame,master,final,1632.8228888333333,1638.0114999166667,-5.188611083333399,-15.232639497916722,5.2513562770833,0.31776937467116184,-0.32068085224283477,0.9394255089871967,uncertain,12,5,10000,2249049410520458099
cpu,Rye-Regular,1,text,reported_sequence,complete_us,88,us/sequence,master,final,174369.07475041668,110179.42116491667,64189.65358550001,63532.25579454579,64849.87605465207,-36.812521760167584,-36.98254902197483,-36.637801184698674,improvement,12,5,10000,2249049410520458099
cpu,Rye-Regular,1,text,reported_sequence,draw_us,88,us/sequence,master,final,174325.37441358334,110137.183168,64188.19124558334,63530.90450027708,64848.02556137505,-36.8209111619621,-36.9912784250895,-36.64622378970649,improvement,12,5,10000,2249049410520458099
cpu,Rye-Regular,1,text,reported_sequence,submit_us,88,us/sequence,master,final,174366.26700066667,110176.61225325,64189.65474741667,63532.28732780001,64849.9363636,-36.81311520374021,-36.98315720277184,-36.6383926379759,improvement,12,5,10000,2249049410520458099
cpu,Rye-Regular,1,text,size_advance,complete_us,12,us/frame,master,final,9859.388895916667,5404.687770833333,4454.701125083334,4406.382374610417,4501.354169066668,-45.182324909896586,-45.34635916427366,-45.00987404516081,improvement,12,5,10000,2249049410520458099
cpu,Rye-Regular,1,text,size_advance,draw_us,12,us/frame,master,final,9858.510111083333,5403.9132291666665,4454.5968819166665,4406.270809804166,4501.17508680625,-45.18529505699477,-45.349007414449524,-45.01311220237281,improvement,12,5,10000,2249049410520458099
cpu,Rye-Regular,1,text,size_advance,submit_us,12,us/frame,master,final,9859.35184025,5404.65141675,4454.7004234999995,4406.377338404167,4501.3496616645825,-45.182487608506364,-45.34651690200146,-45.01002350138712,improvement,12,5,10000,2249049410520458099
cpu,Rye-Regular,1,text,size_return,complete_us,12,us/frame,master,final,276.28179166666666,280.8585485,-4.57675683333332,-7.0310982958333454,-1.366831575000003,1.656553913931158,0.49071215413145797,2.551679555108577,regression,12,5,10000,2249049410520458099
cpu,Rye-Regular,1,text,size_return,draw_us,12,us/frame,master,final,275.8234444166667,280.3966875,-4.5732430833332955,-7.022361172916652,-1.3677571479167172,1.6580327654906801,0.4923942274759602,2.5547674853312614,regression,12,5,10000,2249049410520458099
cpu,Rye-Regular,1,text,size_return,submit_us,12,us/frame,master,final,276.24793758333334,280.821743,-4.573805416666687,-7.027929164583379,-1.3648125874999573,1.6556885299051194,0.48952562673607425,2.5514129361648434,regression,12,5,10000,2249049410520458099
cpu,Rye-Regular,1,text,warm,complete_us,30,us/frame,master,final,248.08159716666665,254.87951108333334,-6.797913916666687,-8.65355732083328,-5.283848152083314,2.7401927407375126,2.1283301202263445,3.490215393768326,regression,12,5,10000,2249049410520458099
cpu,Rye-Regular,1,text,warm,draw_us,30,us/frame,master,final,247.75059991666666,254.55949166666667,-6.808891750000015,-8.663466997916641,-5.294027949999993,2.748284667036227,2.13755208273039,3.495762121199931,regression,12,5,10000,2249049410520458099
cpu,Rye-Regular,1,text,warm,submit_us,30,us/frame,master,final,248.06170833333334,254.85797516666668,-6.796266833333334,-8.652426529166611,-5.283249681250018,2.7397484597666555,2.1276339101060495,3.4898941555435234,regression,12,5,10000,2249049410520458099
cpu,Rye-Regular,1,text,x_advance,complete_us,10,us/frame,master,final,793.9233166666667,406.839925,387.08339166666667,380.4208183333332,394.0433587499998,-48.75576564394895,-49.16151655175385,-48.39119340397865,improvement,12,5,10000,2249049410520458099
cpu,Rye-Regular,1,text,x_advance,draw_us,10,us/frame,master,final,793.469475,406.392725,387.07675,380.41494,394.0467583333333,-48.78281549520226,-49.1879757291864,-48.41898521815135,improvement,12,5,10000,2249049410520458099
cpu,Rye-Regular,1,text,x_advance,submit_us,10,us/frame,master,final,793.88505,406.8035,387.08155,380.42449666666676,394.04058937500014,-48.7578837767508,-49.16349755083421,-48.39323427667396,improvement,12,5,10000,2249049410520458099
cpu,Rye-Regular,1,text,x_return,complete_us,10,us/frame,master,final,253.69826666666665,259.767,-6.068733333333341,-8.032885624999999,-3.7763908333333838,2.3921067388714246,1.4823895875694049,3.171536411909135,regression,12,5,10000,2249049410520458099
cpu,Rye-Regular,1,text,x_return,draw_us,10,us/frame,master,final,253.28439166666666,259.34278333333333,-6.058391666666665,-8.014636666666654,-3.7705737500000414,2.391932494063731,1.4820308955624895,3.170698485054379,regression,12,5,10000,2249049410520458099
cpu,Rye-Regular,1,text,x_return,submit_us,10,us/frame,master,final,253.66184166666667,259.73129166666666,-6.069449999999989,-8.033293958333346,-3.7771158333333097,2.3927327658433306,1.483086488662253,3.1718375055772623,regression,12,5,10000,2249049410520458099
cpu,Rye-Regular,1,text,y_advance,complete_us,10,us/frame,master,final,248.8156,255.23408333333333,-6.4184833333333415,-7.822034583333336,-5.170978125000007,2.5796145150598804,2.068275119545754,3.1595389495575548,regression,12,5,10000,2249049410520458099
cpu,Rye-Regular,1,text,y_advance,draw_us,10,us/frame,master,final,248.398625,254.82716666666667,-6.428541666666661,-7.807024999999982,-5.214714583333315,2.5879940626348796,2.0907936157742157,3.1599735999254825,regression,12,5,10000,2249049410520458099
cpu,Rye-Regular,1,text,y_advance,submit_us,10,us/frame,master,final,248.780225,255.196225,-6.415999999999997,-7.818827083333385,-5.168739374999998,2.5789831165238253,2.0678308136794743,3.1591975627626327,regression,12,5,10000,2249049410520458099
cpu,Rye-Regular,2,demo,first_paint,complete_us,1,us/frame,master,final,6452.6005000000005,3797.96875,2654.6317500000005,2614.874310416667,2692.2150833333335,-41.140494440962215,-41.586886266813295,-40.59481946898957,improvement,12,5,10000,2249049410520458099
cpu,Rye-Regular,2,demo,first_paint,draw_us,1,us/frame,master,final,6449.885416666667,3795.3715833333335,2654.5138333333334,2614.8577854166665,2692.260420833333,-41.15598436018728,-41.60176658132409,-40.61067621034419,improvement,12,5,10000,2249049410520458099
cpu,Rye-Regular,2,demo,first_paint,submit_us,1,us/frame,master,final,6452.562333333333,3797.9272499999997,2654.6350833333336,2614.877733333333,2692.218254166667,-41.14078944452403,-41.58717969463622,-40.59511207061661,improvement,12,5,10000,2249049410520458099
cpu,Rye-Regular,2,demo,pan,complete_us,10,us/frame,master,final,224.1973,223.770075,0.4272250000000213,-1.192168541666645,2.1203658333333415,-0.19055760261164068,-0.9399433161609566,0.5349436185760208,uncertain,12,5,10000,2249049410520458099
cpu,Rye-Regular,2,demo,pan,draw_us,10,us/frame,master,final,222.38304166666666,221.9784,0.404641666666663,-1.2439264583333434,2.1209529166666106,-0.1819570699429396,-0.9463700892366461,0.5629692137792456,uncertain,12,5,10000,2249049410520458099
cpu,Rye-Regular,2,demo,pan,submit_us,10,us/frame,master,final,224.160425,223.73296666666667,0.42745833333333394,-1.1937097916666253,2.1212695833333144,-0.1906930419735442,-0.9398086478989209,0.5357198764200821,uncertain,12,5,10000,2249049410520458099
cpu,Rye-Regular,2,demo,reported_sequence,complete_us,65,us/sequence,master,final,136912.10841783334,82445.082998,54467.02541983334,53979.6199881875,54966.88212633335,-39.782475085117305,-39.96414204197479,-39.60319214943957,improvement,12,5,10000,2249049410520458099
cpu,Rye-Regular,2,demo,reported_sequence,draw_us,65,us/sequence,master,final,136804.16716433334,82336.9934945,54467.17366983334,53979.82218528334,54966.97292589167,-39.81397262877652,-39.99585463823174,-39.634041649826884,improvement,12,5,10000,2249049410520458099
cpu,Rye-Regular,2,demo,reported_sequence,submit_us,65,us/sequence,master,final,136910.15282966668,82443.17058216667,54466.98224750001,53979.53346435417,54966.8299729583,-39.78301179406595,-39.96476073295476,-39.60364131720426,improvement,12,5,10000,2249049410520458099
cpu,Rye-Regular,2,demo,warm,complete_us,30,us/frame,master,final,219.84039716666666,219.48414716666667,0.35624999999998863,-1.2431602062499905,1.91196817916663,-0.16204937972792433,-0.865458549001758,0.5672926519946512,uncertain,12,5,10000,2249049410520458099
cpu,Rye-Regular,2,demo,warm,draw_us,30,us/frame,master,final,218.11192225,217.56912508333335,0.5427971666666451,-1.1465978791666587,2.2499965916666644,-0.24886175916807307,-1.0250474937636347,0.5274368547536937,uncertain,12,5,10000,2249049410520458099
cpu,Rye-Regular,2,demo,warm,submit_us,30,us/frame,master,final,219.81911683333334,219.46484999999998,0.3542668333333552,-1.2458313250000073,1.9110391083333487,-0.16116288630254605,-0.8651801621432492,0.5688611519397262,uncertain,12,5,10000,2249049410520458099
cpu,Rye-Regular,2,demo,zoom_in,complete_us,12,us/frame,master,final,6101.07934725,3494.8101805,2606.26916675,2581.30528661875,2631.4012379875003,-42.718165400106614,-42.913859890197976,-42.52739749458619,improvement,12,5,10000,2249049410520458099
cpu,Rye-Regular,2,demo,zoom_in,draw_us,12,us/frame,master,final,6099.604458416667,3493.3619929166666,2606.2424655,2581.2924201916667,2631.4250870374995,-42.728056930047686,-42.92394538044043,-42.536509017666845,improvement,12,5,10000,2249049410520458099
cpu,Rye-Regular,2,demo,zoom_in,submit_us,12,us/frame,master,final,6101.040791666666,3494.7731598333335,2606.267631833333,2581.3060336416665,2631.3988888083336,-42.71841019966954,-42.91408496109458,-42.527684481969885,improvement,12,5,10000,2249049410520458099
cpu,Rye-Regular,2,demo,zoom_out,complete_us,12,us/frame,master,final,4030.9076528333335,2328.84315275,1702.0645000833333,1682.3380590124998,1722.8667594625003,-42.22534095731388,-42.55278742737126,-41.91528004245991,improvement,12,5,10000,2249049410520458099
cpu,Rye-Regular,2,demo,zoom_out,draw_us,12,us/frame,master,final,4029.3677569166666,2327.355861,1702.0118959166666,1682.3056508895838,1722.7844578041668,-42.24017261752926,-42.56740652786768,-41.93051497383523,improvement,12,5,10000,2249049410520458099
cpu,Rye-Regular,2,demo,zoom_out,submit_us,12,us/frame,master,final,4030.8700208333335,2328.8078888333334,1702.062132,1682.3360109937496,1722.8652393791663,-42.22567642228561,-42.55307520970908,-41.915633085732125,improvement,12,5,10000,2249049410520458099
cpu,Rye-Regular,2,font_variations,first_paint,complete_us,1,us/frame,master,final,1065.5381666666667,1022.2046666666666,43.33350000000007,33.02399999999981,54.66366458333313,-4.066818191558608,-5.11119612444493,-3.108771797865721,improvement,12,5,10000,2249049410520458099
cpu,Rye-Regular,2,font_variations,first_paint,draw_us,1,us/frame,master,final,1065.2291666666667,1021.9375,43.29166666666674,33.01006875000006,54.60458125000025,-4.064070720306667,-5.106580272407405,-3.1076421444331372,improvement,12,5,10000,2249049410520458099
cpu,Rye-Regular,2,font_variations,first_paint,submit_us,1,us/frame,master,final,1065.4966666666667,1022.1630833333334,43.33358333333331,33.0244041666669,54.66383124999993,-4.066984411025842,-5.111387931796899,-3.1089156627764294,improvement,12,5,10000,2249049410520458099
cpu,Rye-Regular,2,font_variations,reported_sequence,complete_us,63,us/sequence,master,final,10577.8964975,10333.316998833332,244.57949866666786,193.52455042083278,288.8063629375,-2.3121751921516,-2.7304069554635584,-1.8272794597171462,improvement,12,5,10000,2249049410520458099
cpu,Rye-Regular,2,font_variations,reported_sequence,draw_us,63,us/sequence,master,final,10569.697829333334,10325.634254166667,244.06357516666685,193.02051848333363,288.2138523416658,-2.3090875359684793,-2.7277711355759977,-1.8244082333822276,improvement,12,5,10000,2249049410520458099
cpu,Rye-Regular,2,font_variations,reported_sequence,submit_us,63,us/sequence,master,final,10576.029334333332,10331.4209175,244.60841683333274,193.59904881249957,288.8154790374994,-2.3128568302969055,-2.7310799466572306,-1.8283802288088011,improvement,12,5,10000,2249049410520458099
cpu,Rye-Regular,2,font_variations,slant_advance,complete_us,10,us/frame,master,final,467.21428333333336,456.8344583333333,10.37982500000004,6.72116333333337,14.069864375000002,-2.221641197684565,-3.0144720547873565,-1.4346547447324338,improvement,12,5,10000,2249049410520458099
cpu,Rye-Regular,2,font_variations,slant_advance,draw_us,10,us/frame,master,final,467.0475666666667,456.6757583333333,10.371808333333377,6.7121566666666626,14.061902708333337,-2.2207177755699026,-3.013620844527439,-1.4337985653260659,improvement,12,5,10000,2249049410520458099
cpu,Rye-Regular,2,font_variations,slant_advance,submit_us,10,us/frame,master,final,467.1771166666667,456.79695,10.380166666666696,6.720053125000061,14.071311875000037,-2.2218910765000044,-3.015456158412914,-1.4343846278903292,improvement,12,5,10000,2249049410520458099
cpu,Rye-Regular,2,font_variations,slant_return,complete_us,10,us/frame,master,final,39.600366666666666,38.979150000000004,0.6212166666666619,0.16570708333332806,1.0448247916666622,-1.5687144310953194,-2.6240579165474265,-0.42005832081652966,improvement,12,5,10000,2249049410520458099
cpu,Rye-Regular,2,font_variations,slant_return,draw_us,10,us/frame,master,final,39.459358333333334,38.8434,0.6159583333333316,0.16326562499999858,1.0375254166666745,-1.5609942972970248,-2.620235223976695,-0.4155603055993841,improvement,12,5,10000,2249049410520458099
cpu,Rye-Regular,2,font_variations,slant_return,submit_us,10,us/frame,master,final,39.562466666666666,38.942033333333335,0.620433333333331,0.16284874999999185,1.045433125000001,-1.5682372349550056,-2.6304466613798567,-0.414051759443812,improvement,12,5,10000,2249049410520458099
cpu,Rye-Regular,2,font_variations,warm,complete_us,30,us/frame,master,final,37.245611,37.27482208333333,-0.029211083333336774,-0.2781335645833359,0.20631097708333876,0.07842825650876684,-0.5500856770362702,0.7471961927438556,uncertain,12,5,10000,2249049410520458099
cpu,Rye-Regular,2,font_variations,warm,draw_us,30,us/frame,master,final,37.1583445,37.19051391666667,-0.03216941666666884,-0.28066380208333597,0.2037092958333311,0.0865738694754592,-0.5452342108677638,0.755776474132041,uncertain,12,5,10000,2249049410520458099
cpu,Rye-Regular,2,font_variations,warm,submit_us,30,us/frame,master,final,37.22591108333333,37.254105583333335,-0.028194500000005007,-0.2761124958333399,0.20613823749999366,0.07573891190169046,-0.5503123835553261,0.7424299713918248,uncertain,12,5,10000,2249049410520458099
cpu,Rye-Regular,2,font_variations,weight_advance,complete_us,6,us/frame,master,final,515.357611,499.98200008333333,15.375610916666687,12.634138908333373,17.696237383333443,-2.9834838156036603,-3.426110809946376,-2.4495189041865215,improvement,12,5,10000,2249049410520458099
cpu,Rye-Regular,2,font_variations,weight_advance,draw_us,6,us/frame,master,final,515.1510279166666,499.79162491666665,15.359402999999986,12.617332624999932,17.6812803770833,-2.98153399054939,-3.424479289479077,-2.4476123894622064,improvement,12,5,10000,2249049410520458099
cpu,Rye-Regular,2,font_variations,weight_advance,submit_us,6,us/frame,master,final,515.3200139166667,499.94441675,15.375597166666637,12.632511858333316,17.696294197916718,-2.983698818488556,-3.4262591450902264,-2.449906967861979,improvement,12,5,10000,2249049410520458099
cpu,Rye-Regular,2,font_variations,weight_return,complete_us,6,us/frame,master,final,38.540527833333336,38.85422225,-0.31369441666666376,-0.9166813812499987,0.28352925208332946,0.8139338880443381,-0.7346697611774052,2.382649170893,uncertain,12,5,10000,2249049410520458099
cpu,Rye-Regular,2,font_variations,weight_return,draw_us,6,us/frame,master,final,38.40684725,38.724555583333334,-0.3177083333333357,-0.9182924395833278,0.27598630208332825,0.8272179470116159,-0.7163276334749491,2.3897325261681073,uncertain,12,5,10000,2249049410520458099
cpu,Rye-Regular,2,font_variations,weight_return,submit_us,6,us/frame,master,final,38.504,38.8148055,-0.31080550000000073,-0.9132365895833379,0.2864041104166668,0.8072031477249109,-0.7412793831537018,2.3744427485333657,uncertain,12,5,10000,2249049410520458099
cpu,Rye-Regular,2,grid_pollution,hot_first,complete_us,1,us/frame,master,final,2371.1630833333334,2227.7779166666664,143.38516666666692,126.89908124999991,162.0762541666667,-6.047039432863421,-6.796699746869981,-5.372427164062716,improvement,12,5,10000,2249049410520458099
cpu,Rye-Regular,2,grid_pollution,hot_first,draw_us,1,us/frame,master,final,2371.017333333333,2227.61825,143.39908333333324,126.92298958333316,162.0938375,-6.047998102642859,-6.7973746305073215,-5.372438172055579,improvement,12,5,10000,2249049410520458099
cpu,Rye-Regular,2,grid_pollution,hot_first,submit_us,1,us/frame,master,final,2371.1319166666667,2227.75025,143.38166666666666,126.89174999999979,162.07617083333292,-6.046971307620552,-6.797026679373802,-5.37219552863925,improvement,12,5,10000,2249049410520458099
cpu,Rye-Regular,2,grid_pollution,hot_return,complete_us,1,us/frame,master,final,2233.3125,2214.0938333333334,19.21866666666665,0.7946479166667477,38.5733520833336,-0.8605453409080255,-1.7121903932408988,-0.03574218586382076,improvement,12,5,10000,2249049410520458099
cpu,Rye-Regular,2,grid_pollution,hot_return,draw_us,1,us/frame,master,final,2233.0279166666664,2213.8090833333335,19.218833333332896,0.7982416666665474,38.51058333333275,-0.8606624749242564,-1.7104733903263145,-0.035807564364709464,improvement,12,5,10000,2249049410520458099
cpu,Rye-Regular,2,grid_pollution,hot_return,submit_us,1,us/frame,master,final,2233.28125,2214.0729166666665,19.208333333333485,0.7812479166667005,38.56301666666668,-0.8600946850439661,-1.7114499228157314,-0.03514003911884598,improvement,12,5,10000,2249049410520458099
cpu,Rye-Regular,2,grid_pollution,hot_second,complete_us,1,us/frame,master,final,2196.7568333333334,339.98958333333337,1856.7672499999999,1841.5555791666663,1871.777841666667,-84.52311251867431,-84.7084158106703,-84.34160205623968,improvement,12,5,10000,2249049410520458099
cpu,Rye-Regular,2,grid_pollution,hot_second,draw_us,1,us/frame,master,final,2196.65625,339.88525,1856.771,1841.5727375000001,1871.7712687500002,-84.52715348612237,-84.71224931047658,-84.34572413071086,improvement,12,5,10000,2249049410520458099
cpu,Rye-Regular,2,grid_pollution,hot_second,submit_us,1,us/frame,master,final,2196.7395833333335,339.9583333333333,1856.7812500000002,1841.5761645833334,1871.7850229166665,-84.52441354848806,-84.70945745415331,-84.34300054270703,improvement,12,5,10000,2249049410520458099
cpu,Rye-Regular,2,grid_pollution,pollution,complete_us,64,us/frame,master,final,2283.7310651666667,2263.2325964166666,20.49846875000003,12.173745181250183,27.0592664208334,-0.8975868070745907,-1.1792005714507616,-0.5349665967148851,improvement,12,5,10000,2249049410520458099
cpu,Rye-Regular,2,grid_pollution,pollution,draw_us,64,us/frame,master,final,2283.5892370833335,2263.10352075,20.485716333333585,12.163531783334145,27.034867683333456,-0.8970841165593546,-1.1786091797659972,-0.5343098865569388,improvement,12,5,10000,2249049410520458099
cpu,Rye-Regular,2,grid_pollution,pollution,submit_us,64,us/frame,master,final,2283.709092416667,2263.21153375,20.49755866666692,12.175254724999844,27.05683922083309,-0.897555592116861,-1.1792394522475735,-0.5349306987661901,improvement,12,5,10000,2249049410520458099
cpu,Rye-Regular,2,grid_singleton,once,complete_us,1,us/frame,master,final,2387.0033333333336,2248.639,138.36433333333343,120.82239791666652,163.8826958333338,-5.796570595488626,-6.790061067450722,-5.102953591972592,improvement,12,5,10000,2249049410520458099
cpu,Rye-Regular,2,grid_singleton,once,draw_us,1,us/frame,master,final,2386.833166666667,2248.472333333333,138.36083333333363,120.82590625000007,163.86955833333369,-5.796837217850525,-6.790272261471708,-5.10377200582077,improvement,12,5,10000,2249049410520458099
cpu,Rye-Regular,2,grid_singleton,once,submit_us,1,us/frame,master,final,2386.993,2248.6250833333334,138.3679166666666,120.82615416666633,163.88637083333404,-5.79674580808015,-6.790260833752926,-5.103271943492437,improvement,12,5,10000,2249049410520458099
cpu,Rye-Regular,2,grid_two_phases,first,complete_us,1,us/frame,master,final,2316.8229166666665,2181.92025,134.9026666666664,121.92981041666704,146.23267083333343,-5.822743969606359,-6.288861408541681,-5.283422317818582,improvement,12,5,10000,2249049410520458099
cpu,Rye-Regular,2,grid_two_phases,first,draw_us,1,us/frame,master,final,2316.6666666666665,2181.77075,134.89591666666638,121.93032083333331,146.21900416666668,-5.822845323740999,-6.28856276056514,-5.283838979958043,improvement,12,5,10000,2249049410520458099
cpu,Rye-Regular,2,grid_two_phases,first,submit_us,1,us/frame,master,final,2316.7986666666666,2181.90275,134.89591666666638,121.92665416666725,146.2224166666665,-5.82251356613348,-6.288329592320139,-5.283360723099105,improvement,12,5,10000,2249049410520458099
cpu,Rye-Regular,2,grid_two_phases,second,complete_us,1,us/frame,master,final,2186.44425,335.65625,1850.788,1836.9156583333338,1864.43716875,-84.64830511914492,-84.82268389011051,-84.47625289233184,improvement,12,5,10000,2249049410520458099
cpu,Rye-Regular,2,grid_two_phases,second,draw_us,1,us/frame,master,final,2186.31225,335.54158333333334,1850.7706666666666,1836.8952499999998,1864.4200020833337,-84.65262300326344,-84.82715846453753,-84.48070615143028,improvement,12,5,10000,2249049410520458099
cpu,Rye-Regular,2,grid_two_phases,second,submit_us,1,us/frame,master,final,2186.4200833333334,335.63191666666665,1850.7881666666667,1836.9126437500001,1864.43741875,-84.64924836607909,-84.82346928831771,-84.47722082038098,improvement,12,5,10000,2249049410520458099
cpu,Rye-Regular,2,grid_unique_sizes,sweep,complete_us,32,us/frame,master,final,2227.9819088333334,2204.9557109166667,23.02619791666666,13.19990912916652,32.539874797917136,-1.0335002194306053,-1.450229844095792,-0.5958935112279982,improvement,12,5,10000,2249049410520458099
cpu,Rye-Regular,2,grid_unique_sizes,sweep,draw_us,32,us/frame,master,final,2227.8385571666668,2204.8208593333334,23.017697833333386,13.1913159729168,32.52678635416689,-1.0331851811832826,-1.4502966471838008,-0.5953833052414791,improvement,12,5,10000,2249049410520458099
cpu,Rye-Regular,2,grid_unique_sizes,sweep,submit_us,32,us/frame,master,final,2227.9609766666667,2204.9334686666666,23.027508000000125,13.199414514583259,32.53975051666656,-1.033568731282375,-1.4503592270162688,-0.5959129104094305,improvement,12,5,10000,2249049410520458099
cpu,Rye-Regular,2,grid_unique_variations,sweep,complete_us,32,us/frame,master,final,249.68264583333334,175.08236983333333,74.60027600000001,73.12474170208333,75.98800607083331,-29.87803807950543,-30.197527973257706,-29.532923244530203,improvement,12,5,10000,2249049410520458099
cpu,Rye-Regular,2,grid_unique_variations,sweep,draw_us,32,us/frame,master,final,249.58766425,174.99132566666668,74.5963385833333,73.11940327083333,75.98131533750004,-29.88783071771277,-30.207259822545986,-29.54264332920259,improvement,12,5,10000,2249049410520458099
cpu,Rye-Regular,2,grid_unique_variations,sweep,submit_us,32,us/frame,master,final,249.6598515,175.06088275,74.59896875000001,73.12008136875002,75.98904454374996,-29.880242378498735,-30.200482415660712,-29.534634212457057,improvement,12,5,10000,2249049410520458099
cpu,Rye-Regular,2,text,first_paint,complete_us,1,us/frame,master,final,27444.54158333333,20076.36808333333,7368.173500000001,7247.847325000001,7481.378195833336,-26.847500722965567,-27.131586383528436,-26.51949729987811,improvement,12,5,10000,2249049410520458099
cpu,Rye-Regular,2,text,first_paint,draw_us,1,us/frame,master,final,27441.586916666667,20073.569583333334,7368.017333333333,7247.712679166667,7481.244204166671,-26.849822336106822,-27.133952303729007,-26.52176226043227,improvement,12,5,10000,2249049410520458099
cpu,Rye-Regular,2,text,first_paint,submit_us,1,us/frame,master,final,27444.500083333332,20076.326583333335,7368.173499999997,7247.847485416665,7481.378602083339,-26.84754132021734,-27.13162793637079,-26.51953710409087,improvement,12,5,10000,2249049410520458099
cpu,Rye-Regular,2,text,reflow,complete_us,3,us/frame,master,final,1628.1006665833333,1621.5519721666667,6.548694416666649,-4.369227800000334,18.081197912500162,-0.402229085159056,-1.104248711522963,0.26891086729301766,uncertain,12,5,10000,2249049410520458099
cpu,Rye-Regular,2,text,reflow,draw_us,3,us/frame,master,final,1627.5381945,1620.9513055,6.586888999999928,-4.314075531249937,18.096541218750332,-0.40471486458869554,-1.1052506869995102,0.26634721056541383,uncertain,12,5,10000,2249049410520458099
cpu,Rye-Regular,2,text,reflow,submit_us,3,us/frame,master,final,1628.0635831666666,1621.5184723333332,6.5451108333334105,-4.368282966666754,18.07186449375026,-0.40201813375143614,-1.1039862715482662,0.2691150187118045,uncertain,12,5,10000,2249049410520458099
cpu,Rye-Regular,2,text,reported_sequence,complete_us,88,us/sequence,master,final,174578.1665855,110136.24024908333,64441.92633641667,63815.15621308752,65022.675041818766,-36.91293567621246,-37.11077000602612,-36.71317859944254,improvement,12,5,10000,2249049410520458099
cpu,Rye-Regular,2,text,reported_sequence,draw_us,88,us/sequence,master,final,174534.57933333333,110094.32958616667,64440.24974716666,63812.77986228127,65021.313561239585,-36.92119349260642,-37.11917951830056,-36.72102549757321,improvement,12,5,10000,2249049410520458099
cpu,Rye-Regular,2,text,reported_sequence,submit_us,88,us/sequence,master,final,174575.36375108332,110133.4636685,64441.90008258332,63815.09715206253,65022.613889718734,-36.91351328041178,-37.11134017472499,-36.713759667336795,improvement,12,5,10000,2249049410520458099
cpu,Rye-Regular,2,text,size_advance,complete_us,12,us/frame,master,final,9880.16059025,5418.532138916667,4461.628451333333,4412.200757774999,4509.016430762502,-45.15744871329505,-45.40652995211834,-44.900149534289,improvement,12,5,10000,2249049410520458099
cpu,Rye-Regular,2,text,size_advance,draw_us,12,us/frame,master,final,9879.232659666666,5417.783256916667,4461.4494027499995,4412.054064002083,4508.823152589582,-45.15987786141007,-45.40890148688949,-44.90259669098009,improvement,12,5,10000,2249049410520458099
cpu,Rye-Regular,2,text,size_advance,submit_us,12,us/frame,master,final,9880.12272225,5418.49534725,4461.627375,4412.195912095833,4509.0181390604175,-45.15761089639536,-45.40670510115458,-44.90030549988174,improvement,12,5,10000,2249049410520458099
cpu,Rye-Regular,2,text,size_return,complete_us,12,us/frame,master,final,276.8023264166667,280.1677706666667,-3.365444249999996,-6.125600270833298,-0.1359161062500613,1.2158294670305825,0.04893820417127608,2.2244181392432902,regression,12,5,10000,2249049410520458099
cpu,Rye-Regular,2,text,size_return,draw_us,12,us/frame,master,final,276.32697225,279.7193751666667,-3.392402916666697,-6.151984891666649,-0.1663725625000337,1.227677084521983,0.0595755046754898,2.2384935797651124,regression,12,5,10000,2249049410520458099
cpu,Rye-Regular,2,text,size_return,submit_us,12,us/frame,master,final,276.76416675,280.13138891666665,-3.367222166666636,-6.127627118749947,-0.13626655000002325,1.2166394971601324,0.04907094198106812,2.225048059800544,regression,12,5,10000,2249049410520458099
cpu,Rye-Regular,2,text,warm,complete_us,30,us/frame,master,final,248.16609716666667,254.66952233333333,-6.503425166666659,-8.3060754125,-4.8193607520833694,2.620593723686193,1.9411344999272784,3.3635998723874274,regression,12,5,10000,2249049410520458099
cpu,Rye-Regular,2,text,warm,draw_us,30,us/frame,master,final,247.85125841666667,254.35508616666667,-6.503827749999999,-8.29688880625004,-4.82829915000002,2.624085022423528,1.945495261368656,3.366165772098624,regression,12,5,10000,2249049410520458099
cpu,Rye-Regular,2,text,warm,submit_us,30,us/frame,master,final,248.14456108333334,254.64764441666665,-6.503083333333308,-8.307668114583288,-4.820512985416662,2.6206834052467487,1.9416857621791916,3.364530981572665,regression,12,5,10000,2249049410520458099
cpu,Rye-Regular,2,text,x_advance,complete_us,10,us/frame,master,final,795.4510833333334,406.81803333333335,388.63305,385.039691875,391.7576289583333,-48.85693892972468,-49.04680252743297,-48.6679828226109,improvement,12,5,10000,2249049410520458099
cpu,Rye-Regular,2,text,x_advance,draw_us,10,us/frame,master,final,794.9982916666667,406.3732416666667,388.62505,385.033918125,391.7424072916668,-48.883759131767526,-49.07239754580429,-48.69597670743342,improvement,12,5,10000,2249049410520458099
cpu,Rye-Regular,2,text,x_advance,submit_us,10,us/frame,master,final,795.4132333333333,406.77984166666664,388.6333916666667,385.0386016666667,391.7587345833333,-48.859306757824875,-49.04928857974049,-48.670268936801726,improvement,12,5,10000,2249049410520458099
cpu,Rye-Regular,2,text,x_return,complete_us,10,us/frame,master,final,253.580275,260.54858333333334,-6.96830833333334,-8.845086041666598,-5.126998333333313,2.7479693889177037,2.0174270956650804,3.5062671635336122,regression,12,5,10000,2249049410520458099
cpu,Rye-Regular,2,text,x_return,draw_us,10,us/frame,master,final,253.16456666666667,260.1256916666667,-6.96112500000001,-8.842317083333343,-5.11989020833328,2.7496442695969625,2.016567453795712,3.509974881590301,regression,12,5,10000,2249049410520458099
cpu,Rye-Regular,2,text,x_return,submit_us,10,us/frame,master,final,253.54339166666668,260.51144999999997,-6.968058333333289,-8.848597291666628,-5.124258333333296,2.7482705376498995,2.0157246374543205,3.5086271543146994,regression,12,5,10000,2249049410520458099
cpu,Rye-Regular,2,text,y_advance,complete_us,10,us/frame,master,final,248.99175,254.28292499999998,-5.291174999999981,-7.214812708333345,-3.5792289583333523,2.125040287479396,1.4340954805361072,2.903907250180035,regression,12,5,10000,2249049410520458099
cpu,Rye-Regular,2,text,y_advance,draw_us,10,us/frame,master,final,248.6094,253.90796666666665,-5.298566666666659,-7.2120945833333465,-3.591539583333388,2.1312817080394675,1.438768016798871,2.907892238593201,regression,12,5,10000,2249049410520458099
cpu,Rye-Regular,2,text,y_advance,submit_us,10,us/frame,master,final,248.95660833333332,254.24620833333333,-5.289600000000007,-7.210848541666653,-3.578065624999999,2.1247076088527272,1.4322978197994913,2.9025644559915404,regression,12,5,10000,2249049410520458099
cpu,Vollkorn-Medium,1,demo,first_paint,complete_us,1,us/frame,master,final,6744.7605,4530.986333333333,2213.774166666667,2163.88703125,2256.5562020833336,-32.822131588907666,-33.19870620196376,-32.378759883854045,improvement,12,5,10000,2249049410520458099
cpu,Vollkorn-Medium,1,demo,first_paint,draw_us,1,us/frame,master,final,6742.09375,4528.371666666667,2213.722083333333,2163.7318,2256.323008333333,-32.834341458591155,-33.20795700420699,-32.39043726682078,improvement,12,5,10000,2249049410520458099
cpu,Vollkorn-Medium,1,demo,first_paint,submit_us,1,us/frame,master,final,6744.732666666667,4530.958416666666,2213.7742500000004,2163.883697916665,2256.5496250000006,-32.82226827077604,-33.19885900607904,-32.378779318426204,improvement,12,5,10000,2249049410520458099
cpu,Vollkorn-Medium,1,demo,pan,complete_us,10,us/frame,master,final,211.80201666666667,211.61004166666666,0.19197500000001355,-1.8713031250000327,2.293079166666639,-0.09063889146161408,-1.0726778954717395,0.8866012417444354,uncertain,12,5,10000,2249049410520458099
cpu,Vollkorn-Medium,1,demo,pan,draw_us,10,us/frame,master,final,210.04025000000001,209.88855,0.15170000000000528,-1.9254677083333376,2.2520593750000435,-0.07222425225641427,-1.063360559745562,0.9203566595956397,uncertain,12,5,10000,2249049410520458099
cpu,Vollkorn-Medium,1,demo,pan,submit_us,10,us/frame,master,final,211.778775,211.58370833333333,0.19506666666666206,-1.8699668750000307,2.296800624999991,-0.09210869534336252,-1.074945133247868,0.8860922512743643,uncertain,12,5,10000,2249049410520458099
cpu,Vollkorn-Medium,1,demo,reported_sequence,complete_us,65,us/sequence,master,final,137683.6491665,92511.899999,45171.74916749999,44705.398213841654,45550.708265462505,-32.80836137112699,-33.056230114166105,-32.57099356579941,improvement,12,5,10000,2249049410520458099
cpu,Vollkorn-Medium,1,demo,reported_sequence,draw_us,65,us/sequence,master,final,137575.6361705,92409.94575316667,45165.69041733332,44697.55974366666,45546.10333032085,-32.82971583817258,-33.077873118017656,-32.59230237433056,improvement,12,5,10000,2249049410520458099
cpu,Vollkorn-Medium,1,demo,reported_sequence,submit_us,65,us/sequence,master,final,137682.1597525,92510.41758149999,45171.74217100002,44705.25660138336,45550.63420979586,-32.80871120281783,-33.05655971216427,-32.571289738955734,improvement,12,5,10000,2249049410520458099
cpu,Vollkorn-Medium,1,demo,warm,complete_us,30,us/frame,master,final,209.85161941666667,210.55916383333334,-0.7075444166666784,-2.395489964583297,1.4072335208333178,0.3371641441860085,-0.6656855600441166,1.1505206423009333,uncertain,12,5,10000,2249049410520458099
cpu,Vollkorn-Medium,1,demo,warm,draw_us,30,us/frame,master,final,208.09848616666667,208.88117233333332,-0.7826861666666503,-2.451389879166638,1.290718875000021,0.37611333993068374,-0.6158541828958164,1.1879197696813037,uncertain,12,5,10000,2249049410520458099
cpu,Vollkorn-Medium,1,demo,warm,submit_us,30,us/frame,master,final,209.82928875,210.5378695,-0.7085807500000101,-2.3980286104167106,1.4048525291666545,0.33769391976743446,-0.664971878067987,1.1518993855818065,uncertain,12,5,10000,2249049410520458099
cpu,Vollkorn-Medium,1,demo,zoom_in,complete_us,12,us/frame,master,final,6176.2384445,4063.583625,2112.6548194999996,2096.7551789124996,2127.8136652437493,-34.20617319885599,-34.39917056761657,-34.01074809465618,improvement,12,5,10000,2249049410520458099
cpu,Vollkorn-Medium,1,demo,zoom_in,draw_us,12,us/frame,master,final,6174.756402833334,4062.2824515,2112.4739513333334,2096.5614285083334,2127.6257235812486,-34.211454080423465,-34.40399049803976,-34.016335241931436,improvement,12,5,10000,2249049410520458099
cpu,Vollkorn-Medium,1,demo,zoom_in,submit_us,12,us/frame,master,final,6176.21127775,4063.5593195,2112.6519582499996,2096.7526388604165,2127.8085762791675,-34.20627733155593,-34.399231738914565,-34.01079711739709,improvement,12,5,10000,2249049410520458099
cpu,Vollkorn-Medium,1,demo,zoom_out,complete_us,12,us/frame,master,final,4035.362590166667,2571.0173473333334,1464.3452428333335,1444.6035017416666,1479.900219425,-36.287823215728764,-36.552902541023016,-36.00795954353571,improvement,12,5,10000,2249049410520458099
cpu,Vollkorn-Medium,1,demo,zoom_out,draw_us,12,us/frame,master,final,4033.8585276666668,2569.5569513333335,1464.3015763333333,1444.5876936916668,1479.8321316770828,-36.300270976045844,-36.5651451539237,-36.02087515547217,improvement,12,5,10000,2249049410520458099
cpu,Vollkorn-Medium,1,demo,zoom_out,submit_us,12,us/frame,master,final,4035.3374375,2570.9921389166666,1464.3452985833333,1444.6072915187508,1479.9055874687501,-36.28805078294851,-36.55308242000438,-36.008168016190034,improvement,12,5,10000,2249049410520458099
cpu,Vollkorn-Medium,1,font_variations,first_paint,complete_us,1,us/frame,master,final,1062.9133333333334,1020.3228333333333,42.590500000000134,34.95500208333328,50.53841874999988,-4.006958861493892,-4.731822367574349,-3.3038673737036706,improvement,12,5,10000,2249049410520458099
cpu,Vollkorn-Medium,1,font_variations,first_paint,draw_us,1,us/frame,master,final,1062.6563333333334,1020.0694166666667,42.58691666666664,34.94799791666665,50.54542083333323,-4.007590726258625,-4.733383145107785,-3.3048339091113634,improvement,12,5,10000,2249049410520458099
cpu,Vollkorn-Medium,1,font_variations,first_paint,submit_us,1,us/frame,master,final,1062.8889166666668,1020.2984166666666,42.590500000000134,34.96224791666671,50.5284312499999,-4.0070509092867805,-4.732203902237646,-3.303822586182786,improvement,12,5,10000,2249049410520458099
cpu,Vollkorn-Medium,1,font_variations,reported_sequence,complete_us,63,us/sequence,master,final,10525.575751,10291.683829666666,233.8919213333338,182.70212874583234,279.89009749166763,-2.222129476490753,-2.659193486094474,-1.7336178798678161,improvement,12,5,10000,2249049410520458099
cpu,Vollkorn-Medium,1,font_variations,reported_sequence,draw_us,63,us/sequence,master,final,10518.212914166666,10284.775167666667,233.43774649999978,182.2481172333334,279.46852437083305,-2.2193670008865185,-2.657077890691404,-1.730810784433175,improvement,12,5,10000,2249049410520458099
cpu,Vollkorn-Medium,1,font_variations,reported_sequence,submit_us,63,us/sequence,master,final,10524.122746666666,10290.223003666666,233.89974299999994,182.65429508750154,279.9932078624997,-2.222510594282867,-2.6603248418641687,-1.7330989056668091,improvement,12,5,10000,2249049410520458099
cpu,Vollkorn-Medium,1,font_variations,slant_advance,complete_us,10,us/frame,master,final,464.99893333333335,454.0212333333333,10.977700000000027,7.423335000000033,13.927700208333293,-2.3608011143824936,-2.9889162581368742,-1.59880915529747,improvement,12,5,10000,2249049410520458099
cpu,Vollkorn-Medium,1,font_variations,slant_advance,draw_us,10,us/frame,master,final,464.859,453.886525,10.972474999999974,7.416471666666666,13.92258354166673,-2.360387773496908,-2.989137647495364,-1.5966644249928668,improvement,12,5,10000,2249049410520458099
cpu,Vollkorn-Medium,1,font_variations,slant_advance,submit_us,10,us/frame,master,final,464.97428333333335,453.995875,10.978408333333334,7.424000416666644,13.928110208333214,-2.3610786073222645,-2.989573941168007,-1.5993267409838863,improvement,12,5,10000,2249049410520458099
cpu,Vollkorn-Medium,1,font_variations,slant_return,complete_us,10,us/frame,master,final,39.325025,39.27014166666667,0.054883333333329176,-0.48500875000000665,0.5492943750000077,-0.13956337811185104,-1.3890118549879418,1.2393840356260266,uncertain,12,5,10000,2249049410520458099
cpu,Vollkorn-Medium,1,font_variations,slant_return,draw_us,10,us/frame,master,final,39.21805833333333,39.16458333333333,0.05347499999999883,-0.49308520833333624,0.557999791666666,-0.1363530023477666,-1.4122814150438803,1.2706679597436583,uncertain,12,5,10000,2249049410520458099
cpu,Vollkorn-Medium,1,font_variations,slant_return,submit_us,10,us/frame,master,final,39.302166666666665,39.24721666666667,0.054949999999998056,-0.4881660416666639,0.5542004166666678,-0.13981417479104197,-1.3978593344726773,1.252561350480427,uncertain,12,5,10000,2249049410520458099
cpu,Vollkorn-Medium,1,font_variations,warm,complete_us,30,us/frame,master,final,36.94262783333333,37.05524441666667,-0.11261658333333457,-0.5375694229166692,0.25583840833333377,0.30484183161361145,-0.6922707833515301,1.4597703889908364,uncertain,12,5,10000,2249049410520458099
cpu,Vollkorn-Medium,1,font_variations,warm,draw_us,30,us/frame,master,final,36.85058883333333,36.97211383333333,-0.12152499999999833,-0.545836789583334,0.2449118250000012,0.32977763408239547,-0.6657873158285116,1.4841588171499955,uncertain,12,5,10000,2249049410520458099
cpu,Vollkorn-Medium,1,font_variations,warm,submit_us,30,us/frame,master,final,36.92101658333333,37.035444416666664,-0.1144278333333304,-0.5406050520833242,0.25506453124999756,0.30992600941812665,-0.6897700577967033,1.4645877708467148,uncertain,12,5,10000,2249049410520458099
cpu,Vollkorn-Medium,1,font_variations,weight_advance,complete_us,6,us/frame,master,final,510.83502791666666,496.4570831666667,14.377944749999983,10.263262110416594,18.055087406250088,-2.81459648697886,-3.507827585448448,-2.0252845369028676,improvement,12,5,10000,2249049410520458099
cpu,Vollkorn-Medium,1,font_variations,weight_advance,draw_us,6,us/frame,master,final,510.6522776666667,496.28643058333336,14.365847083333335,10.251721681250022,18.048778304166653,-2.8132347022861603,-3.507366102294294,-2.021944468312294,improvement,12,5,10000,2249049410520458099
cpu,Vollkorn-Medium,1,font_variations,weight_advance,submit_us,6,us/frame,master,final,510.8136390833333,496.4322501666667,14.381388916666651,10.26551356874992,18.056337154166577,-2.815388591125789,-3.5092217751276142,-2.025536558469438,improvement,12,5,10000,2249049410520458099
cpu,Vollkorn-Medium,1,font_variations,weight_return,complete_us,6,us/frame,master,final,37.905763916666665,38.698541666666664,-0.7927777499999991,-1.4613187812499944,-0.10181673958333186,2.091443801905357,0.2673370464961889,3.8861206713907372,regression,12,5,10000,2249049410520458099
cpu,Vollkorn-Medium,1,font_variations,weight_return,draw_us,6,us/frame,master,final,37.80097225,38.59663891666667,-0.7956666666666692,-1.4572224645833334,-0.11159482500000462,2.1048841320917777,0.29298969151743415,3.881756621600789,regression,12,5,10000,2249049410520458099
cpu,Vollkorn-Medium,1,font_variations,weight_return,submit_us,6,us/frame,master,final,37.8785695,38.67361125,-0.7950417500000029,-1.4599170708333378,-0.10926228958333914,2.098922320706964,0.2851924558485942,3.886834985707037,regression,12,5,10000,2249049410520458099
cpu,Vollkorn-Medium,1,grid_pollution,hot_first,complete_us,1,us/frame,master,final,1578.8888333333334,1517.9515,60.93733333333353,43.090168750000196,79.27470208333318,-3.859507524965089,-4.994898190723447,-2.7456445351339527,improvement,12,5,10000,2249049410520458099
cpu,Vollkorn-Medium,1,grid_pollution,hot_first,draw_us,1,us/frame,master,final,1578.7221666666667,1517.7951666666668,60.92699999999991,43.096812499999785,79.28126458333305,-3.8592604377400974,-4.994239246970967,-2.7456835191381863,improvement,12,5,10000,2249049410520458099
cpu,Vollkorn-Medium,1,grid_pollution,hot_first,submit_us,1,us/frame,master,final,1578.8610833333332,1517.9165,60.944583333333185,43.097239583332964,79.28911666666673,-3.860034551277014,-4.995655334558277,-2.74614341614781,improvement,12,5,10000,2249049410520458099
cpu,Vollkorn-Medium,1,grid_pollution,hot_return,complete_us,1,us/frame,master,final,1521.65275,1502.5555833333333,19.09716666666668,5.596033333333123,31.635841666666746,-1.2550279074293846,-2.068224080604753,-0.3675863829403423,improvement,12,5,10000,2249049410520458099
cpu,Vollkorn-Medium,1,grid_pollution,hot_return,draw_us,1,us/frame,master,final,1521.4305,1502.1980833333332,19.232416666666722,5.728508333333513,31.739341666666764,-1.2641009015309401,-2.0748186048990465,-0.3776158032952318,improvement,12,5,10000,2249049410520458099
cpu,Vollkorn-Medium,1,grid_pollution,hot_return,submit_us,1,us/frame,master,final,1521.6215,1502.5209166666666,19.10058333333336,5.599622916666472,31.64608749999994,-1.2552782234828697,-2.068038322752992,-0.36871714188453997,improvement,12,5,10000,2249049410520458099
cpu,Vollkorn-Medium,1,grid_pollution,hot_second,complete_us,1,us/frame,master,final,1443.6736666666666,193.53475,1250.1389166666665,1233.9999125,1263.3856666666668,-86.59428688985807,-86.8812993330477,-86.28649033346899,improvement,12,5,10000,2249049410520458099
cpu,Vollkorn-Medium,1,grid_pollution,hot_second,draw_us,1,us/frame,master,final,1443.5485833333335,193.434,1250.1145833333335,1233.9582437499998,1263.3578312500001,-86.60010461488335,-86.88667532185204,-86.29285477841387,improvement,12,5,10000,2249049410520458099
cpu,Vollkorn-Medium,1,grid_pollution,hot_second,submit_us,1,us/frame,master,final,1443.639,193.5105,1250.1284999999998,1233.9896624999997,1263.3714125,-86.59564475606436,-86.88228880368007,-86.28839686265258,improvement,12,5,10000,2249049410520458099
cpu,Vollkorn-Medium,1,grid_pollution,pollution,complete_us,64,us/frame,master,final,1516.5086118333334,1501.1870050833334,15.32160675,9.57922748333299,20.72560261874984,-1.0103211172323934,-1.3649625999997166,-0.6317123801278514,improvement,12,5,10000,2249049410520458099
cpu,Vollkorn-Medium,1,grid_pollution,pollution,draw_us,64,us/frame,master,final,1516.384638,1501.0623906666667,15.32224733333328,9.584664168750447,20.72033236875017,-1.010445961358608,-1.3646364645803255,-0.6324382174908424,improvement,12,5,10000,2249049410520458099
cpu,Vollkorn-Medium,1,grid_pollution,pollution,submit_us,64,us/frame,master,final,1516.47748175,1501.156108,15.32137375000002,9.579437639583114,20.722235949999916,-1.0103264924395283,-1.3648083708191436,-0.6319222821199334,improvement,12,5,10000,2249049410520458099
cpu,Vollkorn-Medium,1,grid_singleton,once,complete_us,1,us/frame,master,final,1602.96875,1537.4130833333334,65.55566666666664,54.29139791666678,75.99299999999994,-4.089640965656171,-4.734396551917593,-3.391977003087213,improvement,12,5,10000,2249049410520458099
cpu,Vollkorn-Medium,1,grid_singleton,once,draw_us,1,us/frame,master,final,1602.7845833333333,1537.21875,65.56583333333333,54.30157708333319,76.00351041666646,-4.090745195276035,-4.734919709385214,-3.3943250440064268,improvement,12,5,10000,2249049410520458099
cpu,Vollkorn-Medium,1,grid_singleton,once,submit_us,1,us/frame,master,final,1602.9374166666666,1537.3785,65.55891666666662,54.29832083333323,75.98609374999985,-4.0899236604631355,-4.73412320279808,-3.3928622249037748,improvement,12,5,10000,2249049410520458099
cpu,Vollkorn-Medium,1,grid_two_phases,first,complete_us,1,us/frame,master,final,1547.6424166666666,1482.8644166666668,64.77799999999979,50.031658333333425,80.37175000000002,-4.185592182173425,-5.157324600964504,-3.254497623479372,improvement,12,5,10000,2249049410520458099
cpu,Vollkorn-Medium,1,grid_two_phases,first,draw_us,1,us/frame,master,final,1547.4759166666668,1482.6978333333334,64.77808333333337,50.041643750000155,80.34083541666652,-4.186047914262103,-5.157027987540957,-3.2553477426868946,improvement,12,5,10000,2249049410520458099
cpu,Vollkorn-Medium,1,grid_two_phases,first,submit_us,1,us/frame,master,final,1547.6113333333333,1482.8296666666668,64.78166666666652,50.03158749999987,80.37875416666652,-4.185913172859501,-5.157678719184017,-3.2543717781297805,improvement,12,5,10000,2249049410520458099
cpu,Vollkorn-Medium,1,grid_two_phases,second,complete_us,1,us/frame,master,final,1455.7188333333334,191.18075,1264.5380833333334,1250.6907458333333,1276.5001770833333,-86.8669178674957,-86.99666697757685,-86.73694757393277,improvement,12,5,10000,2249049410520458099
cpu,Vollkorn-Medium,1,grid_two_phases,second,draw_us,1,us/frame,master,final,1455.5800833333333,191.05233333333334,1264.52775,1250.6735770833332,1276.4793437499998,-86.87448835547293,-87.00351914954437,-86.74509966768495,improvement,12,5,10000,2249049410520458099
cpu,Vollkorn-Medium,1,grid_two_phases,second,submit_us,1,us/frame,master,final,1455.6843333333334,191.14941666666667,1264.5349166666667,1250.691,1276.5037562500002,-86.86875909222994,-86.99832739885136,-86.73902321207146,improvement,12,5,10000,2249049410520458099
cpu,Vollkorn-Medium,1,grid_unique_sizes,sweep,complete_us,32,us/frame,master,final,1490.7679194166667,1479.16730975,11.600609666666742,2.5123124666667653,19.605550270833465,-0.7781633556486756,-1.3096771088081598,-0.16868993652586184,improvement,12,5,10000,2249049410520458099
cpu,Vollkorn-Medium,1,grid_unique_sizes,sweep,draw_us,32,us/frame,master,final,1490.6333698333333,1479.0327759166667,11.60059391666664,2.5192697979166896,19.591139741666602,-0.7782325386935129,-1.3102864345524943,-0.1689164269372547,improvement,12,5,10000,2249049410520458099
cpu,Vollkorn-Medium,1,grid_unique_sizes,sweep,submit_us,32,us/frame,master,final,1490.7376485,1479.1357551666667,11.601893333333237,2.516166891666325,19.604045916666518,-0.7782652665280998,-1.3095390496956032,-0.16882426555577207,improvement,12,5,10000,2249049410520458099
cpu,Vollkorn-Medium,1,grid_unique_variations,sweep,complete_us,32,us/frame,master,final,250.40766158333332,174.486315,75.92134658333333,73.37823727083334,78.90708122708328,-30.3190989058725,-31.10162665979204,-29.674759695798222,improvement,12,5,10000,2249049410520458099
cpu,Vollkorn-Medium,1,grid_unique_variations,sweep,draw_us,32,us/frame,master,final,250.29838283333333,174.35146091666667,75.94692191666667,73.37186091041667,78.99404798541663,-30.342553977760854,-31.153269442858004,-29.684957104724,improvement,12,5,10000,2249049410520458099
cpu,Vollkorn-Medium,1,grid_unique_variations,sweep,submit_us,32,us/frame,master,final,250.37544025,174.45702858333334,75.91841166666666,73.37433107500003,78.90152719166662,-30.32182852713592,-31.104675999592345,-29.677023156108987,improvement,12,5,10000,2249049410520458099
cpu,Vollkorn-Medium,1,text,first_paint,complete_us,1,us/frame,master,final,27259.590416666666,20706.659583333334,6552.930833333332,6412.899445833328,6698.654818749998,-24.038992270870054,-24.538610000253005,-23.56815133972445,improvement,12,5,10000,2249049410520458099
cpu,Vollkorn-Medium,1,text,first_paint,draw_us,1,us/frame,master,final,27256.215416666666,20703.79158333333,6552.423833333334,6412.449756249996,6698.060902083333,-24.040108772132207,-24.53994913038421,-23.569499157552972,improvement,12,5,10000,2249049410520458099
cpu,Vollkorn-Medium,1,text,first_paint,submit_us,1,us/frame,master,final,27259.569583333334,20706.631916666665,6552.9376666666685,6412.913114583334,6698.657985416667,-24.039035710502098,-24.538636499617606,-23.56820599065648,improvement,12,5,10000,2249049410520458099
cpu,Vollkorn-Medium,1,text,reflow,complete_us,3,us/frame,master,final,2860.9409444166668,2879.39825,-18.457305583333437,-37.54241669791731,-0.20219591458285113,0.6451480803668419,0.0071326212922568025,1.3149780084106075,regression,12,5,10000,2249049410520458099
cpu,Vollkorn-Medium,1,text,reflow,draw_us,3,us/frame,master,final,2860.40625,2878.85302775,-18.44677774999991,-37.495559831250354,-0.21102916666660487,0.6449006238187227,0.007394127944216921,1.3131883672242024,regression,12,5,10000,2249049410520458099
cpu,Vollkorn-Medium,1,text,reflow,submit_us,3,us/frame,master,final,2860.92127775,2879.3716110833334,-18.45033333333322,-37.53660425208271,-0.20096044166742758,0.6449088088101407,0.007089770837440694,1.3146241351391692,regression,12,5,10000,2249049410520458099
cpu,Vollkorn-Medium,1,text,reported_sequence,complete_us,88,us/sequence,master,final,195376.69724816666,142099.27116258332,53277.42608558334,52688.44436592293,53862.78219730002,-27.269079084651825,-27.538539189132795,-27.029605938566192,improvement,12,5,10000,2249049410520458099
cpu,Vollkorn-Medium,1,text,reported_sequence,draw_us,88,us/sequence,master,final,195333.70466458335,142058.49699866667,53275.20766591668,52686.292859868736,53860.53831767496,-27.27394525046153,-27.542976492398385,-27.0349719575639,improvement,12,5,10000,2249049410520458099
cpu,Vollkorn-Medium,1,text,reported_sequence,submit_us,88,us/sequence,master,final,195374.56516675,142097.13991866668,53277.42524808331,52688.4935528354,53862.680505677075,-27.26937623769584,-27.538829697897135,-27.02981168427819,improvement,12,5,10000,2249049410520458099
cpu,Vollkorn-Medium,1,text,size_advance,complete_us,12,us/frame,master,final,11413.415770833333,7732.491034666667,3680.9247361666667,3646.9101648750006,3712.8365173145853,-32.25085995353966,-32.41732775083247,-32.09795310358623,improvement,12,5,10000,2249049410520458099
cpu,Vollkorn-Medium,1,text,size_advance,draw_us,12,us/frame,master,final,11412.490986166667,7731.724229166666,3680.7667570000012,3646.7332259250015,3712.6747847125025,-32.252089061551416,-32.41834447328814,-32.09905118178669,improvement,12,5,10000,2249049410520458099
cpu,Vollkorn-Medium,1,text,size_advance,submit_us,12,us/frame,master,final,11413.394645666667,7732.4655416666665,3680.9291040000007,3646.91385966875,3712.839783193748,-32.25095791634212,-32.41741952959105,-32.09804023623151,improvement,12,5,10000,2249049410520458099
cpu,Vollkorn-Medium,1,text,size_return,complete_us,12,us/frame,master,final,267.26044433333334,273.49826383333334,-6.2378195000000005,-9.219286458333322,-3.317086824999975,2.333985306190711,1.2323261800676188,3.474184430533342,regression,12,5,10000,2249049410520458099
cpu,Vollkorn-Medium,1,text,size_return,draw_us,12,us/frame,master,final,266.83484716666663,273.07525008333334,-6.24040291666671,-9.216967179166637,-3.3213695812499666,2.338676144787377,1.2345631417628118,3.4806972956572775,regression,12,5,10000,2249049410520458099
cpu,Vollkorn-Medium,1,text,size_return,submit_us,12,us/frame,master,final,267.2375833333333,273.47541666666666,-6.237833333333356,-9.216411795833361,-3.3177016229166885,2.3341901447869073,1.2325394974388688,3.474257834641573,regression,12,5,10000,2249049410520458099
cpu,Vollkorn-Medium,1,text,warm,complete_us,30,us/frame,master,final,248.51779441666667,256.179039,-7.661244583333314,-9.404991989583374,-6.0268927666666645,3.08277505895147,2.431557633105383,3.779069293256974,regression,12,5,10000,2249049410520458099
cpu,Vollkorn-Medium,1,text,warm,draw_us,30,us/frame,master,final,248.18297775,255.85831391666667,-7.675336166666682,-9.414118670833316,-6.045922433333347,3.092611844797122,2.4406183357097735,3.788070081520365,regression,12,5,10000,2249049410520458099
cpu,Vollkorn-Medium,1,text,warm,submit_us,30,us/frame,master,final,248.49837775,256.15879716666666,-7.660419416666656,-9.40522973541664,-6.0272794416666775,3.0826838734429707,2.43191771036404,3.7798726306445336,regression,12,5,10000,2249049410520458099
cpu,Vollkorn-Medium,1,text,x_advance,complete_us,10,us/frame,master,final,683.0698833333333,385.0968833333333,297.973,294.47320666666667,301.45816124999993,-43.62262299516304,-44.01583029441648,-43.2215272443686,improvement,12,5,10000,2249049410520458099
cpu,Vollkorn-Medium,1,text,x_advance,draw_us,10,us/frame,master,final,682.6709,384.69545,297.97544999999997,294.48848979166667,301.4554664583333,-43.64847688688649,-44.040742613367584,-43.24916550843889,improvement,12,5,10000,2249049410520458099
cpu,Vollkorn-Medium,1,text,x_advance,submit_us,10,us/frame,master,final,683.0458833333333,385.07084166666664,297.9750416666667,294.48004333333324,301.45781854166665,-43.62445465779226,-44.01722197006072,-43.223805142047844,improvement,12,5,10000,2249049410520458099
cpu,Vollkorn-Medium,1,text,x_return,complete_us,10,us/frame,master,final,254.68505833333333,261.10420833333336,-6.41915000000003,-8.441750833333337,-4.367067291666721,2.520426617096083,1.7180864505655336,3.3087011169399814,regression,12,5,10000,2249049410520458099
cpu,Vollkorn-Medium,1,text,x_return,draw_us,10,us/frame,master,final,254.30694166666666,260.72505,-6.41810833333335,-8.441090416666666,-4.359787291666599,2.5237645072802906,1.719506053053389,3.314509189254367,regression,12,5,10000,2249049410520458099
cpu,Vollkorn-Medium,1,text,x_return,submit_us,10,us/frame,master,final,254.66075,261.08027500000003,-6.4195250000000215,-8.443536249999998,-4.365366666666681,2.520814456095022,1.7190852429965005,3.3094217712494354,regression,12,5,10000,2249049410520458099
cpu,Vollkorn-Medium,1,text,y_advance,complete_us,10,us/frame,master,final,250.06455,255.750325,-5.685775000000007,-7.1702162500000295,-4.0853031250000384,2.2737229247408397,1.6324826187426917,2.8653328107238787,regression,12,5,10000,2249049410520458099
cpu,Vollkorn-Medium,1,text,y_advance,draw_us,10,us/frame,master,final,249.71910833333334,255.40830833333334,-5.6892,-7.1740158333333195,-4.0898172916666855,2.278239754246547,1.6355604184572765,2.8720308041414584,regression,12,5,10000,2249049410520458099
cpu,Vollkorn-Medium,1,text,y_advance,submit_us,10,us/frame,master,final,250.04094166666667,255.722175,-5.681233333333324,-7.165668958333348,-4.081466250000003,2.272121235612312,1.6307474833561297,2.8639106193010884,regression,12,5,10000,2249049410520458099
cpu,Vollkorn-Medium,2,demo,first_paint,complete_us,1,us/frame,master,final,6756.6805,4553.510416666667,2203.1700833333334,2160.8158229166675,2250.0599562499992,-32.607285239154535,-33.12706933901676,-32.079175065198534,improvement,12,5,10000,2249049410520458099
cpu,Vollkorn-Medium,2,demo,first_paint,draw_us,1,us/frame,master,final,6754.01725,4551.03475,2202.9825,2160.760166666666,2249.5597833333336,-32.61736561303571,-33.135134772637336,-32.091618685257885,improvement,12,5,10000,2249049410520458099
cpu,Vollkorn-Medium,2,demo,first_paint,submit_us,1,us/frame,master,final,6756.666666666667,4553.486166666667,2203.1805000000004,2160.8227499999994,2250.070370833333,-32.60750616674889,-33.12740920141143,-32.07939397360964,improvement,12,5,10000,2249049410520458099
cpu,Vollkorn-Medium,2,demo,pan,complete_us,10,us/frame,master,final,220.91939166666666,219.25283333333334,1.6665583333333132,0.8703089583333344,2.532218749999962,-0.7543739464247134,-1.1466421274312435,-0.39399441546111724,improvement,12,5,10000,2249049410520458099
cpu,Vollkorn-Medium,2,demo,pan,draw_us,10,us/frame,master,final,219.14858333333333,217.539975,1.6086083333333363,0.8429587499999954,2.439919374999978,-0.7340263436184657,-1.1141442876059948,-0.383683235654185,improvement,12,5,10000,2249049410520458099
cpu,Vollkorn-Medium,2,demo,pan,submit_us,10,us/frame,master,final,220.895075,219.22505833333332,1.670016666666669,0.8769162499999865,2.5322085416666558,-0.7560225897597195,-1.1471273502783663,-0.3967439234901116,improvement,12,5,10000,2249049410520458099
cpu,Vollkorn-Medium,2,demo,reported_sequence,complete_us,65,us/sequence,master,final,138196.78541933332,92959.75591816666,45237.02950116666,44694.37759112501,45796.079452400016,-32.73377840439849,-33.07872662922958,-32.41978430767046,improvement,12,5,10000,2249049410520458099
cpu,Vollkorn-Medium,2,demo,reported_sequence,draw_us,65,us/sequence,master,final,138088.35516316668,92858.43349366667,45229.92166950001,44688.392673058326,45786.41047790416,-32.754334437582266,-33.09893505418619,-32.44080062339291,improvement,12,5,10000,2249049410520458099
cpu,Vollkorn-Medium,2,demo,reported_sequence,submit_us,65,us/sequence,master,final,138195.17308683333,92958.12141616666,45237.05167066667,44694.48795206248,45795.93803584584,-32.73417635378806,-33.07917687997889,-32.42016239077321,improvement,12,5,10000,2249049410520458099
cpu,Vollkorn-Medium,2,demo,warm,complete_us,30,us/frame,master,final,217.61407225,217.63436108333335,-0.020288833333353296,-1.1811348708333476,1.1915859895833225,0.009323309436548577,-0.5474924468304612,0.5429890070473375,uncertain,12,5,10000,2249049410520458099
cpu,Vollkorn-Medium,2,demo,warm,draw_us,30,us/frame,master,final,215.88934166666667,215.96818608333334,-0.0788444166666693,-1.2010990437500317,1.0930503791666795,0.03652075459492643,-0.5060327622897698,0.5558499480109602,uncertain,12,5,10000,2249049410520458099
cpu,Vollkorn-Medium,2,demo,warm,submit_us,30,us/frame,master,final,217.59153891666668,217.61420258333334,-0.02266366666665931,-1.1834559312500275,1.18810005625001,0.010415692990406455,-0.5463045977216643,0.5441203457781163,uncertain,12,5,10000,2249049410520458099
cpu,Vollkorn-Medium,2,demo,zoom_in,complete_us,12,us/frame,master,final,6182.125583416667,4068.9863401666667,2113.13924325,2092.2793632770836,2133.337766224999,-34.18143508631435,-34.45647378399613,-33.9252282874843,improvement,12,5,10000,2249049410520458099
cpu,Vollkorn-Medium,2,demo,zoom_in,draw_us,12,us/frame,master,final,6180.6767568333335,4067.6738611666665,2113.002895666667,2092.151894395833,2133.15937115,-34.18724160474076,-34.46206627742216,-33.931009178628194,improvement,12,5,10000,2249049410520458099
cpu,Vollkorn-Medium,2,demo,zoom_in,submit_us,12,us/frame,master,final,6182.0986875,4068.9591666666665,2113.1395208333333,2092.2805794749997,2133.3360591291666,-34.18158828661263,-34.456553632989966,-33.925400283430825,improvement,12,5,10000,2249049410520458099
cpu,Vollkorn-Medium,2,demo,zoom_out,complete_us,12,us/frame,master,final,4053.265625,2577.8151180833333,1475.4505069166667,1456.6923629104165,1500.6811039999993,-36.401525175559314,-36.77691421174683,-36.06420920920645,improvement,12,5,10000,2249049410520458099
cpu,Vollkorn-Medium,2,demo,zoom_out,draw_us,12,us/frame,master,final,4051.7398195833334,2576.405944416667,1475.3338751666665,1456.6601527208334,1500.462896,-36.41235471329905,-36.7861216582163,-36.07593053285096,improvement,12,5,10000,2249049410520458099
cpu,Vollkorn-Medium,2,demo,zoom_out,submit_us,12,us/frame,master,final,4053.237861,2577.78875,1475.449111,1456.6855891437501,1500.6747636666669,-36.4017400803609,-36.77709052312625,-36.06449147064837,improvement,12,5,10000,2249049410520458099
cpu,Vollkorn-Medium,2,font_variations,first_paint,complete_us,1,us/frame,master,final,1062.4514166666668,1017.2708333333334,45.1805833333334,37.15583541666662,52.94099999999992,-4.2524846430232905,-4.984148509268491,-3.501231493583126,improvement,12,5,10000,2249049410520458099
cpu,Vollkorn-Medium,2,font_variations,first_paint,draw_us,1,us/frame,master,final,1062.1806666666666,1017.02075,45.15991666666662,37.13913750000009,52.910085416666746,-4.251622919139297,-4.984019701529072,-3.5012769057640796,improvement,12,5,10000,2249049410520458099
cpu,Vollkorn-Medium,2,font_variations,first_paint,submit_us,1,us/frame,master,final,1062.4166666666667,1017.2465833333333,45.17008333333342,37.14897500000018,52.927418750000065,-4.25163542238608,-4.984913351828618,-3.5010151786825565,improvement,12,5,10000,2249049410520458099
cpu,Vollkorn-Medium,2,font_variations,reported_sequence,complete_us,63,us/sequence,master,final,10567.874004,10302.078745666666,265.79525833333355,184.3230330916662,338.16601730833275,-2.5151251636112315,-3.1917831969014805,-1.7469540818988862,improvement,12,5,10000,2249049410520458099
cpu,Vollkorn-Medium,2,font_variations,reported_sequence,draw_us,63,us/sequence,master,final,10560.409252333333,10294.3397515,266.0695008333332,184.7438885000005,337.9835295833344,-2.519499902662814,-3.194363461866653,-1.7515863507394187,improvement,12,5,10000,2249049410520458099
cpu,Vollkorn-Medium,2,font_variations,reported_sequence,submit_us,63,us/sequence,master,final,10566.2741615,10300.523663333333,265.75049816666615,184.23273962916787,338.1144409416679,-2.515082365882315,-3.1918303689093745,-1.7471949122917558,improvement,12,5,10000,2249049410520458099
cpu,Vollkorn-Medium,2,font_variations,slant_advance,complete_us,10,us/frame,master,final,466.6041,454.6340666666667,11.970033333333333,9.011539791666696,14.585172916666618,-2.5653510831416426,-3.1205562944538117,-1.934987106187916,improvement,12,5,10000,2249049410520458099
cpu,Vollkorn-Medium,2,font_variations,slant_advance,draw_us,10,us/frame,master,final,466.45795,454.4712166666667,11.98673333333329,9.023031666666721,14.597987916666671,-2.569735028277098,-3.123612181403323,-1.9404318775734182,improvement,12,5,10000,2249049410520458099
cpu,Vollkorn-Medium,2,font_variations,slant_advance,submit_us,10,us/frame,master,final,466.57979166666667,454.60665,11.973141666666663,9.015032083333233,14.590608958333412,-2.5661509307759567,-3.1208736742675733,-1.9356497622339168,improvement,12,5,10000,2249049410520458099
cpu,Vollkorn-Medium,2,font_variations,slant_return,complete_us,10,us/frame,master,final,39.249608333333335,38.9247,0.32490833333333313,-0.07011895833333046,0.7533685416666712,-0.8278001924859946,-1.9046049870056503,0.17974667673754027,uncertain,12,5,10000,2249049410520458099
cpu,Vollkorn-Medium,2,font_variations,slant_return,draw_us,10,us/frame,master,final,39.138133333333336,38.81149166666667,0.32664166666666716,-0.06838604166667021,0.753060833333334,-0.8345867287147035,-1.9118492437175476,0.1758990961979725,uncertain,12,5,10000,2249049410520458099
cpu,Vollkorn-Medium,2,font_variations,slant_return,submit_us,10,us/frame,master,final,39.22289166666667,38.89825833333333,0.3246333333333382,-0.06986458333333585,0.7531372916666694,-0.8276629272829128,-1.9045780962184553,0.1792573757940575,uncertain,12,5,10000,2249049410520458099
cpu,Vollkorn-Medium,2,font_variations,warm,complete_us,30,us/frame,master,final,37.325908416666664,36.79246391666667,0.5334444999999945,0.22761116458333622,0.8719583895833377,-1.4291534288869534,-2.3383408417019718,-0.6108527761306427,improvement,12,5,10000,2249049410520458099
cpu,Vollkorn-Medium,2,font_variations,warm,draw_us,30,us/frame,master,final,37.23310275,36.70752225,0.5255805000000038,0.2202470479166733,0.8639119333333416,-1.4115946863977213,-2.3179785513224545,-0.5925037005873657,improvement,12,5,10000,2249049410520458099
cpu,Vollkorn-Medium,2,font_variations,warm,submit_us,30,us/frame,master,final,37.301722166666664,36.772463916666666,0.529258249999998,0.22459473541666863,0.8675192604166679,-1.4188574126289266,-2.3243203686818474,-0.6046333857406584,improvement,12,5,10000,2249049410520458099
cpu,Vollkorn-Medium,2,font_variations,weight_advance,complete_us,6,us/frame,master,final,515.471625,498.26741658333333,17.204208416666688,11.658987156250001,24.26920708541672,-3.3375665278698285,-4.641498261660428,-2.2787209066876306,improvement,12,5,10000,2249049410520458099
cpu,Vollkorn-Medium,2,font_variations,weight_advance,draw_us,6,us/frame,master,final,515.2644445,498.10013891666665,17.164305583333316,11.623842199999997,24.219331818749946,-3.331164369392714,-4.634020738786739,-2.2722753979664354,improvement,12,5,10000,2249049410520458099
cpu,Vollkorn-Medium,2,font_variations,weight_advance,submit_us,6,us/frame,master,final,515.4410000833333,498.23787508333334,17.203124999999943,11.660274912500011,24.2673357645834,-3.3375546371395837,-4.6404857939255795,-2.2785052754715007,improvement,12,5,10000,2249049410520458099
cpu,Vollkorn-Medium,2,font_variations,weight_return,complete_us,6,us/frame,master,final,38.15399991666667,37.89465283333333,0.25934708333333845,-0.3287202874999904,0.8526796000000042,-0.679737599988961,-2.213584865676457,0.8638933325641699,uncertain,12,5,10000,2249049410520458099
cpu,Vollkorn-Medium,2,font_variations,weight_return,draw_us,6,us/frame,master,final,38.044611,37.787,0.25761100000000425,-0.33325086249999936,0.8589176749999984,-0.6771287528738457,-2.2270883501755265,0.8807499204250436,uncertain,12,5,10000,2249049410520458099
cpu,Vollkorn-Medium,2,font_variations,weight_return,submit_us,6,us/frame,master,final,38.12622208333333,37.86687508333333,0.2593469999999982,-0.3291666687499989,0.8542100041666598,-0.6802326216144294,-2.21403447416045,0.8651508767472724,uncertain,12,5,10000,2249049410520458099
cpu,Vollkorn-Medium,2,grid_pollution,hot_first,complete_us,1,us/frame,master,final,1584.2776666666666,1516.0520833333333,68.22558333333336,47.578622916666994,84.44775416666671,-4.306415773497618,-5.298789766750736,-3.0253749362405165,improvement,12,5,10000,2249049410520458099
cpu,Vollkorn-Medium,2,grid_pollution,hot_first,draw_us,1,us/frame,master,final,1584.1353333333334,1515.91325,68.22208333333333,47.56453125,84.44425208333357,-4.306581760901739,-5.298667963582722,-3.02519580157481,improvement,12,5,10000,2249049410520458099
cpu,Vollkorn-Medium,2,grid_pollution,hot_first,submit_us,1,us/frame,master,final,1584.25675,1516.02425,68.23250000000007,47.578385416666485,84.45125624999983,-4.306909217839849,-5.299067603159949,-3.025847569789083,improvement,12,5,10000,2249049410520458099
cpu,Vollkorn-Medium,2,grid_pollution,hot_return,complete_us,1,us/frame,master,final,1515.1770833333333,1497.0970833333333,18.079999999999927,9.520827083333284,25.715841666666265,-1.1932598637397929,-1.6955892201197418,-0.62888495576813,improvement,12,5,10000,2249049410520458099
cpu,Vollkorn-Medium,2,grid_pollution,hot_return,draw_us,1,us/frame,master,final,1514.9026666666666,1496.84375,18.05891666666662,9.527241666666596,25.681000000000004,-1.192084287923445,-1.6939190928549233,-0.6277519423835619,improvement,12,5,10000,2249049410520458099
cpu,Vollkorn-Medium,2,grid_pollution,hot_return,submit_us,1,us/frame,master,final,1515.1493333333333,1497.0728333333334,18.076499999999896,9.53082083333332,25.711922916666843,-1.1930507179930272,-1.695382344895465,-0.6283077828013953,improvement,12,5,10000,2249049410520458099
cpu,Vollkorn-Medium,2,grid_pollution,hot_second,complete_us,1,us/frame,master,final,1458.8541666666667,194.1145,1264.7396666666668,1252.6007458333331,1276.0594375000003,-86.6940435558729,-86.88251658743343,-86.49678975102248,improvement,12,5,10000,2249049410520458099
cpu,Vollkorn-Medium,2,grid_pollution,hot_second,draw_us,1,us/frame,master,final,1458.7291666666667,194.01041666666666,1264.71875,1252.5830708333333,1276.0386166666665,-86.70003856096203,-86.8882571215568,-86.50291175874881,improvement,12,5,10000,2249049410520458099
cpu,Vollkorn-Medium,2,grid_pollution,hot_second,submit_us,1,us/frame,master,final,1458.8229166666667,194.07641666666666,1264.7465000000002,1252.6109166666665,1276.06284375,-86.69636907609588,-86.88489066421555,-86.49887085635694,improvement,12,5,10000,2249049410520458099
cpu,Vollkorn-Medium,2,grid_pollution,pollution,complete_us,64,us/frame,master,final,1513.2757589999999,1501.1589713333333,12.116787666666596,3.9123022937499115,20.230502416666468,-0.8006992509199784,-1.3325173981208616,-0.2597538875770801,improvement,12,5,10000,2249049410520458099
cpu,Vollkorn-Medium,2,grid_pollution,pollution,draw_us,64,us/frame,master,final,1513.1513151666666,1501.03743225,12.113882916666626,3.9062265708330646,20.238945416666866,-0.8005731347054512,-1.3330304812282836,-0.2593065378499645,improvement,12,5,10000,2249049410520458099
cpu,Vollkorn-Medium,2,grid_pollution,pollution,submit_us,64,us/frame,master,final,1513.2473973333333,1501.1308190833333,12.116578249999975,3.9105981270832957,20.2306785833332,-0.8007004189369171,-1.3326715979294121,-0.2596450657704121,improvement,12,5,10000,2249049410520458099
cpu,Vollkorn-Medium,2,grid_singleton,once,complete_us,1,us/frame,master,final,1605.45475,1527.962,77.49275000000011,67.99616666666681,85.80526041666633,-4.8268411177580735,-5.324748271702178,-4.247351935117283,improvement,12,5,10000,2249049410520458099
cpu,Vollkorn-Medium,2,grid_singleton,once,draw_us,1,us/frame,master,final,1605.26725,1527.78825,77.47900000000004,67.98232916666674,85.79842499999985,-4.826548351995596,-5.324058995885263,-4.247371914860265,improvement,12,5,10000,2249049410520458099
cpu,Vollkorn-Medium,2,grid_singleton,once,submit_us,1,us/frame,master,final,1605.4270833333333,1527.941,77.48608333333323,67.97899791666673,85.81608749999981,-4.826509041597182,-5.324762117753406,-4.246150834742949,improvement,12,5,10000,2249049410520458099
cpu,Vollkorn-Medium,2,grid_two_phases,first,complete_us,1,us/frame,master,final,1550.4304166666666,1475.3229166666667,75.10749999999985,59.148741666666766,88.54549374999993,-4.8442999564905715,-5.679282480919655,-3.8422805810104275,improvement,12,5,10000,2249049410520458099
cpu,Vollkorn-Medium,2,grid_two_phases,first,draw_us,1,us/frame,master,final,1550.2778333333333,1475.1665833333334,75.11124999999993,59.15641458333337,88.54867083333326,-4.8450186402071775,-5.679604515295582,-3.8429037108250608,improvement,12,5,10000,2249049410520458099
cpu,Vollkorn-Medium,2,grid_two_phases,first,submit_us,1,us/frame,master,final,1550.3994166666666,1475.2950833333334,75.10433333333322,59.14923750000021,88.53851458333294,-4.844192569086891,-5.679037702784706,-3.8421659977883285,improvement,12,5,10000,2249049410520458099
cpu,Vollkorn-Medium,2,grid_two_phases,second,complete_us,1,us/frame,master,final,1453.79175,190.58666666666667,1263.2050833333335,1257.7328312500001,1268.8651645833334,-86.89037362698842,-87.07868225805969,-86.73017850419137,improvement,12,5,10000,2249049410520458099
cpu,Vollkorn-Medium,2,grid_two_phases,second,draw_us,1,us/frame,master,final,1453.6528333333333,190.46166666666667,1263.1911666666667,1257.7294124999999,1268.8440041666668,-86.89771984759773,-87.08535631792535,-86.73769879700149,improvement,12,5,10000,2249049410520458099
cpu,Vollkorn-Medium,2,grid_two_phases,second,submit_us,1,us/frame,master,final,1453.7709166666666,190.552,1263.2189166666667,1257.7467416666666,1268.8750875,-86.89257036198562,-87.08056362226601,-86.73273854632177,improvement,12,5,10000,2249049410520458099
cpu,Vollkorn-Medium,2,grid_unique_sizes,sweep,complete_us,32,us/frame,master,final,1488.2005103333333,1478.74739575,9.453114583333445,-1.3302905979165642,19.465833283333414,-0.6352043637732674,-1.3071712621040599,0.08984442461501806,uncertain,12,5,10000,2249049410520458099
cpu,Vollkorn-Medium,2,grid_unique_sizes,sweep,draw_us,32,us/frame,master,final,1488.0773750833332,1478.6267345,9.450640583333097,-1.3362803041667688,19.455861799999877,-0.6350906707928261,-1.3073620681946294,0.0901505783243189,uncertain,12,5,10000,2249049410520458099
cpu,Vollkorn-Medium,2,grid_unique_sizes,sweep,submit_us,32,us/frame,master,final,1488.1711173333333,1478.719724,9.451393333333272,-1.3315220333334876,19.46472390416643,-0.6351012476488171,-1.307132766443752,0.08992941403612664,uncertain,12,5,10000,2249049410520458099
cpu,Vollkorn-Medium,2,grid_unique_variations,sweep,complete_us,32,us/frame,master,final,250.24826825,175.16740358333334,75.08086466666666,74.29978391250002,75.96730695000001,-30.002551143195234,-30.287172697131,-29.728749513972648,improvement,12,5,10000,2249049410520458099
cpu,Vollkorn-Medium,2,grid_unique_variations,sweep,draw_us,32,us/frame,master,final,250.14116933333332,175.06987508333333,75.07129425,74.29514681458338,75.95702460833333,-30.011570846205416,-30.295839475183122,-29.738552604387113,improvement,12,5,10000,2249049410520458099
cpu,Vollkorn-Medium,2,grid_unique_variations,sweep,submit_us,32,us/frame,master,final,250.21906508333333,175.13780716666668,75.08125791666666,74.30117400625002,75.96863071666664,-30.006209915164327,-30.29078796568937,-29.73227831592884,improvement,12,5,10000,2249049410520458099
cpu,Vollkorn-Medium,2,text,first_paint,complete_us,1,us/frame,master,final,27265.89591666667,20658.861166666666,6607.0347500000025,6480.828866666665,6744.0488395833345,-24.23186375460841,-24.633057864497445,-23.847794459464183,improvement,12,5,10000,2249049410520458099
cpu,Vollkorn-Medium,2,text,first_paint,draw_us,1,us/frame,master,final,27262.6005,20656.048583333333,6606.551916666667,6480.400943750001,6743.252522916671,-24.23302177892629,-24.633367156517483,-23.84979633915382,improvement,12,5,10000,2249049410520458099
cpu,Vollkorn-Medium,2,text,first_paint,submit_us,1,us/frame,master,final,27265.8645,20658.836916666667,6607.027583333333,6480.807785416661,6744.0452562499995,-24.231865391003215,-24.633120075825868,-23.847754393805275,improvement,12,5,10000,2249049410520458099
cpu,Vollkorn-Medium,2,text,reflow,complete_us,3,us/frame,master,final,2860.0220000833333,2868.09033325,-8.06833316666689,-20.90682347291723,3.0060744458330135,0.28210738121705603,-0.1047417505167375,0.7339694171381527,uncertain,12,5,10000,2249049410520458099
cpu,Vollkorn-Medium,2,text,reflow,draw_us,3,us/frame,master,final,2859.4988055833333,2867.5348055833333,-8.036000000000058,-20.846912664583872,3.047477916666206,0.2810282691606325,-0.10635056222572603,0.7327630490931207,uncertain,12,5,10000,2249049410520458099
cpu,Vollkorn-Medium,2,text,reflow,submit_us,3,us/frame,master,final,2859.9941945833334,2868.0601945,-8.065999916666442,-20.905607558333497,3.006016916666096,0.2820285415943591,-0.10484398665164983,0.7339339021107387,uncertain,12,5,10000,2249049410520458099
cpu,Vollkorn-Medium,2,text,reported_sequence,complete_us,88,us/sequence,master,final,195542.80891616666,142175.4899145,53367.31900166665,52458.563902285416,54224.75100280834,-27.291885238564994,-27.65511632026769,-26.921871471033757,improvement,12,5,10000,2249049410520458099
cpu,Vollkorn-Medium,2,text,reported_sequence,draw_us,88,us/sequence,master,final,195498.63599983335,142133.4994185,53365.136581333354,52457.09500266247,54220.39602710207,-27.29693550464406,-27.660095792621252,-26.92673937951668,improvement,12,5,10000,2249049410520458099
cpu,Vollkorn-Medium,2,text,reported_sequence,submit_us,88,us/sequence,master,final,195540.72599875,142173.33592033334,53367.39007841665,52458.58844806665,54224.67011577499,-27.292212303005257,-27.65546649662861,-26.922171109452737,improvement,12,5,10000,2249049410520458099
cpu,Vollkorn-Medium,2,text,size_advance,complete_us,12,us/frame,master,final,11429.545125,7741.664388833334,3687.880736166667,3625.6168115229143,3752.1989468187503,-32.26620741100287,-32.673976826252684,-31.87859247551344,improvement,12,5,10000,2249049410520458099
cpu,Vollkorn-Medium,2,text,size_advance,draw_us,12,us/frame,master,final,11428.600992916667,7740.850166666667,3687.7508262499996,3625.562206741667,3751.9412440458354,-32.26773625691921,-32.67535262654718,-31.880822708124832,improvement,12,5,10000,2249049410520458099
cpu,Vollkorn-Medium,2,text,size_advance,submit_us,12,us/frame,master,final,11429.516784666666,7741.637750083333,3687.879034583333,3625.615172112501,3752.197517012498,-32.26627252983108,-32.674042174635964,-31.878674224839745,improvement,12,5,10000,2249049410520458099
cpu,Vollkorn-Medium,2,text,size_return,complete_us,12,us/frame,master,final,268.3414375,272.2306041666667,-3.8891666666667106,-5.4485009166666645,-2.371846735416696,1.4493351093666673,0.8886946149191183,2.0280771876396146,regression,12,5,10000,2249049410520458099
cpu,Vollkorn-Medium,2,text,size_return,draw_us,12,us/frame,master,final,267.8993056666667,271.80589583333335,-3.9065901666666605,-5.460220683333344,-2.3917272958333906,1.458230791955617,0.8967206714600273,2.036996956211631,regression,12,5,10000,2249049410520458099
cpu,Vollkorn-Medium,2,text,size_return,submit_us,12,us/frame,master,final,268.31277775,272.20172233333335,-3.888944583333341,-5.449092939583288,-2.3712910250000236,1.4494071493519556,0.8885348653728542,2.028905879732999,regression,12,5,10000,2249049410520458099
cpu,Vollkorn-Medium,2,text,warm,complete_us,30,us/frame,master,final,248.76852508333334,256.625825,-7.857299916666676,-10.515952335416646,-5.623407487500025,3.1584783139404937,2.2599483117524772,4.240801371688132,regression,12,5,10000,2249049410520458099
cpu,Vollkorn-Medium,2,text,warm,draw_us,30,us/frame,master,final,248.44178883333333,256.30315566666667,-7.861366833333335,-10.51894902916671,-5.631721356249984,3.164269131312336,2.2656376804013445,4.247678368926985,regression,12,5,10000,2249049410520458099
cpu,Vollkorn-Medium,2,text,warm,submit_us,30,us/frame,master,final,248.74770833333332,256.60427491666667,-7.856566583333347,-10.514957181249947,-5.623663197916681,3.1584478248962045,2.259742893445535,4.241379632495006,regression,12,5,10000,2249049410520458099
cpu,Vollkorn-Medium,2,text,x_advance,complete_us,10,us/frame,master,final,686.5004,382.7447833333333,303.7556166666667,300.71161770833334,307.05950958333335,-44.246968634929665,-44.5072218207964,-43.97893401697739,improvement,12,5,10000,2249049410520458099
cpu,Vollkorn-Medium,2,text,x_advance,draw_us,10,us/frame,master,final,686.0760833333334,382.327725,303.7483583333334,300.7136377083333,307.05016770833333,-44.27327605672501,-44.533610462090124,-44.00533405163556,improvement,12,5,10000,2249049410520458099
cpu,Vollkorn-Medium,2,text,x_advance,submit_us,10,us/frame,master,final,686.4746749999999,382.7173416666667,303.75733333333324,300.71511875,307.0625860416668,-44.248876818847435,-44.509526343816326,-43.98056143727861,improvement,12,5,10000,2249049410520458099
cpu,Vollkorn-Medium,2,text,x_return,complete_us,10,us/frame,master,final,255.8542,261.7798916666667,-5.925691666666694,-7.111425208333371,-4.68824791666665,2.3160423657953233,1.8286040588091919,2.780748517116838,regression,12,5,10000,2249049410520458099
cpu,Vollkorn-Medium,2,text,x_return,draw_us,10,us/frame,master,final,255.460125,261.3767583333333,-5.916633333333323,-7.100683958333357,-4.685665416666699,2.3160692234583946,1.8269526201895547,2.7792254250984896,regression,12,5,10000,2249049410520458099
cpu,Vollkorn-Medium,2,text,x_return,submit_us,10,us/frame,master,final,255.82647500000002,261.7538583333333,-5.927383333333296,-7.113875000000001,-4.686717291666663,2.3169546206401437,1.8300405538630633,2.781974124765001,regression,12,5,10000,2249049410520458099
cpu,Vollkorn-Medium,2,text,y_advance,complete_us,10,us/frame,master,final,249.85105833333333,256.274325,-6.423266666666649,-8.351723958333313,-4.720198749999984,2.570838286423105,1.8894511014876891,3.353313693955871,regression,12,5,10000,2249049410520458099
cpu,Vollkorn-Medium,2,text,y_advance,draw_us,10,us/frame,master,final,249.49619166666668,255.92255833333334,-6.426366666666667,-8.352986041666695,-4.718007500000004,2.5757373784897064,1.8892749708368262,3.358268132912894,regression,12,5,10000,2249049410520458099
cpu,Vollkorn-Medium,2,text,y_advance,submit_us,10,us/frame,master,final,249.82291666666666,256.25003333333336,-6.427116666666706,-8.356868333333331,-4.7212166666667414,2.5726689738565067,1.8893274481459599,3.3549509938506294,regression,12,5,10000,2249049410520458099
gpu,DoulosSIL-Regular,1,demo,first_paint,complete_us,1,us/frame,master,final,16266.72225,14409.996583333334,1856.7256666666672,1047.0528000000018,2538.405577083334,-11.41425812853396,-15.494423794713107,-6.477562852971565,improvement,12,3,10000,1664579623022379050
gpu,DoulosSIL-Regular,1,demo,first_paint,draw_us,1,us/frame,master,final,7811.7119999999995,5617.989583333333,2193.7224166666665,2086.6109854166666,2298.92385,-28.08247944454003,-29.297252382887674,-26.783076509387342,improvement,12,3,10000,1664579623022379050
gpu,DoulosSIL-Regular,1,demo,first_paint,submit_us,1,us/frame,master,final,13309.045416666668,11288.4375,2020.6079166666677,1792.409999999999,2211.685822916666,-15.182215203325544,-16.657911123745553,-13.43599696678583,improvement,12,3,10000,1664579623022379050
gpu,DoulosSIL-Regular,1,demo,pan,complete_us,10,us/frame,master,final,1228.8711916666666,1071.8861333333334,156.9850583333332,49.21305958333312,255.62464854166655,-12.774736636182427,-19.96164244804111,-4.13026719708506,improvement,12,3,10000,1664579623022379050
gpu,DoulosSIL-Regular,1,demo,pan,draw_us,10,us/frame,master,final,203.96043333333333,204.309,-0.34856666666667024,-2.7157400000000416,2.3010839583333094,0.17089915968995228,-1.115703085156581,1.3432085839610661,uncertain,12,3,10000,1664579623022379050
gpu,DoulosSIL-Regular,1,demo,pan,submit_us,10,us/frame,master,final,539.4747,538.0885416666666,1.3861583333333556,-5.20449354166671,8.098726666666698,-0.2569459389538342,-1.4856360442063004,0.9725716493252078,uncertain,12,3,10000,1664579623022379050
gpu,DoulosSIL-Regular,1,demo,reported_sequence,complete_us,65,us/sequence,master,final,254127.470586,198368.52482983333,55758.94575616668,52833.19380429999,58698.02358065416,-21.941329533399312,-22.937381247472974,-20.94937400912186,improvement,12,3,10000,1664579623022379050
gpu,DoulosSIL-Regular,1,demo,reported_sequence,draw_us,65,us/sequence,master,final,151706.08249683332,106933.95216816667,44772.13032866665,44152.550908791665,45356.83348842497,-29.512416108695717,-29.807006684752935,-29.198582040381186,improvement,12,3,10000,1664579623022379050
gpu,DoulosSIL-Regular,1,demo,reported_sequence,submit_us,65,us/sequence,master,final,176923.696667,132049.034662,44874.66200500002,44015.869684099984,45690.626073766616,-25.36385054708733,-25.745264693942804,-24.956365957343685,improvement,12,3,10000,1664579623022379050
gpu,DoulosSIL-Regular,1,demo,warm,complete_us,30,us/frame,master,final,927.1734834166666,899.3704388333333,27.803044583333303,-28.352989485416735,81.66545112708332,-2.9986884958010385,-8.41915244967892,3.1464509731936054,uncertain,12,3,10000,1664579623022379050
gpu,DoulosSIL-Regular,1,demo,warm,draw_us,30,us/frame,master,final,198.40365825,199.91414175,-1.5104834999999923,-3.2808152541666833,0.5081619145832915,0.7613183715073912,-0.2543228876269982,1.659997784996466,uncertain,12,3,10000,1664579623022379050
gpu,DoulosSIL-Regular,1,demo,warm,submit_us,30,us/frame,master,final,501.40265275,505.152561,-3.749908249999976,-7.465148381249992,0.06978855625002553,0.7478836080011098,-0.013838538917959881,1.4948850348463338,uncertain,12,3,10000,1664579623022379050
gpu,DoulosSIL-Regular,1,demo,zoom_in,complete_us,12,us/frame,master,final,9754.512444583333,7317.430263916666,2437.082180666667,2384.5857483604163,2495.2956607583333,-24.9841516376349,-25.549325143098606,-24.48535849755957,improvement,12,3,10000,1664579623022379050
gpu,DoulosSIL-Regular,1,demo,zoom_in,draw_us,12,us/frame,master,final,6983.570333333333,4871.130513833334,2112.4398194999994,2082.68345965625,2138.420294466667,-30.248708306367256,-30.538982342219892,-29.935268702757313,improvement,12,3,10000,1664579623022379050
gpu,DoulosSIL-Regular,1,demo,zoom_in,submit_us,12,us/frame,master,final,7216.495951416667,5098.687506916667,2117.8084444999995,2085.9750316125,2146.0695446333325,-29.34676966158699,-29.65707361742563,-29.013718354073223,improvement,12,3,10000,1664579623022379050
gpu,DoulosSIL-Regular,1,demo,zoom_out,complete_us,12,us/frame,master,final,6588.744201416666,4781.407395833333,1807.3368055833334,1745.6809852729161,1874.6250588958342,-27.430671920678485,-28.310986036760703,-26.58430840422472,improvement,12,3,10000,1664579623022379050
gpu,DoulosSIL-Regular,1,demo,zoom_out,draw_us,12,us/frame,master,final,4312.949611166667,2901.8185485833333,1411.1310625833335,1393.0274730520832,1432.6849958354167,-32.71846856104628,-33.066976641026066,-32.43508258831284,improvement,12,3,10000,1664579623022379050
gpu,DoulosSIL-Regular,1,demo,zoom_out,submit_us,12,us/frame,master,final,4669.816513833333,3250.607069583333,1419.2094442500002,1398.8422705520832,1442.5166327583338,-30.391117938914636,-30.76208635383327,-30.076388150026638,improvement,12,3,10000,1664579623022379050
gpu,DoulosSIL-Regular,1,font_variations,first_paint,complete_us,1,us/frame,master,final,4678.0695,4870.60425,-192.5347500000007,-456.56648958333426,36.36666458333299,4.115688105959103,-0.7524201154000643,9.951328203211373,uncertain,12,3,10000,1664579623022379050
gpu,DoulosSIL-Regular,1,font_variations,first_paint,draw_us,1,us/frame,master,final,1717.764,1652.4860833333332,65.27791666666667,44.50306874999937,83.63566875000032,-3.800167931489229,-4.829361762506692,-2.608536182050177,improvement,12,3,10000,1664579623022379050
gpu,DoulosSIL-Regular,1,font_variations,first_paint,submit_us,1,us/frame,master,final,3073.0833333333335,3014.614666666667,58.46866666666665,20.647337499999516,94.53509583333312,-1.9026059603546974,-3.054658696473333,-0.6772125592285424,improvement,12,3,10000,1664579623022379050
gpu,DoulosSIL-Regular,1,font_variations,reported_sequence,complete_us,63,us/sequence,master,final,38325.88816416667,38280.162589499996,45.72557466667058,-361.08806395832414,499.7295829666696,-0.11930727990127066,-1.2914736180288124,0.9469506755967828,uncertain,12,3,10000,1664579623022379050
gpu,DoulosSIL-Regular,1,font_variations,reported_sequence,draw_us,63,us/sequence,master,final,16190.254497833334,15913.391416166667,276.8630816666664,168.87318716249706,400.24395881249603,-1.710060096360544,-2.4602051515406522,-1.0477651307668387,improvement,12,3,10000,1664579623022379050
gpu,DoulosSIL-Regular,1,font_variations,reported_sequence,submit_us,63,us/sequence,master,final,20549.995998,20260.892669166667,289.10332883333103,150.70986190833293,448.95088433750067,-1.4068291247427367,-2.169931113237341,-0.7367151035782422,improvement,12,3,10000,1664579623022379050
gpu,DoulosSIL-Regular,1,font_variations,slant_advance,complete_us,10,us/frame,master,final,1258.5142166666667,1245.8059166666667,12.708300000000008,-3.9617122916667307,28.512848958333194,-1.0097859707663526,-2.245031534068799,0.31752718535285496,uncertain,12,3,10000,1664579623022379050
gpu,DoulosSIL-Regular,1,font_variations,slant_advance,draw_us,10,us/frame,master,final,760.33925,751.4735666666667,8.865683333333322,-0.5453574999999516,19.81237979166657,-1.1660167922849296,-2.589477791295505,0.07201393181070732,uncertain,12,3,10000,1664579623022379050
gpu,DoulosSIL-Regular,1,font_variations,slant_advance,submit_us,10,us/frame,master,final,810.7583416666666,801.6756666666666,9.082674999999995,-0.6159604166664363,20.43938604166662,-1.1202690781236813,-2.504097051563492,0.07661605809252804,uncertain,12,3,10000,1664579623022379050
gpu,DoulosSIL-Regular,1,font_variations,slant_return,complete_us,10,us/frame,master,final,290.24898333333334,286.6938,3.555183333333332,-3.2097591666666374,11.09148812499996,-1.2248736558882034,-3.775097613949532,1.117832316188555,uncertain,12,3,10000,1664579623022379050
gpu,DoulosSIL-Regular,1,font_variations,slant_return,draw_us,10,us/frame,master,final,41.935091666666665,41.064875,0.8702166666666642,-0.0009827083333300663,1.8351533333333367,-2.0751514592690867,-4.313828587961336,0.0023597759624940985,uncertain,12,3,10000,1664579623022379050
gpu,DoulosSIL-Regular,1,font_variations,slant_return,submit_us,10,us/frame,master,final,97.12435833333333,96.34238333333333,0.7819750000000028,-1.9649089583333474,3.402493333333321,-0.8051275842834826,-3.4646017965554647,2.035648513796237,uncertain,12,3,10000,1664579623022379050
gpu,DoulosSIL-Regular,1,font_variations,warm,complete_us,30,us/frame,master,final,276.1906221666667,274.3054276666667,1.8851945000000114,-1.7867635833333169,5.343166279166625,-0.6825700616519881,-1.927492384193411,0.6483788360027054,uncertain,12,3,10000,1664579623022379050
gpu,DoulosSIL-Regular,1,font_variations,warm,draw_us,30,us/frame,master,final,39.578677666666664,39.05848616666667,0.5201914999999957,0.18535262500000743,0.8458672979166731,-1.3143225864721164,-2.1305437039438195,-0.46999918249692324,improvement,12,3,10000,1664579623022379050
gpu,DoulosSIL-Regular,1,font_variations,warm,submit_us,30,us/frame,master,final,86.77778608333334,85.40996666666666,1.367819416666677,0.08705572499998447,2.8379595354166587,-1.5762322114937888,-3.2285184764975527,-0.10172687879838073,improvement,12,3,10000,1664579623022379050
gpu,DoulosSIL-Regular,1,font_variations,weight_advance,complete_us,6,us/frame,master,final,1349.2783334166666,1320.848875,28.429458416666648,0.2330621541666689,67.40593523541669,-2.107012149574583,-4.882081198947118,-0.01757496841323171,improvement,12,3,10000,1664579623022379050
gpu,DoulosSIL-Regular,1,font_variations,weight_advance,draw_us,6,us/frame,master,final,835.5833055833333,817.6730139166667,17.91029166666658,4.770895691666803,30.57937767916651,-2.1434477624182713,-3.6312536021684867,-0.5748872693184472,improvement,12,3,10000,1664579623022379050
gpu,DoulosSIL-Regular,1,font_variations,weight_advance,submit_us,6,us/frame,master,final,878.8090139166667,860.4397639166666,18.36925000000008,4.4877449854166915,31.66854438750001,-2.0902436944896796,-3.5714303310091586,-0.5140484442042673,improvement,12,3,10000,1664579623022379050
gpu,DoulosSIL-Regular,1,font_variations,weight_return,complete_us,6,us/frame,master,final,278.23840275,278.042125,0.19627774999997882,-8.32586742083333,8.46669369375005,-0.07054301205730029,-3.0091154235767146,3.0053301377235,uncertain,12,3,10000,1664579623022379050
gpu,DoulosSIL-Regular,1,font_variations,weight_return,draw_us,6,us/frame,master,final,40.37441666666667,39.806111,0.5683056666666673,-0.6018755833333257,1.5748196104166687,-1.407588551330985,-3.8700135010198884,1.4938496317852543,uncertain,12,3,10000,1664579623022379050
gpu,DoulosSIL-Regular,1,font_variations,weight_return,submit_us,6,us/frame,master,final,89.10813891666666,87.00284733333334,2.105291583333326,-1.193308012499994,5.1592101916666575,-2.362625467132895,-5.670268465394403,1.3684431993673907,uncertain,12,3,10000,1664579623022379050
gpu,DoulosSIL-Regular,1,grid_pollution,hot_first,complete_us,1,us/frame,master,final,4048.8436666666666,3992.0936666666666,56.75,-22.949904166666986,135.20858750000065,-1.4016347548118868,-3.290312099635505,0.5740722487759542,uncertain,12,3,10000,1664579623022379050
gpu,DoulosSIL-Regular,1,grid_pollution,hot_first,draw_us,1,us/frame,master,final,1803.7984166666665,1729.2046666666668,74.59374999999977,55.58682916666666,91.11151250000033,-4.135370632925017,-5.031049243582197,-3.0941947088183315,improvement,12,3,10000,1664579623022379050
gpu,DoulosSIL-Regular,1,grid_pollution,hot_first,submit_us,1,us/frame,master,final,3071.7186666666666,2986.8470833333336,84.87158333333309,54.683314583333086,114.36886458333328,-2.7629998884446394,-3.7063617235144126,-1.7884528872327228,improvement,12,3,10000,1664579623022379050
gpu,DoulosSIL-Regular,1,grid_pollution,hot_return,complete_us,1,us/frame,master,final,2792.27425,2799.8054166666666,-7.53116666666665,-103.49771458333353,82.02500833333289,0.2697144331960555,-2.889837282759606,3.753720570125833,uncertain,12,3,10000,1664579623022379050
gpu,DoulosSIL-Regular,1,grid_pollution,hot_return,draw_us,1,us/frame,master,final,1720.91325,1725.7083333333333,-4.795083333333196,-40.451685416666734,28.08699999999952,0.27863597036823506,-1.6184132776651183,2.36562289219644,uncertain,12,3,10000,1664579623022379050
gpu,DoulosSIL-Regular,1,grid_pollution,hot_return,submit_us,1,us/frame,master,final,1768.1494166666666,1775.4340833333333,-7.284666666666681,-44.353839583333325,28.021187500000302,0.4119938393215561,-1.5696558689560922,2.526672992123516,uncertain,12,3,10000,1664579623022379050
gpu,DoulosSIL-Regular,1,grid_pollution,hot_second,complete_us,1,us/frame,master,final,2786.9653333333335,903.01725,1883.9480833333337,1777.7753958333335,1996.136091666666,-67.59854745233046,-69.19807475444162,-65.70810718644171,improvement,12,3,10000,1664579623022379050
gpu,DoulosSIL-Regular,1,grid_pollution,hot_second,draw_us,1,us/frame,master,final,1668.0763333333334,422.31941666666665,1245.7569166666667,1238.62506875,1253.7223333333334,-74.68224875400387,-75.0540975443844,-74.36978904788332,improvement,12,3,10000,1664579623022379050
gpu,DoulosSIL-Regular,1,grid_pollution,hot_second,submit_us,1,us/frame,master,final,1705.78125,459.44433333333336,1246.3369166666666,1239.2809833333333,1253.9830083333331,-73.06545998595463,-73.47662755056503,-72.68853849368065,improvement,12,3,10000,1664579623022379050
gpu,DoulosSIL-Regular,1,grid_pollution,pollution,complete_us,64,us/frame,master,final,2783.1047616666665,2754.90332675,28.201434916666585,9.586179066666217,46.55605825833314,-1.0133084210519616,-1.6678956609312556,-0.34594893044108244,improvement,12,3,10000,1664579623022379050
gpu,DoulosSIL-Regular,1,grid_pollution,pollution,draw_us,64,us/frame,master,final,1739.579328,1735.4671561666667,4.112171833333377,-4.8675658375002735,13.107754377083232,-0.23638886523565938,-0.7516567903115242,0.28034267399403934,uncertain,12,3,10000,1664579623022379050
gpu,DoulosSIL-Regular,1,grid_pollution,pollution,submit_us,64,us/frame,master,final,1776.5360444166668,1773.4636380833333,3.072406333333447,-6.922261079166572,12.904974514583277,-0.17294365307078952,-0.7251069654174491,0.3906593537547958,uncertain,12,3,10000,1664579623022379050
gpu,DoulosSIL-Regular,1,grid_singleton,once,complete_us,1,us/frame,master,final,4159.913083333333,4040.267083333333,119.64599999999973,47.90329791666626,186.89951041666575,-2.876165862199398,-4.455569058846657,-1.1559797616905028,improvement,12,3,10000,1664579623022379050
gpu,DoulosSIL-Regular,1,grid_singleton,once,draw_us,1,us/frame,master,final,1824.5381666666667,1770.34725,54.19091666666668,17.989333333333445,84.87458750000013,-2.970116912690879,-4.6379392687843355,-0.9917010031356592,improvement,12,3,10000,1664579623022379050
gpu,DoulosSIL-Regular,1,grid_singleton,once,submit_us,1,us/frame,master,final,3157.0658333333336,3087.670166666667,69.39566666666678,10.987418749999678,119.60406458333327,-2.19810641684961,-3.772926333895082,-0.348893219193216,improvement,12,3,10000,1664579623022379050
gpu,DoulosSIL-Regular,1,grid_two_phases,first,complete_us,1,us/frame,master,final,4004.7220833333336,3940.47925,64.24283333333369,-74.64550833333345,194.01535625000028,-1.6041770688831725,-4.725614489972462,1.9031430937217133,uncertain,12,3,10000,1664579623022379050
gpu,DoulosSIL-Regular,1,grid_two_phases,first,draw_us,1,us/frame,master,final,1798.7568333333334,1743.2429166666666,55.51391666666677,37.503239583333354,72.34417500000004,-3.0862379860312816,-4.005988254184506,-2.0946124057869775,improvement,12,3,10000,1664579623022379050
gpu,DoulosSIL-Regular,1,grid_two_phases,first,submit_us,1,us/frame,master,final,2998.3885833333334,2934.583583333333,63.80500000000029,20.898500000000716,111.67578541666727,-2.1279763521867334,-3.6899381145904293,-0.7007530847305457,improvement,12,3,10000,1664579623022379050
gpu,DoulosSIL-Regular,1,grid_two_phases,second,complete_us,1,us/frame,master,final,2772.36125,941.0763333333333,1831.2849166666665,1718.6611062499999,1940.4127104166664,-66.05506106632629,-68.33677716445625,-62.87383623576557,improvement,12,3,10000,1664579623022379050
gpu,DoulosSIL-Regular,1,grid_two_phases,second,draw_us,1,us/frame,master,final,1678.9723333333334,422.7083333333333,1256.2640000000001,1244.00349375,1270.0926604166666,-74.8233889897332,-75.14784940276833,-74.45879444599215,improvement,12,3,10000,1664579623022379050
gpu,DoulosSIL-Regular,1,grid_two_phases,second,submit_us,1,us/frame,master,final,1717.8648333333333,460.32641666666666,1257.5384166666668,1244.2152416666668,1272.271258333333,-73.20357179828565,-73.57423953660044,-72.80430496577019,improvement,12,3,10000,1664579623022379050
gpu,DoulosSIL-Regular,1,grid_unique_sizes,sweep,complete_us,32,us/frame,master,final,2829.717877583333,2827.5520727499998,2.165804833333368,-17.141820166666662,21.40449730833387,-0.07653783617408427,-0.7528463037864982,0.6069433623913448,uncertain,12,3,10000,1664579623022379050
gpu,DoulosSIL-Regular,1,grid_unique_sizes,sweep,draw_us,32,us/frame,master,final,1722.068763,1713.000008,9.06875500000001,1.9184254833339711,16.969389677083285,-0.5266197956114937,-0.983463641686614,-0.111724246062995,improvement,12,3,10000,1664579623022379050
gpu,DoulosSIL-Regular,1,grid_unique_sizes,sweep,submit_us,32,us/frame,master,final,1796.821724,1786.8008828333334,10.020841166666514,2.125713714583293,18.846386539583197,-0.5576981306948281,-1.0484083475086234,-0.11841962364004936,improvement,12,3,10000,1664579623022379050
gpu,DoulosSIL-Regular,1,grid_unique_variations,sweep,complete_us,32,us/frame,master,final,1088.4792813333333,1017.8797655,70.59951583333338,13.938844983333412,118.58104013958348,-6.486068870952922,-10.76601093250829,-1.301620988889825,improvement,12,3,10000,1664579623022379050
gpu,DoulosSIL-Regular,1,grid_unique_variations,sweep,draw_us,32,us/frame,master,final,521.9506484166667,439.36288283333334,82.58776558333335,78.45673218541666,87.2055435583333,-15.822906980547435,-16.62167642629982,-15.097184148404121,improvement,12,3,10000,1664579623022379050
gpu,DoulosSIL-Regular,1,grid_unique_variations,sweep,submit_us,32,us/frame,master,final,595.7389479166667,513.168099,82.5708489166667,76.98623238541668,88.2498298166666,-13.860240161470339,-14.745010267721977,-12.979617824911113,improvement,12,3,10000,1664579623022379050
gpu,DoulosSIL-Regular,1,text,first_paint,complete_us,1,us/frame,master,final,51178.48266666666,44571.99316666667,6606.489499999996,5642.091456249997,7738.997918749996,-12.908724830763507,-15.108209368973057,-11.0704016058828,improvement,12,3,10000,1664579623022379050
gpu,DoulosSIL-Regular,1,text,first_paint,draw_us,1,us/frame,master,final,33292.32283333333,27176.628416666666,6115.694416666665,5998.478327083337,6234.58018333333,-18.369683747459753,-18.717848223361234,-18.032101645572613,improvement,12,3,10000,1664579623022379050
gpu,DoulosSIL-Regular,1,text,first_paint,submit_us,1,us/frame,master,final,40205.90275,33995.21191666667,6210.690833333334,5969.288454166673,6493.040208333326,-15.447211500140568,-16.069554600784194,-14.904577326471443,improvement,12,3,10000,1664579623022379050
gpu,DoulosSIL-Regular,1,text,reflow,complete_us,3,us/frame,master,final,4423.171305583333,4411.7186945,11.452611083333068,-15.841439660416222,44.666722141666035,-0.25892307333601483,-1.0035058961082668,0.36012460717537054,uncertain,12,3,10000,1664579623022379050
gpu,DoulosSIL-Regular,1,text,reflow,draw_us,3,us/frame,master,final,3668.6250834166667,3655.05322225,13.571861166666622,-10.201870699999539,40.3993478354168,-0.36994407599773016,-1.0934792018740735,0.27984434570060684,uncertain,12,3,10000,1664579623022379050
gpu,DoulosSIL-Regular,1,text,reflow,submit_us,3,us/frame,master,final,3838.920166666667,3820.4825556666665,18.437611000000288,-6.549700083334358,45.29205766666673,-0.48028117802745296,-1.1731856589976035,0.1713048536331346,uncertain,12,3,10000,1664579623022379050
gpu,DoulosSIL-Regular,1,text,reported_sequence,complete_us,88,us/sequence,master,final,352663.5929188333,294558.37533425,58105.217584583326,54818.24610266258,61235.21904510417,-16.476103218841885,-17.353212594194833,-15.609973572215173,improvement,12,3,10000,1664579623022379050
gpu,DoulosSIL-Regular,1,text,reported_sequence,draw_us,88,us/sequence,master,final,239493.93500075,188156.64332883334,51337.29167191667,50445.077011941685,52190.260609002085,-21.435737682357548,-21.7340282170979,-21.124066936548253,improvement,12,3,10000,1664579623022379050
gpu,DoulosSIL-Regular,1,text,reported_sequence,submit_us,88,us/sequence,master,final,259298.24891708334,207726.46217091667,51571.786746166676,50547.028159583366,52596.285224947904,-19.8889838097819,-20.232256163218683,-19.544594863472007,improvement,12,3,10000,1664579623022379050
gpu,DoulosSIL-Regular,1,text,size_advance,complete_us,12,us/frame,master,final,18854.489284666666,14818.876208333333,4035.613076333333,3772.2994621229154,4263.680600116671,-21.40399039933306,-22.53460007454706,-20.191345448935603,improvement,12,3,10000,1664579623022379050
gpu,DoulosSIL-Regular,1,text,size_advance,draw_us,12,us/frame,master,final,14267.8374375,10729.605368,3538.2320695,3473.2426272583357,3599.2465066833347,-24.798657014415536,-25.16104724180249,-24.41892898168389,improvement,12,3,10000,1664579623022379050
gpu,DoulosSIL-Regular,1,text,size_advance,submit_us,12,us/frame,master,final,14442.38775,10902.734979166667,3539.6527708333324,3470.739046835419,3604.7307173916643,-24.508778133541888,-24.891734004584478,-24.104762980055582,improvement,12,3,10000,1664579623022379050
gpu,DoulosSIL-Regular,1,text,size_return,complete_us,12,us/frame,master,final,1011.9175764166666,1009.883014,2.034562416666631,-48.50526912916677,56.4081602645835,-0.20106009264818647,-5.443192883804549,4.920744561638636,uncertain,12,3,10000,1664579623022379050
gpu,DoulosSIL-Regular,1,text,size_return,draw_us,12,us/frame,master,final,265.267986,274.1915555,-8.923569499999985,-11.91377165208329,-5.8170669666666495,3.3639828290474405,2.1821744807007297,4.510046192548487,regression,12,3,10000,1664579623022379050
gpu,DoulosSIL-Regular,1,text,size_return,submit_us,12,us/frame,master,final,427.15506925,433.0740348333333,-5.918965583333318,-10.962983904166602,-0.8714540166666768,1.385671389485288,0.20213872966259538,2.590921303908335,regression,12,3,10000,1664579623022379050
gpu,DoulosSIL-Regular,1,text,warm,complete_us,30,us/frame,master,final,640.0226639166667,637.7469528333334,2.2757110833333627,-21.326999006250027,27.287433402083426,-0.3555672652913566,-4.156527615916951,3.4414702940398048,uncertain,12,3,10000,1664579623022379050
gpu,DoulosSIL-Regular,1,text,warm,draw_us,30,us/frame,master,final,235.41548616666665,243.59328325,-8.17779708333336,-9.248080612500015,-7.143097445833374,3.4737719325498073,3.02991650321928,3.9320852657981296,regression,12,3,10000,1664579623022379050
gpu,DoulosSIL-Regular,1,text,warm,submit_us,30,us/frame,master,final,354.196639,362.468975,-8.272335999999996,-10.289284864583232,-6.1030139208333285,2.3355207500994846,1.719870988941361,2.9049472791333444,regression,12,3,10000,1664579623022379050
gpu,DoulosSIL-Regular,1,text,x_advance,complete_us,10,us/frame,master,final,1722.7778166666667,1378.4857166666666,344.2921000000001,309.2178868750001,380.49689583333344,-19.984707062583208,-21.932746428350704,-18.029481547256086,improvement,12,3,10000,1664579623022379050
gpu,DoulosSIL-Regular,1,text,x_advance,draw_us,10,us/frame,master,final,879.3010416666667,576.4683583333333,302.8326833333334,294.76371354166673,310.83111604166686,-34.440159738618156,-35.16626957497841,-33.644459497529766,improvement,12,3,10000,1664579623022379050
gpu,DoulosSIL-Regular,1,text,x_advance,submit_us,10,us/frame,master,final,1042.3073166666668,739.1670166666667,303.14030000000014,292.28829062500006,313.4821827083334,-29.083581699249006,-29.899438474749978,-28.16774078265354,improvement,12,3,10000,1664579623022379050
gpu,DoulosSIL-Regular,1,text,x_return,complete_us,10,us/frame,master,final,677.3357166666667,708.4263166666667,-31.090599999999995,-51.9960639583332,-7.486554583333337,4.590131486496007,1.0906082471044765,7.808107870187407,regression,12,3,10000,1664579623022379050
gpu,DoulosSIL-Regular,1,text,x_return,draw_us,10,us/frame,master,final,240.3427,248.02639166666665,-7.683691666666647,-8.625311250000003,-6.786416666666655,3.196973183153329,2.8183230968852624,3.5986176668797007,regression,12,3,10000,1664579623022379050
gpu,DoulosSIL-Regular,1,text,x_return,submit_us,10,us/frame,master,final,407.9847,415.64821666666666,-7.6635166666666805,-10.236067708333312,-5.249822708333319,1.87838334787227,1.2781072150994655,2.521021824087548,regression,12,3,10000,1664579623022379050
gpu,DoulosSIL-Regular,1,text,y_advance,complete_us,10,us/frame,master,final,604.0677416666667,634.0115083333334,-29.943766666666647,-45.71003687500003,-14.962418541666718,4.957021307585419,2.430931938012073,7.738669938006179,regression,12,3,10000,1664579623022379050
gpu,DoulosSIL-Regular,1,text,y_advance,draw_us,10,us/frame,master,final,235.94555,244.473275,-8.527725000000004,-9.959284791666693,-7.0370318749999745,3.614276683751827,2.970748044670794,4.229059402807846,regression,12,3,10000,1664579623022379050
gpu,DoulosSIL-Regular,1,text,y_advance,submit_us,10,us/frame,master,final,355.3639166666667,363.6965083333333,-8.332591666666644,-10.83789312499989,-5.702306666666665,2.3448052196257896,1.5972034535468105,3.0652818044666286,regression,12,3,10000,1664579623022379050
gpu,DoulosSIL-Regular,2,demo,first_paint,complete_us,1,us/frame,master,final,16471.434083333334,13582.110916666667,2889.323166666667,2235.1289291666676,3473.413381250001,-17.541418385605155,-20.9341312995063,-13.707051472607345,improvement,12,3,10000,1664579623022379050
gpu,DoulosSIL-Regular,2,demo,first_paint,draw_us,1,us/frame,master,final,7846.135583333334,5651.52775,2194.6078333333335,2058.9538,2304.625049999999,-27.97055709813494,-29.295381585995358,-26.313229552556653,improvement,12,3,10000,1664579623022379050
gpu,DoulosSIL-Regular,2,demo,first_paint,submit_us,1,us/frame,master,final,13363.173666666667,11240.902666666667,2122.2710000000006,1882.9666604166666,2304.771702083333,-15.88148932984258,-17.20948450586048,-14.132053346732057,improvement,12,3,10000,1664579623022379050
gpu,DoulosSIL-Regular,2,demo,pan,complete_us,10,us/frame,master,final,1220.9215666666666,1027.4524333333334,193.46913333333328,88.65026833333343,290.91850395833336,-15.846155774079618,-22.708556865015705,-7.627243247982391,improvement,12,3,10000,1664579623022379050
gpu,DoulosSIL-Regular,2,demo,pan,draw_us,10,us/frame,master,final,211.32878333333332,211.81180833333332,-0.4830249999999978,-1.8694435416667077,0.9624060416666693,0.22856564656321687,-0.45342915222501223,0.8861866415829865,uncertain,12,3,10000,1664579623022379050
gpu,DoulosSIL-Regular,2,demo,pan,submit_us,10,us/frame,master,final,550.0070416666666,547.9690666666667,2.0379749999999603,-3.1910004166666766,6.6856274999999235,-0.37053616510515086,-1.2084417416775417,0.5831210444539486,uncertain,12,3,10000,1664579623022379050
gpu,DoulosSIL-Regular,2,demo,reported_sequence,complete_us,65,us/sequence,master,final,252374.974997,199573.38166733333,52801.59332966668,51198.41166107084,54180.01034470414,-20.921881549584832,-21.413794036497897,-20.361913665153565,improvement,12,3,10000,1664579623022379050
gpu,DoulosSIL-Regular,2,demo,reported_sequence,draw_us,65,us/sequence,master,final,152592.96100066666,108364.13300266667,44228.82799799999,43582.467317420866,44827.09757006249,-28.984841573266785,-29.304907701694095,-28.644314100990982,improvement,12,3,10000,1664579623022379050
gpu,DoulosSIL-Regular,2,demo,reported_sequence,submit_us,65,us/sequence,master,final,177994.70882933334,133479.0941635,44515.61466583333,43786.10495849586,45223.9527493625,-25.009515708984498,-25.34970569771492,-24.665784241843323,improvement,12,3,10000,1664579623022379050
gpu,DoulosSIL-Regular,2,demo,warm,complete_us,30,us/frame,master,final,918.535061,948.0375,-29.50243899999998,-77.13378916041668,20.684463697916563,3.21190123846562,-2.1853390067971126,8.669439418393546,uncertain,12,3,10000,1664579623022379050
gpu,DoulosSIL-Regular,2,demo,warm,draw_us,30,us/frame,master,final,205.64692233333332,207.62268883333334,-1.9757665000000202,-3.2662649041666802,-0.5347836104166647,0.9607566588317296,0.2586426993951729,1.595438642065528,regression,12,3,10000,1664579623022379050
gpu,DoulosSIL-Regular,2,demo,warm,submit_us,30,us/frame,master,final,510.98469716666665,513.3192221666667,-2.334525000000042,-6.238773545833271,2.111945918750058,0.456867889184287,-0.41354905775362766,1.2247829114688347,uncertain,12,3,10000,1664579623022379050
gpu,DoulosSIL-Regular,2,demo,zoom_in,complete_us,12,us/frame,master,final,9730.823819416666,7308.20454175,2422.6192776666658,2318.1070303791653,2524.8073362625014,-24.896343029380784,-25.777552687342546,-23.991255571766544,improvement,12,3,10000,1664579623022379050
gpu,DoulosSIL-Regular,2,demo,zoom_in,draw_us,12,us/frame,master,final,7000.663736083334,4924.854430666666,2075.8093054166675,2043.2042930500004,2108.179784985416,-29.651607100015088,-30.041005432359146,-29.24766357127463,improvement,12,3,10000,1664579623022379050
gpu,DoulosSIL-Regular,2,demo,zoom_in,submit_us,12,us/frame,master,final,7235.56970825,5156.81510425,2078.7546039999997,2043.9900029770827,2113.141426443751,-28.72966038361572,-29.140654526005108,-28.310636377093314,improvement,12,3,10000,1664579623022379050
gpu,DoulosSIL-Regular,2,demo,zoom_out,complete_us,12,us/frame,master,final,6573.494270833334,4904.6013195000005,1668.8929513333333,1591.2988444520836,1734.5246653687484,-25.38821641236122,-26.23581450873472,-24.430572646564798,improvement,12,3,10000,1664579623022379050
gpu,DoulosSIL-Regular,2,demo,zoom_out,draw_us,12,us/frame,master,final,4348.203347333333,2942.7034515833334,1405.4998957499997,1385.7476749875002,1425.040240185417,-32.32369287908223,-32.64560168821183,-31.988948377288747,improvement,12,3,10000,1664579623022379050
gpu,DoulosSIL-Regular,2,demo,zoom_out,submit_us,12,us/frame,master,final,4709.126076333333,3294.181743,1414.944333333333,1392.2744320250006,1438.8862182062503,-30.04685604924494,-30.419453583179344,-29.685388035120575,improvement,12,3,10000,1664579623022379050
gpu,DoulosSIL-Regular,2,font_variations,first_paint,complete_us,1,us/frame,master,final,4641.066,4994.3125,-353.2465000000002,-785.6954562499997,101.82160625000033,7.61132248496359,-2.141339850634102,17.46997451744445,uncertain,12,3,10000,1664579623022379050
gpu,DoulosSIL-Regular,2,font_variations,first_paint,draw_us,1,us/frame,master,final,1699.1943333333334,1678.0796666666668,21.114666666666608,-0.9792583333333935,40.63867708333316,-1.2426281239560022,-2.3882119487259144,0.05775914424962492,uncertain,12,3,10000,1664579623022379050
gpu,DoulosSIL-Regular,2,font_variations,first_paint,submit_us,1,us/frame,master,final,3056.2291666666665,3034.47575,21.753416666666453,-12.622456250000186,53.35419166666688,-0.711773086387768,-1.7383683389116678,0.41354912611250877,uncertain,12,3,10000,1664579623022379050
gpu,DoulosSIL-Regular,2,font_variations,reported_sequence,complete_us,63,us/sequence,master,final,37936.815329833335,38130.15383416667,-193.33850433333282,-724.0229866666659,364.30705107082616,0.5096329321594206,-0.9558433988310208,1.9240974233096728,uncertain,12,3,10000,1664579623022379050
gpu,DoulosSIL-Regular,2,font_variations,reported_sequence,draw_us,63,us/sequence,master,final,16131.872004833333,15967.385497833333,164.48650699999962,-3.05507057916743,337.1186289916664,-1.019636821757064,-2.0759409296952884,0.019161213869186983,uncertain,12,3,10000,1664579623022379050
gpu,DoulosSIL-Regular,2,font_variations,reported_sequence,submit_us,63,us/sequence,master,final,20478.7780825,20362.097417166668,116.68066533333331,-126.4941655416669,358.6060084833353,-0.5697638055516707,-1.740820448049761,0.6228128131459106,uncertain,12,3,10000,1664579623022379050
gpu,DoulosSIL-Regular,2,font_variations,slant_advance,complete_us,10,us/frame,master,final,1250.9920583333333,1245.80525,5.186808333333374,-12.146917500000047,23.185522083333318,-0.4146156083711383,-1.8432734226680907,0.9793546095069391,uncertain,12,3,10000,1664579623022379050
gpu,DoulosSIL-Regular,2,font_variations,slant_advance,draw_us,10,us/frame,master,final,758.8094166666667,748.5364333333333,10.2729833333334,0.7054854166667782,19.843940833333345,-1.3538291839420014,-2.5999968477057656,-0.09369743078900389,improvement,12,3,10000,1664579623022379050
gpu,DoulosSIL-Regular,2,font_variations,slant_advance,submit_us,10,us/frame,master,final,807.4302250000001,798.4434,8.986825000000067,-1.5003104166665022,19.443373333333234,-1.1130156788470513,-2.386175739532041,0.18747606576573478,uncertain,12,3,10000,1664579623022379050
gpu,DoulosSIL-Regular,2,font_variations,slant_return,complete_us,10,us/frame,master,final,284.22605,287.78094166666665,-3.554891666666663,-6.841844374999991,-0.4846125000000061,1.2507269008828148,0.1696892213418411,2.416646048375705,regression,12,3,10000,1664579623022379050
gpu,DoulosSIL-Regular,2,font_variations,slant_return,draw_us,10,us/frame,master,final,41.404875000000004,41.62085,-0.21597499999999314,-1.4875675000000048,0.937542500000001,0.5216173216318065,-2.2403302060176866,3.5981710772846993,uncertain,12,3,10000,1664579623022379050
gpu,DoulosSIL-Regular,2,font_variations,slant_return,submit_us,10,us/frame,master,final,95.228125,96.46106666666667,-1.2329416666666617,-3.833326249999994,1.1657397916666687,1.2947242914492563,-1.2170236027250914,4.047831275298867,uncertain,12,3,10000,1664579623022379050
gpu,DoulosSIL-Regular,2,font_variations,warm,complete_us,30,us/frame,master,final,274.4785360833333,276.41178333333335,-1.9332472500000222,-7.20093903333338,2.4353671687499574,0.7043345820720415,-0.8788454013301275,2.644218917563923,uncertain,12,3,10000,1664579623022379050
gpu,DoulosSIL-Regular,2,font_variations,warm,draw_us,30,us/frame,master,final,39.55218058333333,39.33439166666667,0.2177889166666631,-0.268828666666659,0.7659212250000023,-0.5506369394926214,-1.9210908469452384,0.6844942744559906,uncertain,12,3,10000,1664579623022379050
gpu,DoulosSIL-Regular,2,font_variations,warm,submit_us,30,us/frame,master,final,86.49219991666666,86.257736,0.23446391666666955,-1.259644808333341,2.0421495687499904,-0.27108099561876653,-2.3260010179697708,1.478290478885243,uncertain,12,3,10000,1664579623022379050
gpu,DoulosSIL-Regular,2,font_variations,weight_advance,complete_us,6,us/frame,master,final,1316.8090416666666,1318.8408193333335,-2.0317776666668124,-17.633227539583565,14.155231760416594,0.15429554342178964,-1.0683398853493389,1.3443689536393035,uncertain,12,3,10000,1664579623022379050
gpu,DoulosSIL-Regular,2,font_variations,weight_advance,draw_us,6,us/frame,master,final,823.8339445833333,825.6504028333334,-1.816458250000096,-16.695120458333317,13.378091168750013,0.2204883959860071,-1.6081627898703659,2.0402641682591556,uncertain,12,3,10000,1664579623022379050
gpu,DoulosSIL-Regular,2,font_variations,weight_advance,submit_us,6,us/frame,master,final,866.0983748333333,869.5544029166667,-3.456028083333422,-20.04648566874995,12.999383320833592,0.399034126348341,-1.4885533454203692,2.3322081830507218,uncertain,12,3,10000,1664579623022379050
gpu,DoulosSIL-Regular,2,font_variations,weight_return,complete_us,6,us/frame,master,final,271.4213056666667,273.5214305833333,-2.10012491666663,-6.946711210416696,2.755990706250019,0.7737509446829494,-1.0056280658903929,2.5957742208560135,uncertain,12,3,10000,1664579623022379050
gpu,DoulosSIL-Regular,2,font_variations,weight_return,draw_us,6,us/frame,master,final,40.18524991666666,40.158652833333335,0.026597083333328442,-0.8889459979166663,0.8275148479166672,-0.06618618370791696,-2.044987294799595,2.2182449675962834,uncertain,12,3,10000,1664579623022379050
gpu,DoulosSIL-Regular,2,font_variations,weight_return,submit_us,6,us/frame,master,final,86.79572216666666,88.06309716666667,-1.2673750000000013,-4.252295197916676,1.2651207291666842,1.4601814102846777,-1.4409341133113076,4.937396964814904,uncertain,12,3,10000,1664579623022379050
gpu,DoulosSIL-Regular,2,grid_pollution,hot_first,complete_us,1,us/frame,master,final,4082.5208333333335,3993.1041666666665,89.41666666666697,28.455302083333812,158.19741041666774,-2.1902317297829765,-3.853383076486115,-0.699384735980588,improvement,12,3,10000,1664579623022379050
gpu,DoulosSIL-Regular,2,grid_pollution,hot_first,draw_us,1,us/frame,master,final,1813.4686666666666,1736.3855833333334,77.0830833333332,60.99291041666681,92.84445624999995,-4.250588099491093,-5.101237317970815,-3.3704886345710476,improvement,12,3,10000,1664579623022379050
gpu,DoulosSIL-Regular,2,grid_pollution,hot_first,submit_us,1,us/frame,master,final,3074.0900833333335,2980.5556666666666,93.53441666666686,36.02508541666632,146.27668333333276,-3.0426699976613736,-4.721196189347835,-1.1822972759755543,improvement,12,3,10000,1664579623022379050
gpu,DoulosSIL-Regular,2,grid_pollution,hot_return,complete_us,1,us/frame,master,final,2740.448083333333,2712.6528333333335,27.79524999999967,-21.89600208333304,69.93811250000041,-1.0142593165345049,-2.5407718886611868,0.807311203119964,uncertain,12,3,10000,1664579623022379050
gpu,DoulosSIL-Regular,2,grid_pollution,hot_return,draw_us,1,us/frame,master,final,1725.382,1706.5000833333334,18.88191666666671,-14.970570833333566,49.99658333333308,-1.094361519168896,-2.869067842931652,0.8739069018364797,uncertain,12,3,10000,1664579623022379050
gpu,DoulosSIL-Regular,2,grid_pollution,hot_return,submit_us,1,us/frame,master,final,1772.0868333333333,1753.9131666666667,18.173666666666577,-18.03736041666646,51.191612500000225,-1.0255517012381143,-2.8578115057896047,1.0226057223885503,uncertain,12,3,10000,1664579623022379050
gpu,DoulosSIL-Regular,2,grid_pollution,hot_second,complete_us,1,us/frame,master,final,2724.1250833333334,880.5346666666667,1843.5904166666667,1806.8749145833333,1877.9106895833336,-67.676423081527,-68.2617370822351,-67.04950811996567,improvement,12,3,10000,1664579623022379050
gpu,DoulosSIL-Regular,2,grid_pollution,hot_second,draw_us,1,us/frame,master,final,1674.5380833333334,421.17008333333337,1253.368,1244.4859125,1262.8680020833333,-74.84858137744155,-75.05625876947143,-74.62449057167832,improvement,12,3,10000,1664579623022379050
gpu,DoulosSIL-Regular,2,grid_pollution,hot_second,submit_us,1,us/frame,master,final,1715.3020833333333,456.85408333333334,1258.4479999999999,1249.8848979166664,1268.1322479166668,-73.3659693081272,-73.58361265491112,-73.12737302589625,improvement,12,3,10000,1664579623022379050
gpu,DoulosSIL-Regular,2,grid_pollution,pollution,complete_us,64,us/frame,master,final,2782.6386133333335,2757.7657121666666,24.872901166666907,3.3302052437501524,45.182689310416556,-0.8938602751893621,-1.6166215106319104,-0.120519544871405,improvement,12,3,10000,1664579623022379050
gpu,DoulosSIL-Regular,2,grid_pollution,pollution,draw_us,64,us/frame,master,final,1747.3918671666665,1729.9693345,17.422532666666484,11.433065014583594,23.355580879166876,-0.9970592741121331,-1.3349549337778044,-0.6544759713485239,improvement,12,3,10000,1664579623022379050
gpu,DoulosSIL-Regular,2,grid_pollution,pollution,submit_us,64,us/frame,master,final,1784.9263046666667,1767.38263675,17.543667916666664,11.486563710416892,23.595565318750044,-0.9828791177988072,-1.3206010364467933,-0.6444263850432833,improvement,12,3,10000,1664579623022379050
gpu,DoulosSIL-Regular,2,grid_singleton,once,complete_us,1,us/frame,master,final,4121.2395,4076.892333333333,44.34716666666645,-74.62576875000046,145.5127687500002,-1.0760638071790396,-3.510954550863549,1.816866256766985,uncertain,12,3,10000,1664579623022379050
gpu,DoulosSIL-Regular,2,grid_singleton,once,draw_us,1,us/frame,master,final,1829.73975,1766.14575,63.59400000000005,28.065635416666517,90.93117083333361,-3.4755762397357337,-4.931564618478156,-1.5404032191966075,improvement,12,3,10000,1664579623022379050
gpu,DoulosSIL-Regular,2,grid_singleton,once,submit_us,1,us/frame,master,final,3143.3091666666664,3079.9095,63.399666666666235,31.187735416666317,93.5506416666671,-2.0169720286820736,-2.9644529824475967,-0.9996349274904957,improvement,12,3,10000,1664579623022379050
gpu,DoulosSIL-Regular,2,grid_two_phases,first,complete_us,1,us/frame,master,final,4024.739666666667,3967.1841666666664,57.55550000000039,-45.57489166666703,151.95511874999977,-1.4300428044248803,-3.727626219128356,1.1427381378169024,uncertain,12,3,10000,1664579623022379050
gpu,DoulosSIL-Regular,2,grid_two_phases,first,draw_us,1,us/frame,master,final,1795.1560833333333,1734.6215833333333,60.53449999999998,47.409414583333096,73.4025041666668,-3.372102323693027,-4.081677671125262,-2.635514627403982,improvement,12,3,10000,1664579623022379050
gpu,DoulosSIL-Regular,2,grid_two_phases,first,submit_us,1,us/frame,master,final,2996.8022499999997,2927.2325833333334,69.56966666666631,18.52006041666682,117.07139583333294,-2.3214633753917635,-3.8872580634224647,-0.6235431357064936,improvement,12,3,10000,1664579623022379050
gpu,DoulosSIL-Regular,2,grid_two_phases,second,complete_us,1,us/frame,master,final,2690.5104166666665,1117.3333333333333,1573.1770833333333,1337.384789583333,1775.5907562500004,-58.471324756377555,-64.6749058126707,-51.10722553795562,improvement,12,3,10000,1664579623022379050
gpu,DoulosSIL-Regular,2,grid_two_phases,second,draw_us,1,us/frame,master,final,1676.22575,435.22583333333336,1240.9999166666666,1226.326325,1255.3332520833337,-74.03536884376503,-74.68102023636415,-73.34153469487308,improvement,12,3,10000,1664579623022379050
gpu,DoulosSIL-Regular,2,grid_two_phases,second,submit_us,1,us/frame,master,final,1715.0104999999999,473.07666666666665,1241.9338333333333,1225.3080479166665,1258.3546104166667,-72.4155235978633,-73.15385784097656,-71.60954112463824,improvement,12,3,10000,1664579623022379050
gpu,DoulosSIL-Regular,2,grid_unique_sizes,sweep,complete_us,32,us/frame,master,final,2845.0413516666667,2829.386065166667,15.655286499999875,-10.671419987499519,44.29773060833277,-0.5502656926525407,-1.5503389799492195,0.3758495940770236,uncertain,12,3,10000,1664579623022379050
gpu,DoulosSIL-Regular,2,grid_unique_sizes,sweep,draw_us,32,us/frame,master,final,1717.9526095833335,1712.1607890833334,5.791820500000085,-3.4016039499999517,14.024621962500026,-0.33713505644400454,-0.8147354844287432,0.1986829439463124,uncertain,12,3,10000,1664579623022379050
gpu,DoulosSIL-Regular,2,grid_unique_sizes,sweep,submit_us,32,us/frame,master,final,1790.9464870833333,1786.7768880833332,4.169599000000062,-5.105612874999861,12.706187322916627,-0.23281538728666673,-0.7088062779371418,0.2852256106196691,uncertain,12,3,10000,1664579623022379050
gpu,DoulosSIL-Regular,2,grid_unique_variations,sweep,complete_us,32,us/frame,master,final,1045.2122681666667,995.3924946666666,49.81977350000011,8.480418079166766,82.27168965624996,-4.766474238518603,-7.854989739097636,-0.8090401725823763,improvement,12,3,10000,1664579623022379050
gpu,DoulosSIL-Regular,2,grid_unique_variations,sweep,draw_us,32,us/frame,master,final,519.632039,444.39115625,75.24088274999997,71.07319016874989,79.34506351666671,-14.479646577373561,-15.231098165904447,-13.691308796218113,improvement,12,3,10000,1664579623022379050
gpu,DoulosSIL-Regular,2,grid_unique_variations,sweep,submit_us,32,us/frame,master,final,592.62434375,518.3860729166666,74.23827083333333,69.77487042916673,78.59121840833329,-12.527037003503683,-13.229735140059294,-11.791219264907937,improvement,12,3,10000,1664579623022379050
gpu,DoulosSIL-Regular,2,text,first_paint,complete_us,1,us/frame,master,final,51404.795333333335,45146.84375,6257.951583333335,5564.719862500003,7083.680964583334,-12.17386732648924,-13.748810716599516,-10.888258247235962,improvement,12,3,10000,1664579623022379050
gpu,DoulosSIL-Regular,2,text,first_paint,draw_us,1,us/frame,master,final,33331.764083333335,27365.8055,5965.958583333337,5824.60846666667,6088.134327083338,-17.898718376914402,-18.223503972937117,-17.508741709498448,improvement,12,3,10000,1664579623022379050
gpu,DoulosSIL-Regular,2,text,first_paint,submit_us,1,us/frame,master,final,40309.6635,34194.489499999996,6115.174000000006,5894.213058333336,6340.646231250003,-15.17049131407412,-15.648621361518922,-14.676574443355909,improvement,12,3,10000,1664579623022379050
gpu,DoulosSIL-Regular,2,text,reflow,complete_us,3,us/frame,master,final,4442.885444416666,4422.243138833333,20.642305583332927,-17.176419364583694,58.245676443749396,-0.464614850902223,-1.3037826203989982,0.3862851947458597,uncertain,12,3,10000,1664579623022379050
gpu,DoulosSIL-Regular,2,text,reflow,draw_us,3,us/frame,master,final,3679.1076665833334,3677.0763889166665,2.031277666666938,-35.62278966458375,39.02316864374952,-0.05521115038618074,-1.0544436256948562,0.9709031831840746,uncertain,12,3,10000,1664579623022379050
gpu,DoulosSIL-Regular,2,text,reflow,submit_us,3,us/frame,master,final,3847.931666666667,3845.628416833333,2.303249833333666,-40.3080069437504,43.78800482916651,-0.059856827845616856,-1.1322599961756763,1.0520121373660152,uncertain,12,3,10000,1664579623022379050
gpu,DoulosSIL-Regular,2,text,reported_sequence,complete_us,88,us/sequence,master,final,352311.56158258335,296264.213166,56047.34841658338,52898.88993117925,58835.572521937596,-15.908461296251176,-16.603505464593034,-15.13642144190132,improvement,12,3,10000,1664579623022379050
gpu,DoulosSIL-Regular,2,text,reported_sequence,draw_us,88,us/sequence,master,final,240372.99924925,188613.96866416666,51759.030585083325,51170.14736877082,52345.690023614574,-21.532797255407555,-21.764626117557476,-21.302335775555633,improvement,12,3,10000,1664579623022379050
gpu,DoulosSIL-Regular,2,text,reported_sequence,submit_us,88,us/sequence,master,final,260023.64358333332,208204.87391533333,51818.76966799999,51159.47258475627,52484.55640142288,-19.92848379243364,-20.178164964678285,-19.674226170832053,improvement,12,3,10000,1664579623022379050
gpu,DoulosSIL-Regular,2,text,size_advance,complete_us,12,us/frame,master,final,18823.331625083334,14961.501715166667,3861.829909916667,3582.1586001958344,4105.012258204167,-20.516186968573212,-21.57152163186584,-19.315705567437913,improvement,12,3,10000,1664579623022379050
gpu,DoulosSIL-Regular,2,text,size_advance,draw_us,12,us/frame,master,final,14330.6816805,10743.6976945,3586.9839859999993,3549.594781927085,3624.514363058332,-25.030100214150096,-25.27040317301728,-24.78395490483337,improvement,12,3,10000,1664579623022379050
gpu,DoulosSIL-Regular,2,text,size_advance,submit_us,12,us/frame,master,final,14509.918993083333,10915.620125,3594.298868083333,3554.448236775,3634.042597364583,-24.771322774418547,-25.020802276502526,-24.515254105042075,improvement,12,3,10000,1664579623022379050
gpu,DoulosSIL-Regular,2,text,size_return,complete_us,12,us/frame,master,final,1037.89033325,1021.9226874999999,15.967645749999974,-17.46243557083333,49.39014060416672,-1.5384713816535611,-4.67618238008504,1.713012229431252,uncertain,12,3,10000,1664579623022379050
gpu,DoulosSIL-Regular,2,text,size_return,draw_us,12,us/frame,master,final,267.1976040833333,277.10645825,-9.908854166666686,-13.586308650000069,-7.045028729166612,3.70843675812913,2.6367030514774537,5.082729429201713,regression,12,3,10000,1664579623022379050
gpu,DoulosSIL-Regular,2,text,size_return,submit_us,12,us/frame,master,final,427.94818733333335,437.0740416666667,-9.125854333333336,-17.241015216666614,-3.6128335937499614,2.1324671078055246,0.8426862356773929,4.021788306148698,regression,12,3,10000,1664579623022379050
gpu,DoulosSIL-Regular,2,text,warm,complete_us,30,us/frame,master,final,608.1684026666667,636.9708194166667,-28.80241675000002,-43.50483459583343,-16.502301041666705,4.735927848883392,2.7044378040205226,7.1824769917608995,regression,12,3,10000,1664579623022379050
gpu,DoulosSIL-Regular,2,text,warm,draw_us,30,us/frame,master,final,235.63423883333334,244.5033555,-8.869116666666656,-10.561693845833382,-7.284851658333326,3.763933760466731,3.0860056141738106,4.489059887543654,regression,12,3,10000,1664579623022379050
gpu,DoulosSIL-Regular,2,text,warm,submit_us,30,us/frame,master,final,354.8485805,363.39882766666665,-8.550247166666622,-12.102961406249927,-5.047785431249952,2.4095480823451254,1.419725679821226,3.417795014759581,regression,12,3,10000,1664579623022379050
gpu,DoulosSIL-Regular,2,text,x_advance,complete_us,10,us/frame,master,final,1791.9031666666667,1361.2572166666666,430.6459500000001,333.6507416666665,510.55289354166655,-24.032880683005665,-27.699908275592158,-19.09402036717585,improvement,12,3,10000,1664579623022379050
gpu,DoulosSIL-Regular,2,text,x_advance,draw_us,10,us/frame,master,final,877.8732666666667,575.0009583333333,302.8723083333334,295.64444874999987,310.4824306249999,-34.500687039184626,-35.16799806206697,-33.84260031600176,improvement,12,3,10000,1664579623022379050
gpu,DoulosSIL-Regular,2,text,x_advance,submit_us,10,us/frame,master,final,1041.7788416666667,736.2780833333334,305.50075833333335,296.67252062499995,314.4463202083334,-29.324914858568707,-30.04247764417195,-28.60509141868599,improvement,12,3,10000,1664579623022379050
gpu,DoulosSIL-Regular,2,text,x_return,complete_us,10,us/frame,master,final,680.3437916666667,704.6179833333333,-24.27419166666664,-47.50172187499994,-0.6101414583332888,3.567930208814163,0.08892108323272149,7.124303332644422,regression,12,3,10000,1664579623022379050
gpu,DoulosSIL-Regular,2,text,x_return,draw_us,10,us/frame,master,final,241.30861666666667,249.29168333333334,-7.983066666666673,-9.774816250000026,-6.3990558333333745,3.3082393728584236,2.6436078244995667,4.060048534753376,regression,12,3,10000,1664579623022379050
gpu,DoulosSIL-Regular,2,text,x_return,submit_us,10,us/frame,master,final,408.54514166666667,415.92294166666665,-7.377799999999979,-10.854158333333318,-3.8878908333333144,1.805871431955386,0.9495429698864966,2.6651934178562784,regression,12,3,10000,1664579623022379050
gpu,DoulosSIL-Regular,2,text,y_advance,complete_us,10,us/frame,master,final,615.0871833333333,636.6187583333333,-21.531574999999975,-46.75154187499994,3.7451681250000375,3.5005728591700036,-0.5868050376343933,7.8198803974427396,uncertain,12,3,10000,1664579623022379050
gpu,DoulosSIL-Regular,2,text,y_advance,draw_us,10,us/frame,master,final,235.597575,244.24541666666667,-8.647841666666665,-9.802400416666712,-7.442549374999977,3.6705987600537338,3.146377953981036,4.175412794462104,regression,12,3,10000,1664579623022379050
gpu,DoulosSIL-Regular,2,text,y_advance,submit_us,10,us/frame,master,final,355.19894999999997,363.09164166666665,-7.892691666666678,-9.896277708333333,-5.62004166666666,2.2220481413772974,1.5761104483595767,2.796450805401405,regression,12,3,10000,1664579623022379050
gpu,Rye-Regular,1,demo,first_paint,complete_us,1,us/frame,master,final,16145.347083333334,13552.448,2592.8990833333337,1836.763583333332,3163.7918437499975,-16.059729592372495,-19.38314653247297,-11.443468102919345,improvement,12,3,10000,1664579623022379050
gpu,Rye-Regular,1,demo,first_paint,draw_us,1,us/frame,master,final,7240.618,4486.694583333333,2753.9234166666674,2586.96003125,2912.1444166666665,-38.03436967212836,-39.690174118908544,-36.098154392838424,improvement,12,3,10000,1664579623022379050
gpu,Rye-Regular,1,demo,first_paint,submit_us,1,us/frame,master,final,12847.218583333333,10012.146,2835.0725833333327,2498.9625104166666,3145.965335416666,-22.067598250498087,-24.134628267514017,-19.609987283155558,improvement,12,3,10000,1664579623022379050
gpu,Rye-Regular,1,demo,pan,complete_us,10,us/frame,master,final,1207.2878,1022.6680583333333,184.61974166666676,110.94469708333351,258.3926795833334,-15.292106957981911,-20.578656051738673,-9.51937848740203,improvement,12,3,10000,1664579623022379050
gpu,Rye-Regular,1,demo,pan,draw_us,10,us/frame,master,final,206.2851,206.05481666666668,0.2302833333333183,-1.3548429166666722,1.8056493749999991,-0.11163352725588327,-0.8715151744241858,0.6590651192904946,uncertain,12,3,10000,1664579623022379050
gpu,Rye-Regular,1,demo,pan,submit_us,10,us/frame,master,final,559.0705166666667,556.5913666666667,2.479150000000004,-2.040476249999975,7.271476458333475,-0.4434413774457968,-1.2949872954051609,0.36640309613300137,uncertain,12,3,10000,1664579623022379050
gpu,Rye-Regular,1,demo,reported_sequence,complete_us,65,us/sequence,master,final,248556.1019145,182898.12441766667,65657.97749683334,63309.74755694582,68140.41555596665,-26.41575764630345,-27.248092590812032,-25.631483215006117,improvement,12,3,10000,1664579623022379050
gpu,Rye-Regular,1,demo,reported_sequence,draw_us,65,us/sequence,master,final,148068.22691633334,93019.25300783334,55048.973908500004,54199.41627903335,55729.05690092502,-37.17811380263619,-37.48179292299808,-36.82832122195389,improvement,12,3,10000,1664579623022379050
gpu,Rye-Regular,1,demo,reported_sequence,submit_us,65,us/sequence,master,final,173537.759839,118358.33308066666,55179.42675833334,54252.90329292916,55960.84825785836,-31.796784059864645,-32.13515292490922,-31.409632284666646,improvement,12,3,10000,1664579623022379050
gpu,Rye-Regular,1,demo,warm,complete_us,30,us/frame,master,final,902.0890194166667,940.1739610833333,-38.08494166666662,-83.4346422937501,13.245848058333484,4.2218606863537955,-1.4082251308944007,9.55208200060179,uncertain,12,3,10000,1664579623022379050
gpu,Rye-Regular,1,demo,warm,draw_us,30,us/frame,master,final,199.90127508333333,201.25510291666666,-1.3538278333333267,-2.6986412770833104,-0.01446832291664983,0.6772482230385846,0.007201401649647449,1.3524579578306843,regression,12,3,10000,1664579623022379050
gpu,Rye-Regular,1,demo,warm,submit_us,30,us/frame,master,final,505.16794716666664,506.95878325,-1.7908360833333745,-5.009349533333342,1.8873689166666108,0.3545031099810636,-0.3718135244378803,0.9938909301564554,uncertain,12,3,10000,1664579623022379050
gpu,Rye-Regular,1,demo,zoom_in,complete_us,12,us/frame,master,final,9376.030381916667,6242.624729166667,3133.4056527500006,3019.5618351104163,3252.6633673916663,-33.419320598548055,-34.38272789570126,-32.44006296800206,improvement,12,3,10000,1664579623022379050
gpu,Rye-Regular,1,demo,zoom_in,draw_us,12,us/frame,master,final,6670.0905069166665,4053.2937013333335,2616.796805583333,2582.9896305249995,2646.5015120083335,-39.23180356952878,-39.506799308179,-38.95542896489401,improvement,12,3,10000,1664579623022379050
gpu,Rye-Regular,1,demo,zoom_in,submit_us,12,us/frame,master,final,6908.763583416667,4282.162027833333,2626.6015555833337,2594.725816975,2655.225635745833,-38.018402625443024,-38.28305782042622,-37.7554333188088,improvement,12,3,10000,1664579623022379050
gpu,Rye-Regular,1,demo,zoom_out,complete_us,12,us/frame,master,final,6636.40884025,4553.04603475,2083.3628055,1969.8319998916659,2192.0533096499994,-31.392924330766782,-32.64342404003219,-30.05005112596134,improvement,12,3,10000,1664579623022379050
gpu,Rye-Regular,1,demo,zoom_out,draw_us,12,us/frame,master,final,4369.9803053333335,2645.6999305833333,1724.2803747500002,1697.569523654167,1746.8905962479173,-39.457394639641876,-39.752675600319925,-39.13758808654599,improvement,12,3,10000,1664579623022379050
gpu,Rye-Regular,1,demo,zoom_out,submit_us,12,us/frame,master,final,4732.046625083333,2998.88454175,1733.1620833333332,1704.9518121625006,1757.2314681104167,-36.62605677100258,-36.93511112102895,-36.294898993003265,improvement,12,3,10000,1664579623022379050
gpu,Rye-Regular,1,font_variations,first_paint,complete_us,1,us/frame,master,final,4555.236,4639.76725,-84.53125,-422.18625208333265,280.406268749999,1.8556941945488736,-5.8232747432061975,9.493716282855784,uncertain,12,3,10000,1664579623022379050
gpu,Rye-Regular,1,font_variations,first_paint,draw_us,1,us/frame,master,final,1697.0555,1664.809,32.24649999999997,16.7321645833334,47.86451041666674,-1.9001441025352395,-2.809152455511999,-0.9896292567862837,improvement,12,3,10000,1664579623022379050
gpu,Rye-Regular,1,font_variations,first_paint,submit_us,1,us/frame,master,final,3044.895666666667,3025.7221666666665,19.17350000000033,-5.097866666666436,47.67691666666676,-0.6296931684687257,-1.5611258217663515,0.1679342369728417,uncertain,12,3,10000,1664579623022379050
gpu,Rye-Regular,1,font_variations,reported_sequence,complete_us,63,us/sequence,master,final,38022.87099733333,37718.31174916666,304.5592481666681,-174.17465651666498,745.2696650666647,-0.8009896154028695,-1.9449098860307814,0.46160161614249867,uncertain,12,3,10000,1664579623022379050
gpu,Rye-Regular,1,font_variations,reported_sequence,draw_us,63,us/sequence,master,final,16218.429499166667,15917.564916,300.8645831666672,154.7565440916666,426.4757815583347,-1.8550784043678603,-2.61308686069163,-0.9593083056347643,improvement,12,3,10000,1664579623022379050
gpu,Rye-Regular,1,font_variations,reported_sequence,submit_us,63,us/sequence,master,final,20587.436579666668,20244.055172333334,343.3814073333342,154.53554884999957,508.28948494583545,-1.6679172562575229,-2.4509561589882285,-0.7559858163676177,improvement,12,3,10000,1664579623022379050
gpu,Rye-Regular,1,font_variations,slant_advance,complete_us,10,us/frame,master,final,1272.1961000000001,1245.941325,26.25477500000011,-1.390864583333382,55.80412979166676,-2.0637364789909407,-4.288220694610299,0.110976435364834,uncertain,12,3,10000,1664579623022379050
gpu,Rye-Regular,1,font_variations,slant_advance,draw_us,10,us/frame,master,final,756.974325,750.8729666666667,6.101358333333337,-3.6897710416668783,13.772215833333314,-0.8060191913818682,-1.8052615864781387,0.4916788926416841,uncertain,12,3,10000,1664579623022379050
gpu,Rye-Regular,1,font_variations,slant_advance,submit_us,10,us/frame,master,final,806.7802,800.9694583333334,5.810741666666672,-5.107060416666729,13.982122499999873,-0.7202385069274952,-1.719884402545187,0.6372744856947706,uncertain,12,3,10000,1664579623022379050
gpu,Rye-Regular,1,font_variations,slant_return,complete_us,10,us/frame,master,final,289.03924166666667,283.6822833333333,5.356958333333353,-0.8097797916666237,10.79499187499995,-1.8533671422758746,-3.6852120349351245,0.28070532732367515,uncertain,12,3,10000,1664579623022379050
gpu,Rye-Regular,1,font_variations,slant_return,draw_us,10,us/frame,master,final,42.73535833333333,40.55106666666667,2.1842916666666596,1.0186904166666697,3.4696933333333213,-5.111204753752874,-7.913599879134487,-2.4460364574819815,improvement,12,3,10000,1664579623022379050
gpu,Rye-Regular,1,font_variations,slant_return,submit_us,10,us/frame,master,final,96.97945,94.353825,2.6256249999999994,0.5207977083333287,4.9034975000000145,-2.7074034756847998,-4.951220653571974,-0.5490826353315285,improvement,12,3,10000,1664579623022379050
gpu,Rye-Regular,1,font_variations,warm,complete_us,30,us/frame,master,final,273.32430258333335,273.24884166666664,0.07546091666671373,-3.9905982062499477,3.432964139583332,-0.02760856460749528,-1.2491393118407021,1.4684252982418105,uncertain,12,3,10000,1664579623022379050
gpu,Rye-Regular,1,font_variations,warm,draw_us,30,us/frame,master,final,39.65219991666667,39.604744249999996,0.04745566666667145,-0.4217304458333359,0.5889162062500023,-0.1196797826259477,-1.473980896950849,1.0676301743615328,uncertain,12,3,10000,1664579623022379050
gpu,Rye-Regular,1,font_variations,warm,submit_us,30,us/frame,master,final,85.85413325,86.18982783333334,-0.33569458333333557,-1.3796609145833376,0.9203949979166814,0.3910057333591954,-1.062070330218189,1.6113265621517419,uncertain,12,3,10000,1664579623022379050
gpu,Rye-Regular,1,font_variations,weight_advance,complete_us,6,us/frame,master,final,1344.0862638333333,1311.7424166666667,32.34384716666659,19.159286912500136,46.72416692916683,-2.406381795348611,-3.4438565100270275,-1.4360645603143105,improvement,12,3,10000,1664579623022379050
gpu,Rye-Regular,1,font_variations,weight_advance,draw_us,6,us/frame,master,final,842.5903055,813.4924723333334,29.097833166666646,19.299192652083388,39.79232275000002,-3.4533785846728615,-4.668040859360489,-2.316647461256031,improvement,12,3,10000,1664579623022379050
gpu,Rye-Regular,1,font_variations,weight_advance,submit_us,6,us/frame,master,final,886.6886943333334,856.9057083333333,29.78298600000005,18.787458916666733,41.87206971041672,-3.3588999375246065,-4.659619183936205,-2.1404096753229083,improvement,12,3,10000,1664579623022379050
gpu,Rye-Regular,1,font_variations,weight_return,complete_us,6,us/frame,master,final,277.7054860833333,276.5271666666667,1.1783194166666249,-4.784112681249954,7.565063618750041,-0.42430541552680445,-2.6899418633748144,1.7345606555249165,uncertain,12,3,10000,1664579623022379050
gpu,Rye-Regular,1,font_variations,weight_return,draw_us,6,us/frame,master,final,39.6614445,40.148111166666666,-0.4866666666666646,-1.6006562000000015,0.5672636250000008,1.2270522992844146,-1.4181271358347345,4.06516976755037,uncertain,12,3,10000,1664579623022379050
gpu,Rye-Regular,1,font_variations,weight_return,submit_us,6,us/frame,master,final,88.01040275,88.74941675,-0.7390139999999974,-2.929323806249984,1.213475127083329,0.8396893741064115,-1.3691105208543413,3.365008459223685,uncertain,12,3,10000,1664579623022379050
gpu,Rye-Regular,1,grid_pollution,hot_first,complete_us,1,us/frame,master,final,4762.426916666666,4626.513916666667,135.91299999999956,79.86251249999964,194.68398333333187,-2.853860067108982,-4.06833972077358,-1.6839574880793797,improvement,12,3,10000,1664579623022379050
gpu,Rye-Regular,1,grid_pollution,hot_first,draw_us,1,us/frame,master,final,2525.392333333333,2390.52075,134.8715833333331,118.12807500000021,153.93792291666628,-5.340619021968463,-6.076880089054053,-4.6859616127076995,improvement,12,3,10000,1664579623022379050
gpu,Rye-Regular,1,grid_pollution,hot_first,submit_us,1,us/frame,master,final,3789.7880833333334,3636.78125,153.00683333333336,109.6282479166669,190.59300833333356,-4.037345359921951,-5.02323934879213,-2.9009486022887354,improvement,12,3,10000,1664579623022379050
gpu,Rye-Regular,1,grid_pollution,hot_return,complete_us,1,us/frame,master,final,3627.503583333333,3531.308916666667,96.19466666666631,18.504912500000536,169.36796875000056,-2.651814518078921,-4.656424752084203,-0.5122155862596907,improvement,12,3,10000,1664579623022379050
gpu,Rye-Regular,1,grid_pollution,hot_return,draw_us,1,us/frame,master,final,2387.1666666666665,2357.3683333333333,29.798333333333176,1.9057416666666203,57.29143125000018,-1.2482720100537525,-2.3814002256259488,-0.08031295911426631,improvement,12,3,10000,1664579623022379050
gpu,Rye-Regular,1,grid_pollution,hot_return,submit_us,1,us/frame,master,final,2439.198,2407.06975,32.12824999999975,2.3436604166666486,62.278622916666784,-1.3171644942312932,-2.535258648967561,-0.09679015643745856,improvement,12,3,10000,1664579623022379050
gpu,Rye-Regular,1,grid_pollution,hot_second,complete_us,1,us/frame,master,final,3412.77775,1085.27075,2327.5070000000005,2263.551047916667,2390.6184208333334,-68.19978242063962,-69.10965854190097,-67.00978926710738,improvement,12,3,10000,1664579623022379050
gpu,Rye-Regular,1,grid_pollution,hot_second,draw_us,1,us/frame,master,final,2370.7499166666666,592.20825,1778.5416666666665,1755.8784999999998,1804.415691666667,-75.02021424374193,-75.27899113596877,-74.7613973842388,improvement,12,3,10000,1664579623022379050
gpu,Rye-Regular,1,grid_pollution,hot_second,submit_us,1,us/frame,master,final,2408.67,628.0415,1780.6285,1758.1041562500004,1805.5106625000003,-73.92579722419426,-74.18335546959766,-73.66128864226268,improvement,12,3,10000,1664579623022379050
gpu,Rye-Regular,1,grid_pollution,pollution,complete_us,64,us/frame,master,final,3691.0579244166665,3647.8963594166667,43.16156499999988,30.600418881250484,56.12543902708345,-1.1693548539155274,-1.5190660575281931,-0.830353795767579,improvement,12,3,10000,1664579623022379050
gpu,Rye-Regular,1,grid_pollution,pollution,draw_us,64,us/frame,master,final,2480.1239230833335,2452.820724,27.30319908333331,17.003577597916696,37.91107866875001,-1.100880437030316,-1.5266517764806964,-0.6870247307704831,improvement,12,3,10000,1664579623022379050
gpu,Rye-Regular,1,grid_pollution,pollution,submit_us,64,us/frame,master,final,2519.7417735,2492.5162590833334,27.225514416666556,16.39636873124988,38.3883363687498,-1.080488274750846,-1.5194994864514988,-0.6510651282020802,improvement,12,3,10000,1664579623022379050
gpu,Rye-Regular,1,grid_singleton,once,complete_us,1,us/frame,master,final,4818.416666666667,4735.0555,83.36116666666658,-80.63848749999931,236.68102083333284,-1.730053094896311,-4.822871950531433,1.691520613841759,uncertain,12,3,10000,1664579623022379050
gpu,Rye-Regular,1,grid_singleton,once,draw_us,1,us/frame,master,final,2525.0869166666666,2435.1008333333334,89.98608333333323,54.062327083333784,127.86451874999963,-3.5636826098692342,-5.020839121687408,-2.155521060920596,improvement,12,3,10000,1664579623022379050
gpu,Rye-Regular,1,grid_singleton,once,submit_us,1,us/frame,master,final,3849.4618333333333,3758.2431666666666,91.21866666666665,32.34996458333294,157.25341250000022,-2.3696472550210568,-4.039934996495095,-0.8494141695691977,improvement,12,3,10000,1664579623022379050
gpu,Rye-Regular,1,grid_two_phases,first,complete_us,1,us/frame,master,final,4779.17,4570.538166666667,208.6318333333329,84.64768125000039,349.82630624999933,-4.365440721575775,-7.178257248282929,-1.801193430516871,improvement,12,3,10000,1664579623022379050
gpu,Rye-Regular,1,grid_two_phases,first,draw_us,1,us/frame,master,final,2522.94075,2402.9166666666665,120.02408333333369,86.92571041666676,155.365708333333,-4.757308840222807,-6.102255822716836,-3.4726500099151036,improvement,12,3,10000,1664579623022379050
gpu,Rye-Regular,1,grid_two_phases,first,submit_us,1,us/frame,master,final,3731.8366666666666,3605.691083333333,126.14558333333343,65.74214166666611,182.8092604166668,-3.3802546735253736,-4.840378204270983,-1.7851394393689506,improvement,12,3,10000,1664579623022379050
gpu,Rye-Regular,1,grid_two_phases,second,complete_us,1,us/frame,master,final,3548.10075,1118.77075,2429.33,2266.330922916666,2577.8267145833333,-68.46846161287839,-70.86928732349809,-64.92305079318287,improvement,12,3,10000,1664579623022379050
gpu,Rye-Regular,1,grid_two_phases,second,draw_us,1,us/frame,master,final,2365.64925,588.514,1777.1352499999998,1757.3395625000003,1797.42061875,-75.1225165776372,-75.49436104787276,-74.74254116466773,improvement,12,3,10000,1664579623022379050
gpu,Rye-Regular,1,grid_two_phases,second,submit_us,1,us/frame,master,final,2404.4235,624.05225,1780.37125,1758.4336625,1803.2951979166662,-74.04566000956154,-74.45793747554143,-73.60749462289274,improvement,12,3,10000,1664579623022379050
gpu,Rye-Regular,1,grid_unique_sizes,sweep,complete_us,32,us/frame,master,final,3703.0044688333332,3644.308575416667,58.69589341666642,35.87609952083422,86.59735565208427,-1.5850883764976675,-2.3339955105748564,-0.9714725809281808,improvement,12,3,10000,1664579623022379050
gpu,Rye-Regular,1,grid_unique_sizes,sweep,draw_us,32,us/frame,master,final,2422.3914062500003,2390.81227075,31.57913550000012,15.8098407729168,46.808905347917154,-1.303634723047764,-1.9298820676101045,-0.6541455268969413,improvement,12,3,10000,1664579623022379050
gpu,Rye-Regular,1,grid_unique_sizes,sweep,submit_us,32,us/frame,master,final,2498.37893225,2465.037557333333,33.341374916667064,16.769252433333556,49.36419127916657,-1.3345203358179236,-1.9710141130361383,-0.6732825716310518,improvement,12,3,10000,1664579623022379050
gpu,Rye-Regular,1,grid_unique_variations,sweep,complete_us,32,us/frame,master,final,1179.83607825,1097.2911043333334,82.54497391666655,22.70795480624988,138.15017611874998,-6.996308676973328,-11.603555402246583,-1.9548661859977319,improvement,12,3,10000,1664579623022379050
gpu,Rye-Regular,1,grid_unique_variations,sweep,draw_us,32,us/frame,master,final,521.5857085,440.92264316666666,80.66306533333335,77.0736355229167,84.48079048333341,-15.464968464206564,-16.14250444001163,-14.833956490407486,improvement,12,3,10000,1664579623022379050
gpu,Rye-Regular,1,grid_unique_variations,sweep,submit_us,32,us/frame,master,final,595.2360054166667,514.4357838333333,80.80022158333338,76.69958907500002,85.06678394583345,-13.574484884658988,-14.248251230684293,-12.929847722678167,improvement,12,3,10000,1664579623022379050
gpu,Rye-Regular,1,text,first_paint,complete_us,1,us/frame,master,final,51355.551999999996,44059.40266666667,7296.149333333327,6310.139416666662,8256.613452083333,-14.207128633985533,-15.897356187635795,-12.446214467106124,improvement,12,3,10000,1664579623022379050
gpu,Rye-Regular,1,text,first_paint,draw_us,1,us/frame,master,final,31217.43391666667,23628.986166666666,7588.447750000003,7427.5993041666625,7769.637762500002,-24.308364903588718,-24.79760844816031,-23.87341509443126,improvement,12,3,10000,1664579623022379050
gpu,Rye-Regular,1,text,first_paint,submit_us,1,us/frame,master,final,38261.9305,30718.288333333334,7543.642166666668,7338.530689583332,7755.892277083328,-19.715790782346087,-20.189547840198294,-19.293949727066643,improvement,12,3,10000,1664579623022379050
gpu,Rye-Regular,1,text,reflow,complete_us,3,us/frame,master,final,2332.57186125,2338.747638916667,-6.175777666666818,-36.99658936458402,22.180198166666912,0.2647625897089112,-0.9441897886539973,1.59530114419561,uncertain,12,3,10000,1664579623022379050
gpu,Rye-Regular,1,text,reflow,draw_us,3,us/frame,master,final,1583.4144444166666,1588.6296666666667,-5.215222250000124,-21.72928122291639,12.300838027083449,0.32936558513720904,-0.7730344169143224,1.379529284171925,uncertain,12,3,10000,1664579623022379050
gpu,Rye-Regular,1,text,reflow,submit_us,3,us/frame,master,final,1760.8749999166666,1765.9525555833334,-5.07755566666674,-26.875287589583376,19.24243591666641,0.28835412320051823,-1.0872809049357515,1.532015190225325,uncertain,12,3,10000,1664579623022379050
gpu,Rye-Regular,1,text,reported_sequence,complete_us,88,us/sequence,master,final,305577.24267508334,225606.29749541666,79970.94517966668,78782.01354711871,81259.94057510832,-26.17045185681541,-26.490170328012464,-25.858007270714147,improvement,12,3,10000,1664579623022379050
gpu,Rye-Regular,1,text,reported_sequence,draw_us,88,us/sequence,master,final,192503.6594115,127958.4169165,64545.242495,63809.40997849794,65192.861072933316,-33.529358710541025,-33.75861281485995,-33.29465638701086,improvement,12,3,10000,1664579623022379050
gpu,Rye-Regular,1,text,reported_sequence,submit_us,88,us/sequence,master,final,213638.63158741666,148922.95316658335,64715.67842083331,64239.976865587516,65138.01713229374,-30.29212363886208,-30.42631365798537,-30.135529074840843,improvement,12,3,10000,1664579623022379050
gpu,Rye-Regular,1,text,size_advance,complete_us,12,us/frame,master,final,15326.527479166667,9832.602701333333,5493.924777833334,5392.513336952084,5587.753276491663,-35.84585474629671,-36.325824523260025,-35.307559817047085,improvement,12,3,10000,1664579623022379050
gpu,Rye-Regular,1,text,size_advance,draw_us,12,us/frame,master,final,10986.001201416666,6493.31021525,4492.690986166666,4436.652481954166,4542.654153504166,-40.894688647834165,-41.191134247184536,-40.608997302723814,improvement,12,3,10000,1664579623022379050
gpu,Rye-Regular,1,text,size_advance,submit_us,12,us/frame,master,final,11185.7650555,6683.382854083334,4502.382201416666,4445.99619265,4553.8156160625,-40.250999185816625,-40.55639096809892,-39.958492383871516,improvement,12,3,10000,1664579623022379050
gpu,Rye-Regular,1,text,size_return,complete_us,12,us/frame,master,final,1038.7473613333334,930.173632,108.5737293333334,76.71102267291664,140.9909334187499,-10.452371132280758,-13.354927300667631,-7.519553600925859,improvement,12,3,10000,1664579623022379050
gpu,Rye-Regular,1,text,size_return,draw_us,12,us/frame,master,final,270.40390974999997,279.287382,-8.883472250000011,-14.08169698333334,-4.19206759999996,3.2852602827426525,1.5402042098995217,5.239616313382851,regression,12,3,10000,1664579623022379050
gpu,Rye-Regular,1,text,size_return,submit_us,12,us/frame,master,final,446.209764,454.69821533333334,-8.48845133333333,-15.418608031250042,-2.152637997916693,1.9023454926758054,0.4808801741738844,3.4680970494463836,regression,12,3,10000,1664579623022379050
gpu,Rye-Regular,1,text,warm,complete_us,30,us/frame,master,final,625.3383666666666,629.9527693333333,-4.614402666666706,-11.036040960416582,1.8808666687500413,0.7379049347737254,-0.2970734444672016,1.773104448142852,uncertain,12,3,10000,1664579623022379050
gpu,Rye-Regular,1,text,warm,draw_us,30,us/frame,master,final,235.70473883333332,243.13425275,-7.429513916666679,-8.788687020833352,-6.016984029166663,3.1520426587265504,2.546323142453666,3.734844601252689,regression,12,3,10000,1664579623022379050
gpu,Rye-Regular,1,text,warm,submit_us,30,us/frame,master,final,366.5921305,373.99386116666665,-7.401730666666651,-8.928073685416667,-5.7370026166666905,2.0190642544812176,1.5628936948025947,2.4418580470533247,regression,12,3,10000,1664579623022379050
gpu,Rye-Regular,1,text,x_advance,complete_us,10,us/frame,master,final,1820.8781333333334,1336.7444083333332,484.13372500000014,457.8283535416664,508.69012458333344,-26.587925690212778,-27.801350075093197,-25.252353303846032,improvement,12,3,10000,1664579623022379050
gpu,Rye-Regular,1,text,x_advance,draw_us,10,us/frame,master,final,967.7749416666667,594.2934,373.48154166666666,368.6846533333333,378.7764939583334,-38.59177641275464,-38.95851045769243,-38.256376375388456,improvement,12,3,10000,1664579623022379050
gpu,Rye-Regular,1,text,x_advance,submit_us,10,us/frame,master,final,1147.28505,771.142675,376.1423749999999,369.1528527083334,383.69130875,-32.78543331493773,-33.24131979484514,-32.35189517995737,improvement,12,3,10000,1664579623022379050
gpu,Rye-Regular,1,text,x_return,complete_us,10,us/frame,master,final,720.0826500000001,720.1031666666667,-0.020516666666594574,-16.838269166666635,14.45071083333348,0.0028492099714672037,-1.992864307495955,2.354566354313353,uncertain,12,3,10000,1664579623022379050
gpu,Rye-Regular,1,text,x_return,draw_us,10,us/frame,master,final,240.3007,248.39474166666668,-8.09404166666667,-10.845401874999979,-5.360834374999986,3.368297165454237,2.218373481338181,4.520001000877063,regression,12,3,10000,1664579623022379050
gpu,Rye-Regular,1,text,x_return,submit_us,10,us/frame,master,final,424.0500416666667,432.1687333333333,-8.11869166666662,-13.563169375000035,-3.414522083333305,1.9145598087332516,0.8037219505927456,3.2050358996506505,regression,12,3,10000,1664579623022379050
gpu,Rye-Regular,1,text,y_advance,complete_us,10,us/frame,master,final,667.9891583333333,658.617325,9.371833333333257,-1.8816704166667106,21.21125000000005,-1.4029918324896862,-3.151371001422796,0.2827371183851022,uncertain,12,3,10000,1664579623022379050
gpu,Rye-Regular,1,text,y_advance,draw_us,10,us/frame,master,final,233.91313333333332,243.45726666666667,-9.544133333333349,-10.938936666666656,-8.238565000000031,4.080204132759269,3.5165582886000903,4.678364529535829,regression,12,3,10000,1664579623022379050
gpu,Rye-Regular,1,text,y_advance,submit_us,10,us/frame,master,final,365.44933333333336,375.5815666666667,-10.132233333333318,-12.517675625000006,-7.671764583333333,2.772541200421763,2.095264249884057,3.425676423810172,regression,12,3,10000,1664579623022379050
gpu,Rye-Regular,2,demo,first_paint,complete_us,1,us/frame,master,final,15923.868,13133.45125,2790.4167500000003,2542.1029645833346,3151.1479979166656,-17.52348581387386,-19.789834676759554,-16.00767344129416,improvement,12,3,10000,1664579623022379050
gpu,Rye-Regular,2,demo,first_paint,draw_us,1,us/frame,master,final,7129.1215,4468.0035,2661.1180000000004,2593.221289583333,2732.1115229166667,-37.327432278998195,-38.12421003024915,-36.532013477023376,improvement,12,3,10000,1664579623022379050
gpu,Rye-Regular,2,demo,first_paint,submit_us,1,us/frame,master,final,12670.13875,9980.169916666666,2689.9688333333343,2544.461347916668,2813.9823625000004,-21.23077644539082,-22.10352949868188,-20.186998264216772,improvement,12,3,10000,1664579623022379050
gpu,Rye-Regular,2,demo,pan,complete_us,10,us/frame,master,final,1227.667675,1034.2545,193.4131749999999,103.17222333333349,290.6568910416667,-15.75452208595457,-22.760992671690815,-8.756448158852365,improvement,12,3,10000,1664579623022379050
gpu,Rye-Regular,2,demo,pan,draw_us,10,us/frame,master,final,216.76525,215.66736666666668,1.0978833333333284,-1.3734902083333131,3.2018949999999795,-0.5064849339704303,-1.4732103733579638,0.6365853150272346,uncertain,12,3,10000,1664579623022379050
gpu,Rye-Regular,2,demo,pan,submit_us,10,us/frame,master,final,570.62465,567.9475916666667,2.6770583333333207,-3.0158833333333006,7.613591666666545,-0.4691452311661126,-1.3324677548834907,0.5292108526580168,uncertain,12,3,10000,1664579623022379050
gpu,Rye-Regular,2,demo,reported_sequence,complete_us,65,us/sequence,master,final,249108.82783466665,183787.38716633333,65321.44066833332,62017.21790681668,68650.28171938752,-26.22204971061367,-27.329961172730176,-25.1027931744296,improvement,12,3,10000,1664579623022379050
gpu,Rye-Regular,2,demo,reported_sequence,draw_us,65,us/sequence,master,final,148436.08358066666,94001.51299883334,54434.57058183332,53899.80396839167,54980.387578645816,-36.67206063965652,-36.95920936603589,-36.38411271589683,improvement,12,3,10000,1664579623022379050
gpu,Rye-Regular,2,demo,reported_sequence,submit_us,65,us/sequence,master,final,173842.33742,119361.32592250001,54481.01149749999,53762.436409570815,55209.059596795785,-31.339322921018276,-31.688905018003744,-30.980378109832706,improvement,12,3,10000,1664579623022379050
gpu,Rye-Regular,2,demo,warm,complete_us,30,us/frame,master,final,916.3408999166667,942.7797110833334,-26.43881116666671,-91.31927223958336,39.12581017083322,2.8852593144179206,-4.143117857035015,10.297723297485415,uncertain,12,3,10000,1664579623022379050
gpu,Rye-Regular,2,demo,warm,draw_us,30,us/frame,master,final,207.47628600000002,208.45666675,-0.9803807499999948,-2.3927075833333284,0.37129188750003944,0.4725266529978178,-0.17848334718391673,1.157498085235678,uncertain,12,3,10000,1664579623022379050
gpu,Rye-Regular,2,demo,warm,submit_us,30,us/frame,master,final,512.8291973333334,514.7466474166666,-1.9174500833332786,-5.466508081250065,1.9910159708334065,0.37389643438865416,-0.38700830215950277,1.0699378766759615,uncertain,12,3,10000,1664579623022379050
gpu,Rye-Regular,2,demo,zoom_in,complete_us,12,us/frame,master,final,9319.750875,6335.411764,2984.3391109999993,2871.600781833333,3086.2407433187495,-32.02166185584869,-32.92816100603548,-31.04628400509807,improvement,12,3,10000,1664579623022379050
gpu,Rye-Regular,2,demo,zoom_in,draw_us,12,us/frame,master,final,6676.264458333333,4068.3347985833334,2607.9296597499997,2580.9822764229175,2633.134293195834,-39.06270753691871,-39.38331010932277,-38.72642368547298,improvement,12,3,10000,1664579623022379050
gpu,Rye-Regular,2,demo,zoom_in,submit_us,12,us/frame,master,final,6915.080993083333,4296.476854083334,2618.604138999999,2590.3577801979177,2645.2746914020845,-37.86801834453137,-38.20235778959908,-37.5172180637254,improvement,12,3,10000,1664579623022379050
gpu,Rye-Regular,2,demo,zoom_out,complete_us,12,us/frame,master,final,6659.511909583333,4553.513291666666,2105.998617916667,2005.4574077916675,2190.409173847915,-31.623918486969615,-32.56660876334535,-30.504871374323237,improvement,12,3,10000,1664579623022379050
gpu,Rye-Regular,2,demo,zoom_out,draw_us,12,us/frame,master,final,4381.634249916667,2674.42876375,1707.2054861666666,1685.159158454167,1732.9494445562498,-38.96275656050332,-39.34690178946572,-38.621338230301134,improvement,12,3,10000,1664579623022379050
gpu,Rye-Regular,2,demo,zoom_out,submit_us,12,us/frame,master,final,4745.601298583333,3031.9550694166664,1713.6462291666667,1689.0424457166664,1746.0509795145829,-36.11020229782531,-36.55853226285097,-35.75839568777295,improvement,12,3,10000,1664579623022379050
gpu,Rye-Regular,2,font_variations,first_paint,complete_us,1,us/frame,master,final,4534.954833333333,4549.177,-14.222166666666453,-194.22849374999979,201.97196041666663,0.31361209073415,-4.312665523860866,4.3425911697690935,uncertain,12,3,10000,1664579623022379050
gpu,Rye-Regular,2,font_variations,first_paint,draw_us,1,us/frame,master,final,1689.6215833333333,1649.9064166666667,39.71516666666662,22.815235416666873,56.601108333333556,-2.3505361826827165,-3.3303703503304645,-1.3568922744213932,improvement,12,3,10000,1664579623022379050
gpu,Rye-Regular,2,font_variations,first_paint,submit_us,1,us/frame,master,final,3036.0243333333333,3017.0834999999997,18.940833333333558,-5.625520833333336,40.233525000000135,-0.6238696154499457,-1.3242390570706741,0.1856303708773462,uncertain,12,3,10000,1664579623022379050
gpu,Rye-Regular,2,font_variations,reported_sequence,complete_us,63,us/sequence,master,final,38116.590748999995,37875.20008366667,241.39066533332516,-376.653334320834,844.2815722708416,-0.6332955298203213,-2.1948595548352516,0.9993193596037757,uncertain,12,3,10000,1664579623022379050
gpu,Rye-Regular,2,font_variations,reported_sequence,draw_us,63,us/sequence,master,final,16026.726826833334,15903.550999333333,123.1758275000011,-0.6341492999991696,236.65966218750225,-0.7685650902451879,-1.4717961678692064,0.003964002850402693,uncertain,12,3,10000,1664579623022379050
gpu,Rye-Regular,2,font_variations,reported_sequence,submit_us,63,us/sequence,master,final,20407.657087,20265.0942485,142.56283849999818,-5.746528654167097,286.5088362791703,-0.6985752352278274,-1.3979451362579585,0.02826320821965869,uncertain,12,3,10000,1664579623022379050
gpu,Rye-Regular,2,font_variations,slant_advance,complete_us,10,us/frame,master,final,1244.5673833333333,1243.4681333333333,1.0992499999999836,-8.868992291666501,10.005660624999962,-0.0883238637554351,-0.7999582110491638,0.7152571906595183,uncertain,12,3,10000,1664579623022379050
gpu,Rye-Regular,2,font_variations,slant_advance,draw_us,10,us/frame,master,final,750.089625,745.3503916666666,4.739233333333345,-1.9523908333333224,11.071282916666538,-0.6318222750159141,-1.465236805125051,0.262853292556569,uncertain,12,3,10000,1664579623022379050
gpu,Rye-Regular,2,font_variations,slant_advance,submit_us,10,us/frame,master,final,799.5194916666667,795.6034916666666,3.9160000000000537,-3.3175274999998545,10.899488333333359,-0.4897941877360368,-1.3539436286140976,0.41781341054642696,uncertain,12,3,10000,1664579623022379050
gpu,Rye-Regular,2,font_variations,slant_return,complete_us,10,us/frame,master,final,288.37016666666665,284.12640833333336,4.24375833333329,-0.645174375000036,9.662200416666712,-1.4716357043406458,-3.2923110523064154,0.22501557216143156,uncertain,12,3,10000,1664579623022379050
gpu,Rye-Regular,2,font_variations,slant_return,draw_us,10,us/frame,master,final,41.81144166666667,41.36313333333334,0.44830833333332976,-0.20687666666667023,1.109076249999996,-1.0722144835554337,-2.6333955760105328,0.4977306405223872,uncertain,12,3,10000,1664579623022379050
gpu,Rye-Regular,2,font_variations,slant_return,submit_us,10,us/frame,master,final,95.980225,95.47950833333333,0.5007166666666762,-1.0301668749999855,1.9781579166666656,-0.521687323265474,-2.036672306713394,1.0792630571215318,uncertain,12,3,10000,1664579623022379050
gpu,Rye-Regular,2,font_variations,warm,complete_us,30,us/frame,master,final,274.3133195,276.46158325,-2.1482637500000124,-6.018741970833363,1.492846764583336,0.783142340268328,-0.5394681027800243,2.2126667720378634,uncertain,12,3,10000,1664579623022379050
gpu,Rye-Regular,2,font_variations,warm,draw_us,30,us/frame,master,final,39.80752508333333,39.85311658333333,-0.04559150000000045,-0.43323033333333427,0.31885871041666447,0.11452985309827746,-0.8001359945859976,1.087610119040442,uncertain,12,3,10000,1664579623022379050
gpu,Rye-Regular,2,font_variations,warm,submit_us,30,us/frame,master,final,86.51552216666667,86.75751666666666,-0.2419944999999899,-0.8987123979166568,0.4159487833333345,0.279712234220586,-0.4818625994216505,1.037696774377794,uncertain,12,3,10000,1664579623022379050
gpu,Rye-Regular,2,font_variations,weight_advance,complete_us,6,us/frame,master,final,1344.4555,1321.1568889166667,23.2986110833333,-3.6193260729166563,54.297247062500226,-1.732940293176921,-3.9547983806343,0.27398769617580576,uncertain,12,3,10000,1664579623022379050
gpu,Rye-Regular,2,font_variations,weight_advance,draw_us,6,us/frame,master,final,828.7731943333333,817.0973195,11.675874833333296,5.720121710416698,17.692722347916778,-1.4088142465473186,-2.1258117428983905,-0.6935380656496893,improvement,12,3,10000,1664579623022379050
gpu,Rye-Regular,2,font_variations,weight_advance,submit_us,6,us/frame,master,final,871.6488334166667,860.1487360833333,11.500097333333315,5.294025458333297,17.643153929166786,-1.3193498221359956,-2.0152349318417335,-0.6111144537457986,improvement,12,3,10000,1664579623022379050
gpu,Rye-Regular,2,font_variations,weight_return,complete_us,6,us/frame,master,final,274.1482500833333,273.2598473333333,0.8884027500000116,-3.0004459437499933,4.42537534791664,-0.32405924521858864,-1.6074772643855517,1.0985704651978894,uncertain,12,3,10000,1664579623022379050
gpu,Rye-Regular,2,font_variations,weight_return,draw_us,6,us/frame,master,final,39.453791583333334,39.600125,-0.1463334166666641,-0.8534185666666743,0.46133416041666825,0.3708982351102508,-1.168677474236317,2.1657352886638943,uncertain,12,3,10000,1664579623022379050
gpu,Rye-Regular,2,font_variations,weight_return,submit_us,6,us/frame,master,final,86.0608055,86.55088891666666,-0.4900834166666641,-1.4443195041666723,0.47862483333334216,0.5694618053123657,-0.5549189389953119,1.6786507386639686,uncertain,12,3,10000,1664579623022379050
gpu,Rye-Regular,2,grid_pollution,hot_first,complete_us,1,us/frame,master,final,4773.413166666667,4667.104166666667,106.3090000000002,47.49851875000002,168.46085416666725,-2.2271066067016565,-3.531349840948151,-0.9975160300869939,improvement,12,3,10000,1664579623022379050
gpu,Rye-Regular,2,grid_pollution,hot_first,draw_us,1,us/frame,master,final,2513.9096666666665,2398.4721666666665,115.4375,89.02407708333328,140.17034791666677,-4.591950996913308,-5.558725250442093,-3.55100813478296,improvement,12,3,10000,1664579623022379050
gpu,Rye-Regular,2,grid_pollution,hot_first,submit_us,1,us/frame,master,final,3779.9825,3671.2705833333334,108.71191666666664,64.26341041666716,153.1474770833335,-2.8759899461615612,-4.036888801374552,-1.7094848865468688,improvement,12,3,10000,1664579623022379050
gpu,Rye-Regular,2,grid_pollution,hot_return,complete_us,1,us/frame,master,final,3552.3368333333333,3598.4965,-46.15966666666691,-162.71569375000016,69.46468749999995,1.2994169424905833,-1.9346684215707997,4.662190225668006,uncertain,12,3,10000,1664579623022379050
gpu,Rye-Regular,2,grid_pollution,hot_return,draw_us,1,us/frame,master,final,2362.5313333333334,2360.6840833333335,1.8472499999998035,-21.969193750000432,27.868256249999956,-0.07818943918062038,-1.1715008276158465,0.9346158976917944,uncertain,12,3,10000,1664579623022379050
gpu,Rye-Regular,2,grid_pollution,hot_return,submit_us,1,us/frame,master,final,2410.4376666666667,2411.35075,-0.9130833333333612,-25.632437500000027,25.483193750000105,0.037880395994482896,-1.048242029172416,1.0696427305144516,uncertain,12,3,10000,1664579623022379050
gpu,Rye-Regular,2,grid_pollution,hot_second,complete_us,1,us/frame,master,final,3389.7535,1053.6909166666667,2336.0625833333334,2307.6526562499994,2372.3681770833336,-68.91541179420076,-69.29096367682536,-68.60346889365863,improvement,12,3,10000,1664579623022379050
gpu,Rye-Regular,2,grid_pollution,hot_second,draw_us,1,us/frame,master,final,2357.3125833333334,587.9340833333333,1769.3785,1752.4475520833332,1787.4030062500003,-75.05913778723519,-75.37711154000786,-74.73361439624605,improvement,12,3,10000,1664579623022379050
gpu,Rye-Regular,2,grid_pollution,hot_second,submit_us,1,us/frame,master,final,2394.045166666667,623.4096666666667,1770.6355,1752.912475,1789.472427083333,-73.95998724891781,-74.30898529967223,-73.60754840649076,improvement,12,3,10000,1664579623022379050
gpu,Rye-Regular,2,grid_pollution,pollution,complete_us,64,us/frame,master,final,3670.691037833333,3661.3391430833335,9.351894749999701,-14.767519024999809,33.5284827187506,-0.2547720484674665,-0.911755022412061,0.40377777964462347,uncertain,12,3,10000,1664579623022379050
gpu,Rye-Regular,2,grid_pollution,pollution,draw_us,64,us/frame,master,final,2469.5347213333334,2453.26597525,16.268746083333554,5.542181520833537,26.055324437500566,-0.6587777828266361,-1.0546825521425132,-0.22451051502090372,improvement,12,3,10000,1664579623022379050
gpu,Rye-Regular,2,grid_pollution,pollution,submit_us,64,us/frame,master,final,2508.4203945833333,2493.2328438333334,15.1875507499999,3.5227406875002205,25.539589593749866,-0.6054627359431408,-1.0178976203543915,-0.1404768150137701,improvement,12,3,10000,1664579623022379050
gpu,Rye-Regular,2,grid_singleton,once,complete_us,1,us/frame,master,final,4780.204916666667,4712.53475,67.67016666666677,-8.753518750000625,150.44984166666688,-1.415633175697717,-3.1317236310001366,0.18447494171305023,uncertain,12,3,10000,1664579623022379050
gpu,Rye-Regular,2,grid_singleton,once,draw_us,1,us/frame,master,final,2525.941083333333,2422.8993333333333,103.04174999999987,78.02424791666708,123.52186250000015,-4.079340990171543,-4.8780125252105755,-3.0978625401884696,improvement,12,3,10000,1664579623022379050
gpu,Rye-Regular,2,grid_singleton,once,submit_us,1,us/frame,master,final,3817.7881666666667,3732.934,84.85416666666652,50.00648750000046,120.22259583333316,-2.2226001800606188,-3.136002442765975,-1.31171355278841,improvement,12,3,10000,1664579623022379050
gpu,Rye-Regular,2,grid_two_phases,first,complete_us,1,us/frame,master,final,4703.06575,4549.052166666666,154.01358333333337,15.812606249998415,286.3618687499998,-3.274748675017636,-5.962731695495898,-0.34559390695514614,improvement,12,3,10000,1664579623022379050
gpu,Rye-Regular,2,grid_two_phases,first,draw_us,1,us/frame,master,final,2491.368,2388.0833333333335,103.28466666666645,89.69740000000071,117.5737854166665,-4.145700942882247,-4.709448041792171,-3.6113196509335848,improvement,12,3,10000,1664579623022379050
gpu,Rye-Regular,2,grid_two_phases,first,submit_us,1,us/frame,master,final,3695.2986666666666,3565.729083333333,129.5695833333334,96.17707708333305,166.5762541666663,-3.506335888411727,-4.505710464922826,-2.611434184685891,improvement,12,3,10000,1664579623022379050
gpu,Rye-Regular,2,grid_two_phases,second,complete_us,1,us/frame,master,final,3442.0938333333334,1167.3435833333333,2274.75025,2138.113014583333,2402.9182229166668,-66.08623588268439,-68.50650624427263,-62.912434993782384,improvement,12,3,10000,1664579623022379050
gpu,Rye-Regular,2,grid_two_phases,second,draw_us,1,us/frame,master,final,2359.78475,591.84725,1767.9374999999998,1750.3120604166666,1785.1844895833328,-74.91943915647391,-75.3638629825048,-74.39588241184963,improvement,12,3,10000,1664579623022379050
gpu,Rye-Regular,2,grid_two_phases,second,submit_us,1,us/frame,master,final,2397.72925,628.8714166666666,1768.8578333333332,1748.3261458333334,1789.4180375000003,-73.77220899037427,-74.30414004896443,-73.17706101591516,improvement,12,3,10000,1664579623022379050
gpu,Rye-Regular,2,grid_unique_sizes,sweep,complete_us,32,us/frame,master,final,3690.1485495833335,3658.8526406666665,31.29590891666703,-0.8240502604161175,58.30509403333323,-0.8480934709308885,-1.5737760312310736,0.022462910109727757,uncertain,12,3,10000,1664579623022379050
gpu,Rye-Regular,2,grid_unique_sizes,sweep,draw_us,32,us/frame,master,final,2413.059968833333,2398.1408594166664,14.919109416666743,2.1754826000000778,28.36792953125012,-0.6182651740677558,-1.1701539542095922,-0.09064641030790105,improvement,12,3,10000,1664579623022379050
gpu,Rye-Regular,2,grid_unique_sizes,sweep,submit_us,32,us/frame,master,final,2489.7631381666665,2473.071948,16.69119016666673,1.5200878708333336,32.12410573124998,-0.670392693618127,-1.2816102105008853,-0.061373122780264876,improvement,12,3,10000,1664579623022379050
gpu,Rye-Regular,2,grid_unique_variations,sweep,complete_us,32,us/frame,master,final,1202.4248229166667,1115.8572290833333,86.56759383333338,27.459356095833208,152.6239624895831,-7.1994183905277565,-12.408199209373072,-2.361897036103761,improvement,12,3,10000,1664579623022379050
gpu,Rye-Regular,2,grid_unique_variations,sweep,draw_us,32,us/frame,master,final,520.9566119166667,442.83310416666666,78.12350775000004,72.89781880416683,83.61471666666658,-14.996163972768016,-15.924004204003317,-14.097193460842348,improvement,12,3,10000,1664579623022379050
gpu,Rye-Regular,2,grid_unique_variations,sweep,submit_us,32,us/frame,master,final,595.2389428333333,516.9955625,78.24338033333333,72.98130510624989,83.7682118354166,-13.144869178232089,-13.978607598099869,-12.338183085142129,improvement,12,3,10000,1664579623022379050
gpu,Rye-Regular,2,text,first_paint,complete_us,1,us/frame,master,final,51067.23258333333,43819.90258333333,7247.330000000002,6498.437325000006,8034.572160416665,-14.191742206068348,-15.58874388800007,-12.82920550351556,improvement,12,3,10000,1664579623022379050
gpu,Rye-Regular,2,text,first_paint,draw_us,1,us/frame,master,final,31097.559083333334,23739.173583333333,7358.3855,7215.705214583333,7501.052185416666,-23.662260694742788,-24.08276569032406,-23.246828289351814,improvement,12,3,10000,1664579623022379050
gpu,Rye-Regular,2,text,first_paint,submit_us,1,us/frame,master,final,38026.291750000004,30743.10775,7283.184000000005,7070.4611708333305,7493.682691666662,-19.15302193514571,-19.671024334944804,-18.628551910063738,improvement,12,3,10000,1664579623022379050
gpu,Rye-Regular,2,text,reflow,complete_us,3,us/frame,master,final,2309.91666675,2309.5103334166665,0.4063333333333503,-36.20842216458317,33.034197085416565,-0.017590822179103238,-1.4249640797864698,1.5728413485578376,uncertain,12,3,10000,1664579623022379050
gpu,Rye-Regular,2,text,reflow,draw_us,3,us/frame,master,final,1554.7545833333334,1569.7906110833333,-15.036027749999903,-32.88002855833319,0.583391562499956,0.9670997539536597,-0.037387631731106694,2.1249557486792514,uncertain,12,3,10000,1664579623022379050
gpu,Rye-Regular,2,text,reflow,submit_us,3,us/frame,master,final,1729.5023055,1744.8240278333333,-15.321722333333355,-35.230004997916865,1.5882285041665771,0.8859035506693758,-0.0913520388577793,2.042217524384674,uncertain,12,3,10000,1664579623022379050
gpu,Rye-Regular,2,text,reported_sequence,complete_us,88,us/sequence,master,final,303736.449914,225564.24550241668,78172.20441158331,76715.75055156666,79492.15156335212,-25.73685326002757,-26.133366431345745,-25.295255126143413,improvement,12,3,10000,1664579623022379050
gpu,Rye-Regular,2,text,reported_sequence,draw_us,88,us/sequence,master,final,192520.74983758334,127712.94974966667,64807.800087916665,64266.56895618959,65309.295450193764,-33.66276110112317,-33.92629149449021,-33.385053818227924,improvement,12,3,10000,1664579623022379050
gpu,Rye-Regular,2,text,reported_sequence,submit_us,88,us/sequence,master,final,213429.44999991666,148606.24342041666,64823.206579499994,63957.963181210434,65624.72238455211,-30.372193987064723,-30.713091377233027,-29.993615179804205,improvement,12,3,10000,1664579623022379050
gpu,Rye-Regular,2,text,size_advance,complete_us,12,us/frame,master,final,15216.251208166666,9732.383951333333,5483.867256833333,5365.688641354163,5603.924976135416,-36.03954207781549,-36.70632891675507,-35.37356975918579,improvement,12,3,10000,1664579623022379050
gpu,Rye-Regular,2,text,size_advance,draw_us,12,us/frame,master,final,10993.22771525,6469.714750166667,4523.512965083332,4493.2566842666665,4552.1212710020845,-41.14817851729057,-41.412816331338256,-40.879457242660216,improvement,12,3,10000,1664579623022379050
gpu,Rye-Regular,2,text,size_advance,submit_us,12,us/frame,master,final,11191.214680666666,6658.544812583334,4532.669868083332,4500.70421374375,4563.216402485416,-40.50203661907877,-40.778059262353224,-40.221305465604075,improvement,12,3,10000,1664579623022379050
gpu,Rye-Regular,2,text,size_return,complete_us,12,us/frame,master,final,1024.5702430833333,910.6403888333333,113.92985424999995,70.52830233749994,157.23088482708337,-11.119769973715066,-15.167211543922827,-6.95343699366474,improvement,12,3,10000,1664579623022379050
gpu,Rye-Regular,2,text,size_return,draw_us,12,us/frame,master,final,273.45342366666665,278.1771111666667,-4.72368750000004,-9.192190133333398,-0.9728351375000188,1.727419403517172,0.35316784002224766,3.400067922724647,regression,12,3,10000,1664579623022379050
gpu,Rye-Regular,2,text,size_return,submit_us,12,us/frame,master,final,448.5760833333333,451.40683333333334,-2.830750000000023,-8.836989810416672,2.8089784937500255,0.6310523688567882,-0.6226688993002721,1.9850684472335924,uncertain,12,3,10000,1664579623022379050
gpu,Rye-Regular,2,text,warm,complete_us,30,us/frame,master,final,621.2922944166667,634.3348860833333,-13.04259166666668,-18.860898489583363,-6.946865693749916,2.099268216244732,1.1080479883933758,3.0563321863861304,regression,12,3,10000,1664579623022379050
gpu,Rye-Regular,2,text,warm,draw_us,30,us/frame,master,final,234.51414716666667,242.74873616666667,-8.234589,-9.258320977083311,-7.073609945833286,3.5113399764952202,3.006994543944343,3.956329541831611,regression,12,3,10000,1664579623022379050
gpu,Rye-Regular,2,text,warm,submit_us,30,us/frame,master,final,363.74379175,371.8653945,-8.121602749999965,-10.787371833333356,-5.275270193750081,2.2327811317208512,1.4419927300453323,2.978955241501544,regression,12,3,10000,1664579623022379050
gpu,Rye-Regular,2,text,x_advance,complete_us,10,us/frame,master,final,1801.0905416666667,1358.1274583333334,442.9630833333333,421.7430289583331,463.1152962499996,-24.594159654152126,-25.54894176795955,-23.547802468750575,improvement,12,3,10000,1664579623022379050
gpu,Rye-Regular,2,text,x_advance,draw_us,10,us/frame,master,final,959.2402916666666,594.617425,364.6228666666666,357.319279375,372.11690354166666,-38.01162960254093,-38.658013391633745,-37.379141246313075,improvement,12,3,10000,1664579623022379050
gpu,Rye-Regular,2,text,x_advance,submit_us,10,us/frame,master,final,1136.6277583333333,772.7298833333333,363.897875,354.84074729166656,373.10295812500016,-32.015571706043225,-32.72437072618408,-31.29354888222505,improvement,12,3,10000,1664579623022379050
gpu,Rye-Regular,2,text,x_return,complete_us,10,us/frame,master,final,707.1034166666667,718.0493666666666,-10.945949999999925,-18.098542083333278,-4.0555881249999235,1.5479984599140906,0.5701065346441564,2.5717786855024065,regression,12,3,10000,1664579623022379050
gpu,Rye-Regular,2,text,x_return,draw_us,10,us/frame,master,final,238.61699166666668,249.12810833333333,-10.511116666666652,-13.065760416666722,-8.293611666666633,4.405016002108542,3.4677728943366617,5.489360727322062,regression,12,3,10000,1664579623022379050
gpu,Rye-Regular,2,text,x_return,submit_us,10,us/frame,master,final,419.95935833333334,432.19343333333336,-12.234075000000018,-15.715849166666588,-9.362041041666672,2.9131568941701103,2.2266934984992943,3.7502261463978215,regression,12,3,10000,1664579623022379050
gpu,Rye-Regular,2,text,y_advance,complete_us,10,us/frame,master,final,652.42635,657.0788,-4.652450000000044,-16.796112499999925,6.483661458333404,0.7130996471862439,-0.9813092111094995,2.63093241149954,uncertain,12,3,10000,1664579623022379050
gpu,Rye-Regular,2,text,y_advance,draw_us,10,us/frame,master,final,234.07851666666667,242.61353333333332,-8.53501666666665,-10.45931854166668,-6.938483333333305,3.6462195626524307,2.9518117417692675,4.485756429397311,regression,12,3,10000,1664579623022379050
gpu,Rye-Regular,2,text,y_advance,submit_us,10,us/frame,master,final,364.378825,374.1482833333333,-9.769458333333318,-12.50087187499997,-7.183988125000049,2.6811268007501,1.9644795499002639,3.4427829873538034,regression,12,3,10000,1664579623022379050
gpu,Vollkorn-Medium,1,demo,first_paint,complete_us,1,us/frame,master,final,15934.375083333332,13382.59375,2551.7813333333324,1917.8811250000008,3111.792964583331,-16.014316971880405,-19.324150656581452,-12.248818054889195,improvement,12,3,10000,1664579623022379050
gpu,Vollkorn-Medium,1,demo,first_paint,draw_us,1,us/frame,master,final,7403.48275,5252.777916666667,2150.704833333333,2081.336914583334,2227.5311708333325,-29.049906725768125,-29.92116864285222,-28.248653081291472,improvement,12,3,10000,1664579623022379050
gpu,Vollkorn-Medium,1,demo,first_paint,submit_us,1,us/frame,master,final,12908.288333333334,10751.28825,2157.0000833333343,2073.7580708333335,2248.8028645833315,-16.71019447065859,-17.346261079939122,-16.131458951565694,improvement,12,3,10000,1664579623022379050
gpu,Vollkorn-Medium,1,demo,pan,complete_us,10,us/frame,master,final,1230.8385333333333,1030.2062416666668,200.63229166666656,132.79703625000016,269.96705312499995,-16.300455846415375,-21.004445298958252,-11.24682977437741,improvement,12,3,10000,1664579623022379050
gpu,Vollkorn-Medium,1,demo,pan,draw_us,10,us/frame,master,final,204.68783333333334,205.38403333333332,-0.6961999999999762,-2.443816458333314,1.0857891666666588,0.34012769037727875,-0.5271263720284899,1.1995573777119264,uncertain,12,3,10000,1664579623022379050
gpu,Vollkorn-Medium,1,demo,pan,submit_us,10,us/frame,master,final,539.8905666666667,539.4496083333333,0.44095833333335577,-2.851168333333379,3.669542708333284,-0.08167550251079181,-0.6796186904561208,0.5283030728189564,uncertain,12,3,10000,1664579623022379050
gpu,Vollkorn-Medium,1,demo,reported_sequence,complete_us,65,us/sequence,master,final,250258.93891866668,193772.044418,56486.894500666676,55222.20893287497,57816.33996637912,-22.571379366003274,-23.046024430424637,-22.110376688804976,improvement,12,3,10000,1664579623022379050
gpu,Vollkorn-Medium,1,demo,reported_sequence,draw_us,65,us/sequence,master,final,149079.87825266668,103475.81674533333,45604.06150733335,44722.281850612526,46498.3583855625,-30.590353333963506,-31.083209170403563,-30.102299113544888,improvement,12,3,10000,1664579623022379050
gpu,Vollkorn-Medium,1,demo,reported_sequence,submit_us,65,us/sequence,master,final,174389.30675033334,128644.44882766667,45744.85792266668,44644.75869892499,46842.68669286669,-26.231458095167426,-26.769834891230737,-25.69190567761291,improvement,12,3,10000,1664579623022379050
gpu,Vollkorn-Medium,1,demo,warm,complete_us,30,us/frame,master,final,908.70535275,919.4339112499999,-10.728558499999963,-71.96075869791655,54.470452391667,1.180642159478018,-5.7638084111148595,8.181736336790218,uncertain,12,3,10000,1664579623022379050
gpu,Vollkorn-Medium,1,demo,warm,draw_us,30,us/frame,master,final,199.55427775,200.25820266666668,-0.703924916666665,-2.2674319791666524,0.9144619020832998,0.3527485978268796,-0.45406529805485263,1.141637331543304,uncertain,12,3,10000,1664579623022379050
gpu,Vollkorn-Medium,1,demo,warm,submit_us,30,us/frame,master,final,504.5315110833333,505.4038194166667,-0.8723083333333648,-4.274182999999946,2.6281889229166575,0.1728947180049012,-0.5184216099089963,0.8510584463734588,uncertain,12,3,10000,1664579623022379050
gpu,Vollkorn-Medium,1,demo,zoom_in,complete_us,12,us/frame,master,final,9492.119812666668,6952.547805583334,2539.572007083334,2452.162783097919,2626.034186837499,-26.75452962250252,-27.522234281696424,-25.939227038417144,improvement,12,3,10000,1664579623022379050
gpu,Vollkorn-Medium,1,demo,zoom_in,draw_us,12,us/frame,master,final,6737.585632,4595.110034666666,2142.475597333334,2107.7027249270827,2183.6917913458333,-31.798862594898946,-32.307016956132365,-31.344740143047456,improvement,12,3,10000,1664579623022379050
gpu,Vollkorn-Medium,1,demo,zoom_in,submit_us,12,us/frame,master,final,6973.088576416667,4828.213006916667,2144.8755695,2105.1623088187503,2190.1423421875,-30.759333486083573,-31.30720925739283,-30.25267853445055,improvement,12,3,10000,1664579623022379050
gpu,Vollkorn-Medium,1,demo,zoom_out,complete_us,12,us/frame,master,final,6644.019381916667,4824.602958333333,1819.416423583334,1742.551913745833,1891.2019352458346,-27.38427326890893,-28.418471699068753,-26.21822758360864,improvement,12,3,10000,1664579623022379050
gpu,Vollkorn-Medium,1,demo,zoom_out,draw_us,12,us/frame,master,final,4384.601854166666,2916.10183325,1468.5000209166665,1448.0213277541661,1490.3875822979167,-33.49220909353852,-33.91117378421437,-33.10668875207984,improvement,12,3,10000,1664579623022379050
gpu,Vollkorn-Medium,1,demo,zoom_out,submit_us,12,us/frame,master,final,4742.070583333333,3268.2294235,1473.8411598333332,1447.5952363624995,1503.0786900020823,-31.080118567052818,-31.59016406180827,-30.612404779395867,improvement,12,3,10000,1664579623022379050
gpu,Vollkorn-Medium,1,font_variations,first_paint,complete_us,1,us/frame,master,final,4567.507083333333,4611.08675,-43.579666666667435,-379.8647645833336,290.58280208333355,0.9541236799760711,-6.152928444496652,8.493214909697995,uncertain,12,3,10000,1664579623022379050
gpu,Vollkorn-Medium,1,font_variations,first_paint,draw_us,1,us/frame,master,final,1696.39925,1658.5625,37.83674999999994,22.20491666666657,53.91351666666648,-2.2304153930744697,-3.167519866574971,-1.311786137070591,improvement,12,3,10000,1664579623022379050
gpu,Vollkorn-Medium,1,font_variations,first_paint,submit_us,1,us/frame,master,final,3052.6009166666668,3024.2534166666665,28.34750000000031,-9.121943750000128,62.61500000000022,-0.9286343277048692,-2.046097569561481,0.3002902613753692,uncertain,12,3,10000,1664579623022379050
gpu,Vollkorn-Medium,1,font_variations,reported_sequence,complete_us,63,us/sequence,master,final,38035.350667833336,37621.55258316667,413.79808466666873,-80.00313056249159,880.578453341659,-1.0879302475226504,-2.303906691392929,0.2115289007744585,uncertain,12,3,10000,1664579623022379050
gpu,Vollkorn-Medium,1,font_variations,reported_sequence,draw_us,63,us/sequence,master,final,16089.364996,15826.413659666667,262.95133633333353,125.61050564166509,395.83700113333026,-1.6343176775385881,-2.4524814706638076,-0.7830782692841098,improvement,12,3,10000,1664579623022379050
gpu,Vollkorn-Medium,1,font_variations,reported_sequence,submit_us,63,us/sequence,master,final,20478.582001,20129.073584833335,349.50841616666366,176.09186709999796,548.0870758458293,-1.7067022323596248,-2.6622949955523274,-0.8636530280167585,improvement,12,3,10000,1664579623022379050
gpu,Vollkorn-Medium,1,font_variations,slant_advance,complete_us,10,us/frame,master,final,1251.277,1237.7389,13.538099999999986,5.1636027083335305,21.500520000000087,-1.081942687350601,-1.7130483078152396,-0.4134627093534886,improvement,12,3,10000,1664579623022379050
gpu,Vollkorn-Medium,1,font_variations,slant_advance,draw_us,10,us/frame,master,final,752.7937,744.9805083333333,7.813191666666626,1.2960895833331934,15.012810208333388,-1.0378928073742633,-1.9896245879122234,-0.1724919112992105,improvement,12,3,10000,1664579623022379050
gpu,Vollkorn-Medium,1,font_variations,slant_advance,submit_us,10,us/frame,master,final,802.0065333333333,794.9444333333333,7.062099999999987,-0.059439166666632445,14.666407916666584,-0.8805539239996163,-1.8233821685841487,0.007411144506226148,uncertain,12,3,10000,1664579623022379050
gpu,Vollkorn-Medium,1,font_variations,slant_return,complete_us,10,us/frame,master,final,285.23919166666667,281.67536666666666,3.5638250000000085,-1.756830000000015,8.817353958333294,-1.2494163158913718,-3.053678772210482,0.6264967248937469,uncertain,12,3,10000,1664579623022379050
gpu,Vollkorn-Medium,1,font_variations,slant_return,draw_us,10,us/frame,master,final,41.299275,40.43646666666667,0.8628083333333336,-0.20249916666666648,2.0118097916666593,-2.089160967918524,-4.778368287039364,0.49858042960767623,uncertain,12,3,10000,1664579623022379050
gpu,Vollkorn-Medium,1,font_variations,slant_return,submit_us,10,us/frame,master,final,96.05796666666667,94.06281666666666,1.9951500000000095,-0.06457000000001187,4.279942916666684,-2.0770271006499974,-4.381695150277173,0.0682666155387388,uncertain,12,3,10000,1664579623022379050
gpu,Vollkorn-Medium,1,font_variations,warm,complete_us,30,us/frame,master,final,276.16009733333334,276.8253555,-0.6652581666666606,-7.090124258333334,3.5299945708333396,0.24089583292103978,-1.2703248119403323,2.5792415864142706,uncertain,12,3,10000,1664579623022379050
gpu,Vollkorn-Medium,1,font_variations,warm,draw_us,30,us/frame,master,final,40.07455541666667,39.53365825,0.5408971666666673,-0.17057280416666581,1.3114598395833328,-1.34972717985965,-3.223198781651485,0.43156777393933426,uncertain,12,3,10000,1664579623022379050
gpu,Vollkorn-Medium,1,font_variations,warm,submit_us,30,us/frame,master,final,87.49098333333333,86.05140016666667,1.4395831666666652,-0.2011762499999712,3.340026099999996,-1.645407460083026,-3.7496944777544967,0.2323255348866342,uncertain,12,3,10000,1664579623022379050
gpu,Vollkorn-Medium,1,font_variations,weight_advance,complete_us,6,us/frame,master,final,1327.6990136666666,1302.9688194166667,24.73019424999984,11.38662058333356,35.438057737499875,-1.8626355819684748,-2.65646211209317,-0.8640235327914477,improvement,12,3,10000,1664579623022379050
gpu,Vollkorn-Medium,1,font_variations,weight_advance,draw_us,6,us/frame,master,final,827.8790555,812.9571805,14.921875,4.24179869374988,24.24310237500006,-1.8024220930420665,-2.9045275020240986,-0.5174543302973044,improvement,12,3,10000,1664579623022379050
gpu,Vollkorn-Medium,1,font_variations,weight_advance,submit_us,6,us/frame,master,final,871.7627221666667,855.8686526666667,15.8940695,5.227319272916668,25.168575799999925,-1.8232105016485534,-2.8607080752713605,-0.6068133386048774,improvement,12,3,10000,1664579623022379050
gpu,Vollkorn-Medium,1,font_variations,weight_return,complete_us,6,us/frame,master,final,276.4588611666667,278.20716675,-1.7483055833333196,-7.718236752083358,4.341495777083361,0.6323926735266827,-1.5618398787895738,2.804347398996204,uncertain,12,3,10000,1664579623022379050
gpu,Vollkorn-Medium,1,font_variations,weight_return,draw_us,6,us/frame,master,final,40.42762508333333,40.08909716666667,0.3385279166666635,-0.7656968229166617,1.2754854458333333,-0.8373678047346456,-3.0994385155884574,1.912485999690191,uncertain,12,3,10000,1664579623022379050
gpu,Vollkorn-Medium,1,font_variations,weight_return,submit_us,6,us/frame,master,final,88.24009733333334,87.83095825,0.4091390833333435,-2.0088086958333453,2.2211663499999936,-0.46366572079786783,-2.490228022858617,2.3024533889229395,uncertain,12,3,10000,1664579623022379050
gpu,Vollkorn-Medium,1,grid_pollution,hot_first,complete_us,1,us/frame,master,final,4036.9411666666665,3961.0865833333332,75.85458333333327,21.364560416666894,126.2132895833334,-1.8790113653295304,-3.115610779046361,-0.5318256859298198,improvement,12,3,10000,1664579623022379050
gpu,Vollkorn-Medium,1,grid_pollution,hot_first,draw_us,1,us/frame,master,final,1798.52775,1732.2708333333333,66.25691666666671,56.97582500000033,75.99292083333326,-3.6839529813574856,-4.220494452866963,-3.1741513901898455,improvement,12,3,10000,1664579623022379050
gpu,Vollkorn-Medium,1,grid_pollution,hot_first,submit_us,1,us/frame,master,final,3057.076416666667,2977.441,79.63541666666697,51.18040625000041,108.3370229166666,-2.604953419957323,-3.5308090458132577,-1.6824085165088585,improvement,12,3,10000,1664579623022379050
gpu,Vollkorn-Medium,1,grid_pollution,hot_return,complete_us,1,us/frame,master,final,2727.70825,2788.413,-60.704749999999876,-149.4657770833344,19.61492916666636,2.2254854418539693,-0.7183204542031776,5.461169128431337,uncertain,12,3,10000,1664579623022379050
gpu,Vollkorn-Medium,1,grid_pollution,hot_return,draw_us,1,us/frame,master,final,1712.8020833333333,1702.39925,10.40283333333332,-13.496835416666693,31.987029166666588,-0.607357582908119,-1.8560340893694003,0.7938400506784925,uncertain,12,3,10000,1664579623022379050
gpu,Vollkorn-Medium,1,grid_pollution,hot_return,submit_us,1,us/frame,master,final,1760.07975,1749.38525,10.694500000000062,-16.13875416666672,36.4795979166663,-0.6076145129219279,-2.05747210039121,0.9234787560164063,uncertain,12,3,10000,1664579623022379050
gpu,Vollkorn-Medium,1,grid_pollution,hot_second,complete_us,1,us/frame,master,final,2674.53475,909.2742499999999,1765.2604999999999,1688.99724375,1862.4260937499994,-66.00252623376832,-67.3158727722748,-64.81485762710079,improvement,12,3,10000,1664579623022379050
gpu,Vollkorn-Medium,1,grid_pollution,hot_second,draw_us,1,us/frame,master,final,1665.9131666666667,435.51733333333334,1230.3958333333335,1217.4544041666666,1240.91991875,-73.85714081336172,-74.37618336700046,-73.12547275941446,improvement,12,3,10000,1664579623022379050
gpu,Vollkorn-Medium,1,grid_pollution,hot_second,submit_us,1,us/frame,master,final,1703.7569166666667,471.45483333333334,1232.3020833333335,1218.6733270833336,1243.6424145833334,-72.3285153696857,-72.86284710731054,-71.59985022459458,improvement,12,3,10000,1664579623022379050
gpu,Vollkorn-Medium,1,grid_pollution,pollution,complete_us,64,us/frame,master,final,2792.8632200833335,2763.2650389166665,29.59818116666702,16.657269470832908,43.8931159166657,-1.059779116779802,-1.5688555816526442,-0.5981394238005697,improvement,12,3,10000,1664579623022379050
gpu,Vollkorn-Medium,1,grid_pollution,pollution,draw_us,64,us/frame,master,final,1742.05333075,1735.3830130000001,6.670317749999867,-0.7984709624997606,15.30339392916683,-0.3828997443567461,-0.874983262292269,0.04596677772389478,uncertain,12,3,10000,1664579623022379050
gpu,Vollkorn-Medium,1,grid_pollution,pollution,submit_us,64,us/frame,master,final,1779.2243306666667,1772.728987,6.495343666666713,-1.3336403937504542,15.67114395416645,-0.36506603213057875,-0.8780535139683207,0.07528880691725465,uncertain,12,3,10000,1664579623022379050
gpu,Vollkorn-Medium,1,grid_singleton,once,complete_us,1,us/frame,master,final,4143.458166666666,4024.3924166666666,119.06574999999975,53.51935833333256,187.45500833333278,-2.8735839776991345,-4.473301019852045,-1.3019562411965775,improvement,12,3,10000,1664579623022379050
gpu,Vollkorn-Medium,1,grid_singleton,once,draw_us,1,us/frame,master,final,1840.9584166666666,1742.9861666666666,97.97225000000003,66.02440416666688,140.3332541666668,-5.321806788954719,-7.4676872459481904,-3.6364289060585575,improvement,12,3,10000,1664579623022379050
gpu,Vollkorn-Medium,1,grid_singleton,once,submit_us,1,us/frame,master,final,3162.4583333333335,3059.433916666667,103.02441666666664,43.9166666666665,178.15243333333382,-3.257731985928669,-5.521177606471964,-1.4065713646873277,improvement,12,3,10000,1664579623022379050
gpu,Vollkorn-Medium,1,grid_two_phases,first,complete_us,1,us/frame,master,final,3989.270916666667,3855.2049166666666,134.06600000000026,46.963339583333514,224.10275208333292,-3.360664211595399,-5.542535591514332,-1.190019591157469,improvement,12,3,10000,1664579623022379050
gpu,Vollkorn-Medium,1,grid_two_phases,first,draw_us,1,us/frame,master,final,1801.8643333333334,1727.6631666666667,74.20116666666672,61.93006666666638,87.56593124999993,-4.1180218340522545,-4.826128466296148,-3.460804343852035,improvement,12,3,10000,1664579623022379050
gpu,Vollkorn-Medium,1,grid_two_phases,first,submit_us,1,us/frame,master,final,2985.9929166666666,2912.166833333333,73.82608333333337,33.27680833333348,118.51051666666645,-2.472413210401958,-3.943538126668797,-1.1215656786214259,improvement,12,3,10000,1664579623022379050
gpu,Vollkorn-Medium,1,grid_two_phases,second,complete_us,1,us/frame,master,final,2750.8265,900.8539166666667,1849.9725833333334,1768.016525,1946.058875,-67.25151816493455,-68.43465165308815,-66.03428638840678,improvement,12,3,10000,1664579623022379050
gpu,Vollkorn-Medium,1,grid_two_phases,second,draw_us,1,us/frame,master,final,1690.9131666666667,434.413,1256.5001666666667,1236.1877375000001,1280.1204937499997,-74.30897052766065,-74.73416653757356,-73.84608689331208,improvement,12,3,10000,1664579623022379050
gpu,Vollkorn-Medium,1,grid_two_phases,second,submit_us,1,us/frame,master,final,1729.1005833333334,471.40625,1257.6943333333334,1236.4303145833335,1281.7845895833336,-72.73690989732764,-73.2330574168824,-72.20416000385259,improvement,12,3,10000,1664579623022379050
gpu,Vollkorn-Medium,1,grid_unique_sizes,sweep,complete_us,32,us/frame,master,final,2822.4986665,2819.5454296666667,2.953236833333449,-16.443122785416403,22.003621387499653,-0.10463200101332726,-0.7772660555915514,0.5840545106625323,uncertain,12,3,10000,1664579623022379050
gpu,Vollkorn-Medium,1,grid_unique_sizes,sweep,draw_us,32,us/frame,master,final,1721.5681509166666,1710.8897786666666,10.678372249999939,4.58499971666663,16.934236764583197,-0.6202700859860855,-0.9809521942919099,-0.266280496791331,improvement,12,3,10000,1664579623022379050
gpu,Vollkorn-Medium,1,grid_unique_sizes,sweep,submit_us,32,us/frame,master,final,1794.1420755833333,1783.9217421666667,10.220333416666563,1.9399723791662895,18.42229330833287,-0.569650171842917,-1.0238458500518137,-0.10853759153342457,improvement,12,3,10000,1664579623022379050
gpu,Vollkorn-Medium,1,grid_unique_variations,sweep,complete_us,32,us/frame,master,final,1048.23015625,978.3561380833333,69.87401816666659,32.42347050416673,100.68806373749995,-6.665904214837514,-9.509191306411644,-3.0939846382262672,improvement,12,3,10000,1664579623022379050
gpu,Vollkorn-Medium,1,grid_unique_variations,sweep,draw_us,32,us/frame,master,final,519.31674725,438.17417183333333,81.14257541666672,76.1677436833333,85.86239110624994,-15.624871688877873,-16.431462123219678,-14.752931820257938,improvement,12,3,10000,1664579623022379050
gpu,Vollkorn-Medium,1,grid_unique_variations,sweep,submit_us,32,us/frame,master,final,592.26758075,511.54647133333333,80.72110941666665,75.56547680833346,86.09828144166674,-13.62916223009335,-14.453423582215574,-12.82596169467343,improvement,12,3,10000,1664579623022379050
gpu,Vollkorn-Medium,1,text,first_paint,complete_us,1,us/frame,master,final,50058.770749999996,43232.618083333335,6826.152666666661,6192.853231250002,7498.575320833332,-13.63627704874607,-14.887402979308849,-12.447682087128596,improvement,12,3,10000,1664579623022379050
gpu,Vollkorn-Medium,1,text,first_paint,draw_us,1,us/frame,master,final,31275.121833333335,24728.822916666668,6546.298916666667,6370.326558333334,6692.8446895833295,-20.93132986516317,-21.343569596720453,-20.423875826042078,improvement,12,3,10000,1664579623022379050
gpu,Vollkorn-Medium,1,text,first_paint,submit_us,1,us/frame,master,final,38221.78833333333,31725.857666666667,6495.9306666666635,6152.133266666673,6859.108702083336,-16.995360368843716,-17.85157148059002,-16.144520954208485,improvement,12,3,10000,1664579623022379050
gpu,Vollkorn-Medium,1,text,reflow,complete_us,3,us/frame,master,final,3633.62152775,3530.3553055833336,103.26622216666647,64.1283250770836,142.2828721916663,-2.8419641775573323,-3.9029819302537265,-1.7659866047602104,improvement,12,3,10000,1664579623022379050
gpu,Vollkorn-Medium,1,text,reflow,draw_us,3,us/frame,master,final,2747.03466675,2753.09152775,-6.056861000000026,-37.71915277708291,19.78200838958378,0.22048724296463984,-0.7158832216414518,1.3796669204991685,uncertain,12,3,10000,1664579623022379050
gpu,Vollkorn-Medium,1,text,reflow,submit_us,3,us/frame,master,final,2921.9200555833336,2926.8346110833336,-4.914555500000006,-40.56989658333375,24.796499893750504,0.16819609730966967,-0.8456373579490889,1.395180092695669,uncertain,12,3,10000,1664579623022379050
gpu,Vollkorn-Medium,1,text,reported_sequence,complete_us,88,us/sequence,master,final,329600.53475116665,264946.7817485833,64653.75300258334,62704.830330568686,66777.38989042917,-19.61579129457237,-20.211416416945152,-19.066985587561682,improvement,12,3,10000,1664579623022379050
gpu,Vollkorn-Medium,1,text,reported_sequence,draw_us,88,us/sequence,master,final,214172.02508274998,159834.69608508333,54337.32899766666,53498.85891984793,55092.80343734584,-25.370880709874342,-25.670049328362275,-25.052198082903367,improvement,12,3,10000,1664579623022379050
gpu,Vollkorn-Medium,1,text,reported_sequence,submit_us,88,us/sequence,master,final,234281.0236625,180189.64891533332,54091.37474716667,53026.25895798749,55088.771081372935,-23.088244152923586,-23.471837254938126,-22.690433435069615,improvement,12,3,10000,1664579623022379050
gpu,Vollkorn-Medium,1,text,size_advance,complete_us,12,us/frame,master,final,17222.22103475,12722.832770916666,4499.388263833334,4390.509965824997,4605.6345656312515,-26.125482042964897,-26.690629604478612,-25.55392125220734,improvement,12,3,10000,1664579623022379050
gpu,Vollkorn-Medium,1,text,size_advance,draw_us,12,us/frame,master,final,12577.65392375,8789.416027833333,3788.237895916667,3739.8414320541683,3830.8208793291674,-30.118795753820613,-30.386883113683144,-29.81946446366072,improvement,12,3,10000,1664579623022379050
gpu,Vollkorn-Medium,1,text,size_advance,submit_us,12,us/frame,master,final,12762.516736083333,8970.034930583333,3792.4818054999996,3744.7273121499993,3834.5332557916645,-29.71578321051329,-29.9769560886951,-29.425787946592056,improvement,12,3,10000,1664579623022379050
gpu,Vollkorn-Medium,1,text,size_return,complete_us,12,us/frame,master,final,1035.0805139166666,965.0998125,69.98070141666665,31.781886131250015,105.27689974583348,-6.760894488474611,-10.028718307377465,-3.122022300760641,improvement,12,3,10000,1664579623022379050
gpu,Vollkorn-Medium,1,text,size_return,draw_us,12,us/frame,master,final,262.14263891666667,270.76390975000004,-8.62127083333337,-12.71365570833337,-5.455228604166651,3.288770903108973,2.064514969888258,4.8822760541309105,regression,12,3,10000,1664579623022379050
gpu,Vollkorn-Medium,1,text,size_return,submit_us,12,us/frame,master,final,428.53441675,438.58359025,-10.049173499999995,-16.090612297916604,-4.808452091666585,2.34500966718445,1.1131482557580397,3.78129997274266,regression,12,3,10000,1664579623022379050
gpu,Vollkorn-Medium,1,text,warm,complete_us,30,us/frame,master,final,628.06203075,643.5105444166667,-15.448513666666713,-28.653750304166596,-2.449966893749898,2.4597114473261295,0.3870433272911966,4.569102723239833,regression,12,3,10000,1664579623022379050
gpu,Vollkorn-Medium,1,text,warm,draw_us,30,us/frame,master,final,234.78411391666666,244.61872783333334,-9.834613916666683,-12.122716806249993,-7.8544981833333365,4.188790183716318,3.3335262396053817,5.1775273348758795,regression,12,3,10000,1664579623022379050
gpu,Vollkorn-Medium,1,text,warm,submit_us,30,us/frame,master,final,358.5667584166667,369.33911383333333,-10.772355416666642,-15.80851967291668,-7.050697052083362,3.004281675254683,1.9569743705959681,4.421757741139476,regression,12,3,10000,1664579623022379050
gpu,Vollkorn-Medium,1,text,x_advance,complete_us,10,us/frame,master,final,1795.6031,1371.2114583333334,424.3916416666666,336.04141145833336,497.58516083333325,-23.63504728114284,-27.1011509711549,-19.057390143035434,improvement,12,3,10000,1664579623022379050
gpu,Vollkorn-Medium,1,text,x_advance,draw_us,10,us/frame,master,final,858.3608,572.670075,285.69072500000004,277.2051181250001,293.2723685416667,-33.283291245359756,-34.03492027930584,-32.41771268519231,improvement,12,3,10000,1664579623022379050
gpu,Vollkorn-Medium,1,text,x_advance,submit_us,10,us/frame,master,final,1034.4933916666666,749.3024,285.1909916666666,274.8242929166668,294.55452520833325,-27.568179165185093,-28.389461583886334,-26.656510269836364,improvement,12,3,10000,1664579623022379050
gpu,Vollkorn-Medium,1,text,x_return,complete_us,10,us/frame,master,final,684.056875,727.3492666666666,-43.29239166666662,-67.2674452083334,-16.772848750000016,6.328770786298521,2.406357621132413,9.999158243239574,regression,12,3,10000,1664579623022379050
gpu,Vollkorn-Medium,1,text,x_return,draw_us,10,us/frame,master,final,240.988525,249.71630833333333,-8.72778333333332,-11.214635833333281,-6.250064791666761,3.6216593023810306,2.5816784868168563,4.665940863652754,regression,12,3,10000,1664579623022379050
gpu,Vollkorn-Medium,1,text,x_return,submit_us,10,us/frame,master,final,419.59820833333333,429.50555833333334,-9.907350000000008,-12.665011666666699,-7.214268124999997,2.3611516453686754,1.7185501572026474,3.019266232761207,regression,12,3,10000,1664579623022379050
gpu,Vollkorn-Medium,1,text,y_advance,complete_us,10,us/frame,master,final,611.9045666666666,661.6649,-49.76033333333339,-76.20194500000002,-24.4411735416667,8.132041505164999,3.8721443874771007,12.762169293492576,regression,12,3,10000,1664579623022379050
gpu,Vollkorn-Medium,1,text,y_advance,draw_us,10,us/frame,master,final,235.11598333333333,245.39343333333335,-10.277450000000016,-14.203920208333376,-7.663157500000018,4.371225577390581,3.250402896430024,6.047878487086312,regression,12,3,10000,1664579623022379050
gpu,Vollkorn-Medium,1,text,y_advance,submit_us,10,us/frame,master,final,360.0403083333333,370.280225,-10.239916666666659,-15.70878958333324,-6.302559791666655,2.8441028489472053,1.7433515564687958,4.370246173088937,regression,12,3,10000,1664579623022379050
gpu,Vollkorn-Medium,2,demo,first_paint,complete_us,1,us/frame,master,final,16039.132,13114.861083333333,2924.2709166666664,2256.203970833334,3542.490804166666,-18.23210206553987,-21.880516645832497,-14.284591329943787,improvement,12,3,10000,1664579623022379050
gpu,Vollkorn-Medium,2,demo,first_paint,draw_us,1,us/frame,master,final,7443.059083333334,5216.13525,2226.9238333333333,2125.1642999999995,2322.5459520833333,-29.919470051230835,-31.012561417452144,-28.618215594407253,improvement,12,3,10000,1664579623022379050
gpu,Vollkorn-Medium,2,demo,first_paint,submit_us,1,us/frame,master,final,12956.264,10788.204666666667,2168.0593333333327,1962.8705125000004,2332.2538104166674,-16.73367672450432,-17.910110565887397,-15.172614071745093,improvement,12,3,10000,1664579623022379050
gpu,Vollkorn-Medium,2,demo,pan,complete_us,10,us/frame,master,final,1198.9746416666667,1016.7083166666666,182.26632500000005,108.55805229166678,255.84581041666672,-15.201849869538187,-20.488606060853574,-9.475851009366352,improvement,12,3,10000,1664579623022379050
gpu,Vollkorn-Medium,2,demo,pan,draw_us,10,us/frame,master,final,214.795425,213.12641666666667,1.6690083333333234,-1.5837927083333696,4.939476666666696,-0.7770222914819214,-2.276970068799887,0.7417418502030569,uncertain,12,3,10000,1664579623022379050
gpu,Vollkorn-Medium,2,demo,pan,submit_us,10,us/frame,master,final,550.4781083333334,547.0778083333333,3.4003000000000156,-2.4549016666666517,9.84351854166656,-0.617699405030836,-1.774418300191434,0.4494412015804899,uncertain,12,3,10000,1664579623022379050
gpu,Vollkorn-Medium,2,demo,reported_sequence,complete_us,65,us/sequence,master,final,252381.735751,194533.898832,57847.836918999994,55603.470616958344,60277.62831074584,-22.920769899162874,-23.74873902455863,-22.155940644961593,improvement,12,3,10000,1664579623022379050
gpu,Vollkorn-Medium,2,demo,reported_sequence,draw_us,65,us/sequence,master,final,149806.82358883333,104223.2466665,45583.576922333334,44894.27542283335,46205.551052983355,-30.428238067075043,-30.793520948488712,-30.02946462961225,improvement,12,3,10000,1664579623022379050
gpu,Vollkorn-Medium,2,demo,reported_sequence,submit_us,65,us/sequence,master,final,175117.84583666667,129396.97525166668,45720.870585,44768.490709574995,46611.63900596252,-26.10863008653275,-26.57270788375306,-25.60997472391631,improvement,12,3,10000,1664579623022379050
gpu,Vollkorn-Medium,2,demo,warm,complete_us,30,us/frame,master,final,930.001061,909.66002225,20.341038750000052,-15.011523324999995,53.47496034583334,-2.1872059724456605,-5.588059028914662,1.6675958942974753,uncertain,12,3,10000,1664579623022379050
gpu,Vollkorn-Medium,2,demo,warm,draw_us,30,us/frame,master,final,207.2318445,207.6172695,-0.3854249999999979,-2.2180035583333138,1.4660667500000386,0.1859873423073255,-0.7043319661333436,1.0769714065113938,uncertain,12,3,10000,1664579623022379050
gpu,Vollkorn-Medium,2,demo,warm,submit_us,30,us/frame,master,final,514.4869305833333,512.2147888333334,2.272141749999946,-2.59634759583343,6.827008333333424,-0.44163254981497424,-1.3218860861423833,0.5057358657490212,uncertain,12,3,10000,1664579623022379050
gpu,Vollkorn-Medium,2,demo,zoom_in,complete_us,12,us/frame,master,final,9513.653909666667,7021.79802775,2491.8558819166674,2416.2562382875008,2577.515702497916,-26.19241676833265,-26.927788079540164,-25.55247710558012,improvement,12,3,10000,1664579623022379050
gpu,Vollkorn-Medium,2,demo,zoom_in,draw_us,12,us/frame,master,final,6757.026875166666,4633.274618083333,2123.7522570833335,2088.721275504167,2155.3624225645826,-31.43027690016328,-31.837479570973098,-30.97298141280223,improvement,12,3,10000,1664579623022379050
gpu,Vollkorn-Medium,2,demo,zoom_in,submit_us,12,us/frame,master,final,6990.70749325,4865.783812583333,2124.9236806666668,2086.773584520833,2159.3452713291667,-30.39640383635597,-30.83320195657782,-29.9071599370273,improvement,12,3,10000,1664579623022379050
gpu,Vollkorn-Medium,2,demo,zoom_out,complete_us,12,us/frame,master,final,6681.355937416667,4896.3816805,1784.9742569166674,1676.7369743062502,1867.1708953395832,-26.715748624025927,-27.76166214953685,-25.365679458638745,improvement,12,3,10000,1664579623022379050
gpu,Vollkorn-Medium,2,demo,zoom_out,draw_us,12,us/frame,master,final,4402.108833416667,2924.62584725,1477.4829861666672,1460.2073828395824,1492.5075332520837,-33.563072656246185,-33.869917968817404,-33.22870422976117,improvement,12,3,10000,1664579623022379050
gpu,Vollkorn-Medium,2,demo,zoom_out,submit_us,12,us/frame,master,final,4756.171624833333,3277.9684583333333,1478.2031665,1457.598666583333,1496.184646629167,-31.079685156479176,-31.422892425237276,-30.697979427607414,improvement,12,3,10000,1664579623022379050
gpu,Vollkorn-Medium,2,font_variations,first_paint,complete_us,1,us/frame,master,final,4798.96525,4653.100583333333,145.8646666666673,-265.78116666666665,549.8669937500007,-3.039502456632026,-10.848603269481313,5.715366399820577,uncertain,12,3,10000,1664579623022379050
gpu,Vollkorn-Medium,2,font_variations,first_paint,draw_us,1,us/frame,master,final,1710.46875,1670.0310833333333,40.4376666666667,16.56206458333335,66.22593124999982,-2.364127767120372,-3.8331530739378166,-0.9748533558300921,improvement,12,3,10000,1664579623022379050
gpu,Vollkorn-Medium,2,font_variations,first_paint,submit_us,1,us/frame,master,final,3086.8022499999997,3022.6319166666667,64.17033333333302,25.76365208333301,103.2683708333337,-2.0788611688142056,-3.320126167921106,-0.8407193921682301,improvement,12,3,10000,1664579623022379050
gpu,Vollkorn-Medium,2,font_variations,reported_sequence,complete_us,63,us/sequence,master,final,38747.1552515,38214.816084833335,532.3391666666648,-678.047567350007,1508.7004360708333,-1.3738793550426065,-3.858123593488772,1.7629571969354767,uncertain,12,3,10000,1664579623022379050
gpu,Vollkorn-Medium,2,font_variations,reported_sequence,draw_us,63,us/sequence,master,final,16263.408833166666,15925.208000333334,338.20083283333224,132.9222921208313,577.5875587833327,-2.079519959823084,-3.5174875775410723,-0.8250401203252609,improvement,12,3,10000,1664579623022379050
gpu,Vollkorn-Medium,2,font_variations,reported_sequence,submit_us,63,us/sequence,master,final,20699.035415166665,20224.482082000002,474.5533331666629,202.65341831250055,785.6913140958297,-2.292635012445776,-3.756233291486343,-0.9871735543090604,improvement,12,3,10000,1664579623022379050
gpu,Vollkorn-Medium,2,font_variations,slant_advance,complete_us,10,us/frame,master,final,1261.1455416666668,1238.5805500000001,22.56499166666663,-1.0158391666668076,47.38698895833319,-1.7892456438331372,-3.7146839796274738,0.08130056844229677,uncertain,12,3,10000,1664579623022379050
gpu,Vollkorn-Medium,2,font_variations,slant_advance,draw_us,10,us/frame,master,final,763.121175,752.880175,10.240999999999985,-3.2239927083332787,24.175375208333143,-1.3419887084118676,-3.130037835312655,0.4269879828144855,uncertain,12,3,10000,1664579623022379050
gpu,Vollkorn-Medium,2,font_variations,slant_advance,submit_us,10,us/frame,master,final,813.4479249999999,802.54895,10.89897499999995,-4.189567499999981,26.310326249999854,-1.3398491366241938,-3.1931169957962156,0.5204471730039232,uncertain,12,3,10000,1664579623022379050
gpu,Vollkorn-Medium,2,font_variations,slant_return,complete_us,10,us/frame,master,final,286.30760833333335,284.558025,1.7495833333333621,-5.955035208333325,8.991186250000014,-0.6110851693806207,-3.0980020960194152,2.0905645533183765,uncertain,12,3,10000,1664579623022379050
gpu,Vollkorn-Medium,2,font_variations,slant_return,draw_us,10,us/frame,master,final,41.64615,41.14686666666667,0.49928333333333086,-0.24686937500000247,1.2402656249999964,-1.198870323747403,-2.965418169457353,0.5964022739717918,uncertain,12,3,10000,1664579623022379050
gpu,Vollkorn-Medium,2,font_variations,slant_return,submit_us,10,us/frame,master,final,95.53545833333334,95.00456666666666,0.5308916666666761,-1.9661181249999828,3.0070697916666562,-0.5557011772679643,-3.0967152949391283,2.080860823669147,uncertain,12,3,10000,1664579623022379050
gpu,Vollkorn-Medium,2,font_variations,warm,complete_us,30,us/frame,master,final,274.93415275,276.12164716666666,-1.1874944166666523,-6.753939789583323,3.5465856937499387,0.43191957230079847,-1.2920248902284956,2.457138535630424,uncertain,12,3,10000,1664579623022379050
gpu,Vollkorn-Medium,2,font_variations,warm,draw_us,30,us/frame,master,final,39.478555666666665,39.35767508333333,0.12088058333333151,-0.29291408333334307,0.5092987062500024,-0.3061930237620025,-1.2863110806036377,0.7424231221956937,uncertain,12,3,10000,1664579623022379050
gpu,Vollkorn-Medium,2,font_variations,warm,submit_us,30,us/frame,master,final,86.16171108333333,85.5024195,0.6592915833333279,-0.5052311916666827,1.8152277499999985,-0.7651793064969215,-2.0836937985638513,0.5910287459479606,uncertain,12,3,10000,1664579623022379050
gpu,Vollkorn-Medium,2,font_variations,weight_advance,complete_us,6,us/frame,master,final,1378.2331806666666,1315.36340275,62.869777916666635,21.45522695416661,121.79472142916684,-4.56162126979528,-8.496086438483491,-1.593509558371339,improvement,12,3,10000,1664579623022379050
gpu,Vollkorn-Medium,2,font_variations,weight_advance,draw_us,6,us/frame,master,final,838.683375,817.284125,21.399249999999938,14.318651522916577,29.415131650000045,-2.5515290558847603,-3.4989143740740793,-1.716135956183626,improvement,12,3,10000,1664579623022379050
gpu,Vollkorn-Medium,2,font_variations,weight_advance,submit_us,6,us/frame,master,final,882.4947081666667,859.5243471666666,22.970361000000025,14.722551756250116,32.36682948124996,-2.6028893757017113,-3.649087869690936,-1.6754612937312798,improvement,12,3,10000,1664579623022379050
gpu,Vollkorn-Medium,2,font_variations,weight_return,complete_us,6,us/frame,master,final,275.2175834166667,273.36163891666666,1.855944500000021,-1.995589737499992,5.873349360416647,-0.6743553507590372,-2.1324313651122293,0.7263055215730151,uncertain,12,3,10000,1664579623022379050
gpu,Vollkorn-Medium,2,font_variations,weight_return,draw_us,6,us/frame,master,final,40.99356933333333,40.141819416666664,0.8517499166666695,-1.0059892395833294,2.735570412499999,-2.077764709242047,-6.466442812383151,2.503194958090607,uncertain,12,3,10000,1664579623022379050
gpu,Vollkorn-Medium,2,font_variations,weight_return,submit_us,6,us/frame,master,final,89.0954305,88.25927775,0.8361527500000108,-2.5963124145833394,4.714953545833345,-0.9384911721146083,-5.175336793488284,2.9824130884655595,uncertain,12,3,10000,1664579623022379050
gpu,Vollkorn-Medium,2,grid_pollution,hot_first,complete_us,1,us/frame,master,final,4076.9895,3958.573083333333,118.41641666666692,65.27311875000038,168.14286875000028,-2.904506294820408,-4.11031897529847,-1.6033838708885566,improvement,12,3,10000,1664579623022379050
gpu,Vollkorn-Medium,2,grid_pollution,hot_first,draw_us,1,us/frame,master,final,1799.618,1733.0695,66.54849999999988,49.259129166666455,82.4551875000003,-3.6979236704678398,-4.5739041371352815,-2.7393655295090165,improvement,12,3,10000,1664579623022379050
gpu,Vollkorn-Medium,2,grid_pollution,hot_first,submit_us,1,us/frame,master,final,3069.013916666667,3015.875,53.13891666666677,-4.569599999999582,103.27539583333322,-1.7314654840139054,-3.3619188844550676,0.14932911255832226,uncertain,12,3,10000,1664579623022379050
gpu,Vollkorn-Medium,2,grid_pollution,hot_return,complete_us,1,us/frame,master,final,2771.583166666667,2744.809,26.774166666666588,-66.27654583333313,121.8030312499997,-0.9660242921329165,-4.312767033890915,2.418603197605855,uncertain,12,3,10000,1664579623022379050
gpu,Vollkorn-Medium,2,grid_pollution,hot_return,draw_us,1,us/frame,master,final,1715.0868333333333,1710.4965833333333,4.590249999999969,-14.344183333333115,21.833666666666872,-0.267639510186124,-1.2685654706887632,0.8360350304800073,uncertain,12,3,10000,1664579623022379050
gpu,Vollkorn-Medium,2,grid_pollution,hot_return,submit_us,1,us/frame,master,final,1761.597,1758.2050833333333,3.3919166666667024,-16.633104166666385,21.53494583333348,-0.19254782261020065,-1.219525620590487,0.9466165173125184,uncertain,12,3,10000,1664579623022379050
gpu,Vollkorn-Medium,2,grid_pollution,hot_second,complete_us,1,us/frame,master,final,2718.6285,937.63875,1780.9897499999997,1738.7463041666665,1825.5033500000002,-65.51059661148994,-66.66328955241441,-64.21085861013353,improvement,12,3,10000,1664579623022379050
gpu,Vollkorn-Medium,2,grid_pollution,hot_second,draw_us,1,us/frame,master,final,1679.375,443.73266666666666,1235.6423333333332,1214.7459770833332,1254.3762937499998,-73.5775114750031,-74.22042032861056,-72.78567267605686,improvement,12,3,10000,1664579623022379050
gpu,Vollkorn-Medium,2,grid_pollution,hot_second,submit_us,1,us/frame,master,final,1718.5555833333333,486.50691666666665,1232.0486666666666,1204.0765812500001,1256.611425,-71.69094084678767,-72.65478357768542,-70.47523618841062,improvement,12,3,10000,1664579623022379050
gpu,Vollkorn-Medium,2,grid_pollution,pollution,complete_us,64,us/frame,master,final,2778.6331810833335,2756.61908075,22.014100333333317,1.4989870520836919,41.99820324166703,-0.7922636382234005,-1.5041560710732464,-0.05420499255495663,improvement,12,3,10000,1664579623022379050
gpu,Vollkorn-Medium,2,grid_pollution,pollution,draw_us,64,us/frame,master,final,1746.1809960833334,1732.760884,13.420112083333379,4.824335320833263,20.943272729166566,-0.7685407247836618,-1.1960412455539908,-0.27704017370041917,improvement,12,3,10000,1664579623022379050
gpu,Vollkorn-Medium,2,grid_pollution,pollution,submit_us,64,us/frame,master,final,1783.449819,1769.9309219166666,13.518897083333286,3.6333836916665123,21.898508252083417,-0.758019482202954,-1.2247252461830003,-0.20427779124497591,improvement,12,3,10000,1664579623022379050
gpu,Vollkorn-Medium,2,grid_singleton,once,complete_us,1,us/frame,master,final,4135.232416666667,4050.2186666666666,85.01375000000007,24.363445833333483,145.99062708333346,-2.0558397070346013,-3.4957483696178664,-0.5937412794332921,improvement,12,3,10000,1664579623022379050
gpu,Vollkorn-Medium,2,grid_singleton,once,draw_us,1,us/frame,master,final,1821.5695,1767.3508333333334,54.21866666666665,35.22532291666646,72.62134166666661,-2.976480813203486,-3.981207374965157,-1.935806507735487,improvement,12,3,10000,1664579623022379050
gpu,Vollkorn-Medium,2,grid_singleton,once,submit_us,1,us/frame,master,final,3130.0590833333335,3098.7499166666666,31.309166666666897,5.0993666666662545,57.33741458333294,-1.0002739831135865,-1.8271601201283858,-0.16314344971870362,improvement,12,3,10000,1664579623022379050
gpu,Vollkorn-Medium,2,grid_two_phases,first,complete_us,1,us/frame,master,final,3947.8854166666665,3923.715166666667,24.17024999999967,-84.61468333333386,109.997529166666,-0.6122328145077627,-2.784478115311567,2.1321068580499527,uncertain,12,3,10000,1664579623022379050
gpu,Vollkorn-Medium,2,grid_two_phases,first,draw_us,1,us/frame,master,final,1799.5488333333333,1747.0798333333332,52.46900000000005,16.561377083333333,80.95192291666683,-2.915675253047223,-4.475104269918821,-0.9239892541491315,improvement,12,3,10000,1664579623022379050
gpu,Vollkorn-Medium,2,grid_two_phases,first,submit_us,1,us/frame,master,final,2948.2604166666665,2920.951416666667,27.30899999999974,-34.6791708333326,80.53878333333333,-0.9262750280002563,-2.7091060428873797,1.195020760137104,uncertain,12,3,10000,1664579623022379050
gpu,Vollkorn-Medium,2,grid_two_phases,second,complete_us,1,us/frame,master,final,2737.4584999999997,979.08,1758.3784999999998,1592.3150604166667,1917.096914583333,-64.23397834158946,-68.2459629827603,-59.071910125003946,improvement,12,3,10000,1664579623022379050
gpu,Vollkorn-Medium,2,grid_two_phases,second,draw_us,1,us/frame,master,final,1693.2119166666666,432.93775,1260.2741666666666,1245.116789583333,1275.2439437500002,-74.43097666993151,-74.7253175347095,-74.1130986968651,improvement,12,3,10000,1664579623022379050
gpu,Vollkorn-Medium,2,grid_two_phases,second,submit_us,1,us/frame,master,final,1732.2291666666667,468.2225,1264.0066666666667,1248.4649124999999,1279.1946624999998,-72.96994479656512,-73.25033098174404,-72.6628118851603,improvement,12,3,10000,1664579623022379050
gpu,Vollkorn-Medium,2,grid_unique_sizes,sweep,complete_us,32,us/frame,master,final,2821.2058670833335,2841.2376431666667,-20.03177608333317,-46.289939006249995,2.6621798270830337,0.7100430463815366,-0.09416812139586506,1.64016099645905,uncertain,12,3,10000,1664579623022379050
gpu,Vollkorn-Medium,2,grid_unique_sizes,sweep,draw_us,32,us/frame,master,final,1720.3094035833333,1723.7510939166666,-3.4416903333333266,-20.091330443749843,11.532905008333149,0.20006228682842853,-0.6693848876687211,1.1683851880787013,uncertain,12,3,10000,1664579623022379050
gpu,Vollkorn-Medium,2,grid_unique_sizes,sweep,submit_us,32,us/frame,master,final,1792.1640286666666,1797.2473984166666,-5.083369749999974,-25.120087424999856,12.63226118958318,0.28364422389293154,-0.7042727746035212,1.4018238557631082,uncertain,12,3,10000,1664579623022379050
gpu,Vollkorn-Medium,2,grid_unique_variations,sweep,complete_us,32,us/frame,master,final,1132.7489193333333,974.0984426666666,158.6504766666667,107.93104407083345,210.47012252916684,-14.005793689923685,-17.87991957838294,-9.892609281911888,improvement,12,3,10000,1664579623022379050
gpu,Vollkorn-Medium,2,grid_unique_variations,sweep,draw_us,32,us/frame,master,final,518.2335183333333,445.381987,72.85153133333336,62.68378013750011,81.44786062916667,-14.057664885827492,-15.617506694753489,-12.15629246916507,improvement,12,3,10000,1664579623022379050
gpu,Vollkorn-Medium,2,grid_unique_variations,sweep,submit_us,32,us/frame,master,final,591.0288673333333,519.0011979999999,72.02766933333339,60.47118287708323,81.75826213333335,-12.186827634716979,-13.750907197676863,-10.269000673244582,improvement,12,3,10000,1664579623022379050
gpu,Vollkorn-Medium,2,text,first_paint,complete_us,1,us/frame,master,final,49987.01383333333,43342.041666666664,6644.972166666666,5903.273414583337,7358.9005333333325,-13.293396938697576,-14.633461714676454,-11.89545444886956,improvement,12,3,10000,1664579623022379050
gpu,Vollkorn-Medium,2,text,first_paint,draw_us,1,us/frame,master,final,31501.59025,24598.118,6903.4722500000025,6815.155904166674,6993.595018749996,-21.914678577218815,-22.182012716221102,-21.64532377496148,improvement,12,3,10000,1664579623022379050
gpu,Vollkorn-Medium,2,text,first_paint,submit_us,1,us/frame,master,final,38340.788166666665,31538.91658333333,6801.871583333334,6511.325956250003,7000.272420833337,-17.74056274942948,-18.26226678364107,-16.98068378306112,improvement,12,3,10000,1664579623022379050
gpu,Vollkorn-Medium,2,text,reflow,complete_us,3,us/frame,master,final,3605.3992221666667,3527.092666666667,78.30655549999983,17.513800581249907,133.61044458125014,-2.1719246794794977,-3.6734033206703707,-0.48880904665116554,improvement,12,3,10000,1664579623022379050
gpu,Vollkorn-Medium,2,text,reflow,draw_us,3,us/frame,master,final,2745.54277775,2758.9733613333333,-13.430583583333373,-39.924806472916714,15.304928193750396,0.48917772078349575,-0.5538260392546076,1.4606354517037266,uncertain,12,3,10000,1664579623022379050
gpu,Vollkorn-Medium,2,text,reflow,submit_us,3,us/frame,master,final,2922.4271665833335,2938.31952775,-15.892361166666433,-47.63275482916655,16.758064443750357,0.5438069200967011,-0.5711400200709416,1.6367792305089797,uncertain,12,3,10000,1664579623022379050
gpu,Vollkorn-Medium,2,text,reported_sequence,complete_us,88,us/sequence,master,final,328367.5319189167,264624.1075015,63743.42441741668,61275.380180800035,65981.81749722498,-19.41221899891027,-20.03896196760059,-18.72842893908186,improvement,12,3,10000,1664579623022379050
gpu,Vollkorn-Medium,2,text,reported_sequence,draw_us,88,us/sequence,master,final,214512.44275258333,160389.34641658334,54123.09633599999,53223.13666239375,55029.56033974167,-25.230749154455843,-25.635690232782405,-24.835803351580044,improvement,12,3,10000,1664579623022379050
gpu,Vollkorn-Medium,2,text,reported_sequence,submit_us,88,us/sequence,master,final,234752.60033491667,180685.89200266666,54066.70833225001,52777.83985002292,55345.01004130416,-23.03135652389544,-23.5413898157738,-22.516687532798908,improvement,12,3,10000,1664579623022379050
gpu,Vollkorn-Medium,2,text,size_advance,complete_us,12,us/frame,master,final,17205.16291675,12727.488194333333,4477.674722416667,4338.49886074375,4610.386783437497,-26.025180604697727,-26.719376950359365,-25.29894978605106,improvement,12,3,10000,1664579623022379050
gpu,Vollkorn-Medium,2,text,size_advance,draw_us,12,us/frame,master,final,12604.4250555,8849.709486166666,3754.7155693333334,3699.594153064584,3809.155827956249,-29.788868217316633,-30.199952490731803,-29.37435128500148,improvement,12,3,10000,1664579623022379050
gpu,Vollkorn-Medium,2,text,size_advance,submit_us,12,us/frame,master,final,12787.878486166666,9033.445625,3754.432861166666,3695.470412764582,3812.7417751520843,-29.359309796601817,-29.790334252834903,-28.917663254089135,improvement,12,3,10000,1664579623022379050
gpu,Vollkorn-Medium,2,text,size_return,complete_us,12,us/frame,master,final,1024.7017221666667,974.68666675,50.01505541666677,20.823217120833434,76.86540996458318,-4.880937968066757,-7.526626375670238,-2.043517757504383,improvement,12,3,10000,1664579623022379050
gpu,Vollkorn-Medium,2,text,size_return,draw_us,12,us/frame,master,final,262.91089575,270.7369513333333,-7.8260555833333,-11.767252393749995,-3.8963748791667614,2.9766950361673317,1.4727037773494989,4.513352104872112,regression,12,3,10000,1664579623022379050
gpu,Vollkorn-Medium,2,text,size_return,submit_us,12,us/frame,master,final,428.64268058333334,438.6597085,-10.017027916666677,-16.978272764583267,-3.381518887500044,2.3369179903024673,0.7799367539931679,3.992612200142145,regression,12,3,10000,1664579623022379050
gpu,Vollkorn-Medium,2,text,warm,complete_us,30,us/frame,master,final,624.8202695833334,638.6155249166667,-13.79525533333333,-29.716392302083236,1.1462583875000574,2.2078757692244544,-0.1798914339280816,4.781988681573404,uncertain,12,3,10000,1664579623022379050
gpu,Vollkorn-Medium,2,text,warm,draw_us,30,us/frame,master,final,234.79095,243.33937216666666,-8.548422166666654,-9.94207562916668,-7.173887245833303,3.6408652746908077,3.0497468197317112,4.244481949106167,regression,12,3,10000,1664579623022379050
gpu,Vollkorn-Medium,2,text,warm,submit_us,30,us/frame,master,final,357.9780999166667,366.4154834166667,-8.43738350000001,-10.916313995833391,-5.789897729166658,2.3569552165241703,1.6161669201478486,3.050339799565624,regression,12,3,10000,1664579623022379050
gpu,Vollkorn-Medium,2,text,x_advance,complete_us,10,us/frame,master,final,1743.188175,1380.00315,363.185025,266.4811960416668,452.8442610416665,-20.83452780420565,-25.753219145948,-15.385128748700225,improvement,12,3,10000,1664579623022379050
gpu,Vollkorn-Medium,2,text,x_advance,draw_us,10,us/frame,master,final,865.7919833333333,568.194775,297.59720833333324,291.1527224999998,304.6418145833332,-34.37283020195824,-34.97177754516189,-33.81849138112866,improvement,12,3,10000,1664579623022379050
gpu,Vollkorn-Medium,2,text,x_advance,submit_us,10,us/frame,master,final,1041.5290916666668,741.6736166666667,299.85547500000007,292.78297874999976,307.8627616666667,-28.789927943363335,-29.380127826383244,-28.24236444863603,improvement,12,3,10000,1664579623022379050
gpu,Vollkorn-Medium,2,text,x_return,complete_us,10,us/frame,master,final,699.9732750000001,719.0798333333333,-19.106558333333282,-43.889336458333226,5.414674791666561,2.7296125460408938,-0.7563687915212383,6.382710288073911,uncertain,12,3,10000,1664579623022379050
gpu,Vollkorn-Medium,2,text,x_return,draw_us,10,us/frame,master,final,240.78083333333333,247.81905833333334,-7.038225000000011,-9.009420833333332,-5.024794791666667,2.9230835787732223,2.0730653479770367,3.7602456663704746,regression,12,3,10000,1664579623022379050
gpu,Vollkorn-Medium,2,text,x_return,submit_us,10,us/frame,master,final,420.19756666666666,425.1784916666667,-4.980925000000013,-9.438059791666719,-0.40789708333335395,1.1853769262665237,0.09624208524823155,2.261996785103726,regression,12,3,10000,1664579623022379050
gpu,Vollkorn-Medium,2,text,y_advance,complete_us,10,us/frame,master,final,639.1159666666666,644.1723,-5.056333333333328,-39.42505624999998,25.683411250000113,0.791144893422846,-3.9368080439362143,6.307776231335903,uncertain,12,3,10000,1664579623022379050
gpu,Vollkorn-Medium,2,text,y_advance,draw_us,10,us/frame,master,final,236.21075,243.587525,-7.376775000000009,-9.057293750000019,-5.494090416666692,3.122963285963909,2.314344529030927,3.848251413979557,regression,12,3,10000,1664579623022379050
gpu,Vollkorn-Medium,2,text,y_advance,submit_us,10,us/frame,master,final,361.4270666666667,365.90905833333335,-4.481991666666659,-7.721186250000002,-1.1343747916666218,1.2400819086413994,0.3132995723500026,2.1434193332070497,regression,12,3,10000,1664579623022379050
